frame,time_s,has_pose,left_shoulder_x,left_shoulder_y,left_shoulder_z,left_shoulder_vis,left_shoulder_src,right_shoulder_x,right_shoulder_y,right_shoulder_z,right_shoulder_vis,right_shoulder_src,left_elbow_x,left_elbow_y,left_elbow_z,left_elbow_vis,left_elbow_src,right_elbow_x,right_elbow_y,right_elbow_z,right_elbow_vis,right_elbow_src,left_wrist_x,left_wrist_y,left_wrist_z,left_wrist_vis,left_wrist_src,right_wrist_x,right_wrist_y,right_wrist_z,right_wrist_vis,right_wrist_src,left_hip_x,left_hip_y,left_hip_z,left_hip_vis,left_hip_src,right_hip_x,right_hip_y,right_hip_z,right_hip_vis,right_hip_src,left_shoulder_flag,right_shoulder_flag,left_elbow_flag,right_elbow_flag,left_wrist_flag,right_wrist_flag,left_hip_flag,right_hip_flag
0,0.000000,1,0.296620,-0.365963,2.000989,1.000000,0,-0.099197,-0.348266,2.013020,0.999800,0,0.562327,-0.320215,1.963053,0.983800,0,-0.365153,-0.290638,1.981971,0.967300,0,0.772072,-0.364014,1.937960,0.948700,0,-0.571382,-0.270029,1.950962,0.865800,0,,,,0.999300,0,,,,0.999200,0,0,0,0,0,0,0,3,3
1,0.033358,1,0.296497,-0.365597,2.000860,1.000000,0,-0.099169,-0.348196,2.012568,0.999800,0,0.558815,-0.318151,1.965177,0.982800,0,-0.364594,-0.291348,1.980230,0.963600,0,0.772012,-0.363503,1.939661,0.945500,0,-0.575367,-0.268996,1.948171,0.855300,0,0.234158,0.202442,1.921002,0.999200,0,0.019330,0.207410,1.937989,0.999100,0,0,0,0,0,0,0,0,0
2,0.066715,1,0.296345,-0.365085,2.000819,1.000000,0,-0.099149,-0.348165,2.012339,0.999800,0,0.555044,-0.316302,1.967293,0.978300,0,-0.364036,-0.291881,1.978797,0.962100,0,0.771399,-0.363105,1.941701,0.938000,0,-0.578649,-0.268158,1.945782,0.861900,0,0.238576,0.207893,1.919692,0.999100,0,0.020320,0.214458,1.931230,0.999000,0,0,0,0,0,0,0,1,0
3,0.100073,1,0.296137,-0.364330,2.000888,0.999900,0,-0.099145,-0.348185,2.012428,0.999800,0,0.550888,-0.314837,1.969386,0.963300,0,-0.363489,-0.292119,1.977916,0.958600,0,0.769911,-0.362914,1.944266,0.901700,0,-0.580722,-0.267647,1.944016,0.863700,0,0.242576,0.213051,1.918553,0.999000,0,0.021245,0.221051,1.925557,0.999000,0,0,0,0,0,0,0,0,0
4,0.133431,1,0.295862,-0.363327,2.001011,0.999900,0,-0.099157,-0.348241,2.012771,0.999800,0,0.546455,-0.313845,1.971382,0.947600,0,-0.362971,-0.292047,1.977729,0.955100,0,0.767603,-0.362985,1.947325,0.868500,0,-0.581405,-0.267499,1.942888,0.865200,0,0.245830,0.217675,1.917733,0.999000,0,0.022070,0.226837,1.921682,0.998900,0,0,0,0,0,0,0,0,0
5,0.166789,1,0.295542,-0.362166,2.001103,0.999900,0,-0.099182,-0.348302,2.013206,0.999800,0,0.542052,-0.313343,1.973152,0.939600,0,-0.362502,-0.291745,1.978243,0.949200,0,0.764869,-0.363315,1.950623,0.856400,0,-0.580841,-0.267656,1.942260,0.865000,0,0.248177,0.221616,1.917346,0.998900,0,0.022797,0.231637,1.919786,0.998900,0,0,0,0,0,0,0,0,0
6,0.200146,1,0.295248,-0.361008,2.001125,0.999900,0,-0.099215,-0.348341,2.013576,0.999800,0,0.538079,-0.313297,1.974532,0.933500,0,-0.362099,-0.291344,1.979305,0.942900,0,0.762263,-0.363835,1.953755,0.843200,0,-0.579405,-0.267995,1.941949,0.860800,0,0.249640,0.224806,1.917465,0.998800,0,0.023448,0.235423,1.919573,0.998800,0,0,0,0,0,0,0,1,0
7,0.233504,1,0.295075,-0.360030,2.001131,0.999900,0,-0.099251,-0.348353,2.013813,0.999800,0,0.534875,-0.313659,1.975366,0.918800,0,-0.361780,-0.290966,1.980639,0.937100,0,0.760260,-0.364428,1.956321,0.811900,0,-0.577564,-0.268374,1.941809,0.853200,0,0.250391,0.227223,1.918120,0.998800,0,0.024036,0.238244,1.920490,0.998800,0,0,0,0,0,0,0,0,0
8,0.266862,1,0.295090,-0.359372,2.001238,0.999900,0,-0.099288,-0.348359,2.013966,0.999800,0,0.532600,-0.314366,1.975550,0.911400,0,-0.361577,-0.290687,1.981925,0.935000,0,0.759074,-0.364962,1.958076,0.795000,0,-0.575755,-0.268687,1.941766,0.858300,0,0.250679,0.228876,1.919304,0.998700,0,0.024542,0.240151,1.921977,0.998800,0,0,0,0,0,0,0,1,0
9,0.300219,1,0.295284,-0.359085,2.001535,0.999900,0,-0.099318,-0.348394,2.014155,0.999700,0,0.531193,-0.315326,1.975064,0.907900,0,-0.361530,-0.290521,1.982902,0.933400,0,0.758601,-0.365332,1.959028,0.790100,0,-0.574303,-0.268879,1.941804,0.862100,0,0.250751,0.229805,1.920979,0.998600,0,0.024923,0.241176,1.923627,0.998700,0,0,0,0,0,0,0,0,0
10,0.333577,1,0.295549,-0.359130,2.002005,0.999900,0,-0.099332,-0.348490,2.014487,0.999700,0,0.530429,-0.316407,1.973995,0.904800,0,-0.361684,-0.290450,1.983446,0.931000,0,0.758508,-0.365492,1.959409,0.786300,0,-0.573396,-0.268953,1.941935,0.866300,0,0.250787,0.230110,1.923040,0.998600,0,0.025141,0.241375,1.925228,0.998700,0,0,0,0,0,0,0,0,0
11,0.366935,1,0.295721,-0.359387,2.002515,0.999900,0,-0.099319,-0.348652,2.014983,0.999700,0,0.530048,-0.317440,1.972532,0.899700,0,-0.362061,-0.290449,1.983587,0.926300,0,0.758423,-0.365455,1.959552,0.778100,0,-0.573098,-0.268951,1.942164,0.865300,0,0.250872,0.229958,1.925285,0.998600,0,0.025193,0.240900,1.926722,0.998700,0,0,0,0,0,0,0,0,0
12,0.400292,1,0.295663,-0.359709,2.002894,0.999900,0,-0.099270,-0.348846,2.015549,0.999700,0,0.529883,-0.318257,1.970933,0.896000,0,-0.362652,-0.290516,1.983476,0.925500,0,0.758113,-0.365289,1.959730,0.768300,0,-0.573373,-0.268929,1.942470,0.867900,0,0.251013,0.229584,1.927407,0.998500,0,0.025128,0.240036,1.928103,0.998600,0,0,0,0,0,0,0,0,0
13,0.433650,1,0.295335,-0.359960,2.003033,0.999900,0,-0.099194,-0.349000,2.015980,0.999700,0,0.529928,-0.318747,1.969467,0.896200,0,-0.363421,-0.290671,1.983302,0.926100,0,0.757601,-0.365084,1.960046,0.766900,0,-0.574119,-0.268925,1.942780,0.869600,0,0.251183,0.229246,1.929052,0.998500,0,0.025037,0.239181,1.929331,0.998600,0,0,0,0,0,0,0,0,0
14,0.467008,1,0.294829,-0.360043,2.002957,0.999800,0,-0.099117,-0.349013,2.016030,0.999700,0,0.530304,-0.318886,1.968350,0.878500,0,-0.364327,-0.290938,1.983204,0.919300,0,0.757134,-0.364924,1.960401,0.730900,0,-0.575179,-0.268948,1.942957,0.859100,0,0.251362,0.229180,1.929918,0.998500,0,0.025017,0.238754,1.930284,0.998600,0,0,0,0,0,0,0,0,0
15,0.500366,1,0.294331,-0.359916,2.002812,0.999800,0,-0.099084,-0.348796,2.015517,0.999700,0,0.531148,-0.318743,1.967697,0.870300,0,-0.365332,-0.291320,1.983192,0.913300,0,0.757052,-0.364863,1.960554,0.712500,0,-0.576364,-0.268967,1.942812,0.851800,0,0.251556,0.229530,1.929865,0.998400,0,0.025138,0.239072,1.930785,0.998600,0,0,0,0,0,0,0,0,0
16,0.533723,1,0.294037,-0.359584,2.002780,0.999800,0,-0.099158,-0.348307,2.014448,0.999700,0,0.532483,-0.318441,1.967518,0.871800,0,-0.366398,-0.291767,1.983139,0.912600,0,0.757611,-0.364916,1.960226,0.716500,0,-0.577479,-0.268923,1.942171,0.853200,0,0.251787,0.230302,1.928959,0.998400,0,0.025409,0.240248,1.930674,0.998600,0,0,0,0,0,0,0,0,0
17,0.567081,1,0.294067,-0.359089,2.002979,0.999800,0,-0.099395,-0.347583,2.013074,0.999700,0,0.534140,-0.318113,1.967729,0.869200,0,-0.367468,-0.292188,1.982829,0.908400,0,0.758858,-0.365055,1.959217,0.710300,0,-0.578371,-0.268753,1.940959,0.847700,0,0.252074,0.231350,1.927447,0.998400,0,0.025775,0.242132,1.929906,0.998600,0,0,0,0,0,0,0,0,0
18,0.600439,1,0.294412,-0.358496,2.003399,0.999800,0,-0.099823,-0.346742,2.011826,0.999700,0,0.535778,-0.317848,1.968182,0.869000,0,-0.368447,-0.292472,1.982071,0.909300,0,0.760614,-0.365226,1.957518,0.709300,0,-0.578956,-0.268417,1.939280,0.852600,0,0.252417,0.232409,1.925688,0.998400,0,0.026138,0.244342,1.928590,0.998600,0,0,0,0,0,0,0,0,0
19,0.633796,1,0.294932,-0.357880,2.003900,0.999800,0,-0.100420,-0.345948,2.011145,0.999700,0,0.536975,-0.317683,1.968683,0.872400,0,-0.369204,-0.292546,1.980796,0.909100,0,0.762547,-0.365365,1.955356,0.720200,0,-0.579222,-0.267919,1.937417,0.856100,0,0.252793,0.233185,1.924063,0.998400,0,0.026390,0.246372,1.926958,0.998500,0,0,0,0,0,0,0,0,0
20,0.667154,1,0.295412,-0.357313,2.004271,0.999800,0,-0.101111,-0.345347,2.011290,0.999700,0,0.537378,-0.317605,1.969026,0.872400,0,-0.369597,-0.292415,1.979117,0.900600,0,0.764300,-0.365427,1.953142,0.724100,0,-0.579206,-0.267309,1.935758,0.848400,0,0.253169,0.233464,1.922887,0.998300,0,0.026445,0.247751,1.925266,0.998400,0,0,0,0,0,0,0,0,0
21,0.700512,1,0.295647,-0.356841,2.004314,0.999800,0,-0.101791,-0.345020,2.012230,0.999700,0,0.536841,-0.317584,1.969042,0.874800,0,-0.369523,-0.292172,1.977292,0.897700,0,0.765599,-0.365403,1.951332,0.735200,0,-0.578974,-0.266666,1.934679,0.853300,0,0.253505,0.233183,1.922309,0.998200,0,0.026259,0.248180,1.923700,0.998400,0,0,0,0,0,0,0,0,0
22,0.733869,1,0.295525,-0.356483,2.003927,0.999800,0,-0.102353,-0.344959,2.013659,0.999700,0,0.535511,-0.317599,1.968660,0.873600,0,-0.368971,-0.291953,1.975624,0.896900,0,0.766317,-0.365328,1.950253,0.729600,0,-0.578613,-0.266076,1.934450,0.849300,0,0.253746,0.232441,1.922243,0.998300,0,0.025843,0.247617,1.922337,0.998400,0,0,0,0,0,0,0,0,0
23,0.767227,1,0.295065,-0.356234,2.003161,0.999800,0,-0.102728,-0.345080,2.015114,0.999700,0,0.533797,-0.317658,1.967952,0.873900,0,-0.368034,-0.291870,1.974363,0.895800,0,0.766477,-0.365275,1.949989,0.731700,0,-0.578217,-0.265597,1.935179,0.847700,0,0.253819,0.231427,1.922362,0.998200,0,0.025257,0.246246,1.921186,0.998400,0,0,0,0,0,0,0,0,0
24,0.800585,1,0.294405,-0.356078,2.002204,0.999800,0,-0.102894,-0.345259,2.016131,0.999700,0,0.532226,-0.317791,1.967120,0.873700,0,-0.366894,-0.291962,1.973652,0.900100,0,0.766203,-0.365316,1.950366,0.731600,0,-0.577861,-0.265236,1.936789,0.857100,0,0.253641,0.230333,1.922218,0.998300,0,0.024604,0.244385,1.920267,0.998400,0,0,0,0,0,0,0,0,0
25,0.833942,1,0.293744,-0.356000,2.001322,0.999800,0,-0.102879,-0.345384,2.016399,0.999700,0,0.531240,-0.318025,1.966436,0.863800,0,-0.365765,-0.292173,1.973533,0.896400,0,0.765644,-0.365490,1.951041,0.708400,0,-0.577569,-0.264947,1.939023,0.847100,0,0.253154,0.229289,1.921456,0.998300,0,0.024016,0.242383,1.919662,0.998400,0,0,0,0,0,0,0,0,0
26,0.867300,1,0.293262,-0.355986,2.000742,0.999800,0,-0.102746,-0.345390,2.015870,0.999700,0,0.531046,-0.318361,1.966151,0.863500,0,-0.364829,-0.292387,1.973987,0.899400,0,0.764902,-0.365772,1.951645,0.705000,0,-0.577293,-0.264655,1.941475,0.851900,0,0.252359,0.228343,1.919987,0.998200,0,0.023624,0.240526,1.919512,0.998400,0,0,0,0,0,0,0,0,0
27,0.900657,1,0.293064,-0.356017,2.000563,0.999800,0,-0.102575,-0.345279,2.014785,0.999700,0,0.531577,-0.318758,1.966408,0.870200,0,-0.364193,-0.292487,1.974962,0.899500,0,0.764013,-0.366078,1.951916,0.722100,0,-0.576939,-0.264293,1.943667,0.852100,0,0.251336,0.227485,1.918043,0.998200,0,0.023522,0.238999,1.919982,0.998400,0,0,0,0,0,0,0,0,0
28,0.934015,1,0.293155,-0.356074,2.000722,0.999800,0,-0.102441,-0.345112,2.013586,0.999700,0,0.532576,-0.319153,1.967200,0.874200,0,-0.363889,-0.292403,1.976371,0.899500,0,0.762979,-0.366301,1.951789,0.732200,0,-0.576414,-0.263837,1.945167,0.854100,0,0.250237,0.226662,1.916052,0.998200,0,0.023728,0.237880,1.921195,0.998400,0,0,0,0,0,0,0,0,0
29,0.967373,1,0.293452,-0.356134,2.001056,0.999800,0,-0.102396,-0.344971,2.012743,0.999700,0,0.533718,-0.319486,1.968374,0.870300,0,-0.363891,-0.292138,1.978075,0.900800,0,0.761844,-0.366358,1.951408,0.721300,0,-0.575678,-0.263329,1.945714,0.857300,0,0.249242,0.225814,1.914444,0.998200,0,0.024180,0.237148,1.923178,0.998400,0,0,0,0,0,0,0,0,0
30,1.000730,1,0.293823,-0.356183,2.001395,0.999800,0,-0.102456,-0.344922,2.012575,0.999700,0,0.534714,-0.319736,1.969672,0.873300,0,-0.364129,-0.291759,1.979870,0.903100,0,0.760731,-0.366222,1.951062,0.727600,0,-0.574773,-0.262859,1.945314,0.861700,0,0.248506,0.224901,1.913493,0.998300,0,0.024752,0.236705,1.925791,0.998400,0,0,0,0,0,0,0,0,0
31,1.034088,1,0.294126,-0.356221,2.001641,0.999800,0,-0.102597,-0.344991,2.013140,0.999700,0,0.535347,-0.319920,1.970793,0.864000,0,-0.364509,-0.291360,1.981499,0.899800,0,0.759837,-0.365941,1.951081,0.707800,0,-0.573811,-0.262541,1.944246,0.857300,0,0.248113,0.223923,1.913251,0.998300,0,0.025297,0.236403,1.928707,0.998500,0,0,0,0,0,0,0,0,0
32,1.067446,1,0.294257,-0.356253,2.001792,0.999800,0,-0.102755,-0.345155,2.014235,0.999700,0,0.535479,-0.320074,1.971473,0.865700,0,-0.364908,-0.291025,1.982702,0.901300,0,0.759369,-0.365613,1.951719,0.709900,0,-0.572942,-0.262464,1.942971,0.862100,0,0.248064,0.222941,1.913598,0.998200,0,0.025695,0.236089,1.931455,0.998400,0,0,0,0,0,0,0,0,0
33,1.100803,1,0.294171,-0.356286,2.001909,0.999800,0,-0.102848,-0.345357,2.015496,0.999700,0,0.535054,-0.320210,1.971564,0.861800,0,-0.365191,-0.290788,1.983272,0.901900,0,0.759455,-0.365354,1.953057,0.702700,0,-0.572300,-0.262660,1.941961,0.863600,0,0.248287,0.222057,1.914349,0.998200,0,0.025885,0.235658,1.933562,0.998400,0,0,0,0,0,0,0,0,0
34,1.134161,1,0.293895,-0.356316,2.002059,0.999800,0,-0.102793,-0.345533,2.016544,0.999700,0,0.534127,-0.320307,1.971074,0.859900,0,-0.365233,-0.290636,1.983106,0.901100,0,0.760096,-0.365243,1.954923,0.699400,0,-0.571963,-0.263079,1.941526,0.865800,0,0.248678,0.221386,1.915350,0.998200,0,0.025869,0.235100,1.934691,0.998400,0,0,0,0,0,0,0,0,0
35,1.167519,1,0.293511,-0.356331,2.002273,0.999800,0,-0.102533,-0.345633,2.017111,0.999700,0,0.532892,-0.320315,1.970148,0.859000,0,-0.364956,-0.290520,1.982241,0.900400,0,0.761157,-0.365292,1.956875,0.696900,0,-0.571924,-0.263595,1.941713,0.860900,0,0.249138,0.221030,1.916519,0.998200,0,0.025712,0.234521,1.934739,0.998400,0,0,0,0,0,0,0,0,0
36,1.200876,1,0.293136,-0.356319,2.002540,0.999800,0,-0.102059,-0.345639,2.017112,0.999700,0,0.531691,-0.320196,1.968996,0.863800,0,-0.364357,-0.290385,1.980874,0.899800,0,0.762427,-0.365447,1.958290,0.705200,0,-0.572103,-0.264054,1.942333,0.859000,0,0.249614,0.221068,1.917823,0.998200,0,0.025515,0.234128,1.933835,0.998400,0,0,0,0,0,0,0,0,0
37,1.234234,1,0.292880,-0.356281,2.002824,0.999800,0,-0.101419,-0.345566,2.016656,0.999700,0,0.530956,-0.319953,1.967808,0.853500,0,-0.363526,-0.290209,1.979347,0.896500,0,0.763707,-0.365629,1.958555,0.682200,0,-0.572375,-0.264341,1.943087,0.854600,0,0.250105,0.221561,1.919249,0.998200,0,0.025391,0.234174,1.932275,0.998400,0,0,0,0,0,0,0,0,0
38,1.267592,1,0.292824,-0.356240,2.003093,0.999800,0,-0.100708,-0.345458,2.016014,0.999700,0,0.531076,-0.319645,1.966705,0.853600,0,-0.362621,-0.290009,1.978080,0.898500,0,0.764880,-0.365793,1.957305,0.681000,0,-0.572618,-0.264433,1.943711,0.854700,0,0.250662,0.222559,1.920798,0.998200,0,0.025441,0.234879,1.930456,0.998400,0,0,0,0,0,0,0,0,0
39,1.300949,1,0.292994,-0.356246,2.003335,0.999800,0,-0.100039,-0.345379,2.015542,0.999700,0,0.532253,-0.319380,1.965760,0.856500,0,-0.361819,-0.289847,1.977441,0.897800,0,0.765929,-0.365947,1.954600,0.688600,0,-0.572740,-0.264415,1.944072,0.853300,0,0.251355,0.224077,1.922495,0.998200,0,0.025723,0.236338,1.928805,0.998400,0,0,0,0,0,0,0,0,0
40,1.334307,1,0.293349,-0.356356,2.003557,0.999800,0,-0.099513,-0.345386,2.015570,0.999700,0,0.534404,-0.319282,1.965041,0.858800,0,-0.361258,-0.289799,1.977597,0.899600,0,0.766895,-0.366145,1.950943,0.696900,0,-0.572698,-0.264449,1.944171,0.859600,0,0.252240,0.226057,1.924365,0.998100,0,0.026238,0.238462,1.927688,0.998300,0,0,0,0,0,0,0,0,0
41,1.367665,1,0.293803,-0.356617,2.003766,0.999800,0,-0.099184,-0.345510,2.016260,0.999700,0,0.537166,-0.319455,1.964648,0.859900,0,-0.360999,-0.289933,1.978442,0.899200,0,0.767817,-0.366447,1.947136,0.697800,0,-0.572498,-0.264707,1.944092,0.858400,0,0.253325,0.228340,1.926374,0.998100,0,0.026913,0.240970,1.927295,0.998300,0,0,0,0,0,0,0,0,0
42,1.401022,1,0.294241,-0.357032,2.003944,0.999800,0,-0.099058,-0.345733,2.017509,0.999700,0,0.540012,-0.319952,1.964712,0.860700,0,-0.361025,-0.290281,1.979650,0.901100,0,0.768680,-0.366885,1.944032,0.700900,0,-0.572196,-0.265309,1.943929,0.861900,0,0.254550,0.230667,1.928367,0.998100,0,0.027625,0.243436,1.927527,0.998300,0,0,0,0,0,0,0,0,0
43,1.434380,1,0.294561,-0.357538,2.004037,0.999800,0,-0.099104,-0.345991,2.018959,0.999700,0,0.542398,-0.320745,1.965344,0.864400,0,-0.361281,-0.290825,1.980828,0.901100,0,0.769389,-0.367449,1.942293,0.707100,0,-0.571894,-0.266281,1.943746,0.862400,0,0.255786,0.232730,1.930066,0.998100,0,0.028226,0.245394,1.927996,0.998300,0,0,0,0,0,0,0,0,0
44,1.467738,1,0.294689,-0.358020,2.003974,0.999800,0,-0.099270,-0.346195,2.020123,0.999700,0,0.543887,-0.321722,1.966576,0.865900,0,-0.361713,-0.291499,1.981679,0.901400,0,0.769779,-0.368095,1.942264,0.711500,0,-0.571732,-0.267549,1.943573,0.865500,0,0.256855,0.234248,1.931153,0.998100,0,0.028598,0.246466,1.928177,0.998300,0,0,0,0,0,0,0,0,0
45,1.501096,1,0.294594,-0.358339,2.003703,0.999800,0,-0.099508,-0.346269,2.020596,0.999700,0,0.544216,-0.322696,1.968319,0.867000,0,-0.362281,-0.292186,1.982081,0.900700,0,0.769664,-0.368762,1.943952,0.713000,0,-0.571857,-0.268958,1.943423,0.863800,0,0.257572,0.235051,1.931403,0.998100,0,0.028687,0.246481,1.927661,0.998300,0,0,0,0,0,0,0,0,0
46,1.534453,1,0.294281,-0.358386,2.003229,0.999800,0,-0.099777,-0.346187,2.020241,0.999700,0,0.543312,-0.323450,1.970362,0.869500,0,-0.362960,-0.292739,1.982071,0.899100,0,0.768901,-0.369394,1.947085,0.720400,0,-0.572377,-0.270319,1.943316,0.864600,0,0.257801,0.235121,1.930812,0.998100,0,0.028524,0.245526,1.926359,0.998300,0,0,0,0,0,0,0,0,0
47,1.567811,1,0.293781,-0.358135,2.002633,0.999800,0,-0.100047,-0.345988,2.019285,0.999700,0,0.541301,-0.323796,1.972426,0.872200,0,-0.363719,-0.293021,1.981769,0.902400,0,0.767471,-0.369942,1.951172,0.729600,0,-0.573311,-0.271462,1.943295,0.870900,0,0.257500,0.234592,1.929662,0.998100,0,0.028214,0.243913,1.924553,0.998300,0,0,0,0,0,0,0,0,0
48,1.601169,1,0.293152,-0.357657,2.002064,0.999800,0,-0.100284,-0.345771,2.018249,0.999700,0,0.538504,-0.323643,1.974250,0.873500,0,-0.364510,-0.292951,1.981312,0.901200,0,0.765518,-0.370366,1.955557,0.730200,0,-0.574558,-0.272280,1.943426,0.867300,0,0.256748,0.233694,1.928474,0.998100,0,0.027892,0.242073,1.922762,0.998300,0,0,0,0,0,0,0,0,0
49,1.634527,1,0.292476,-0.357098,2.001716,0.999800,0,-0.100457,-0.345660,2.017750,0.999700,0,0.535408,-0.323029,1.975652,0.870700,0,-0.365264,-0.292539,1.980817,0.903300,0,0.763358,-0.370643,1.959485,0.727500,0,-0.575911,-0.272748,1.943774,0.872400,0,0.255731,0.232685,1.927825,0.998100,0,0.027671,0.240428,1.921518,0.998300,0,0,0,0,0,0,0,0,0
50,1.667884,1,0.291860,-0.356621,2.001765,0.999800,0,-0.100550,-0.345755,2.018252,0.999700,0,0.532594,-0.322103,1.976556,0.861300,0,-0.365911,-0.291893,1.980376,0.898200,0,0.761413,-0.370775,1.962221,0.706800,0,-0.577122,-0.272907,1.944371,0.860000,0,0.254691,0.231778,1.928098,0.998100,0,0.027596,0.239293,1.921158,0.998300,0,0,0,0,0,0,0,0,0
51,1.701242,1,0.291421,-0.356349,2.002304,0.999800,0,-0.100580,-0.346091,2.019869,0.999700,0,0.530588,-0.321073,1.976971,0.856300,0,-0.366393,-0.291183,1.980059,0.898400,0,0.760102,-0.370812,1.963222,0.693200,0,-0.577990,-0.272831,1.945181,0.855000,0,0.253850,0.231095,1.929286,0.998200,0,0.027626,0.238815,1.921714,0.998400,0,0,0,0,0,0,0,0,0
52,1.734600,1,0.291250,-0.356324,2.003282,0.999800,0,-0.100603,-0.346618,2.022307,0.999700,0,0.529713,-0.320127,1.976969,0.860400,0,-0.366692,-0.290584,1.979908,0.897600,0,0.759703,-0.370848,1.962298,0.702900,0,-0.578433,-0.272601,1.946097,0.857600,0,0.253348,0.230655,1.930971,0.998200,0,0.027656,0.238972,1.922929,0.998400,0,0,0,0,0,0,0,0,0
53,1.767958,1,0.291380,-0.356497,2.004492,0.999800,0,-0.100703,-0.347210,2.024975,0.999700,0,0.529982,-0.319391,1.976660,0.859800,0,-0.366829,-0.290226,1.979942,0.896900,0,0.760279,-0.371016,1.959700,0.704200,0,-0.578503,-0.272296,1.946981,0.859900,0,0.253207,0.230399,1.932506,0.998200,0,0.027577,0.239603,1.924370,0.998400,0,0,0,0,0,0,0,0,0
54,1.801315,1,0.291769,-0.356759,2.005627,0.999800,0,-0.100955,-0.347701,2.027228,0.999700,0,0.531126,-0.318916,1.976190,0.854700,0,-0.366860,-0.290165,1.980156,0.895300,0,0.761660,-0.371448,1.956055,0.692800,0,-0.578332,-0.271984,1.947717,0.857300,0,0.253346,0.230231,1.933291,0.998200,0,0.027324,0.240467,1.925594,0.998400,0,0,0,0,0,0,0,0,0
55,1.834673,1,0.292327,-0.356983,2.006385,0.999800,0,-0.101385,-0.347937,2.028620,0.999700,0,0.532725,-0.318708,1.975703,0.861600,0,-0.366842,-0.290375,1.980517,0.897000,0,0.763523,-0.372218,1.952154,0.708800,0,-0.578063,-0.271731,1.948253,0.863100,0,0.253634,0.230065,1.933053,0.998200,0,0.026913,0.241324,1.926315,0.998400,0,0,0,0,0,0,0,0,0
56,1.868031,1,0.292957,-0.357075,2.006581,0.999800,0,-0.101952,-0.347829,2.029057,0.999700,0,0.534376,-0.318762,1.975285,0.862300,0,-0.366799,-0.290766,1.980960,0.897500,0,0.765504,-0.373298,1.948679,0.709700,0,-0.577786,-0.271584,1.948615,0.862900,0,0.253958,0.229865,1.931989,0.998200,0,0.026419,0.241997,1.926502,0.998400,0,0,0,0,0,0,0,0,0
57,1.901388,1,0.293597,-0.357001,2.006214,0.999800,0,-0.102562,-0.347373,2.028786,0.999700,0,0.535822,-0.319081,1.974900,0.853100,0,-0.366705,-0.291212,1.981393,0.895700,0,0.767305,-0.374538,1.945988,0.691600,0,-0.577522,-0.271552,1.948873,0.856700,0,0.254269,0.229654,1.930711,0.998200,0,0.025949,0.242409,1.926373,0.998400,0,0,0,0,0,0,0,0,0
58,1.934746,1,0.294236,-0.356798,2.005460,0.999800,0,-0.103096,-0.346663,2.028246,0.999700,0,0.536979,-0.319671,1.974385,0.855500,0,-0.366494,-0.291589,1.981719,0.897700,0,0.768750,-0.375701,1.944080,0.703300,0,-0.577252,-0.271597,1.949109,0.863600,0,0.254578,0.229491,1.929978,0.998200,0,0.025590,0.242567,1.926261,0.998400,0,0,0,0,0,0,0,0,0
59,1.968104,1,0.294886,-0.356559,2.004595,0.999800,0,-0.103449,-0.345869,2.027871,0.999700,0,0.537877,-0.320504,1.973531,0.854500,0,-0.366099,-0.291805,1.981885,0.897900,0,0.769776,-0.376555,1.942722,0.701800,0,-0.576958,-0.271641,1.949394,0.862800,0,0.254910,0.229421,1.930315,0.998300,0,0.025383,0.242519,1.926435,0.998500,0,0,0,0,0,0,0,0,0
60,2.001461,1,0.295542,-0.356403,2.003882,0.999800,0,-0.103557,-0.345194,2.027923,0.999700,0,0.538552,-0.321490,1.972219,0.855700,0,-0.365500,-0.291827,1.981910,0.898100,0,0.770379,-0.376968,1.941681,0.701100,0,-0.576656,-0.271594,1.949774,0.861200,0,0.255258,0.229426,1.931728,0.998300,0,0.025325,0.242310,1.926970,0.998500,0,0,0,0,0,0,0,0,0
61,2.034819,1,0.296147,-0.356427,2.003458,0.999800,0,-0.103410,-0.344815,2.028405,0.999700,0,0.538980,-0.322482,1.970537,0.862700,0,-0.364758,-0.291682,1.981899,0.901900,0,0.770556,-0.376970,1.940906,0.716900,0,-0.576392,-0.271383,1.950271,0.869500,0,0.255561,0.229416,1.933687,0.998200,0,0.025375,0.241961,1.927722,0.998400,0,0,0,0,0,0,0,0,0
62,2.068177,1,0.296597,-0.356681,2.003291,0.999800,0,-0.103058,-0.344825,2.029083,0.999700,0,0.539057,-0.323303,1.968789,0.866200,0,-0.364005,-0.291440,1.982007,0.898300,0,0.770273,-0.376747,1.940588,0.723500,0,-0.576217,-0.270977,1.950869,0.860400,0,0.255730,0.229265,1.935371,0.998200,0,0.025479,0.241481,1.928426,0.998400,0,0,0,0,0,0,0,0,0
63,2.101535,1,0.296776,-0.357147,2.003232,0.999800,0,-0.102602,-0.345194,2.029601,0.999700,0,0.538651,-0.323800,1.967388,0.870400,0,-0.363401,-0.291195,1.982376,0.900400,0,0.769479,-0.376559,1.941061,0.731000,0,-0.576145,-0.270392,1.951500,0.864000,0,0.255694,0.228879,1.936034,0.998200,0,0.025590,0.240902,1.928841,0.998400,0,0,0,0,0,0,0,0,0
64,2.134892,1,0.296619,-0.357751,2.003124,0.999800,0,-0.102172,-0.345783,2.029651,0.999700,0,0.537687,-0.323897,1.966671,0.867300,0,-0.363081,-0.291023,1.983077,0.896000,0,0.768160,-0.376635,1.942614,0.724300,0,-0.576131,-0.269682,1.952049,0.857500,0,0.255439,0.228266,1.935301,0.998200,0,0.025674,0.240311,1.928884,0.998400,0,0,0,0,0,0,0,0,0
65,2.168250,1,0.296159,-0.358392,2.002907,0.999800,0,-0.101899,-0.346389,2.029154,0.999700,0,0.536242,-0.323615,1.966746,0.870300,0,-0.363096,-0.290968,1.984076,0.898200,0,0.766404,-0.377082,1.945277,0.728200,0,-0.576084,-0.268931,1.952375,0.858500,0,0.255013,0.227554,1.933270,0.998200,0,0.025715,0.239849,1.928651,0.998400,0,0,0,0,0,0,0,0,0
66,2.201608,1,0.295530,-0.358977,2.002662,0.999800,0,-0.101874,-0.346826,2.028335,0.999700,0,0.534595,-0.323067,1.967446,0.868200,0,-0.363407,-0.291030,1.985255,0.896600,0,0.764446,-0.377848,1.948700,0.726500,0,-0.575911,-0.268224,1.952362,0.858500,0,0.254506,0.226954,1.930426,0.998200,0,0.025710,0.239676,1.928335,0.998400,0,0,0,0,0,0,0,0,0
67,2.234966,1,0.294937,-0.359448,2.002578,0.999800,0,-0.102115,-0.346987,2.027656,0.999700,0,0.533207,-0.322430,1.968397,0.860300,0,-0.363909,-0.291178,1.986461,0.896100,0,0.762651,-0.378763,1.952187,0.705300,0,-0.575572,-0.267624,1.951957,0.851300,0,0.254013,0.226672,1.927422,0.998300,0,0.025662,0.239898,1.928085,0.998400,0,0,0,0,0,0,0,0,0
68,2.268323,1,0.294583,-0.359797,2.002856,0.999800,0,-0.102558,-0.346868,2.027620,0.999700,0,0.532584,-0.321892,1.969165,0.858500,0,-0.364486,-0.291365,1.987561,0.895900,0,0.761441,-0.379620,1.954899,0.701800,0,-0.575128,-0.267154,1.951203,0.846300,0,0.253606,0.226815,1.924868,0.998200,0,0.025580,0.240507,1.927921,0.998400,0,0,0,0,0,0,0,0,0
69,2.301681,1,0.294598,-0.360052,2.003612,0.999800,0,-0.103073,-0.346558,2.028542,0.999700,0,0.533084,-0.321602,1.969405,0.859800,0,-0.365056,-0.291549,1.988473,0.897000,0,0.761148,-0.380257,1.956142,0.702300,0,-0.574724,-0.266784,1.950225,0.850100,0,0.253327,0.227336,1.923183,0.998300,0,0.025480,0.241356,1.927754,0.998400,0,0,0,0,0,0,0,0,0
70,2.335039,1,0.294994,-0.360254,2.004803,0.999800,0,-0.103505,-0.346187,2.030397,0.999700,0,0.534755,-0.321625,1.968968,0.852500,0,-0.365582,-0.291700,1.989170,0.897300,0,0.761891,-0.380611,1.955618,0.685100,0,-0.574525,-0.266444,1.949185,0.848700,0,0.253194,0.228046,1.922549,0.998300,0,0.025391,0.242198,1.927508,0.998500,0,0,0,0,0,0,0,0,0
71,2.368396,1,0.295673,-0.360435,2.006244,0.999800,0,-0.103716,-0.345871,2.032804,0.999700,0,0.537293,-0.321937,1.967943,0.860100,0,-0.366051,-0.291805,1.989648,0.899300,0,0.763509,-0.380718,1.953515,0.706000,0,-0.574631,-0.266053,1.948214,0.858500,0,0.253212,0.228684,1.922933,0.998200,0,0.025353,0.242765,1.927226,0.998400,0,0,0,0,0,0,0,0,0
72,2.401754,1,0.296481,-0.360611,2.007678,0.999800,0,-0.103620,-0.345667,2.035164,0.999700,0,0.540135,-0.322446,1.966631,0.864800,0,-0.366442,-0.291856,1.989889,0.898600,0,0.765622,-0.380671,1.950421,0.714800,0,-0.575018,-0.265553,1.947369,0.857800,0,0.253387,0.229023,1.924139,0.998200,0,0.025413,0.242860,1.927065,0.998400,0,0,0,0,0,0,0,0,0
73,2.435112,1,0.297273,-0.360780,2.008877,0.999800,0,-0.103206,-0.345568,2.036877,0.999700,0,0.542654,-0.323027,1.965422,0.867700,0,-0.366712,-0.291852,1.989852,0.900700,0,0.767762,-0.380571,1.947100,0.718100,0,-0.575535,-0.264937,1.946638,0.859700,0,0.253725,0.228944,1.925871,0.998200,0,0.025606,0.242414,1.927178,0.998400,0,0,0,0,0,0,0,0,0
74,2.468469,1,0.297963,-0.360927,2.009714,0.999800,0,-0.102543,-0.345519,2.037540,0.999700,0,0.544356,-0.323558,1.964652,0.874500,0,-0.366818,-0.291788,1.989479,0.903400,0,0.769530,-0.380492,1.944240,0.731300,0,-0.575973,-0.264258,1.946000,0.863400,0,0.254220,0.228462,1.927773,0.998200,0,0.025937,0.241511,1.927567,0.998400,0,0,0,0,0,0,0,0,0
75,2.501827,1,0.298532,-0.361033,2.010166,0.999800,0,-0.101755,-0.345448,2.037054,0.999700,0,0.545013,-0.323948,1.964469,0.868700,0,-0.366739,-0.291663,1.988725,0.901000,0,0.770706,-0.380470,1.942269,0.722000,0,-0.576161,-0.263613,1.945497,0.862400,0,0.254840,0.227709,1.929441,0.998200,0,0.026368,0.240361,1.928025,0.998400,0,0,0,0,0,0,0,0,0
76,2.535184,1,0.298998,-0.361075,2.010281,0.999800,0,-0.100987,-0.345299,2.035584,0.999700,0,0.544709,-0.324145,1.964796,0.873600,0,-0.366491,-0.291479,1.987586,0.902500,0,0.771276,-0.380518,1.941294,0.731800,0,-0.576034,-0.263110,1.945267,0.868600,0,0.255518,0.226871,1.930456,0.998200,0,0.026823,0.239247,1.928219,0.998400,0,0,0,0,0,0,0,0,0
77,2.568542,1,0.299387,-0.361034,2.010131,0.999800,0,-0.100354,-0.345036,2.033435,0.999700,0,0.543780,-0.324137,1.965377,0.870100,0,-0.366130,-0.291246,1.986133,0.903700,0,0.771386,-0.380634,1.941149,0.718900,0,-0.575659,-0.262827,1.945490,0.868200,0,0.256163,0.226127,1.930457,0.998200,0,0.027207,0.238453,1.927864,0.998400,0,0,0,0,0,0,0,0,0
78,2.601900,1,0.299711,-0.360907,2.009793,0.999800,0,-0.099917,-0.344661,2.030930,0.999700,0,0.542685,-0.323952,1.965888,0.867800,0,-0.365731,-0.290990,1.984529,0.903700,0,0.771254,-0.380813,1.941523,0.712600,0,-0.575196,-0.262782,1.946275,0.869800,0,0.256694,0.225604,1.929295,0.998200,0,0.027444,0.238183,1.926889,0.998400,0,0,0,0,0,0,0,0,0
79,2.635257,1,0.299974,-0.360722,2.009346,0.999800,0,-0.099675,-0.344210,2.028352,0.999700,0,0.541853,-0.323652,1.966068,0.870600,0,-0.365373,-0.290754,1.983030,0.903500,0,0.771085,-0.381039,1.942092,0.718500,0,-0.574827,-0.262931,1.947551,0.870200,0,0.257071,0.225348,1.927153,0.998200,0,0.027511,0.238492,1.925496,0.998400,0,0,0,0,0,0,0,0,0
80,2.668615,1,0.300187,-0.360539,2.008888,0.999800,0,-0.099585,-0.343754,2.025957,0.999700,0,0.541542,-0.323326,1.965819,0.870600,0,-0.365125,-0.290587,1.981920,0.905000,0,0.770998,-0.381270,1.942620,0.714400,0,-0.574691,-0.263182,1.949065,0.869900,0,0.257315,0.225325,1.924578,0.998200,0,0.027443,0.239265,1.924081,0.998500,0,0,0,0,0,0,0,0,0
81,2.701973,1,0.300369,-0.360449,2.008524,0.999800,0,-0.099588,-0.343391,2.023986,0.999700,0,0.541766,-0.323074,1.965231,0.871500,0,-0.365018,-0.290530,1.981417,0.906800,0,0.771009,-0.381437,1.943001,0.713200,0,-0.574845,-0.263439,1.950470,0.866800,0,0.257489,0.225444,1.922340,0.998300,0,0.027312,0.240240,1.923055,0.998500,0,0,0,0,0,0,0,0,0
82,2.735330,1,0.300543,-0.360541,2.008327,0.999800,0,-0.099631,-0.343213,2.022624,0.999700,0,0.542304,-0.322976,1.964537,0.878600,0,-0.365048,-0.290597,1.981577,0.910000,0,0.771042,-0.381438,1.943252,0.731500,0,-0.575259,-0.263628,1.951467,0.873000,0,0.257660,0.225600,1.921202,0.998300,0,0.027197,0.241083,1.922682,0.998500,0,0,0,0,0,0,0,1,0
83,2.768688,1,0.300716,-0.360874,2.008298,0.999800,0,-0.099677,-0.343266,2.021921,0.999700,0,0.542776,-0.323060,1.963997,0.881700,0,-0.365173,-0.290767,1.982279,0.908300,0,0.770984,-0.381176,1.943471,0.739100,0,-0.575833,-0.263723,1.951907,0.871800,0,0.257873,0.225709,1.921683,0.998300,0,0.027147,0.241503,1.922984,0.998400,0,0,0,0,0,0,0,0,0
84,2.802045,1,0.300872,-0.361437,2.008352,0.999800,0,-0.099703,-0.343524,2.021734,0.999700,0,0.542784,-0.323277,1.963776,0.887000,0,-0.365342,-0.290986,1.983284,0.905500,0,0.770742,-0.380590,1.943784,0.753900,0,-0.576443,-0.263741,1.951825,0.868900,0,0.258127,0.225734,1.923879,0.998200,0,0.027172,0.241331,1.923776,0.998400,0,0,0,0,0,0,0,0,0
85,2.835403,1,0.300981,-0.362143,2.008347,0.999800,0,-0.099701,-0.343882,2.021757,0.999700,0,0.542054,-0.323516,1.963880,0.879700,0,-0.365512,-0.291180,1.984327,0.902400,0,0.770287,-0.379701,1.944282,0.738200,0,-0.576984,-0.263724,1.951401,0.862900,0,0.258374,0.225671,1.927402,0.998200,0,0.027243,0.240562,1.924760,0.998400,0,0,0,0,0,0,0,0,0
86,2.868761,1,0.301012,-0.362839,2.008137,0.999800,0,-0.099669,-0.344193,2.021666,0.999700,0,0.540552,-0.323638,1.964184,0.885200,0,-0.365662,-0.291273,1.985187,0.902700,0,0.769662,-0.378625,1.944968,0.753500,0,-0.577401,-0.263712,1.950875,0.864400,0,0.258539,0.225525,1.931448,0.998200,0,0.027298,0.239333,1.925632,0.998400,0,0,0,0,0,0,0,0,0
87,2.902118,1,0.300951,-0.363352,2.007645,0.999900,0,-0.099618,-0.344332,2.021302,0.999700,0,0.538524,-0.323535,1.964526,0.888600,0,-0.365789,-0.291203,1.985723,0.903600,0,0.768959,-0.377549,1.945717,0.761200,0,-0.577697,-0.263721,1.950459,0.866300,0,0.258548,0.225300,1.935006,0.998200,0,0.027273,0.237882,1.926145,0.998400,0,0,0,0,0,0,0,0,0
88,2.935476,1,0.300810,-0.363541,2.006894,0.999800,0,-0.099565,-0.344256,2.020787,0.999700,0,0.536427,-0.323172,1.964801,0.883400,0,-0.365902,-0.290943,1.985887,0.903800,0,0.768297,-0.376673,1.946292,0.746400,0,-0.577913,-0.263727,1.950288,0.866900,0,0.258362,0.225012,1.937163,0.998200,0,0.027128,0.236494,1.926141,0.998400,0,0,0,0,0,0,0,0,0
89,2.968833,1,0.300629,-0.363346,2.006010,0.999800,0,-0.099535,-0.344018,2.020460,0.999700,0,0.534783,-0.322597,1.965001,0.875800,0,-0.366004,-0.290513,1.985735,0.902400,0,0.767798,-0.376141,1.946411,0.730300,0,-0.578098,-0.263681,1.950413,0.862700,0,0.258003,0.224708,1.937392,0.998200,0,0.026868,0.235465,1.925578,0.998400,0,0,0,0,0,0,0,0,0
90,3.002191,1,0.300460,-0.362802,2.005179,0.999800,0,-0.099544,-0.343739,2.020686,0.999700,0,0.533989,-0.321928,1.965190,0.878200,0,-0.366083,-0.289982,1.985413,0.904100,0,0.767573,-0.375999,1.945847,0.732300,0,-0.578268,-0.263524,1.950823,0.862600,0,0.257550,0.224483,1.935712,0.998200,0,0.026545,0.235056,1.924560,0.998400,0,0,0,0,0,0,0,0,0
91,3.035549,1,0.300360,-0.362037,2.004588,0.999800,0,-0.099597,-0.343538,2.021630,0.999700,0,0.534186,-0.321304,1.965447,0.868500,0,-0.366105,-0.289446,1.985122,0.901700,0,0.767697,-0.376198,1.944531,0.707100,0,-0.578381,-0.263218,1.951452,0.852700,0,0.257109,0.224464,1.932668,0.998200,0,0.026244,0.235446,1.923360,0.998400,0,0,0,0,0,0,0,0,0
92,3.068906,1,0.300371,-0.361238,2.004382,0.999800,0,-0.099682,-0.343484,2.023163,0.999700,0,0.535223,-0.320841,1.965826,0.872500,0,-0.366017,-0.288999,1.985051,0.898500,0,0.768175,-0.376634,1.942607,0.717600,0,-0.578332,-0.262759,1.952182,0.849200,0,0.256785,0.224771,1.929150,0.998200,0,0.026059,0.236672,1.922361,0.998400,0,0,0,0,0,0,0,0,0
93,3.102264,1,0.300508,-0.360608,2.004641,0.999800,0,-0.099778,-0.343571,2.024927,0.999700,0,0.536723,-0.320603,1.966353,0.873300,0,-0.365765,-0.288695,1.985325,0.900700,0,0.768899,-0.377198,1.940418,0.716200,0,-0.577981,-0.262190,1.952844,0.851100,0,0.256650,0.225463,1.926149,0.998300,0,0.026062,0.238592,1.921925,0.998400,0,0,0,0,0,0,0,0,0
94,3.135622,1,0.300747,-0.360323,2.005363,0.999800,0,-0.099862,-0.343744,2.026504,0.999700,0,0.538200,-0.320591,1.967033,0.876600,0,-0.365327,-0.288538,1.985965,0.899700,0,0.769646,-0.377809,1.938435,0.730300,0,-0.577213,-0.261584,1.953239,0.858900,0,0.256735,0.226483,1.924496,0.998200,0,0.026282,0.240865,1.922220,0.998400,0,0,0,0,0,0,0,0,0
95,3.168979,1,0.301019,-0.360478,2.006433,0.999800,0,-0.099916,-0.343927,2.027576,0.999700,0,0.539191,-0.320759,1.967850,0.873400,0,-0.364735,-0.288493,1.986871,0.899400,0,0.770125,-0.378421,1.937155,0.724700,0,-0.576009,-0.261019,1.953180,0.859400,0,0.257012,0.227625,1.924651,0.998200,0,0.026690,0.243000,1.923131,0.998400,0,0,0,0,0,0,0,0,0
96,3.202337,1,0.301214,-0.361058,2.007618,0.999800,0,-0.099937,-0.344058,2.028009,0.999700,0,0.539366,-0.321033,1.968765,0.873900,0,-0.364085,-0.288505,1.987840,0.899600,0,0.770061,-0.379014,1.936989,0.722900,0,-0.574501,-0.260546,1.952554,0.857600,0,0.257394,0.228560,1.926570,0.998200,0,0.027192,0.244459,1.924317,0.998400,0,0,0,0,0,0,0,0,0
97,3.235695,1,0.301208,-0.361929,2.008610,0.999800,0,-0.099926,-0.344104,2.027840,0.999700,0,0.538615,-0.321333,1.969725,0.878400,0,-0.363513,-0.288515,1.988611,0.903300,0,0.769288,-0.379567,1.938148,0.737400,0,-0.572988,-0.260166,1.951384,0.866700,0,0.257743,0.228933,1.929695,0.998200,0,0.027651,0.244812,1.925391,0.998400,0,0,0,0,0,0,0,0,0
98,3.269052,1,0.300910,-0.362878,2.009132,0.999800,0,-0.099893,-0.344062,2.027236,0.999700,0,0.537086,-0.321590,1.970673,0.883900,0,-0.363150,-0.288480,1.988927,0.906400,0,0.767814,-0.380045,1.940548,0.750900,0,-0.571868,-0.259829,1.949856,0.873000,0,0.257899,0.228492,1.933090,0.998200,0,0.027924,0.243885,1.926107,0.998400,0,0,0,0,0,0,0,0,0
99,3.302410,1,0.300308,-0.363672,2.009058,0.999800,0,-0.099851,-0.343957,2.026423,0.999700,0,0.535147,-0.321757,1.971553,0.878900,0,-0.363069,-0.288372,1.988601,0.905000,0,0.765835,-0.380394,1.943783,0.740300,0,-0.571521,-0.259463,1.948293,0.872900,0,0.257724,0.227199,1.935698,0.998100,0,0.027908,0.241847,1.926460,0.998400,0,0,0,0,0,0,0,0,0
100,3.335767,1,0.299495,-0.364129,2.008475,0.999800,0,-0.099809,-0.343825,2.025619,0.999700,0,0.533263,-0.321807,1.972296,0.878100,0,-0.363257,-0.288181,1.987574,0.905400,0,0.763680,-0.380560,1.947211,0.738200,0,-0.572160,-0.259013,1.947067,0.873600,0,0.257156,0.225266,1.936652,0.998200,0,0.027584,0.239182,1.926643,0.998400,0,0,0,0,0,0,0,0,0
101,3.369125,1,0.298659,-0.364159,2.007661,0.999800,0,-0.099776,-0.343699,2.024957,0.999700,0,0.531835,-0.321736,1.972813,0.865800,0,-0.363622,-0.287921,1.985938,0.905300,0,0.761734,-0.380518,1.950143,0.709400,0,-0.573736,-0.258472,1.946480,0.870400,0,0.256235,0.223095,1.935540,0.998200,0,0.027024,0.236549,1.926894,0.998400,0,0,0,0,0,0,0,0,0
102,3.402483,1,0.298025,-0.363782,2.006967,0.999800,0,-0.099750,-0.343589,2.024436,0.999700,0,0.531071,-0.321560,1.972997,0.869700,0,-0.364031,-0.287623,1.983916,0.905700,0,0.760326,-0.380279,1.952053,0.713200,0,-0.575918,-0.257891,1.946648,0.861800,0,0.255108,0.221151,1.932531,0.998200,0,0.026359,0.234580,1.927320,0.998400,0,0,0,0,0,0,0,0,0
103,3.435841,1,0.297783,-0.363117,2.006686,0.999800,0,-0.099726,-0.343484,2.023933,0.999700,0,0.530962,-0.321314,1.972752,0.866300,0,-0.364362,-0.287330,1.981820,0.903700,0,0.759666,-0.379893,1.952707,0.705400,0,-0.578187,-0.257358,1.947451,0.860700,0,0.253995,0.219827,1.928312,0.998200,0,0.025743,0.233689,1.927813,0.998400,0,0,0,0,0,0,0,0,0
104,3.469198,1,0.298020,-0.362345,2.006937,0.999800,0,-0.099696,-0.343361,2.023281,0.999700,0,0.531361,-0.321045,1.972030,0.867400,0,-0.364548,-0.287085,1.979978,0.904700,0,0.759803,-0.379422,1.952165,0.706700,0,-0.579994,-0.256962,1.948569,0.862600,0,0.253127,0.219353,1.923858,0.998200,0,0.025306,0.233982,1.928102,0.998400,0,0,0,0,0,0,0,0,0
105,3.502556,1,0.298683,-0.361664,2.007625,0.999800,0,-0.099653,-0.343204,2.022380,0.999700,0,0.532104,-0.320804,1.970878,0.863600,0,-0.364607,-0.286925,1.978657,0.906500,0,0.760644,-0.378929,1.950694,0.692900,0,-0.580925,-0.256770,1.949593,0.859600,0,0.252688,0.219771,1.920136,0.998200,0,0.025131,0.235270,1.927902,0.998500,0,0,0,0,0,0,0,0,0
106,3.535914,1,0.299598,-0.361239,2.008469,0.999800,0,-0.099601,-0.343017,2.021262,0.999700,0,0.533088,-0.320629,1.969462,0.870300,0,-0.364625,-0.286863,1.978019,0.905200,0,0.761994,-0.378469,1.948651,0.711700,0,-0.580828,-0.256810,1.950187,0.864700,0,0.252764,0.220957,1.917836,0.998200,0,0.025244,0.237168,1.927068,0.998400,0,0,0,0,0,0,0,0,0
107,3.569271,1,0.300518,-0.361157,2.009107,0.999800,0,-0.099545,-0.342823,2.020080,0.999700,0,0.534280,-0.320543,1.968050,0.873400,0,-0.364734,-0.286895,1.978097,0.906700,0,0.763612,-0.378085,1.946372,0.718800,0,-0.579859,-0.257067,1.950205,0.868000,0,0.253321,0.222671,1.917230,0.998200,0,0.025610,0.239226,1.925667,0.998400,0,0,0,0,0,0,0,0,0
108,3.602629,1,0.301198,-0.361403,2.009223,0.999800,0,-0.099494,-0.342648,2.019013,0.999700,0,0.535652,-0.320548,1.966929,0.875800,0,-0.365062,-0.286999,1.978823,0.908600,0,0.765261,-0.377810,1.944103,0.724800,0,-0.578430,-0.257485,1.949730,0.872400,0,0.254211,0.224612,1.918182,0.998200,0,0.026143,0.241040,1.923968,0.998400,0,0,0,0,0,0,0,0,0
109,3.635987,1,0.301461,-0.361870,2.008659,0.999800,0,-0.099451,-0.342510,2.018169,0.999700,0,0.537117,-0.320625,1.966307,0.871500,0,-0.365703,-0.287144,1.980061,0.907400,0,0.766736,-0.377661,1.941985,0.712400,0,-0.577094,-0.257974,1.949021,0.870900,0,0.255213,0.226474,1.920263,0.998200,0,0.026717,0.242325,1.922379,0.998500,0,0,0,0,0,0,0,0,0
110,3.669345,1,0.301241,-0.362401,2.007473,0.999800,0,-0.099415,-0.342406,2.017545,0.999700,0,0.538505,-0.320747,1.966241,0.874700,0,-0.366680,-0.287303,1.981628,0.902500,0,0.767879,-0.377635,1.940096,0.723300,0,-0.576389,-0.258423,1.948393,0.869500,0,0.256098,0.228000,1.922930,0.998200,0,0.027190,0.242954,1.921361,0.998400,0,0,0,0,0,0,0,0,1
111,3.702703,1,0.300592,-0.362836,2.005928,0.999800,0,-0.099383,-0.342323,2.017064,0.999700,0,0.539594,-0.320878,1.966615,0.878700,0,-0.367934,-0.287456,1.983294,0.903300,0,0.768596,-0.377706,1.938524,0.732900,0,-0.576676,-0.258727,1.948105,0.870000,0,0.256701,0.229032,1.925680,0.998200,0,0.027448,0.242971,1.921329,0.998400,0,0,0,0,0,0,0,0,0
112,3.736060,1,0.299682,-0.363074,2.004419,0.999800,0,-0.099354,-0.342252,2.016655,0.999700,0,0.540188,-0.320987,1.967192,0.881000,0,-0.369313,-0.287597,1.984788,0.904400,0,0.768852,-0.377829,1.937387,0.735300,0,-0.578024,-0.258822,1.948268,0.870400,0,0.256972,0.229551,1.928147,0.998200,0,0.027446,0.242575,1.922528,0.998400,0,0,0,0,0,0,0,0,0
113,3.769418,1,0.298750,-0.363100,2.003373,0.999800,0,-0.099331,-0.342194,2.016326,0.999700,0,0.540199,-0.321049,1.967704,0.882100,0,-0.370590,-0.287738,1.985841,0.902700,0,0.768674,-0.377939,1.936797,0.738800,0,-0.580165,-0.258723,1.948829,0.870300,0,0.256989,0.229686,1.930102,0.998200,0,0.027231,0.242075,1.924905,0.998400,0,0,0,0,0,0,0,0,0
114,3.802776,1,0.298055,-0.362982,2.003120,0.999800,0,-0.099324,-0.342164,2.016158,0.999700,0,0.539686,-0.321054,1.967953,0.882800,0,-0.371491,-0.287907,1.986260,0.903400,0,0.768131,-0.377969,1.936787,0.741100,0,-0.582537,-0.258534,1.949597,0.872000,0,0.256925,0.229665,1.931422,0.998200,0,0.026930,0.241802,1.928020,0.998400,0,0,0,0,0,0,0,0,0
115,3.836134,1,0.297797,-0.362830,2.003800,0.999800,0,-0.099341,-0.342179,2.016252,0.999700,0,0.538832,-0.321009,1.967877,0.879400,0,-0.371755,-0.288141,1.985994,0.894900,0,0.767313,-0.377865,1.937267,0.729500,0,-0.584446,-0.258425,1.950311,0.847700,0,0.256979,0.229716,1.932044,0.998200,0,0.026699,0.241990,1.931092,0.998400,0,0,0,0,0,0,0,0,0
116,3.869491,1,0.298056,-0.362750,2.005292,0.999800,0,-0.099385,-0.342247,2.016652,0.999700,0,0.537872,-0.320940,1.967564,0.881900,0,-0.371217,-0.288472,1.985163,0.895100,0,0.766313,-0.377603,1.938062,0.735200,0,-0.585275,-0.258577,1.950724,0.849200,0,0.257298,0.229959,1.931949,0.998200,0,0.026665,0.242682,1.933208,0.998400,0,0,0,0,0,0,0,0,0
117,3.902849,1,0.298760,-0.362783,2.007225,0.999800,0,-0.099448,-0.342360,2.017311,0.999700,0,0.537005,-0.320877,1.967209,0.875700,0,-0.369876,-0.288908,1.984023,0.888100,0,0.765220,-0.377194,1.938992,0.725500,0,-0.584701,-0.259114,1.950675,0.837200,0,0.257901,0.230350,1.931176,0.998100,0,0.026872,0.243714,1.933642,0.998300,0,0,0,0,0,0,0,0,0
118,3.936207,1,0.299699,-0.362884,2.009063,0.999900,0,-0.099514,-0.342499,2.018118,0.999700,0,0.536350,-0.320850,1.967026,0.876900,0,-0.367929,-0.289425,1.982889,0.890100,0,0.764129,-0.376685,1.939946,0.737200,0,-0.582801,-0.260048,1.950126,0.847200,0,0.258664,0.230726,1.929851,0.998000,0,0.027277,0.244786,1.932134,0.998200,0,0,0,0,0,0,0,0,0
119,3.969565,1,0.300591,-0.362930,2.010249,0.999800,0,-0.099561,-0.342643,2.018957,0.999700,0,0.535946,-0.320877,1.967172,0.876300,0,-0.365731,-0.289970,1.982029,0.892100,0,0.763140,-0.376142,1.940905,0.737400,0,-0.580009,-0.261268,1.949154,0.850600,0,0.259353,0.230902,1.928199,0.998000,0,0.027777,0.245603,1.929004,0.998200,0,0,0,0,0,0,0,0,0
120,4.002922,1,0.301170,-0.362783,2.010371,0.999800,0,-0.099570,-0.342778,2.019749,0.999700,0,0.535790,-0.320958,1.967681,0.876900,0,-0.363700,-0.290475,1.981582,0.895600,0,0.762358,-0.375629,1.941899,0.733700,0,-0.576946,-0.262571,1.947909,0.854900,0,0.259713,0.230775,1.926498,0.998100,0,0.028262,0.245986,1.925044,0.998300,0,0,0,0,0,0,0,0,0
121,4.036280,1,0.301265,-0.362351,2.009278,0.999900,0,-0.099533,-0.342896,2.020448,0.999700,0,0.535859,-0.321076,1.968449,0.876400,0,-0.362203,-0.290869,1.981525,0.895900,0,0.761876,-0.375192,1.942964,0.738900,0,-0.574213,-0.263720,1.946560,0.859200,0,0.259558,0.230356,1.924988,0.998100,0,0.028649,0.245910,1.921258,0.998300,0,0,0,0,0,0,0,0,0
122,4.069638,1,0.300842,-0.361643,2.007137,0.999800,0,-0.099460,-0.342988,2.021004,0.999700,0,0.536108,-0.321202,1.969269,0.873600,0,-0.361464,-0.291083,1.981680,0.898600,0,0.761752,-0.374850,1.944128,0.725600,0,-0.572236,-0.264492,1.945256,0.855900,0,0.258838,0.229743,1.923813,0.998100,0,0.028905,0.245469,1.918554,0.998300,0,0,0,0,0,0,0,0,0
123,4.102996,1,0.300007,-0.360769,2.004396,0.999800,0,-0.099381,-0.343037,2.021318,0.999700,0,0.536467,-0.321305,1.969896,0.876000,0,-0.361539,-0.291061,1.981783,0.901200,0,0.761977,-0.374604,1.945399,0.736900,0,-0.571204,-0.264731,1.944098,0.865500,0,0.257665,0.229074,1.923041,0.998000,0,0.029030,0.244805,1.917504,0.998300,0,0,0,0,0,0,0,0,0
124,4.136353,1,0.298963,-0.359904,2.001674,0.999900,0,-0.099347,-0.343018,2.021234,0.999700,0,0.536827,-0.321360,1.970137,0.883500,0,-0.362332,-0.290773,1.981585,0.903200,0,0.762462,-0.374447,1.946748,0.755700,0,-0.571089,-0.264381,1.943140,0.872300,0,0.256285,0.228489,1.922764,0.998000,0,0.029038,0.244054,1.918223,0.998200,0,0,0,0,0,0,0,0,0
125,4.169711,1,0.297944,-0.359221,1.999575,0.999900,0,-0.099414,-0.342906,2.020590,0.999700,0,0.537057,-0.321360,1.969918,0.883600,0,-0.363654,-0.290228,1.980951,0.901900,0,0.763035,-0.374373,1.948083,0.758100,0,-0.571722,-0.263507,1.942403,0.871200,0,0.254998,0.228112,1.923178,0.998000,0,0.028939,0.243324,1.920392,0.998200,0,0,0,0,0,0,0,0,1
126,4.203069,1,0.297133,-0.358828,1.998500,0.999900,0,-0.099637,-0.342692,2.019323,0.999700,0,0.537005,-0.321309,1.969306,0.882000,0,-0.365277,-0.289490,1.979914,0.900100,0,0.763469,-0.374377,1.949246,0.753200,0,-0.572867,-0.262294,1.941901,0.868600,0,0.254070,0.228014,1.924545,0.998100,0,0.028729,0.242683,1.923379,0.998200,0,0,0,0,0,0,0,0,0
127,4.236427,1,0.296607,-0.358745,1.998521,0.999900,0,-0.100040,-0.342398,2.017551,0.999700,0,0.536522,-0.321216,1.968477,0.877600,0,-0.366988,-0.288682,1.978665,0.901000,0,0.763545,-0.374449,1.950077,0.743200,0,-0.574271,-0.261016,1.941651,0.867900,0,0.253649,0.228191,1.927028,0.998100,0,0.028407,0.242158,1.926431,0.998300,0,0,0,0,0,0,0,0,0
128,4.269784,1,0.296329,-0.358901,1.999380,0.999800,0,-0.100609,-0.342077,2.015593,0.999700,0,0.535494,-0.321091,1.967653,0.874500,0,-0.368598,-0.287951,1.977478,0.900900,0,0.763122,-0.374571,1.950508,0.733700,0,-0.575689,-0.259978,1.941667,0.868700,0,0.253729,0.228540,1.930476,0.998100,0,0.027991,0.241727,1.928877,0.998300,0,0,0,0,0,0,0,0,0
129,4.303142,1,0.296188,-0.359180,2.000611,0.999900,0,-0.101279,-0.341801,2.013880,0.999700,0,0.533906,-0.320936,1.967036,0.880400,0,-0.369953,-0.287433,1.976613,0.901500,0,0.762210,-0.374706,1.950597,0.750800,0,-0.576900,-0.259443,1.941956,0.874100,0,0.254171,0.228884,1.934322,0.998000,0,0.027532,0.241334,1.930286,0.998200,0,0,0,0,0,0,0,0,0
130,4.336500,1,0.296072,-0.359457,2.001720,0.999900,0,-0.101949,-0.341630,2.012801,0.999700,0,0.531910,-0.320754,1.966746,0.882300,0,-0.370924,-0.287195,1.976244,0.902700,0,0.761012,-0.374798,1.950480,0.752200,0,-0.577725,-0.259571,1.942520,0.874200,0,0.254768,0.229043,1.937670,0.998100,0,0.027111,0.240926,1.930548,0.998200,0,0,0,0,0,0,0,0,0
131,4.369858,1,0.295935,-0.359645,2.002361,0.999800,0,-0.102501,-0.341588,2.012550,0.999700,0,0.529846,-0.320550,1.966790,0.878400,0,-0.371406,-0.287222,1.976416,0.904400,0,0.759902,-0.374781,1.950238,0.741200,0,-0.578054,-0.260373,1.943360,0.872200,0,0.255316,0.228914,1.939563,0.998100,0,0.026818,0.240490,1.929853,0.998300,0,0,0,0,0,0,0,0,0
132,4.403215,1,0.295829,-0.359712,2.002437,0.999800,0,-0.102833,-0.341658,2.013059,0.999700,0,0.528177,-0.320342,1.967050,0.873600,0,-0.371324,-0.287420,1.977050,0.903700,0,0.759325,-0.374607,1.949810,0.728800,0,-0.577876,-0.261707,1.944454,0.864200,0,0.255675,0.228518,1.939315,0.998100,0,0.026718,0.240064,1.928581,0.998300,0,0,0,0,0,0,0,0,0
133,4.436573,1,0.295882,-0.359677,2.002098,0.999800,0,-0.102874,-0.341786,2.014024,0.999700,0,0.527325,-0.320162,1.967321,0.874500,0,-0.370655,-0.287669,1.977970,0.905300,0,0.759631,-0.374278,1.949010,0.726000,0,-0.577275,-0.263312,1.945718,0.866900,0,0.255794,0.227986,1.936793,0.998200,0,0.026828,0.239720,1.927159,0.998400,0,0,0,0,0,0,0,0,0
134,4.469931,1,0.296228,-0.359588,2.001644,0.999800,0,-0.102605,-0.341909,2.015033,0.999700,0,0.527499,-0.320050,1.967375,0.865900,0,-0.369451,-0.287878,1.978945,0.905800,0,0.760918,-0.373856,1.947669,0.706500,0,-0.576418,-0.264879,1.946980,0.865100,0,0.255699,0.227486,1.932540,0.998200,0,0.027107,0.239503,1.925944,0.998400,0,0,0,0,0,0,0,0,0
135,4.503289,1,0.296922,-0.359497,2.001372,0.999800,0,-0.102066,-0.341980,2.015706,0.999700,0,0.528585,-0.320045,1.967045,0.866700,0,-0.367853,-0.288019,1.979740,0.907200,0,0.762947,-0.373457,1.945801,0.706500,0,-0.575514,-0.266139,1.947992,0.867000,0,0.255472,0.227132,1.927670,0.998200,0,0.027471,0.239391,1.925163,0.998400,0,0,0,0,0,0,0,0,0
136,4.536646,1,0.297877,-0.359435,2.001437,0.999800,0,-0.101351,-0.341983,2.015798,0.999700,0,0.530177,-0.320176,1.966294,0.868500,0,-0.366082,-0.288134,1.980168,0.906200,0,0.765205,-0.373198,1.943683,0.716100,0,-0.574774,-0.266918,1.948505,0.871600,0,0.255208,0.226917,1.923532,0.998200,0,0.027820,0.239284,1.924897,0.998400,0,0,0,0,0,0,0,0,0
137,4.570004,1,0.298878,-0.359403,2.001782,0.999800,0,-0.100584,-0.341940,2.015258,0.999700,0,0.531729,-0.320447,1.965237,0.869400,0,-0.364401,-0.288294,1.980165,0.906400,0,0.767086,-0.373150,1.941779,0.724100,0,-0.574358,-0.267169,1.948365,0.876700,0,0.254983,0.226714,1.921257,0.998100,0,0.028075,0.239043,1.925112,0.998300,0,0,0,0,0,0,0,0,0
138,4.603362,1,0.299646,-0.359387,2.002171,0.999800,0,-0.099893,-0.341898,2.014222,0.999700,0,0.532765,-0.320831,1.964108,0.867100,0,-0.363052,-0.288558,1.979830,0.905600,0,0.768110,-0.373308,1.940553,0.718500,0,-0.574333,-0.266956,1.947578,0.875200,0,0.254848,0.226336,1.921381,0.998100,0,0.028201,0.238563,1.925691,0.998400,0,0,0,0,0,0,0,0,0
139,4.636720,1,0.299940,-0.359371,2.002290,0.999800,0,-0.099372,-0.341912,2.012978,0.999700,0,0.533041,-0.321265,1.963188,0.859200,0,-0.362191,-0.288942,1.979409,0.907200,0,0.768078,-0.373595,1.940293,0.699200,0,-0.574648,-0.266416,1.946323,0.878400,0,0.254817,0.225637,1.923724,0.998100,0,0.028208,0.237824,1.926474,0.998400,0,0,0,0,0,0,0,0,0
140,4.670077,1,0.299643,-0.359359,2.001893,0.999800,0,-0.099059,-0.342024,2.011877,0.999700,0,0.532587,-0.321650,1.962717,0.861800,0,-0.361852,-0.289412,1.979193,0.908000,0,0.767097,-0.373904,1.941038,0.703900,0,-0.575130,-0.265718,1.944886,0.879900,0,0.254885,0.224590,1.927556,0.998100,0,0.028137,0.236904,1.927277,0.998400,0,0,0,0,0,0,0,0,0
141,4.703435,1,0.298801,-0.359379,2.000922,0.999800,0,-0.098931,-0.342251,2.011215,0.999700,0,0.531636,-0.321868,1.962823,0.848200,0,-0.361943,-0.289900,1.979379,0.908800,0,0.765498,-0.374145,1.942635,0.678000,0,-0.575531,-0.265026,1.943559,0.879700,0,0.255024,0.223318,1.931913,0.998200,0,0.028033,0.235948,1.927907,0.998400,0,0,0,0,0,0,0,0,0
142,4.736793,1,0.297606,-0.359471,1.999557,0.999800,0,-0.098926,-0.342575,2.011143,0.999700,0,0.530498,-0.321820,1.963481,0.846900,0,-0.362282,-0.290329,1.979972,0.906700,0,0.763688,-0.374282,1.944834,0.671800,0,-0.575609,-0.264473,1.942547,0.874000,0,0.255196,0.222058,1.935910,0.998200,0,0.027940,0.235105,1.928178,0.998400,0,0,0,0,0,0,0,0,0
143,4.770151,1,0.296335,-0.359663,1.998171,0.999800,0,-0.098972,-0.342964,2.011636,0.999700,0,0.529444,-0.321466,1.964515,0.854000,0,-0.362665,-0.290636,1.980776,0.907900,0,0.762026,-0.374326,1.947350,0.685800,0,-0.575226,-0.264148,1.941932,0.871300,0,0.255348,0.221073,1.938921,0.998100,0,0.027889,0.234479,1.927949,0.998400,0,0,0,0,0,0,0,0,0
144,4.803508,1,0.295257,-0.359943,1.997174,0.999800,0,-0.099016,-0.343383,2.012531,0.999700,0,0.528669,-0.320862,1.965635,0.847300,0,-0.362932,-0.290787,1.981484,0.907400,0,0.760763,-0.374311,1.949855,0.672000,0,-0.574437,-0.264083,1.941690,0.868200,0,0.255429,0.220562,1.940631,0.998100,0,0.027902,0.234110,1.927202,0.998400,0,0,0,0,0,0,0,0,0
145,4.836866,1,0.294552,-0.360250,1.996850,0.999800,0,-0.099047,-0.343802,2.013598,0.999700,0,0.528295,-0.320169,1.966495,0.843400,0,-0.363034,-0.290788,1.981819,0.902700,0,0.760037,-0.374261,1.951945,0.666400,0,-0.573520,-0.264260,1.941745,0.862700,0,0.255404,0.220613,1.941014,0.998100,0,0.027993,0.234010,1.926097,0.998400,0,0,0,0,0,0,0,0,0
146,4.870224,1,0.294275,-0.360490,1.997237,0.999800,0,-0.099098,-0.344193,2.014623,0.999700,0,0.528392,-0.319607,1.966773,0.839700,0,-0.363046,-0.290678,1.981663,0.905800,0,0.759901,-0.374191,1.953175,0.656200,0,-0.572913,-0.264626,1.942016,0.864100,0,0.255267,0.221207,1.940275,0.998200,0,0.028177,0.234207,1.924954,0.998400,0,0,0,0,0,0,0,0,0
147,4.903582,1,0.294360,-0.360576,1.998132,0.999800,0,-0.099236,-0.344536,2.015473,0.999700,0,0.528960,-0.319377,1.966258,0.840500,0,-0.363136,-0.290520,1.981105,0.905300,0,0.760323,-0.374125,1.953203,0.655800,0,-0.573072,-0.265118,1.942445,0.859600,0,0.255048,0.222239,1.938776,0.998200,0,0.028457,0.234740,1.924109,0.998400,0,0,0,0,0,0,0,0,0
148,4.936939,1,0.294665,-0.360465,1.999195,0.999800,0,-0.099527,-0.344818,2.016118,0.999700,0,0.529889,-0.319576,1.964923,0.836700,0,-0.363484,-0.290379,1.980383,0.901600,0,0.761189,-0.374113,1.951968,0.646800,0,-0.574282,-0.265675,1.942981,0.849900,0,0.254799,0.223550,1.936934,0.998200,0,0.028817,0.235618,1.923716,0.998500,0,0,0,0,0,0,0,1,0
149,4.970297,1,0.295028,-0.360183,2.000090,0.999800,0,-0.100013,-0.345039,2.016623,0.999700,0,0.530959,-0.320150,1.962960,0.841000,0,-0.364185,-0.290301,1.979770,0.905100,0,0.762294,-0.374227,1.949804,0.652100,0,-0.576498,-0.266234,1.943540,0.855600,0,0.254569,0.224940,1.935098,0.998200,0,0.029198,0.236751,1.923647,0.998500,0,0,0,0,0,0,0,0,0
150,5.003655,1,0.295324,-0.359810,2.000595,0.999800,0,-0.100677,-0.345202,2.017092,0.999700,0,0.531891,-0.320922,1.960768,0.845100,0,-0.365197,-0.290297,1.979446,0.904700,0,0.763380,-0.374534,1.947388,0.663800,0,-0.579307,-0.266714,1.943970,0.858500,0,0.254395,0.226194,1.933443,0.998100,0,0.029502,0.237941,1.923580,0.998400,0,0,0,0,0,0,0,0,0
151,5.037013,1,0.295498,-0.359453,2.000655,0.999800,0,-0.101443,-0.345301,2.017598,0.999700,0,0.532441,-0.321658,1.958870,0.848400,0,-0.366346,-0.290338,1.979437,0.902300,0,0.764194,-0.375059,1.945551,0.670800,0,-0.582040,-0.267006,1.944075,0.853300,0,0.254297,0.227112,1.931941,0.998100,0,0.029610,0.238937,1.923227,0.998400,0,0,0,0,0,0,0,0,0
152,5.070370,1,0.295574,-0.359209,2.000371,0.999800,0,-0.102191,-0.345316,2.018132,0.999700,0,0.532487,-0.322162,1.957772,0.845400,0,-0.367393,-0.290373,1.979616,0.902500,0,0.764551,-0.375769,1.945013,0.665700,0,-0.584013,-0.267002,1.943711,0.853100,0,0.254287,0.227551,1.930444,0.998100,0,0.029425,0.239530,1.922552,0.998400,0,0,0,0,0,0,0,0,0
153,5.103728,1,0.295619,-0.359133,1.999936,0.999800,0,-0.102787,-0.345226,2.018585,0.999700,0,0.532056,-0.322328,1.957797,0.853600,0,-0.368116,-0.290340,1.979753,0.903900,0,0.764379,-0.376570,1.946151,0.685500,0,-0.584778,-0.266638,1.942885,0.860800,0,0.254385,0.227449,1.928828,0.998100,0,0.028916,0.239631,1.921818,0.998400,0,0,0,0,0,0,0,0,0
154,5.137086,1,0.295698,-0.359221,1.999544,0.999800,0,-0.103117,-0.345034,2.018791,0.999700,0,0.531295,-0.322154,1.958976,0.851700,0,-0.368382,-0.290196,1.979597,0.903600,0,0.763724,-0.377332,1.948858,0.682100,0,-0.584256,-0.265943,1.941793,0.861900,0,0.254599,0.226839,1.927125,0.998100,0,0.028131,0.239282,1.921459,0.998400,0,0,0,0,0,0,0,0,0
155,5.170444,1,0.295827,-0.359413,1.999307,0.999800,0,-0.103115,-0.344779,2.018594,0.999700,0,0.530411,-0.321721,1.961043,0.843400,0,-0.368170,-0.289931,1.978974,0.902600,0,0.762728,-0.377911,1.952565,0.670900,0,-0.582704,-0.265053,1.940744,0.858700,0,0.254908,0.225825,1.925542,0.998100,0,0.027187,0.238606,1.921856,0.998400,0,0,0,0,0,0,0,0,0
156,5.203801,1,0.295954,-0.359614,1.999231,0.999800,0,-0.102775,-0.344530,2.017922,0.999700,0,0.529610,-0.321153,1.963542,0.842400,0,-0.367570,-0.289584,1.977863,0.897800,0,0.761590,-0.378181,1.956398,0.667000,0,-0.580576,-0.264176,1.940027,0.847300,0,0.255232,0.224549,1.924365,0.998100,0,0.026235,0.237732,1.923148,0.998400,0,0,0,0,0,0,0,0,0
157,5.237159,1,0.295982,-0.359734,1.999234,0.999800,0,-0.102155,-0.344359,2.016822,0.999700,0,0.529070,-0.320580,1.965988,0.847300,0,-0.366760,-0.289231,1.976434,0.898800,0,0.760535,-0.378052,1.959426,0.678500,0,-0.578352,-0.263514,1.939789,0.854200,0,0.255446,0.223174,1.923787,0.998100,0,0.025423,0.236755,1.925154,0.998300,0,0,0,0,0,0,0,0,0
158,5.270517,1,0.295810,-0.359716,1.999195,0.999800,0,-0.101364,-0.344303,2.015454,0.999700,0,0.528946,-0.320107,1.967981,0.847200,0,-0.365964,-0.288965,1.975008,0.901700,0,0.759810,-0.377489,1.960895,0.676700,0,-0.576418,-0.263185,1.939988,0.856300,0,0.255419,0.221886,1.923800,0.998100,0,0.024873,0.235753,1.927410,0.998400,0,0,0,0,0,0,0,0,0
159,5.303875,1,0.295393,-0.359554,1.998999,0.999800,0,-0.100538,-0.344355,2.014028,0.999700,0,0.529381,-0.319801,1.969256,0.854000,0,-0.365400,-0.288858,1.973956,0.901900,0,0.759674,-0.376525,1.960396,0.691500,0,-0.575010,-0.263190,1.940432,0.858000,0,0.255081,0.220919,1.924202,0.998100,0,0.024675,0.234833,1.929291,0.998400,0,0,0,0,0,0,0,0,0
160,5.337232,1,0.294775,-0.359286,1.998581,0.999800,0,-0.099808,-0.344469,2.012736,0.999700,0,0.530496,-0.319678,1.969679,0.852200,0,-0.365213,-0.288934,1.973562,0.903500,0,0.760361,-0.375258,1.957937,0.684500,0,-0.574198,-0.263429,1.940857,0.861600,0,0.254477,0.220542,1.924729,0.998100,0,0.024877,0.234163,1.930197,0.998400,0,0,0,0,0,0,0,0,0
161,5.370590,1,0.294099,-0.358976,1.997956,0.999800,0,-0.099264,-0.344585,2.011698,0.999700,0,0.532340,-0.319705,1.969232,0.850000,0,-0.365425,-0.289167,1.973917,0.906000,0,0.761999,-0.373844,1.953919,0.676800,0,-0.573909,-0.263767,1.941004,0.863600,0,0.253771,0.220986,1.925214,0.998200,0,0.025482,0.233937,1.929749,0.998500,0,0,0,0,0,0,0,0,0
162,5.403948,1,0.293563,-0.358693,1.997240,0.999800,0,-0.098941,-0.344663,2.010974,0.999700,0,0.534824,-0.319816,1.968017,0.851100,0,-0.365910,-0.289485,1.974885,0.902800,0,0.764516,-0.372467,1.949034,0.676700,0,-0.573955,-0.264100,1.940674,0.846600,0,0.253192,0.222338,1.925675,0.998200,0,0.026425,0.234289,1.927918,0.998400,0,0,0,0,0,0,0,0,0
163,5.437305,1,0.293359,-0.358495,1.996627,0.999800,0,-0.098821,-0.344694,2.010609,0.999700,0,0.537671,-0.319932,1.966242,0.859100,0,-0.366429,-0.289804,1.976149,0.903700,0,0.767595,-0.371300,1.944095,0.695900,0,-0.574096,-0.264401,1.939772,0.849900,0,0.252948,0.224454,1.926292,0.998200,0,0.027564,0.235201,1.925046,0.998400,0,0,0,0,0,0,0,0,0
164,5.470663,1,0.293612,-0.358420,1.996344,0.999800,0,-0.098851,-0.344707,2.010665,0.999700,0,0.540429,-0.319997,1.964187,0.867400,0,-0.366703,-0.290049,1.977320,0.902600,0,0.770725,-0.370476,1.939869,0.716300,0,-0.574103,-0.264715,1.938330,0.851800,0,0.253150,0.226959,1.927291,0.998200,0,0.028698,0.236487,1.921732,0.998300,0,0,0,0,0,0,0,0,0
165,5.504021,1,0.294342,-0.358481,1.996558,0.999800,0,-0.098969,-0.344746,2.011188,0.999700,0,0.542565,-0.319987,1.962129,0.870000,0,-0.366512,-0.290175,1.978059,0.903500,0,0.773334,-0.370064,1.936949,0.724500,0,-0.573829,-0.265126,1.936518,0.857900,0,0.253787,0.229354,1.928814,0.998200,0,0.029615,0.237847,1.918659,0.998400,0,0,0,0,0,0,0,0,1
166,5.537379,1,0.295450,-0.358659,1.997310,0.999800,0,-0.099116,-0.344841,2.012136,0.999700,0,0.543599,-0.319913,1.960275,0.871300,0,-0.365776,-0.290169,1.978170,0.903400,0,0.774956,-0.370063,1.935693,0.725900,0,-0.573247,-0.265709,1.934619,0.856900,0,0.254731,0.231170,1.930827,0.998200,0,0.030157,0.238979,1.916433,0.998400,0,0,0,0,0,0,0,0,0
167,5.570737,1,0.296749,-0.358910,1.998464,0.999800,0,-0.099248,-0.344988,2.013317,0.999700,0,0.543251,-0.319801,1.958720,0.872800,0,-0.364583,-0.290051,1.977637,0.901700,0,0.775351,-0.370401,1.936202,0.725700,0,-0.572450,-0.266495,1.932967,0.850100,0,0.255783,0.232107,1.933104,0.998200,0,0.030272,0.239662,1.915464,0.998400,0,0,0,0,0,0,0,0,0
168,5.604094,1,0.297997,-0.359168,1.999732,0.999800,0,-0.099340,-0.345147,2.014432,0.999700,0,0.541538,-0.319666,1.957474,0.871800,0,-0.363150,-0.289860,1.976592,0.904600,0,0.774540,-0.370936,1.938315,0.728400,0,-0.571610,-0.267451,1.931866,0.860500,0,0.256724,0.232094,1.935281,0.998200,0,0.030027,0.239802,1.915918,0.998400,0,0,0,0,0,0,0,0,0
169,5.637452,1,0.298957,-0.359367,2.000769,0.999800,0,-0.099381,-0.345273,2.015197,0.999700,0,0.538785,-0.319510,1.956530,0.875600,0,-0.361741,-0.289643,1.975269,0.905600,0,0.772767,-0.371474,1.941625,0.735900,0,-0.570907,-0.268484,1.931507,0.862900,0,0.257369,0.231263,1.936926,0.998200,0,0.029576,0.239418,1.917704,0.998300,0,0,0,0,0,0,0,0,0
170,5.670810,1,0.299449,-0.359459,2.001295,0.999800,0,-0.099378,-0.345335,2.015483,0.999700,0,0.535533,-0.319316,1.955941,0.876700,0,-0.360585,-0.289442,1.973939,0.906000,0,0.770406,-0.371810,1.945537,0.736700,0,-0.570470,-0.269470,1.931899,0.862900,0,0.257599,0.229864,1.937609,0.998100,0,0.029098,0.238598,1.920476,0.998300,0,0,0,0,0,0,0,0,0
171,5.704167,1,0.299400,-0.359434,2.001219,0.999800,0,-0.099345,-0.345333,2.015360,0.999700,0,0.532377,-0.319066,1.955841,0.867200,0,-0.359820,-0.289292,1.972852,0.904800,0,0.767860,-0.371777,1.949384,0.716600,0,-0.570337,-0.270280,1.932838,0.862400,0,0.257380,0.228165,1.936982,0.998200,0,0.028738,0.237450,1.923671,0.998400,0,0,0,0,0,0,0,0,0
172,5.737525,1,0.298862,-0.359318,2.000661,0.999800,0,-0.099300,-0.345294,2.015034,0.999700,0,0.529792,-0.318758,1.956381,0.869600,0,-0.359480,-0.289213,1.972183,0.905100,0,0.765458,-0.371300,1.952580,0.720300,0,-0.570470,-0.270823,1.933938,0.864200,0,0.256762,0.226372,1.934909,0.998100,0,0.028563,0.236065,1.926612,0.998400,0,0,0,0,0,0,0,0,0
173,5.770883,1,0.297991,-0.359163,1.999883,0.999800,0,-0.099255,-0.345250,2.014717,0.999700,0,0.528012,-0.318414,1.957625,0.869000,0,-0.359516,-0.289201,1.971979,0.907400,0,0.763397,-0.370430,1.954753,0.715700,0,-0.570779,-0.271067,1.934723,0.867700,0,0.255870,0.224597,1.931612,0.998200,0,0.028564,0.234512,1.928689,0.998400,0,0,0,0,0,0,0,0,0
174,5.804241,1,0.296989,-0.359023,1.999170,0.999800,0,-0.099217,-0.345215,2.014505,0.999700,0,0.527018,-0.318080,1.959459,0.854900,0,-0.359830,-0.289236,1.972147,0.906000,0,0.761722,-0.369325,1.955816,0.688900,0,-0.571165,-0.271057,1.934763,0.863300,0,0.254874,0.222880,1.927708,0.998200,0,0.028671,0.232859,1.929563,0.998400,0,0,0,0,0,0,0,0,0
175,5.837598,1,0.296047,-0.358937,1.998724,0.999800,0,-0.099185,-0.345184,2.014354,0.999700,0,0.526614,-0.317823,1.961581,0.854700,0,-0.360310,-0.289282,1.972483,0.904700,0,0.760378,-0.368204,1.955955,0.684600,0,-0.571544,-0.270912,1.933814,0.858300,0,0.253937,0.221223,1.924017,0.998200,0,0.028790,0.231197,1.929301,0.998400,0,0,0,0,0,0,0,0,0
176,5.870956,1,0.295304,-0.358918,1.998620,0.999800,0,-0.099163,-0.345141,2.014137,0.999700,0,0.526561,-0.317700,1.963586,0.858600,0,-0.360853,-0.289303,1.972753,0.905500,0,0.759289,-0.367269,1.955510,0.692000,0,-0.571866,-0.270800,1.931895,0.860700,0,0.253157,0.219645,1.921216,0.998200,0,0.028835,0.229659,1.928376,0.998400,0,0,0,0,0,0,0,0,0
177,5.904314,1,0.294826,-0.358963,1.998820,0.999800,0,-0.099158,-0.345072,2.013754,0.999700,0,0.526719,-0.317740,1.965089,0.854700,0,-0.361384,-0.289279,1.972784,0.904700,0,0.758456,-0.366653,1.954798,0.681700,0,-0.572115,-0.270910,1.929273,0.859200,0,0.252547,0.218216,1.919554,0.998200,0,0.028761,0.228404,1.927518,0.998400,0,0,0,0,0,0,0,0,0
178,5.937672,1,0.294613,-0.359051,1.999211,0.999800,0,-0.099181,-0.344980,2.013211,0.999700,0,0.527113,-0.317930,1.965837,0.855400,0,-0.361853,-0.289211,1.972526,0.905000,0,0.758005,-0.366377,1.953928,0.678600,0,-0.572280,-0.271403,1.926348,0.858600,0,0.252057,0.217068,1.918815,0.998100,0,0.028574,0.227595,1.927427,0.998400,0,0,0,0,0,0,0,0,0
179,5.971029,1,0.294619,-0.359155,1.999651,0.999800,0,-0.099238,-0.344886,2.012630,0.999700,0,0.527914,-0.318222,1.965766,0.847800,0,-0.362234,-0.289124,1.972049,0.903400,0,0.758178,-0.366368,1.952752,0.664600,0,-0.572340,-0.272372,1.923479,0.859200,0,0.251641,0.216379,1.918550,0.998200,0,0.028339,0.227362,1.928468,0.998400,0,0,0,0,0,0,0,0,0
180,6.004387,1,0.294776,-0.359243,2.000004,0.999800,0,-0.099319,-0.344821,2.012202,0.999700,0,0.529317,-0.318557,1.964979,0.849500,0,-0.362497,-0.289053,1.971481,0.903800,0,0.759228,-0.366495,1.950975,0.667200,0,-0.572233,-0.273821,1.920849,0.861300,0,0.251304,0.216331,1.918412,0.998100,0,0.028159,0.227777,1.930469,0.998400,0,0,0,0,0,0,0,1,0
181,6.037745,1,0.295022,-0.359285,2.000164,0.999800,0,-0.099393,-0.344811,2.012108,0.999700,0,0.531416,-0.318881,1.963706,0.842400,0,-0.362587,-0.289025,1.970934,0.904500,0,0.761287,-0.366627,1.948376,0.654500,0,-0.571857,-0.275656,1.918407,0.862800,0,0.251125,0.217053,1.918401,0.998100,0,0.028146,0.228854,1.932774,0.998400,0,0,0,0,0,0,0,0,0
182,6.071103,1,0.295323,-0.359257,2.000063,0.999800,0,-0.099406,-0.344868,2.012447,0.999700,0,0.534105,-0.319157,1.962239,0.850600,0,-0.362400,-0.289046,1.970451,0.907800,0,0.764250,-0.366681,1.945014,0.671800,0,-0.571082,-0.277717,1.915917,0.868000,0,0.251223,0.218574,1.918862,0.998100,0,0.028383,0.230552,1.934541,0.998400,0,0,0,0,0,0,0,0,0
183,6.104460,1,0.295680,-0.359145,1.999669,0.999800,0,-0.099295,-0.344982,2.013190,0.999700,0,0.537081,-0.319369,1.960877,0.852400,0,-0.361799,-0.289096,1.969999,0.908100,0,0.767745,-0.366642,1.941287,0.672600,0,-0.569767,-0.279835,1.913041,0.869800,0,0.251690,0.220800,1.920243,0.998100,0,0.028892,0.232787,1.935153,0.998400,0,0,0,0,0,0,0,0,0
184,6.137818,1,0.296128,-0.358952,1.998996,0.999800,0,-0.099012,-0.345129,2.014187,0.999700,0,0.539925,-0.319526,1.959879,0.856900,0,-0.360670,-0.289134,1.969504,0.907400,0,0.771217,-0.366556,1.937832,0.680600,0,-0.567783,-0.281895,1.909429,0.870900,0,0.252541,0.223517,1.922778,0.998100,0,0.029612,0.235438,1.934517,0.998300,0,0,0,0,0,0,0,0,0
185,6.171176,1,0.296718,-0.358713,1.998131,0.999800,0,-0.098548,-0.345276,2.015213,0.999700,0,0.542227,-0.319652,1.959428,0.857100,0,-0.358991,-0.289118,1.968895,0.908200,0,0.774072,-0.366504,1.935300,0.684800,0,-0.565039,-0.283890,1.904772,0.876000,0,0.253681,0.226420,1.926260,0.998100,0,0.030425,0.238328,1.933075,0.998400,0,0,0,0,0,0,0,0,0
186,6.204533,1,0.297490,-0.358496,1.997243,0.999800,0,-0.097950,-0.345398,2.016043,0.999700,0,0.543687,-0.319783,1.959587,0.860300,0,-0.356881,-0.289018,1.968106,0.908900,0,0.775844,-0.366569,1.934148,0.689600,0,-0.561492,-0.285943,1.898852,0.878700,0,0.254924,0.229168,1.930043,0.998100,0,0.031190,0.241219,1.931533,0.998400,0,0,0,0,0,0,0,0,0
187,6.237891,1,0.298440,-0.358392,1.996573,0.999800,0,-0.097307,-0.345481,2.016516,0.999700,0,0.544168,-0.319938,1.960268,0.863300,0,-0.354588,-0.288842,1.967076,0.911400,0,0.776301,-0.366799,1.934513,0.695700,0,-0.557160,-0.288280,1.891566,0.884400,0,0.256033,0.231454,1.933263,0.998100,0,0.031788,0.243818,1.930457,0.998400,0,0,0,0,0,0,0,0,0
188,6.271249,1,0.299502,-0.358495,1.996361,0.999800,0,-0.096731,-0.345529,2.016570,0.999700,0,0.543695,-0.320106,1.961231,0.867000,0,-0.352418,-0.288641,1.965731,0.911500,0,0.775504,-0.367190,1.936208,0.703500,0,-0.552117,-0.291174,1.882959,0.886100,0,0.256782,0.233063,1.935148,0.998100,0,0.032159,0.245836,1.930015,0.998400,0,0,0,0,0,0,0,0,0
189,6.304607,1,0.300554,-0.358866,1.996774,0.999800,0,-0.096307,-0.345548,2.016243,0.999700,0,0.542425,-0.320238,1.962139,0.868700,0,-0.350632,-0.288501,1.964019,0.911900,0,0.773789,-0.367683,1.938815,0.713200,0,-0.546474,-0.294848,1.873220,0.893700,0,0.257019,0.233916,1.935294,0.998100,0,0.032301,0.247061,1.929975,0.998300,0,0,0,0,0,0,0,0,0
190,6.337964,1,0.301445,-0.359503,1.997832,0.999800,0,-0.096063,-0.345540,2.015634,0.999700,0,0.540596,-0.320264,1.962654,0.863000,0,-0.349348,-0.288517,1.961944,0.913100,0,0.771671,-0.368171,1.941810,0.701600,0,-0.540347,-0.299391,1.862662,0.899100,0,0.256717,0.234069,1.933808,0.998100,0,0.032265,0.247424,1.929925,0.998300,0,0,0,0,0,0,0,0,0
191,6.371322,1,0.302044,-0.360337,1.999405,0.999800,0,-0.095958,-0.345481,2.014840,0.999700,0,0.538483,-0.320116,1.962569,0.862600,0,-0.348490,-0.288752,1.959588,0.908700,0,0.769704,-0.368528,1.944671,0.702300,0,-0.533844,-0.304702,1.851678,0.899600,0,0.255995,0.233685,1.931261,0.998000,0,0.032124,0.247021,1.929532,0.998300,0,0,0,0,0,0,0,0,0
192,6.404680,1,0.302292,-0.361250,2.001267,0.999800,0,-0.095899,-0.345325,2.013902,0.999700,0,0.536361,-0.319766,1.961900,0.865500,0,-0.347791,-0.289205,1.957097,0.911000,0,0.768324,-0.368639,1.946956,0.709600,0,-0.527066,-0.310493,1.840727,0.903800,0,0.255097,0.232983,1.928496,0.998100,0,0.031955,0.246094,1.928710,0.998300,0,0,0,0,0,0,0,0,0
193,6.438038,1,0.302225,-0.362117,2.003186,0.999800,0,-0.095771,-0.345008,2.012801,0.999700,0,0.534479,-0.319240,1.960912,0.867500,0,-0.346866,-0.289811,1.954631,0.912700,0,0.767736,-0.368437,1.948347,0.714300,0,-0.520139,-0.316337,1.830315,0.906800,0,0.254333,0.232201,1.926380,0.998100,0,0.031819,0.244968,1.927632,0.998400,0,0,0,0,0,0,0,0,0
194,6.471395,1,0.301970,-0.362841,2.004984,0.999800,0,-0.095487,-0.344479,2.011490,0.999700,0,0.533039,-0.318617,1.960037,0.865600,0,-0.345320,-0.290461,1.952346,0.912900,0,0.767886,-0.367923,1.948683,0.714700,0,-0.513230,-0.321766,1.820969,0.910900,0,0.253986,0.231572,1.925594,0.998000,0,0.031753,0.243991,1.926620,0.998300,0,0,0,0,0,0,0,0,0
195,6.504753,1,0.301700,-0.363370,2.006551,0.999800,0,-0.095015,-0.343734,2.009970,0.999700,0,0.532166,-0.317994,1.959715,0.860900,0,-0.342870,-0.291047,1.950388,0.912000,0,0.768503,-0.367172,1.947992,0.713600,0,-0.506528,-0.326376,1.813145,0.916300,0,0.254232,0.231314,1.926487,0.998000,0,0.031771,0.243458,1.925990,0.998300,0,0,0,0,0,0,0,0,0
196,6.538111,1,0.301578,-0.363679,2.007809,0.999800,0,-0.094398,-0.342836,2.008359,0.999700,0,0.531888,-0.317440,1.960233,0.853200,0,-0.339422,-0.291514,1.948891,0.910600,0,0.769214,-0.366315,1.946506,0.701700,0,-0.500206,-0.329914,1.807102,0.919300,0,0.255081,0.231611,1.928992,0.998000,0,0.031859,0.243571,1.925914,0.998300,0,0,0,0,0,0,0,0,0
197,6.571469,1,0.301703,-0.363758,2.008698,0.999800,0,-0.093733,-0.341914,2.006901,0.999700,0,0.532140,-0.316969,1.961631,0.853200,0,-0.335092,-0.291872,1.947969,0.910500,0,0.769670,-0.365507,1.944640,0.706200,0,-0.494366,-0.332331,1.802824,0.923700,0,0.256381,0.232573,1.932609,0.997900,0,0.031987,0.244401,1.926362,0.998200,0,0,0,0,0,0,0,0,0
198,6.604826,1,0.302097,-0.363602,2.009189,0.999800,0,-0.093130,-0.341121,2.005903,0.999700,0,0.532786,-0.316537,1.963714,0.854900,0,-0.330161,-0.292196,1.947683,0.914400,0,0.769666,-0.364884,1.942914,0.712000,0,-0.489014,-0.333780,1.800019,0.928600,0,0.257861,0.234180,1.936467,0.997900,0,0.032104,0.245875,1.927124,0.998200,0,0,0,0,0,0,0,0,0
199,6.638184,1,0.302711,-0.363223,2.009312,0.999800,0,-0.092663,-0.340588,2.005618,0.999700,0,0.533663,-0.316070,1.966127,0.859600,0,-0.324984,-0.292585,1.948029,0.913500,0,0.769198,-0.364535,1.941824,0.728200,0,-0.484067,-0.334564,1.798212,0.933500,0,0.259215,0.236249,1.939513,0.997800,0,0.032152,0.247781,1.927901,0.998100,0,0,0,0,0,0,0,0,0
200,6.671542,1,0.303465,-0.362674,2.009167,0.999800,0,-0.092340,-0.340370,2.006129,0.999700,0,0.534623,-0.315505,1.968474,0.848600,0,-0.319896,-0.293113,1.948923,0.909200,0,0.768444,-0.364486,1.941710,0.722000,0,-0.479381,-0.335056,1.796869,0.937300,0,0.260188,0.238461,1.940799,0.997700,0,0.032073,0.249811,1.928423,0.998100,0,0,0,0,0,0,0,1,0
201,6.704899,1,0.304278,-0.362044,2.008894,0.999800,0,-0.092106,-0.340437,2.007287,0.999700,0,0.535566,-0.314820,1.970427,0.840100,0,-0.315146,-0.293794,1.950213,0.903500,0,0.767680,-0.364707,1.942666,0.717300,0,-0.474805,-0.335620,1.795528,0.940100,0,0.260652,0.240443,1.939795,0.997700,0,0.031827,0.251623,1.928549,0.998100,0,0,0,0,0,0,0,0,0
202,6.738257,1,0.305091,-0.361445,2.008635,0.999800,0,-0.091869,-0.340684,2.008735,0.999800,0,0.536438,-0.314050,1.971800,0.834100,0,-0.310880,-0.294569,1.951678,0.904100,0,0.767167,-0.365131,1.944551,0.705700,0,-0.470233,-0.336550,1.793860,0.941500,0,0.260633,0.241889,1.936613,0.997800,0,0.031410,0.252935,1.928300,0.998200,0,0,0,0,0,0,0,0,0
203,6.771615,1,0.305864,-0.360973,2.008508,0.999800,0,-0.091550,-0.340976,2.010018,0.999700,0,0.537224,-0.313275,1.972574,0.838500,0,-0.307156,-0.295324,1.953050,0.905200,0,0.767059,-0.365680,1.947068,0.715800,0,-0.465640,-0.338031,1.791692,0.943900,0,0.260298,0.242668,1.932013,0.997800,0,0.030861,0.253603,1.927818,0.998200,0,0,0,0,0,0,0,0,0
204,6.804973,1,0.306572,-0.360691,2.008588,0.999800,0,-0.091116,-0.341188,2.010736,0.999700,0,0.537924,-0.312588,1.972876,0.835200,0,-0.303969,-0.295932,1.954065,0.897400,0,0.767365,-0.366286,1.949886,0.720500,0,-0.461073,-0.340138,1.788968,0.944700,0,0.259892,0.242857,1.927200,0.997700,0,0.030260,0.253657,1.927277,0.998000,0,0,0,0,0,0,0,0,0
205,6.838330,1,0.307195,-0.360605,2.008898,0.999800,0,-0.090590,-0.341249,2.010670,0.999700,0,0.538545,-0.312071,1.972911,0.832900,0,-0.301267,-0.296302,1.954536,0.896300,0,0.767955,-0.366900,1.952730,0.715600,0,-0.456599,-0.342844,1.785689,0.945000,0,0.259654,0.242684,1.923452,0.997700,0,0.029714,0.253277,1.926792,0.998000,0,0,0,0,0,0,0,0,0
206,6.871688,1,0.307715,-0.360680,2.009403,0.999800,0,-0.090031,-0.341145,2.009831,0.999700,0,0.539082,-0.311768,1.972887,0.836900,0,-0.298952,-0.296405,1.954414,0.897300,0,0.768614,-0.367481,1.955417,0.725100,0,-0.452224,-0.346046,1.781867,0.947200,0,0.259737,0.242407,1.921747,0.997600,0,0.029329,0.252706,1.926383,0.998000,0,0,0,0,0,0,0,0,0
207,6.905046,1,0.308107,-0.360847,2.010009,0.999800,0,-0.089493,-0.340916,2.008426,0.999700,0,0.539518,-0.311685,1.972937,0.829100,0,-0.296884,-0.296264,1.953791,0.890700,0,0.769104,-0.367982,1.957824,0.716900,0,-0.447827,-0.349596,1.777520,0.947500,0,0.260152,0.242179,1.922484,0.997600,0,0.029188,0.252136,1.926002,0.997900,0,0,0,0,0,0,0,0,0
208,6.938404,1,0.308345,-0.361034,2.010585,0.999800,0,-0.089002,-0.340632,2.006789,0.999700,0,0.539807,-0.311787,1.973083,0.826500,0,-0.294898,-0.295936,1.952859,0.887500,0,0.769226,-0.368342,1.959847,0.720000,0,-0.443146,-0.353326,1.772714,0.949900,0,0.260748,0.241974,1.925381,0.997400,0,0.029322,0.251621,1.925585,0.997800,0,0,0,0,0,0,0,0,0
209,6.971761,1,0.308398,-0.361181,2.011005,0.999800,0,-0.088545,-0.340369,2.005303,0.999700,0,0.539879,-0.312012,1.973239,0.827100,0,-0.292826,-0.295470,1.951841,0.889100,0,0.768874,-0.368487,1.961376,0.719600,0,-0.437832,-0.357052,1.767619,0.948200,0,0.261248,0.241590,1.929564,0.997400,0,0.029692,0.251065,1.925118,0.997800,0,0,0,0,0,0,0,0,0
210,7.005119,1,0.308239,-0.361256,2.011195,0.999800,0,-0.088089,-0.340196,2.004334,0.999700,0,0.539656,-0.312279,1.973264,0.827800,0,-0.290525,-0.294887,1.950952,0.890100,0,0.768068,-0.368358,1.962298,0.716200,0,-0.431566,-0.360579,1.762539,0.943800,0,0.261327,0.240749,1.933794,0.997500,0,0.030190,0.250281,1.924655,0.997800,0,0,0,0,0,0,0,0,0
211,7.038477,1,0.307862,-0.361257,2.011151,0.999800,0,-0.087599,-0.340155,2.004143,0.999700,0,0.539086,-0.312493,1.973036,0.829500,0,-0.287900,-0.294167,1.950368,0.891300,0,0.766948,-0.367928,1.962515,0.716400,0,-0.424192,-0.363710,1.757883,0.942500,0,0.260719,0.239245,1.936811,0.997500,0,0.030657,0.249109,1.924309,0.997800,0,0,0,0,0,0,0,0,0
212,7.071834,1,0.307288,-0.361199,2.010911,0.999800,0,-0.087056,-0.340249,2.004813,0.999700,0,0.538184,-0.312553,1.972528,0.832100,0,-0.284924,-0.293265,1.950210,0.893300,0,0.765746,-0.367228,1.961975,0.717900,0,-0.415817,-0.366273,1.754078,0.942300,0,0.259334,0.237066,1.937697,0.997600,0,0.030938,0.247516,1.924192,0.997900,0,0,0,0,0,0,0,0,0
213,7.105192,1,0.306577,-0.361103,2.010510,0.999800,0,-0.086452,-0.340448,2.006192,0.999700,0,0.537060,-0.312364,1.971851,0.826500,0,-0.281656,-0.292139,1.950540,0.888400,0,0.764719,-0.366344,1.960714,0.706500,0,-0.406824,-0.368153,1.751446,0.941100,0,0.257318,0.234443,1.936159,0.997600,0,0.030933,0.245642,1.924343,0.997900,0,0,0,0,0,0,0,0,0
214,7.138550,1,0.305815,-0.360982,2.009964,0.999800,0,-0.085793,-0.340690,2.007921,0.999700,0,0.535907,-0.311860,1.971239,0.820500,0,-0.278238,-0.290789,1.951350,0.887600,0,0.764070,-0.365405,1.958902,0.699500,0,-0.397786,-0.369315,1.750099,0.943800,0,0.255030,0.231794,1.932609,0.997600,0,0.030636,0.243752,1.924690,0.997900,0,0,0,0,0,0,0,0,0
215,7.171908,1,0.305105,-0.360846,2.009288,0.999800,0,-0.085088,-0.340914,2.009533,0.999700,0,0.534941,-0.311024,1.970969,0.808600,0,-0.274878,-0.289280,1.952572,0.886200,0,0.763891,-0.364557,1.956876,0.678000,0,-0.389316,-0.369802,1.749889,0.944100,0,0.252940,0.229582,1.928024,0.997600,0,0.030138,0.242143,1.925087,0.998000,0,0,0,0,0,0,0,0,0
216,7.205265,1,0.304534,-0.360706,2.008534,0.999800,0,-0.084366,-0.341080,2.010612,0.999700,0,0.534326,-0.309912,1.971255,0.814900,0,-0.271807,-0.287738,1.954099,0.884300,0,0.764135,-0.363926,1.955095,0.691900,0,-0.381920,-0.369728,1.750464,0.945500,0,0.251462,0.228163,1.923628,0.997600,0,0.029585,0.241034,1.925392,0.997900,0,0,0,0,0,0,0,0,0
217,7.238623,1,0.304156,-0.360576,2.007792,0.999800,0,-0.083669,-0.341192,2.010934,0.999700,0,0.534109,-0.308650,1.972140,0.818500,0,-0.269232,-0.286327,1.955819,0.881600,0,0.764634,-0.363592,1.954011,0.707500,0,-0.375890,-0.369248,1.751392,0.949000,0,0.250820,0.227680,1.920549,0.997500,0,0.029118,0.240498,1.925537,0.997900,0,0,0,0,0,0,0,0,0
218,7.271981,1,0.303975,-0.360473,2.007179,0.999800,0,-0.083057,-0.341294,2.010530,0.999700,0,0.534199,-0.307417,1.973472,0.813500,0,-0.267293,-0.285201,1.957634,0.876900,0,0.765155,-0.363562,1.953882,0.711300,0,-0.371273,-0.368545,1.752299,0.951600,0,0.250972,0.228025,1.919511,0.997500,0,0.028819,0.240447,1.925539,0.997900,0,0,0,0,0,0,0,0,0
219,7.305339,1,0.303952,-0.360411,2.006794,0.999800,0,-0.082584,-0.341449,2.009632,0.999700,0,0.534413,-0.306403,1.974943,0.818300,0,-0.266047,-0.284456,1.959455,0.874800,0,0.765487,-0.363767,1.954633,0.722300,0,-0.367913,-0.367807,1.752973,0.953800,0,0.251633,0.228894,1.920662,0.997500,0,0.028690,0.240668,1.925470,0.997800,0,0,0,0,0,0,0,0,0
220,7.338696,1,0.304020,-0.360395,2.006677,0.999800,0,-0.082283,-0.341707,2.008557,0.999700,0,0.534563,-0.305776,1.976191,0.816600,0,-0.265466,-0.284106,1.961171,0.874200,0,0.765517,-0.364083,1.955864,0.727600,0,-0.365531,-0.367195,1.753386,0.956700,0,0.252382,0.229873,1.923540,0.997500,0,0.028657,0.240892,1.925424,0.997800,0,0,0,0,0,0,0,0,0
221,7.372054,1,0.304103,-0.360415,2.006788,0.999800,0,-0.082157,-0.342076,2.007576,0.999800,0,0.534532,-0.305644,1.976925,0.801300,0,-0.265451,-0.284086,1.962611,0.868500,0,0.765281,-0.364367,1.956991,0.713600,0,-0.363817,-0.366822,1.753646,0.958400,0,0.252804,0.230559,1.927216,0.997500,0,0.028606,0.240868,1.925485,0.997800,0,0,0,0,0,0,0,0,0
222,7.405412,1,0.304142,-0.360459,2.007043,0.999800,0,-0.082180,-0.342522,2.006845,0.999800,0,0.534325,-0.306047,1.977011,0.795100,0,-0.265854,-0.284270,1.963568,0.867600,0,0.764945,-0.364508,1.957476,0.709600,0,-0.362500,-0.366726,1.753904,0.960300,0,0.252627,0.230666,1.930544,0.997500,0,0.028431,0.240440,1.925696,0.997900,0,0,0,0,0,0,0,0,0
223,7.438770,1,0.304119,-0.360514,2.007367,0.999800,0,-0.082303,-0.342985,2.006407,0.999800,0,0.534044,-0.306941,1.976489,0.790500,0,-0.266500,-0.284524,1.963866,0.864600,0,0.764744,-0.364451,1.957019,0.705800,0,-0.361379,-0.366871,1.754249,0.961800,0,0.251791,0.230099,1.932466,0.997600,0,0.028074,0.239584,1.926037,0.997900,0,0,0,0,0,0,0,0,1
224,7.472127,1,0.304067,-0.360580,2.007751,0.999800,0,-0.082467,-0.343399,2.006244,0.999800,0,0.533832,-0.308200,1.975525,0.780200,0,-0.267202,-0.284734,1.963453,0.860800,0,0.764879,-0.364211,1.955670,0.689000,0,-0.360323,-0.367145,1.754640,0.962300,0,0.250446,0.228969,1.932308,0.997600,0,0.027546,0.238414,1.926411,0.998000,0,0,0,0,0,0,0,0,0
225,7.505485,1,0.304062,-0.360670,2.008252,0.999800,0,-0.082603,-0.343724,2.006328,0.999800,0,0.533799,-0.309620,1.974333,0.778200,0,-0.267778,-0.284830,1.962462,0.852200,0,0.765439,-0.363859,1.953782,0.693100,0,-0.359258,-0.367392,1.754916,0.962400,0,0.248882,0.227559,1.929952,0.997500,0,0.026920,0.237139,1.926662,0.997900,0,0,0,0,0,0,0,0,0
226,7.538843,1,0.304196,-0.360799,2.008949,0.999800,0,-0.082644,-0.343949,2.006644,0.999800,0,0.533978,-0.310947,1.973113,0.775400,0,-0.268069,-0.284779,1.961196,0.842600,0,0.766349,-0.363483,1.951863,0.694100,0,-0.358153,-0.367457,1.754892,0.962600,0,0.247433,0.226233,1.925865,0.997400,0,0.026301,0.235997,1.926634,0.997700,0,0,0,0,0,0,0,0,0
227,7.572201,1,0.304541,-0.360971,2.009871,0.999800,0,-0.082535,-0.344095,2.007171,0.999800,0,0.534327,-0.311924,1.972030,0.765800,0,-0.267960,-0.284570,1.960042,0.843000,0,0.767382,-0.363160,1.950363,0.679100,0,-0.357019,-0.367230,1.754504,0.964200,0,0.246382,0.225321,1.920954,0.997500,0,0.025789,0.235183,1.926264,0.997800,0,0,0,0,0,0,0,1,0
228,7.605559,1,0.305109,-0.361171,2.010951,0.999800,0,-0.082241,-0.344190,2.007860,0.999800,0,0.534750,-0.312360,1.971191,0.755600,0,-0.267397,-0.284199,1.959349,0.840000,0,0.768229,-0.362931,1.949535,0.662600,0,-0.355909,-0.366692,1.753910,0.964600,0,0.245901,0.225017,1.916325,0.997400,0,0.025447,0.234798,1.925661,0.997800,0,0,0,0,0,0,0,0,0
229,7.638917,1,0.305830,-0.361371,2.012043,0.999800,0,-0.081763,-0.344262,2.008616,0.999800,0,0.535147,-0.312192,1.970650,0.761700,0,-0.266405,-0.283663,1.959316,0.840700,0,0.768608,-0.362809,1.949400,0.670700,0,-0.354912,-0.365919,1.753470,0.964900,0,0.246024,0.225319,1.913005,0.997400,0,0.025287,0.234825,1.925082,0.997800,0,0,0,0,0,0,0,0,0
230,7.672274,1,0.306568,-0.361535,2.012971,0.999800,0,-0.081151,-0.344323,2.009321,0.999800,0,0.535444,-0.311518,1.970410,0.752100,0,-0.265089,-0.282969,1.959950,0.840300,0,0.768378,-0.362800,1.949818,0.656700,0,-0.354122,-0.365049,1.753588,0.964800,0,0.246666,0.226053,1.911728,0.997400,0,0.025281,0.235145,1.924806,0.997800,0,0,0,0,0,0,0,0,0
231,7.705632,1,0.307152,-0.361637,2.013606,0.999800,0,-0.080489,-0.344377,2.009869,0.999800,0,0.535618,-0.310579,1.970450,0.760900,0,-0.263619,-0.282151,1.961092,0.839400,0,0.767607,-0.362918,1.950593,0.674600,0,-0.353607,-0.364235,1.754513,0.965400,0,0.247652,0.226959,1.912786,0.997400,0,0.025376,0.235588,1.924972,0.997800,0,0,0,0,0,0,0,0,0
232,7.738990,1,0.307445,-0.361673,2.013915,0.999800,0,-0.079878,-0.344419,2.010205,0.999800,0,0.535688,-0.309676,1.970724,0.766700,0,-0.262195,-0.281269,1.962494,0.838900,0,0.766545,-0.363196,1.951541,0.686500,0,-0.353385,-0.363592,1.756208,0.966000,0,0.248772,0.227805,1.915966,0.997300,0,0.025513,0.236008,1.925499,0.997700,0,0,0,0,0,0,0,1,0
233,7.772348,1,0.307398,-0.361662,2.013972,0.999800,0,-0.079402,-0.344448,2.010342,0.999800,0,0.535693,-0.309069,1.971156,0.754800,0,-0.260987,-0.280412,1.963900,0.836100,0,0.765527,-0.363662,1.952518,0.672400,0,-0.353414,-0.363170,1.758366,0.966800,0,0.249830,0.228473,1.920582,0.997300,0,0.025640,0.236352,1.926166,0.997700,0,0,0,0,0,0,0,0,0
234,7.805705,1,0.307083,-0.361639,2.013924,0.999800,0,-0.079104,-0.344465,2.010346,0.999800,0,0.535667,-0.308874,1.971628,0.754500,0,-0.260093,-0.279667,1.965102,0.830800,0,0.764836,-0.364314,1.953408,0.674300,0,-0.353606,-0.362961,1.760541,0.967600,0,0.250683,0.228984,1.925632,0.997300,0,0.025720,0.236684,1.926770,0.997700,0,0,0,0,0,0,0,1,0
235,7.839063,1,0.306664,-0.361645,2.013931,0.999800,0,-0.078979,-0.344475,2.010295,0.999800,0,0.535639,-0.309032,1.972017,0.761600,0,-0.259520,-0.279097,1.965966,0.831500,0,0.764611,-0.365108,1.954131,0.691100,0,-0.353845,-0.362919,1.762341,0.968400,0,0.251268,0.229458,1.930075,0.997200,0,0.025735,0.237154,1.927263,0.997500,0,0,0,0,0,0,0,0,0
236,7.872421,1,0.306342,-0.361708,2.014108,0.999800,0,-0.078984,-0.344478,2.010232,0.999800,0,0.535641,-0.309346,1.972254,0.755600,0,-0.259196,-0.278721,1.966438,0.834500,0,0.764818,-0.365951,1.954656,0.671500,0,-0.354019,-0.362986,1.763565,0.967100,0,0.251610,0.230042,1.933135,0.997200,0,0.025681,0.237913,1.927754,0.997600,0,0,0,0,0,0,0,0,0
237,7.905779,1,0.306269,-0.361833,2.014474,0.999800,0,-0.079060,-0.344471,2.010151,0.999800,0,0.535721,-0.309576,1.972369,0.760300,0,-0.259016,-0.278513,1.966543,0.832200,0,0.765307,-0.366730,1.955038,0.679400,0,-0.354048,-0.363116,1.764252,0.968100,0,0.251806,0.230824,1.934529,0.997200,0,0.025573,0.239012,1.928404,0.997600,0,0,0,0,0,0,0,0,0
238,7.939136,1,0.306497,-0.361987,2.014923,0.999800,0,-0.079151,-0.344449,2.010027,0.999800,0,0.535938,-0.309543,1.972483,0.764400,0,-0.258884,-0.278416,1.966374,0.829100,0,0.765892,-0.367341,1.955410,0.688300,0,-0.353899,-0.363286,1.764632,0.966200,0,0.251983,0.231768,1.934498,0.997100,0,0.025442,0.240340,1.929283,0.997500,0,0,0,0,0,0,0,0,0
239,7.972494,1,0.306965,-0.362104,2.015253,0.999800,0,-0.079218,-0.344416,2.009856,0.999700,0,0.536345,-0.309210,1.972735,0.762000,0,-0.258750,-0.278371,1.966063,0.833700,0,0.766416,-0.367708,1.955922,0.686700,0,-0.353597,-0.363488,1.765007,0.966900,0,0.252245,0.232691,1.933636,0.997100,0,0.025336,0.241632,1.930296,0.997500,0,0,0,0,0,0,0,0,0
240,8.005852,1,0.307546,-0.362106,2.015248,0.999800,0,-0.079248,-0.344382,2.009694,0.999800,0,0.536966,-0.308683,1.973191,0.768800,0,-0.258615,-0.278342,1.965745,0.830600,0,0.766777,-0.367792,1.956644,0.703000,0,-0.353207,-0.363713,1.765607,0.967100,0,0.252628,0.233324,1.932598,0.997000,0,0.025320,0.242555,1.931206,0.997400,0,0,0,0,0,0,0,0,0
241,8.039210,1,0.308108,-0.361933,2.014796,0.999800,0,-0.079248,-0.344369,2.009646,0.999800,0,0.537773,-0.308172,1.973777,0.770700,0,-0.258517,-0.278327,1.965519,0.831500,0,0.766930,-0.367592,1.957499,0.702900,0,-0.352809,-0.363942,1.766491,0.967800,0,0.253083,0.233410,1.931804,0.997100,0,0.025458,0.242837,1.931746,0.997500,0,0,0,0,0,0,0,0,0
242,8.072568,1,0.308570,-0.361577,2.013973,0.999800,0,-0.079234,-0.344396,2.009815,0.999800,0,0.538692,-0.307902,1.974280,0.764900,0,-0.258512,-0.278363,1.965432,0.829400,0,0.766883,-0.367148,1.958275,0.700500,0,-0.352478,-0.364142,1.767547,0.968600,0,0.253484,0.232809,1.931265,0.997100,0,0.025797,0.242376,1.931757,0.997500,0,0,0,0,0,0,0,0,0
243,8.105926,1,0.308910,-0.361095,2.013021,0.999800,0,-0.079222,-0.344467,2.010233,0.999800,0,0.539615,-0.308030,1.974428,0.763000,0,-0.258646,-0.278507,1.965482,0.826400,0,0.766695,-0.366544,1.958700,0.702500,0,-0.352257,-0.364281,1.768586,0.969300,0,0.253684,0.231549,1.930638,0.997100,0,0.026338,0.241268,1.931247,0.997500,0,0,0,0,0,0,0,0,0
244,8.139283,1,0.309135,-0.360594,2.012234,0.999800,0,-0.079221,-0.344568,2.010817,0.999800,0,0.540423,-0.308591,1.974006,0.761800,0,-0.258934,-0.278807,1.965634,0.820900,0,0.766465,-0.365896,1.958554,0.700900,0,-0.352165,-0.364357,1.769467,0.968800,0,0.253568,0.229805,1.929475,0.997100,0,0.027022,0.239762,1.930358,0.997400,0,0,0,0,0,0,0,0,0
245,8.172641,1,0.309244,-0.360198,2.011806,0.999800,0,-0.079229,-0.344667,2.011388,0.999800,0,0.541004,-0.309482,1.972966,0.755900,0,-0.259349,-0.279278,1.965831,0.827500,0,0.766298,-0.365328,1.957751,0.687900,0,-0.352191,-0.364405,1.770157,0.968500,0,0.253104,0.227835,1.927536,0.997100,0,0.027732,0.238155,1.929275,0.997500,0,0,0,0,0,0,0,0,0
246,8.205999,1,0.309204,-0.359997,2.011743,0.999800,0,-0.079240,-0.344729,2.011741,0.999800,0,0.541276,-0.310492,1.971465,0.752200,0,-0.259822,-0.279882,1.966000,0.820300,0,0.766270,-0.364936,1.956357,0.686600,0,-0.352300,-0.364482,1.770697,0.968400,0,0.252353,0.225901,1.924979,0.997100,0,0.028317,0.236701,1.928144,0.997500,0,0,0,0,0,0,0,0,0
247,8.239357,1,0.308961,-0.360022,2.011880,0.999800,0,-0.079245,-0.344730,2.011738,0.999800,0,0.541207,-0.311360,1.969831,0.752800,0,-0.260270,-0.280532,1.966058,0.818600,0,0.766401,-0.364763,1.954587,0.691200,0,-0.352437,-0.364646,1.771115,0.969200,0,0.251451,0.224204,1.922337,0.997000,0,0.028641,0.235545,1.927041,0.997400,0,0,0,0,0,0,0,0,0
248,8.272714,1,0.308475,-0.360232,2.011992,0.999800,0,-0.079238,-0.344666,2.011361,0.999800,0,0.540832,-0.311848,1.968474,0.757700,0,-0.260625,-0.281116,1.965922,0.821000,0,0.766642,-0.364802,1.952763,0.698300,0,-0.352544,-0.364927,1.771392,0.970000,0,0.250564,0.222861,1.920309,0.997100,0,0.028623,0.234722,1.925995,0.997500,0,0,0,0,0,0,0,0,1
249,8.306072,1,0.307750,-0.360537,2.011913,0.999800,0,-0.079220,-0.344553,2.010704,0.999800,0,0.540244,-0.311796,1.967772,0.747800,0,-0.260868,-0.281542,1.965545,0.820700,0,0.766894,-0.365016,1.951253,0.682000,0,-0.352581,-0.365324,1.771483,0.969300,0,0.249834,0.221912,1.919480,0.997100,0,0.028264,0.234182,1.925019,0.997500,0,0,0,0,0,0,0,0,0
250,8.339430,1,0.306858,-0.360844,2.011621,0.999800,0,-0.079195,-0.344418,2.009920,0.999800,0,0.539564,-0.311173,1.967964,0.744600,0,-0.261036,-0.281763,1.964938,0.820200,0,0.767035,-0.365358,1.950381,0.678900,0,-0.352549,-0.365803,1.771384,0.969900,0,0.249355,0.221357,1.920123,0.997100,0,0.027650,0.233850,1.924139,0.997500,0,0,0,0,0,0,0,0,0
251,8.372788,1,0.305927,-0.361086,2.011240,0.999800,0,-0.079166,-0.344287,2.009159,0.999800,0,0.538905,-0.310094,1.969071,0.747900,0,-0.261199,-0.281791,1.964185,0.821000,0,0.766952,-0.365782,1.950319,0.684000,0,-0.352490,-0.366305,1.771158,0.969700,0,0.249163,0.221197,1.922132,0.997000,0,0.026921,0.233679,1.923401,0.997500,0,0,0,0,0,0,0,0,0
252,8.406146,1,0.305110,-0.361247,2.010975,0.999800,0,-0.079141,-0.344178,2.008527,0.999800,0,0.538330,-0.308810,1.970866,0.750700,0,-0.261424,-0.281684,1.963419,0.817600,0,0.766580,-0.366237,1.951021,0.691800,0,-0.352472,-0.366755,1.770909,0.968900,0,0.249248,0.221454,1.925086,0.997000,0,0.026229,0.233685,1.922854,0.997400,0,0,0,0,0,0,0,0,0
253,8.439503,1,0.304540,-0.361346,2.011016,0.999800,0,-0.079121,-0.344103,2.008089,0.999800,0,0.537843,-0.307653,1.972908,0.749500,0,-0.261740,-0.281521,1.962789,0.814400,0,0.765931,-0.366668,1.952229,0.693700,0,-0.352564,-0.367071,1.770734,0.969400,0,0.249569,0.222162,1.928391,0.997000,0,0.025692,0.233936,1.922534,0.997400,0,0,0,0,0,0,0,0,0
254,8.472861,1,0.304293,-0.361419,2.011438,0.999800,0,-0.079110,-0.344067,2.007876,0.999800,0,0.537404,-0.306949,1.974653,0.749500,0,-0.262118,-0.281375,1.962426,0.812800,0,0.765116,-0.367024,1.953573,0.693700,0,-0.352803,-0.367183,1.770669,0.969000,0,0.250056,0.223331,1.931460,0.996900,0,0.025366,0.234511,1.922481,0.997300,0,0,0,0,0,0,0,0,0
255,8.506219,1,0.304360,-0.361491,2.012164,0.999800,0,-0.079110,-0.344072,2.007905,0.999800,0,0.536965,-0.306926,1.975614,0.745700,0,-0.262489,-0.281298,1.962422,0.811700,0,0.764335,-0.367267,1.954681,0.689600,0,-0.353176,-0.367047,1.770655,0.968800,0,0.250618,0.224902,1.933862,0.996900,0,0.025243,0.235441,1.922761,0.997300,0,0,0,0,0,0,0,0,0
256,8.539576,1,0.304656,-0.361569,2.013001,0.999800,0,-0.079119,-0.344118,2.008172,0.999700,0,0.536514,-0.307641,1.975521,0.746700,0,-0.262768,-0.281312,1.962814,0.810200,0,0.763820,-0.367375,1.955277,0.691700,0,-0.353623,-0.366663,1.770541,0.966600,0,0.251155,0.226719,1.935389,0.996800,0,0.025268,0.236657,1.923485,0.997300,0,0,0,0,0,0,0,0,0
257,8.572934,1,0.305043,-0.361640,2.013727,0.999800,0,-0.079137,-0.344197,2.008635,0.999700,0,0.536094,-0.308968,1.974432,0.737800,0,-0.262891,-0.281413,1.963570,0.807900,0,0.763758,-0.367342,1.955226,0.676800,0,-0.354047,-0.366094,1.770124,0.966800,0,0.251577,0.228540,1.936017,0.996900,0,0.025374,0.237979,1.924779,0.997300,0,0,0,0,0,0,0,0,0
258,8.606292,1,0.305382,-0.361690,2.014184,0.999800,0,-0.079160,-0.344294,2.009202,0.999700,0,0.535799,-0.310632,1.972714,0.749900,0,-0.262845,-0.281574,1.964582,0.811500,0,0.764210,-0.367176,1.954534,0.695200,0,-0.354352,-0.365461,1.769252,0.967700,0,0.251829,0.230098,1.935861,0.997000,0,0.025498,0.239160,1.926700,0.997400,0,0,0,0,0,0,0,0,0
259,8.639650,1,0.305573,-0.361710,2.014321,0.999800,0,-0.079182,-0.344387,2.009741,0.999800,0,0.535734,-0.312298,1.970911,0.752000,0,-0.262665,-0.281757,1.965678,0.811200,0,0.765074,-0.366898,1.953331,0.703800,0,-0.354477,-0.364915,1.767905,0.969000,0,0.251904,0.231175,1.935168,0.996900,0,0.025604,0.239963,1.929151,0.997300,0,0,0,0,0,0,0,0,0
260,8.673007,1,0.305583,-0.361697,2.014168,0.999800,0,-0.079197,-0.344450,2.010112,0.999800,0,0.535961,-0.313650,1.969535,0.746000,0,-0.262418,-0.281921,1.966654,0.813700,0,0.766114,-0.366545,1.951833,0.690500,0,-0.354418,-0.364586,1.766230,0.970000,0,0.251857,0.231675,1.934331,0.997000,0,0.025679,0.240244,1.931847,0.997400,0,0,0,0,0,0,0,0,0
261,8.706365,1,0.305449,-0.361653,2.013803,0.999800,0,-0.079202,-0.344469,2.010222,0.999800,0,0.536456,-0.314471,1.968899,0.751000,0,-0.262169,-0.282034,1.967319,0.814300,0,0.767035,-0.366173,1.950293,0.695000,0,-0.354224,-0.364542,1.764503,0.970200,0,0.251778,0.231624,1.933810,0.997000,0,0.025731,0.239991,1.934367,0.997400,0,0,0,0,0,0,0,0,0
262,8.739723,1,0.305248,-0.361584,2.013314,0.999800,0,-0.079196,-0.344443,2.010069,0.999800,0,0.537103,-0.314669,1.969037,0.745800,0,-0.261966,-0.282077,1.967549,0.815400,0,0.767599,-0.365855,1.948943,0.687300,0,-0.353976,-0.364754,1.763034,0.969300,0,0.251751,0.231134,1.933931,0.997000,0,0.025771,0.239320,1.936285,0.997400,0,0,0,0,0,0,0,0,0
263,8.773081,1,0.305065,-0.361505,2.012807,0.999800,0,-0.079184,-0.344389,2.009753,0.999800,0,0.537723,-0.314284,1.969739,0.754400,0,-0.261833,-0.282047,1.967315,0.814300,0,0.767707,-0.365672,1.947959,0.698600,0,-0.353763,-0.365123,1.762079,0.969600,0,0.251806,0.230338,1.934658,0.997100,0,0.025806,0.238424,1.937333,0.997500,0,0,0,0,0,0,0,0,0
264,8.806438,1,0.304969,-0.361436,2.012408,0.999800,0,-0.079171,-0.344334,2.009434,0.999800,0,0.538133,-0.313452,1.970668,0.752500,0,-0.261777,-0.281958,1.966691,0.815400,0,0.767432,-0.365701,1.947456,0.702700,0,-0.353652,-0.365513,1.761795,0.970000,0,0.251903,0.229348,1.935543,0.997100,0,0.025830,0.237518,1.937496,0.997500,0,0,0,0,0,0,0,0,0
265,8.839796,1,0.304981,-0.361401,2.012228,0.999800,0,-0.079164,-0.344303,2.009250,0.999800,0,0.538207,-0.312368,1.971501,0.748500,0,-0.261797,-0.281833,1.965847,0.816000,0,0.766985,-0.366000,1.947504,0.699200,0,-0.353683,-0.365806,1.762214,0.970600,0,0.251951,0.228249,1.935927,0.997100,0,0.025824,0.236778,1.937006,0.997500,0,0,0,0,0,0,0,0,0
266,8.873154,1,0.305068,-0.361413,2.012322,0.999800,0,-0.079163,-0.344300,2.009234,0.999800,0,0.537921,-0.311236,1.972040,0.752800,0,-0.261892,-0.281703,1.965000,0.816100,0,0.766632,-0.366583,1.948133,0.706500,0,-0.353854,-0.365932,1.763246,0.971100,0,0.251866,0.227117,1.935292,0.997100,0,0.025765,0.236304,1.936213,0.997500,0,0,0,0,0,0,0,0,0
267,8.906511,1,0.305151,-0.361467,2.012654,0.999800,0,-0.079165,-0.344308,2.009280,0.999800,0,0.537351,-0.310240,1.972253,0.754800,0,-0.262056,-0.281594,1.964355,0.814900,0,0.766588,-0.367412,1.949319,0.711000,0,-0.354127,-0.365873,1.764675,0.971300,0,0.251612,0.226034,1.933541,0.997100,0,0.025639,0.236104,1.935416,0.997400,0,0,0,0,0,0,0,0,0
268,8.939869,1,0.305124,-0.361543,2.013101,0.999800,0,-0.079161,-0.344292,2.009190,0.999800,0,0.536637,-0.309523,1.972234,0.758000,0,-0.262281,-0.281525,1.964043,0.817800,0,0.766942,-0.368387,1.950956,0.717300,0,-0.354437,-0.365650,1.766192,0.972500,0,0.251222,0.225082,1.931013,0.997100,0,0.025459,0.236097,1.934749,0.997500,0,0,0,0,0,0,0,0,0
269,8.973227,1,0.304900,-0.361614,2.013505,0.999800,0,-0.079145,-0.344224,2.008795,0.999800,0,0.535926,-0.309180,1.972129,0.756100,0,-0.262548,-0.281506,1.964093,0.819700,0,0.767628,-0.369370,1.952836,0.713000,0,-0.354706,-0.365304,1.767452,0.972100,0,0.250780,0.224324,1.928271,0.997100,0,0.025279,0.236163,1.934175,0.997500,0,0,0,0,0,0,0,0,0
270,9.006585,1,0.304444,-0.361657,2.013742,0.999800,0,-0.079117,-0.344102,2.008077,0.999800,0,0.535332,-0.309259,1.972059,0.758300,0,-0.262839,-0.281539,1.964442,0.820200,0,0.768464,-0.370213,1.954658,0.709700,0,-0.354866,-0.364886,1.768168,0.971500,0,0.250390,0.223791,1.925823,0.997200,0,0.025192,0.236196,1.933569,0.997600,0,0,0,0,0,0,0,0,0
271,9.039942,1,0.303799,-0.361665,2.013784,0.999800,0,-0.079083,-0.343954,2.007214,0.999800,0,0.534913,-0.309759,1.972091,0.766000,0,-0.263132,-0.281621,1.964979,0.820400,0,0.769228,-0.370801,1.956093,0.722400,0,-0.354886,-0.364446,1.768202,0.972600,0,0.250150,0.223494,1.923940,0.997200,0,0.025317,0.236151,1.932817,0.997600,0,0,0,0,0,0,0,0,0
272,9.073300,1,0.303080,-0.361651,2.013706,0.999800,0,-0.079055,-0.343833,2.006510,0.999800,0,0.534677,-0.310624,1.972221,0.768500,0,-0.263407,-0.281748,1.965594,0.820000,0,0.769738,-0.371070,1.956859,0.731200,0,-0.354774,-0.364036,1.767620,0.973200,0,0.250130,0.223435,1.922624,0.997200,0,0.025756,0.236066,1.931895,0.997500,0,0,0,0,0,0,0,0,0
273,9.106658,1,0.302435,-0.361639,2.013643,0.999800,0,-0.079045,-0.343787,2.006241,0.999800,0,0.534589,-0.311742,1.972393,0.762400,0,-0.263644,-0.281908,1.966196,0.820500,0,0.769905,-0.371015,1.956784,0.719300,0,-0.354584,-0.363704,1.766674,0.972800,0,0.250365,0.223615,1.921692,0.997100,0,0.026553,0.236029,1.930896,0.997500,0,0,0,0,0,0,0,1,0
274,9.140016,1,0.301995,-0.361648,2.013699,0.999800,0,-0.079056,-0.343835,2.006521,0.999800,0,0.534595,-0.312960,1.972535,0.758400,0,-0.263823,-0.282076,1.966716,0.821700,0,0.769742,-0.370689,1.955846,0.711700,0,-0.354388,-0.363490,1.765722,0.973100,0,0.250844,0.224031,1.920923,0.997100,0,0.027658,0.236128,1.930003,0.997500,0,0,0,0,0,0,0,0,0
275,9.173373,1,0.301823,-0.361679,2.013871,0.999800,0,-0.079085,-0.343960,2.007248,0.999800,0,0.534640,-0.314119,1.972589,0.760600,0,-0.263928,-0.282207,1.967101,0.821600,0,0.769330,-0.370183,1.954159,0.712000,0,-0.354255,-0.363413,1.765090,0.972600,0,0.251519,0.224661,1.920204,0.997100,0,0.028923,0.236402,1.929420,0.997500,0,0,0,0,0,0,0,1,0
276,9.206731,1,0.301903,-0.361712,2.014038,0.999800,0,-0.079120,-0.344113,2.008144,0.999800,0,0.534704,-0.315101,1.972537,0.762700,0,-0.263946,-0.282242,1.967315,0.824700,0,0.768780,-0.369615,1.951954,0.716400,0,-0.354225,-0.363463,1.764958,0.973200,0,0.252317,0.225470,1.919614,0.997100,0,0.030138,0.236824,1.929291,0.997500,0,0,0,0,0,0,0,0,0
277,9.240089,1,0.302152,-0.361712,2.014014,0.999800,0,-0.079148,-0.344236,2.008863,0.999800,0,0.534827,-0.315855,1.972386,0.759700,0,-0.263867,-0.282120,1.967348,0.822800,0,0.768193,-0.369114,1.949535,0.715400,0,-0.354291,-0.363598,1.765299,0.974000,0,0.253163,0.226403,1.919419,0.997200,0,0.031098,0.237320,1.929650,0.997600,0,0,0,0,0,0,0,0,0
278,9.273447,1,0.302471,-0.361655,2.013654,0.999800,0,-0.079158,-0.344279,2.009114,0.999800,0,0.535105,-0.316403,1.972149,0.753100,0,-0.263684,-0.281801,1.967204,0.823700,0,0.767640,-0.368803,1.947255,0.705400,0,-0.354418,-0.363763,1.765925,0.973900,0,0.253993,0.227403,1.919950,0.997100,0,0.031673,0.237818,1.930419,0.997600,0,0,0,0,0,0,0,0,0
279,9.306804,1,0.302786,-0.361535,2.012956,0.999800,0,-0.079144,-0.344217,2.008757,0.999800,0,0.535665,-0.316810,1.971837,0.764400,0,-0.263392,-0.281282,1.966904,0.825600,0,0.767169,-0.368779,1.945471,0.722700,0,-0.354558,-0.363906,1.766607,0.974000,0,0.254767,0.228407,1.921423,0.997200,0,0.031849,0.238287,1.931435,0.997500,0,0,0,0,0,0,0,0,0
280,9.340162,1,0.303080,-0.361382,2.012093,0.999800,0,-0.079108,-0.344058,2.007833,0.999800,0,0.536603,-0.317153,1.971487,0.762500,0,-0.263008,-0.280612,1.966479,0.823700,0,0.766802,-0.369091,1.944482,0.721200,0,-0.354681,-0.364004,1.767199,0.974100,0,0.255470,0.229351,1.923818,0.997200,0,0.031725,0.238740,1.932503,0.997500,0,0,0,0,0,0,0,0,0
281,9.373520,1,0.303389,-0.361243,2.011359,0.999800,0,-0.079056,-0.343835,2.006529,0.999800,0,0.537923,-0.317482,1.971187,0.764500,0,-0.262569,-0.279884,1.966002,0.826800,0,0.766532,-0.369715,1.944456,0.717000,0,-0.354782,-0.364067,1.767692,0.972100,0,0.256111,0.230150,1.926865,0.997200,0,0.031462,0.239196,1.933481,0.997600,0,0,0,0,0,0,0,0,0
282,9.406877,1,0.303754,-0.361170,2.011045,0.999800,0,-0.079000,-0.343592,2.005107,0.999800,0,0.539499,-0.317808,1.971073,0.768100,0,-0.262136,-0.279216,1.965598,0.825200,0,0.766318,-0.370556,1.945360,0.721300,0,-0.354879,-0.364130,1.768181,0.972700,0,0.256701,0.230685,1.930153,0.997200,0,0.031216,0.239633,1.934347,0.997600,0,0,0,0,0,0,0,0,0
283,9.440235,1,0.304177,-0.361193,2.011304,0.999800,0,-0.078949,-0.343374,2.003822,0.999800,0,0.541083,-0.318106,1.971291,0.763000,0,-0.261775,-0.278713,1.965413,0.822300,0,0.766097,-0.371465,1.946942,0.715400,0,-0.354991,-0.364225,1.768763,0.973300,0,0.257231,0.230814,1.933265,0.997200,0,0.031075,0.239952,1.935187,0.997500,0,0,0,0,0,0,0,0,0
284,9.473593,1,0.304591,-0.361313,2.012088,0.999800,0,-0.078912,-0.343212,2.002862,0.999800,0,0.542376,-0.318336,1.971922,0.774900,0,-0.261544,-0.278433,1.965544,0.827800,0,0.765816,-0.372284,1.948787,0.735700,0,-0.355119,-0.364364,1.769436,0.974400,0,0.257644,0.230413,1.935888,0.997200,0,0.031027,0.240002,1.936096,0.997500,0,0,0,0,0,0,0,0,0
285,9.506950,1,0.304880,-0.361508,2.013183,0.999800,0,-0.078890,-0.343120,2.002313,0.999800,0,0.543123,-0.318464,1.972920,0.779500,0,-0.261484,-0.278368,1.965973,0.827800,0,0.765466,-0.372888,1.950444,0.737700,0,-0.355237,-0.364523,1.770061,0.972100,0,0.257851,0.229447,1.937875,0.997200,0,0.030986,0.239650,1.937060,0.997500,0,0,0,0,0,0,0,0,0
286,9.540308,1,0.304930,-0.361746,2.014307,0.999800,0,-0.078884,-0.343093,2.002159,0.999800,0,0.543192,-0.318477,1.974108,0.781200,0,-0.261615,-0.278455,1.966553,0.829200,0,0.765100,-0.373220,1.951572,0.741100,0,-0.355303,-0.364653,1.770413,0.972000,0,0.257767,0.228026,1.939246,0.997200,0,0.030846,0.238855,1.937906,0.997600,0,0,0,0,0,0,0,0,0
287,9.573666,1,0.304685,-0.362008,2.015222,0.999800,0,-0.078890,-0.343116,2.002307,0.999800,0,0.542610,-0.318393,1.975222,0.781000,0,-0.261933,-0.278603,1.967055,0.826100,0,0.764814,-0.373299,1.952038,0.738100,0,-0.355281,-0.364696,1.770288,0.971400,0,0.257357,0.226396,1.940121,0.997300,0,0.030551,0.237702,1.938357,0.997600,0,0,0,0,0,0,0,0,0
288,9.607023,1,0.304177,-0.362291,2.015811,0.999800,0,-0.078903,-0.343167,2.002642,0.999800,0,0.541541,-0.318248,1.975987,0.775900,0,-0.262403,-0.278725,1.967253,0.824500,0,0.764714,-0.373195,1.951903,0.734500,0,-0.355159,-0.364612,1.769620,0.971600,0,0.256659,0.224876,1.940590,0.997200,0,0.030122,0.236380,1.938135,0.997500,0,0,0,0,0,0,0,0,0
289,9.640381,1,0.303523,-0.362612,2.016110,0.999800,0,-0.078920,-0.343236,2.003088,0.999800,0,0.540233,-0.318080,1.976210,0.765900,0,-0.262960,-0.278766,1.967019,0.824400,0,0.764872,-0.372992,1.951325,0.724700,0,-0.354963,-0.364391,1.768533,0.972200,0,0.255763,0.223746,1.940588,0.997200,0,0.029654,0.235111,1.937055,0.997600,0,0,0,0,0,0,0,0,0
290,9.673739,1,0.302888,-0.363000,2.016272,0.999800,0,-0.078942,-0.343323,2.003631,0.999800,0,0.538950,-0.317905,1.975837,0.763500,0,-0.263504,-0.278713,1.966383,0.825800,0,0.765302,-0.372754,1.950450,0.720400,0,-0.354745,-0.364061,1.767323,0.972800,0,0.254787,0.223152,1.939918,0.997300,0,0.029265,0.234072,1.935088,0.997600,0,0,0,0,0,0,0,0,0
291,9.707096,1,0.302422,-0.363475,2.016486,0.999800,0,-0.078968,-0.343435,2.004292,0.999800,0,0.537907,-0.317715,1.974979,0.754000,0,-0.263920,-0.278593,1.965526,0.826500,0,0.765931,-0.372512,1.949369,0.702400,0,-0.354571,-0.363683,1.766367,0.973100,0,0.253832,0.223064,1.938414,0.997400,0,0.029045,0.233332,1.932404,0.997700,0,0,0,0,0,0,0,0,0
292,9.740454,1,0.302210,-0.364035,2.016875,0.999800,0,-0.078998,-0.343574,2.005061,0.999800,0,0.537222,-0.317487,1.973876,0.758300,0,-0.264112,-0.278459,1.964732,0.826800,0,0.766611,-0.372280,1.948157,0.704100,0,-0.354493,-0.363337,1.765991,0.972500,0,0.252973,0.223296,1.936174,0.997400,0,0.029017,0.232838,1.929398,0.997800,0,0,0,0,0,0,0,0,0
293,9.773812,1,0.302246,-0.364635,2.017452,0.999800,0,-0.079029,-0.343724,2.005841,0.999800,0,0.536898,-0.317219,1.972815,0.763300,0,-0.264039,-0.278368,1.964295,0.825700,0,0.767144,-0.372068,1.946943,0.714300,0,-0.354532,-0.363101,1.766354,0.972700,0,0.252239,0.223581,1.933671,0.997300,0,0.029134,0.232439,1.926638,0.997700,0,0,0,0,0,0,0,0,0
294,9.807169,1,0.302442,-0.365206,2.018125,0.999800,0,-0.079053,-0.343851,2.006447,0.999800,0,0.536834,-0.316941,1.972031,0.758800,0,-0.263734,-0.278363,1.964428,0.823700,0,0.767344,-0.371902,1.945925,0.706700,0,-0.354673,-0.363036,1.767385,0.972400,0,0.251622,0.223665,1.931631,0.997300,0,0.029304,0.231950,1.924725,0.997700,0,0,0,0,0,0,0,0,0
295,9.840527,1,0.302665,-0.365678,2.018774,0.999800,0,-0.079063,-0.343912,2.006679,0.999800,0,0.536871,-0.316705,1.971638,0.769300,0,-0.263299,-0.278461,1.965200,0.824000,0,0.767110,-0.371814,1.945343,0.722900,0,-0.354876,-0.363164,1.768820,0.972300,0,0.251082,0.223380,1.930724,0.997200,0,0.029430,0.231236,1.924094,0.997500,0,0,0,0,0,0,0,0,0
296,9.873885,1,0.302781,-0.366006,2.019310,0.999800,0,-0.079052,-0.343869,2.006419,0.999800,0,0.536848,-0.316546,1.971606,0.774100,0,-0.262859,-0.278646,1.966506,0.826300,0,0.766474,-0.371839,1.945405,0.726200,0,-0.355106,-0.363462,1.770311,0.972900,0,0.250573,0.222691,1.931213,0.997300,0,0.029452,0.230263,1.924866,0.997600,0,0,0,0,0,0,0,0,0
297,9.907242,1,0.302697,-0.366186,2.019689,0.999800,0,-0.079025,-0.343713,2.005726,0.999800,0,0.536651,-0.316447,1.971809,0.769000,0,-0.262521,-0.278881,1.968094,0.825000,0,0.765608,-0.371997,1.946215,0.717900,0,-0.355346,-0.363860,1.771526,0.973000,0,0.250059,0.221708,1.932803,0.997300,0,0.029371,0.229128,1.926813,0.997600,0,0,0,0,0,0,0,0,0
298,9.940600,1,0.302387,-0.366239,2.019898,0.999800,0,-0.078989,-0.343463,2.004834,0.999800,0,0.536241,-0.316322,1.972092,0.773400,0,-0.262333,-0.279109,1.969623,0.826300,0,0.764757,-0.372278,1.947715,0.724400,0,-0.355599,-0.364260,1.772216,0.973100,0,0.249538,0.220659,1.934755,0.997200,0,0.029238,0.228032,1.929444,0.997600,0,0,0,0,0,0,0,1,0
299,9.973957,1,0.301902,-0.366203,2.019928,0.999800,0,-0.078958,-0.343154,2.004061,0.999800,0,0.535657,-0.316051,1.972348,0.770200,0,-0.262282,-0.279278,1.970754,0.831400,0,0.764142,-0.372641,1.949659,0.710000,0,-0.355872,-0.364561,1.772243,0.973400,0,0.249059,0.219850,1.936218,0.997300,0,0.029129,0.227237,1.932136,0.997700,0,0,0,0,0,0,0,0,0
300,10.007315,1,0.301359,-0.366114,2.019771,0.999800,0,-0.078942,-0.342822,2.003674,0.999800,0,0.535006,-0.315540,1.972541,0.774500,0,-0.262311,-0.279347,1.971242,0.831800,0,0.763880,-0.373012,1.951644,0.715200,0,-0.356171,-0.364699,1.771601,0.972900,0,0.248718,0.219594,1.936562,0.997300,0,0.029117,0.226999,1.934269,0.997600,0,0,0,0,0,0,0,0,0
301,10.040673,1,0.300906,-0.366002,2.019441,0.999800,0,-0.078946,-0.342484,2.003776,0.999800,0,0.534427,-0.314783,1.972687,0.777400,0,-0.262352,-0.279304,1.971016,0.829900,0,0.763938,-0.373303,1.953193,0.720900,0,-0.356486,-0.364667,1.770436,0.972700,0,0.248632,0.220108,1.935561,0.997300,0,0.029256,0.227511,1.935345,0.997600,0,0,0,0,0,0,0,0,0
302,10.074030,1,0.300673,-0.365889,2.018987,0.999800,0,-0.078967,-0.342138,2.004295,0.999800,0,0.534057,-0.313881,1.972808,0.783000,0,-0.262359,-0.279171,1.970193,0.836200,0,0.764180,-0.373435,1.953890,0.721700,0,-0.356793,-0.364512,1.769014,0.972000,0,0.248889,0.221427,1.933398,0.997300,0,0.029559,0.228841,1.935105,0.997700,0,0,0,0,0,0,0,0,0
303,10.107388,1,0.300724,-0.365794,2.018499,0.999800,0,-0.078999,-0.341783,2.005052,0.999800,0,0.533976,-0.313023,1.972902,0.779600,0,-0.262317,-0.278989,1.969032,0.837300,0,0.764442,-0.373367,1.953517,0.711100,0,-0.357069,-0.364311,1.767658,0.971200,0,0.249498,0.223362,1.930529,0.997300,0,0.029990,0.230890,1.933617,0.997700,0,0,0,0,0,0,0,0,0
304,10.140746,1,0.301033,-0.365729,2.018081,0.999800,0,-0.079033,-0.341427,2.005856,0.999800,0,0.534186,-0.312421,1.972950,0.775300,0,-0.262237,-0.278811,1.967831,0.830000,0,0.764623,-0.373109,1.952144,0.706900,0,-0.357297,-0.364130,1.766669,0.968800,0,0.250370,0.225534,1.927510,0.997300,0,0.030452,0.233395,1.931286,0.997700,0,0,0,0,0,0,0,0,0
305,10.174103,1,0.301501,-0.365700,2.017823,0.999800,0,-0.079063,-0.341103,2.006570,0.999800,0,0.534613,-0.312234,1.972941,0.786900,0,-0.262142,-0.278681,1.966836,0.831000,0,0.764727,-0.372728,1.950128,0.728000,0,-0.357481,-0.364004,1.766252,0.969500,0,0.251339,0.227505,1.924844,0.997300,0,0.030813,0.235985,1.928732,0.997600,0,0,0,0,0,0,0,0,0
306,10.207461,1,0.301997,-0.365706,2.017771,0.999800,0,-0.079086,-0.340845,2.007129,0.999800,0,0.535134,-0.312515,1.972894,0.782000,0,-0.262052,-0.278622,1.966180,0.827900,0,0.764835,-0.372326,1.948012,0.723700,0,-0.357639,-0.363921,1.766475,0.970300,0,0.252234,0.228921,1.922886,0.997300,0,0.030947,0.238283,1.926582,0.997600,0,0,0,0,0,0,0,0,0
307,10.240819,1,0.302410,-0.365742,2.017911,0.999800,0,-0.079100,-0.340683,2.007531,0.999800,0,0.535621,-0.313182,1.972835,0.773000,0,-0.261975,-0.278633,1.965880,0.824100,0,0.765047,-0.372009,1.946355,0.711300,0,-0.357793,-0.363837,1.767253,0.969900,0,0.252942,0.229625,1.921809,0.997200,0,0.030794,0.240000,1.925259,0.997600,0,0,0,0,0,0,0,0,0
308,10.274176,1,0.302674,-0.365793,2.018180,0.999800,0,-0.079106,-0.340620,2.007815,0.999800,0,0.535970,-0.314033,1.972761,0.773400,0,-0.261911,-0.278688,1.965875,0.823800,0,0.765414,-0.371850,1.945555,0.709500,0,-0.357949,-0.363697,1.768370,0.969500,0,0.253444,0.229676,1.921598,0.997300,0,0.030395,0.241004,1.924879,0.997600,0,0,0,0,0,0,0,1,0
309,10.307534,1,0.302781,-0.365846,2.018484,0.999800,0,-0.079106,-0.340640,2.008029,0.999800,0,0.536121,-0.314803,1.972604,0.775200,0,-0.261856,-0.278747,1.966071,0.822300,0,0.765904,-0.371874,1.945722,0.714300,0,-0.358098,-0.363471,1.769524,0.969200,0,0.253790,0.229297,1.922051,0.997200,0,0.029894,0.241338,1.925295,0.997600,0,0,0,0,0,0,0,0,0
310,10.340892,1,0.302763,-0.365885,2.018724,0.999800,0,-0.079106,-0.340711,2.008206,0.999800,0,0.536060,-0.315239,1.972260,0.780200,0,-0.261816,-0.278766,1.966386,0.823400,0,0.766417,-0.372045,1.946667,0.726800,0,-0.358211,-0.363172,1.770416,0.970400,0,0.254047,0.228776,1.922815,0.997100,0,0.029485,0.241195,1.926223,0.997500,0,0,0,0,0,0,0,0,0
311,10.374250,1,0.302671,-0.365897,2.018815,0.999800,0,-0.079107,-0.340794,2.008339,0.999800,0,0.535824,-0.315174,1.971661,0.774300,0,-0.261810,-0.278710,1.966759,0.824600,0,0.766829,-0.372289,1.947966,0.716600,0,-0.358265,-0.362863,1.770851,0.969900,0,0.254249,0.228363,1.923500,0.997100,0,0.029340,0.240843,1.927359,0.997500,0,0,0,0,0,0,0,0,0
312,10.407607,1,0.302559,-0.365879,2.018718,0.999800,0,-0.079113,-0.340856,2.008400,0.999800,0,0.535497,-0.314589,1.970868,0.777400,0,-0.261866,-0.278567,1.967139,0.825200,0,0.767057,-0.372509,1.949102,0.721700,0,-0.358256,-0.362650,1.770816,0.970600,0,0.254372,0.228195,1.923827,0.997100,0,0.029538,0.240526,1.928444,0.997500,0,0,0,0,0,0,0,0,0
313,10.440965,1,0.302470,-0.365834,2.018461,0.999800,0,-0.079126,-0.340882,2.008369,0.999800,0,0.535194,-0.313614,1.970081,0.773300,0,-0.262010,-0.278350,1.967454,0.824500,0,0.767106,-0.372620,1.949614,0.723400,0,-0.358208,-0.362638,1.770493,0.971100,0,0.254350,0.228264,1.923740,0.997000,0,0.030028,0.240377,1.929264,0.997400,0,0,0,0,0,0,0,0,0
314,10.474323,1,0.302433,-0.365782,2.018158,0.999800,0,-0.079145,-0.340870,2.008258,0.999800,0,0.535027,-0.312492,1.969572,0.778000,0,-0.262245,-0.278101,1.967601,0.822700,0,0.767078,-0.372573,1.949240,0.730600,0,-0.358167,-0.362889,1.770163,0.970900,0,0.254116,0.228432,1.923407,0.997100,0,0.030649,0.240387,1.929670,0.997400,0,0,0,0,0,0,0,0,0
315,10.507681,1,0.302460,-0.365751,2.017982,0.999800,0,-0.079166,-0.340832,2.008097,0.999800,0,0.535060,-0.311505,1.969558,0.779100,0,-0.262540,-0.277868,1.967465,0.825600,0,0.767130,-0.372366,1.948007,0.737900,0,-0.358168,-0.363380,1.770063,0.971800,0,0.253649,0.228513,1.923108,0.997100,0,0.031189,0.240443,1.929624,0.997400,0,0,0,0,0,0,0,0,0
316,10.541039,1,0.302541,-0.365769,2.018090,0.999800,0,-0.079176,-0.340782,2.007905,0.999800,0,0.535284,-0.310883,1.970084,0.781100,0,-0.262832,-0.277690,1.966977,0.826600,0,0.767405,-0.372047,1.946229,0.736300,0,-0.358222,-0.363998,1.770266,0.970100,0,0.253005,0.228356,1.923095,0.997100,0,0.031464,0.240420,1.929259,0.997400,0,0,0,0,0,0,0,0,0
317,10.574396,1,0.302645,-0.365844,2.018541,0.999800,0,-0.079162,-0.340726,2.007674,0.999800,0,0.535614,-0.310753,1.971005,0.776700,0,-0.263037,-0.277574,1.966173,0.818400,0,0.767947,-0.371694,1.944395,0.728100,0,-0.358308,-0.364576,1.770674,0.969700,0,0.252315,0.227922,1.923471,0.997200,0,0.031379,0.240258,1.928853,0.997500,0,0,0,0,0,0,0,0,0
318,10.607754,1,0.302724,-0.365963,2.019255,0.999800,0,-0.079113,-0.340665,2.007377,0.999800,0,0.535921,-0.311122,1.972039,0.779500,0,-0.263087,-0.277484,1.965224,0.818500,0,0.768667,-0.371388,1.942988,0.738700,0,-0.358393,-0.364950,1.771113,0.970000,0,0.251738,0.227302,1.924153,0.997100,0,0.030961,0.239993,1.928717,0.997400,0,0,0,0,0,0,0,0,0
319,10.641112,1,0.302734,-0.366095,2.020042,0.999800,0,-0.079026,-0.340597,2.006997,0.999800,0,0.536076,-0.311901,1.972889,0.775000,0,-0.262961,-0.277362,1.964408,0.822700,0,0.769359,-0.371185,1.942307,0.731000,0,-0.358455,-0.365020,1.771458,0.970100,0,0.251397,0.226678,1.924927,0.997100,0,0.030331,0.239718,1.929028,0.997400,0,0,0,0,0,0,0,0,0
320,10.674470,1,0.302657,-0.366211,2.020706,0.999800,0,-0.078920,-0.340525,2.006563,0.999800,0,0.536004,-0.312947,1.973358,0.780700,0,-0.262699,-0.277162,1.964017,0.826100,0,0.769783,-0.371104,1.942373,0.737200,0,-0.358495,-0.364772,1.771690,0.970500,0,0.251332,0.226259,1.925541,0.997200,0,0.029653,0.239533,1.929737,0.997500,0,0,0,0,0,0,0,0,0
321,10.707828,1,0.302522,-0.366299,2.021145,0.999800,0,-0.078835,-0.340464,2.006176,0.999800,0,0.535717,-0.314110,1.973419,0.777000,0,-0.262392,-0.276882,1.964253,0.826900,0,0.769749,-0.371134,1.942939,0.734800,0,-0.358525,-0.364273,1.771865,0.971200,0,0.251488,0.226225,1.925803,0.997200,0,0.029076,0.239513,1.930593,0.997500,0,0,0,0,0,0,0,0,0
322,10.741186,1,0.302403,-0.366367,2.021393,0.999800,0,-0.078830,-0.340441,2.006006,0.999800,0,0.535313,-0.315253,1.973211,0.785100,0,-0.262145,-0.276566,1.965141,0.828300,0,0.769185,-0.371253,1.943597,0.748400,0,-0.358559,-0.363646,1.772042,0.972000,0,0.251747,0.226678,1.925628,0.997200,0,0.028691,0.239710,1.931291,0.997500,0,0,0,0,0,0,0,0,0
323,10.774543,1,0.302391,-0.366437,2.021585,0.999800,0,-0.078968,-0.340486,2.006251,0.999800,0,0.534943,-0.316262,1.972962,0.778900,0,-0.262036,-0.276285,1.966516,0.825800,0,0.768157,-0.371443,1.943955,0.741300,0,-0.358596,-0.363032,1.772220,0.972200,0,0.251990,0.227632,1.925046,0.997200,0,0.028515,0.240160,1.931642,0.997500,0,0,0,0,0,0,0,0,0
324,10.807901,1,0.302548,-0.366524,2.021862,0.999800,0,-0.079295,-0.340623,2.007048,0.999800,0,0.534749,-0.317032,1.972861,0.777800,0,-0.262092,-0.276099,1.968071,0.827000,0,0.766853,-0.371706,1.943794,0.741600,0,-0.358622,-0.362562,1.772340,0.972600,0,0.252151,0.228991,1.924196,0.997200,0,0.028508,0.240869,1.931672,0.997500,0,0,0,0,0,0,0,0,0
325,10.841259,1,0.302865,-0.366619,2.022270,0.999800,0,-0.079812,-0.340846,2.008361,0.999800,0,0.534797,-0.317479,1.972969,0.770200,0,-0.262284,-0.276027,1.969453,0.829300,0,0.765527,-0.372054,1.943147,0.721500,0,-0.358624,-0.362333,1.772335,0.971800,0,0.252248,0.230555,1.923337,0.997200,0,0.028604,0.241772,1.931595,0.997600,0,0,0,0,0,0,0,0,0
326,10.874617,1,0.303256,-0.366683,2.022723,0.999800,0,-0.080471,-0.341111,2.009933,0.999800,0,0.535045,-0.317545,1.973186,0.774300,0,-0.262546,-0.276043,1.970371,0.832500,0,0.764433,-0.372492,1.942260,0.726200,0,-0.358595,-0.362386,1.772180,0.971600,0,0.252364,0.232053,1.922835,0.997300,0,0.028734,0.242698,1.931682,0.997600,0,0,0,0,0,0,0,0,0
327,10.907975,1,0.303585,-0.366669,2.023054,0.999800,0,-0.081179,-0.341351,2.011353,0.999800,0,0.535372,-0.317238,1.973321,0.769800,0,-0.262800,-0.276089,1.970664,0.831800,0,0.763772,-0.373001,1.941474,0.721600,0,-0.358542,-0.362694,1.771912,0.971800,0,0.252599,0.233203,1.923094,0.997200,0,0.028846,0.243391,1.932110,0.997600,0,0,0,0,0,0,0,0,0
328,10.941333,1,0.303732,-0.366544,2.023103,0.999800,0,-0.081832,-0.341496,2.012219,0.999800,0,0.535638,-0.316647,1.973215,0.775900,0,-0.262980,-0.276118,1.970340,0.830300,0,0.763650,-0.373533,1.941059,0.728800,0,-0.358481,-0.363156,1.771608,0.968000,0,0.253019,0.233799,1.924413,0.997300,0,0.028916,0.243589,1.932849,0.997600,0,0,0,0,0,0,0,1,0
329,10.974690,1,0.303650,-0.366315,2.022813,0.999800,0,-0.082349,-0.341512,2.012316,0.999800,0,0.535761,-0.315942,1.972848,0.771700,0,-0.263054,-0.276122,1.969551,0.829500,0,0.764055,-0.374015,1.941100,0.722700,0,-0.358426,-0.363619,1.771341,0.968000,0,0.253621,0.233778,1.926831,0.997300,0,0.028938,0.243138,1.933654,0.997600,0,0,0,0,0,0,0,0,0
330,11.008048,1,0.303398,-0.366035,2.022273,0.999800,0,-0.082693,-0.341408,2.011704,0.999800,0,0.535756,-0.315330,1.972368,0.771800,0,-0.263027,-0.276146,1.968532,0.827000,0,0.764860,-0.374378,1.941471,0.723700,0,-0.358387,-0.363929,1.771155,0.968600,0,0.254327,0.233228,1.930049,0.997300,0,0.028922,0.242075,1.934168,0.997600,0,0,0,0,0,0,0,0,0
331,11.041406,1,0.303123,-0.365793,2.021705,0.999800,0,-0.082869,-0.341232,2.010668,0.999800,0,0.535725,-0.315001,1.972020,0.775900,0,-0.262931,-0.276266,1.967517,0.826100,0,0.765847,-0.374574,1.941913,0.725800,0,-0.358369,-0.363984,1.771074,0.966900,0,0.255005,0.232338,1.933493,0.997300,0,0.028883,0.240621,1.934081,0.997600,0,0,0,0,0,0,0,0,0
332,11.074764,1,0.303010,-0.365684,2.021393,0.999800,0,-0.082905,-0.341051,2.009594,0.999800,0,0.535805,-0.315073,1.972014,0.765500,0,-0.262801,-0.276545,1.966676,0.823600,0,0.766770,-0.374598,1.942180,0.710600,0,-0.358379,-0.363774,1.771136,0.967500,0,0.255509,0.231312,1.936507,0.997300,0,0.028836,0.239094,1.933261,0.997600,0,0,0,0,0,0,0,0,0
333,11.108122,1,0.303212,-0.365769,2.021587,0.999800,0,-0.082821,-0.340923,2.008841,0.999800,0,0.536104,-0.315561,1.972418,0.777900,0,-0.262660,-0.276989,1.966085,0.826800,0,0.767428,-0.374494,1.942169,0.730800,0,-0.358431,-0.363381,1.771403,0.968600,0,0.255717,0.230284,1.938561,0.997300,0,0.028793,0.237781,1.931820,0.997600,0,0,0,0,0,0,0,0,0
334,11.141480,1,0.303793,-0.366056,2.022422,0.999800,0,-0.082621,-0.340888,2.008629,0.999800,0,0.536653,-0.316372,1.973108,0.773900,0,-0.262515,-0.277524,1.965740,0.826600,0,0.767733,-0.374347,1.941974,0.729100,0,-0.358537,-0.362939,1.771932,0.969800,0,0.255573,0.229287,1.939392,0.997300,0,0.028760,0.236833,1.930077,0.997600,0,0,0,0,0,0,0,0,0
335,11.174838,1,0.304693,-0.366498,2.023864,0.999800,0,-0.082293,-0.340951,2.009000,0.999800,0,0.537396,-0.317342,1.973832,0.780300,0,-0.262365,-0.278017,1.965588,0.826300,0,0.767736,-0.374252,1.941837,0.737100,0,-0.358698,-0.362568,1.772718,0.970300,0,0.255101,0.228283,1.939043,0.997300,0,0.028740,0.236235,1.928443,0.997600,0,0,0,0,0,0,0,0,0
336,11.208195,1,0.305742,-0.367009,2.025706,0.999800,0,-0.081825,-0.341088,2.009807,0.999800,0,0.538213,-0.318281,1.974318,0.784000,0,-0.262217,-0.278323,1.965575,0.827800,0,0.767608,-0.374291,1.942032,0.743900,0,-0.358893,-0.362333,1.773658,0.971300,0,0.254418,0.227238,1.937844,0.997300,0,0.028734,0.235860,1.927286,0.997600,0,0,0,0,0,0,0,0,0
337,11.241553,1,0.306702,-0.367489,2.027598,0.999800,0,-0.081231,-0.341252,2.010778,0.999800,0,0.538966,-0.319029,1.974395,0.789500,0,-0.262089,-0.278340,1.965679,0.832300,0,0.767567,-0.374494,1.942733,0.748700,0,-0.359084,-0.362234,1.774563,0.971300,0,0.253710,0.226189,1.936349,0.997400,0,0.028738,0.235559,1.926832,0.997600,0,0,0,0,0,0,0,0,0
338,11.274911,1,0.307340,-0.367845,2.029124,0.999800,0,-0.080556,-0.341390,2.011594,0.999800,0,0.539536,-0.319485,1.974047,0.785600,0,-0.262003,-0.278052,1.965929,0.828000,0,0.767786,-0.374833,1.943942,0.747900,0,-0.359223,-0.362232,1.775216,0.971500,0,0.253185,0.225249,1.935200,0.997400,0,0.028750,0.235239,1.927136,0.997700,0,0,0,0,0,0,0,0,0
339,11.308269,1,0.307495,-0.368014,2.029909,0.999800,0,-0.079874,-0.341455,2.011976,0.999800,0,0.539841,-0.319620,1.973393,0.791100,0,-0.261978,-0.277534,1.966383,0.832000,0,0.768321,-0.375226,1.945498,0.754500,0,-0.359275,-0.362282,1.775450,0.970500,0,0.252994,0.224553,1.934912,0.997400,0,0.028768,0.234876,1.928112,0.997700,0,0,0,0,0,0,0,0,0
340,11.341626,1,0.307130,-0.367972,2.029744,0.999800,0,-0.079279,-0.341420,2.011767,0.999800,0,0.539835,-0.319471,1.972633,0.790700,0,-0.262015,-0.276925,1.967068,0.832800,0,0.769091,-0.375563,1.947151,0.749100,0,-0.359223,-0.362372,1.775209,0.970600,0,0.253156,0.224158,1.935636,0.997400,0,0.028789,0.234469,1.929566,0.997700,0,0,0,0,0,0,0,0,0
341,11.374984,1,0.306337,-0.367744,2.028668,0.999800,0,-0.078858,-0.341286,2.010979,0.999800,0,0.539509,-0.319128,1.971985,0.786600,0,-0.262097,-0.276370,1.967939,0.829000,0,0.769920,-0.375737,1.948656,0.745200,0,-0.359080,-0.362519,1.774569,0.970400,0,0.253525,0.223993,1.937035,0.997500,0,0.028811,0.234002,1.931215,0.997700,0,0,0,0,0,0,0,0,0
342,11.408342,1,0.305313,-0.367396,2.026974,0.999800,0,-0.078686,-0.341087,2.009809,0.999800,0,0.538888,-0.318720,1.971626,0.780700,0,-0.262197,-0.275974,1.968859,0.826300,0,0.770611,-0.375678,1.949842,0.734300,0,-0.358885,-0.362757,1.773714,0.967400,0,0.253845,0.223887,1.938374,0.997500,0,0.028830,0.233435,1.932725,0.997700,0,0,0,0,0,0,0,0,0
343,11.441699,1,0.304290,-0.367019,2.025109,0.999800,0,-0.078807,-0.340881,2.008592,0.999800,0,0.538037,-0.318378,1.971624,0.781300,0,-0.262287,-0.275773,1.969647,0.823400,0,0.771024,-0.375371,1.950624,0.736100,0,-0.358691,-0.363100,1.772880,0.967800,0,0.253856,0.223670,1.938824,0.997500,0,0.028843,0.232765,1.933761,0.997700,0,0,0,0,0,0,0,0,0
344,11.475057,1,0.303469,-0.366697,2.023522,0.999800,0,-0.079226,-0.340732,2.007716,0.999800,0,0.537057,-0.318205,1.971895,0.783000,0,-0.262358,-0.275732,1.970158,0.826300,0,0.771111,-0.374858,1.950975,0.733800,0,-0.358550,-0.363512,1.772273,0.966900,0,0.253426,0.223284,1.937856,0.997400,0,0.028846,0.232078,1.934074,0.997700,0,0,0,0,0,0,0,0,0
345,11.508415,1,0.302957,-0.366490,2.022515,0.999800,0,-0.079890,-0.340693,2.007483,0.999800,0,0.536087,-0.318251,1.972217,0.786200,0,-0.262427,-0.275780,1.970349,0.831800,0,0.770921,-0.374216,1.950894,0.732700,0,-0.358495,-0.363902,1.771985,0.966600,0,0.252622,0.222821,1.935501,0.997400,0,0.028839,0.231553,1.933566,0.997700,0,0,0,0,0,0,0,0,0
346,11.541772,1,0.302766,-0.366419,2.022177,0.999800,0,-0.080685,-0.340780,2.007998,0.999800,0,0.535279,-0.318497,1.972328,0.790000,0,-0.262527,-0.275840,1.970293,0.829300,0,0.770567,-0.373537,1.950409,0.737900,0,-0.358522,-0.364145,1.771952,0.965200,0,0.251676,0.222464,1.932357,0.997400,0,0.028821,0.231382,1.932319,0.997700,0,0,0,0,0,0,0,0,0
347,11.575130,1,0.302821,-0.366474,2.022390,0.999800,0,-0.081444,-0.340968,2.009106,0.999800,0,0.534768,-0.318870,1.972048,0.784900,0,-0.262692,-0.275857,1.970121,0.827800,0,0.770172,-0.372901,1.949598,0.727100,0,-0.358598,-0.364134,1.771992,0.966100,0,0.250869,0.222370,1.929322,0.997400,0,0.028796,0.231659,1.930582,0.997700,0,0,0,0,0,0,0,0,0
348,11.608488,1,0.303010,-0.366615,2.022891,0.999800,0,-0.081991,-0.341195,2.010439,0.999800,0,0.534624,-0.319250,1.971374,0.782100,0,-0.262936,-0.275812,1.969927,0.828100,0,0.769825,-0.372364,1.948612,0.724500,0,-0.358668,-0.363835,1.771920,0.967200,0,0.250395,0.222569,1.927217,0.997400,0,0.028769,0.232306,1.928714,0.997700,0,0,0,0,0,0,0,0,0
349,11.641845,1,0.303216,-0.366782,2.023358,0.999800,0,-0.082190,-0.341385,2.011560,0.999800,0,0.534820,-0.319498,1.970485,0.791000,0,-0.263240,-0.275721,1.969695,0.829100,0,0.769550,-0.371959,1.947654,0.742200,0,-0.358688,-0.363316,1.771678,0.967800,0,0.250279,0.222948,1.926490,0.997400,0,0.028745,0.233092,1.927101,0.997600,0,0,0,0,0,0,0,0,0
350,11.675203,1,0.303352,-0.366909,2.023520,0.999800,0,-0.081996,-0.341483,2.012138,0.999800,0,0.535237,-0.319488,1.969656,0.787600,0,-0.263563,-0.275629,1.969306,0.829200,0,0.769309,-0.371704,1.946929,0.741200,0,-0.358634,-0.362723,1.771391,0.969100,0,0.250396,0.223347,1.927134,0.997300,0,0.028730,0.233745,1.926053,0.997600,0,0,0,0,0,0,0,0,0
351,11.708561,1,0.303377,-0.366936,2.023260,0.999800,0,-0.081469,-0.341470,2.012062,0.999800,0,0.535705,-0.319144,1.969146,0.788900,0,-0.263857,-0.275608,1.968643,0.820900,0,0.769036,-0.371619,1.946585,0.743100,0,-0.358502,-0.362224,1.771303,0.967600,0,0.250563,0.223676,1.928799,0.997200,0,0.028725,0.234084,1.925728,0.997400,0,0,0,0,0,0,0,0,0
352,11.741918,1,0.303302,-0.366826,2.022674,0.999800,0,-0.080753,-0.341365,2.011443,0.999800,0,0.536074,-0.318476,1.969113,0.787600,0,-0.264093,-0.275735,1.967704,0.823400,0,0.768678,-0.371732,1.946687,0.740000,0,-0.358298,-0.361945,1.771633,0.968000,0,0.250640,0.223994,1.930993,0.997200,0,0.028730,0.234109,1.926084,0.997400,0,0,0,0,0,0,0,0,0
353,11.775276,1,0.303175,-0.366569,2.022032,0.999800,0,-0.080025,-0.341211,2.010538,0.999800,0,0.536267,-0.317581,1.969582,0.787300,0,-0.264257,-0.276069,1.966657,0.822200,0,0.768228,-0.372073,1.947223,0.738900,0,-0.358029,-0.361917,1.772429,0.968600,0,0.250585,0.224484,1.933249,0.997300,0,0.028742,0.233983,1.926914,0.997500,0,0,0,0,0,0,0,0,0
354,11.808633,1,0.303055,-0.366184,2.021661,0.999800,0,-0.079435,-0.341056,2.009624,0.999800,0,0.536305,-0.316625,1.970470,0.793500,0,-0.264336,-0.276622,1.965791,0.832000,0,0.767723,-0.372657,1.948124,0.743600,0,-0.357695,-0.362078,1.773507,0.968900,0,0.250443,0.225335,1.935198,0.997300,0,0.028757,0.233938,1.927959,0.997600,0,0,0,0,0,0,0,0,0
355,11.841991,1,0.302990,-0.365710,2.021780,0.999800,0,-0.079063,-0.340934,2.008904,0.999800,0,0.536271,-0.315789,1.971630,0.777700,0,-0.264311,-0.277334,1.965394,0.828400,0,0.767221,-0.373455,1.949292,0.733300,0,-0.357303,-0.362309,1.774513,0.970200,0,0.250285,0.226602,1.936583,0.997200,0,0.028773,0.234150,1.929027,0.997500,0,0,0,0,0,0,0,0,0
356,11.875349,1,0.302994,-0.365192,2.022372,0.999800,0,-0.078909,-0.340857,2.008453,0.999800,0,0.536264,-0.315221,1.972905,0.776800,0,-0.264163,-0.278084,1.965614,0.827600,0,0.766773,-0.374371,1.950596,0.735600,0,-0.356869,-0.362490,1.775080,0.970700,0,0.250166,0.228124,1.937289,0.997200,0,0.028789,0.234651,1.930060,0.997500,0,0,0,0,0,0,0,0,0
357,11.908706,1,0.303056,-0.364674,2.023179,0.999800,0,-0.078908,-0.340817,2.008216,0.999800,0,0.536354,-0.315007,1.974154,0.776400,0,-0.263885,-0.278708,1.966378,0.829700,0,0.766395,-0.375243,1.951846,0.733700,0,-0.356426,-0.362552,1.775005,0.969600,0,0.250114,0.229565,1.937408,0.997200,0,0.028805,0.235331,1.931106,0.997500,0,0,0,0,0,0,0,0,0
358,11.942064,1,0.303151,-0.364185,2.023807,0.999800,0,-0.078967,-0.340791,2.008059,0.999800,0,0.536551,-0.315153,1.975275,0.783300,0,-0.263496,-0.279049,1.967411,0.832000,0,0.766070,-0.375875,1.952800,0.744900,0,-0.356023,-0.362502,1.774335,0.970200,0,0.250159,0.230561,1.937282,0.997300,0,0.028821,0.236023,1.932217,0.997600,0,0,0,0,0,0,0,0,0
359,11.975421,1,0.303262,-0.363741,2.023892,0.999800,0,-0.079008,-0.340753,2.007836,0.999800,0,0.536804,-0.315600,1.976180,0.791500,0,-0.263040,-0.279003,1.968351,0.833700,0,0.765760,-0.376101,1.953202,0.754500,0,-0.355710,-0.362402,1.773335,0.970200,0,0.250359,0.230892,1.937436,0.997300,0,0.028838,0.236604,1.933355,0.997600,0,0,0,0,0,0,0,0,0
360,12.008779,1,0.303389,-0.363341,2.023255,0.999800,0,-0.078991,-0.340688,2.007455,0.999800,0,0.537018,-0.316230,1.976787,0.798200,0,-0.262573,-0.278552,1.968877,0.841100,0,0.765435,-0.375840,1.952877,0.762200,0,-0.355519,-0.362333,1.772365,0.970200,0,0.250799,0.230594,1.938396,0.997300,0,0.028853,0.237061,1.934366,0.997600,0,0,0,0,0,0,0,0,0
361,12.042137,1,0.303543,-0.362975,2.021950,0.999800,0,-0.078931,-0.340597,2.006919,0.999800,0,0.537095,-0.316886,1.977019,0.799800,0,-0.262148,-0.277778,1.968816,0.840400,0,0.765100,-0.375141,1.951802,0.767800,0,-0.355460,-0.362346,1.771734,0.971100,0,0.251533,0.229942,1.940455,0.997300,0,0.028862,0.237485,1.935024,0.997600,0,0,0,0,0,0,0,0,0
362,12.075494,1,0.303737,-0.362633,2.020234,0.999800,0,-0.078885,-0.340496,2.006322,0.999800,0,0.536975,-0.317408,1.976836,0.802400,0,-0.261815,-0.276844,1.968177,0.841100,0,0.764807,-0.374162,1.950126,0.768700,0,-0.355520,-0.362443,1.771616,0.971200,0,0.252538,0.229311,1.943509,0.997300,0,0.028863,0.237997,1.935121,0.997600,0,0,0,0,0,0,0,0,0
363,12.108852,1,0.303967,-0.362319,2.018470,0.999800,0,-0.078933,-0.340413,2.005832,0.999800,0,0.536673,-0.317664,1.976275,0.793600,0,-0.261609,-0.275950,1.967102,0.839100,0,0.764646,-0.373118,1.948111,0.754300,0,-0.355668,-0.362584,1.772021,0.971900,0,0.253677,0.228993,1.947022,0.997300,0,0.028854,0.238661,1.934545,0.997600,0,0,0,0,0,0,0,0,0
364,12.142209,1,0.304220,-0.362059,2.017024,0.999800,0,-0.079140,-0.340382,2.005652,0.999800,0,0.536295,-0.317602,1.975462,0.782300,0,-0.261556,-0.275279,1.965793,0.832400,0,0.764721,-0.372204,1.946034,0.739200,0,-0.355859,-0.362706,1.772806,0.971300,0,0.254726,0.229067,1.950153,0.997200,0,0.028836,0.239428,1.933340,0.997500,0,0,0,0,0,0,0,0,0
365,12.175567,1,0.304476,-0.361903,2.016174,0.999800,0,-0.079522,-0.340434,2.005957,0.999800,0,0.536021,-0.317269,1.974593,0.780400,0,-0.261662,-0.274948,1.964447,0.834200,0,0.765118,-0.371535,1.944099,0.734700,0,-0.356045,-0.362760,1.773713,0.970400,0,0.255452,0.229383,1.951992,0.997200,0,0.028814,0.240151,1.931717,0.997500,0,0,0,0,0,0,0,0,0
366,12.208925,1,0.304730,-0.361915,2.016059,0.999800,0,-0.080026,-0.340579,2.006810,0.999800,0,0.536047,-0.316805,1.973871,0.791200,0,-0.261911,-0.274987,1.963224,0.836900,0,0.765871,-0.371135,1.942421,0.751300,0,-0.356172,-0.362730,1.774423,0.971300,0,0.255697,0.229667,1.951850,0.997200,0,0.028791,0.240661,1.930029,0.997500,0,0,0,0,0,0,0,0,0
367,12.242282,1,0.304992,-0.362154,2.016664,0.999800,0,-0.080533,-0.340795,2.008086,0.999800,0,0.536518,-0.316388,1.973418,0.797500,0,-0.262257,-0.275342,1.962258,0.834800,0,0.766948,-0.370951,1.941051,0.764000,0,-0.356194,-0.362641,1.774643,0.971500,0,0.255444,0.229686,1.949483,0.997200,0,0.028773,0.240859,1.928692,0.997400,0,0,0,0,0,0,0,0,0
368,12.275640,1,0.305281,-0.362650,2.017839,0.999800,0,-0.080898,-0.341030,2.009469,0.999800,0,0.537449,-0.316166,1.973206,0.794200,0,-0.262624,-0.275897,1.961666,0.835300,0,0.768245,-0.370907,1.940034,0.755200,0,-0.356083,-0.362543,1.774188,0.971500,0,0.254821,0.229362,1.945175,0.997200,0,0.028765,0.240756,1.928048,0.997500,0,0,0,0,0,0,0,0,0
369,12.308998,1,0.305606,-0.363379,2.019340,0.999800,0,-0.081003,-0.341212,2.010545,0.999800,0,0.538699,-0.316197,1.973053,0.792200,0,-0.262926,-0.276518,1.961538,0.835600,0,0.769610,-0.370945,1.939442,0.754300,0,-0.355838,-0.362493,1.773030,0.971400,0,0.254045,0.228791,1.939645,0.997000,0,0.028767,0.240455,1.928227,0.997300,0,0,0,0,0,0,0,0,0
370,12.342355,1,0.305937,-0.364257,2.020865,0.999800,0,-0.080823,-0.341284,2.010969,0.999800,0,0.540002,-0.316443,1.972705,0.794300,0,-0.263090,-0.277084,1.961899,0.840500,0,0.770877,-0.371059,1.939360,0.756100,0,-0.355486,-0.362520,1.771302,0.972000,0,0.253329,0.228177,1.933849,0.997100,0,0.028775,0.240079,1.929057,0.997400,0,0,0,0,0,0,0,0,0
371,12.375713,1,0.306199,-0.365150,2.022106,0.999800,0,-0.080441,-0.341224,2.010610,0.999800,0,0.541057,-0.316798,1.971975,0.795900,0,-0.263079,-0.277524,1.962659,0.838100,0,0.771908,-0.371292,1.939832,0.761500,0,-0.355072,-0.362615,1.769254,0.971400,0,0.252814,0.227743,1.928765,0.997000,0,0.028783,0.239724,1.930104,0.997300,0,0,0,0,0,0,0,0,0
372,12.409071,1,0.306287,-0.365906,2.022801,0.999800,0,-0.080022,-0.341052,2.009599,0.999800,0,0.541636,-0.317141,1.970855,0.787700,0,-0.262908,-0.277817,1.963610,0.835700,0,0.772621,-0.371697,1.940807,0.753500,0,-0.354653,-0.362734,1.767176,0.971700,0,0.252538,0.227657,1.925223,0.997000,0,0.028786,0.239432,1.930835,0.997300,0,0,0,0,0,0,0,0,0
373,12.442429,1,0.306107,-0.366403,2.022775,0.999800,0,-0.079745,-0.340824,2.008257,0.999800,0,0.541648,-0.317386,1.969536,0.796400,0,-0.262635,-0.277987,1.964473,0.833800,0,0.773001,-0.372301,1.942124,0.761900,0,-0.354280,-0.362817,1.765325,0.969600,0,0.252454,0.227988,1.923773,0.997100,0,0.028780,0.239207,1.930846,0.997300,0,0,0,0,0,0,0,0,0
374,12.475787,1,0.305622,-0.366580,2.021978,0.999800,0,-0.079735,-0.340606,2.006968,0.999800,0,0.541161,-0.317494,1.968331,0.796300,0,-0.262344,-0.278074,1.965004,0.838700,0,0.773085,-0.373057,1.943544,0.752600,0,-0.353987,-0.362820,1.763864,0.968800,0,0.252460,0.228691,1.924600,0.997100,0,0.028768,0.239043,1.930043,0.997400,0,0,0,0,0,0,0,0,0
375,12.509145,1,0.304875,-0.366452,2.020519,0.999800,0,-0.080012,-0.340448,2.006040,0.999800,0,0.540349,-0.317472,1.967555,0.797300,0,-0.262113,-0.278116,1.965079,0.832700,0,0.772930,-0.373844,1.944828,0.755700,0,-0.353790,-0.362742,1.762852,0.968500,0,0.252439,0.229626,1.927483,0.997000,0,0.028760,0.238935,1.928703,0.997300,0,0,0,0,0,0,0,0,0
376,12.542502,1,0.303987,-0.366107,2.018674,0.999800,0,-0.080493,-0.340377,2.005622,0.999800,0,0.539427,-0.317346,1.967398,0.795400,0,-0.261987,-0.278137,1.964735,0.834100,0,0.772583,-0.374499,1.945799,0.756700,0,-0.353689,-0.362621,1.762264,0.969500,0,0.252294,0.230587,1.931806,0.996900,0,0.028762,0.238885,1.927375,0.997200,0,0,0,0,0,0,0,0,0
377,12.575860,1,0.303124,-0.365679,2.016856,0.999800,0,-0.081025,-0.340388,2.005684,0.999800,0,0.538574,-0.317135,1.967863,0.793300,0,-0.261964,-0.278152,1.964150,0.830900,0,0.772074,-0.374870,1.946394,0.750900,0,-0.353667,-0.362518,1.762018,0.969500,0,0.251975,0.231350,1.936623,0.997000,0,0.028779,0.238893,1.926666,0.997300,0,0,0,0,0,0,0,0,0
378,12.609218,1,0.302439,-0.365310,2.015518,0.999800,0,-0.081438,-0.340450,2.006053,0.999800,0,0.537897,-0.316846,1.968765,0.792900,0,-0.262007,-0.278169,1.963563,0.837500,0,0.771426,-0.374878,1.946671,0.743500,0,-0.353693,-0.362482,1.761997,0.968400,0,0.251491,0.231723,1.940799,0.997100,0,0.028808,0.238937,1.926984,0.997400,0,0,0,0,0,0,0,0,0
379,12.642576,1,0.302025,-0.365115,2.015013,0.999800,0,-0.081603,-0.340523,2.006479,0.999800,0,0.537418,-0.316481,1.969796,0.796000,0,-0.262061,-0.278195,1.963189,0.833700,0,0.770687,-0.374547,1.946781,0.751800,0,-0.353724,-0.362520,1.762052,0.968800,0,0.250910,0.231586,1.943251,0.996900,0,0.028834,0.238971,1.928345,0.997200,0,0,0,0,0,0,0,0,0
380,12.675934,1,0.301892,-0.365154,2.015482,0.999800,0,-0.081461,-0.340564,2.006723,0.999700,0,0.537103,-0.316060,1.970636,0.796500,0,-0.262080,-0.278235,1.963146,0.834500,0,0.769933,-0.373993,1.946900,0.753300,0,-0.353713,-0.362601,1.762031,0.967800,0,0.250335,0.230931,1.943237,0.996800,0,0.028837,0.238943,1.930355,0.997100,0,0,0,0,0,0,0,0,0
381,12.709292,1,0.301983,-0.365421,2.016820,0.999800,0,-0.081039,-0.340550,2.006639,0.999700,0,0.536900,-0.315626,1.971079,0.791900,0,-0.262049,-0.278289,1.963431,0.831200,0,0.769254,-0.373394,1.947153,0.748900,0,-0.353623,-0.362674,1.761817,0.967400,0,0.249883,0.229884,1.940606,0.996800,0,0.028803,0.238829,1.932364,0.997100,0,0,0,0,0,0,0,0,0
382,12.742649,1,0.302216,-0.365854,2.018733,0.999800,0,-0.080441,-0.340481,2.006234,0.999800,0,0.536768,-0.315246,1.971123,0.800100,0,-0.261975,-0.278349,1.963933,0.834000,0,0.768706,-0.372927,1.947550,0.763900,0,-0.353449,-0.362701,1.761387,0.968800,0,0.249673,0.228707,1.935914,0.996900,0,0.028731,0.238683,1.933717,0.997100,0,0,0,0,0,0,0,0,0
383,12.776007,1,0.302527,-0.366361,2.020854,0.999800,0,-0.079808,-0.340386,2.005672,0.999800,0,0.536691,-0.314988,1.970982,0.795200,0,-0.261883,-0.278404,1.964475,0.832800,0,0.768282,-0.372720,1.948001,0.760800,0,-0.353232,-0.362675,1.760847,0.969300,0,0.249809,0.227756,1.930331,0.996900,0,0.028646,0.238640,1.933997,0.997200,0,0,0,0,0,0,0,0,0
384,12.809365,1,0.302898,-0.366840,2.022871,0.999800,0,-0.079274,-0.340309,2.005218,0.999700,0,0.536672,-0.314898,1.970985,0.798300,0,-0.261793,-0.278438,1.964869,0.833000,0,0.767896,-0.372817,1.948384,0.767000,0,-0.353056,-0.362626,1.760398,0.970000,0,0.250378,0.227407,1.925348,0.996800,0,0.028595,0.238886,1.933147,0.997000,0,0,0,0,0,0,0,0,0
385,12.842723,1,0.303361,-0.367195,2.024602,0.999800,0,-0.078923,-0.340290,2.005106,0.999700,0,0.536715,-0.314980,1.971410,0.788300,0,-0.261713,-0.278436,1.964970,0.828100,0,0.767426,-0.373175,1.948655,0.749500,0,-0.353025,-0.362601,1.760247,0.968700,0,0.251421,0.227938,1.922364,0.996800,0,0.028638,0.239570,1.931464,0.997100,0,0,0,0,0,0,0,0,0
386,12.876081,1,0.303963,-0.367353,2.025983,0.999800,0,-0.078774,-0.340342,2.005416,0.999700,0,0.536817,-0.315186,1.972341,0.782000,0,-0.261639,-0.278392,1.964701,0.824600,0,0.766767,-0.373681,1.948904,0.742200,0,-0.353221,-0.362633,1.760490,0.968600,0,0.252918,0.229431,1.922285,0.996800,0,0.028823,0.240717,1.929457,0.997100,0,0,0,0,0,0,0,0,0
387,12.909438,1,0.304717,-0.367257,2.026994,0.999800,0,-0.078787,-0.340442,2.006003,0.999700,0,0.536955,-0.315434,1.973612,0.773500,0,-0.261564,-0.278305,1.964080,0.823400,0,0.765896,-0.374194,1.949330,0.728300,0,-0.353667,-0.362720,1.761047,0.967500,0,0.254760,0.231713,1.925265,0.996800,0,0.029162,0.242182,1.927655,0.997100,0,0,0,0,0,0,0,0,0
388,12.942796,1,0.305562,-0.366880,2.027565,0.999800,0,-0.078887,-0.340535,2.006549,0.999700,0,0.537087,-0.315633,1.974888,0.773500,0,-0.261483,-0.278190,1.963224,0.824600,0,0.764898,-0.374580,1.950123,0.729900,0,-0.354307,-0.362828,1.761695,0.967400,0,0.256750,0.234374,1.930659,0.996800,0,0.029614,0.243681,1.926443,0.997100,0,0,0,0,0,0,0,0,0
389,12.976154,1,0.306369,-0.366226,2.027556,0.999800,0,-0.078999,-0.340562,2.006709,0.999700,0,0.537163,-0.315722,1.975813,0.788800,0,-0.261402,-0.278071,1.962337,0.825300,0,0.763956,-0.374749,1.951315,0.750400,0,-0.355020,-0.362913,1.762182,0.966700,0,0.258627,0.236886,1.937192,0.996900,0,0.030082,0.244894,1.926005,0.997100,0,0,0,0,0,0,0,0,0
390,13.009512,1,0.306976,-0.365345,2.026820,0.999800,0,-0.079066,-0.340489,2.006282,0.999700,0,0.537149,-0.315692,1.976152,0.787300,0,-0.261340,-0.277980,1.961659,0.824900,0,0.763284,-0.374667,1.952695,0.749200,0,-0.355651,-0.362945,1.762361,0.966500,0,0.260118,0.238763,1.943304,0.996900,0,0.030443,0.245607,1.926359,0.997100,0,0,0,0,0,0,0,0,0
391,13.042870,1,0.307267,-0.364343,2.025337,0.999800,0,-0.079070,-0.340325,2.005316,0.999700,0,0.537035,-0.315594,1.975852,0.777500,0,-0.261318,-0.277947,1.961404,0.820500,0,0.763054,-0.374352,1.953854,0.741800,0,-0.356066,-0.362931,1.762276,0.967300,0,0.261017,0.239718,1.947561,0.996900,0,0.030593,0.245797,1.927419,0.997100,0,0,0,0,0,0,0,0,0
392,13.076228,1,0.307228,-0.363372,2.023323,0.999800,0,-0.079021,-0.340118,2.004092,0.999700,0,0.536848,-0.315508,1.975016,0.790700,0,-0.261353,-0.277988,1.961693,0.824700,0,0.763328,-0.373867,1.954353,0.761300,0,-0.356196,-0.362909,1.762135,0.968900,0,0.261248,0.239725,1.949045,0.996800,0,0.030488,0.245625,1.929032,0.997000,0,0,0,0,0,0,0,0,0
393,13.109586,1,0.306958,-0.362610,2.021231,0.999800,0,-0.078952,-0.339932,2.003002,0.999800,0,0.536646,-0.315518,1.973832,0.788400,0,-0.261452,-0.278104,1.962525,0.824600,0,0.764043,-0.373312,1.953933,0.761500,0,-0.356053,-0.362933,1.762211,0.969600,0,0.260879,0.238998,1.947608,0.996900,0,0.030164,0.245328,1.930963,0.997100,0,0,0,0,0,0,0,1,0
394,13.142943,1,0.306623,-0.362221,2.019628,0.999800,0,-0.078898,-0.339829,2.002391,0.999800,0,0.536496,-0.315668,1.972530,0.778500,0,-0.261605,-0.278278,1.963767,0.823000,0,0.765038,-0.372815,1.952665,0.746800,0,-0.355719,-0.363042,1.762711,0.969400,0,0.260096,0.237871,1.943898,0.996900,0,0.029717,0.245083,1.932891,0.997200,0,0,0,0,0,0,0,0,0
395,13.176301,1,0.306380,-0.362310,2.018980,0.999800,0,-0.078885,-0.339835,2.002430,0.999800,0,0.536457,-0.315953,1.971372,0.779300,0,-0.261784,-0.278476,1.965173,0.823000,0,0.766099,-0.372515,1.950942,0.748900,0,-0.355323,-0.363248,1.763700,0.969800,0,0.259126,0.236657,1.939131,0.996900,0,0.029265,0.244909,1.934444,0.997200,0,0,0,0,0,0,0,0,0
396,13.209659,1,0.306305,-0.362875,2.019457,0.999800,0,-0.078919,-0.339945,2.003079,0.999800,0,0.536551,-0.316318,1.970639,0.780800,0,-0.261954,-0.278654,1.966437,0.823100,0,0.767012,-0.372522,1.949314,0.748100,0,-0.354987,-0.363535,1.765092,0.970200,0,0.258174,0.235552,1.934693,0.997000,0,0.028902,0.244670,1.935291,0.997300,0,0,0,0,0,0,0,0,0
397,13.243017,1,0.306361,-0.363797,2.020859,0.999800,0,-0.078988,-0.340124,2.004130,0.999800,0,0.536744,-0.316677,1.970584,0.785000,0,-0.262076,-0.278771,1.967270,0.823400,0,0.767590,-0.372881,1.948260,0.753800,0,-0.354795,-0.363860,1.766678,0.970900,0,0.257379,0.234602,1.931732,0.997000,0,0.028677,0.244165,1.935275,0.997300,0,0,0,0,0,0,0,0,0
398,13.276375,1,0.306426,-0.364850,2.022695,0.999800,0,-0.079066,-0.340324,2.005303,0.999800,0,0.536947,-0.316943,1.971328,0.787600,0,-0.262122,-0.278803,1.967494,0.824500,0,0.767715,-0.373545,1.948005,0.751900,0,-0.354761,-0.364165,1.768170,0.970200,0,0.256806,0.233763,1.930867,0.997100,0,0.028590,0.243267,1.934499,0.997400,0,0,0,0,0,0,0,0,0
399,13.309733,1,0.306352,-0.365763,2.024366,0.999800,0,-0.079121,-0.340498,2.006330,0.999800,0,0.537045,-0.317058,1.972762,0.779300,0,-0.262084,-0.278749,1.967110,0.819800,0,0.767358,-0.374387,1.948481,0.745100,0,-0.354832,-0.364385,1.769253,0.970500,0,0.256465,0.232976,1.932065,0.997100,0,0.028613,0.242015,1.933315,0.997300,0,0,0,0,0,0,0,0,0
400,13.343090,1,0.306036,-0.366297,2.025382,0.999800,0,-0.079122,-0.340612,2.006996,0.999800,0,0.536943,-0.317002,1.974531,0.790700,0,-0.261979,-0.278636,1.966304,0.823700,0,0.766596,-0.375238,1.949407,0.760600,0,-0.354912,-0.364464,1.769647,0.970800,0,0.256333,0.232235,1.934704,0.997200,0,0.028700,0.240627,1.932192,0.997400,0,0,0,0,0,0,0,1,0
401,13.376448,1,0.305475,-0.366320,2.025517,0.999800,0,-0.079056,-0.340639,2.007159,0.999800,0,0.536612,-0.316791,1.976120,0.794900,0,-0.261838,-0.278504,1.965373,0.828600,0,0.765599,-0.375939,1.950432,0.766100,0,-0.354903,-0.364364,1.769172,0.969900,0,0.256354,0.231595,1.937785,0.997100,0,0.028809,0.239417,1.931536,0.997400,0,0,0,0,0,0,0,0,0
402,13.409806,1,0.304766,-0.365847,2.024851,0.999800,0,-0.078933,-0.340573,2.006771,0.999800,0,0.536107,-0.316464,1.977036,0.792700,0,-0.261699,-0.278396,1.964605,0.828900,0,0.764585,-0.376389,1.951253,0.758200,0,-0.354740,-0.364083,1.767816,0.969200,0,0.256438,0.231129,1.940224,0.997100,0,0.028908,0.238661,1.931541,0.997400,0,0,0,0,0,0,0,0,0
403,13.443163,1,0.304066,-0.365030,2.023712,0.999800,0,-0.078796,-0.340426,2.005917,0.999800,0,0.535553,-0.316067,1.977000,0.781900,0,-0.261593,-0.278336,1.964177,0.827000,0,0.763765,-0.376549,1.951688,0.743600,0,-0.354415,-0.363659,1.765756,0.968000,0,0.256456,0.230870,1.941170,0.997100,0,0.028969,0.238467,1.932100,0.997400,0,0,0,0,0,0,0,0,0
404,13.476521,1,0.303534,-0.364097,2.022532,0.999800,0,-0.078717,-0.340239,2.004822,0.999800,0,0.535096,-0.315652,1.976068,0.791100,0,-0.261542,-0.278325,1.964100,0.831300,0,0.763291,-0.376446,1.951675,0.758200,0,-0.353977,-0.363164,1.763340,0.968700,0,0.256247,0.230755,1.940230,0.997100,0,0.028974,0.238723,1.932836,0.997400,0,0,0,0,0,0,0,1,0
405,13.509879,1,0.303258,-0.363280,2.021679,0.999800,0,-0.078783,-0.340066,2.003816,0.999700,0,0.534845,-0.315280,1.974617,0.786600,0,-0.261557,-0.278348,1.964262,0.825300,0,0.763226,-0.376145,1.951249,0.751300,0,-0.353517,-0.362690,1.761013,0.966700,0,0.255651,0.230625,1.937553,0.997200,0,0.028911,0.239137,1.933256,0.997400,0,0,0,0,0,0,0,0,0
406,13.543237,1,0.303232,-0.362743,2.021327,0.999800,0,-0.079066,-0.339971,2.003255,0.999700,0,0.534823,-0.315017,1.973201,0.797000,0,-0.261644,-0.278383,1.964505,0.831500,0,0.763545,-0.375734,1.950500,0.762100,0,-0.353136,-0.362328,1.759222,0.965800,0,0.254562,0.230269,1.933748,0.997200,0,0.028776,0.239355,1.932981,0.997400,0,0,0,0,0,0,0,0,0
407,13.576594,1,0.303365,-0.362560,2.021429,0.999800,0,-0.079595,-0.339999,2.003413,0.999700,0,0.534958,-0.314927,1.972331,0.793500,0,-0.261804,-0.278412,1.964716,0.828300,0,0.764169,-0.375306,1.949543,0.760800,0,-0.352923,-0.362151,1.758323,0.965300,0,0.252981,0.229505,1.929688,0.997100,0,0.028583,0.239112,1.931964,0.997300,0,0,0,0,0,0,0,0,0
408,13.609952,1,0.303531,-0.362724,2.021784,0.999800,0,-0.080333,-0.340171,2.004401,0.999800,0,0.535124,-0.315050,1.972297,0.801200,0,-0.262026,-0.278432,1.964868,0.825700,0,0.764998,-0.374942,1.948491,0.775300,0,-0.352931,-0.362192,1.758508,0.965800,0,0.251046,0.228266,1.926228,0.997100,0,0.028365,0.238348,1.930565,0.997200,0,0,0,0,0,0,0,0,0
409,13.643310,1,0.303632,-0.363172,2.022177,0.999800,0,-0.081172,-0.340470,2.006127,0.999800,0,0.535197,-0.315394,1.973078,0.800000,0,-0.262283,-0.278449,1.965006,0.828300,0,0.765944,-0.374697,1.947451,0.770000,0,-0.353162,-0.362445,1.759753,0.965800,0,0.249017,0.226647,1.923949,0.997100,0,0.028169,0.237231,1.929409,0.997300,0,0,0,0,0,0,0,0,0
410,13.676667,1,0.303629,-0.363821,2.022492,0.999800,0,-0.081961,-0.340846,2.008307,0.999800,0,0.535114,-0.315924,1.974388,0.796900,0,-0.262520,-0.278474,1.965194,0.833500,0,0.766928,-0.374593,1.946527,0.757200,0,-0.353571,-0.362857,1.761820,0.965500,0,0.247208,0.224890,1.922999,0.997200,0,0.028043,0.236076,1.929087,0.997400,0,0,0,0,0,0,0,0,0
411,13.710025,1,0.303551,-0.364582,2.022750,0.999800,0,-0.082541,-0.341226,2.010528,0.999800,0,0.534897,-0.316561,1.975805,0.789400,0,-0.262673,-0.278512,1.965463,0.837800,0,0.767876,-0.374620,1.945820,0.747900,0,-0.354074,-0.363346,1.764305,0.966300,0,0.245890,0.223302,1.923116,0.997300,0,0.028026,0.235202,1.929845,0.997500,0,0,0,0,0,0,0,0,0
412,13.743383,1,0.303457,-0.365367,2.023054,0.999800,0,-0.082790,-0.341530,2.012341,0.999700,0,0.534642,-0.317208,1.976943,0.793800,0,-0.262681,-0.278562,1.965801,0.831200,0,0.768700,-0.374744,1.945433,0.756500,0,-0.354566,-0.363817,1.766715,0.964800,0,0.245211,0.222163,1.923799,0.997200,0,0.028133,0.234795,1.931452,0.997400,0,0,0,0,0,0,0,0,0
413,13.776740,1,0.303402,-0.366097,2.023506,0.999800,0,-0.082657,-0.341693,2.013370,0.999700,0,0.534467,-0.317769,1.977579,0.796400,0,-0.262511,-0.278618,1.966168,0.832700,0,0.769301,-0.374929,1.945442,0.756700,0,-0.354946,-0.364179,1.768559,0.965800,0,0.245166,0.221643,1.924558,0.997200,0,0.028367,0.234850,1.933307,0.997400,0,0,0,0,0,0,0,1,0
414,13.810098,1,0.303405,-0.366707,2.024124,0.999800,0,-0.082170,-0.341679,2.013399,0.999700,0,0.534458,-0.318185,1.977693,0.792600,0,-0.262170,-0.278675,1.966521,0.830000,0,0.769595,-0.375139,1.945855,0.754200,0,-0.355127,-0.364360,1.769416,0.965800,0,0.245632,0.221778,1.925118,0.997100,0,0.028717,0.235215,1.934731,0.997300,0,0,0,0,0,0,0,0,0
415,13.843456,1,0.303448,-0.367158,2.024830,0.999800,0,-0.081432,-0.341494,2.012437,0.999700,0,0.534621,-0.318445,1.977419,0.795300,0,-0.261707,-0.278724,1.966825,0.831600,0,0.769547,-0.375347,1.946596,0.755800,0,-0.355056,-0.364316,1.769029,0.965400,0,0.246438,0.222480,1.925494,0.997100,0,0.029166,0.235691,1.935259,0.997300,0,0,0,0,0,0,0,0,0
416,13.876813,1,0.303491,-0.367437,2.025498,0.999800,0,-0.080595,-0.341189,2.010721,0.999700,0,0.534876,-0.318584,1.976949,0.799700,0,-0.261203,-0.278759,1.967057,0.833600,0,0.769203,-0.375531,1.947508,0.760400,0,-0.354730,-0.364048,1.767394,0.965800,0,0.247433,0.223584,1.925906,0.997100,0,0.029681,0.236133,1.934812,0.997300,0,0,0,0,0,0,0,0,0
417,13.910171,1,0.303506,-0.367551,2.026025,0.999800,0,-0.079813,-0.340842,2.008651,0.999700,0,0.535093,-0.318657,1.976439,0.794400,0,-0.260755,-0.278775,1.967200,0.833700,0,0.768687,-0.375679,1.948415,0.755500,0,-0.354216,-0.363607,1.764835,0.967200,0,0.248526,0.224902,1.926601,0.997200,0,0.030213,0.236519,1.933669,0.997400,0,0,0,0,0,0,0,0,0
418,13.943529,1,0.303499,-0.367521,2.026383,0.999800,0,-0.079207,-0.340537,2.006664,0.999700,0,0.535161,-0.318719,1.975975,0.801900,0,-0.260444,-0.278770,1.967248,0.832000,0,0.768168,-0.375785,1.949178,0.768300,0,-0.353642,-0.363090,1.761997,0.967500,0,0.249685,0.226284,1.927692,0.997100,0,0.030695,0.236951,1.932311,0.997300,0,0,0,0,0,0,0,0,0
419,13.976887,1,0.303511,-0.367366,2.026603,0.999800,0,-0.078831,-0.340330,2.005100,0.999800,0,0.535054,-0.318801,1.975580,0.800600,0,-0.260308,-0.278744,1.967204,0.832900,0,0.767792,-0.375856,1.949734,0.764100,0,-0.353172,-0.362617,1.759698,0.968200,0,0.250919,0.227644,1.929082,0.997200,0,0.031071,0.237606,1.931204,0.997400,0,0,0,0,0,0,0,0,0
420,14.010244,1,0.303611,-0.367099,2.026724,0.999800,0,-0.078674,-0.340233,2.004098,0.999800,0,0.534854,-0.318912,1.975255,0.797100,0,-0.260316,-0.278706,1.967084,0.832200,0,0.767624,-0.375904,1.950091,0.758800,0,-0.352951,-0.362283,1.758656,0.968000,0,0.252251,0.228959,1.930518,0.997200,0,0.031313,0.238646,1.930653,0.997400,0,0,0,0,0,0,0,0,0
421,14.043602,1,0.303866,-0.366723,2.026748,0.999800,0,-0.078679,-0.340205,2.003592,0.999800,0,0.534722,-0.319035,1.975010,0.799500,0,-0.260379,-0.278668,1.966906,0.833400,0,0.767616,-0.375940,1.950306,0.764800,0,-0.353051,-0.362123,1.759214,0.968300,0,0.253695,0.230244,1.931709,0.997200,0,0.031437,0.240138,1.930739,0.997400,0,0,0,0,0,0,0,0,0
422,14.076960,1,0.304312,-0.366249,2.026642,0.999800,0,-0.078769,-0.340169,2.003369,0.999800,0,0.534827,-0.319129,1.974874,0.804100,0,-0.260388,-0.278640,1.966674,0.833500,0,0.767621,-0.375974,1.950455,0.774200,0,-0.353434,-0.362093,1.761165,0.969200,0,0.255239,0.231520,1.932474,0.997200,0,0.031494,0.242008,1.931348,0.997400,0,0,0,0,0,0,0,0,0
423,14.110317,1,0.304943,-0.365702,2.026377,0.999800,0,-0.078877,-0.340046,2.003181,0.999800,0,0.535277,-0.319130,1.974883,0.805000,0,-0.260264,-0.278633,1.966385,0.832900,0,0.767454,-0.376018,1.950623,0.777000,0,-0.353964,-0.362087,1.763797,0.969700,0,0.256842,0.232780,1.932831,0.997200,0,0.031541,0.244049,1.932222,0.997400,0,0,0,0,0,0,0,0,0
424,14.143675,1,0.305701,-0.365132,2.025989,0.999800,0,-0.078958,-0.339784,2.002856,0.999800,0,0.536065,-0.318959,1.975048,0.799100,0,-0.259993,-0.278645,1.966049,0.829100,0,0.766965,-0.376081,1.950888,0.776200,0,-0.354449,-0.361982,1.766130,0.970800,0,0.258429,0.233977,1.932986,0.997100,0,0.031620,0.245973,1.933036,0.997300,0,0,0,0,0,0,0,0,0
425,14.177033,1,0.306491,-0.364602,2.025587,0.999800,0,-0.078998,-0.339390,2.002357,0.999800,0,0.537071,-0.318541,1.975322,0.802100,0,-0.259622,-0.278671,1.965724,0.830000,0,0.766113,-0.376169,1.951307,0.780200,0,-0.354715,-0.361691,1.767297,0.971100,0,0.259881,0.235005,1.933194,0.997200,0,0.031745,0.247485,1.933490,0.997400,0,0,0,0,0,0,0,0,0
426,14.210390,1,0.307195,-0.364181,2.025313,0.999800,0,-0.078998,-0.338933,2.001771,0.999800,0,0.538087,-0.317830,1.975596,0.805500,0,-0.259231,-0.278698,1.965522,0.827200,0,0.764993,-0.376285,1.951890,0.791300,0,-0.354672,-0.361200,1.766885,0.971700,0,0.261021,0.235702,1.933570,0.997000,0,0.031900,0.248360,1.933421,0.997100,0,0,0,0,0,0,0,0,0
427,14.243748,1,0.307691,-0.363924,2.025279,0.999800,0,-0.078969,-0.338526,2.001244,0.999800,0,0.538886,-0.316846,1.975742,0.810200,0,-0.258887,-0.278704,1.965570,0.827600,0,0.763819,-0.376418,1.952585,0.800500,0,-0.354347,-0.360582,1.765103,0.972500,0,0.261635,0.235884,1.934007,0.997000,0,0.032055,0.248494,1.932880,0.997100,0,0,0,0,0,0,0,0,0
428,14.277106,1,0.307878,-0.363861,2.025522,0.999800,0,-0.078919,-0.338281,2.000907,0.999800,0,0.539291,-0.315696,1.975673,0.797800,0,-0.258623,-0.278662,1.965947,0.822000,0,0.762858,-0.376550,1.953285,0.773800,0,-0.353866,-0.359971,1.762677,0.967600,0,0.261531,0.235405,1.934260,0.996900,0,0.032170,0.247928,1.932106,0.997100,0,0,0,0,0,0,0,0,0
429,14.310464,1,0.307706,-0.363982,2.026000,0.999800,0,-0.078850,-0.338270,2.000837,0.999800,0,0.539237,-0.314564,1.975394,0.797400,0,-0.258439,-0.278549,1.966630,0.820300,0,0.762338,-0.376654,1.953844,0.783600,0,-0.353394,-0.359513,1.760532,0.968800,0,0.260621,0.234236,1.934152,0.996700,0,0.032203,0.246818,1.931408,0.996900,0,0,0,0,0,0,0,0,0
430,14.343821,1,0.307193,-0.364239,2.026623,0.999800,0,-0.078768,-0.338496,2.001052,0.999800,0,0.538787,-0.313665,1.975006,0.787600,0,-0.258330,-0.278364,1.967500,0.813800,0,0.762367,-0.376703,1.954115,0.771000,0,-0.353079,-0.359308,1.759428,0.969800,0,0.258988,0.232504,1.933751,0.996700,0,0.032115,0.245390,1.931030,0.996900,0,0,0,0,0,0,0,0,0
431,14.377179,1,0.306434,-0.364551,2.027274,0.999800,0,-0.078689,-0.338895,2.001528,0.999800,0,0.538105,-0.313163,1.974665,0.796700,0,-0.258322,-0.278138,1.968380,0.820000,0,0.762899,-0.376677,1.953984,0.779900,0,-0.353003,-0.359385,1.759689,0.970100,0,0.256889,0.230485,1.933384,0.996700,0,0.031880,0.243879,1.931068,0.996900,0,0,0,0,0,0,0,0,0
432,14.410537,1,0.305569,-0.364817,2.027821,0.999800,0,-0.078644,-0.339367,2.002207,0.999800,0,0.537389,-0.313113,1.974514,0.786900,0,-0.258489,-0.277936,1.969099,0.820000,0,0.763748,-0.376565,1.953403,0.769600,0,-0.353183,-0.359699,1.761142,0.970900,0,0.254684,0.228548,1.933486,0.996700,0,0.031498,0.242484,1.931461,0.996900,0,0,0,0,0,0,0,0,0
433,14.443895,1,0.304743,-0.364945,2.028113,0.999800,0,-0.078682,-0.339811,2.003009,0.999800,0,0.536801,-0.313429,1.974615,0.788000,0,-0.258935,-0.277828,1.969526,0.820500,0,0.764669,-0.376376,1.952417,0.767400,0,-0.353590,-0.360158,1.763225,0.968700,0,0.252744,0.227058,1.934392,0.996700,0,0.030997,0.241343,1.932024,0.996900,0,0,0,0,0,0,0,0,0
434,14.477252,1,0.304059,-0.364876,2.028015,0.999800,0,-0.078853,-0.340155,2.003828,0.999800,0,0.536425,-0.313931,1.974937,0.786700,0,-0.259752,-0.277859,1.969586,0.822500,0,0.765441,-0.376137,1.951174,0.760400,0,-0.354187,-0.360655,1.765206,0.968100,0,0.251357,0.226303,1.936185,0.996700,0,0.030437,0.240542,1.932504,0.997000,0,0,0,0,0,0,0,0,0
435,14.510610,1,0.303568,-0.364607,2.027446,0.999800,0,-0.079193,-0.340364,2.004540,0.999800,0,0.536271,-0.314428,1.975387,0.789600,0,-0.260963,-0.278017,1.969262,0.825200,0,0.765937,-0.375893,1.949901,0.767000,0,-0.354949,-0.361094,1.766407,0.968900,0,0.250688,0.226431,1.938660,0.996700,0,0.029895,0.240142,1.932654,0.996900,0,0,0,0,0,0,0,0,0
436,14.543968,1,0.303267,-0.364191,2.026408,0.999800,0,-0.079701,-0.340442,2.005027,0.999800,0,0.536306,-0.314802,1.975865,0.789400,0,-0.262482,-0.278238,1.968579,0.825000,0,0.766150,-0.375689,1.948844,0.766300,0,-0.355874,-0.361409,1.766367,0.968600,0,0.250772,0.227433,1.941382,0.996800,0,0.029457,0.240195,1.932309,0.997000,0,1,0,0,0,0,0,0,0
437,14.577325,1,0.303126,-0.363716,2.025000,0.999800,0,-0.080330,-0.340416,2.005215,0.999800,0,0.536491,-0.315060,1.976301,0.792700,0,-0.264119,-0.278431,1.967603,0.827300,0,0.766165,-0.375563,1.948190,0.763300,0,-0.356985,-0.361565,1.764915,0.966600,0,0.251527,0.229153,1.943793,0.996900,0,0.029195,0.240736,1.931465,0.997100,0,0,0,0,0,0,0,0,0
438,14.610683,1,0.303110,-0.363280,2.023384,0.999800,0,-0.080996,-0.340328,2.005112,0.999800,0,0.536804,-0.315309,1.976650,0.792900,0,-0.265632,-0.278520,1.966433,0.826700,0,0.766102,-0.375529,1.948013,0.767400,0,-0.358324,-0.361560,1.762166,0.967000,0,0.252782,0.231333,1.945358,0.996900,0,0.029159,0.241752,1.930298,0.997100,0,0,0,0,0,0,0,0,0
439,14.644041,1,0.303194,-0.362963,2.021746,0.999800,0,-0.081601,-0.340227,2.004832,0.999800,0,0.537231,-0.315689,1.976876,0.798000,0,-0.266814,-0.278476,1.965197,0.829600,0,0.766058,-0.375579,1.948275,0.775300,0,-0.359951,-0.361430,1.758476,0.967200,0,0.254298,0.233671,1.945706,0.996900,0,0.029357,0.243152,1.929107,0.997100,0,0,0,0,0,0,0,0,0
440,14.677399,1,0.303358,-0.362811,2.020246,0.999800,0,-0.082067,-0.340157,2.004562,0.999800,0,0.537762,-0.316285,1.976946,0.781900,0,-0.267572,-0.278333,1.964039,0.820400,0,0.766061,-0.375692,1.948862,0.755200,0,-0.361942,-0.361251,1.754386,0.967000,0,0.255804,0.235886,1.944715,0.996800,0,0.029742,0.244761,1.928194,0.997100,0,0,0,0,0,0,0,0,0
441,14.710756,1,0.303592,-0.362827,2.018992,0.999800,0,-0.082360,-0.340149,2.004489,0.999800,0,0.538369,-0.317071,1.976840,0.782500,0,-0.267965,-0.278172,1.963099,0.820000,0,0.766061,-0.375841,1.949637,0.747800,0,-0.364368,-0.361132,1.750543,0.966700,0,0.257047,0.237765,1.942541,0.996900,0,0.030214,0.246350,1.927718,0.997200,0,0,0,0,0,0,0,0,0
442,14.744114,1,0.303890,-0.362983,2.018063,0.999800,0,-0.082491,-0.340210,2.004740,0.999700,0,0.539002,-0.317916,1.976564,0.794500,0,-0.268178,-0.278100,1.962490,0.818800,0,0.765974,-0.376003,1.950476,0.760700,0,-0.367268,-0.361189,1.747600,0.961700,0,0.257840,0.239185,1.939570,0.997000,0,0.030642,0.247679,1.927637,0.997200,0,0,0,0,0,0,0,0,0
443,14.777472,1,0.304258,-0.363241,2.017552,0.999800,0,-0.082508,-0.340331,2.005346,0.999700,0,0.539596,-0.318638,1.976144,0.800900,0,-0.268454,-0.278216,1.962279,0.825900,0,0.765745,-0.376159,1.951288,0.763800,0,-0.370616,-0.361506,1.746077,0.961000,0,0.258096,0.240106,1.936340,0.997000,0,0.030900,0.248558,1.927751,0.997200,0,0,0,0,0,0,0,0,0
444,14.810830,1,0.304710,-0.363579,2.017594,0.999800,0,-0.082474,-0.340492,2.006269,0.999700,0,0.540082,-0.319088,1.975630,0.804000,0,-0.268997,-0.278582,1.962486,0.831700,0,0.765404,-0.376297,1.952002,0.758700,0,-0.374308,-0.362105,1.746229,0.959200,0,0.257836,0.240557,1.933421,0.997100,0,0.030905,0.248889,1.927838,0.997300,0,0,0,0,0,0,0,0,0
445,14.844187,1,0.305246,-0.364002,2.018317,0.999800,0,-0.082443,-0.340675,2.007425,0.999700,0,0.540410,-0.319209,1.975098,0.806700,0,-0.269903,-0.279215,1.963100,0.834800,0,0.765073,-0.376401,1.952541,0.752800,0,-0.378172,-0.362930,1.747951,0.955200,0,0.257173,0.240597,1.931269,0.997100,0,0.030647,0.248698,1.927797,0.997300,0,0,0,0,0,0,0,0,0
446,14.877545,1,0.305837,-0.364525,2.019730,0.999800,0,-0.082445,-0.340863,2.008686,0.999700,0,0.540561,-0.319055,1.974644,0.812600,0,-0.271140,-0.280084,1.964090,0.833100,0,0.764933,-0.376454,1.952815,0.758300,0,-0.382001,-0.363851,1.750770,0.945800,0,0.256257,0.240286,1.930088,0.997200,0,0.030190,0.248129,1.927719,0.997300,0,0,0,0,0,0,0,0,0
447,14.910903,1,0.306411,-0.365146,2.021633,0.999800,0,-0.082484,-0.341041,2.009877,0.999700,0,0.540550,-0.318764,1.974363,0.825200,0,-0.272575,-0.281129,1.965399,0.839200,0,0.765149,-0.376438,1.952730,0.775000,0,-0.385597,-0.364689,1.753926,0.947300,0,0.255228,0.239674,1.929749,0.997200,0,0.029644,0.247409,1.927846,0.997400,0,0,0,0,0,0,0,0,0
448,14.944260,1,0.306875,-0.365818,2.023622,0.999800,0,-0.082536,-0.341191,2.010780,0.999700,0,0.540419,-0.318509,1.974314,0.831600,0,-0.274036,-0.282272,1.966896,0.845200,0,0.765807,-0.376344,1.952237,0.781800,0,-0.388825,-0.365263,1.756553,0.947400,0,0.254168,0.238803,1.929830,0.997300,0,0.029123,0.246781,1.928457,0.997400,0,0,0,0,0,0,0,0,0
449,14.977618,1,0.307147,-0.366453,2.025216,0.999800,0,-0.082565,-0.341294,2.011195,0.999700,0,0.540224,-0.318441,1.974498,0.827700,0,-0.275384,-0.283433,1.968352,0.850200,0,0.766860,-0.376179,1.951382,0.767400,0,-0.391671,-0.365449,1.757919,0.947400,0,0.253102,0.237723,1.929783,0.997300,0,0.028714,0.246434,1.929722,0.997500,0,0,0,0,0,0,0,0,0
450,15.010976,1,0.307191,-0.366956,2.026047,0.999800,0,-0.082540,-0.341334,2.011003,0.999700,0,0.540028,-0.318653,1.974874,0.830900,0,-0.276562,-0.284540,1.969445,0.856400,0,0.768121,-0.375977,1.950332,0.762200,0,-0.394272,-0.365228,1.757635,0.945600,0,0.252043,0.236524,1.929183,0.997400,0,0.028465,0.246462,1.931604,0.997500,0,0,0,0,0,0,0,1,0
451,15.044334,1,0.307034,-0.367261,2.026005,0.999800,0,-0.082452,-0.341299,2.010227,0.999700,0,0.539894,-0.319160,1.975400,0.838200,0,-0.277616,-0.285536,1.969826,0.863500,0,0.769310,-0.375791,1.949372,0.769600,0,-0.396909,-0.364697,1.755764,0.946800,0,0.251042,0.235357,1.927929,0.997500,0,0.028385,0.246861,1.933839,0.997600,0,0,0,0,0,0,0,0,0
452,15.077691,1,0.306759,-0.367341,2.025269,0.999800,0,-0.082321,-0.341181,2.009053,0.999700,0,0.539874,-0.319895,1.976047,0.841900,0,-0.278674,-0.286398,1.969216,0.868900,0,0.770133,-0.375687,1.948843,0.768600,0,-0.399933,-0.364039,1.752785,0.946100,0,0.250228,0.234422,1.926296,0.997500,0,0.028472,0.247574,1.936016,0.997700,0,0,0,0,0,0,0,0,0
453,15.111049,1,0.306487,-0.367208,2.024199,0.999800,0,-0.082201,-0.340976,2.007797,0.999700,0,0.540008,-0.320715,1.976787,0.844300,0,-0.279913,-0.287138,1.967505,0.872100,0,0.770386,-0.375726,1.949057,0.768400,0,-0.403644,-0.363443,1.749431,0.944700,0,0.249796,0.233941,1.924792,0.997600,0,0.028717,0.248533,1.937693,0.997700,0,0,0,0,0,0,0,0,0
454,15.144407,1,0.306333,-0.366888,2.023169,0.999800,0,-0.082166,-0.340683,2.006816,0.999700,0,0.540304,-0.321434,1.977562,0.845300,0,-0.281491,-0.287808,1.964821,0.875200,0,0.770021,-0.375944,1.950195,0.761700,0,-0.408163,-0.363033,1.746483,0.941700,0,0.249951,0.234090,1.923911,0.997600,0,0.029110,0.249681,1.938512,0.997800,0,0,0,0,0,0,0,0,0
455,15.177765,1,0.306379,-0.366406,2.022413,0.999800,0,-0.082289,-0.340305,2.006386,0.999700,0,0.540732,-0.321871,1.978268,0.845700,0,-0.283492,-0.288478,1.961556,0.878100,0,0.769158,-0.376336,1.952226,0.753000,0,-0.413355,-0.362809,1.744599,0.937500,0,0.250838,0.234940,1.923913,0.997600,0,0.029629,0.250973,1.938284,0.997800,0,0,0,0,0,0,0,0,0
456,15.211122,1,0.306644,-0.365788,2.021961,0.999800,0,-0.082615,-0.339850,2.006603,0.999700,0,0.541229,-0.321914,1.978770,0.853400,0,-0.285870,-0.289218,1.958305,0.881500,0,0.768040,-0.376854,1.954902,0.764200,0,-0.418862,-0.362653,1.744221,0.932600,0,0.252478,0.236422,1.924732,0.997700,0,0.030227,0.252346,1.937018,0.997800,0,0,0,0,0,0,0,0,0
457,15.244480,1,0.307085,-0.365072,2.021681,0.999800,0,-0.083136,-0.339345,2.007355,0.999700,0,0.541703,-0.321563,1.978943,0.851500,0,-0.288454,-0.290068,1.955727,0.883700,0,0.766936,-0.377422,1.957823,0.754200,0,-0.424212,-0.362369,1.745568,0.926000,0,0.254738,0.238333,1.926065,0.997700,0,0.030835,0.253702,1.934925,0.997900,0,0,0,0,0,0,0,0,0
458,15.277838,1,0.307614,-0.364323,2.021399,0.999800,0,-0.083785,-0.338832,2.008361,0.999700,0,0.542054,-0.320925,1.978712,0.837800,0,-0.290987,-0.291027,1.954337,0.879400,0,0.766063,-0.377955,1.960551,0.731600,0,-0.428993,-0.361766,1.748676,0.923200,0,0.257364,0.240393,1.927534,0.997700,0,0.031374,0.254921,1.932364,0.997800,0,0,0,0,0,0,0,0,0
459,15.311196,1,0.308136,-0.363629,2.021028,0.999800,0,-0.084457,-0.338360,2.009283,0.999700,0,0.542210,-0.320178,1.978065,0.842800,0,-0.293222,-0.292053,1.954333,0.879300,0,0.765525,-0.378383,1.962740,0.740800,0,-0.432983,-0.360726,1.753420,0.920300,0,0.260043,0.242340,1.928855,0.997700,0,0.031781,0.255892,1.929747,0.997800,0,0,0,0,0,0,0,0,0
460,15.344553,1,0.308594,-0.363081,2.020628,0.999800,0,-0.085040,-0.337972,2.009845,0.999700,0,0.542145,-0.319505,1.977044,0.842100,0,-0.295015,-0.293088,1.955529,0.876700,0,0.765316,-0.378667,1.964205,0.746100,0,-0.436217,-0.359241,1.759534,0.924700,0,0.262500,0.244010,1.929918,0.997600,0,0.032024,0.256566,1.927436,0.997700,0,0,0,0,0,0,0,0,0
461,15.377911,1,0.308990,-0.362748,2.020366,0.999800,0,-0.085462,-0.337696,2.009930,0.999700,0,0.541903,-0.319023,1.975732,0.845500,0,-0.296380,-0.294070,1.957439,0.874800,0,0.765349,-0.378802,1.964930,0.754800,0,-0.438949,-0.357406,1.766610,0.924300,0,0.264566,0.245374,1.930789,0.997600,0,0.032111,0.256990,1.925689,0.997700,0,0,0,0,0,0,0,0,0
462,15.411269,1,0.309383,-0.362647,2.020404,0.999800,0,-0.085715,-0.337542,2.009628,0.999700,0,0.541592,-0.318760,1.974261,0.833700,0,-0.297477,-0.294943,1.959455,0.870400,0,0.765513,-0.378808,1.965028,0.739600,0,-0.441550,-0.355369,1.774129,0.926300,0,0.266200,0.246518,1.931662,0.997400,0,0.032080,0.257296,1.924660,0.997600,0,0,0,0,0,0,0,0,0
463,15.444626,1,0.309852,-0.362735,2.020795,0.999800,0,-0.085858,-0.337502,2.009195,0.999700,0,0.541347,-0.318650,1.972818,0.824500,0,-0.298547,-0.295663,1.961052,0.865200,0,0.765707,-0.378721,1.964686,0.730600,0,-0.444374,-0.353280,1.781531,0.927200,0,0.267466,0.247568,1.932795,0.997400,0,0.031985,0.257659,1.924422,0.997600,0,0,0,0,0,0,0,0,0
464,15.477984,1,0.310457,-0.362930,2.021431,0.999800,0,-0.085990,-0.337558,2.008947,0.999700,0,0.541282,-0.318565,1.971635,0.830800,0,-0.299825,-0.296199,1.961938,0.866100,0,0.765865,-0.378589,1.964115,0.744200,0,-0.447670,-0.351260,1.788326,0.929800,0,0.268466,0.248623,1.934406,0.997400,0,0.031880,0.258232,1.924976,0.997600,0,0,0,0,0,0,0,0,0
465,15.511342,1,0.311196,-0.363135,2.022109,0.999800,0,-0.086202,-0.337681,2.009128,0.999700,0,0.541441,-0.318350,1.970918,0.831500,0,-0.301466,-0.296558,1.962103,0.866400,0,0.765959,-0.378462,1.963521,0.745200,0,-0.451543,-0.349393,1.794218,0.929400,0,0.269280,0.249708,1.936561,0.997500,0,0.031810,0.259095,1.926237,0.997600,0,0,0,0,0,0,0,0,0
466,15.544699,1,0.312001,-0.363281,2.022651,0.999800,0,-0.086545,-0.337831,2.009803,0.999700,0,0.541781,-0.317878,1.970785,0.837100,0,-0.303528,-0.296794,1.961772,0.865700,0,0.765992,-0.378385,1.963073,0.757400,0,-0.455985,-0.347746,1.799203,0.931900,0,0.269934,0.250767,1.939078,0.997500,0,0.031799,0.260221,1.927999,0.997600,0,0,0,0,0,0,0,0,0
467,15.578057,1,0.312757,-0.363351,2.023022,0.999800,0,-0.087017,-0.337967,2.010834,0.999700,0,0.542182,-0.317094,1.971219,0.835000,0,-0.305999,-0.297010,1.961271,0.863500,0,0.765983,-0.378384,1.962874,0.761200,0,-0.460936,-0.346375,1.803586,0.935800,0,0.270404,0.251682,1.941532,0.997400,0,0.031856,0.261474,1.929911,0.997600,0,0,0,0,0,0,0,0,0
468,15.611415,1,0.313323,-0.363379,2.023338,0.999800,0,-0.087572,-0.338061,2.011945,0.999700,0,0.542493,-0.316048,1.972080,0.842100,0,-0.308870,-0.297334,1.960881,0.863100,0,0.765956,-0.378463,1.962942,0.776500,0,-0.466344,-0.345324,1.807889,0.937600,0,0.270646,0.252294,1.943391,0.997300,0,0.031968,0.262632,1.931519,0.997500,0,0,0,0,0,0,0,0,0
469,15.644772,1,0.313564,-0.363425,2.023760,0.999800,0,-0.088158,-0.338114,2.012835,0.999700,0,0.542578,-0.314907,1.973167,0.832900,0,-0.312193,-0.297876,1.960724,0.864400,0,0.765932,-0.378590,1.963208,0.764900,0,-0.472197,-0.344598,1.812674,0.940300,0,0.270627,0.252438,1.944233,0.997400,0,0.032103,0.263427,1.932392,0.997600,0,0,0,0,0,0,0,0,0
470,15.678130,1,0.313355,-0.363527,2.024343,0.999800,0,-0.088755,-0.338159,2.013286,0.999700,0,0.542369,-0.313922,1.974272,0.830400,0,-0.316090,-0.298686,1.960733,0.864700,0,0.765919,-0.378704,1.963529,0.758200,0,-0.478507,-0.344140,1.818341,0.941600,0,0.270329,0.251962,1.943914,0.997400,0,0.032215,0.263597,1.932283,0.997600,0,0,0,0,0,0,0,0,0
471,15.711488,1,0.312608,-0.363683,2.024957,0.999800,0,-0.089384,-0.338254,2.013217,0.999700,0,0.541887,-0.313368,1.975225,0.832000,0,-0.320697,-0.299737,1.960712,0.867200,0,0.765911,-0.378724,1.963724,0.765200,0,-0.485274,-0.343815,1.824974,0.944200,0,0.269731,0.250765,1.942595,0.997400,0,0.032243,0.262951,1.931261,0.997600,0,0,0,0,0,0,0,0,0
472,15.744845,1,0.311286,-0.363840,2.025332,0.999800,0,-0.090091,-0.338454,2.012674,0.999700,0,0.541239,-0.313463,1.975914,0.827100,0,-0.326053,-0.300935,1.960438,0.867500,0,0.765891,-0.378570,1.963616,0.762800,0,-0.492452,-0.343423,1.832307,0.946400,0,0.268789,0.248830,1.940612,0.997400,0,0.032129,0.261427,1.929707,0.997600,0,0,0,0,0,0,0,0,0
473,15.778203,1,0.309436,-0.363922,2.025215,0.999800,0,-0.090917,-0.338788,2.011800,0.999700,0,0.540588,-0.314285,1.976284,0.824000,0,-0.332014,-0.302153,1.959772,0.865800,0,0.765832,-0.378192,1.963094,0.762700,0,-0.499927,-0.342745,1.839816,0.947700,0,0.267445,0.246258,1.938300,0.997300,0,0.031830,0.259115,1.928172,0.997600,0,0,0,0,0,0,0,0,0
474,15.811560,1,0.307187,-0.363854,2.024519,0.999800,0,-0.091864,-0.339242,2.010790,0.999700,0,0.540095,-0.315736,1.976332,0.830800,0,-0.338229,-0.303278,1.958719,0.864900,0,0.765704,-0.377588,1.962146,0.769000,0,-0.507520,-0.341603,1.846897,0.944600,0,0.265669,0.243256,1.935869,0.997300,0,0.031336,0.256241,1.927144,0.997600,0,0,0,0,0,0,0,0,0
475,15.844918,1,0.304739,-0.363593,2.023367,0.999800,0,-0.092890,-0.339760,2.009860,0.999700,0,0.539867,-0.317554,1.976090,0.827600,0,-0.344205,-0.304243,1.957416,0.858900,0,0.765479,-0.376813,1.960874,0.767100,0,-0.515017,-0.339905,1.853076,0.940300,0,0.263504,0.240115,1.933383,0.997300,0,0.030681,0.253110,1.926838,0.997600,0,0,0,0,0,0,0,0,0
476,15.878276,1,0.302309,-0.363130,2.022022,0.999800,0,-0.093932,-0.340275,2.009211,0.999700,0,0.539906,-0.319386,1.975625,0.834500,0,-0.349435,-0.305028,1.956059,0.864000,0,0.765139,-0.375960,1.959467,0.777900,0,-0.522211,-0.337669,1.858174,0.943600,0,0.261097,0.237142,1.930828,0.997300,0,0.029940,0.250030,1.927115,0.997600,0,0,0,0,0,0,0,0,0
477,15.911633,1,0.300079,-0.362499,2.020744,0.999800,0,-0.094928,-0.340725,2.008991,0.999700,0,0.540112,-0.320902,1.975048,0.837400,0,-0.353536,-0.305658,1.954822,0.868500,0,0.764671,-0.375128,1.958147,0.776900,0,-0.528958,-0.335010,1.862364,0.944900,0,0.258679,0.234597,1.928214,0.997300,0,0.029218,0.247262,1.927582,0.997600,0,0,0,0,0,0,0,0,0
478,15.944991,1,0.298154,-0.361768,2.019650,0.999800,0,-0.095845,-0.341080,2.009251,0.999700,0,0.540327,-0.321888,1.974519,0.836400,0,-0.356349,-0.306178,1.953807,0.869400,0,0.764073,-0.374383,1.957111,0.766100,0,-0.535211,-0.332099,1.866112,0.938000,0,0.256508,0.232636,1.925637,0.997400,0,0.028617,0.244982,1.927813,0.997700,0,0,0,0,0,0,0,0,0
479,15.978349,1,0.296548,-0.361029,2.018678,0.999800,0,-0.096673,-0.341333,2.009907,0.999700,0,0.540406,-0.322302,1.974212,0.839900,0,-0.357969,-0.306635,1.953070,0.871600,0,0.763353,-0.373734,1.956461,0.770800,0,-0.541031,-0.329120,1.870033,0.940500,0,0.254788,0.231287,1.923290,0.997400,0,0.028216,0.243281,1.927574,0.997700,0,0,0,0,0,0,0,0,0
480,16.011706,1,0.295221,-0.360388,2.017657,0.999800,0,-0.097410,-0.341494,2.010753,0.999700,0,0.540277,-0.322254,1.974261,0.838200,0,-0.358691,-0.307061,1.952662,0.873900,0,0.762541,-0.373143,1.956174,0.766100,0,-0.546551,-0.326238,1.874696,0.941600,0,0.253615,0.230468,1.921409,0.997400,0,0.028044,0.242170,1.926928,0.997700,0,0,0,0,0,0,0,0,0
481,16.045064,1,0.294114,-0.359933,2.016449,0.999800,0,-0.098050,-0.341575,2.011534,0.999800,0,0.539961,-0.321948,1.974701,0.835600,0,-0.358901,-0.307475,1.952665,0.879200,0,0.761701,-0.372545,1.956118,0.754900,0,-0.551882,-0.323562,1.880417,0.943300,0,0.252954,0.230016,1.920227,0.997500,0,0.028071,0.241586,1.926171,0.997800,0,0,0,0,0,0,0,0,0
482,16.078422,1,0.293195,-0.359706,2.015077,0.999800,0,-0.098573,-0.341584,2.012048,0.999700,0,0.539537,-0.321596,1.975451,0.832300,0,-0.358961,-0.307886,1.953192,0.879800,0,0.760936,-0.371894,1.956126,0.739600,0,-0.557024,-0.321139,1.887123,0.935300,0,0.252668,0.229754,1.919947,0.997600,0,0.028209,0.241399,1.925661,0.997800,0,0,0,0,0,0,0,0,0
483,16.111779,1,0.292462,-0.359685,2.013752,0.999800,0,-0.098960,-0.341532,2.012209,0.999700,0,0.539091,-0.321361,1.976347,0.837200,0,-0.359118,-0.308305,1.954343,0.885900,0,0.760371,-0.371189,1.956093,0.742100,0,-0.561829,-0.318950,1.894336,0.937800,0,0.252581,0.229534,1.920714,0.997600,0,0.028335,0.241432,1.925639,0.997900,0,0,0,0,0,0,0,0,0
484,16.145137,1,0.291932,-0.359786,2.012795,0.999800,0,-0.099205,-0.341428,2.012055,0.999700,0,0.538670,-0.321314,1.977187,0.841700,0,-0.359471,-0.308752,1.956159,0.888400,0,0.760117,-0.370479,1.956018,0.746700,0,-0.566052,-0.316949,1.901328,0.936300,0,0.252540,0.229296,1.922575,0.997600,0,0.028323,0.241512,1.926120,0.997900,0,0,0,0,0,0,0,0,0
485,16.178495,1,0.291620,-0.359895,2.012497,0.999800,0,-0.099314,-0.341288,2.011688,0.999800,0,0.538274,-0.321445,1.977790,0.847100,0,-0.359993,-0.309244,1.958580,0.893200,0,0.760218,-0.369850,1.955984,0.760900,0,-0.569456,-0.315110,1.907379,0.940600,0,0.252454,0.229080,1.925408,0.997600,0,0.028090,0.241533,1.926901,0.997900,0,0,0,0,0,0,0,0,0
486,16.211852,1,0.291523,-0.359923,2.013009,0.999800,0,-0.099310,-0.341132,2.011213,0.999800,0,0.537871,-0.321685,1.978041,0.848600,0,-0.360564,-0.309792,1.961429,0.895100,0,0.760619,-0.369397,1.956078,0.755600,0,-0.571908,-0.313449,1.912032,0.935300,0,0.252311,0.229007,1.928881,0.997700,0,0.027625,0.241483,1.927671,0.998000,0,0,0,0,0,0,0,0,0
487,16.245210,1,0.291622,-0.359836,2.014288,0.999800,0,-0.099218,-0.340997,2.010710,0.999800,0,0.537426,-0.321952,1.977921,0.850200,0,-0.361037,-0.310387,1.964414,0.898800,0,0.761170,-0.369189,1.956326,0.751500,0,-0.573427,-0.312005,1.915201,0.933900,0,0.252152,0.229196,1.932512,0.997700,0,0.026991,0.241414,1.928157,0.998000,0,0,0,0,0,0,0,0,0
488,16.278567,1,0.291892,-0.359661,2.016107,0.999800,0,-0.099071,-0.340937,2.010236,0.999800,0,0.536931,-0.322191,1.977516,0.855000,0,-0.361288,-0.311005,1.967154,0.902200,0,0.761682,-0.369245,1.956674,0.759000,0,-0.574163,-0.310785,1.917133,0.935400,0,0.252052,0.229668,1.935828,0.997700,0,0.026303,0.241359,1.928242,0.998000,0,0,0,0,0,0,0,0,0
489,16.311925,1,0.292308,-0.359468,2.018118,0.999800,0,-0.098910,-0.341019,2.009874,0.999800,0,0.536428,-0.322395,1.976991,0.862400,0,-0.361259,-0.311596,1.969227,0.905400,0,0.762004,-0.369537,1.957034,0.771600,0,-0.574349,-0.309731,1.918251,0.936900,0,0.252088,0.230287,1.938529,0.997700,0,0.025694,0.241260,1.927996,0.998000,0,0,0,0,0,0,0,0,0
490,16.345283,1,0.292838,-0.359335,2.019941,0.999800,0,-0.098784,-0.341308,2.009759,0.999800,0,0.536008,-0.322602,1.976550,0.864300,0,-0.360976,-0.312092,1.970263,0.905700,0,0.762092,-0.369993,1.957329,0.770100,0,-0.574227,-0.308717,1.918980,0.930600,0,0.252307,0.230786,1.940551,0.997700,0,0.025276,0.240970,1.927612,0.998000,0,0,0,0,0,0,0,0,0
491,16.378641,1,0.293437,-0.359326,2.021269,0.999800,0,-0.098754,-0.341841,2.010061,0.999800,0,0.535791,-0.322874,1.976395,0.860000,0,-0.360536,-0.312421,1.970063,0.907400,0,0.762014,-0.370533,1.957542,0.765100,0,-0.573992,-0.307608,1.919608,0.932600,0,0.252701,0.230866,1.941972,0.997800,0,0.025121,0.240325,1.927297,0.998000,0,0,0,0,0,0,0,0,0
492,16.411998,1,0.294035,-0.359484,2.021948,0.999800,0,-0.098877,-0.342603,2.010915,0.999800,0,0.535879,-0.323260,1.976670,0.862900,0,-0.360083,-0.312524,1.968717,0.907700,0,0.761908,-0.371084,1.957720,0.763700,0,-0.573767,-0.306323,1.920232,0.927300,0,0.253193,0.230323,1.942878,0.997800,0,0.025254,0.239258,1.927177,0.998100,0,0,0,0,0,0,0,0,0
493,16.445356,1,0.294542,-0.359827,2.022020,0.999800,0,-0.099190,-0.343515,2.012344,0.999800,0,0.536289,-0.323761,1.977410,0.861600,0,-0.359754,-0.312386,1.966630,0.907200,0,0.761899,-0.371588,1.957958,0.756900,0,-0.573606,-0.304885,1.920792,0.923500,0,0.253645,0.229141,1.943258,0.997900,0,0.025651,0.237865,1.927254,0.998100,0,0,0,0,0,0,0,0,0
494,16.478714,1,0.294864,-0.360343,2.021706,0.999800,0,-0.099681,-0.344451,2.014197,0.999800,0,0.536915,-0.324319,1.978507,0.862800,0,-0.359628,-0.312053,1.964440,0.906800,0,0.762033,-0.372006,1.958366,0.759200,0,-0.573522,-0.303419,1.921173,0.920400,0,0.253898,0.227505,1.942989,0.997900,0,0.026243,0.236392,1.927414,0.998100,0,0,0,0,0,0,0,0,0
495,16.512072,1,0.294939,-0.360990,2.021318,0.999800,0,-0.100279,-0.345271,2.016149,0.999800,0,0.537538,-0.324816,1.979725,0.860500,0,-0.359688,-0.311624,1.962828,0.905800,0,0.762252,-0.372314,1.959035,0.750900,0,-0.573520,-0.302121,1.921308,0.919200,0,0.253830,0.225740,1.941896,0.997900,0,0.026925,0.235159,1.927498,0.998100,0,0,0,0,0,0,0,0,0
496,16.545429,1,0.294763,-0.361695,2.021145,0.999800,0,-0.100859,-0.345855,2.017775,0.999800,0,0.537902,-0.325122,1.980791,0.865600,0,-0.359810,-0.311226,1.962310,0.907900,0,0.762432,-0.372509,1.959990,0.759800,0,-0.573598,-0.301186,1.921248,0.919700,0,0.253416,0.224223,1.939851,0.997900,0,0.027580,0.234463,1.927388,0.998100,0,0,0,0,0,0,0,0,0
497,16.578787,1,0.294394,-0.362366,2.021332,0.999800,0,-0.101273,-0.346141,2.018675,0.999800,0,0.537826,-0.325146,1.981520,0.865900,0,-0.359793,-0.310962,1.963072,0.910200,0,0.762453,-0.372624,1.961161,0.754400,0,-0.573731,-0.300750,1.921150,0.919200,0,0.252754,0.223284,1.936862,0.997900,0,0.028108,0.234511,1.927106,0.998200,0,0,0,0,0,0,0,0,0
498,16.612145,1,0.293933,-0.362916,2.021824,0.999800,0,-0.101404,-0.346131,2.018628,0.999800,0,0.537292,-0.324888,1.981898,0.861700,0,-0.359422,-0.310883,1.964930,0.910600,0,0.762265,-0.372721,1.962375,0.741100,0,-0.573852,-0.300848,1.921193,0.916300,0,0.252048,0.223118,1.933117,0.997900,0,0.028456,0.235382,1.926852,0.998200,0,0,0,0,0,0,0,0,0
499,16.645502,1,0.293483,-0.363285,2.022393,0.999800,0,-0.101215,-0.345894,2.017696,0.999700,0,0.536479,-0.324454,1.982082,0.863700,0,-0.358539,-0.310982,1.967406,0.908300,0,0.761919,-0.372877,1.963387,0.745000,0,-0.573847,-0.301409,1.921481,0.909100,0,0.251549,0.223744,1.928994,0.997900,0,0.028644,0.237023,1.926944,0.998200,0,0,0,0,0,0,0,1,0
500,16.678860,1,0.293127,-0.363457,2.022756,0.999800,0,-0.100769,-0.345548,2.016230,0.999800,0,0.535700,-0.324014,1.982294,0.860400,0,-0.357098,-0.311211,1.969899,0.912800,0,0.761538,-0.373149,1.963952,0.741200,0,-0.573583,-0.302285,1.921995,0.915700,0,0.251464,0.225015,1.925019,0.997900,0,0.028748,0.239267,1.927668,0.998200,0,0,0,0,0,0,0,0,0
501,16.712218,1,0.292912,-0.363465,2.022716,0.999800,0,-0.100200,-0.345223,2.014775,0.999800,0,0.535290,-0.323731,1.982679,0.857500,0,-0.355182,-0.311520,1.971871,0.912300,0,0.761263,-0.373541,1.963916,0.739600,0,-0.572964,-0.303301,1.922611,0.917200,0,0.251894,0.226685,1.921813,0.997900,0,0.028878,0.241865,1.929105,0.998200,0,0,0,0,0,0,0,0,0
502,16.745576,1,0.292861,-0.363372,2.022258,0.999800,0,-0.099665,-0.345029,2.013876,0.999800,0,0.535474,-0.323687,1.983214,0.860500,0,-0.352986,-0.311879,1.973001,0.913000,0,0.761189,-0.373994,1.963283,0.743100,0,-0.571973,-0.304306,1.923173,0.917000,0,0.252811,0.228493,1.920004,0.997900,0,0.029130,0.244519,1.931047,0.998200,0,0,0,0,0,0,0,0,0
503,16.778933,1,0.292976,-0.363249,2.021559,0.999800,0,-0.099282,-0.345024,2.013867,0.999800,0,0.536284,-0.323849,1.983710,0.861200,0,-0.350770,-0.312285,1.973244,0.914400,0,0.761334,-0.374407,1.962225,0.746100,0,-0.570691,-0.305197,1.923552,0.920900,0,0.254080,0.230219,1.920108,0.997900,0,0.029549,0.246914,1.933040,0.998200,0,0,0,0,0,0,0,0,0
504,16.812291,1,0.293247,-0.363143,2.020912,0.999800,0,-0.099100,-0.345193,2.014737,0.999800,0,0.537560,-0.324079,1.983913,0.864100,0,-0.348814,-0.312745,1.972775,0.915400,0,0.761638,-0.374670,1.961020,0.753200,0,-0.569279,-0.305916,1.923688,0.923800,0,0.255511,0.231697,1.922363,0.997800,0,0.030112,0.248749,1.934543,0.998200,0,0,0,0,0,0,0,1,0
505,16.845649,1,0.293651,-0.363059,2.020612,0.999800,0,-0.099097,-0.345460,2.016133,0.999800,0,0.539014,-0.324191,1.983637,0.867500,0,-0.347368,-0.313250,1.971880,0.917700,0,0.761989,-0.374695,1.959940,0.758300,0,-0.567944,-0.306446,1.923591,0.926200,0,0.256909,0.232791,1.926549,0.997800,0,0.030734,0.249787,1.935136,0.998200,0,0,0,0,0,0,0,0,0
506,16.879007,1,0.294162,-0.362966,2.020861,0.999900,0,-0.099200,-0.345719,2.017499,0.999800,0,0.540341,-0.324026,1.982858,0.869600,0,-0.346614,-0.313758,1.970833,0.918100,0,0.762265,-0.374438,1.959143,0.763000,0,-0.566890,-0.306795,1.923316,0.925800,0,0.258108,0.233385,1.931918,0.997800,0,0.031303,0.249904,1.934684,0.998100,0,0,0,0,0,0,0,0,0
507,16.912364,1,0.294756,-0.362819,2.021724,0.999900,0,-0.099327,-0.345870,2.018295,0.999800,0,0.541307,-0.323523,1.981730,0.869900,0,-0.346622,-0.314203,1.969818,0.918000,0,0.762366,-0.373914,1.958634,0.758100,0,-0.566278,-0.306999,1.922932,0.923800,0,0.258985,0.233387,1.937328,0.997800,0,0.031721,0.249147,1.933396,0.998100,0,0,0,0,0,0,0,0,0
508,16.945722,1,0.295415,-0.362593,2.023143,0.999900,0,-0.099412,-0.345856,2.018187,0.999800,0,0.541804,-0.322760,1.980512,0.873900,0,-0.347336,-0.314520,1.968906,0.919900,0,0.762254,-0.373192,1.958307,0.768500,0,-0.566181,-0.307114,1.922495,0.928400,0,0.259474,0.232792,1.941582,0.997700,0,0.031935,0.247747,1.931759,0.998100,0,0,0,0,0,0,0,0,0
509,16.979080,1,0.296134,-0.362305,2.024983,0.999800,0,-0.099425,-0.345675,2.017157,0.999800,0,0.541840,-0.321928,1.979470,0.866800,0,-0.348578,-0.314667,1.968087,0.919100,0,0.761968,-0.372390,1.958040,0.759200,0,-0.566567,-0.307211,1.922034,0.928100,0,0.259580,0.231733,1.943824,0.997700,0,0.031947,0.246097,1.930342,0.998100,0,0,0,0,0,0,0,0,0
510,17.012438,1,0.296900,-0.362017,2.027075,0.999800,0,-0.099375,-0.345384,2.015505,0.999800,0,0.541515,-0.321264,1.978794,0.865600,0,-0.350104,-0.314648,1.967330,0.918300,0,0.761601,-0.371642,1.957771,0.753000,0,-0.567304,-0.307348,1.921563,0.925400,0,0.259371,0.230514,1.943807,0.997700,0,0.031793,0.244673,1.929590,0.998100,0,0,0,0,0,0,0,0,0
511,17.045795,1,0.297677,-0.361809,2.029231,0.999800,0,-0.099295,-0.345074,2.013745,0.999800,0,0.540974,-0.320945,1.978573,0.869200,0,-0.351666,-0.314505,1.966637,0.920200,0,0.761260,-0.371063,1.957520,0.760400,0,-0.568204,-0.307554,1.921108,0.926200,0,0.258962,0.229556,1.941899,0.997700,0,0.031522,0.243910,1.929666,0.998100,0,0,0,0,0,0,0,0,0
512,17.079153,1,0.298387,-0.361731,2.031236,0.999900,0,-0.099224,-0.344842,2.012424,0.999800,0,0.540356,-0.321011,1.978795,0.868100,0,-0.353074,-0.314309,1.966058,0.922300,0,0.761017,-0.370714,1.957356,0.760300,0,-0.569077,-0.307810,1.920718,0.928900,0,0.258488,0.229298,1.938884,0.997700,0,0.031175,0.244097,1.930404,0.998100,0,0,0,0,0,0,0,0,0
513,17.112510,1,0.298922,-0.361771,2.032833,0.999800,0,-0.099192,-0.344756,2.011936,0.999800,0,0.539761,-0.321337,1.979345,0.865800,0,-0.354217,-0.314138,1.965679,0.923400,0,0.760885,-0.370596,1.957343,0.753200,0,-0.569774,-0.308052,1.920456,0.927500,0,0.258069,0.230050,1.935669,0.997700,0,0.030776,0.245296,1.931405,0.998100,0,0,0,0,0,0,0,0,0
514,17.145868,1,0.299178,-0.361851,2.033746,0.999900,0,-0.099205,-0.344834,2.012386,0.999800,0,0.539226,-0.321695,1.980027,0.869400,0,-0.355062,-0.314055,1.965587,0.922000,0,0.760838,-0.370654,1.957493,0.757900,0,-0.570209,-0.308195,1.920370,0.924700,0,0.257792,0.231877,1.933020,0.997700,0,0.030353,0.247327,1.932217,0.998100,0,0,0,0,0,0,0,0,0
515,17.179226,1,0.299104,-0.361846,2.033741,0.999900,0,-0.099247,-0.345040,2.013573,0.999800,0,0.538739,-0.321860,1.980601,0.873300,0,-0.355623,-0.314096,1.965834,0.922900,0,0.760840,-0.370808,1.957755,0.768600,0,-0.570362,-0.308170,1.920466,0.927000,0,0.257693,0.234526,1.931406,0.997700,0,0.029937,0.249802,1.932543,0.998100,0,0,0,0,0,0,0,0,0
516,17.212584,1,0.298725,-0.361639,2.032709,0.999900,0,-0.099288,-0.345300,2.015074,0.999800,0,0.538268,-0.321715,1.980866,0.878400,0,-0.355944,-0.314260,1.966410,0.923600,0,0.760883,-0.370974,1.958034,0.779400,0,-0.570267,-0.307958,1.920690,0.926000,0,0.257757,0.237464,1.930947,0.997700,0,0.029565,0.252209,1.932367,0.998100,0,0,0,0,0,0,0,0,0
517,17.245941,1,0.298140,-0.361170,2.030743,0.999900,0,-0.099301,-0.345531,2.016410,0.999800,0,0.537797,-0.321299,1.980727,0.875600,0,-0.356076,-0.314504,1.967214,0.923600,0,0.761001,-0.371095,1.958239,0.778600,0,-0.569994,-0.307600,1.920940,0.929600,0,0.257921,0.240015,1.931465,0.997700,0,0.029259,0.254024,1.931909,0.998000,0,0,0,0,0,0,0,0,0
518,17.279299,1,0.297486,-0.360475,2.028163,0.999900,0,-0.099277,-0.345669,2.017212,0.999800,0,0.537356,-0.320787,1.980247,0.875900,0,-0.356073,-0.314747,1.968048,0.923500,0,0.761251,-0.371149,1.958330,0.781700,0,-0.569632,-0.307183,1.921111,0.930100,0,0.258093,0.241567,1.932603,0.997700,0,0.029008,0.254835,1.931463,0.998000,0,0,0,0,0,0,0,0,0
519,17.312657,1,0.296900,-0.359681,2.025463,0.999900,0,-0.099233,-0.345691,2.017344,0.999800,0,0.537021,-0.320405,1.979634,0.874700,0,-0.355991,-0.314879,1.968651,0.923500,0,0.761683,-0.371149,1.958347,0.783000,0,-0.569288,-0.306807,1.921157,0.931500,0,0.258172,0.241768,1.933969,0.997700,0,0.028765,0.254441,1.931216,0.998000,0,0,0,0,0,0,0,0,0
520,17.346015,1,0.296482,-0.358975,2.023172,0.999900,0,-0.099214,-0.345619,2.016924,0.999800,0,0.536885,-0.320337,1.979175,0.874900,0,-0.355895,-0.314796,1.968785,0.922800,0,0.762304,-0.371131,1.958395,0.788900,0,-0.569082,-0.306557,1.921144,0.932700,0,0.258080,0.240622,1.935265,0.997700,0,0.028468,0.252884,1.931149,0.998000,0,0,0,0,0,0,0,0,0
521,17.379372,1,0.296269,-0.358529,2.021692,0.999900,0,-0.099274,-0.345503,2.016255,0.999800,0,0.537020,-0.320654,1.979136,0.874700,0,-0.355865,-0.314434,1.968338,0.920900,0,0.763052,-0.371137,1.958601,0.782000,0,-0.569144,-0.306468,1.921253,0.923000,0,0.257783,0.238448,1.936341,0.997700,0,0.028068,0.250406,1.931085,0.998000,0,0,0,0,0,0,0,0,0
522,17.412730,1,0.296237,-0.358438,2.021166,0.999800,0,-0.099453,-0.345405,2.015689,0.999800,0,0.537431,-0.321299,1.979649,0.868600,0,-0.355984,-0.313797,1.967380,0.920900,0,0.763812,-0.371197,1.959059,0.776400,0,-0.569576,-0.306516,1.921691,0.926000,0,0.257302,0.235741,1.937184,0.997700,0,0.027553,0.247376,1.930814,0.998000,0,0,0,0,0,0,0,0,0
523,17.446088,1,0.296316,-0.358679,2.021474,0.999800,0,-0.099751,-0.345373,2.015501,0.999800,0,0.538036,-0.322114,1.980626,0.867300,0,-0.356311,-0.312967,1.966143,0.918600,0,0.764443,-0.371323,1.959794,0.777000,0,-0.570408,-0.306613,1.922571,0.925400,0,0.256705,0.233012,1.937854,0.997700,0,0.026958,0.244193,1.930211,0.998000,0,0,0,0,0,0,0,0,0
524,17.479446,1,0.296428,-0.359132,2.022330,0.999900,0,-0.100122,-0.345424,2.015796,0.999800,0,0.538675,-0.322903,1.981772,0.868100,0,-0.356845,-0.312079,1.964922,0.916300,0,0.764825,-0.371502,1.960753,0.773800,0,-0.571544,-0.306634,1.923803,0.921800,0,0.256086,0.230661,1.938434,0.997700,0,0.026352,0.241223,1.929278,0.998100,0,0,0,0,0,0,0,0,0
525,17.512803,1,0.296525,-0.359639,2.023428,0.999900,0,-0.100474,-0.345545,2.016494,0.999800,0,0.539162,-0.323494,1.982691,0.869000,0,-0.357509,-0.311282,1.963968,0.918000,0,0.764902,-0.371711,1.961833,0.775600,0,-0.572752,-0.306458,1.925079,0.923400,0,0.255545,0.228911,1.938981,0.997800,0,0.025810,0.238753,1.928121,0.998100,0,0,0,0,0,0,0,0,0
526,17.546161,1,0.296608,-0.360072,2.024556,0.999900,0,-0.100706,-0.345696,2.017374,0.999800,0,0.539352,-0.323796,1.983059,0.865800,0,-0.358170,-0.310695,1.963418,0.915600,0,0.764690,-0.371920,1.962909,0.762700,0,-0.573725,-0.306006,1.925979,0.915200,0,0.255167,0.227798,1.939483,0.997700,0,0.025396,0.236966,1.926909,0.998100,0,0,0,0,0,0,0,0,0
527,17.579519,1,0.296723,-0.360369,2.025603,0.999900,0,-0.100746,-0.345834,2.018174,0.999800,0,0.539196,-0.323806,1.982766,0.869300,0,-0.358684,-0.310379,1.963286,0.918800,0,0.764269,-0.372104,1.963860,0.769000,0,-0.574190,-0.305269,1.926132,0.919600,0,0.255010,0.227204,1.939809,0.997700,0,0.025150,0.235944,1.925843,0.998000,0,0,0,0,0,0,0,0,0
528,17.612876,1,0.296941,-0.360547,2.026526,0.999900,0,-0.100583,-0.345922,2.018695,0.999800,0,0.538768,-0.323595,1.981948,0.869900,0,-0.358947,-0.310328,1.963496,0.918500,0,0.763753,-0.372241,1.964578,0.772100,0,-0.574019,-0.304302,1.925377,0.920700,0,0.255097,0.226942,1.939700,0.997700,0,0.025099,0.235680,1.925122,0.998100,0,0,0,0,0,0,0,0,0
529,17.646234,1,0.297324,-0.360683,2.027303,0.999900,0,-0.100274,-0.345953,2.018883,0.999800,0,0.538225,-0.323261,1.980889,0.871200,0,-0.358923,-0.310483,1.963929,0.918400,0,0.763250,-0.372319,1.964979,0.772000,0,-0.573284,-0.303213,1.923838,0.920100,0,0.255417,0.226843,1.938826,0.997800,0,0.025255,0.236115,1.924906,0.998100,0,0,0,0,0,0,0,0,0
530,17.679592,1,0.297896,-0.360875,2.027913,0.999900,0,-0.099914,-0.345942,2.018838,0.999800,0,0.537742,-0.322895,1.979867,0.872700,0,-0.358631,-0.310742,1.964431,0.917900,0,0.762839,-0.372333,1.965025,0.777300,0,-0.572234,-0.302121,1.921884,0.918400,0,0.255918,0.226826,1.936915,0.997800,0,0.025621,0.237153,1.925271,0.998100,0,0,0,0,0,0,0,0,0
531,17.712950,1,0.298624,-0.361208,2.028349,0.999900,0,-0.099599,-0.345925,2.018748,0.999800,0,0.537447,-0.322551,1.979041,0.875500,0,-0.358126,-0.310984,1.964824,0.916800,0,0.762562,-0.372293,1.964751,0.779800,0,-0.571193,-0.301125,1.919997,0.917400,0,0.256516,0.226902,1.933914,0.997700,0,0.026177,0.238654,1.926185,0.998000,0,0,0,0,0,0,0,0,0
532,17.746307,1,0.299424,-0.361713,2.028619,0.999800,0,-0.099393,-0.345932,2.018795,0.999800,0,0.537401,-0.322251,1.978430,0.869100,0,-0.357477,-0.311080,1.964915,0.916200,0,0.762434,-0.372221,1.964288,0.761700,0,-0.570438,-0.300274,1.918609,0.914800,0,0.257099,0.227134,1.930094,0.997800,0,0.026873,0.240422,1.927478,0.998100,0,0,0,0,0,0,0,0,0
533,17.779665,1,0.300175,-0.362358,2.028746,0.999800,0,-0.099315,-0.345981,2.019071,0.999800,0,0.537602,-0.322001,1.977992,0.870200,0,-0.356756,-0.310931,1.964552,0.917400,0,0.762461,-0.372150,1.963835,0.759100,0,-0.570100,-0.299561,1.917970,0.914800,0,0.257553,0.227573,1.926036,0.997800,0,0.027622,0.242211,1.928861,0.998200,0,0,0,0,0,0,0,0,0
534,17.813023,1,0.300753,-0.363049,2.028779,0.999800,0,-0.099340,-0.346068,2.019544,0.999800,0,0.538015,-0.321811,1.977715,0.868400,0,-0.356028,-0.310487,1.963699,0.911400,0,0.762648,-0.372110,1.963600,0.760700,0,-0.570128,-0.298934,1.918083,0.907900,0,0.257790,0.228220,1.922511,0.997800,0,0.028313,0.243757,1.929988,0.998100,0,0,0,0,0,0,0,0,0
535,17.846380,1,0.301068,-0.363672,2.028793,0.999800,0,-0.099425,-0.346170,2.020094,0.999800,0,0.538577,-0.321701,1.977669,0.868800,0,-0.355351,-0.309778,1.962487,0.910500,0,0.762980,-0.372113,1.963700,0.760400,0,-0.570333,-0.298330,1.918728,0.905400,0,0.257779,0.229010,1.920305,0.997700,0,0.028839,0.244841,1.930573,0.998000,0,0,0,0,0,0,0,0,0
536,17.879738,1,0.301076,-0.364133,2.028875,0.999800,0,-0.099522,-0.346262,2.020580,0.999800,0,0.539194,-0.321698,1.977981,0.869900,0,-0.354769,-0.308913,1.961205,0.910800,0,0.763406,-0.372147,1.964103,0.761700,0,-0.570476,-0.297694,1.919559,0.905700,0,0.257565,0.229834,1.920041,0.997700,0,0.029112,0.245336,1.930489,0.998000,0,0,0,0,0,0,0,0,0
537,17.913096,1,0.300788,-0.364386,2.029081,0.999800,0,-0.099597,-0.346323,2.020909,0.999800,0,0.539741,-0.321829,1.978750,0.872900,0,-0.354319,-0.308059,1.960234,0.912200,0,0.763828,-0.372186,1.964629,0.764400,0,-0.570377,-0.297001,1.920225,0.904800,0,0.257245,0.230564,1.922035,0.997700,0,0.029088,0.245231,1.929805,0.998000,0,0,0,0,0,0,0,0,0
538,17.946454,1,0.300260,-0.364442,2.029390,0.999800,0,-0.099637,-0.346346,2.021063,0.999800,0,0.540084,-0.322105,1.979966,0.871600,0,-0.354030,-0.307390,1.959913,0.912200,0,0.764120,-0.372204,1.965037,0.766200,0,-0.569979,-0.296262,1.920481,0.907100,0,0.256932,0.231095,1.926165,0.997700,0,0.028770,0.244625,1.928744,0.998000,0,0,0,0,0,0,0,0,0
539,17.979811,1,0.299579,-0.364348,2.029687,0.999900,0,-0.099643,-0.346336,2.021094,0.999800,0,0.540135,-0.322505,1.981464,0.873900,0,-0.353922,-0.307027,1.960408,0.913800,0,0.764172,-0.372200,1.965130,0.767200,0,-0.569356,-0.295513,1.920258,0.907500,0,0.256704,0.231365,1.931817,0.997700,0,0.028212,0.243703,1.927607,0.998100,0,0,0,0,0,0,0,0,0
540,18.013169,1,0.298850,-0.364170,2.029807,0.999900,0,-0.099630,-0.346313,2.021107,0.999800,0,0.539895,-0.322983,1.982964,0.876200,0,-0.353992,-0.306992,1.961611,0.913800,0,0.763932,-0.372201,1.964835,0.768900,0,-0.568658,-0.294799,1.919655,0.903100,0,0.256573,0.231380,1.937940,0.997700,0,0.027508,0.242701,1.926698,0.998100,0,0,0,0,0,0,0,0,0
541,18.046527,1,0.298171,-0.363960,2.029607,0.999900,0,-0.099616,-0.346310,2.021256,0.999700,0,0.539477,-0.323470,1.984164,0.877400,0,-0.354191,-0.307201,1.963157,0.914400,0,0.763437,-0.372258,1.964207,0.769900,0,-0.568035,-0.294154,1.918878,0.902300,0,0.256491,0.231225,1.943279,0.997700,0,0.026780,0.241874,1.926241,0.998100,0,0,0,0,0,0,0,0,0
542,18.079885,1,0.297614,-0.363753,2.029037,0.999800,0,-0.099619,-0.346368,2.021715,0.999700,0,0.539081,-0.323894,1.984860,0.872600,0,-0.354420,-0.307490,1.964547,0.913700,0,0.762811,-0.372418,1.963387,0.762400,0,-0.567571,-0.293585,1.918150,0.904900,0,0.256383,0.231061,1.946743,0.997800,0,0.026143,0.241453,1.926321,0.998100,0,0,0,0,0,0,0,0,0
543,18.113242,1,0.297214,-0.363558,2.028170,0.999800,0,-0.099652,-0.346528,2.022629,0.999700,0,0.538910,-0.324192,1.985014,0.874200,0,-0.354551,-0.307673,1.965359,0.912200,0,0.762231,-0.372703,1.962541,0.762800,0,-0.567248,-0.293073,1.917621,0.896900,0,0.256206,0.231093,1.947792,0.997800,0,0.025681,0.241595,1.926848,0.998100,0,0,0,0,0,0,0,0,1
544,18.146600,1,0.296967,-0.363386,2.027206,0.999900,0,-0.099718,-0.346808,2.024038,0.999700,0,0.539067,-0.324311,1.984739,0.874600,0,-0.354465,-0.307604,1.965437,0.910700,0,0.761863,-0.373098,1.961819,0.764300,0,-0.566964,-0.292582,1.917318,0.897500,0,0.255988,0.231507,1.946639,0.997800,0,0.025426,0.242345,1.927577,0.998100,0,0,0,0,0,0,0,0,0
545,18.179958,1,0.296850,-0.363262,2.026417,0.999900,0,-0.099808,-0.347190,2.025818,0.999700,0,0.539488,-0.324212,1.984234,0.874000,0,-0.354105,-0.307214,1.964956,0.908300,0,0.761793,-0.373557,1.961326,0.761300,0,-0.566585,-0.292064,1.917136,0.897500,0,0.255833,0.232388,1.944139,0.997800,0,0.025358,0.243609,1.928184,0.998100,0,0,0,0,0,0,0,0,0
546,18.213315,1,0.296835,-0.363229,2.026078,0.999800,0,-0.099906,-0.347606,2.027678,0.999700,0,0.539949,-0.323884,1.983694,0.868500,0,-0.353488,-0.306518,1.964324,0.908200,0,0.761990,-0.374015,1.961096,0.755900,0,-0.566004,-0.291466,1.916885,0.899800,0,0.255868,0.233651,1.941392,0.997800,0,0.025417,0.245170,1.928384,0.998100,0,0,0,0,0,0,0,0,0
547,18.246673,1,0.296906,-0.363332,2.026371,0.999800,0,-0.099989,-0.347951,2.029235,0.999700,0,0.540159,-0.323355,1.983257,0.862700,0,-0.352697,-0.305584,1.963969,0.907700,0,0.762320,-0.374398,1.961049,0.743500,0,-0.565187,-0.290741,1.916386,0.902600,0,0.256179,0.235035,1.939270,0.997800,0,0.025532,0.246739,1.928065,0.998100,0,0,0,0,0,0,0,0,0
548,18.280031,1,0.297057,-0.363588,2.027311,0.999800,0,-0.100039,-0.348112,2.030149,0.999800,0,0.539905,-0.322710,1.982979,0.866300,0,-0.351840,-0.304501,1.964134,0.911200,0,0.762620,-0.374642,1.960977,0.749500,0,-0.564174,-0.289860,1.915570,0.907700,0,0.256754,0.236182,1.938130,0.997800,0,0.025633,0.248049,1.927362,0.998200,0,0,0,0,0,0,0,0,0
549,18.313389,1,0.297292,-0.363962,2.028721,0.999800,0,-0.100045,-0.347997,2.030239,0.999800,0,0.539158,-0.322071,1.982858,0.869700,0,-0.351019,-0.303343,1.964784,0.913100,0,0.762791,-0.374704,1.960590,0.760400,0,-0.563045,-0.288839,1.914551,0.913100,0,0.257479,0.236777,1.937798,0.997800,0,0.025676,0.248926,1.926643,0.998100,0,0,0,0,0,0,0,0,0
550,18.346746,1,0.297605,-0.364379,2.030264,0.999800,0,-0.100010,-0.347566,2.029523,0.999800,0,0.538101,-0.321562,1.982852,0.872300,0,-0.350313,-0.302170,1.965671,0.914400,0,0.762863,-0.374581,1.959622,0.766300,0,-0.561862,-0.287747,1.913616,0.916100,0,0.258170,0.236671,1.937772,0.997800,0,0.025643,0.249337,1.926378,0.998100,0,0,0,0,0,0,0,0,0
551,18.380104,1,0.297976,-0.364740,2.031549,0.999800,0,-0.099941,-0.346845,2.028174,0.999800,0,0.537055,-0.321257,1.982914,0.874800,0,-0.349781,-0.301040,1.966503,0.914200,0,0.762995,-0.374314,1.957970,0.774200,0,-0.560633,-0.286703,1.913140,0.919900,0,0.258631,0.235917,1.937474,0.997700,0,0.025550,0.249360,1.926964,0.998100,0,0,0,0,0,0,0,0,0
552,18.413462,1,0.298359,-0.364966,2.032248,0.999800,0,-0.099853,-0.345918,2.026432,0.999800,0,0.536355,-0.321151,1.983011,0.873800,0,-0.349460,-0.300028,1.967115,0.916300,0,0.763396,-0.373982,1.955792,0.769300,0,-0.559313,-0.285836,1.913454,0.921600,0,0.258707,0.234714,1.936458,0.997800,0,0.025440,0.249113,1.928554,0.998100,0,0,0,0,0,0,0,0,0
553,18.446820,1,0.298686,-0.365013,2.032187,0.999800,0,-0.099758,-0.344916,2.024548,0.999800,0,0.536231,-0.321182,1.983139,0.873400,0,-0.349366,-0.299221,1.967529,0.918400,0,0.764212,-0.373684,1.953505,0.769200,0,-0.557843,-0.285247,1.914726,0.926300,0,0.258329,0.233296,1.934532,0.997800,0,0.025376,0.248668,1.930970,0.998100,0,0,0,0,0,0,0,0,0
554,18.480178,1,0.298878,-0.364888,2.031387,0.999900,0,-0.099669,-0.343986,2.022776,0.999800,0,0.536743,-0.321272,1.983314,0.877300,0,-0.349476,-0.298696,1.967899,0.918500,0,0.765446,-0.373505,1.951665,0.782300,0,-0.556208,-0.284967,1.916894,0.931200,0,0.257539,0.231852,1.931808,0.997600,0,0.025431,0.248024,1.933730,0.998000,0,0,0,0,0,0,0,0,0
555,18.513536,1,0.298872,-0.364640,2.030047,0.999900,0,-0.099600,-0.343261,2.021391,0.999800,0,0.537796,-0.321372,1.983537,0.871500,0,-0.349724,-0.298491,1.968400,0.920800,0,0.766943,-0.373485,1.950763,0.783000,0,-0.554460,-0.284939,1.919677,0.936700,0,0.256493,0.230507,1.928702,0.997600,0,0.025663,0.247152,1.936178,0.998000,0,0,0,0,0,0,0,0,0
556,18.546894,1,0.298653,-0.364341,2.028487,0.999900,0,-0.099564,-0.342829,2.020659,0.999800,0,0.539190,-0.321481,1.983770,0.874000,0,-0.350005,-0.298580,1.969133,0.922900,0,0.768452,-0.373607,1.951048,0.788600,0,-0.552715,-0.285035,1.922663,0.940800,0,0.255434,0.229364,1.925826,0.997600,0,0.026099,0.246073,1.937683,0.998000,0,0,0,0,0,0,0,0,0
557,18.580251,1,0.298269,-0.364069,2.027080,0.999900,0,-0.099572,-0.342717,2.020761,0.999800,0,0.540692,-0.321636,1.983922,0.876700,0,-0.350192,-0.298877,1.970071,0.924400,0,0.769722,-0.373810,1.952431,0.798900,0,-0.551104,-0.285106,1.925438,0.945100,0,0.254639,0.228530,1.923829,0.997600,0,0.026712,0.244921,1.937832,0.998000,0,0,0,0,0,0,0,0,0
558,18.613609,1,0.297822,-0.363893,2.026160,0.999900,0,-0.099621,-0.342881,2.021693,0.999800,0,0.542076,-0.321872,1.983882,0.874000,0,-0.350165,-0.299254,1.971064,0.925700,0,0.770590,-0.374012,1.954530,0.793500,0,-0.549733,-0.285032,1.927705,0.947500,0,0.254331,0.228121,1.923197,0.997600,0,0.027418,0.243919,1.936565,0.998000,0,0,0,0,0,0,0,0,1
559,18.646967,1,0.297434,-0.363849,2.025945,0.999900,0,-0.099700,-0.343220,2.023223,0.999800,0,0.543147,-0.322192,1.983561,0.877100,0,-0.349833,-0.299579,1.971869,0.927600,0,0.771012,-0.374152,1.956825,0.803500,0,-0.548650,-0.284767,1.929338,0.951000,0,0.254610,0.228216,1.924117,0.997500,0,0.028090,0.243296,1.934186,0.998000,0,0,0,0,0,0,0,0,0
560,18.680325,1,0.297196,-0.363942,2.026473,0.999900,0,-0.099787,-0.343608,2.024942,0.999800,0,0.543745,-0.322552,1.982942,0.878700,0,-0.349168,-0.299750,1.972228,0.928300,0,0.771034,-0.374204,1.958837,0.805500,0,-0.547836,-0.284349,1.930359,0.953200,0,0.255416,0.228813,1.926421,0.997600,0,0.028592,0.243184,1.931261,0.998000,0,0,0,0,0,0,0,0,0
561,18.713683,1,0.297144,-0.364139,2.027607,0.999900,0,-0.099859,-0.343932,2.026397,0.999800,0,0.543765,-0.322863,1.982097,0.881000,0,-0.348214,-0.299721,1.971970,0.929000,0,0.770753,-0.374191,1.960269,0.813100,0,-0.547214,-0.283865,1.930868,0.955600,0,0.256545,0.229804,1.929628,0.997500,0,0.028811,0.243548,1.928446,0.997900,0,0,0,0,0,0,0,0,0
562,18.747041,1,0.297255,-0.364393,2.029083,0.999900,0,-0.099897,-0.344114,2.027243,0.999800,0,0.543191,-0.323027,1.981183,0.884300,0,-0.347083,-0.299510,1.971094,0.927200,0,0.770268,-0.374165,1.961054,0.821100,0,-0.546672,-0.283412,1.930953,0.958100,0,0.257718,0.230991,1.933070,0.997400,0,0.028698,0.244200,1.926291,0.997900,0,0,0,0,0,0,0,0,0
563,18.780398,1,0.297467,-0.364648,2.030595,0.999900,0,-0.099893,-0.344135,2.027346,0.999800,0,0.542110,-0.322975,1.980393,0.884200,0,-0.345927,-0.299189,1.969796,0.928900,0,0.769666,-0.374183,1.961328,0.827400,0,-0.546094,-0.283059,1.930667,0.960900,0,0.258678,0.232136,1.936089,0.997400,0,0.028276,0.244872,1.925112,0.997800,0,0,0,0,0,0,0,0,0
564,18.813756,1,0.297706,-0.364863,2.031853,0.999900,0,-0.099854,-0.344019,2.026788,0.999800,0,0.540703,-0.322701,1.979912,0.883700,0,-0.344890,-0.298861,1.968398,0.929100,0,0.769016,-0.374280,1.961351,0.830100,0,-0.545401,-0.282832,1.930053,0.963100,0,0.259265,0.233018,1.938269,0.997400,0,0.027635,0.245320,1.924940,0.997800,0,0,0,0,0,0,0,0,0
565,18.847114,1,0.297899,-0.365003,2.032605,0.999900,0,-0.099794,-0.343820,2.025784,0.999800,0,0.539207,-0.322266,1.979857,0.888000,0,-0.344075,-0.298633,1.967236,0.930600,0,0.768376,-0.374450,1.961398,0.837100,0,-0.544581,-0.282723,1.929200,0.964600,0,0.259451,0.233500,1.939585,0.997400,0,0.026911,0.245402,1.925558,0.997900,0,0,0,0,0,0,0,0,0
566,18.880472,1,0.297990,-0.365043,2.032658,0.999900,0,-0.099731,-0.343590,2.024578,0.999800,0,0.537846,-0.321786,1.980230,0.884700,0,-0.343519,-0.298588,1.966552,0.930400,0,0.767792,-0.374650,1.961659,0.832700,0,-0.543703,-0.282709,1.928265,0.965400,0,0.259318,0.233550,1.940384,0.997400,0,0.026240,0.245100,1.926593,0.997900,0,0,0,0,0,0,0,1,0
567,18.913830,1,0.297949,-0.364969,2.031922,0.999900,0,-0.099681,-0.343370,2.023367,0.999800,0,0.536773,-0.321382,1.980897,0.881200,0,-0.343209,-0.298754,1.966455,0.931100,0,0.767296,-0.374823,1.962191,0.823800,0,-0.542895,-0.282765,1.927448,0.966000,0,0.258997,0.233230,1.941184,0.997400,0,0.025725,0.244488,1.927621,0.997900,0,0,0,0,0,0,0,0,1
568,18.947188,1,0.297778,-0.364783,2.030491,0.999900,0,-0.099652,-0.343182,2.022282,0.999800,0,0.536028,-0.321134,1.981616,0.875600,0,-0.343110,-0.299090,1.966937,0.930700,0,0.766890,-0.374931,1.962947,0.816400,0,-0.542311,-0.282876,1.926941,0.966600,0,0.258608,0.232646,1.942403,0.997400,0,0.025414,0.243679,1.928278,0.997900,0,0,0,0,0,0,0,0,0
569,18.980546,1,0.297515,-0.364515,2.028677,0.999900,0,-0.099646,-0.343040,2.021419,0.999800,0,0.535540,-0.321046,1.982129,0.875500,0,-0.343183,-0.299497,1.967920,0.930900,0,0.766542,-0.374978,1.963853,0.812600,0,-0.542088,-0.283040,1.926879,0.967000,0,0.258214,0.231891,1.944139,0.997500,0,0.025301,0.242775,1.928361,0.998000,0,0,0,0,0,0,0,1,0
570,19.013903,1,0.297220,-0.364207,2.026949,0.999900,0,-0.099657,-0.342956,2.020870,0.999800,0,0.535172,-0.321052,1.982280,0.869800,0,-0.343400,-0.299848,1.969295,0.931000,0,0.766187,-0.375016,1.964879,0.807100,0,-0.542301,-0.283270,1.927303,0.968400,0,0.257814,0.231012,1.946108,0.997400,0,0.025342,0.241857,1.927883,0.998000,0,0,0,0,0,0,0,1,0
571,19.047261,1,0.296961,-0.363903,2.025773,0.999900,0,-0.099671,-0.342941,2.020737,0.999800,0,0.534788,-0.321058,1.982101,0.870500,0,-0.343736,-0.300039,1.970930,0.929500,0,0.765758,-0.375115,1.966018,0.810200,0,-0.542936,-0.283587,1.928147,0.969600,0,0.257357,0.230024,1.947757,0.997400,0,0.025489,0.241003,1.927062,0.997900,0,0,0,0,0,0,0,0,0
572,19.080619,1,0.296789,-0.363630,2.025417,0.999900,0,-0.099668,-0.343007,2.021095,0.999800,0,0.534346,-0.320994,1.981818,0.866000,0,-0.344156,-0.300023,1.972658,0.930100,0,0.765240,-0.375320,1.967196,0.802400,0,-0.543888,-0.284009,1.929242,0.970600,0,0.256792,0.228961,1.948502,0.997400,0,0.025704,0.240314,1.926236,0.997900,0,0,0,0,0,0,0,0,0
573,19.113977,1,0.296731,-0.363397,2.025858,0.999900,0,-0.099633,-0.343152,2.021936,0.999900,0,0.533953,-0.320859,1.981757,0.869500,0,-0.344606,-0.299832,1.974259,0.930000,0,0.764719,-0.375607,1.968181,0.810000,0,-0.544978,-0.284532,1.930372,0.971300,0,0.256106,0.227934,1.947972,0.997400,0,0.025977,0.239934,1.925739,0.997900,0,0,0,0,0,0,0,0,0
574,19.147335,1,0.296803,-0.363211,2.026833,0.999900,0,-0.099554,-0.343353,2.023127,0.999900,0,0.533862,-0.320712,1.982193,0.868800,0,-0.345018,-0.299560,1.975483,0.931500,0,0.764382,-0.375893,1.968603,0.810700,0,-0.546008,-0.285126,1.931338,0.972000,0,0.255365,0.227147,1.946178,0.997400,0,0.026315,0.240038,1.925786,0.997900,0,0,0,0,0,0,0,0,0
575,19.180693,1,0.297022,-0.363101,2.028011,0.999900,0,-0.099439,-0.343573,2.024432,0.999900,0,0.534368,-0.320637,1.983215,0.869500,0,-0.345324,-0.299337,1.976117,0.931900,0,0.764458,-0.376063,1.968103,0.811600,0,-0.546807,-0.285743,1.932023,0.972300,0,0.254705,0.226852,1.943516,0.997400,0,0.026734,0.240781,1.926438,0.997900,0,0,0,0,0,0,0,0,0
576,19.214051,1,0.297412,-0.363116,2.029156,0.999900,0,-0.099314,-0.343767,2.025592,0.999900,0,0.535654,-0.320686,1.984664,0.871600,0,-0.345487,-0.299290,1.976069,0.934300,0,0.765092,-0.376027,1.966534,0.814600,0,-0.547264,-0.286333,1.932409,0.973400,0,0.254289,0.227252,1.940593,0.997500,0,0.027233,0.242226,1.927626,0.998000,0,0,0,0,0,0,0,0,0
577,19.247408,1,0.297984,-0.363303,2.030195,0.999900,0,-0.099222,-0.343909,2.026442,0.999900,0,0.537658,-0.320853,1.986192,0.870900,0,-0.345509,-0.299510,1.975411,0.934900,0,0.766235,-0.375747,1.964088,0.815300,0,-0.547344,-0.286855,1.932555,0.974500,0,0.254227,0.228388,1.937944,0.997400,0,0.027779,0.244266,1.929196,0.998000,0,0,0,0,0,0,0,0,0
578,19.280766,1,0.298702,-0.363666,2.031158,0.999900,0,-0.099206,-0.343999,2.026977,0.999900,0,0.540033,-0.321059,1.987382,0.872600,0,-0.345428,-0.300019,1.974361,0.936100,0,0.767602,-0.375245,1.961267,0.818200,0,-0.547076,-0.287279,1.932554,0.974700,0,0.254517,0.230063,1.935822,0.997500,0,0.028305,0.246591,1.930952,0.998000,0,0,0,0,0,0,0,0,0
579,19.314124,1,0.299466,-0.364151,2.032063,0.999900,0,-0.099285,-0.344057,2.027318,0.999900,0,0.542226,-0.321183,1.987905,0.879300,0,-0.345304,-0.300756,1.973209,0.936000,0,0.768733,-0.374588,1.958722,0.829700,0,-0.546543,-0.287583,1.932486,0.975500,0,0.255031,0.231871,1.934176,0.997400,0,0.028736,0.248733,1.932699,0.997900,0,0,0,0,0,0,0,1,0
580,19.347482,1,0.300115,-0.364652,2.032842,0.999900,0,-0.099446,-0.344106,2.027602,0.999900,0,0.543651,-0.321101,1.987628,0.872000,0,-0.345204,-0.301586,1.972222,0.933400,0,0.769151,-0.373857,1.957031,0.825000,0,-0.545864,-0.287750,1.932394,0.975900,0,0.255572,0.233324,1.932825,0.997300,0,0.029020,0.250204,1.934280,0.997900,0,0,0,0,0,0,0,0,0
581,19.380840,1,0.300483,-0.365057,2.033356,0.999900,0,-0.099642,-0.344154,2.027880,0.999900,0,0.543879,-0.320739,1.986658,0.875200,0,-0.345180,-0.302344,1.971563,0.933000,0,0.768542,-0.373140,1.956505,0.833000,0,-0.545181,-0.287774,1.932284,0.976800,0,0.255967,0.234044,1.931689,0.997300,0,0.029145,0.250672,1.935586,0.997800,0,0,0,0,0,0,0,0,0
582,19.414197,1,0.300471,-0.365290,2.033488,0.999900,0,-0.099816,-0.344192,2.028101,0.999900,0,0.542773,-0.320106,1.985298,0.873000,0,-0.345244,-0.302892,1.971231,0.934800,0,0.766879,-0.372523,1.957101,0.835300,0,-0.544623,-0.287673,1.932149,0.977900,0,0.256144,0.233920,1.930903,0.997300,0,0.029141,0.250096,1.936524,0.997800,0,0,0,0,0,0,0,0,0
583,19.447555,1,0.300090,-0.365337,2.033237,0.999900,0,-0.099919,-0.344204,2.028174,0.999900,0,0.540512,-0.319311,1.983916,0.877500,0,-0.345353,-0.303174,1.971062,0.935300,0,0.764450,-0.372084,1.958447,0.841500,0,-0.544275,-0.287479,1.931993,0.978200,0,0.256158,0.233165,1.930741,0.997300,0,0.029059,0.248750,1.936967,0.997800,0,0,0,0,0,0,0,0,0
584,19.480913,1,0.299474,-0.365250,2.032765,0.999900,0,-0.099930,-0.344185,2.028060,0.999900,0,0.537518,-0.318541,1.982795,0.880100,0,-0.345412,-0.303231,1.970789,0.935700,0,0.761766,-0.371882,1.959991,0.844300,0,-0.544142,-0.287230,1.931840,0.977900,0,0.256156,0.232211,1.931411,0.997300,0,0.028951,0.247120,1.936763,0.997800,0,0,0,0,0,0,0,0,0
585,19.514270,1,0.298822,-0.365119,2.032357,0.999900,0,-0.099856,-0.344143,2.027813,0.999900,0,0.534319,-0.318012,1.982041,0.867700,0,-0.345323,-0.303180,1.970186,0.934200,0,0.759398,-0.371946,1.961191,0.820700,0,-0.544160,-0.286950,1.931734,0.976000,0,0.256291,0.231519,1.932878,0.997300,0,0.028855,0.245716,1.935836,0.997900,0,0,0,0,0,0,0,0,0
586,19.547628,1,0.298328,-0.365038,2.032315,0.999900,0,-0.099720,-0.344102,2.027571,0.999900,0,0.531413,-0.317911,1.981600,0.865800,0,-0.345036,-0.303153,1.969211,0.934900,0,0.757802,-0.372261,1.961701,0.809700,0,-0.544230,-0.286636,1.931732,0.975000,0,0.256650,0.231373,1.934813,0.997400,0,0.028791,0.244887,1.934307,0.998000,0,0,0,0,0,0,0,0,0
587,19.580986,1,0.298100,-0.365070,2.032826,0.999900,0,-0.099545,-0.344089,2.027494,0.999900,0,0.529156,-0.318326,1.981350,0.866500,0,-0.344583,-0.303244,1.968078,0.936300,0,0.757201,-0.372766,1.961468,0.808700,0,-0.544276,-0.286263,1.931886,0.975600,0,0.257207,0.231760,1.936713,0.997500,0,0.028763,0.244698,1.932551,0.998000,0,0,0,0,0,0,0,0,0
588,19.614343,1,0.298125,-0.365222,2.033849,0.999800,0,-0.099337,-0.344123,2.027689,0.999900,0,0.527720,-0.319217,1.981186,0.862600,0,-0.344063,-0.303460,1.967200,0.936000,0,0.757558,-0.373357,1.960686,0.795700,0,-0.544270,-0.285806,1.932219,0.974700,0,0.257842,0.232390,1.938106,0.997500,0,0.028764,0.244937,1.931093,0.998100,0,0,0,0,0,0,0,0,0
589,19.647701,1,0.298283,-0.365442,2.035102,0.999900,0,-0.099080,-0.344202,2.028149,0.999900,0,0.527107,-0.320415,1.981058,0.866600,0,-0.343586,-0.303725,1.967008,0.937300,0,0.758628,-0.373902,1.959652,0.804000,0,-0.544227,-0.285262,1.932702,0.975700,0,0.258394,0.232840,1.938737,0.997500,0,0.028782,0.245227,1.930403,0.998100,0,0,0,0,0,0,0,0,0
590,19.681059,1,0.298393,-0.365644,2.036153,0.999900,0,-0.098748,-0.344303,2.028745,0.999900,0,0.527207,-0.321664,1.980959,0.869900,0,-0.343222,-0.303912,1.967748,0.935800,0,0.760060,-0.374274,1.958613,0.809700,0,-0.544176,-0.284664,1.933243,0.975400,0,0.258726,0.232748,1.938649,0.997400,0,0.028804,0.245200,1.930696,0.998000,0,0,0,0,0,0,0,0,0
591,19.714417,1,0.298298,-0.365742,2.036586,0.999900,0,-0.098331,-0.344390,2.029261,0.999900,0,0.527877,-0.322695,1.980907,0.871400,0,-0.342974,-0.303894,1.969348,0.937100,0,0.761509,-0.374378,1.957693,0.814200,0,-0.544136,-0.284079,1.933706,0.976600,0,0.258763,0.231975,1.938161,0.997400,0,0.028821,0.244654,1.931855,0.998000,0,0,0,0,0,0,0,0,0
592,19.747774,1,0.297938,-0.365688,2.036182,0.999900,0,-0.097849,-0.344425,2.029482,0.999900,0,0.528986,-0.323294,1.980910,0.866900,0,-0.342793,-0.303587,1.971416,0.936900,0,0.762715,-0.374189,1.956921,0.806000,0,-0.544093,-0.283591,1.933943,0.975900,0,0.258514,0.230661,1.937734,0.997500,0,0.028830,0.243629,1.933495,0.998000,0,0,0,0,0,0,0,0,0
593,19.781132,1,0.297378,-0.365489,2.035009,0.999900,0,-0.097356,-0.344390,2.029286,0.999900,0,0.530434,-0.323356,1.980951,0.869900,0,-0.342620,-0.302976,1.973356,0.937000,0,0.763556,-0.373765,1.956304,0.811500,0,-0.544007,-0.283278,1.933810,0.976300,0,0.258057,0.229161,1.937794,0.997500,0,0.028834,0.242372,1.935110,0.998000,0,0,0,0,0,0,0,0,0
594,19.814490,1,0.296801,-0.365207,2.033407,0.999900,0,-0.096918,-0.344286,2.028692,0.999900,0,0.532138,-0.322901,1.980977,0.872700,0,-0.342420,-0.302121,1.974566,0.936800,0,0.764061,-0.373239,1.955887,0.815900,0,-0.543822,-0.283190,1.933197,0.976700,0,0.257509,0.227909,1.938555,0.997500,0,0.028841,0.241233,1.936259,0.998000,0,0,0,0,0,0,0,0,0
595,19.847847,1,0.296437,-0.364927,2.031845,0.999900,0,-0.096590,-0.344141,2.027843,0.999900,0,0.534020,-0.322069,1.980945,0.871600,0,-0.342206,-0.301150,1.974643,0.936500,0,0.764390,-0.372783,1.955766,0.813800,0,-0.543495,-0.283339,1.932057,0.976900,0,0.256985,0.227261,1.939933,0.997500,0,0.028862,0.240528,1.936708,0.998000,0,0,0,0,0,0,0,0,0
596,19.881205,1,0.296465,-0.364725,2.030736,0.999900,0,-0.096393,-0.343989,2.026933,0.999900,0,0.535988,-0.321089,1.980875,0.866300,0,-0.342025,-0.300232,1.973536,0.936000,0,0.764769,-0.372553,1.956038,0.806000,0,-0.543026,-0.283705,1.930470,0.976800,0,0.256559,0.227369,1.941557,0.997500,0,0.028903,0.240424,1.936482,0.998100,0,0,0,0,0,0,0,0,0
597,19.914562,1,0.296937,-0.364643,2.030295,0.999900,0,-0.096317,-0.343855,2.026116,0.999900,0,0.537932,-0.320227,1.980877,0.860300,0,-0.341937,-0.299540,1.971581,0.934800,0,0.765389,-0.372638,1.956740,0.798400,0,-0.542474,-0.284248,1.928672,0.977500,0,0.256248,0.228131,1.942907,0.997400,0,0.028958,0.240892,1.935810,0.998000,0,0,0,0,0,0,0,0,0
598,19.947920,1,0.297752,-0.364676,2.030497,0.999900,0,-0.096325,-0.343753,2.025466,0.999900,0,0.539722,-0.319718,1.981123,0.863200,0,-0.341974,-0.299203,1.969378,0.934000,0,0.766312,-0.373021,1.957797,0.809300,0,-0.541955,-0.284925,1.927023,0.978400,0,0.256015,0.229245,1.943494,0.997300,0,0.029009,0.241732,1.935000,0.997900,0,0,0,0,0,0,0,0,0
599,19.981278,1,0.298690,-0.364785,2.031138,0.999900,0,-0.096376,-0.343685,2.025010,0.999900,0,0.541235,-0.319707,1.981754,0.869300,0,-0.342105,-0.299270,1.967569,0.934200,0,0.767436,-0.373596,1.959023,0.818200,0,-0.541588,-0.285717,1.925891,0.978900,0,0.255796,0.230330,1.943026,0.997300,0,0.029020,0.242664,1.934302,0.997900,0,0,0,0,0,0,0,0,0
600,20.014636,1,0.299492,-0.364919,2.031929,0.999900,0,-0.096438,-0.343655,2.024806,0.999900,0,0.542385,-0.320203,1.982787,0.873700,0,-0.342236,-0.299695,1.966605,0.936100,0,0.768547,-0.374204,1.960172,0.824100,0,-0.541440,-0.286646,1.925504,0.979100,0,0.255542,0.231076,1.941511,0.997400,0,0.028952,0.243441,1.933841,0.998000,0,0,0,0,0,0,0,1,0
601,20.047993,1,0.299953,-0.365025,2.032587,0.999900,0,-0.096499,-0.343687,2.025011,0.999900,0,0.543148,-0.321074,1.984077,0.875400,0,-0.342232,-0.300370,1.966599,0.936800,0,0.769416,-0.374699,1.961008,0.828800,0,-0.541475,-0.287789,1.925838,0.979600,0,0.255246,0.231357,1.939262,0.997400,0,0.028776,0.243934,1.933609,0.997900,0,0,0,0,0,0,0,0,0
602,20.081351,1,0.299981,-0.365069,2.032889,0.999900,0,-0.096561,-0.343815,2.025846,0.999900,0,0.543559,-0.322077,1.985355,0.876800,0,-0.341968,-0.301171,1.967329,0.936900,0,0.769896,-0.374988,1.961383,0.831500,0,-0.541552,-0.289260,1.926626,0.979500,0,0.254959,0.231251,1.936792,0.997400,0,0.028489,0.244166,1.933528,0.997900,0,0,0,0,0,0,0,0,0
603,20.114709,1,0.299613,-0.365031,2.032703,0.999900,0,-0.096634,-0.344063,2.027456,0.999900,0,0.543680,-0.322926,1.986323,0.876900,0,-0.341373,-0.302016,1.968377,0.936600,0,0.769956,-0.375054,1.961290,0.833600,0,-0.541470,-0.291190,1.927477,0.979400,0,0.254769,0.230976,1.934642,0.997400,0,0.028131,0.244289,1.933509,0.997900,0,0,0,0,0,0,0,0,0
604,20.148066,1,0.298983,-0.364912,2.031996,0.999900,0,-0.096718,-0.344419,2.029734,0.999900,0,0.543556,-0.323379,1.986749,0.874600,0,-0.340467,-0.302889,1.969342,0.935700,0,0.769672,-0.374952,1.960887,0.827400,0,-0.541058,-0.293673,1.928046,0.978400,0,0.254769,0.230776,1.933200,0.997400,0,0.027775,0.244504,1.933491,0.997900,0,0,0,0,0,0,0,0,0
605,20.181424,1,0.298255,-0.364728,2.030827,0.999900,0,-0.096802,-0.344823,2.032247,0.999900,0,0.543205,-0.323308,1.986521,0.878000,0,-0.339366,-0.303842,1.970013,0.936400,0,0.769175,-0.374784,1.960451,0.834100,0,-0.540255,-0.296745,1.928173,0.979300,0,0.255013,0.230818,1.932589,0.997400,0,0.027515,0.244977,1.933451,0.997900,0,0,0,0,0,0,0,0,0
606,20.214782,1,0.297569,-0.364499,2.029321,0.999900,0,-0.096863,-0.345181,2.034352,0.999900,0,0.542632,-0.322747,1.985658,0.879400,0,-0.338249,-0.304962,1.970430,0.937200,0,0.768600,-0.374658,1.960270,0.835600,0,-0.539138,-0.300362,1.927916,0.979400,0,0.255488,0.231149,1.932689,0.997400,0,0.027430,0.245759,1.933388,0.997900,0,0,0,0,0,0,0,0,0
607,20.248140,1,0.297005,-0.364242,2.027636,0.999900,0,-0.096880,-0.345405,2.035454,0.999900,0,0.541876,-0.321876,1.984299,0.882800,0,-0.337321,-0.306321,1.970813,0.935500,0,0.768059,-0.374646,1.960507,0.843400,0,-0.537903,-0.304424,1.927467,0.979800,0,0.256120,0.231704,1.933266,0.997300,0,0.027566,0.246766,1.933328,0.997800,0,0,0,0,0,0,0,0,0
608,20.281497,1,0.296591,-0.363968,2.025956,0.999900,0,-0.096852,-0.345450,2.035268,0.999900,0,0.541034,-0.320960,1.982677,0.878700,0,-0.336763,-0.307927,1.971416,0.934400,0,0.767621,-0.374760,1.961121,0.844400,0,-0.536792,-0.308797,1.927021,0.980600,0,0.256796,0.232362,1.934097,0.997200,0,0.027926,0.247807,1.933321,0.997700,0,0,0,0,0,0,0,0,0
609,20.314855,1,0.296336,-0.363692,2.024490,0.999900,0,-0.096798,-0.345323,2.033936,0.999900,0,0.540260,-0.320247,1.981069,0.879000,0,-0.336689,-0.309702,1.972381,0.934800,0,0.767317,-0.374953,1.961872,0.848600,0,-0.536020,-0.313351,1.926666,0.981900,0,0.257407,0.232994,1.935042,0.997100,0,0.028481,0.248661,1.933448,0.997600,0,0,0,0,0,0,0,0,0
610,20.348213,1,0.296253,-0.363432,2.023480,0.999900,0,-0.096749,-0.345069,2.031941,0.999900,0,0.539707,-0.319881,1.979722,0.872900,0,-0.337131,-0.311501,1.973666,0.934700,0,0.767141,-0.375139,1.962438,0.845000,0,-0.535708,-0.317979,1.926361,0.982600,0,0.257889,0.233528,1.936035,0.997100,0,0.029191,0.249174,1.933788,0.997600,0,0,0,0,0,0,0,0,0
611,20.381570,1,0.296381,-0.363225,2.023163,0.999900,0,-0.096734,-0.344736,2.029902,0.999900,0,0.539478,-0.319847,1.978788,0.877100,0,-0.338024,-0.313162,1.975071,0.937800,0,0.767057,-0.375228,1.962560,0.851400,0,-0.535864,-0.322596,1.925988,0.983900,0,0.258246,0.233983,1.937049,0.997000,0,0.030011,0.249333,1.934342,0.997600,0,0,0,0,0,0,0,0,0
612,20.414928,1,0.296772,-0.363119,2.023706,0.999900,0,-0.096759,-0.344352,2.028360,0.999900,0,0.539585,-0.319996,1.978304,0.879700,0,-0.339218,-0.314560,1.976325,0.939300,0,0.767013,-0.375158,1.962159,0.857500,0,-0.536386,-0.327130,1.925451,0.984800,0,0.258550,0.234477,1.938060,0.997000,0,0.030894,0.249294,1.934976,0.997600,0,0,0,0,0,0,0,0,0
613,20.448285,1,0.297460,-0.363164,2.025134,0.999900,0,-0.096801,-0.343921,2.027614,0.999900,0,0.539950,-0.320111,1.978209,0.880000,0,-0.340493,-0.315649,1.977206,0.938600,0,0.766960,-0.374908,1.961362,0.859500,0,-0.537096,-0.331510,1.924740,0.985500,0,0.258910,0.235196,1.939000,0.996900,0,0.031791,0.249345,1.935434,0.997500,0,0,0,0,0,0,0,0,0
614,20.481643,1,0.298430,-0.363388,2.027272,0.999900,0,-0.096804,-0.343432,2.027652,0.999900,0,0.540443,-0.319998,1.978378,0.870200,0,-0.341600,-0.316466,1.977626,0.936100,0,0.766873,-0.374503,1.960434,0.846700,0,-0.537778,-0.335676,1.923944,0.985100,0,0.259414,0.236303,1.939697,0.996900,0,0.032652,0.249814,1.935465,0.997500,0,0,0,0,0,0,0,0,0
615,20.515000,1,0.299602,-0.363783,2.029744,0.999900,0,-0.096694,-0.342875,2.028171,0.999900,0,0.540922,-0.319554,1.978673,0.871800,0,-0.342326,-0.317097,1.977652,0.935400,0,0.766752,-0.374001,1.959662,0.850600,0,-0.538217,-0.339607,1.923198,0.985400,0,0.260087,0.237847,1.939859,0.996900,0,0.033428,0.250925,1.934972,0.997500,0,0,0,0,0,0,0,0,0
616,20.548358,1,0.300842,-0.364289,2.032059,0.999900,0,-0.096408,-0.342254,2.028680,0.999900,0,0.541272,-0.318793,1.978975,0.871800,0,-0.342546,-0.317631,1.977435,0.934400,0,0.766610,-0.373475,1.959261,0.852300,0,-0.538232,-0.343355,1.922621,0.985200,0,0.260875,0.239696,1.939171,0.996800,0,0.034078,0.252685,1.934080,0.997400,0,0,0,0,0,0,0,0,0
617,20.581716,1,0.301995,-0.364807,2.033744,0.999900,0,-0.095919,-0.341595,2.028679,0.999900,0,0.541433,-0.317821,1.979218,0.867100,0,-0.342267,-0.318112,1.977115,0.932600,0,0.766457,-0.372994,1.959316,0.845000,0,-0.537708,-0.347064,1.922281,0.984900,0,0.261674,0.241568,1.937504,0.996800,0,0.034582,0.254841,1.933083,0.997400,0,0,0,0,0,0,0,0,0
618,20.615073,1,0.302930,-0.365221,2.034483,0.999900,0,-0.095255,-0.340944,2.027850,0.999900,0,0.541404,-0.316779,1.979382,0.862000,0,-0.341614,-0.318532,1.976734,0.929300,0,0.766297,-0.372611,1.959789,0.842300,0,-0.536622,-0.350972,1.922184,0.983900,0,0.262388,0.243141,1.935135,0.996700,0,0.034945,0.256953,1.932308,0.997400,0,0,0,0,0,0,0,0,0
619,20.648431,1,0.303574,-0.365426,2.034190,0.999900,0,-0.094506,-0.340363,2.026206,0.999900,0,0.541223,-0.315787,1.979471,0.860300,0,-0.340789,-0.318843,1.976227,0.927500,0,0.766136,-0.372347,1.960555,0.840100,0,-0.535048,-0.355368,1.922279,0.983000,0,0.262977,0.244200,1.932796,0.996800,0,0.035197,0.258574,1.931996,0.997400,0,0,0,0,0,0,0,0,0
620,20.681789,1,0.303940,-0.365358,2.033033,0.999900,0,-0.093788,-0.339920,2.024107,0.999900,0,0.540954,-0.314913,1.979495,0.857400,0,-0.340005,-0.318990,1.975464,0.924600,0,0.765989,-0.372196,1.961460,0.836200,0,-0.533155,-0.360533,1.922489,0.981400,0,0.263466,0.244737,1.931451,0.996800,0,0.035383,0.259425,1.932225,0.997400,0,0,0,0,0,0,0,0,0
621,20.715146,1,0.304131,-0.365008,2.031390,0.999900,0,-0.093212,-0.339673,2.022142,0.999800,0,0.540672,-0.314170,1.979473,0.852200,0,-0.339428,-0.318946,1.974329,0.921800,0,0.765888,-0.372132,1.962365,0.824300,0,-0.531168,-0.366653,1.922742,0.979000,0,0.263919,0.244964,1.931889,0.996800,0,0.035531,0.259511,1.932893,0.997400,0,0,0,0,0,0,0,0,0
622,20.748504,1,0.304315,-0.364425,2.029755,0.999900,0,-0.092847,-0.339644,2.020904,0.999800,0,0.540456,-0.313527,1.979454,0.856800,0,-0.339147,-0.318722,1.972790,0.921400,0,0.765866,-0.372116,1.963149,0.834300,0,-0.529318,-0.373745,1.923026,0.979600,0,0.264387,0.245219,1.934332,0.996600,0,0.035637,0.259102,1.933760,0.997200,0,0,0,0,0,0,0,0,0
623,20.781861,1,0.304680,-0.363710,2.028623,0.999900,0,-0.092703,-0.339803,2.020776,0.999800,0,0.540382,-0.312934,1.979526,0.847900,0,-0.339161,-0.318369,1.970930,0.917600,0,0.765924,-0.372093,1.963701,0.820100,0,-0.527783,-0.381629,1.923424,0.978300,0,0.264870,0.245815,1.938299,0.996700,0,0.035646,0.258606,1.934538,0.997300,0,0,0,0,0,0,0,0,0
624,20.815219,1,0.305367,-0.362995,2.028361,0.999900,0,-0.092737,-0.340060,2.021806,0.999800,0,0.540497,-0.312332,1.979801,0.847100,0,-0.339393,-0.317962,1.968948,0.917500,0,0.766022,-0.372012,1.963963,0.811700,0,-0.526639,-0.389969,1.924108,0.976500,0,0.265307,0.246907,1.942793,0.996800,0,0.035476,0.258390,1.935034,0.997300,0,0,0,0,0,0,0,0,0
625,20.848576,1,0.306422,-0.362412,2.029121,0.999900,0,-0.092880,-0.340288,2.023705,0.999800,0,0.540800,-0.311667,1.980378,0.848000,0,-0.339722,-0.317589,1.967121,0.918500,0,0.766087,-0.371844,1.963993,0.810000,0,-0.525831,-0.398392,1.925281,0.975900,0,0.265601,0.248408,1.946710,0.996800,0,0.035042,0.258633,1.935252,0.997300,0,0,0,0,0,0,0,0,0
626,20.881934,1,0.307776,-0.362059,2.030809,0.999900,0,-0.093060,-0.340358,2.025962,0.999800,0,0.541228,-0.310897,1.981299,0.853600,0,-0.340018,-0.317324,1.965733,0.919000,0,0.766056,-0.371598,1.964001,0.818900,0,-0.525181,-0.406601,1.927073,0.975800,0,0.265665,0.250021,1.949240,0.996800,0,0.034303,0.259268,1.935379,0.997300,0,0,0,0,0,0,0,0,0
627,20.915292,1,0.309262,-0.361971,2.033120,0.999900,0,-0.093225,-0.340179,2.028000,0.999800,0,0.541670,-0.309994,1.982516,0.847500,0,-0.340173,-0.317219,1.964998,0.918800,0,0.765892,-0.371316,1.964290,0.812900,0,-0.524415,-0.414441,1.929445,0.976700,0,0.265467,0.251321,1.950088,0.996700,0,0.033293,0.260020,1.935651,0.997300,0,0,0,0,0,0,0,0,0
628,20.948649,1,0.310657,-0.362113,2.035630,0.999900,0,-0.093347,-0.339733,2.029342,0.999800,0,0.541991,-0.308950,1.983882,0.847500,0,-0.340096,-0.317284,1.964997,0.918400,0,0.765601,-0.371051,1.965107,0.810800,0,-0.523211,-0.421877,1.932152,0.976100,0,0.265047,0.251902,1.949464,0.996700,0,0.032119,0.260521,1.936163,0.997300,0,0,0,0,0,0,0,0,0
629,20.982007,1,0.311747,-0.362401,2.037918,0.999900,0,-0.093419,-0.339078,2.029722,0.999800,0,0.542080,-0.307801,1.985189,0.851900,0,-0.339710,-0.317486,1.965654,0.917700,0,0.765228,-0.370844,1.966522,0.816600,0,-0.521242,-0.428904,1.934792,0.974200,0,0.264499,0.251494,1.947913,0.996800,0,0.030938,0.260448,1.936781,0.997300,0,0,0,0,0,0,0,0,0
630,21.015365,1,0.312381,-0.362731,2.039680,0.999900,0,-0.093444,-0.338330,2.029134,0.999800,0,0.541880,-0.306630,1.986235,0.853900,0,-0.338939,-0.317753,1.966761,0.918700,0,0.764857,-0.370721,1.968402,0.820900,0,-0.518250,-0.435460,1.936910,0.974400,0,0.263924,0.250055,1.946091,0.996900,0,0.029899,0.259641,1.937199,0.997400,0,0,0,0,0,0,0,0,0
631,21.048722,1,0.312509,-0.363017,2.040795,0.999900,0,-0.093417,-0.337621,2.027803,0.999800,0,0.541401,-0.305559,1.986890,0.844400,0,-0.337717,-0.317987,1.968040,0.918200,0,0.764592,-0.370692,1.970495,0.810300,0,-0.514098,-0.441402,1.938123,0.974400,0,0.263382,0.247784,1.944551,0.996900,0,0.029096,0.258159,1.937119,0.997400,0,0,0,0,0,0,0,0,0
632,21.082080,1,0.312184,-0.363209,2.041309,0.999800,0,-0.093315,-0.337061,2.026104,0.999800,0,0.540717,-0.304715,1.987136,0.842300,0,-0.336004,-0.318089,1.969219,0.917600,0,0.764522,-0.370753,1.972527,0.806000,0,-0.508825,-0.446546,1.938215,0.973900,0,0.262859,0.245062,1.943589,0.996800,0,0.028557,0.256263,1.936427,0.997300,0,0,0,0,0,0,0,0,0
633,21.115437,1,0.311530,-0.363292,2.041349,0.999800,0,-0.093099,-0.336703,2.024442,0.999800,0,0.539938,-0.304193,1.987061,0.838900,0,-0.333804,-0.317983,1.970110,0.914500,0,0.764667,-0.370880,1.974267,0.802900,0,-0.502658,-0.450763,1.937213,0.974400,0,0.262281,0.242354,1.943176,0.996700,0,0.028256,0.254317,1.935268,0.997200,0,0,0,0,0,0,0,0,0
634,21.148795,1,0.310707,-0.363272,2.041031,0.999800,0,-0.092711,-0.336543,2.023132,0.999800,0,0.539186,-0.304025,1.986819,0.843000,0,-0.331182,-0.317641,1.970646,0.916000,0,0.764953,-0.371020,1.975523,0.808400,0,-0.495979,-0.454059,1.935421,0.975300,0,0.261566,0.240103,1.943038,0.996700,0,0.028154,0.252683,1.933965,0.997200,0,0,0,0,0,0,0,0,0
635,21.182152,1,0.309870,-0.363160,2.040410,0.999800,0,-0.092095,-0.336523,2.022330,0.999800,0,0.538580,-0.304177,1.986570,0.837500,0,-0.328249,-0.317085,1.970885,0.914500,0,0.765219,-0.371096,1.976118,0.797100,0,-0.489247,-0.456597,1.933396,0.974200,0,0.260700,0.238660,1.942867,0.996700,0,0.028233,0.251625,1.932841,0.997200,0,0,0,0,0,0,0,0,0
636,21.215510,1,0.309155,-0.362976,2.039506,0.999800,0,-0.091213,-0.336556,2.022013,0.999700,0,0.538223,-0.304556,1.986437,0.835000,0,-0.325140,-0.316383,1.970961,0.912500,0,0.765274,-0.371024,1.975885,0.795200,0,-0.482884,-0.458651,1.931827,0.974500,0,0.259786,0.238244,1.942530,0.996600,0,0.028511,0.251259,1.932066,0.997100,0,0,0,0,0,0,0,0,0
637,21.248867,1,0.308670,-0.362745,2.038375,0.999800,0,-0.090053,-0.336558,2.022035,0.999700,0,0.538181,-0.305031,1.986469,0.830300,0,-0.321968,-0.315612,1.971026,0.912100,0,0.764973,-0.370744,1.974719,0.787000,0,-0.477181,-0.460511,1.931341,0.974200,0,0.259031,0.238905,1.942172,0.996700,0,0.029026,0.251560,1.931601,0.997200,0,0,0,0,0,0,0,0,0
638,21.282225,1,0.308492,-0.362504,2.037161,0.999800,0,-0.088648,-0.336473,2.022195,0.999700,0,0.538462,-0.305457,1.986628,0.822200,0,-0.318782,-0.314835,1.971197,0.909900,0,0.764270,-0.370253,1.972663,0.772300,0,-0.472244,-0.462382,1.932291,0.974300,0,0.258669,0.240500,1.942119,0.996500,0,0.029804,0.252390,1.931258,0.997100,0,0,0,0,0,0,0,0,0
639,21.315583,1,0.308660,-0.362300,2.036094,0.999800,0,-0.087079,-0.336289,2.022305,0.999700,0,0.538986,-0.305706,1.986774,0.817900,0,-0.315559,-0.314074,1.971521,0.903700,0,0.763234,-0.369615,1.969968,0.764400,0,-0.468015,-0.464330,1.934637,0.973500,0,0.258855,0.242685,1.942655,0.996500,0,0.030818,0.253539,1.930824,0.997100,0,0,0,0,0,0,0,0,0
640,21.348941,1,0.309167,-0.362178,2.035421,0.999800,0,-0.085461,-0.336041,2.022214,0.999700,0,0.539597,-0.305691,1.986678,0.809600,0,-0.312223,-0.313308,1.971982,0.899100,0,0.762020,-0.368956,1.967083,0.754200,0,-0.464345,-0.466309,1.937984,0.973200,0,0.259594,0.244967,1.943796,0.996300,0,0.031976,0.254772,1.930179,0.997000,0,0,0,0,0,0,0,0,0
641,21.382299,1,0.309950,-0.362162,2.035296,0.999800,0,-0.083926,-0.335786,2.021818,0.999700,0,0.540103,-0.305389,1.986080,0.809200,0,-0.308713,-0.312489,1.972521,0.898000,0,0.760824,-0.368419,1.964557,0.759800,0,-0.461082,-0.468249,1.941768,0.973700,0,0.260737,0.246818,1.945199,0.996300,0,0.033144,0.255876,1.929337,0.996900,0,1,0,0,0,0,0,0,0
642,21.415656,1,0.310894,-0.362238,2.035674,0.999800,0,-0.082581,-0.335587,2.021065,0.999700,0,0.540353,-0.304853,1.984803,0.812500,0,-0.305056,-0.311568,1.973060,0.896900,0,0.759836,-0.368116,1.962889,0.767400,0,-0.458134,-0.470154,1.945493,0.974300,0,0.262037,0.247823,1.946274,0.996100,0,0.034187,0.256698,1.928440,0.996700,0,0,0,0,0,0,0,0,0
643,21.449014,1,0.311843,-0.362352,2.036281,0.999800,0,-0.081489,-0.335483,2.019978,0.999700,0,0.540301,-0.304210,1.982880,0.815200,0,-0.301397,-0.310525,1.973529,0.895500,0,0.759203,-0.368091,1.962359,0.776900,0,-0.455470,-0.472140,1.948881,0.974900,0,0.263248,0.247800,1.946465,0.996100,0,0.035022,0.257149,1.927685,0.996700,0,0,0,0,0,0,0,0,0
644,21.482373,1,0.312633,-0.362427,2.036684,0.999800,0,-0.080654,-0.335478,2.018677,0.999700,0,0.540041,-0.303634,1.980625,0.803700,0,-0.297982,-0.309393,1.973892,0.888800,0,0.758998,-0.368312,1.962931,0.762900,0,-0.453071,-0.474378,1.951872,0.972900,0,0.264202,0.246832,1.945542,0.996100,0,0.035642,0.257184,1.927227,0.996700,0,0,0,0,0,0,0,0,0
645,21.515730,1,0.313138,-0.362391,2.036487,0.999800,0,-0.080028,-0.335546,2.017375,0.999700,0,0.539761,-0.303315,1.978572,0.796200,0,-0.295071,-0.308261,1.974169,0.882300,0,0.759208,-0.368692,1.964270,0.757800,0,-0.450868,-0.476989,1.954524,0.972800,0,0.264840,0.245215,1.943723,0.995900,0,0.036106,0.256785,1.927099,0.996500,0,0,0,0,0,0,0,0,0
646,21.549088,1,0.313309,-0.362220,2.035534,0.999800,0,-0.079530,-0.335635,2.016323,0.999700,0,0.539661,-0.303401,1.977287,0.799100,0,-0.292848,-0.307252,1.974443,0.882100,0,0.759736,-0.369130,1.965874,0.764200,0,-0.448716,-0.479949,1.956886,0.973000,0,0.265193,0.243338,1.941555,0.996000,0,0.036515,0.255969,1.927188,0.996500,0,0,0,0,0,0,0,0,0
647,21.582446,1,0.313190,-0.361953,2.034039,0.999800,0,-0.079068,-0.335684,2.015732,0.999700,0,0.539861,-0.303948,1.977125,0.800000,0,-0.291355,-0.306485,1.974844,0.880300,0,0.760442,-0.369556,1.967267,0.773300,0,-0.446430,-0.483063,1.958925,0.973600,0,0.265339,0.241571,1.939640,0.995900,0,0.036964,0.254823,1.927298,0.996400,0,0,0,0,0,0,0,0,0
648,21.615804,1,0.312909,-0.361687,2.032533,0.999800,0,-0.078574,-0.335630,2.015712,0.999600,0,0.540346,-0.304900,1.978066,0.786500,0,-0.290490,-0.306030,1.975492,0.878300,0,0.761178,-0.369943,1.968154,0.753500,0,-0.443841,-0.486018,1.960511,0.972200,0,0.265353,0.240179,1.938406,0.995900,0,0.037515,0.253531,1.927267,0.996400,0,0,0,0,0,0,0,0,0
649,21.649162,1,0.312617,-0.361536,2.031656,0.999800,0,-0.078027,-0.335431,2.016248,0.999600,0,0.540986,-0.306105,1.979710,0.786600,0,-0.290046,-0.305883,1.976416,0.877400,0,0.761829,-0.370309,1.968481,0.755200,0,-0.440860,-0.488477,1.961460,0.973100,0,0.265285,0.239279,1.938012,0.995900,0,0.038174,0.252338,1.927075,0.996400,0,0,0,0,0,0,0,0,0
650,21.682520,1,0.312434,-0.361589,2.031911,0.999700,0,-0.077456,-0.335079,2.017203,0.999600,0,0.541597,-0.307362,1.981457,0.781700,0,-0.289779,-0.305968,1.977499,0.875700,0,0.762320,-0.370691,1.968394,0.747600,0,-0.437502,-0.490190,1.961600,0.973200,0,0.265157,0.238848,1.938361,0.995900,0,0.038887,0.251478,1.926865,0.996500,0,0,0,0,0,0,0,0,0
651,21.715878,1,0.312410,-0.361873,2.033476,0.999700,0,-0.076927,-0.334604,2.018356,0.999600,0,0.542017,-0.308482,1.982748,0.789000,0,-0.289475,-0.306165,1.978496,0.875100,0,0.762611,-0.371118,1.968139,0.762900,0,-0.433879,-0.491057,1.960852,0.974500,0,0.264970,0.238751,1.939169,0.995900,0,0.039555,0.251092,1.926886,0.996400,0,1,0,0,0,0,0,0,0
652,21.749236,1,0.312536,-0.362349,2.036157,0.999700,0,-0.076503,-0.334070,2.019444,0.999600,0,0.542166,-0.309328,1.983254,0.788000,0,-0.289004,-0.306356,1.979123,0.872600,0,0.762697,-0.371599,1.967944,0.760700,0,-0.430176,-0.491147,1.959292,0.974500,0,0.264727,0.238817,1.940039,0.995800,0,0.040065,0.251192,1.927376,0.996300,0,0,0,0,0,0,0,0,0
653,21.782594,1,0.312777,-0.362928,2.039471,0.999700,0,-0.076223,-0.333548,2.020216,0.999600,0,0.542049,-0.309833,1.982931,0.790400,0,-0.288347,-0.306464,1.979183,0.872000,0,0.762595,-0.372106,1.967922,0.770000,0,-0.426611,-0.490673,1.957173,0.975100,0,0.264445,0.238906,1.940561,0.995800,0,0.040331,0.251679,1.928452,0.996300,0,0,0,0,0,0,0,0,0
654,21.815952,1,0.313110,-0.363500,2.042815,0.999700,0,-0.076086,-0.333099,2.020492,0.999600,0,0.541739,-0.309995,1.981955,0.781800,0,-0.287593,-0.306467,1.978646,0.871000,0,0.762342,-0.372569,1.968022,0.763600,0,-0.423411,-0.489917,1.954883,0.975700,0,0.264167,0.238969,1.940435,0.995700,0,0.040327,0.252415,1.930048,0.996200,0,0,0,0,0,0,0,0,0
655,21.849310,1,0.313537,-0.363978,2.045659,0.999700,0,-0.076058,-0.332750,2.020207,0.999600,0,0.541331,-0.309853,1.980606,0.777100,0,-0.286887,-0.306397,1.977668,0.869500,0,0.761980,-0.372885,1.968053,0.759200,0,-0.420770,-0.489160,1.952844,0.975700,0,0.263949,0.239055,1.939568,0.995800,0,0.040100,0.253274,1.931923,0.996300,0,0,0,0,0,0,0,0,0
656,21.882668,1,0.314070,-0.364317,2.047691,0.999700,0,-0.076089,-0.332503,2.019433,0.999600,0,0.540917,-0.309463,1.979164,0.780600,0,-0.286367,-0.306307,1.976538,0.869100,0,0.761542,-0.372951,1.967788,0.768400,0,-0.418817,-0.488605,1.951381,0.976200,0,0.263835,0.239265,1.938112,0.995800,0,0.039754,0.254172,1.933715,0.996300,0,0,0,0,0,0,0,0,0
657,21.916026,1,0.314703,-0.364526,2.048878,0.999700,0,-0.076137,-0.332341,2.018381,0.999600,0,0.540562,-0.308880,1.977844,0.778900,0,-0.286105,-0.306241,1.975596,0.869300,0,0.761052,-0.372708,1.967106,0.765800,0,-0.417577,-0.488343,1.950627,0.977100,0,0.263827,0.239678,1.936386,0.995800,0,0.039415,0.255045,1.935032,0.996300,0,0,0,0,0,0,0,0,0
658,21.949384,1,0.315388,-0.364655,2.049427,0.999700,0,-0.076174,-0.332252,2.017362,0.999600,0,0.540304,-0.308158,1.976802,0.770200,0,-0.286075,-0.306214,1.975147,0.867600,0,0.760518,-0.372182,1.966088,0.756900,0,-0.416972,-0.488351,1.950509,0.977600,0,0.263873,0.240279,1.934741,0.995700,0,0.039195,0.255814,1.935547,0.996300,0,0,0,0,0,0,0,0,0
659,21.982742,1,0.316036,-0.364768,2.049679,0.999700,0,-0.076193,-0.332237,2.016713,0.999600,0,0.540166,-0.307368,1.976150,0.759700,0,-0.286154,-0.306197,1.975376,0.863800,0,0.759951,-0.371499,1.965038,0.744000,0,-0.416838,-0.488529,1.950811,0.977900,0,0.263891,0.240947,1.933425,0.995700,0,0.039165,0.256375,1.935097,0.996300,0,0,0,0,0,0,0,0,0
660,22.016100,1,0.316546,-0.364914,2.049970,0.999700,0,-0.076203,-0.332304,2.016701,0.999600,0,0.540156,-0.306608,1.975984,0.770200,0,-0.286167,-0.306132,1.976291,0.864500,0,0.759372,-0.370864,1.964389,0.759400,0,-0.416980,-0.488743,1.951264,0.978100,0,0.263804,0.241507,1.932525,0.995600,0,0.039345,0.256621,1.933742,0.996200,0,0,0,0,0,0,0,0,0
661,22.049458,1,0.316842,-0.365092,2.050506,0.999800,0,-0.076216,-0.332463,2.017438,0.999600,0,0.540275,-0.305987,1.976373,0.780000,0,-0.285943,-0.305958,1.977696,0.866700,0,0.758837,-0.370497,1.964543,0.775200,0,-0.417211,-0.488873,1.951633,0.979000,0,0.263579,0.241826,1.931964,0.995700,0,0.039701,0.256499,1.931761,0.996200,0,0,0,0,0,0,0,0,0
662,22.082816,1,0.316909,-0.365253,2.051297,0.999700,0,-0.076244,-0.332708,2.018852,0.999600,0,0.540512,-0.305604,1.977333,0.767900,0,-0.285378,-0.305641,1.979222,0.865600,0,0.758428,-0.370552,1.965686,0.758500,0,-0.417400,-0.488846,1.951771,0.978900,0,0.263243,0.241879,1.931564,0.995600,0,0.040167,0.256053,1.929574,0.996200,0,0,0,0,0,0,0,0,0
663,22.116174,1,0.316804,-0.365305,2.052187,0.999700,0,-0.076290,-0.333015,2.020713,0.999600,0,0.540836,-0.305516,1.978775,0.773300,0,-0.284487,-0.305206,1.980427,0.864100,0,0.758238,-0.371051,1.967682,0.768200,0,-0.417477,-0.488653,1.951628,0.978600,0,0.262878,0.241771,1.931172,0.995500,0,0.040655,0.255429,1.927626,0.996000,0,0,0,0,0,0,0,0,0
664,22.149532,1,0.316643,-0.365160,2.052964,0.999700,0,-0.076350,-0.333344,2.022703,0.999600,0,0.541209,-0.305726,1.980506,0.768700,0,-0.283410,-0.304736,1.980944,0.862500,0,0.758333,-0.371874,1.970095,0.764800,0,-0.417435,-0.488360,1.951246,0.977800,0,0.262601,0.241695,1.930797,0.995500,0,0.041076,0.254843,1.926299,0.996000,0,0,0,0,0,0,0,0,0
665,22.182890,1,0.316557,-0.364777,2.053488,0.999700,0,-0.076412,-0.333643,2.024514,0.999600,0,0.541594,-0.306193,1.982262,0.756700,0,-0.282370,-0.304357,1.980625,0.858400,0,0.758718,-0.372802,1.972330,0.753600,0,-0.417309,-0.488093,1.950731,0.978400,0,0.262539,0.241862,1.930670,0.995400,0,0.041350,0.254519,1.925877,0.996000,0,0,0,0,0,0,0,0,0
666,22.216248,1,0.316655,-0.364184,2.053760,0.999700,0,-0.076468,-0.333867,2.025927,0.999600,0,0.541973,-0.306836,1.983782,0.768100,0,-0.281596,-0.304190,1.979606,0.860500,0,0.759334,-0.373605,1.973863,0.767900,0,-0.417156,-0.488009,1.950235,0.978200,0,0.262800,0.242423,1.931158,0.995400,0,0.041418,0.254632,1.926521,0.995900,0,0,0,0,0,0,0,0,0
667,22.249606,1,0.316986,-0.363482,2.053912,0.999800,0,-0.076511,-0.333989,2.026870,0.999600,0,0.542355,-0.307541,1.984865,0.768600,0,-0.281242,-0.304308,1.978274,0.858600,0,0.760077,-0.374125,1.974445,0.770900,0,-0.417036,-0.488257,1.949911,0.978500,0,0.263437,0.243416,1.932524,0.995400,0,0.041257,0.255253,1.928238,0.995900,0,0,0,0,0,0,0,0,0
668,22.282964,1,0.317531,-0.362805,2.054129,0.999800,0,-0.076539,-0.334012,2.027412,0.999600,0,0.542753,-0.308178,1.985400,0.773800,0,-0.281331,-0.304705,1.977126,0.858700,0,0.760843,-0.374319,1.974187,0.776900,0,-0.416991,-0.488913,1.949874,0.977300,0,0.264415,0.244735,1.934704,0.995500,0,0.040891,0.256319,1.930826,0.996000,0,0,0,0,0,0,0,0,0
669,22.316322,1,0.318193,-0.362281,2.054536,0.999800,0,-0.076555,-0.333967,2.027695,0.999600,0,0.543165,-0.308617,1.985355,0.778400,0,-0.281763,-0.305301,1.976574,0.859600,0,0.761560,-0.374253,1.973484,0.782500,0,-0.417034,-0.489941,1.950156,0.977900,0,0.265584,0.246127,1.937218,0.995500,0,0.040387,0.257611,1.933861,0.996000,0,0,0,0,0,0,0,0,0
670,22.349680,1,0.318807,-0.361988,2.055097,0.999800,0,-0.076564,-0.333908,2.027853,0.999600,0,0.543546,-0.308768,1.984771,0.771500,0,-0.282358,-0.305962,1.976797,0.858200,0,0.762194,-0.374046,1.972804,0.774400,0,-0.417150,-0.491175,1.950690,0.978300,0,0.266685,0.247221,1.939317,0.995400,0,0.039833,0.258761,1.936743,0.995900,0,0,0,0,0,0,0,0,0
671,22.383037,1,0.319148,-0.361937,2.055581,0.999800,0,-0.076567,-0.333897,2.027935,0.999600,0,0.543811,-0.308609,1.983777,0.783200,0,-0.282926,-0.306542,1.977698,0.861200,0,0.762750,-0.373814,1.972465,0.788400,0,-0.417298,-0.492363,1.951323,0.977800,0,0.267389,0.247591,1.940273,0.995400,0,0.039310,0.259309,1.938826,0.995800,0,0,0,0,0,0,0,0,0
672,22.416395,1,0.318973,-0.362082,2.055626,0.999800,0,-0.076563,-0.333993,2.027888,0.999600,0,0.543860,-0.308191,1.982607,0.777800,0,-0.283330,-0.306922,1.978977,0.859600,0,0.763247,-0.373631,1.972505,0.783800,0,-0.417432,-0.493246,1.951864,0.977800,0,0.267377,0.246854,1.939661,0.995300,0,0.038860,0.258809,1.939589,0.995700,0,0,0,0,0,0,0,0,0
673,22.449753,1,0.318084,-0.362344,2.054884,0.999800,0,-0.076549,-0.334227,2.027574,0.999600,0,0.543608,-0.307616,1.981585,0.784400,0,-0.283524,-0.307038,1.980275,0.861900,0,0.763711,-0.373527,1.972712,0.793400,0,-0.417504,-0.493648,1.952131,0.978000,0,0.266438,0.244790,1.937511,0.995300,0,0.038476,0.256967,1.938785,0.995700,0,0,0,0,0,0,0,0,0
674,22.483110,1,0.316410,-0.362641,2.053193,0.999800,0,-0.076519,-0.334595,2.026832,0.999600,0,0.543019,-0.307002,1.981046,0.782400,0,-0.283549,-0.306895,1.981306,0.861600,0,0.764156,-0.373499,1.972736,0.790200,0,-0.417485,-0.493535,1.952001,0.978200,0,0.264558,0.241446,1.934279,0.995400,0,0.038113,0.253764,1.936498,0.995800,0,0,0,0,0,0,0,1,0
675,22.516468,1,0.314064,-0.362911,2.050675,0.999800,0,-0.076471,-0.335052,2.025577,0.999600,0,0.542123,-0.306462,1.981226,0.793200,0,-0.283514,-0.306563,1.981908,0.864500,0,0.764578,-0.373540,1.972257,0.802700,0,-0.417369,-0.493013,1.951448,0.978100,0,0.261963,0.237176,1.930688,0.995500,0,0.037717,0.249507,1.933086,0.995900,0,0,0,0,0,0,0,0,0
676,22.549826,1,0.311344,-0.363117,2.047719,0.999800,0,-0.076407,-0.335526,2.023886,0.999600,0,0.541020,-0.306090,1.982169,0.784100,0,-0.283542,-0.306154,1.982025,0.863900,0,0.764954,-0.373645,1.971102,0.790500,0,-0.417172,-0.492278,1.950552,0.978400,0,0.259084,0.232604,1.927522,0.995600,0,0.037259,0.244786,1.929042,0.996000,0,0,0,0,0,0,0,1,0
677,22.583183,1,0.308667,-0.363251,2.044871,0.999800,0,-0.076338,-0.335944,2.022043,0.999600,0,0.539868,-0.305969,1.983693,0.778800,0,-0.283721,-0.305786,1.981655,0.863400,0,0.765254,-0.373812,1.969319,0.781600,0,-0.416932,-0.491542,1.949472,0.977800,0,0.256457,0.228499,1.925440,0.995600,0,0.036753,0.240350,1.924875,0.996000,0,0,0,0,0,0,0,0,0
678,22.616541,1,0.306452,-0.363330,2.042658,0.999800,0,-0.076279,-0.336253,2.020472,0.999600,0,0.538851,-0.306164,1.985466,0.773100,0,-0.284074,-0.305548,1.980820,0.864300,0,0.765456,-0.374035,1.967157,0.772200,0,-0.416691,-0.490972,1.948404,0.977800,0,0.254580,0.225606,1.924872,0.995700,0,0.036257,0.236948,1.921059,0.996100,0,0,0,0,0,0,0,0,0
679,22.649899,1,0.305005,-0.363388,2.041434,0.999700,0,-0.076246,-0.336419,2.019590,0.999600,0,0.538147,-0.306706,1.987126,0.763900,0,-0.284551,-0.305465,1.979587,0.862200,0,0.765557,-0.374294,1.964984,0.760700,0,-0.416493,-0.490657,1.947530,0.977000,0,0.253788,0.224470,1.925975,0.995600,0,0.035852,0.235179,1.918042,0.996100,0,0,0,0,0,0,0,0,0
680,22.683256,1,0.304446,-0.363458,2.041280,0.999700,0,-0.076248,-0.336424,2.019621,0.999600,0,0.537881,-0.307564,1.988414,0.767500,0,-0.285050,-0.305491,1.978099,0.860800,0,0.765562,-0.374556,1.963153,0.764000,0,-0.416368,-0.490597,1.946969,0.976500,0,0.254172,0.225306,1.928620,0.995700,0,0.035612,0.235366,1.916224,0.996200,0,0,0,0,0,0,0,0,0
681,22.716614,1,0.304711,-0.363563,2.042017,0.999700,0,-0.076281,-0.336255,2.020477,0.999600,0,0.538095,-0.308618,1.989234,0.762500,0,-0.285457,-0.305534,1.976597,0.860800,0,0.765472,-0.374783,1.961887,0.753000,0,-0.416325,-0.490719,1.946748,0.976100,0,0.255578,0.227939,1.932407,0.995700,0,0.035574,0.237483,1.915872,0.996200,0,0,0,0,0,0,0,0,0
682,22.749971,1,0.305596,-0.363704,2.043289,0.999700,0,-0.076329,-0.335900,2.021759,0.999600,0,0.538736,-0.309672,1.989635,0.756800,0,-0.285688,-0.305495,1.975363,0.860300,0,0.765292,-0.374947,1.961236,0.744500,0,-0.416349,-0.490904,1.946789,0.976400,0,0.257664,0.231852,1.936733,0.995700,0,0.035723,0.241146,1.917027,0.996200,0,0,0,0,0,0,0,0,0
683,22.783329,1,0.306835,-0.363868,2.044692,0.999700,0,-0.076372,-0.335362,2.022886,0.999600,0,0.539674,-0.310507,1.989737,0.767600,0,-0.285711,-0.305318,1.974635,0.862400,0,0.765044,-0.375040,1.961110,0.760400,0,-0.416409,-0.491013,1.946951,0.976500,0,0.260008,0.236313,1.940929,0.995600,0,0.036009,0.245690,1.919468,0.996100,0,0,0,0,0,0,0,0,0
684,22.816687,1,0.308156,-0.364028,2.045868,0.999700,0,-0.076387,-0.334678,2.023312,0.999600,0,0.540735,-0.310959,1.989650,0.758900,0,-0.285546,-0.305019,1.974518,0.860000,0,0.764788,-0.375079,1.961364,0.756600,0,-0.416465,-0.490936,1.947074,0.977400,0,0.262218,0.240547,1.944395,0.995500,0,0.036365,0.250331,1.922777,0.996100,0,0,0,0,0,0,0,0,0
685,22.850044,1,0.309329,-0.364148,2.046572,0.999800,0,-0.076365,-0.333916,2.022731,0.999600,0,0.541741,-0.310982,1.989409,0.768700,0,-0.285250,-0.304682,1.974947,0.862000,0,0.764610,-0.375099,1.961871,0.768300,0,-0.416478,-0.490614,1.947043,0.978000,0,0.264010,0.243910,1.946700,0.995600,0,0.036738,0.254344,1.926434,0.996000,0,0,0,0,0,0,0,0,0
686,22.883402,1,0.310186,-0.364196,2.046686,0.999800,0,-0.076305,-0.333166,2.021171,0.999600,0,0.542538,-0.310670,1.988957,0.769500,0,-0.284887,-0.304431,1.975729,0.862300,0,0.764588,-0.375135,1.962522,0.766000,0,-0.416427,-0.490064,1.946819,0.977500,0,0.265237,0.246017,1.947622,0.995600,0,0.037096,0.257218,1.929929,0.996100,0,0,0,0,0,0,0,1,0
687,22.916760,1,0.310649,-0.364145,2.046211,0.999700,0,-0.076221,-0.332514,2.018956,0.999600,0,0.543025,-0.310233,1.988183,0.762600,0,-0.284516,-0.304374,1.976620,0.862000,0,0.764749,-0.375198,1.963197,0.756100,0,-0.416308,-0.489372,1.946441,0.977900,0,0.265883,0.246780,1.947154,0.995600,0,0.037428,0.258737,1.932865,0.996100,0,0,0,0,0,0,0,0,0
688,22.950117,1,0.310728,-0.363984,2.045251,0.999800,0,-0.076130,-0.332016,2.016556,0.999600,0,0.543169,-0.309928,1.987010,0.767700,0,-0.284178,-0.304560,1.977402,0.863900,0,0.765055,-0.375271,1.963734,0.765100,0,-0.416139,-0.488663,1.945999,0.978000,0,0.266025,0.246382,1.945504,0.995600,0,0.037734,0.258985,1.935033,0.996100,0,0,0,0,0,0,0,0,0
689,22.983475,1,0.310521,-0.363729,2.043997,0.999800,0,-0.076050,-0.331693,2.014425,0.999600,0,0.543019,-0.309979,1.985491,0.774300,0,-0.283911,-0.304949,1.977933,0.866500,0,0.765417,-0.375318,1.963973,0.774100,0,-0.415959,-0.488055,1.945594,0.977900,0,0.265802,0.245173,1.943028,0.995600,0,0.038027,0.258276,1.936436,0.996100,0,0,0,0,0,0,0,0,0
690,23.016833,1,0.310178,-0.363423,2.042683,0.999800,0,-0.075993,-0.331530,2.012870,0.999600,0,0.542679,-0.310504,1.983851,0.761800,0,-0.283758,-0.305438,1.978168,0.861300,0,0.765745,-0.375309,1.963842,0.761500,0,-0.415822,-0.487610,1.945315,0.978300,0,0.265369,0.243566,1.940142,0.995500,0,0.038328,0.257043,1.937221,0.996100,0,0,0,0,0,0,0,0,0
691,23.050190,1,0.309850,-0.363133,2.041540,0.999800,0,-0.075963,-0.331488,2.012000,0.999600,0,0.542273,-0.311480,1.982432,0.771800,0,-0.283772,-0.305907,1.978163,0.861300,0,0.765980,-0.375248,1.963445,0.773300,0,-0.415797,-0.487318,1.945220,0.977200,0,0.264864,0.241933,1.937225,0.995500,0,0.038656,0.255717,1.937569,0.996000,0,0,0,0,0,0,0,0,0
692,23.083548,1,0.309644,-0.362939,2.040735,0.999800,0,-0.075955,-0.331516,2.011724,0.999600,0,0.541895,-0.312750,1.981567,0.770900,0,-0.283993,-0.306266,1.978066,0.863400,0,0.766115,-0.375178,1.963060,0.774000,0,-0.415947,-0.487103,1.945333,0.977900,0,0.264398,0.240556,1.934594,0.995500,0,0.039010,0.254639,1.937603,0.996000,0,0,0,0,0,0,0,0,0
693,23.116906,1,0.309589,-0.362915,2.040337,0.999800,0,-0.075960,-0.331561,2.011799,0.999600,0,0.541583,-0.314069,1.981452,0.766700,0,-0.284423,-0.306484,1.978066,0.864200,0,0.766180,-0.375169,1.963051,0.771500,0,-0.416310,-0.486862,1.945639,0.978500,0,0.264056,0.239623,1.932534,0.995400,0,0.039354,0.254028,1.937382,0.995900,0,0,0,0,0,0,0,0,0
694,23.150263,1,0.309644,-0.363113,2.040307,0.999800,0,-0.075963,-0.331580,2.011924,0.999600,0,0.541326,-0.315164,1.982080,0.774700,0,-0.285012,-0.306585,1.978334,0.862800,0,0.766214,-0.375287,1.963713,0.782300,0,-0.416878,-0.486514,1.946078,0.978800,0,0.263900,0.239248,1.931320,0.995400,0,0.039622,0.253991,1.936934,0.995800,0,0,0,0,0,0,0,0,0
695,23.183621,1,0.309725,-0.363535,2.040505,0.999800,0,-0.075956,-0.331547,2.011867,0.999600,0,0.541102,-0.315804,1.983263,0.775600,0,-0.285667,-0.306618,1.978961,0.862600,0,0.766237,-0.375564,1.965131,0.782200,0,-0.417589,-0.486039,1.946569,0.978700,0,0.263970,0.239478,1.931208,0.995300,0,0.039737,0.254535,1.936283,0.995800,0,0,0,0,0,0,0,0,0
696,23.216979,1,0.309748,-0.364130,2.040716,0.999800,0,-0.075937,-0.331467,2.011572,0.999600,0,0.540914,-0.315861,1.984719,0.772000,0,-0.286285,-0.306622,1.979926,0.861300,0,0.766232,-0.375977,1.967097,0.783300,0,-0.418343,-0.485502,1.947035,0.979300,0,0.264279,0.240282,1.932375,0.995200,0,0.039651,0.255563,1.935451,0.995600,0,0,0,0,0,0,0,0,0
697,23.250336,1,0.309662,-0.364797,2.040720,0.999800,0,-0.075913,-0.331375,2.011183,0.999600,0,0.540805,-0.315351,1.986154,0.769200,0,-0.286784,-0.306602,1.981103,0.860200,0,0.766160,-0.376446,1.969151,0.781300,0,-0.419030,-0.485027,1.947431,0.978700,0,0.264802,0.241535,1.934835,0.995000,0,0.039373,0.256874,1.934461,0.995500,0,1,0,0,0,0,0,0,0
698,23.283694,1,0.309468,-0.365419,2.040378,0.999700,0,-0.075898,-0.331319,2.010971,0.999600,0,0.540834,-0.314429,1.987316,0.757600,0,-0.287120,-0.306518,1.982297,0.857400,0,0.765983,-0.376859,1.970715,0.761400,0,-0.419561,-0.484753,1.947735,0.977900,0,0.265469,0.243006,1.938377,0.995000,0,0.038978,0.258163,1.933376,0.995500,0,0,0,0,0,0,0,1,0
699,23.317052,1,0.309216,-0.365899,2.039710,0.999700,0,-0.075906,-0.331344,2.011193,0.999600,0,0.541029,-0.313343,1.988018,0.761800,0,-0.287289,-0.306305,1.983290,0.857200,0,0.765693,-0.377104,1.971277,0.768000,0,-0.419892,-0.484773,1.947940,0.976700,0,0.266174,0.244397,1.942526,0.995000,0,0.038582,0.259087,1.932337,0.995500,0,0,0,0,0,0,0,0,0
700,23.350409,1,0.308979,-0.366197,2.038909,0.999800,0,-0.075947,-0.331467,2.011951,0.999600,0,0.541360,-0.312361,1.988145,0.764700,0,-0.287317,-0.305903,1.983897,0.857200,0,0.765321,-0.377108,1.970546,0.770500,0,-0.420034,-0.485107,1.948053,0.975800,0,0.266786,0.245422,1.946585,0.995000,0,0.038307,0.259357,1.931540,0.995500,0,0,0,0,0,0,0,0,0
701,23.383767,1,0.308829,-0.366326,2.038264,0.999800,0,-0.076016,-0.331668,2.013134,0.999600,0,0.541740,-0.311690,1.987677,0.766400,0,-0.287242,-0.305306,1.984018,0.856900,0,0.764934,-0.376862,1.968551,0.772600,0,-0.420041,-0.485699,1.948126,0.975500,0,0.267189,0.245894,1.949761,0.995100,0,0.038237,0.258854,1.931153,0.995500,0,0,0,0,0,0,0,0,0
702,23.417125,1,0.308804,-0.366335,2.038034,0.999800,0,-0.076097,-0.331902,2.014450,0.999600,0,0.542060,-0.311424,1.986692,0.773400,0,-0.287109,-0.304587,1.983679,0.858800,0,0.764611,-0.376430,1.965641,0.781000,0,-0.420001,-0.486449,1.948277,0.975500,0,0.267304,0.245784,1.951380,0.995200,0,0.038391,0.257688,1.931236,0.995600,0,0,0,0,0,0,0,0,0
703,23.450483,1,0.308895,-0.366280,2.038336,0.999800,0,-0.076166,-0.332110,2.015538,0.999600,0,0.542243,-0.311538,1.985365,0.773300,0,-0.286962,-0.303885,1.983037,0.858300,0,0.764418,-0.375928,1.962403,0.782200,0,-0.420008,-0.487252,1.948673,0.976100,0,0.267114,0.245213,1.951092,0.995300,0,0.038715,0.256171,1.931724,0.995700,0,0,0,0,0,0,0,0,0
704,23.483840,1,0.309051,-0.366202,2.039117,0.999800,0,-0.076195,-0.332238,2.016105,0.999600,0,0.542270,-0.311923,1.983939,0.771700,0,-0.286841,-0.303358,1.982344,0.857700,0,0.764380,-0.375487,1.959512,0.778500,0,-0.420127,-0.488021,1.949453,0.976700,0,0.266654,0.244385,1.948983,0.995400,0,0.039095,0.254686,1.932471,0.995800,0,0,0,0,0,0,0,0,0
705,23.517198,1,0.309198,-0.366132,2.040208,0.999800,0,-0.076164,-0.332254,2.016011,0.999600,0,0.542189,-0.312455,1.982693,0.783200,0,-0.286775,-0.303113,1.981851,0.858800,0,0.764485,-0.375208,1.957548,0.791800,0,-0.420373,-0.488697,1.950638,0.976800,0,0.265996,0.243500,1.945541,0.995300,0,0.039391,0.253530,1.933308,0.995700,0,0,0,0,0,0,0,0,0
706,23.550556,1,0.309269,-0.366096,2.041400,0.999800,0,-0.076066,-0.332151,2.015298,0.999600,0,0.542079,-0.313042,1.981863,0.783200,0,-0.286777,-0.303164,1.981712,0.857300,0,0.764700,-0.375143,1.956850,0.793500,0,-0.420700,-0.489234,1.952082,0.976700,0,0.265219,0.242670,1.941506,0.995200,0,0.039486,0.252796,1.934078,0.995500,0,0,0,0,0,0,0,0,0
707,23.583914,1,0.309222,-0.366116,2.042508,0.999800,0,-0.075921,-0.331940,2.014142,0.999600,0,0.542003,-0.313646,1.981571,0.787600,0,-0.286838,-0.303424,1.981923,0.862100,0,0.764992,-0.375291,1.957441,0.802000,0,-0.421022,-0.489594,1.953501,0.977800,0,0.264395,0.241882,1.937669,0.995300,0,0.039326,0.252345,1.934647,0.995600,0,0,0,0,0,0,0,0,0
708,23.617271,1,0.309048,-0.366205,2.043386,0.999800,0,-0.075770,-0.331651,2.012788,0.999600,0,0.541963,-0.314262,1.981761,0.780100,0,-0.286932,-0.303730,1.982331,0.862700,0,0.765336,-0.375620,1.959032,0.789100,0,-0.421244,-0.489745,1.954580,0.978200,0,0.263565,0.241009,1.934676,0.995300,0,0.038943,0.251876,1.934895,0.995700,0,0,0,0,0,0,0,0,0
709,23.650629,1,0.308765,-0.366356,2.043936,0.999800,0,-0.075684,-0.331334,2.011505,0.999600,0,0.541894,-0.314881,1.982208,0.788700,0,-0.287023,-0.303908,1.982721,0.862000,0,0.765713,-0.376074,1.961117,0.799000,0,-0.421302,-0.489678,1.955082,0.977600,0,0.262730,0.239849,1.932893,0.995300,0,0.038436,0.251042,1.934747,0.995600,0,0,0,0,0,0,0,0,0
710,23.683987,1,0.308398,-0.366542,2.044108,0.999700,0,-0.075739,-0.331060,2.010552,0.999600,0,0.541693,-0.315459,1.982612,0.775700,0,-0.287081,-0.303823,1.982916,0.858900,0,0.766097,-0.376580,1.963108,0.775700,0,-0.421192,-0.489415,1.954940,0.976500,0,0.261850,0.238194,1.932330,0.995400,0,0.037916,0.249576,1.934221,0.995800,0,0,0,0,0,0,0,0,0
711,23.717345,1,0.307960,-0.366725,2.043908,0.999800,0,-0.076004,-0.330919,2.010154,0.999600,0,0.541276,-0.315914,1.982726,0.783900,0,-0.287085,-0.303418,1.982845,0.861000,0,0.766458,-0.377061,1.964493,0.784000,0,-0.420978,-0.489024,1.954279,0.975700,0,0.260857,0.235916,1.932682,0.995500,0,0.037453,0.247389,1.933459,0.995900,0,0,0,0,0,0,0,0,0
712,23.750702,1,0.307442,-0.366870,2.043388,0.999800,0,-0.076509,-0.331006,2.010465,0.999600,0,0.540626,-0.316153,1.982464,0.783400,0,-0.287031,-0.302733,1.982564,0.861700,0,0.766776,-0.377446,1.964955,0.781400,0,-0.420778,-0.488611,1.953380,0.975500,0,0.259692,0.233047,1.933441,0.995500,0,0.037049,0.244612,1.932704,0.995900,0,0,0,0,0,0,0,0,0
713,23.784060,1,0.306824,-0.366948,2.042624,0.999700,0,-0.077227,-0.331386,2.011518,0.999600,0,0.539814,-0.316105,1.981939,0.776900,0,-0.286928,-0.301881,1.982208,0.863100,0,0.767045,-0.377687,1.964421,0.770500,0,-0.420728,-0.488302,1.952590,0.975900,0,0.258350,0.229825,1.934052,0.995600,0,0.036662,0.241595,1.932217,0.996000,0,0,0,0,0,0,0,0,0
714,23.817418,1,0.306098,-0.366939,2.041692,0.999800,0,-0.078069,-0.332063,2.013180,0.999600,0,0.538980,-0.315768,1.981410,0.775700,0,-0.286798,-0.301025,1.981939,0.861800,0,0.767277,-0.377769,1.963046,0.768400,0,-0.420936,-0.488198,1.952202,0.975800,0,0.256915,0.226668,1.934066,0.995600,0,0.036257,0.238844,1.932153,0.996000,0,0,0,0,0,0,0,0,0
715,23.850776,1,0.305306,-0.366820,2.040667,0.999700,0,-0.078895,-0.332955,2.015142,0.999600,0,0.538294,-0.315222,1.981174,0.767700,0,-0.286680,-0.300328,1.981876,0.862300,0,0.767495,-0.377710,1.961149,0.754500,0,-0.421437,-0.488338,1.952353,0.975400,0,0.255566,0.224097,1.933301,0.995700,0,0.035861,0.236901,1.932481,0.996100,0,0,0,0,0,0,0,0,0
716,23.884133,1,0.304556,-0.366576,2.039636,0.999700,0,-0.079553,-0.333889,2.016979,0.999600,0,0.537905,-0.314621,1.981448,0.766600,0,-0.286622,-0.299928,1.982057,0.862500,0,0.767710,-0.377552,1.959124,0.754900,0,-0.422173,-0.488682,1.952982,0.975400,0,0.254558,0.222618,1.931959,0.995600,0,0.035569,0.236205,1.932971,0.996100,0,0,0,0,0,0,0,0,0
717,23.917491,1,0.304019,-0.366201,2.038714,0.999700,0,-0.079911,-0.334649,2.018262,0.999600,0,0.537917,-0.314149,1.982293,0.761000,0,-0.286675,-0.299912,1.982416,0.861300,0,0.767915,-0.377356,1.957354,0.747400,0,-0.423014,-0.489124,1.953870,0.975500,0,0.254161,0.222607,1.930606,0.995600,0,0.035516,0.236965,1.933294,0.996100,0,0,0,0,0,0,0,0,0
718,23.950849,1,0.303881,-0.365713,2.038037,0.999700,0,-0.079890,-0.335043,2.018709,0.999600,0,0.538374,-0.313957,1.983590,0.759800,0,-0.286879,-0.300309,1.982795,0.859500,0,0.768078,-0.377186,1.956141,0.744100,0,-0.423799,-0.489531,1.954739,0.975600,0,0.254573,0.224195,1.929948,0.995700,0,0.035821,0.239093,1.933181,0.996200,0,0,0,0,0,0,0,0,0
719,23.984207,1,0.304282,-0.365163,2.037742,0.999700,0,-0.079488,-0.334974,2.018290,0.999600,0,0.539247,-0.314118,1.985057,0.760200,0,-0.287247,-0.301080,1.982987,0.859700,0,0.768164,-0.377095,1.955657,0.746300,0,-0.424397,-0.489792,1.955355,0.975600,0,0.255827,0.227209,1.930467,0.995600,0,0.036529,0.242210,1.932554,0.996100,0,0,0,0,0,0,0,0,0
720,24.017564,1,0.305251,-0.364635,2.037939,0.999700,0,-0.078785,-0.334482,2.017245,0.999600,0,0.540439,-0.314593,1.986320,0.760400,0,-0.287747,-0.302120,1.982804,0.858400,0,0.768166,-0.377115,1.955924,0.748500,0,-0.424742,-0.489843,1.955589,0.976100,0,0.257747,0.231179,1.932135,0.995500,0,0.037582,0.245753,1.931568,0.996000,0,0,0,0,0,0,0,0,0
721,24.050922,1,0.306680,-0.364224,2.038677,0.999700,0,-0.077936,-0.333726,2.015990,0.999600,0,0.541785,-0.315243,1.987016,0.758000,0,-0.288304,-0.303273,1.982149,0.859300,0,0.768115,-0.377248,1.956820,0.748700,0,-0.424838,-0.489678,1.955424,0.976600,0,0.259976,0.235455,1.934400,0.995400,0,0.038832,0.249139,1.930542,0.995900,0,0,0,0,0,0,0,0,0
722,24.084280,1,0.308353,-0.363999,2.039893,0.999700,0,-0.077138,-0.332924,2.014961,0.999600,0,0.543089,-0.315875,1.986915,0.770300,0,-0.288816,-0.304358,1.981073,0.862000,0,0.768069,-0.377462,1.958103,0.765200,0,-0.424747,-0.489347,1.954923,0.977200,0,0.262084,0.239390,1.936470,0.995400,0,0.040070,0.251934,1.929801,0.995900,0,0,0,0,0,0,0,0,0
723,24.117638,1,0.310004,-0.363966,2.041383,0.999700,0,-0.076583,-0.332272,2.014448,0.999600,0,0.544166,-0.316299,1.985994,0.773700,0,-0.289190,-0.305221,1.979777,0.862300,0,0.768072,-0.377704,1.959443,0.773300,0,-0.424547,-0.488937,1.954199,0.977900,0,0.263714,0.242533,1.937709,0.995300,0,0.041090,0.253962,1.929523,0.995800,0,0,0,0,0,0,0,0,0
724,24.150995,1,0.311400,-0.364060,2.042823,0.999800,0,-0.076399,-0.331878,2.014507,0.999600,0,0.544886,-0.316372,1.984441,0.783100,0,-0.289374,-0.305770,1.978540,0.865800,0,0.768124,-0.377903,1.960486,0.787300,0,-0.424314,-0.488550,1.953390,0.979200,0,0.264691,0.244728,1.937916,0.995300,0,0.041736,0.255305,1.929665,0.995800,0,0,0,0,0,0,0,0,0
725,24.184353,1,0.312397,-0.364167,2.043849,0.999700,0,-0.076619,-0.331746,2.014958,0.999600,0,0.545206,-0.316038,1.982585,0.777100,0,-0.289382,-0.306005,1.977619,0.864400,0,0.768171,-0.377996,1.960921,0.775300,0,-0.424096,-0.488280,1.952630,0.979300,0,0.265067,0.246099,1.937354,0.995400,0,0.041933,0.256207,1.930004,0.995800,0,0,0,0,0,0,0,0,0
726,24.217711,1,0.312960,-0.364175,2.044163,0.999700,0,-0.077163,-0.331798,2.015481,0.999600,0,0.545165,-0.315329,1.980802,0.767400,0,-0.289295,-0.306006,1.977156,0.864100,0,0.768127,-0.377943,1.960583,0.759300,0,-0.423913,-0.488178,1.952010,0.978900,0,0.265065,0.246918,1.936558,0.995400,0,0.041697,0.256930,1.930269,0.995800,0,0,0,0,0,0,0,0,0
727,24.251069,1,0.313138,-0.364014,2.043609,0.999800,0,-0.077879,-0.331917,2.015741,0.999600,0,0.544863,-0.314362,1.979421,0.777000,0,-0.289235,-0.305900,1.977128,0.865500,0,0.767922,-0.377751,1.959535,0.771500,0,-0.423748,-0.488232,1.951535,0.979100,0,0.264986,0.247464,1.936062,0.995300,0,0.041120,0.257654,1.930274,0.995700,0,0,0,0,0,0,0,0,0
728,24.284427,1,0.313017,-0.363672,2.042186,0.999800,0,-0.078588,-0.331996,2.015507,0.999600,0,0.544420,-0.313315,1.978657,0.783700,0,-0.289333,-0.305813,1.977375,0.866600,0,0.767534,-0.377480,1.958096,0.777800,0,-0.423573,-0.488371,1.951117,0.978000,0,0.265088,0.247913,1.936176,0.995200,0,0.040348,0.258428,1.929963,0.995700,0,0,0,0,0,0,0,0,0
729,24.317784,1,0.312685,-0.363185,2.040028,0.999800,0,-0.079145,-0.331973,2.014729,0.999600,0,0.543942,-0.312382,1.978563,0.791000,0,-0.289677,-0.305825,1.977687,0.868000,0,0.767005,-0.377227,1.956776,0.788400,0,-0.423372,-0.488492,1.950625,0.978200,0,0.265504,0.248310,1.936889,0.995200,0,0.039545,0.259197,1.929385,0.995600,0,0,0,0,0,0,0,0,0
730,24.351142,1,0.312213,-0.362617,2.037384,0.999800,0,-0.079476,-0.331841,2.013542,0.999600,0,0.543497,-0.311727,1.979019,0.800000,0,-0.290289,-0.305949,1.977910,0.868200,0,0.766426,-0.377099,1.956122,0.801300,0,-0.423171,-0.488501,1.949972,0.978000,0,0.266208,0.248596,1.937931,0.995100,0,0.038850,0.259839,1.928622,0.995500,0,0,0,0,0,0,0,0,0
731,24.384500,1,0.311656,-0.362053,2.034624,0.999800,0,-0.079584,-0.331641,2.012217,0.999600,0,0.543111,-0.311443,1.979762,0.799500,0,-0.291096,-0.306141,1.978019,0.868400,0,0.765896,-0.377172,1.956519,0.800600,0,-0.423045,-0.488338,1.949171,0.978300,0,0.267045,0.248659,1.938940,0.995200,0,0.038355,0.260218,1.927748,0.995500,0,0,0,0,0,0,0,0,0
732,24.417858,1,0.311074,-0.361579,2.032205,0.999800,0,-0.079529,-0.331436,2.011074,0.999600,0,0.542776,-0.311546,1.980463,0.795000,0,-0.291949,-0.306326,1.978116,0.868500,0,0.765489,-0.377461,1.958037,0.795800,0,-0.423098,-0.487984,1.948323,0.977700,0,0.267793,0.248380,1.939625,0.995200,0,0.038081,0.260218,1.926851,0.995500,0,0,0,0,0,0,0,0,0
733,24.451215,1,0.310545,-0.361277,2.030593,0.999800,0,-0.079398,-0.331290,2.010398,0.999600,0,0.542461,-0.311983,1.980837,0.797000,0,-0.292666,-0.306421,1.978357,0.870900,0,0.765226,-0.377909,1.960370,0.799200,0,-0.423416,-0.487449,1.947552,0.978100,0,0.268247,0.247677,1.939857,0.995200,0,0.037998,0.259771,1.926082,0.995600,0,0,0,0,0,0,0,0,0
734,24.484573,1,0.310158,-0.361200,2.030137,0.999800,0,-0.079270,-0.331252,2.010372,0.999600,0,0.542141,-0.312660,1.980746,0.791800,0,-0.293099,-0.306360,1.978845,0.868100,0,0.765075,-0.378399,1.962918,0.792200,0,-0.424029,-0.486757,1.946925,0.977900,0,0.268286,0.246539,1.939681,0.995200,0,0.038040,0.258886,1.925666,0.995600,0,0,0,0,0,0,0,0,0
735,24.517931,1,0.310002,-0.361362,2.030963,0.999800,0,-0.079196,-0.331339,2.011046,0.999600,0,0.541809,-0.313467,1.980257,0.801000,0,-0.293194,-0.306108,1.979558,0.870900,0,0.764961,-0.378797,1.964976,0.803300,0,-0.424886,-0.485935,1.946434,0.978600,0,0.267903,0.245054,1.939268,0.995400,0,0.038135,0.257665,1.925832,0.995700,0,0,0,0,0,0,0,0,0
736,24.551289,1,0.310126,-0.361729,2.032903,0.999800,0,-0.079195,-0.331541,2.012331,0.999600,0,0.541494,-0.314291,1.979617,0.800300,0,-0.293014,-0.305668,1.980353,0.871800,0,0.764806,-0.378990,1.965972,0.803600,0,-0.425871,-0.485019,1.946042,0.979000,0,0.267208,0.243414,1.938840,0.995400,0,0.038229,0.256292,1.926697,0.995800,0,0,0,0,0,0,0,0,0
737,24.584646,1,0.310511,-0.362218,2.035506,0.999800,0,-0.079258,-0.331821,2.014013,0.999600,0,0.541259,-0.315028,1.979168,0.797000,0,-0.292698,-0.305085,1.981037,0.869800,0,0.764556,-0.378927,1.965645,0.798700,0,-0.426844,-0.484061,1.945741,0.978900,0,0.266387,0.241887,1.938588,0.995300,0,0.038290,0.255007,1.928158,0.995700,0,0,0,0,0,0,0,0,0
738,24.618004,1,0.311054,-0.362713,2.038122,0.999800,0,-0.079355,-0.332127,2.015804,0.999600,0,0.541168,-0.315592,1.979209,0.802200,0,-0.292404,-0.304430,1.981462,0.871000,0,0.764206,-0.378634,1.964125,0.804800,0,-0.427689,-0.483130,1.945586,0.978700,0,0.265642,0.240751,1.938600,0.995300,0,0.038318,0.254049,1.929883,0.995700,0,0,0,0,0,0,0,0,0
739,24.651362,1,0.311598,-0.363088,2.040068,0.999800,0,-0.079456,-0.332403,2.017401,0.999600,0,0.541254,-0.315916,1.979856,0.797200,0,-0.292247,-0.303792,1.981590,0.866700,0,0.763802,-0.378198,1.961864,0.795300,0,-0.428343,-0.482304,1.945661,0.977500,0,0.265128,0.240219,1.938820,0.995300,0,0.038329,0.253605,1.931400,0.995700,0,0,0,0,0,0,0,0,0
740,24.684720,1,0.311978,-0.363241,2.040817,0.999800,0,-0.079534,-0.332603,2.018546,0.999600,0,0.541488,-0.315946,1.980976,0.803900,0,-0.292269,-0.303262,1.981498,0.868000,0,0.763422,-0.377736,1.959470,0.804900,0,-0.428808,-0.481655,1.945996,0.977400,0,0.264912,0.240377,1.939065,0.995300,0,0.038350,0.253763,1.932297,0.995700,0,0,0,0,0,0,0,0,0
741,24.718078,1,0.312078,-0.363120,2.040141,0.999800,0,-0.079575,-0.332699,2.019085,0.999600,0,0.541783,-0.315648,1.982236,0.795800,0,-0.292461,-0.302926,1.981333,0.866300,0,0.763143,-0.377354,1.957490,0.793500,0,-0.429141,-0.481231,1.946504,0.977400,0,0.264962,0.241165,1.939096,0.995300,0,0.038401,0.254498,1.932403,0.995700,0,0,0,0,0,0,0,0,0
742,24.751435,1,0.311861,-0.362733,2.038172,0.999800,0,-0.079576,-0.332684,2.018993,0.999600,0,0.542036,-0.315020,1.983251,0.799900,0,-0.292787,-0.302867,1.981230,0.866100,0,0.763007,-0.377116,1.956249,0.798900,0,-0.429429,-0.481044,1.946969,0.977100,0,0.265170,0.242385,1.938711,0.995200,0,0.038483,0.255677,1.931872,0.995600,0,0,0,0,0,0,0,0,0
743,24.784793,1,0.311365,-0.362157,2.035360,0.999800,0,-0.079546,-0.332574,2.018364,0.999600,0,0.542168,-0.314102,1.983752,0.802300,0,-0.293209,-0.303148,1.981244,0.868600,0,0.762999,-0.377030,1.955797,0.803600,0,-0.429764,-0.481070,1.947125,0.977300,0,0.265389,0.243757,1.937849,0.995200,0,0.038569,0.257089,1.931100,0.995600,0,0,0,0,0,0,0,0,0
744,24.818151,1,0.310677,-0.361521,2.032358,0.999800,0,-0.079496,-0.332400,2.017374,0.999600,0,0.542155,-0.312991,1.983676,0.798700,0,-0.293694,-0.303790,1.981318,0.869300,0,0.763052,-0.377066,1.955973,0.795400,0,-0.430227,-0.481264,1.946784,0.977600,0,0.265485,0.244977,1.936661,0.995300,0,0.038607,0.258474,1.930518,0.995800,0,0,0,0,0,0,0,0,0
745,24.851509,1,0.309907,-0.360984,2.029860,0.999800,0,-0.079439,-0.332195,2.016213,0.999600,0,0.542029,-0.311828,1.983158,0.803400,0,-0.294207,-0.304745,1.981309,0.869100,0,0.763086,-0.377177,1.956533,0.803700,0,-0.430877,-0.481567,1.945931,0.978100,0,0.265387,0.245778,1.935514,0.995300,0,0.038530,0.259561,1.930389,0.995700,0,0,0,0,0,0,0,0,0
746,24.884866,1,0.309168,-0.360702,2.028429,0.999800,0,-0.079385,-0.331987,2.015022,0.999600,0,0.541855,-0.310782,1.982457,0.807300,0,-0.294699,-0.305878,1.981038,0.871500,0,0.763050,-0.377320,1.957274,0.811300,0,-0.431738,-0.481920,1.944733,0.978600,0,0.265103,0.245985,1.934882,0.995200,0,0.038284,0.260117,1.930707,0.995500,0,0,0,0,0,0,0,0,0
747,24.918224,1,0.308562,-0.360798,2.028378,0.999800,0,-0.079337,-0.331792,2.013868,0.999600,0,0.541708,-0.310028,1.981853,0.809500,0,-0.295117,-0.306985,1.980361,0.873000,0,0.762955,-0.377472,1.958072,0.816300,0,-0.432790,-0.482258,1.943459,0.978800,0,0.264718,0.245551,1.935155,0.995200,0,0.037859,0.260010,1.931234,0.995500,0,0,0,0,0,0,0,0,0
748,24.951582,1,0.308168,-0.361330,2.029720,0.999800,0,-0.079294,-0.331619,2.012762,0.999600,0,0.541646,-0.309702,1.981571,0.801900,0,-0.295416,-0.307843,1.979219,0.872800,0,0.762865,-0.377618,1.958857,0.804500,0,-0.433965,-0.482528,1.942365,0.977900,0,0.264355,0.244574,1.936453,0.995100,0,0.037318,0.259267,1.931639,0.995500,0,0,0,0,0,0,0,0,0
749,24.984940,1,0.308032,-0.362271,2.032193,0.999800,0,-0.079256,-0.331470,2.011708,0.999600,0,0.541701,-0.309867,1.981739,0.793300,0,-0.295592,-0.308292,1.977675,0.869600,0,0.762859,-0.377743,1.959550,0.794200,0,-0.435161,-0.482703,1.941611,0.977900,0,0.264129,0.243305,1.938560,0.995000,0,0.036793,0.258102,1.931647,0.995500,0,0,0,0,0,0,0,0,0
750,25.018298,1,0.308159,-0.363503,2.035329,0.999800,0,-0.079221,-0.331349,2.010753,0.999600,0,0.541872,-0.310470,1.982369,0.797700,0,-0.295690,-0.308301,1.975899,0.869100,0,0.762982,-0.377830,1.960043,0.797700,0,-0.436263,-0.482802,1.941228,0.977000,0,0.264110,0.242116,1.940997,0.995200,0,0.036454,0.256876,1.931147,0.995600,0,0,0,0,0,0,0,0,0
751,25.051656,1,0.308518,-0.364841,2.038566,0.999800,0,-0.079195,-0.331264,2.010008,0.999600,0,0.542129,-0.311341,1.983368,0.798300,0,-0.295792,-0.307991,1.974124,0.868200,0,0.763219,-0.377862,1.960228,0.796300,0,-0.437181,-0.482885,1.941131,0.976300,0,0.264301,0.241427,1.943208,0.995100,0,0.036449,0.255999,1.930222,0.995500,0,0,0,0,0,0,0,0,0
752,25.085013,1,0.309056,-0.366067,2.041377,0.999800,0,-0.079181,-0.331221,2.009620,0.999600,0,0.542424,-0.312227,1.984564,0.799100,0,-0.295988,-0.307596,1.972588,0.864600,0,0.763495,-0.377831,1.960050,0.797600,0,-0.437869,-0.483034,1.941166,0.974900,0,0.264642,0.241588,1.944755,0.994900,0,0.036838,0.255802,1.929101,0.995300,0,0,0,0,0,0,0,0,0
753,25.118371,1,0.309713,-0.366993,2.043401,0.999800,0,-0.079185,-0.331218,2.009716,0.999600,0,0.542702,-0.312876,1.985743,0.801000,0,-0.296339,-0.307373,1.971470,0.866800,0,0.763711,-0.377744,1.959523,0.802700,0,-0.438341,-0.483317,1.941181,0.975700,0,0.265043,0.242762,1.945459,0.995000,0,0.037560,0.256430,1.928060,0.995400,0,0,0,0,0,0,0,0,0
754,25.151729,1,0.310432,-0.367499,2.044523,0.999800,0,-0.079209,-0.331248,2.010345,0.999600,0,0.542919,-0.313118,1.986695,0.800400,0,-0.296852,-0.307512,1.970845,0.870000,0,0.763775,-0.377614,1.958720,0.800700,0,-0.438663,-0.483760,1.941094,0.976100,0,0.265423,0.244859,1.945449,0.995100,0,0.038442,0.257792,1.927326,0.995500,0,0,0,0,0,0,0,0,0
755,25.185087,1,0.311159,-0.367553,2.044855,0.999800,0,-0.079251,-0.331295,2.011446,0.999600,0,0.543052,-0.312938,1.987253,0.791300,0,-0.297483,-0.308062,1.970664,0.868200,0,0.763646,-0.377455,1.957746,0.791200,0,-0.438924,-0.484321,1.940916,0.976600,0,0.265741,0.247539,1.945084,0.995000,0,0.039256,0.259598,1.927015,0.995400,0,0,0,0,0,0,0,0,1
756,25.218445,1,0.311836,-0.367203,2.044639,0.999800,0,-0.079305,-0.331351,2.012859,0.999600,0,0.543102,-0.312474,1.987334,0.798900,0,-0.298147,-0.308924,1.970784,0.869500,0,0.763356,-0.377279,1.956734,0.800500,0,-0.439204,-0.484898,1.940729,0.976400,0,0.265999,0.250309,1.944770,0.995000,0,0.039803,0.261441,1.927123,0.995500,0,0,0,0,0,0,0,0,0
757,25.251802,1,0.312409,-0.366553,2.044130,0.999800,0,-0.079363,-0.331416,2.014355,0.999600,0,0.543091,-0.311966,1.986949,0.803500,0,-0.298743,-0.309876,1.971031,0.869800,0,0.763005,-0.377104,1.955846,0.808200,0,-0.439542,-0.485353,1.940625,0.976700,0,0.266214,0.252653,1.944790,0.995100,0,0.039973,0.262895,1.927539,0.995500,0,0,0,0,0,0,0,0,0
758,25.285160,1,0.312837,-0.365737,2.043519,0.999800,0,-0.079414,-0.331496,2.015676,0.999600,0,0.543045,-0.311666,1.986198,0.809600,0,-0.299172,-0.310650,1.971274,0.870800,0,0.762720,-0.376953,1.955264,0.817400,0,-0.439926,-0.485560,1.940658,0.977700,0,0.266392,0.254152,1.945216,0.995100,0,0.039775,0.263614,1.928069,0.995400,0,0,0,0,0,0,0,1,0
759,25.318518,1,0.313100,-0.364894,2.042909,0.999800,0,-0.079450,-0.331595,2.016589,0.999600,0,0.542982,-0.311754,1.985244,0.812100,0,-0.299356,-0.311005,1.971471,0.871300,0,0.762603,-0.376853,1.955138,0.818600,0,-0.440315,-0.485460,1.940839,0.976200,0,0.266516,0.254559,1.945932,0.995100,0,0.039317,0.263391,1.928493,0.995400,0,0,0,0,0,0,0,0,0
760,25.351876,1,0.313199,-0.364139,2.042334,0.999800,0,-0.079466,-0.331708,2.016961,0.999600,0,0.542905,-0.312285,1.984276,0.819700,0,-0.299252,-0.310803,1.971674,0.872000,0,0.762673,-0.376831,1.955520,0.828400,0,-0.440662,-0.485084,1.941150,0.976800,0,0.266547,0.253815,1.946733,0.995100,0,0.038755,0.262198,1.928642,0.995400,0,0,0,0,0,0,0,0,0
761,25.385233,1,0.313143,-0.363542,2.041790,0.999800,0,-0.079462,-0.331820,2.016807,0.999600,0,0.542799,-0.313194,1.983482,0.822100,0,-0.298866,-0.310043,1.971979,0.872600,0,0.762854,-0.376910,1.956326,0.830800,0,-0.440940,-0.484544,1.941567,0.976900,0,0.266443,0.252035,1.947394,0.995100,0,0.038235,0.260206,1.928479,0.995400,0,0,0,0,0,0,0,0,0
762,25.418591,1,0.312935,-0.363118,2.041257,0.999800,0,-0.079445,-0.331918,2.016296,0.999600,0,0.542654,-0.314341,1.983010,0.818000,0,-0.298259,-0.308861,1.972462,0.872000,0,0.763021,-0.377105,1.957350,0.826200,0,-0.441138,-0.483990,1.942060,0.977200,0,0.266172,0.249475,1.947704,0.994900,0,0.037861,0.257752,1.928127,0.995300,0,0,0,0,0,0,0,0,0
763,25.451949,1,0.312565,-0.362841,2.040702,0.999800,0,-0.079423,-0.331992,2.015674,0.999600,0,0.542473,-0.315567,1.982933,0.822200,0,-0.297533,-0.307484,1.973122,0.873900,0,0.763067,-0.377425,1.958339,0.831000,0,-0.441258,-0.483554,1.942591,0.977500,0,0.265724,0.246478,1.947468,0.995000,0,0.037671,0.255257,1.927830,0.995400,0,0,0,0,0,0,0,0,0
764,25.485307,1,0.312015,-0.362665,2.040098,0.999800,0,-0.079403,-0.332040,2.015151,0.999600,0,0.542276,-0.316748,1.983214,0.827000,0,-0.296810,-0.306180,1.973874,0.874200,0,0.762981,-0.377871,1.959078,0.834400,0,-0.441305,-0.483307,1.943113,0.976800,0,0.265100,0.243410,1.946521,0.995100,0,0.037644,0.253100,1.927845,0.995400,0,0,0,0,0,0,0,0,0
765,25.518665,1,0.311275,-0.362562,2.039433,0.999800,0,-0.079387,-0.332058,2.014814,0.999600,0,0.542092,-0.317818,1.983697,0.819300,0,-0.296193,-0.305182,1.974571,0.869800,0,0.762864,-0.378425,1.959459,0.821800,0,-0.441282,-0.483254,1.943581,0.975500,0,0.264286,0.240577,1.944783,0.995200,0,0.037709,0.251481,1.928311,0.995600,0,0,0,0,0,0,0,0,0
766,25.552023,1,0.310358,-0.362533,2.038731,0.999800,0,-0.079374,-0.332044,2.014620,0.999600,0,0.541934,-0.318764,1.984152,0.816300,0,-0.295746,-0.304634,1.975068,0.869900,0,0.762900,-0.379042,1.959491,0.817800,0,-0.441198,-0.483345,1.943962,0.975000,0,0.263242,0.238151,1.942319,0.995200,0,0.037764,0.250355,1.929154,0.995600,0,0,0,0,0,0,0,0,0
767,25.585380,1,0.309310,-0.362617,2.038065,0.999800,0,-0.079359,-0.331995,2.014452,0.999600,0,0.541801,-0.319604,1.984370,0.807300,0,-0.295477,-0.304542,1.975264,0.868900,0,0.763280,-0.379652,1.959265,0.801000,0,-0.441073,-0.483509,1.944240,0.974900,0,0.261908,0.236157,1.939365,0.995300,0,0.037705,0.249471,1.930103,0.995700,0,0,0,0,0,0,0,0,0
768,25.618738,1,0.308210,-0.362866,2.037556,0.999800,0,-0.079341,-0.331918,2.014214,0.999600,0,0.541677,-0.320365,1.984248,0.812200,0,-0.295350,-0.304779,1.975137,0.869200,0,0.764123,-0.380176,1.958894,0.809000,0,-0.440937,-0.483673,1.944405,0.975500,0,0.260248,0.234527,1.936290,0.995300,0,0.037461,0.248518,1.930810,0.995600,0,0,0,0,0,0,0,0,0
769,25.652096,1,0.307173,-0.363319,2.037358,0.999800,0,-0.079325,-0.331831,2.013905,0.999600,0,0.541547,-0.321064,1.983832,0.818000,0,-0.295312,-0.305127,1.974746,0.868100,0,0.765423,-0.380548,1.958463,0.815800,0,-0.440827,-0.483782,1.944442,0.974800,0,0.258313,0.233193,1.933505,0.995300,0,0.037026,0.247302,1.931013,0.995600,0,0,0,0,0,0,0,0,0
770,25.685454,1,0.306329,-0.363972,2.037614,0.999800,0,-0.079317,-0.331761,2.013623,0.999600,0,0.541408,-0.321698,1.983274,0.815000,0,-0.295314,-0.305357,1.974223,0.864600,0,0.767036,-0.380739,1.958020,0.810400,0,-0.440769,-0.483806,1.944325,0.974000,0,0.256278,0.232174,1.931380,0.995300,0,0.036461,0.245858,1.930661,0.995600,0,0,0,0,0,0,0,0,0
771,25.718812,1,0.305803,-0.364768,2.038406,0.999800,0,-0.079328,-0.331737,2.013528,0.999600,0,0.541276,-0.322240,1.982752,0.813200,0,-0.295332,-0.305310,1.973737,0.864300,0,0.768717,-0.380766,1.957583,0.810300,0,-0.440764,-0.483738,1.944027,0.973700,0,0.254441,0.231602,1.930196,0.995200,0,0.035878,0.244454,1.929930,0.995500,0,0,0,0,0,0,0,0,0
772,25.752170,1,0.305678,-0.365608,2.039693,0.999800,0,-0.079362,-0.331778,2.013747,0.999600,0,0.541182,-0.322637,1.982383,0.807100,0,-0.295373,-0.304955,1.973453,0.862400,0,0.770178,-0.380684,1.957153,0.796700,0,-0.440793,-0.483591,1.943541,0.973100,0,0.253162,0.231673,1.930133,0.995300,0,0.035391,0.243497,1.929148,0.995700,0,0,0,0,0,0,0,0,0
773,25.785527,1,0.305971,-0.366378,2.041298,0.999800,0,-0.079412,-0.331881,2.014294,0.999600,0,0.541151,-0.322823,1.982172,0.806400,0,-0.295459,-0.304397,1.973493,0.864500,0,0.771157,-0.380559,1.956733,0.795100,0,-0.440825,-0.483396,1.942909,0.972400,0,0.252751,0.232559,1.931246,0.995300,0,0.035088,0.243385,1.928678,0.995700,0,0,0,0,0,0,0,0,0
774,25.818885,1,0.306619,-0.366983,2.042953,0.999800,0,-0.079462,-0.332019,2.015048,0.999600,0,0.541188,-0.322742,1.982018,0.804300,0,-0.295612,-0.303837,1.973904,0.862400,0,0.771486,-0.380445,1.956325,0.789100,0,-0.440837,-0.483194,1.942229,0.972300,0,0.253359,0.234303,1.933407,0.995400,0,0.035004,0.244367,1.928799,0.995700,0,0,0,0,0,0,0,0,0
775,25.852243,1,0.307503,-0.367380,2.044409,0.999800,0,-0.079489,-0.332151,2.015794,0.999600,0,0.541265,-0.322371,1.981773,0.809000,0,-0.295840,-0.303498,1.974662,0.863400,0,0.771124,-0.380369,1.955943,0.792700,0,-0.440828,-0.483030,1.941645,0.970600,0,0.254897,0.236746,1.936271,0.995500,0,0.035128,0.246433,1.929627,0.995800,0,0,0,0,0,0,0,0,0
776,25.885601,1,0.308479,-0.367589,2.045556,0.999800,0,-0.079471,-0.332241,2.016323,0.999600,0,0.541339,-0.321741,1.981327,0.811600,0,-0.296127,-0.303544,1.975680,0.863200,0,0.770154,-0.380319,1.955601,0.797200,0,-0.440819,-0.482946,1.941311,0.971600,0,0.257045,0.239531,1.939307,0.995400,0,0.035414,0.249285,1.931071,0.995800,0,0,0,0,0,0,0,0,0
777,25.918959,1,0.309419,-0.367682,2.046488,0.999800,0,-0.079402,-0.332270,2.016526,0.999600,0,0.541368,-0.320945,1.980661,0.817400,0,-0.296433,-0.304020,1.976829,0.864300,0,0.768755,-0.380260,1.955322,0.805500,0,-0.440842,-0.482966,1.941340,0.971300,0,0.259340,0.242168,1.941931,0.995400,0,0.035805,0.252394,1.932855,0.995600,0,0,0,0,0,0,0,0,0
778,25.952317,1,0.310236,-0.367761,2.047452,0.999800,0,-0.079302,-0.332245,2.016432,0.999600,0,0.541322,-0.320123,1.979864,0.819700,0,-0.296713,-0.304838,1.977964,0.865700,0,0.767157,-0.380148,1.955138,0.813700,0,-0.440923,-0.483093,1.941777,0.973100,0,0.261313,0.244154,1.943666,0.995300,0,0.036242,0.255134,1.934599,0.995600,0,0,0,0,0,0,0,0,0
779,25.985674,1,0.310872,-0.367911,2.048704,0.999800,0,-0.079214,-0.332192,2.016189,0.999600,0,0.541185,-0.319425,1.979089,0.823800,0,-0.296928,-0.305810,1.978943,0.867800,0,0.765597,-0.379958,1.955095,0.820700,0,-0.441075,-0.483310,1.942588,0.973800,0,0.262617,0.245084,1.944274,0.995400,0,0.036663,0.256937,1.935934,0.995600,0,0,0,0,0,0,0,0,0
780,26.019032,1,0.311284,-0.368167,2.050326,0.999800,0,-0.079201,-0.332150,2.015983,0.999600,0,0.540955,-0.318971,1.978502,0.822700,0,-0.297054,-0.306703,1.979644,0.867300,0,0.764285,-0.379702,1.955236,0.818500,0,-0.441291,-0.483585,1.943679,0.974100,0,0.263101,0.244741,1.943789,0.995400,0,0.037001,0.257423,1.936601,0.995600,0,0,0,0,0,0,0,0,0
781,26.052390,1,0.311416,-0.368496,2.052135,0.999800,0,-0.079330,-0.332150,2.015970,0.999600,0,0.540650,-0.318817,1.978230,0.822700,0,-0.297083,-0.307307,1.979980,0.865900,0,0.763374,-0.379433,1.955562,0.820100,0,-0.441552,-0.483883,1.944926,0.973200,0,0.262821,0.243123,1.942471,0.995300,0,0.037184,0.256477,1.936522,0.995600,0,0,0,0,0,0,0,0,0
782,26.085748,1,0.311206,-0.368816,2.053713,0.999800,0,-0.079646,-0.332211,2.016218,0.999600,0,0.540307,-0.318960,1.978336,0.816200,0,-0.297014,-0.307486,1.979900,0.867900,0,0.762933,-0.379223,1.955989,0.812500,0,-0.441830,-0.484176,1.946203,0.974200,0,0.261987,0.240453,1.940701,0.995300,0,0.037157,0.254268,1.935833,0.995600,0,0,0,0,0,0,0,0,0
783,26.119106,1,0.310611,-0.369023,2.054548,0.999800,0,-0.080154,-0.332337,2.016702,0.999600,0,0.539991,-0.319355,1.978813,0.817800,0,-0.296859,-0.307205,1.979390,0.867400,0,0.762929,-0.379132,1.956335,0.812000,0,-0.442095,-0.484440,1.947386,0.972900,0,0.260890,0.237152,1.938879,0.995400,0,0.036907,0.251217,1.934856,0.995700,0,0,0,0,0,0,0,0,0
784,26.152464,1,0.309642,-0.369038,2.054224,0.999800,0,-0.080805,-0.332520,2.017337,0.999600,0,0.539787,-0.319952,1.979608,0.819700,0,-0.296639,-0.306538,1.978474,0.865900,0,0.763239,-0.379181,1.956376,0.815000,0,-0.442317,-0.484659,1.948357,0.972600,0,0.259815,0.233782,1.937326,0.995400,0,0.036482,0.247905,1.934006,0.995700,0,0,0,0,0,0,0,0,0
785,26.185821,1,0.308386,-0.368843,2.052599,0.999800,0,-0.081510,-0.332750,2.018019,0.999600,0,0.539774,-0.320717,1.980641,0.815800,0,-0.296393,-0.305642,1.977231,0.867600,0,0.763688,-0.379343,1.955961,0.807600,0,-0.442470,-0.484824,1.949015,0.972200,0,0.258968,0.230920,1.936237,0.995500,0,0.035979,0.244920,1.933623,0.995800,0,0,0,0,0,0,0,0,0
786,26.219179,1,0.306996,-0.368500,2.049890,0.999800,0,-0.082163,-0.333029,2.018689,0.999600,0,0.539987,-0.321649,1.981820,0.818000,0,-0.296170,-0.304711,1.975808,0.866200,0,0.764122,-0.379573,1.955103,0.809700,0,-0.442543,-0.484933,1.949302,0.971800,0,0.258441,0.229001,1.935685,0.995500,0,0.035508,0.242696,1.933808,0.995800,0,0,0,0,0,0,0,0,0
787,26.252537,1,0.305657,-0.368143,2.046651,0.999800,0,-0.082678,-0.333370,2.019367,0.999600,0,0.540388,-0.322772,1.983050,0.817200,0,-0.296010,-0.303905,1.974417,0.865300,0,0.764462,-0.379834,1.954019,0.807600,0,-0.442538,-0.484986,1.949215,0.971500,0,0.258212,0.228180,1.935682,0.995600,0,0.035158,0.241401,1.934339,0.995800,0,0,0,0,0,0,0,0,0
788,26.285895,1,0.304536,-0.367936,2.043613,0.999800,0,-0.083016,-0.333800,2.020145,0.999600,0,0.540871,-0.324114,1.984236,0.815600,0,-0.295935,-0.303307,1.973298,0.865000,0,0.764735,-0.380132,1.953057,0.801200,0,-0.442467,-0.484978,1.948803,0.969500,0,0.258179,0.228298,1.936244,0.995600,0,0.034976,0.240936,1.934758,0.995900,0,0,0,0,0,0,0,0,0
789,26.319253,1,0.303739,-0.368006,2.041454,0.999800,0,-0.083185,-0.334332,2.021131,0.999600,0,0.541302,-0.325677,1.985290,0.819200,0,-0.295940,-0.302906,1.972659,0.866100,0,0.765040,-0.380506,1.952554,0.808000,0,-0.442347,-0.484893,1.948158,0.970500,0,0.258222,0.228976,1.937435,0.995600,0,0.034960,0.241040,1.934567,0.995900,0,0,0,0,0,0,0,0,0
790,26.352611,1,0.303304,-0.368381,2.040567,0.999800,0,-0.083231,-0.334937,2.022354,0.999600,0,0.541569,-0.327393,1.986123,0.818100,0,-0.295993,-0.302615,1.972605,0.864800,0,0.765479,-0.380997,1.952700,0.801600,0,-0.442197,-0.484708,1.947404,0.969700,0,0.258252,0.229791,1.939319,0.995600,0,0.035071,0.241440,1.933449,0.995900,0,0,0,0,0,0,0,0,0
791,26.385968,1,0.303203,-0.368954,2.040912,0.999800,0,-0.083207,-0.335534,2.023693,0.999600,0,0.541627,-0.329108,1.986644,0.817100,0,-0.296041,-0.302331,1.973112,0.864700,0,0.766084,-0.381608,1.953467,0.799300,0,-0.442036,-0.484400,1.946680,0.969900,0,0.258238,0.230447,1.941844,0.995700,0,0.035242,0.241956,1.931401,0.996000,0,0,0,0,0,0,0,0,0
792,26.419326,1,0.303355,-0.369506,2.042024,0.999800,0,-0.083160,-0.336003,2.024888,0.999600,0,0.541497,-0.330588,1.986777,0.816000,0,-0.296020,-0.301974,1.974051,0.867500,0,0.766770,-0.382286,1.954648,0.795600,0,-0.441877,-0.483957,1.946108,0.970400,0,0.258199,0.230850,1.944708,0.995800,0,0.035390,0.242530,1.928752,0.996100,0,0,0,0,0,0,0,0,0
793,26.452684,1,0.303642,-0.369793,2.043188,0.999800,0,-0.083115,-0.336238,2.025640,0.999600,0,0.541235,-0.331559,1.986494,0.818500,0,-0.295871,-0.301526,1.975243,0.870800,0,0.767342,-0.382931,1.955953,0.794400,0,-0.441730,-0.483394,1.945753,0.971200,0,0.258175,0.231079,1.947366,0.995800,0,0.035429,0.243175,1.926094,0.996100,0,0,0,0,0,0,0,0,0
794,26.486042,1,0.303925,-0.369645,2.043724,0.999800,0,-0.083080,-0.336192,2.025750,0.999600,0,0.540891,-0.331761,1.985865,0.813300,0,-0.295564,-0.301029,1.976526,0.868400,0,0.767549,-0.383440,1.957124,0.789800,0,-0.441601,-0.482752,1.945596,0.970100,0,0.258205,0.231294,1.949227,0.995600,0,0.035286,0.243895,1.924114,0.996000,0,0,0,0,0,0,0,0,0
795,26.519400,1,0.304074,-0.369041,2.043259,0.999800,0,-0.083056,-0.335896,2.025220,0.999600,0,0.540496,-0.331025,1.985077,0.812000,0,-0.295114,-0.300558,1.977765,0.866400,0,0.767172,-0.383747,1.958013,0.790500,0,-0.441504,-0.482095,1.945557,0.970400,0,0.258304,0.231630,1.949931,0.995600,0,0.034917,0.244632,1.923391,0.996000,0,0,0,0,0,0,0,0,0
796,26.552757,1,0.304001,-0.368124,2.041853,0.999800,0,-0.083036,-0.335439,2.024257,0.999600,0,0.540063,-0.329339,1.984399,0.818000,0,-0.294594,-0.300179,1.978844,0.865800,0,0.766115,-0.383848,1.958595,0.799100,0,-0.441470,-0.481499,1.945539,0.970800,0,0.258461,0.232119,1.949518,0.995600,0,0.034334,0.245268,1.924195,0.995900,0,0,0,0,0,0,0,0,0
797,26.586115,1,0.303689,-0.367142,2.039926,0.999800,0,-0.083021,-0.334935,2.023183,0.999600,0,0.539620,-0.326897,1.984090,0.820200,0,-0.294120,-0.299929,1.979639,0.865300,0,0.764472,-0.383798,1.958931,0.799700,0,-0.441548,-0.481027,1.945473,0.970100,0,0.258631,0.232667,1.948323,0.995700,0,0.033613,0.245675,1.926398,0.995900,0,0,0,0,0,0,0,0,0
798,26.619473,1,0.303193,-0.366345,2.038049,0.999800,0,-0.083010,-0.334483,2.022310,0.999600,0,0.539231,-0.324095,1.984287,0.817700,0,-0.293817,-0.299800,1.980032,0.862600,0,0.762522,-0.383676,1.959088,0.796900,0,-0.441780,-0.480705,1.945315,0.969700,0,0.258740,0.233093,1.946726,0.995700,0,0.032890,0.245782,1.929526,0.996000,0,0,0,0,0,0,0,0,0
799,26.652831,1,0.302624,-0.365894,2.036710,0.999800,0,-0.083005,-0.334149,2.021813,0.999600,0,0.538992,-0.321452,1.984928,0.810500,0,-0.293783,-0.299764,1.979938,0.863000,0,0.760649,-0.383549,1.959085,0.793400,0,-0.442180,-0.480512,1.945029,0.970100,0,0.258704,0.233215,1.944934,0.995700,0,0.032330,0.245630,1.932927,0.996000,0,0,0,0,0,0,0,0,0
800,26.686189,1,0.302113,-0.365817,2.036169,0.999800,0,-0.083003,-0.333948,2.021679,0.999600,0,0.538996,-0.319476,1.985757,0.810700,0,-0.294049,-0.299787,1.979327,0.861900,0,0.759217,-0.383450,1.958884,0.790500,0,-0.442712,-0.480389,1.944576,0.967900,0,0.258468,0.232957,1.942949,0.995700,0,0.032083,0.245371,1.935961,0.996000,0,0,0,0,0,0,0,0,0
801,26.719547,1,0.301778,-0.366018,2.036429,0.999800,0,-0.083001,-0.333849,2.021738,0.999600,0,0.539286,-0.318511,1.986407,0.814100,0,-0.294574,-0.299849,1.978245,0.860700,0,0.758446,-0.383372,1.958433,0.795500,0,-0.443294,-0.480268,1.943930,0.968300,0,0.258038,0.232407,1.940696,0.995700,0,0.032228,0.245218,1.938142,0.996000,0,0,0,0,0,0,0,0,0
802,26.752904,1,0.301694,-0.366332,2.037289,0.999800,0,-0.082993,-0.333788,2.021754,0.999600,0,0.539826,-0.318644,1.986520,0.815500,0,-0.295258,-0.299944,1.976826,0.857400,0,0.758354,-0.383287,1.957724,0.798300,0,-0.443817,-0.480108,1.943112,0.967700,0,0.257500,0.231802,1.938184,0.995700,0,0.032739,0.245363,1.939211,0.996000,0,0,0,0,0,0,0,0,0
803,26.786262,1,0.301883,-0.366596,2.038430,0.999800,0,-0.082975,-0.333692,2.021528,0.999600,0,0.540496,-0.319691,1.985874,0.814000,0,-0.295980,-0.300075,1.975284,0.858200,0,0.758786,-0.383174,1.956818,0.798000,0,-0.444182,-0.479912,1.942215,0.968200,0,0.256988,0.231439,1.935588,0.995800,0,0.033482,0.245885,1.939132,0.996000,0,0,0,0,0,0,0,0,0
804,26.819620,1,0.302307,-0.366711,2.039505,0.999800,0,-0.082946,-0.333510,2.020954,0.999600,0,0.541128,-0.321267,1.984474,0.803700,0,-0.296626,-0.300246,1.973880,0.859800,0,0.759499,-0.383025,1.955836,0.782600,0,-0.444319,-0.479728,1.941384,0.967400,0,0.256624,0.231540,1.933218,0.995700,0,0.034240,0.246696,1.938059,0.996000,0,0,0,0,0,0,0,0,0
805,26.852978,1,0.302870,-0.366677,2.040226,0.999800,0,-0.082907,-0.333235,2.020045,0.999600,0,0.541562,-0.322901,1.982589,0.806000,0,-0.297117,-0.300452,1.972853,0.860900,0,0.760260,-0.382843,1.954926,0.787500,0,-0.444197,-0.479625,1.940767,0.968300,0,0.256461,0.232147,1.931415,0.995700,0,0.034778,0.247554,1.936288,0.996100,0,0,0,0,0,0,0,0,0
806,26.886336,1,0.303444,-0.366584,2.040468,0.999800,0,-0.082861,-0.332897,2.018901,0.999600,0,0.541690,-0.324157,1.980706,0.803400,0,-0.297405,-0.300675,1.972344,0.859000,0,0.760919,-0.382633,1.954228,0.783200,0,-0.443823,-0.479662,1.940451,0.968600,0,0.256446,0.233074,1.930415,0.995700,0,0.034913,0.248136,1.934207,0.996000,0,0,0,0,0,0,0,0,0
807,26.919694,1,0.303895,-0.366576,2.040318,0.999800,0,-0.082812,-0.332549,2.017669,0.999600,0,0.541486,-0.324747,1.979393,0.804400,0,-0.297475,-0.300889,1.972348,0.858100,0,0.761441,-0.382400,1.953852,0.784600,0,-0.443236,-0.479861,1.940436,0.967700,0,0.256450,0.233955,1.930269,0.995700,0,0.034577,0.248155,1.932246,0.996000,0,0,0,0,0,0,0,0,0
808,26.953052,1,0.304128,-0.366783,2.040040,0.999800,0,-0.082767,-0.332246,2.016494,0.999600,0,0.540997,-0.324594,1.979097,0.808800,0,-0.297339,-0.301059,1.972725,0.856900,0,0.761882,-0.382158,1.953870,0.790400,0,-0.442516,-0.480196,1.940647,0.966800,0,0.256331,0.234376,1.930847,0.995700,0,0.033842,0.247468,1.930824,0.995900,0,0,0,0,0,0,0,0,0
809,26.986409,1,0.304127,-0.367259,2.039967,0.999800,0,-0.082727,-0.332025,2.015487,0.999600,0,0.540323,-0.323835,1.979967,0.806400,0,-0.297027,-0.301150,1.973250,0.855100,0,0.762343,-0.381932,1.954293,0.786800,0,-0.441772,-0.480605,1.940975,0.966500,0,0.256018,0.234039,1.931912,0.995600,0,0.032902,0.246140,1.930255,0.995900,0,0,0,0,0,0,0,0,0
810,27.019767,1,0.303973,-0.367941,2.040344,0.999800,0,-0.082697,-0.331902,2.014733,0.999600,0,0.539596,-0.322759,1.981769,0.808200,0,-0.296586,-0.301143,1.973686,0.855100,0,0.762904,-0.381756,1.955058,0.791500,0,-0.441138,-0.481019,1.941331,0.967400,0,0.255562,0.232909,1.933193,0.995600,0,0.032009,0.244453,1.930631,0.995900,0,0,0,0,0,0,0,0,0
811,27.053125,1,0.303833,-0.368661,2.041207,0.999800,0,-0.082679,-0.331874,2.014297,0.999600,0,0.538958,-0.321692,1.983959,0.810500,0,-0.296077,-0.301050,1.973832,0.857200,0,0.763581,-0.381650,1.956020,0.792600,0,-0.440739,-0.481385,1.941670,0.967200,0,0.255137,0.231258,1.934422,0.995600,0,0.031398,0.242826,1.931742,0.995900,0,0,0,0,0,0,0,0,0
812,27.086483,1,0.303903,-0.369202,2.042353,0.999800,0,-0.082676,-0.331925,2.014234,0.999600,0,0.538537,-0.320893,1.985868,0.811800,0,-0.295577,-0.300922,1.973566,0.859400,0,0.764315,-0.381614,1.956967,0.793600,0,-0.440663,-0.481686,1.941993,0.966000,0,0.254982,0.229590,1.935371,0.995500,0,0.031212,0.241699,1.933103,0.995800,0,0,0,0,0,0,0,0,0
813,27.119841,1,0.304344,-0.369380,2.043418,0.999800,0,-0.082689,-0.332027,2.014572,0.999600,0,0.538425,-0.320476,1.986920,0.807300,0,-0.295164,-0.300834,1.972854,0.859900,0,0.764999,-0.381620,1.957667,0.789100,0,-0.440939,-0.481934,1.942323,0.967100,0,0.255333,0.228468,1.935907,0.995500,0,0.031473,0.241405,1.934110,0.995900,0,0,0,0,0,0,0,0,0
814,27.153198,1,0.305222,-0.369128,2.044035,0.999800,0,-0.082718,-0.332145,2.015279,0.999600,0,0.538645,-0.320418,1.986813,0.808000,0,-0.294906,-0.300864,1.971751,0.858600,0,0.765529,-0.381646,1.957946,0.789100,0,-0.441522,-0.482156,1.942684,0.966500,0,0.256336,0.228342,1.936072,0.995500,0,0.032091,0.242084,1.934260,0.995900,0,0,0,0,0,0,0,0,0
815,27.186556,1,0.306485,-0.368525,2.043997,0.999800,0,-0.082757,-0.332238,2.016239,0.999600,0,0.539156,-0.320603,1.985602,0.808500,0,-0.294845,-0.301073,1.970378,0.858500,0,0.765849,-0.381702,1.957771,0.791500,0,-0.442306,-0.482376,1.943084,0.966700,0,0.258002,0.229427,1.936094,0.995500,0,0.032906,0.243676,1.933345,0.995900,0,0,0,0,0,0,0,0,0
816,27.219914,1,0.307974,-0.367766,2.043336,0.999800,0,-0.082798,-0.332270,2.017251,0.999600,0,0.539861,-0.320903,1.983657,0.808400,0,-0.294977,-0.301488,1.968890,0.857700,0,0.765967,-0.381828,1.957284,0.791000,0,-0.443147,-0.482612,1.943494,0.966800,0,0.260172,0.231659,1.936276,0.995500,0,0.033747,0.245965,1.931519,0.995800,0,0,0,0,0,0,0,0,0
817,27.253272,1,0.309467,-0.367091,2.042301,0.999800,0,-0.082832,-0.332220,2.018059,0.999600,0,0.540637,-0.321220,1.981526,0.812300,0,-0.295249,-0.302097,1.967451,0.858000,0,0.765939,-0.382073,1.956758,0.799800,0,-0.443893,-0.482861,1.943839,0.967800,0,0.262545,0.234724,1.936813,0.995400,0,0.034474,0.248643,1.929237,0.995700,0,0,0,0,0,0,0,0,0
818,27.286630,1,0.310730,-0.366689,2.041239,0.999800,0,-0.082847,-0.332091,2.018431,0.999600,0,0.541370,-0.321508,1.979741,0.816500,0,-0.295571,-0.302849,1.966214,0.859100,0,0.765825,-0.382455,1.956468,0.808400,0,-0.444422,-0.483100,1.944004,0.968400,0,0.264739,0.238130,1.937654,0.995200,0,0.035016,0.251367,1.927068,0.995400,0,0,0,0,0,0,0,0,0
819,27.319988,1,0.311586,-0.366644,2.040459,0.999800,0,-0.082840,-0.331916,2.018245,0.999600,0,0.541971,-0.321768,1.978649,0.819500,0,-0.295840,-0.303658,1.965307,0.859500,0,0.765659,-0.382933,1.956557,0.812800,0,-0.444672,-0.483282,1.943868,0.969100,0,0.266402,0.241330,1.938522,0.995200,0,0.035361,0.253812,1.925491,0.995400,0,0,0,0,0,0,0,0,1
820,27.353345,1,0.311949,-0.366901,2.040118,0.999800,0,-0.082812,-0.331747,2.017554,0.999600,0,0.542393,-0.322030,1.978332,0.822700,0,-0.295976,-0.304413,1.964805,0.861300,0,0.765441,-0.383416,1.956952,0.818000,0,-0.444654,-0.483364,1.943379,0.969800,0,0.267313,0.243845,1.939092,0.995100,0,0.035537,0.255709,1.924738,0.995300,0,0,0,0,0,0,0,0,0
821,27.386703,1,0.311839,-0.367302,2.040165,0.999800,0,-0.082772,-0.331638,2.016582,0.999600,0,0.542626,-0.322325,1.978634,0.828700,0,-0.295950,-0.305008,1.964708,0.863400,0,0.765142,-0.383793,1.957393,0.826400,0,-0.444446,-0.483326,1.942614,0.970800,0,0.267434,0.245365,1.939210,0.995100,0,0.035576,0.256870,1.924758,0.995400,0,0,0,0,0,0,0,0,0
822,27.420061,1,0.311346,-0.367643,2.040378,0.999800,0,-0.082733,-0.331621,2.015637,0.999600,0,0.542671,-0.322662,1.979265,0.826300,0,-0.295786,-0.305358,1.964935,0.860700,0,0.764731,-0.383973,1.957547,0.823000,0,-0.444167,-0.483183,1.941774,0.971100,0,0.266888,0.245789,1.939032,0.995100,0,0.035487,0.257191,1.925300,0.995400,0,0,0,0,0,0,0,0,0
823,27.453418,1,0.310584,-0.367759,2.040458,0.999800,0,-0.082706,-0.331697,2.014977,0.999600,0,0.542520,-0.323013,1.979941,0.821900,0,-0.295545,-0.305415,1.965353,0.857900,0,0.764202,-0.383922,1.957177,0.816800,0,-0.443933,-0.482983,1.941109,0.971000,0,0.265897,0.245190,1.938979,0.995100,0,0.035252,0.256654,1.926050,0.995400,0,0,0,0,0,0,0,0,0
824,27.486776,1,0.309650,-0.367578,2.040156,0.999800,0,-0.082695,-0.331833,2.014710,0.999600,0,0.542143,-0.323323,1.980475,0.824800,0,-0.295286,-0.305165,1.965814,0.859000,0,0.763594,-0.383675,1.956260,0.821300,0,-0.443819,-0.482780,1.940807,0.971700,0,0.264695,0.243747,1.939523,0.995200,0,0.034842,0.255331,1.926760,0.995400,0,0,0,0,0,0,0,0,0
825,27.520134,1,0.308619,-0.367140,2.039371,0.999800,0,-0.082697,-0.331978,2.014769,0.999600,0,0.541518,-0.323533,1.980817,0.827600,0,-0.295047,-0.304626,1.966202,0.860200,0,0.762996,-0.383323,1.955001,0.825200,0,-0.443837,-0.482618,1.940914,0.971700,0,0.263478,0.241683,1.940896,0.995100,0,0.034257,0.253395,1.927317,0.995300,0,0,0,0,0,0,0,0,0
826,27.553491,1,0.307565,-0.366568,2.038194,0.999800,0,-0.082705,-0.332086,2.014971,0.999600,0,0.540680,-0.323608,1.981004,0.829900,0,-0.294836,-0.303851,1.966452,0.857300,0,0.762524,-0.382983,1.953726,0.825600,0,-0.443942,-0.482523,1.941324,0.970300,0,0.262375,0.239237,1.942872,0.995200,0,0.033549,0.251132,1.927730,0.995400,0,0,0,0,0,0,0,0,0
827,27.586849,1,0.306589,-0.366013,2.036882,0.999800,0,-0.082711,-0.332127,2.015115,0.999600,0,0.539762,-0.323561,1.981078,0.829600,0,-0.294644,-0.302928,1.966554,0.859000,0,0.762277,-0.382751,1.952719,0.826100,0,-0.444057,-0.482504,1.941835,0.970700,0,0.261461,0.236680,1.944771,0.995300,0,0.032836,0.248910,1.928050,0.995500,0,0,0,0,0,0,0,0,0
828,27.620207,1,0.305838,-0.365598,2.035762,0.999800,0,-0.082708,-0.332095,2.015049,0.999600,0,0.539002,-0.323446,1.981012,0.825200,0,-0.294462,-0.301984,1.966552,0.859300,0,0.762305,-0.382670,1.952107,0.820200,0,-0.444113,-0.482551,1.942239,0.970200,0,0.260778,0.234309,1.945696,0.995300,0,0.032271,0.247103,1.928290,0.995500,0,0,0,0,0,0,0,0,1
829,27.653564,1,0.305476,-0.365384,2.035107,0.999800,0,-0.082694,-0.332000,2.014702,0.999600,0,0.538688,-0.323337,1.980701,0.820700,0,-0.294291,-0.301167,1.966524,0.862200,0,0.762580,-0.382722,1.951825,0.815100,0,-0.444078,-0.482642,1.942395,0.970600,0,0.260351,0.232422,1.944924,0.995300,0,0.032001,0.245999,1.928373,0.995600,0,0,0,0,0,0,0,0,0
830,27.686922,1,0.305628,-0.365353,2.035029,0.999800,0,-0.082669,-0.331864,2.014099,0.999600,0,0.539075,-0.323297,1.980021,0.815500,0,-0.294151,-0.300615,1.966561,0.862100,0,0.763011,-0.382837,1.951694,0.805700,0,-0.443973,-0.482746,1.942275,0.969300,0,0.260203,0.231263,1.942271,0.995300,0,0.032111,0.245712,1.928171,0.995600,0,0,0,0,0,0,0,0,0
831,27.720280,1,0.306324,-0.365438,2.035441,0.999800,0,-0.082639,-0.331719,2.013359,0.999600,0,0.540285,-0.323349,1.978916,0.817500,0,-0.294085,-0.300415,1.966735,0.863200,0,0.763471,-0.382918,1.951532,0.809800,0,-0.443876,-0.482838,1.941972,0.970300,0,0.260349,0.230947,1.938256,0.995400,0,0.032582,0.246156,1.927578,0.995600,0,0,0,0,0,0,0,0,0
832,27.753637,1,0.307467,-0.365551,2.036116,0.999800,0,-0.082611,-0.331599,2.012686,0.999600,0,0.542244,-0.323466,1.977465,0.818700,0,-0.294146,-0.300586,1.967071,0.864700,0,0.763852,-0.382871,1.951249,0.812500,0,-0.443894,-0.482912,1.941659,0.970900,0,0.260780,0.231410,1.933961,0.995100,0,0.033289,0.247067,1.926599,0.995400,0,0,0,0,0,0,0,0,0
833,27.786995,1,0.308844,-0.365633,2.036790,0.999800,0,-0.082596,-0.331542,2.012313,0.999600,0,0.544673,-0.323580,1.975887,0.823900,0,-0.294383,-0.301074,1.967526,0.865500,0,0.764101,-0.382633,1.950881,0.818000,0,-0.444129,-0.482985,1.941530,0.971300,0,0.261435,0.232401,1.930625,0.995100,0,0.034028,0.248084,1.925389,0.995400,0,0,0,0,0,0,0,0,0
834,27.820353,1,0.310169,-0.365678,2.037271,0.999800,0,-0.082601,-0.331574,2.012442,0.999600,0,0.547148,-0.323624,1.974487,0.827100,0,-0.294816,-0.301767,1.968013,0.864000,0,0.764232,-0.382187,1.950548,0.823800,0,-0.444643,-0.483091,1.941746,0.971200,0,0.262184,0.233525,1.929158,0.995000,0,0.034576,0.248843,1.924225,0.995200,0,0,0,0,0,0,0,0,0
835,27.853710,1,0.311156,-0.365737,2.037503,0.999800,0,-0.082632,-0.331708,2.013188,0.999600,0,0.549207,-0.323569,1.973575,0.831300,0,-0.295418,-0.302519,1.968432,0.863400,0,0.764313,-0.381584,1.950400,0.830200,0,-0.445427,-0.483273,1.942394,0.971300,0,0.262838,0.234351,1.929824,0.994800,0,0.034770,0.249081,1.923411,0.994900,0,0,0,0,0,0,0,0,0
836,27.887068,1,0.311593,-0.365900,2.037574,0.999800,0,-0.082689,-0.331941,2.014551,0.999600,0,0.550466,-0.323457,1.973375,0.831800,0,-0.296111,-0.303175,1.968716,0.859600,0,0.764435,-0.380936,1.950559,0.833500,0,-0.446399,-0.483560,1.943471,0.971200,0,0.263205,0.234552,1.932208,0.994700,0,0.034567,0.248720,1.923161,0.994800,0,0,0,0,0,0,0,0,0
837,27.920426,1,0.311402,-0.366247,2.037655,0.999800,0,-0.082766,-0.332253,2.016422,0.999600,0,0.550727,-0.323387,1.973968,0.830900,0,-0.296774,-0.303601,1.968855,0.856700,0,0.764669,-0.380395,1.951079,0.834000,0,-0.447420,-0.483951,1.944879,0.969900,0,0.263167,0.234051,1.935470,0.994700,0,0.034075,0.247912,1.923520,0.994800,0,0,0,0,0,0,0,0,0
838,27.953783,1,0.310661,-0.366808,2.037906,0.999800,0,-0.082854,-0.332609,2.018588,0.999600,0,0.550010,-0.323456,1.975263,0.834400,0,-0.297278,-0.303722,1.968893,0.857900,0,0.765034,-0.380111,1.951920,0.836400,0,-0.448328,-0.484401,1.946440,0.969900,0,0.262746,0.233099,1.938724,0.994800,0,0.033529,0.247029,1.924367,0.994900,0,0,0,0,0,0,0,0,0
839,27.987141,1,0.309586,-0.367530,2.038384,0.999800,0,-0.082943,-0.332963,2.020748,0.999600,0,0.548531,-0.323696,1.977012,0.831900,0,-0.297527,-0.303539,1.968896,0.854900,0,0.765472,-0.380171,1.952950,0.832000,0,-0.448972,-0.484825,1.947926,0.969500,0,0.262115,0.232230,1.941368,0.994900,0,0.033225,0.246569,1.925498,0.995000,0,0,0,0,0,0,0,0,0
840,28.020499,1,0.308462,-0.368287,2.039022,0.999800,0,-0.083016,-0.333256,2.022550,0.999600,0,0.546630,-0.324032,1.978860,0.824900,0,-0.297485,-0.303129,1.968921,0.855900,0,0.765863,-0.380566,1.953974,0.820100,0,-0.449248,-0.485114,1.949116,0.969400,0,0.261552,0.232098,1.943205,0.995000,0,0.033416,0.247005,1.926729,0.995100,0,0,0,0,0,0,0,0,0
841,28.053856,1,0.307570,-0.368925,2.039682,0.999800,0,-0.083061,-0.333437,2.023668,0.999600,0,0.544666,-0.324310,1.980432,0.817900,0,-0.297188,-0.302619,1.968998,0.858400,0,0.766063,-0.381190,1.954797,0.810000,0,-0.449119,-0.485166,1.949852,0.970000,0,0.261339,0.233223,1.944351,0.995000,0,0.034220,0.248621,1.927956,0.995200,0,0,0,0,0,0,0,0,0
842,28.087214,1,0.307094,-0.369324,2.040223,0.999800,0,-0.083069,-0.333472,2.023889,0.999600,0,0.542933,-0.324358,1.981434,0.816800,0,-0.296722,-0.302138,1.969130,0.858400,0,0.765957,-0.381875,1.955294,0.810000,0,-0.448625,-0.484923,1.950083,0.969700,0,0.261655,0.235764,1.945021,0.995000,0,0.035567,0.251384,1.929127,0.995100,0,0,0,0,0,0,0,0,0
843,28.120572,1,0.307080,-0.369437,2.040536,0.999800,0,-0.083041,-0.333358,2.023196,0.999600,0,0.541609,-0.324063,1.981753,0.808400,0,-0.296196,-0.301779,1.969312,0.854500,0,0.765511,-0.382456,1.955445,0.799700,0,-0.447883,-0.484398,1.949893,0.969700,0,0.262516,0.239428,1.945342,0.994700,0,0.037219,0.254932,1.930179,0.995000,0,0,0,0,0,0,0,0,0
844,28.153929,1,0.307428,-0.369300,2.040541,0.999800,0,-0.082984,-0.333127,2.021788,0.999600,0,0.540752,-0.323427,1.981484,0.812300,0,-0.295706,-0.301586,1.969545,0.857600,0,0.764791,-0.382828,1.955320,0.805600,0,-0.447061,-0.483691,1.949488,0.970900,0,0.263778,0.243558,1.945272,0.994800,0,0.038852,0.258684,1.931009,0.995000,0,0,0,0,0,0,0,0,0
845,28.187287,1,0.307949,-0.369005,2.040184,0.999800,0,-0.082914,-0.332840,2.020045,0.999600,0,0.540335,-0.322583,1.980888,0.815000,0,-0.295317,-0.301550,1.969833,0.859100,0,0.763939,-0.382970,1.955029,0.812400,0,-0.446340,-0.482962,1.949149,0.971900,0,0.265194,0.247364,1.944626,0.994800,0,0.040166,0.262013,1.931524,0.995100,0,0,0,0,0,0,0,0,0
846,28.220645,1,0.308448,-0.368669,2.039477,0.999800,0,-0.082851,-0.332576,2.018435,0.999600,0,0.540295,-0.321759,1.980273,0.817900,0,-0.295061,-0.301636,1.970180,0.860100,0,0.763133,-0.382934,1.954658,0.817800,0,-0.445862,-0.482384,1.949141,0.972800,0,0.266502,0.250176,1.943188,0.994800,0,0.040970,0.264422,1.931714,0.995100,0,0,0,0,0,0,0,0,0
847,28.254002,1,0.308797,-0.368404,2.038541,0.999800,0,-0.082811,-0.332403,2.017384,0.999600,0,0.540568,-0.321200,1.979867,0.820100,0,-0.294937,-0.301796,1.970580,0.861500,0,0.762527,-0.382811,1.954238,0.821000,0,-0.445694,-0.482078,1.949619,0.973100,0,0.267495,0.251627,1.940832,0.994800,0,0.041220,0.265653,1.931692,0.995100,0,0,0,0,0,0,0,0,0
848,28.287360,1,0.308973,-0.368292,2.037619,0.999800,0,-0.082803,-0.332365,2.017149,0.999600,0,0.541095,-0.321081,1.979736,0.819200,0,-0.294928,-0.301993,1.971018,0.860700,0,0.762209,-0.382676,1.953743,0.827300,0,-0.445816,-0.482074,1.950577,0.974400,0,0.268059,0.251708,1.937630,0.994800,0,0.041003,0.265704,1.931652,0.995100,0,0,0,0,0,0,0,0,0
849,28.320718,1,0.309035,-0.368372,2.037022,0.999800,0,-0.082826,-0.332463,2.017743,0.999600,0,0.541808,-0.321436,1.979769,0.819900,0,-0.295002,-0.302197,1.971473,0.862000,0,0.762183,-0.382568,1.953126,0.827100,0,-0.446140,-0.482303,1.951859,0.974700,0,0.268179,0.250701,1.933931,0.994900,0,0.040490,0.264760,1.931762,0.995200,0,0,0,0,0,0,0,0,0
850,28.354075,1,0.309074,-0.368636,2.037025,0.999800,0,-0.082869,-0.332661,2.018948,0.999600,0,0.542607,-0.322152,1.979747,0.825900,0,-0.295121,-0.302379,1.971911,0.862300,0,0.762381,-0.382489,1.952372,0.832400,0,-0.446548,-0.482631,1.953238,0.974500,0,0.267916,0.249035,1.930406,0.994800,0,0.039867,0.263085,1.932062,0.995100,0,0,0,0,0,0,0,0,0
851,28.387433,1,0.309157,-0.369034,2.037742,0.999800,0,-0.082919,-0.332902,2.020412,0.999600,0,0.543358,-0.323014,1.979454,0.830600,0,-0.295247,-0.302507,1.972290,0.861700,0,0.762689,-0.382420,1.951528,0.836600,0,-0.446935,-0.482909,1.954495,0.973900,0,0.267383,0.247123,1.927967,0.994900,0,0.039278,0.260913,1.932417,0.995100,0,0,0,0,0,0,0,0,0
852,28.420791,1,0.309277,-0.369486,2.039050,0.999800,0,-0.082965,-0.333127,2.021782,0.999600,0,0.543905,-0.323797,1.978784,0.826600,0,-0.295344,-0.302537,1.972573,0.858500,0,0.762986,-0.382347,1.950697,0.832800,0,-0.447232,-0.483021,1.955481,0.973900,0,0.266697,0.245243,1.927530,0.994700,0,0.038787,0.258389,1.932566,0.994900,0,0,0,0,0,0,0,0,0
853,28.454149,1,0.309358,-0.369899,2.040593,0.999800,0,-0.083000,-0.333297,2.022810,0.999600,0,0.544117,-0.324355,1.977782,0.828900,0,-0.295386,-0.302427,1.972738,0.858100,0,0.763174,-0.382272,1.949990,0.835100,0,-0.447409,-0.482911,1.956124,0.973700,0,0.265951,0.243493,1.929655,0.994700,0,0.038376,0.255602,1.932256,0.994900,0,0,0,0,0,0,0,0,0
854,28.487507,1,0.309288,-0.370191,2.041892,0.999800,0,-0.083026,-0.333394,2.023398,0.999600,0,0.543924,-0.324658,1.976633,0.827500,0,-0.295358,-0.302148,1.972797,0.859900,0,0.763213,-0.382215,1.949494,0.830200,0,-0.447469,-0.482587,1.956419,0.974100,0,0.265200,0.241852,1.934232,0.994700,0,0.037977,0.252680,1.931392,0.995000,0,0,0,0,0,0,0,0,0
855,28.520865,1,0.308978,-0.370308,2.042507,0.999800,0,-0.083049,-0.333423,2.023575,0.999600,0,0.543349,-0.324777,1.975583,0.826600,0,-0.295265,-0.301712,1.972782,0.857200,0,0.763139,-0.382203,1.949255,0.832000,0,-0.447433,-0.482107,1.956404,0.974600,0,0.264476,0.240293,1.940371,0.994700,0,0.037536,0.249896,1.930117,0.995000,0,0,0,0,0,0,0,0,0
856,28.554222,1,0.308418,-0.370238,2.042201,0.999800,0,-0.083073,-0.333399,2.023430,0.999600,0,0.542507,-0.324814,1.974851,0.829000,0,-0.295135,-0.301177,1.972746,0.857200,0,0.763049,-0.382270,1.949297,0.833000,0,-0.447333,-0.481548,1.956137,0.973800,0,0.263806,0.238892,1.946563,0.994800,0,0.037057,0.247685,1.928779,0.995100,0,0,0,0,0,0,0,0,0
857,28.587580,1,0.307703,-0.370012,2.041027,0.999800,0,-0.083095,-0.333339,2.023069,0.999600,0,0.541577,-0.324833,1.974545,0.828700,0,-0.295022,-0.300652,1.972747,0.858900,0,0.763072,-0.382433,1.949636,0.830600,0,-0.447199,-0.480988,1.955694,0.974100,0,0.263240,0.237852,1.951096,0.994900,0,0.036628,0.246553,1.927801,0.995200,0,0,0,0,0,0,0,0,0
858,28.620938,1,0.307009,-0.369690,2.039315,0.999800,0,-0.083105,-0.333262,2.022601,0.999600,0,0.540762,-0.324826,1.974639,0.826700,0,-0.295001,-0.300267,1.972854,0.858100,0,0.763313,-0.382693,1.950287,0.825800,0,-0.447062,-0.480485,1.955161,0.973900,0,0.262845,0.237429,1.952593,0.995100,0,0.036387,0.246869,1.927507,0.995300,0,0,0,0,0,0,0,1,0
859,28.654296,1,0.306521,-0.369351,2.037564,0.999800,0,-0.083090,-0.333189,2.022152,0.999600,0,0.540227,-0.324739,1.975003,0.821700,0,-0.295154,-0.300131,1.973136,0.861000,0,0.763806,-0.383019,1.951237,0.820300,0,-0.446946,-0.480081,1.954634,0.973500,0,0.262676,0.237785,1.950511,0.995100,0,0.036461,0.248667,1.927992,0.995400,0,0,0,0,0,0,0,0,0
860,28.687654,1,0.306362,-0.369064,2.036275,0.999800,0,-0.083038,-0.333140,2.021855,0.999600,0,0.540052,-0.324520,1.975485,0.824200,0,-0.295546,-0.300288,1.973644,0.861500,0,0.764484,-0.383354,1.952404,0.823900,0,-0.446870,-0.479797,1.954194,0.973500,0,0.262739,0.238866,1.945386,0.995100,0,0.036889,0.251540,1.929066,0.995400,0,0,0,0,0,0,0,0,0
861,28.721011,1,0.306523,-0.368872,2.035772,0.999800,0,-0.082948,-0.333131,2.021802,0.999600,0,0.540203,-0.324176,1.975977,0.829300,0,-0.296187,-0.300681,1.974370,0.860600,0,0.765177,-0.383631,1.953616,0.831800,0,-0.446837,-0.479629,1.953881,0.973700,0,0.262957,0.240375,1.938679,0.995000,0,0.037580,0.254732,1.930305,0.995200,0,0,0,0,0,0,0,0,0
862,28.754369,1,0.306867,-0.368786,2.036083,0.999800,0,-0.082835,-0.333162,2.021990,0.999600,0,0.540551,-0.323784,1.976442,0.831000,0,-0.297016,-0.301155,1.975219,0.862400,0,0.765674,-0.383794,1.954639,0.835700,0,-0.446828,-0.479550,1.953670,0.974300,0,0.263181,0.241866,1.932261,0.995100,0,0.038334,0.257388,1.931214,0.995300,0,0,0,0,0,0,0,0,0
863,28.787727,1,0.307177,-0.368786,2.036927,0.999800,0,-0.082740,-0.333214,2.022310,0.999600,0,0.540930,-0.323469,1.976891,0.833500,0,-0.297897,-0.301504,1.976010,0.864400,0,0.765794,-0.383821,1.955259,0.841300,0,-0.446808,-0.479514,1.953477,0.975400,0,0.263238,0.242896,1.927757,0.995200,0,0.038909,0.258859,1.931435,0.995300,0,0,0,0,0,0,0,0,0
864,28.821085,1,0.307246,-0.368839,2.037839,0.999800,0,-0.082721,-0.333259,2.022582,0.999600,0,0.541209,-0.323350,1.977350,0.832600,0,-0.298651,-0.301546,1.976525,0.863300,0,0.765466,-0.383729,1.955361,0.839800,0,-0.446737,-0.479474,1.953201,0.975300,0,0.262997,0.243161,1.926029,0.995100,0,0.039117,0.258900,1.930899,0.995300,0,0,0,0,0,0,0,0,0
865,28.854443,1,0.306958,-0.368910,2.038370,0.999800,0,-0.082848,-0.333270,2.022645,0.999600,0,0.541327,-0.323496,1.977823,0.831800,0,-0.299112,-0.301194,1.976585,0.859900,0,0.764758,-0.383554,1.954968,0.835500,0,-0.446590,-0.479400,1.952786,0.973100,0,0.262417,0.242557,1.926994,0.995100,0,0.038885,0.257680,1.929846,0.995300,0,0,0,0,0,0,0,0,0
866,28.887801,1,0.306324,-0.368967,2.038252,0.999800,0,-0.083174,-0.333235,2.022438,0.999600,0,0.541300,-0.323898,1.978281,0.825400,0,-0.299173,-0.300488,1.976135,0.859900,0,0.763852,-0.383335,1.954223,0.830100,0,-0.446380,-0.479290,1.952271,0.973100,0,0.261556,0.241155,1.929792,0.995100,0,0.038270,0.255646,1.928700,0.995300,0,0,0,0,0,0,0,0,0
867,28.921158,1,0.305464,-0.368970,2.037469,0.999800,0,-0.083714,-0.333169,2.022032,0.999600,0,0.541181,-0.324470,1.978672,0.819500,0,-0.298831,-0.299580,1.975287,0.856500,0,0.762977,-0.383088,1.953331,0.820500,0,-0.446161,-0.479176,1.951794,0.971400,0,0.260547,0.239152,1.933204,0.995200,0,0.037424,0.253333,1.927877,0.995400,0,0,0,0,0,0,0,0,0
868,28.954516,1,0.304562,-0.368863,2.036218,0.999800,0,-0.084419,-0.333094,2.021581,0.999600,0,0.541033,-0.325072,1.978942,0.810600,0,-0.298183,-0.298680,1.974303,0.854800,0,0.762327,-0.382812,1.952483,0.804800,0,-0.446023,-0.479107,1.951543,0.971300,0,0.259558,0.236828,1.936130,0.995200,0,0.036535,0.251203,1.927604,0.995400,0,0,0,0,0,0,0,0,0
869,28.987874,1,0.303803,-0.368590,2.034812,0.999800,0,-0.085177,-0.333036,2.021229,0.999600,0,0.540900,-0.325551,1.979064,0.814400,0,-0.297406,-0.297995,1.973522,0.855700,0,0.762004,-0.382496,1.951814,0.809700,0,-0.446062,-0.479122,1.951670,0.971700,0,0.258756,0.234518,1.937955,0.995200,0,0.035763,0.249568,1.927825,0.995500,0,0,0,0,0,0,0,0,0
870,29.021232,1,0.303324,-0.368122,2.033581,0.999800,0,-0.085835,-0.333003,2.021025,0.999600,0,0.540801,-0.325794,1.979050,0.809600,0,-0.296703,-0.297668,1.973247,0.856900,0,0.762010,-0.382145,1.951388,0.800700,0,-0.446346,-0.479235,1.952197,0.971800,0,0.258277,0.232579,1.938670,0.995400,0,0.035202,0.248573,1.928251,0.995600,0,0,0,0,0,0,0,0,0
871,29.054590,1,0.303180,-0.367496,2.032786,0.999800,0,-0.086248,-0.332984,2.020909,0.999600,0,0.540736,-0.325755,1.978941,0.811100,0,-0.296232,-0.297739,1.973637,0.857500,0,0.762269,-0.381794,1.951204,0.801900,0,-0.446876,-0.479416,1.952984,0.971100,0,0.258197,0.231344,1.938721,0.995400,0,0.034868,0.248240,1.928513,0.995600,0,0,0,0,0,0,0,0,0
872,29.087948,1,0.303340,-0.366821,2.032572,0.999800,0,-0.086322,-0.332959,2.020759,0.999600,0,0.540696,-0.325474,1.978783,0.810600,0,-0.296059,-0.298132,1.974630,0.857900,0,0.762677,-0.381510,1.951220,0.802600,0,-0.447574,-0.479604,1.953753,0.971900,0,0.258509,0.231059,1.938689,0.995400,0,0.034720,0.248527,1.928348,0.995700,0,0,0,0,0,0,0,0,0
873,29.121305,1,0.303712,-0.366260,2.032934,0.999800,0,-0.086054,-0.332909,2.020459,0.999600,0,0.540671,-0.325048,1.978602,0.811600,0,-0.296130,-0.298687,1.975948,0.858400,0,0.763132,-0.381364,1.951358,0.802600,0,-0.448296,-0.479724,1.954197,0.971400,0,0.259122,0.231849,1.938964,0.995400,0,0.034695,0.249386,1.927701,0.995700,0,0,0,0,0,0,0,0,0
874,29.154663,1,0.304185,-0.365974,2.033725,0.999800,0,-0.085536,-0.332828,2.019962,0.999600,0,0.540660,-0.324585,1.978385,0.813100,0,-0.296307,-0.299218,1.977166,0.855100,0,0.763545,-0.381395,1.951519,0.805400,0,-0.448871,-0.479724,1.954095,0.970300,0,0.259884,0.233689,1.939570,0.995300,0,0.034745,0.250796,1.926725,0.995500,0,0,0,0,0,0,0,0,0
875,29.188021,1,0.304672,-0.366046,2.034674,0.999800,0,-0.084933,-0.332721,2.019316,0.999600,0,0.540666,-0.324151,1.978076,0.814600,0,-0.296423,-0.299586,1.977849,0.855800,0,0.763840,-0.381589,1.951600,0.807000,0,-0.449154,-0.479585,1.953401,0.970500,0,0.260628,0.236425,1.940199,0.995200,0,0.034858,0.252743,1.925681,0.995500,0,0,0,0,0,0,0,0,0
876,29.221379,1,0.305132,-0.366443,2.035461,0.999800,0,-0.084437,-0.332611,2.018651,0.999600,0,0.540698,-0.323733,1.977603,0.816300,0,-0.296362,-0.299738,1.977702,0.857600,0,0.763951,-0.381877,1.951515,0.809600,0,-0.449074,-0.479329,1.952248,0.970900,0,0.261234,0.239794,1.940410,0.995100,0,0.035054,0.255185,1.924845,0.995400,0,0,0,0,0,0,0,0,0
877,29.254737,1,0.305565,-0.367007,2.035803,0.999800,0,-0.084200,-0.332525,2.018124,0.999600,0,0.540774,-0.323257,1.976925,0.821100,0,-0.296106,-0.299720,1.976663,0.857500,0,0.763829,-0.382161,1.951218,0.818200,0,-0.448649,-0.478999,1.950878,0.971700,0,0.261674,0.243467,1.939871,0.995000,0,0.035366,0.258023,1.924447,0.995200,0,0,0,0,0,0,0,0,0
878,29.288094,1,0.305989,-0.367505,2.035543,0.999800,0,-0.084288,-0.332480,2.017856,0.999600,0,0.540923,-0.322628,1.976089,0.823800,0,-0.295738,-0.299644,1.974922,0.859600,0,0.763459,-0.382357,1.950711,0.823200,0,-0.447968,-0.478640,1.949523,0.972600,0,0.262015,0.247100,1.938508,0.995000,0,0.035811,0.261093,1.924670,0.995200,0,0,0,0,0,0,0,0,0
879,29.321452,1,0.306408,-0.367716,2.034679,0.999800,0,-0.084657,-0.332487,2.017894,0.999600,0,0.541178,-0.321798,1.975229,0.825200,0,-0.295406,-0.299635,1.972846,0.857800,0,0.762875,-0.382424,1.950062,0.823400,0,-0.447145,-0.478274,1.948296,0.972200,0,0.262383,0.250382,1.936517,0.995000,0,0.036367,0.264192,1.925650,0.995200,0,0,0,0,0,0,0,0,0
880,29.354810,1,0.306800,-0.367505,2.033336,0.999800,0,-0.085187,-0.332538,2.018207,0.999600,0,0.541566,-0.320801,1.974522,0.822000,0,-0.295258,-0.299775,1.970867,0.855300,0,0.762166,-0.382373,1.949399,0.819900,0,-0.446283,-0.477900,1.947158,0.972300,0,0.262893,0.253074,1.934254,0.995000,0,0.036979,0.267110,1.927442,0.995200,0,0,0,0,0,0,0,0,0
881,29.388168,1,0.307123,-0.366881,2.031713,0.999800,0,-0.085729,-0.332621,2.018710,0.999600,0,0.542083,-0.319763,1.974111,0.814800,0,-0.295392,-0.300070,1.969358,0.853000,0,0.761462,-0.382258,1.948889,0.813900,0,-0.445454,-0.477518,1.945978,0.972300,0,0.263593,0.255035,1.932105,0.994900,0,0.037569,0.269654,1.929949,0.995200,0,0,0,0,0,0,0,0,0
882,29.421525,1,0.307335,-0.365997,2.030048,0.999800,0,-0.086163,-0.332715,2.019278,0.999600,0,0.542676,-0.318868,1.974047,0.816900,0,-0.295818,-0.300450,1.968547,0.853400,0,0.760907,-0.382154,1.948693,0.820300,0,-0.444703,-0.477151,1.944647,0.973200,0,0.264450,0.256220,1.930381,0.994800,0,0.038067,0.271666,1.932860,0.995100,0,0,0,0,0,0,0,0,0
883,29.454883,1,0.307427,-0.365104,2.028603,0.999800,0,-0.086424,-0.332793,2.019753,0.999600,0,0.543251,-0.318310,1.974287,0.817300,0,-0.296462,-0.300798,1.968482,0.852800,0,0.760615,-0.382126,1.948911,0.822800,0,-0.444072,-0.476856,1.943171,0.973800,0,0.265368,0.256678,1.929289,0.994800,0,0.038435,0.273037,1.935658,0.995100,0,0,0,0,0,0,0,0,0
884,29.488241,1,0.307435,-0.364472,2.027655,0.999800,0,-0.086508,-0.332826,2.019956,0.999600,0,0.543703,-0.318232,1.974718,0.822100,0,-0.297199,-0.300998,1.969040,0.854200,0,0.760628,-0.382209,1.949534,0.829500,0,-0.443605,-0.476709,1.941692,0.974300,0,0.266231,0.256531,1.928922,0.994800,0,0.038669,0.273725,1.937756,0.995000,0,0,0,0,0,0,0,0,0
885,29.521599,1,0.307429,-0.364313,2.027473,0.999800,0,-0.086453,-0.332787,2.019715,0.999600,0,0.543959,-0.318677,1.975191,0.820600,0,-0.297888,-0.300985,1.969973,0.853400,0,0.760898,-0.382392,1.950430,0.826700,0,-0.443355,-0.476770,1.940427,0.973600,0,0.266948,0.255945,1.929277,0.994800,0,0.038788,0.273765,1.938712,0.995100,0,0,0,0,0,0,0,0,0
886,29.554956,1,0.307486,-0.364708,2.028235,0.999800,0,-0.086317,-0.332654,2.018909,0.999600,0,0.543995,-0.319562,1.975566,0.821900,0,-0.298421,-0.300768,1.970979,0.854400,0,0.761308,-0.382625,1.951385,0.825300,0,-0.443368,-0.477037,1.939570,0.973500,0,0.267472,0.255111,1.930270,0.994900,0,0.038817,0.273261,1.938425,0.995200,0,0,0,0,0,0,0,0,0
887,29.588314,1,0.307656,-0.365593,2.029924,0.999800,0,-0.086152,-0.332423,2.017508,0.999600,0,0.543846,-0.320699,1.975751,0.825100,0,-0.298734,-0.300427,1.971780,0.856700,0,0.761719,-0.382844,1.952193,0.830400,0,-0.443658,-0.477432,1.939205,0.973900,0,0.267800,0.254209,1.931753,0.994900,0,0.038766,0.272372,1.937185,0.995200,0,0,0,0,0,0,0,0,0
888,29.621672,1,0.307929,-0.366761,2.032224,0.999800,0,-0.085998,-0.332108,2.015598,0.999600,0,0.543578,-0.321845,1.975735,0.824300,0,-0.298815,-0.300079,1.972200,0.858500,0,0.762017,-0.382987,1.952736,0.831400,0,-0.444192,-0.477813,1.939277,0.974600,0,0.267949,0.253395,1.933511,0.995000,0,0.038632,0.271278,1.935558,0.995300,0,0,0,0,0,0,0,0,0
889,29.655030,1,0.308234,-0.367927,2.034531,0.999800,0,-0.085873,-0.331743,2.013379,0.999600,0,0.543276,-0.322784,1.975599,0.827200,0,-0.298692,-0.299828,1.972200,0.857600,0,0.762145,-0.383020,1.953017,0.832600,0,-0.444881,-0.478032,1.939612,0.973400,0,0.267944,0.252793,1.935263,0.995000,0,0.038405,0.270161,1.934135,0.995200,0,0,0,0,0,0,0,1,0
890,29.688387,1,0.308462,-0.368812,2.036104,0.999800,0,-0.085783,-0.331373,2.011131,0.999600,0,0.543016,-0.323388,1.975469,0.823600,0,-0.298426,-0.299733,1.971864,0.854800,0,0.762105,-0.382939,1.953113,0.826200,0,-0.445603,-0.477992,1.939996,0.972800,0,0.267817,0.252483,1.936695,0.994900,0,0.038098,0.269177,1.933286,0.995200,0,0,0,0,0,0,0,0,0
891,29.721745,1,0.308510,-0.369228,2.036329,0.999800,0,-0.085726,-0.331045,2.009141,0.999600,0,0.542854,-0.323642,1.975447,0.820400,0,-0.298095,-0.299796,1.971341,0.854800,0,0.761940,-0.382774,1.953099,0.821800,0,-0.446236,-0.477688,1.940252,0.972500,0,0.267623,0.252497,1.937555,0.995000,0,0.037776,0.268441,1.933018,0.995300,0,0,0,0,0,0,0,0,0
892,29.755103,1,0.308328,-0.369132,2.034966,0.999800,0,-0.085693,-0.330795,2.007624,0.999600,0,0.542822,-0.323636,1.975533,0.819700,0,-0.297792,-0.299978,1.970751,0.853300,0,0.761709,-0.382577,1.952968,0.818100,0,-0.446694,-0.477204,1.940296,0.971700,0,0.267473,0.252818,1.937816,0.995000,0,0.037575,0.268004,1.932991,0.995300,0,0,0,0,0,0,0,0,0
893,29.788460,1,0.307942,-0.368625,2.032261,0.999800,0,-0.085677,-0.330637,2.006665,0.999600,0,0.542927,-0.323516,1.975592,0.815900,0,-0.297611,-0.300223,1.970123,0.852700,0,0.761473,-0.382424,1.952619,0.813500,0,-0.446949,-0.476669,1.940135,0.971500,0,0.267551,0.253391,1.937813,0.995000,0,0.037689,0.267850,1.932674,0.995300,0,0,0,0,0,0,0,0,0
894,29.821818,1,0.307442,-0.367905,2.028856,0.999800,0,-0.085671,-0.330564,2.006225,0.999600,0,0.543151,-0.323428,1.975388,0.818700,0,-0.297640,-0.300472,1.969371,0.852400,0,0.761292,-0.382397,1.951892,0.816100,0,-0.447019,-0.476206,1.939827,0.971700,0,0.268093,0.254143,1.938267,0.995000,0,0.038333,0.267901,1.931529,0.995300,0,0,0,0,0,0,0,0,0
895,29.855176,1,0.306943,-0.367186,2.025527,0.999800,0,-0.085670,-0.330557,2.006178,0.999600,0,0.543467,-0.323468,1.974676,0.820800,0,-0.297940,-0.300675,1.968347,0.854000,0,0.761215,-0.382569,1.950652,0.819000,0,-0.446949,-0.475889,1.939425,0.971900,0,0.269321,0.255007,1.940072,0.995000,0,0.039670,0.268038,1.929178,0.995300,0,0,0,0,0,0,0,0,0
896,29.888534,1,0.306539,-0.366623,2.022876,0.999800,0,-0.085671,-0.330589,2.006376,0.999600,0,0.543846,-0.323665,1.973315,0.821500,0,-0.298524,-0.300800,1.966928,0.853400,0,0.761273,-0.382980,1.948851,0.820700,0,-0.446789,-0.475731,1.938963,0.972100,0,0.271345,0.255933,1.943895,0.994900,0,0.041742,0.268153,1.925498,0.995200,0,0,0,0,0,0,0,0,0
897,29.921891,1,0.306262,-0.366262,2.021090,0.999800,0,-0.085675,-0.330642,2.006699,0.999600,0,0.544260,-0.323989,1.971351,0.820400,0,-0.299346,-0.300843,1.965102,0.855200,0,0.761456,-0.383605,1.946568,0.821700,0,-0.446577,-0.475698,1.938460,0.973000,0,0.274081,0.256893,1.949771,0.994900,0,0.044433,0.268184,1.920672,0.995200,0,0,0,0,0,0,0,0,0
898,29.955249,1,0.306072,-0.366040,2.019892,0.999800,0,-0.085683,-0.330703,2.007068,0.999600,0,0.544688,-0.324379,1.969018,0.822400,0,-0.300299,-0.300833,1.963008,0.858700,0,0.761712,-0.384357,1.943999,0.825900,0,-0.446347,-0.475733,1.937944,0.973800,0,0.277234,0.257875,1.956943,0.994900,0,0.047478,0.268148,1.915171,0.995300,0,0,0,0,0,0,0,0,0
