frame,time_s,geometry_available,raw_required_valid,raw_all_eight_valid,required_repaired_points,root_ex,root_ey,root_ez,sh_y,sh_z,sh_twist,el_y,el_z,swing_angle_deg,perpendicular_fraction,twist_ok,upper_length_m,forearm_length_m
0,0,False,True,True,2,,,,,,,,,,,,,
1,0.033358,True,True,True,0,-6.63940463038,-175.325132442,-1.32955365939,-10.1062636949,-11.9496343306,-67.3280552389,-6.24774449755,2.3579584006e-15,15.6026300838,0.108827742801,True,0.273363991727,0.214365689685
2,0.066715,True,True,True,1,-7.51282937223,-176.746933808,-1.73540156947,-8.7629721258,-11.4493005483,-67.1013417965,-5.86603230126,2.59320991626e-15,14.3822719016,0.102202811,True,0.272870073825,0.218429647079
3,0.100073,True,True,True,0,-8.23421041522,-177.887942243,-2.0905790847,-7.68284562487,-11.0452936593,-66.9079244946,-5.70329956078,-2.97173672603e-16,13.4272389532,0.0993770530375,True,0.272419207906,0.221219947276
4,0.133431,True,True,True,0,-8.71594741344,-178.629322522,-2.37174375853,-6.9538562756,-10.780669073,-65.934004655,-5.78200982115,6.04420553563e-16,12.8064973907,0.100743911748,True,0.271999143374,0.222553166549
5,0.166789,True,True,True,0,-8.94007282547,-178.978993874,-2.57702641268,-6.53530492698,-10.6430767042,-63.4939680532,-6.07115074922,6.19895708467e-16,12.4696627078,0.105763394401,True,0.27158521318,0.222591498335
6,0.200146,True,True,True,1,-8.95029583739,-179.042501182,-2.72040936555,-6.31532427629,-10.5823111925,-59.7257011985,-6.50742220025,2.2165742649e-15,12.305028318,0.113331921936,True,0.271166290136,0.221726282098
7,0.233504,True,True,True,0,-8.82623898304,-178.96696604,-2.82074998173,-6.17808110819,-10.5464490809,-55.4612524736,-7.00882323478,-1.31691052116e-15,12.2050763962,0.122022188606,True,0.270767904091,0.220410757496
8,0.266862,True,True,True,1,-8.65375163077,-178.888026394,-2.8870510238,-6.04955685534,-10.512427944,-51.7001017779,-7.47529086233,2.12902318085e-15,12.1118284021,0.130098613741,True,0.270459247921,0.219018174965
9,0.300219,True,True,True,0,-8.50074401557,-178.897018909,-2.91439727038,-5.90369791755,-10.4909204196,-49.1612327011,-7.80977243798,2.63414877178e-15,12.0217474398,0.135884553619,True,0.270335286417,0.217783771886
10,0.333577,True,True,True,0,-8.40168408656,-179.021986467,-2.88891888128,-5.75182694063,-10.5088939281,-48.1348332169,-7.95573524907,-1.39083012187e-15,11.9644596539,0.138408012412,True,0.270482452638,0.216811565822
11,0.366935,True,True,True,0,-8.35398459491,-179.227245578,-2.80553623483,-5.62603987592,-10.5803601741,-48.5155629985,-7.92327864331,3.38264849607e-15,11.9681039893,0.137846967753,True,0.270936628364,0.216135708068
12,0.400292,True,True,True,0,-8.32926052392,-179.435314778,-2.67751269851,-5.55727121956,-10.6873239739,-49.7815215571,-7.77406489147,4.54933600356e-15,12.0309154172,0.135267093528,True,0.271663659979,0.215756414611
13,0.43365,True,True,True,0,-8.2896697816,-179.562568418,-2.54206429781,-5.55576611175,-10.7744345877,-51.0076856051,-7.58282093648,1.82886155987e-15,12.1074378159,0.131959186951,True,0.272554639392,0.215658452661
14,0.467008,True,True,True,0,-8.20828923599,-179.557759756,-2.44714955039,-5.60149778876,-10.7670882097,-51.06286938,-7.40366519034,-6.9941363436e-17,12.1217370588,0.12885903316,True,0.273471380589,0.21578217492
15,0.500366,True,True,True,0,-8.08219121599,-179.424305754,-2.43740910496,-5.6556751457,-10.6009892443,-49.0990277603,-7.2660254261,1.92362827058e-15,12.0000650363,0.126476424458,True,0.274292533083,0.216020151914
16,0.533723,True,True,True,0,-7.93731389842,-179.21497653,-2.53997030719,-5.69013971102,-10.2541759946,-45.0965663632,-7.19087357728,-1.13544215004e-15,11.7123508943,0.125175201868,True,0.274944071915,0.216230002361
17,0.567081,True,True,True,0,-7.81866053762,-179.002609933,-2.75324454525,-5.71904672365,-9.76499099148,-40.0529450025,-7.16759060617,1.8457700631e-15,11.3024350202,0.124772023237,True,0.275402431687,0.216292328884
18,0.600439,True,True,True,0,-7.77420231486,-178.852746121,-3.04652069616,-5.79291587037,-9.22632932122,-35.5563744534,-7.12160974657,-1.76558017171e-15,10.8808211466,0.123975737073,True,0.275661833232,0.216156775945
19,0.633796,True,True,True,0,-7.83733066979,-178.808075926,-3.36465860151,-5.96446780493,-8.75556001559,-33.0562830486,-6.9272161556,-1.88377560028e-15,10.5809811488,0.120608396442,True,0.275713028457,0.215860573274
20,0.667154,True,True,True,0,-8.01734050942,-178.890306878,-3.6411610944,-6.23892086829,-8.45261438462,-33.5192629877,-6.49782224673,-3.74065598694e-16,10.4922738261,0.113165449048,True,0.275538800805,0.215513913699
21,0.700512,True,True,True,0,-8.29664161443,-179.09789936,-3.81565609409,-6.563500422,-8.36770611102,-37.5769165367,-5.86064655236,-7.82628519814e-16,10.6203135867,0.102109303716,True,0.275125423711,0.215258322037
22,0.733869,True,True,True,0,-8.63301698097,-179.397097619,-3.85340981903,-6.85848860706,-8.48774500009,-45.5936930706,-5.15856236968,-1.05809069042e-15,10.8965938083,0.0899123099724,True,0.274483979833,0.215208470022
23,0.767227,True,True,True,0,-8.96403197231,-179.708814846,-3.75550957279,-7.07118351276,-8.75044494635,-57.0880537003,-4.57777207421,1.52807432747e-15,11.2330835859,0.0798122174481,True,0.273640679975,0.215412510951
24,0.800585,True,True,True,0,-9.21696288947,-179.917647732,-3.55669223767,-7.20490114935,-9.07078080364,-69.7913271258,-4.22804541908,2.27349760002e-15,11.5652407422,0.0737263587145,True,0.272655525618,0.215824546644
25,0.833942,True,True,True,0,-9.32741771367,-179.910817082,-3.31435710483,-7.3055863129,-9.37099611022,-80.2326405659,-4.06689961996,-2.93988857575e-16,11.8621201846,0.0709212003052,True,0.27162097392,0.216317196709
26,0.8673,True,True,True,0,-9.25938556582,-179.621460453,-3.08911895042,-7.43174618216,-9.59994057311,-85.6867743353,-3.95943061626,3.10097857417e-16,12.1190481267,0.069050111816,True,0.27064922425,0.216718816128
27,0.900657,True,True,True,0,-9.01580242822,-179.052891954,-2.92945665345,-7.63241507368,-9.7385323991,-84.7594737217,-3.8228234257,-1.26138095499e-15,12.3503057627,0.0666713632846,True,0.269845964426,0.216875861213
28,0.934015,True,True,True,0,-8.63527704471,-178.268465864,-2.86709103516,-7.94342374959,-9.79086391709,-77.0276445918,-3.72062963749,1.70383139322e-15,12.5834351744,0.0648916086676,True,0.269292130613,0.21669467367
29,0.967373,True,True,True,0,-8.1771223978,-177.363326997,-2.91039891095,-8.38747449115,-9.77499348313,-64.2364856634,-3.83455913894,-1.53137766631e-16,12.8536136953,0.0668757329789,True,0.269021990064,0.216173370633
30,1.00073,True,True,True,0,-7.70884545984,-176.44553231,-3.04278533974,-8.95903242522,-9.71556115416,-51.1781701103,-4.27434239419,-4.08119904883e-16,13.1865222658,0.0745321701483,True,0.269014275686,0.215407107292
31,1.034088,True,True,True,0,-7.29473362952,-175.622118571,-3.22426153218,-9.61154526547,-9.64280689045,-41.878882737,-4.91888128094,-3.93182801521e-15,13.5827104155,0.0857452546398,True,0.269212430593,0.214535889711
32,1.067446,True,True,True,0,-6.98929981136,-174.994813777,-3.39823407531,-10.2506609338,-9.5914686274,-37.0686801836,-5.51693253579,2.66412810411e-15,14.0031015531,0.0961399162762,True,0.269534009724,0.213711085903
33,1.100803,True,True,True,0,-6.8271687766,-174.644605499,-3.5115429613,-10.7596208758,-9.59337069466,-36.144578672,-5.86637609431,-3.99297673144e-16,14.3776138502,0.102208779899,True,0.269888887481,0.213053798337
34,1.134161,True,True,True,0,-6.8184602364,-174.618763317,-3.53400309947,-11.0331284145,-9.66314116619,-38.6486503564,-5.89238371563,5.57731737768e-16,14.6269276963,0.102660310791,True,0.270197213259,0.212663061083
35,1.167519,True,True,True,0,-6.94683815383,-174.917801899,-3.46955815511,-11.0095441041,-9.78929497834,-44.3845824981,-5.66496771742,-7.04627168745e-16,14.6920291719,0.0987113257072,True,0.270405603858,0.212610506403
36,1.200876,True,True,True,0,-7.17615047836,-175.493783835,-3.35313370289,-10.6822887801,-9.93634118032,-52.8185723959,-5.36021462811,4.53182535551e-16,14.5496822579,0.0934169866607,True,0.270492953631,0.212925176431
37,1.234234,True,True,True,0,-7.46209271214,-176.261924284,-3.23464133993,-10.0923243837,-10.0549948915,-62.1972651324,-5.14956707425,-4.11148056979e-15,14.2094331498,0.0897559472319,True,0.270474468997,0.213545886931
38,1.267592,True,True,True,0,-7.76221503705,-177.117692221,-3.15715157054,-9.31760279341,-10.1050611881,-69.7675802699,-5.08716444744,-3.01529115227e-15,13.7122707683,0.0886711588752,True,0.270392306706,0.21432242054
39,1.300949,True,True,True,0,-8.04311449266,-177.958295363,-3.14014000084,-8.46281555371,-10.0713762709,-73.4714076238,-5.11185433805,5.38630126109e-17,13.1267528576,0.0891003730993,True,0.270304009635,0.215053353905
40,1.334307,True,True,True,0,-8.28382895274,-178.699776873,-3.17456578831,-7.65027073472,-9.97071810947,-73.1140372794,-5.16580213292,2.20647529482e-16,12.5438896335,0.0900381551714,True,0.270263405446,0.215561577226
41,1.367665,True,True,True,0,-8.47582564339,-179.29064306,-3.22810373163,-6.99114688865,-9.84303359112,-70.0084660603,-5.24519113554,5.50655732719e-16,12.0531819372,0.0914180399176,True,0.270307414397,0.215750088243
42,1.401022,True,True,True,0,-8.62520886657,-179.723048543,-3.25747715547,-6.54170639502,-9.73305693184,-66.0437213842,-5.35705408882,1.60404527617e-15,11.7095487871,0.0933620659205,True,0.270434719062,0.215621849231
43,1.43438,True,True,True,0,-8.75072349473,179.969619846,-3.22271766868,-6.27474057746,-9.67253818253,-62.6684180549,-5.48147665072,-1.1411244522e-15,11.5132673165,0.0955239424624,True,0.270617885673,0.215256401598
44,1.467738,True,True,True,0,-8.87500402617,179.731880502,-3.10087077768,-6.09166365384,-9.66951674946,-60.3427873678,-5.59147410375,4.11020442888e-17,11.4129173906,0.0974348039046,True,0.270824522156,0.214787453304
45,1.501096,True,True,True,0,-9.01223379039,179.517108375,-2.89422492676,-5.88246297237,-9.71633909508,-58.8410671913,-5.68664422464,-2.70348210349e-17,11.3436342202,0.0990877973509,True,0.271031410805,0.214373694104
46,1.534453,True,True,True,0,-9.16142152011,179.306611965,-2.63150422307,-5.58765756038,-9.80015383601,-57.8595367655,-5.79105205287,-2.5672046095e-16,11.2676379295,0.100900924298,True,0.271254362348,0.214149682031
47,1.567811,True,True,True,0,-9.31164556874,179.105350368,-2.35844027417,-5.2303115755,-9.91375241664,-57.5337530065,-5.92628145647,8.53441583811e-16,11.19664894,0.103248794098,True,0.271543508354,0.214181805065
48,1.601169,True,True,True,0,-9.45408463159,178.919463175,-2.12503147592,-4.89215023746,-10.0559183528,-58.4474819287,-6.09398687351,-1.8877269075e-15,11.171761837,0.106159716122,True,0.271973663146,0.214436008033
49,1.634527,True,True,True,0,-9.58927178452,178.744410329,-1.97134921028,-4.66920271249,-10.2259462659,-61.247025736,-6.28130492992,6.7307216823e-16,11.2311775585,0.109409985212,True,0.272596101181,0.21479298438
50,1.667884,True,True,True,0,-9.72360763134,178.574339316,-1.92207222951,-4.63203714715,-10.4108324693,-66.1372158715,-6.48197877281,8.84128695643e-16,11.3843949612,0.112890700266,True,0.273408424781,0.215097454057
51,1.701242,True,True,True,0,-9.85860812033,178.422555734,-1.98268296564,-4.80685482654,-10.5847381571,-72.5968474508,-6.70668188585,1.34834307349e-15,11.6137400468,0.116786560769,True,0.274328772703,0.21523605924
52,1.7346,True,True,True,0,-9.98261898303,178.330669538,-2.14155770065,-5.17521619993,-10.7133985339,-79.4899971902,-6.95383150522,5.26158490972e-16,11.8847269764,0.121069517935,True,0.275210538094,0.215176260519
53,1.767958,True,True,True,0,-10.0744454113,178.349847737,-2.3710026699,-5.67679198437,-10.7653044902,-85.5354571274,-7.17583271827,-3.66280185712e-16,12.1547268596,0.124914749798,True,0.275859013304,0.214973939576
54,1.801315,True,True,True,0,-10.1152582595,178.512243667,-2.6324639249,-6.22656456656,-10.7208923367,-89.8322057298,-7.28794617012,3.13429819204e-15,12.3795699533,0.126855932011,True,0.27610076694,0.21471666043
55,1.834673,True,True,True,0,-10.0996787059,178.804302597,-2.88649479589,-6.73457719945,-10.5771714412,-92.0540060611,-7.2296457516,2.68539851487e-15,12.5185549765,0.125846552759,True,0.275852680433,0.214482808805
56,1.868031,True,True,True,0,-10.0400525994,179.159322984,-3.09863753046,-7.12650933549,-10.3529483221,-92.4028833799,-7.00924868987,-2.39583648006e-15,12.5465599751,0.122029558706,True,0.275160754445,0.214312067598
57,1.901388,True,True,True,0,-9.9618186807,179.473627938,-3.24589390095,-7.35809739943,-10.0852079304,-91.541332272,-6.69910400808,-1.69962556149e-15,12.4616246228,0.116655205873,True,0.274174540793,0.214214550134
58,1.934746,True,True,True,0,-9.89554695367,179.640730076,-3.31721184381,-7.41843413668,-9.82615042421,-90.5333116593,-6.39450911808,-1.65761247723e-16,12.2900445218,0.111373694971,True,0.273086824305,0.214200902725
59,1.968104,True,True,True,0,-9.8662148577,179.600122654,-3.31466201515,-7.33269763566,-9.63215967789,-90.4923603389,-6.17217095664,2.05901977135e-15,12.0846560992,0.107516475478,True,0.272071039973,0.214298319774
60,2.001461,True,True,True,0,-9.88293746863,179.373773657,-3.25480720914,-7.16132271986,-9.54584002316,-91.9981897583,-6.07461047376,4.15117314355e-16,11.9135099347,0.10582343912,True,0.271255171577,0.214543592589
61,2.034819,True,True,True,0,-9.93488763366,179.06234205,-3.16597786484,-6.97634761839,-9.58035789124,-94.6041937264,-6.10570840597,1.74830273472e-15,11.8320670197,0.106363137175,True,0.270718859389,0.214944945837
62,2.068177,True,True,True,0,-9.99319428968,178.807723454,-3.08241990907,-6.8375776155,-9.71274592939,-97.043018098,-6.21749106435,-1.72167938071e-16,11.8592064754,0.108302841757,True,0.270480026638,0.215458214875
63,2.101535,True,True,True,0,-10.020271009,178.738244871,-3.03589450215,-6.77653414893,-9.88667109732,-97.9654552758,-6.3081920833,-1.08891683825e-15,11.9670621568,0.10987642534,True,0.270485140122,0.215977086102
64,2.134892,True,True,True,0,-9.98062919808,178.928603059,-3.04584657706,-6.80263974186,-10.0361287515,-96.4444798953,-6.28047521923,-2.3157490706e-16,12.1047548979,0.109395590951,True,0.27063130151,0.21635266942
65,2.16825,True,True,True,0,-9.85860163935,179.379783421,-3.11468742267,-6.92342548687,-10.1084862412,-92.1107478731,-6.10865743176,1.40203013602e-15,12.2317809016,0.106414315271,True,0.270790299187,0.216458935861
66,2.201608,True,True,True,0,-9.67193281826,-179.980667897,-3.22840794337,-7.14726775438,-10.0845071923,-85.1949895806,-5.85918050038,3.74657850491e-15,12.3390268525,0.10208384999,True,0.270866369461,0.216240637025
67,2.234966,True,True,True,0,-9.47588019722,-179.27974156,-3.36074051967,-7.47243215918,-9.98266792549,-76.7483871362,-5.63294810799,-9.39018526702e-16,12.4468515562,0.0981551920619,True,0.270827936044,0.215746477378
68,2.268323,True,True,True,0,-9.34786678005,-178.666630381,-3.4822356918,-7.86826978283,-9.84677337753,-68.5460584633,-5.47666970307,1.43173046883e-16,12.5800294063,0.095440428713,True,0.270724183763,0.215123519981
69,2.301681,True,True,True,0,-9.35564668904,-178.269961859,-3.56792735836,-8.27122733838,-9.72708416251,-62.2357546347,-5.34931079086,-7.8240313485e-17,12.7424459739,0.0932275093117,True,0.2706780507,0.214562077155
70,2.335039,True,True,True,0,-9.52143524231,-178.156052608,-3.60373630339,-8.60350438426,-9.65935903459,-58.5419583141,-5.18402742893,-4.42298171338e-16,12.9081314983,0.090354950047,True,0.270837317641,0.21422848319
71,2.368396,True,True,True,0,-9.80452612299,-178.308863571,-3.58805655597,-8.8024553047,-9.65214610037,-57.2362859549,-4.95605813453,5.67805976697e-16,13.0350154974,0.0863917053599,True,0.271302828804,0.21420914607
72,2.401754,True,True,True,0,-10.1172654614,-178.644164036,-3.52797749833,-8.84310939288,-9.69081364255,-57.5229322869,-4.69203627711,-4.04820253365e-16,13.0906129221,0.0817999820342,True,0.272067736106,0.21448483859
73,2.435112,True,True,True,0,-10.3660475268,-179.052864683,-3.43536612115,-8.73697535517,-9.74940179003,-58.3873782153,-4.43450775314,3.88992872159e-15,13.063164769,0.0773195130355,True,0.273005808211,0.214939322484
74,2.468469,True,True,True,0,-10.4928280892,-179.445109675,-3.32725192949,-8.51890783167,-9.80211238402,-59.14024927,-4.21392291029,9.3096751437e-16,12.9592731528,0.0734805430053,True,0.273930932366,0.215392985879
75,2.501827,True,True,True,0,-10.4938242493,-179.767399962,-3.22351710786,-8.23874967118,-9.83056206115,-59.9070183679,-4.03723510612,-1.22808905159e-15,12.8003383502,0.0704047511039,True,0.274672602787,0.215668812228
76,2.535184,True,True,True,0,-10.4057628643,-179.991053992,-3.14928060189,-7.95731366321,-9.82203327368,-61.7089585123,-3.89666834136,-1.88527973741e-15,12.6162162219,0.067957276793,True,0.275123198622,0.215647784062
77,2.568542,True,True,True,0,-10.2745947314,179.910253916,-3.13165208133,-7.74105710125,-9.76271092763,-65.7698030894,-3.78680829358,2.14913082888e-15,12.4359451601,0.0660441661216,True,0.27525937855,0.215318124762
78,2.6019,True,True,True,0,-10.1294197718,179.960343134,-3.19028779057,-7.639414189,-9.64055154259,-72.4887161384,-3.72943421364,2.32061908641e-15,12.2779655068,0.0650449528589,True,0.275119449763,0.214789771649
79,2.635257,True,True,True,0,-9.97583671175,-179.836535226,-3.32730317051,-7.65840362911,-9.44968076634,-80.4693676495,-3.75668734992,-5.26474524063e-16,12.1414257681,0.0655195951603,True,0.274785470547,0.214251853868
80,2.668615,True,True,True,0,-9.81051497869,-179.523051092,-3.52186317318,-7.74738003179,-9.2001016743,-87.1131742143,-3.84465994912,-3.54161290643e-15,12.0060983076,0.0670516296699,True,0.27436741581,0.213888740718
81,2.701973,True,True,True,0,-9.64079182645,-179.196377936,-3.73071175651,-7.81057851254,-8.92607354904,-90.2983890668,-3.91108647099,-2.78997235432e-16,11.8399737077,0.0682083367305,True,0.273969870573,0.213820038862
82,2.73533,True,True,True,1,-9.49140750342,-178.988508857,-3.8968261209,-7.73736338315,-8.68222883946,-89.2578939564,-3.8981768209,1.15524180601e-15,11.6098407748,0.0679835438401,True,0.27367770014,0.214062148877
83,2.768688,True,True,True,0,-9.39648886429,-179.027872969,-3.96926765007,-7.42932408608,-8.5214729285,-84.2598820205,-3.83489361878,-1.57741142326e-16,11.2872641411,0.0668815576833,True,0.273524695742,0.214549462642
84,2.802045,True,True,True,0,-9.37823288169,-179.38648518,-3.91588768064,-6.83184817672,-8.47666208506,-76.4495978136,-3.80784566159,7.30910539724e-16,10.8713658976,0.0664105313543,True,0.273500863372,0.215164102273
85,2.835403,True,True,True,0,-9.43199261485,179.958287822,-3.73662774064,-5.96149617532,-8.54426838691,-67.7348335634,-3.88559805024,-4.70021606859e-16,10.4057643001,0.0677645091601,True,0.2735580257,0.215773863561
86,2.868761,True,True,True,0,-9.52814777424,179.133325231,-3.46398915781,-4.92934992647,-8.69176405326,-60.1141608348,-4.06894554575,2.98322476728e-15,9.98290950798,0.0709568184853,True,0.273648533506,0.216264482026
87,2.902118,True,True,True,0,-9.63164248241,178.334460023,-3.15623578958,-3.93196145688,-8.87727168677,-54.929456934,-4.30056965674,-1.56713566261e-15,9.70269677017,0.0749886412218,True,0.27374359741,0.216572875689
88,2.935476,True,True,True,0,-9.72495038485,177.758044709,-2.88092023193,-3.20031732038,-9.06808238726,-52.8063828359,-4.499330155,5.02880893616e-16,9.6117881619,0.0784474407612,True,0.273853397894,0.216694862833
89,2.968833,True,True,True,0,-9.81319200034,177.534615334,-2.70069161407,-2.91888371058,-9.24177051596,-53.9015209628,-4.60637845923,-1.50554676449e-15,9.68793964607,0.0803098903547,True,0.273996968251,0.216682866752
90,3.002191,True,True,True,0,-9.91019412186,177.693769454,-2.65720701826,-3.15768152794,-9.38287052469,-58.0205196152,-4.61443681508,1.17795960055e-15,9.89544847694,0.0804500801111,True,0.274184314101,0.216607867099
91,3.035549,True,True,True,0,-10.0137777411,178.172072693,-2.76336734678,-3.8466688601,-9.47519043644,-64.3369904826,-4.57184936475,-7.97860940193e-16,10.2196339686,0.0797091760026,True,0.274381654984,0.216524079631
92,3.068906,True,True,True,0,-10.0984528356,178.840712064,-2.99794825103,-4.80009210675,-9.50466424334,-71.196517258,-4.5313976395,2.39721980026e-15,10.6380302454,0.0790053868296,True,0.274509511664,0.216440680063
93,3.102264,True,True,True,0,-10.1309424849,179.533376973,-3.30985096933,-5.76590663792,-9.46397717459,-76.4165223511,-4.50137062153,-1.66991561711e-15,11.0683980066,0.0784829438208,True,0.274460886009,0.216317269403
94,3.135622,True,True,True,0,-10.0993197595,-179.928980999,-3.62715781825,-6.48550472238,-9.36304585431,-78.0893639816,-4.45226653256,-8.98246994331e-16,11.3733458364,0.0776285306141,True,0.274158310438,0.216086061994
95,3.168979,True,True,True,0,-10.0277930241,-179.701795877,-3.8783309607,-6.7595912585,-9.22794967135,-75.1811001078,-4.38325180783,-1.11060209743e-15,11.4215147503,0.0764275752693,True,0.273603596727,0.21570027175
96,3.202337,True,True,True,0,-9.9643008376,-179.86554367,-4.01129926492,-6.51209064069,-9.09766881081,-67.9746009773,-4.36544852206,1.17398157389e-15,11.1721796683,0.0761177544617,True,0.272898974483,0.215178299401
97,3.235695,True,True,True,0,-9.94782821446,179.621768168,-4.00746819302,-5.83230699004,-9.01176615363,-58.5754864114,-4.48393189004,2.2289953735e-15,10.7213141229,0.0781795157302,True,0.272226299117,0.214637580482
98,3.269052,True,True,True,0,-9.9825320663,178.93550857,-3.88645545941,-4.97334567526,-8.99781136986,-50.2059914391,-4.7104287876,3.79930909929e-15,10.2708815784,0.0821199119007,True,0.271774145669,0.214267651236
99,3.30241,True,True,True,0,-10.0304742267,178.343525914,-3.70068814983,-4.28708003214,-9.06807853229,-45.3142101016,-4.88432848901,2.10674925477e-15,10.0227407623,0.0851444001126,True,0.271668753141,0.214272493449
100,3.335767,True,True,True,0,-10.0293668467,178.117236493,-3.51942595723,-4.10813385617,-9.2166214286,-45.1144443772,-4.83661615863,1.80704686874e-16,10.0835016168,0.0843146574115,True,0.271934781639,0.214783734677
101,3.369125,True,True,True,0,-9.92259184812,178.427699189,-3.40789057886,-4.62552548843,-9.4137924283,-50.5143912513,-4.53326438906,-1.73544635963e-16,10.4796001492,0.0790378658721,True,0.272485558078,0.215805630976
102,3.402483,True,True,True,0,-9.6892533034,179.26916903,-3.40756057231,-5.79540796753,-9.6037991476,-62.2731862024,-4.14398949002,2.37363762558e-15,11.2028727886,0.0722632197541,True,0.273163889482,0.217184245324
103,3.435841,True,True,True,0,-9.35989679134,-179.551702298,-3.5223134052,-7.33692857,-9.72247857149,-78.7720610916,-3.95705646281,1.3340351757e-17,12.1589012645,0.0690087738638,True,0.27378639298,0.218633665226
104,3.469198,True,True,True,0,-9.0093959144,-178.349537682,-3.71938720357,-8.8270390695,-9.72693191869,-94.2396449896,-4.08441143763,-7.49012056407e-16,13.1064358245,0.0712260662415,True,0.274205616079,0.219797405185
105,3.502556,True,True,True,0,-8.72959569562,-177.446502233,-3.93987279655,-9.85491431588,-9.61842983047,-103.768509933,-4.3160510724,4.42297778181e-16,13.7374558984,0.0752580793742,True,0.274371370019,0.220335011392
106,3.535914,True,True,True,0,-8.59247634931,-177.060046236,-4.11845155178,-10.1631825935,-9.43933648535,-106.449196236,-4.39498920364,-1.21403134932e-15,13.8366618087,0.0766318306902,True,0.274337291196,0.22004894965
107,3.569271,True,True,True,0,-8.62553201783,-177.246632711,-4.20297041383,-9.71251936146,-9.24460389465,-102.661273748,-4.24439494278,9.65368771895e-16,13.3781217135,0.0740109321431,True,0.27425484352,0.218966752894
108,3.602629,True,True,True,0,-8.80337423032,-177.907776796,-4.16782944859,-8.65374936826,-9.07772597531,-92.5409047479,-3.98832568653,1.82005600186e-15,12.5165441331,0.0695532134271,True,0.274296208368,0.217355428432
109,3.635987,True,True,True,0,-9.05527237564,-178.835982228,-4.01830037817,-7.25445372136,-8.96098493513,-77.2468636212,-3.86286031135,-9.51812378446e-16,11.5106948256,0.0673685676445,True,0.274604699749,0.215639804723
110,3.669345,True,True,True,1,-9.28498854867,-179.780786298,-3.78728651579,-5.81791840693,-8.89630734398,-60.7537190666,-4.02952883688,3.7841263746e-15,10.616959184,0.0702705844565,True,0.275239807664,0.214281320478
111,3.702703,True,True,True,0,-9.39687735105,179.489143732,-3.5261553058,-4.62349600011,-8.87474120032,-47.5384660509,-4.41837078813,5.29947202113e-16,9.99832196225,0.0770387099386,True,0.276171034307,0.2136278159
112,3.73606,True,True,True,0,-9.32569881482,179.131367803,-3.29021598157,-3.88206991876,-8.88317256537,-39.101471183,-4.8082649362,4.10089181401e-16,9.68814937732,0.0838215869041,True,0.277273396479,0.213827015473
113,3.769418,True,True,True,0,-9.0618779645,179.196851547,-3.12476215192,-3.70502400307,-8.90437517717,-34.9752153821,-5.00038541572,1.16103180606e-15,9.63869160294,0.0871624439217,True,0.2783455339,0.214786961881
114,3.802776,True,True,True,0,-8.66441190995,179.61326333,-3.05530816669,-4.06888276576,-8.91699355607,-34.5311167086,-4.90607343096,-1.4149440723e-15,9.79462373036,0.0855225366208,True,0.279128265036,0.216211384561
115,3.836134,True,True,True,0,-8.25056737807,-179.794041394,-3.0829094725,-4.81334695175,-8.90247788266,-37.5534020145,-4.56187468197,1.26187119537e-15,10.1111615883,0.0795356376688,True,0.279365422707,0.217701122243
116,3.869491,True,True,True,0,-7.95870718596,-179.245341675,-3.1882468011,-5.68215871444,-8.85471411782,-43.9914419906,-4.11188726859,-1.10409138873e-15,10.5088185135,0.0717043838025,True,0.278883387763,0.218862018427
117,3.902849,True,True,True,0,-7.89695421332,-178.928751825,-3.34215850245,-6.40895033128,-8.78088411172,-53.0686966075,-3.74619217056,5.17037569078e-17,10.8561605558,0.0653368122188,True,0.277662583781,0.219430062127
118,3.936207,True,True,True,0,-8.10367690293,-178.939000745,-3.51219048636,-6.80453149614,-8.69402452015,-62.1643812425,-3.59283357017,-2.36533641556e-15,11.0241312084,0.0626656880548,True,0.275870520611,0.219331709249
119,3.969565,True,True,True,0,-8.53577615036,-179.254909091,-3.67311797952,-6.81327020995,-8.59940012161,-67.9461260786,-3.64010077377,9.61876544554e-16,10.9554058996,0.0634890135542,True,0.273833144475,0.218677003164
120,4.002922,True,True,True,0,-9.08660758539,-179.757703434,-3.80786238033,-6.51779791101,-8.4991152411,-69.0389593557,-3.79679080365,7.05302202986e-16,10.695996168,0.0662180123955,True,0.271950327446,0.217684084538
121,4.03628,True,True,True,0,-9.61957740377,179.728610456,-3.908149769,-6.10206661526,-8.40308384055,-66.3676251634,-3.99286900522,-1.1463353438e-16,10.3720527727,0.069632317043,True,0.270587024002,0.216582223476
122,4.069638,True,True,True,0,-10.0065977323,179.381036205,-3.97208442545,-5.78333209735,-8.33605370217,-61.9419338357,-4.18974059121,9.67023341209e-17,10.1341121288,0.0730596163628,True,0.26997518778,0.215542629289
123,4.102996,True,True,True,0,-10.1587976019,179.318896987,-3.99759598557,-5.72746567679,-8.32907861296,-57.6623820491,-4.34817313501,9.74046063312e-16,10.0968242167,0.0758171133599,True,0.270169091062,0.214645848667
124,4.136353,True,True,True,0,-10.0471851019,179.550419419,-3.97861399349,-5.97115834326,-8.39969489321,-54.7065368149,-4.42571296154,1.19224319635e-15,10.2933775673,0.077166473572,True,0.271040021862,0.213901941875
125,4.169711,True,True,True,1,-9.70910649536,179.953547824,-3.90548633353,-6.39040604577,-8.53873931925,-53.4406034895,-4.4055670831,-1.73828236289e-15,10.651024945,0.0768159053282,True,0.272339860478,0.213289129514
126,4.203069,True,True,True,0,-9.24168254832,-179.689587226,-3.77352375498,-6.7429141142,-8.71377991314,-53.6832163242,-4.31032922629,-7.55260838773e-16,11.0020654086,0.0751584971535,True,0.27376656422,0.212786791613
127,4.236427,True,True,True,0,-8.77461237949,-179.603456909,-3.59036593202,-6.77538595907,-8.88523919014,-54.8931271667,-4.18830747698,6.968461262e-16,11.1572579014,0.0730346706223,True,0.275061382888,0.212371574936
128,4.269784,True,True,True,0,-8.42928078657,-179.909850989,-3.37973143262,-6.35695750421,-9.02296377307,-56.4943665763,-4.09251561602,-4.82758852653e-16,11.022245348,0.0713671508834,True,0.276044346477,0.212017920778
129,4.303142,True,True,True,0,-8.27920727718,179.437708913,-3.17692442787,-5.55440404511,-9.10735930891,-58.1138791571,-4.05938413834,4.58436670242e-16,10.6552787189,0.0707903600924,True,0.276641332756,0.21168752575
130,4.3365,True,True,True,0,-8.32835992605,178.64574155,-3.01835458313,-4.61367752629,-9.13394949271,-59.7418063781,-4.11290513101,2.65899747341e-15,10.2242040893,0.0717221031132,True,0.276852188178,0.211345799942
131,4.369858,True,True,True,0,-8.51594344192,178.00093156,-2.92991810254,-3.85863045847,-9.11761244684,-61.6058091557,-4.26173551838,4.1744597677e-15,9.89413747646,0.0743127488481,True,0.276715064528,0.210990435425
132,4.403215,True,True,True,0,-8.7444154414,177.759757335,-2.91768618149,-3.56114047042,-9.09693051846,-63.8758831039,-4.50690267288,1.41157746347e-15,9.76366210485,0.0785791981448,True,0.276271290231,0.210683141919
133,4.436573,True,True,True,0,-8.91584502389,178.050876449,-2.96700796686,-3.8381162861,-9.11267900865,-66.3775392546,-4.83078964998,2.12233864245e-15,9.88167985973,0.0842133273221,True,0.275563431112,0.210535696149
134,4.469931,True,True,True,0,-8.96632099143,178.822244328,-3.04524595969,-4.61212603056,-9.18614440437,-68.7028135051,-5.18911228002,-1.64318375334e-15,10.2700681315,0.0904433340745,True,0.274642459247,0.210679980812
135,4.503289,True,True,True,0,-8.88441860928,179.85155948,-3.11489973169,-5.63715965869,-9.30326426058,-70.4126143473,-5.51605174707,1.2093989014e-15,10.8650058893,0.0961246148105,True,0.273583756912,0.211210228978
136,4.536646,True,True,True,0,-8.70903753038,-179.178720998,-3.14938315329,-6.58187447687,-9.41877956413,-71.1871207379,-5.73735060054,7.77963130764e-16,11.4735871528,0.099968396322,True,0.272491677051,0.212143854705
137,4.570004,True,True,True,0,-8.50564193816,-178.561165081,-3.14426545302,-7.14620845612,-9.48043062693,-70.7510794838,-5.80617386541,-7.15510301052e-16,11.852403414,0.101163499249,True,0.271493685846,0.213399736349
138,4.603362,True,True,True,0,-8.33588309951,-178.457752901,-3.12040234856,-7.16173826339,-9.44677836019,-68.7659568642,-5.72396242416,-4.89764308224e-16,11.8349490849,0.0997358963684,True,0.270703942611,0.214817361656
139,4.63672,True,True,True,0,-8.23912768085,-178.858574164,-3.11030089506,-6.63443925327,-9.30254905724,-64.8834931016,-5.5471352713,4.77131741358e-17,11.4090058078,0.096664598283,True,0.270197197287,0.216194544152
140,4.670077,True,True,True,0,-8.23204107284,-179.620335624,-3.14089991014,-5.71206791238,-9.06238861923,-59.0292546684,-5.37313016049,-2.17988046513e-16,10.699620893,0.093641417111,True,0.269993383713,0.217315165529
141,4.703435,True,True,True,0,-8.3157321385,179.454837653,-3.21808387745,-4.61020364451,-8.76972565287,-51.8548319688,-5.2998203315,1.9902795139e-15,9.89928069819,0.0923674650457,True,0.270054569006,0.217994545849
142,4.736793,True,True,True,0,-8.48368808245,178.541730369,-3.32027745446,-3.53505374986,-8.4880656657,-44.8118261949,-5.36653991129,1.83809749873e-15,9.18979250238,0.0935269003507,True,0.270291802489,0.218122837617
143,4.770151,True,True,True,0,-8.72222526856,177.7558339,-3.40855900635,-2.64092903496,-8.28619638537,-39.512498314,-5.52487416327,-9.70206295846e-16,8.69407022962,0.0962778808459,True,0.270600364806,0.217698528247
144,4.803508,True,True,True,0,-9.00412605538,177.161905353,-3.44421684567,-2.02821022044,-8.21963692806,-36.9883427972,-5.67156240897,1.58863514634e-16,8.46450271926,0.0988258620028,True,0.270890956809,0.21686638992
145,4.836866,True,True,True,0,-9.28461486618,176.797695135,-3.40895163344,-1.75300113764,-8.30958706154,-37.5993888401,-5.72047060807,2.42315125017e-15,8.49121151549,0.0996752563642,True,0.271126400791,0.215902793998
146,4.870224,True,True,True,0,-9.50775756261,176.688390406,-3.31454555656,-1.83143753777,-8.53271460533,-41.2531454223,-5.65935186214,5.8418405983e-16,8.72562587827,0.0986137887634,True,0.271327778764,0.215162145839
147,4.903582,True,True,True,0,-9.62929697963,176.831664251,-3.19629878894,-2.22467057594,-8.82678982035,-47.3881359361,-5.55177526192,1.00504507407e-15,9.10066800882,0.0967452018367,True,0.27155496254,0.214972047718
148,4.936939,True,True,True,1,-9.64311656596,177.17150911,-3.09540642041,-2.82424981494,-9.11130201823,-54.7682852657,-5.48408162337,6.30340452023e-16,9.53545233422,0.0955691998063,True,0.271871095917,0.215511006735
149,4.970297,True,True,True,0,-9.59110000539,177.598069377,-3.03860596317,-3.47135859416,-9.32244426459,-61.6530105415,-5.49736653681,1.73358499575e-15,9.94242146741,0.0958000014184,True,0.272288886731,0.216722503119
150,5.003655,True,True,True,0,-9.54134330216,177.991383807,-3.02913122489,-4.01887362748,-9.43688848268,-66.5251450817,-5.56276034634,1.66699244168e-15,10.2498706118,0.0969360265976,True,0.272768419618,0.218306657171
151,5.037013,True,True,True,0,-9.54591018051,178.285735852,-3.05267748442,-4.40221244984,-9.47299243657,-68.6679604607,-5.62062360039,-9.4672591621e-16,10.4374367042,0.0979411252642,True,0.273222972495,0.219815274501
152,5.07037,True,True,True,0,-9.60565375408,178.50616715,-3.09092119167,-4.67203280389,-9.46985719901,-68.2454896138,-5.62628890174,1.11375532321e-15,10.550207289,0.0980395275615,True,0.273558615856,0.220815753664
153,5.103728,True,True,True,0,-9.66706627624,178.746278751,-3.13574090011,-4.95755582787,-9.4636534255,-66.1273396923,-5.56950261831,2.96009714022e-16,10.6730535829,0.0970531465949,True,0.273714952936,0.221050800659
154,5.137086,True,True,True,0,-9.65215941262,179.102057081,-3.18909187292,-5.38637766715,-9.47463146239,-63.6982031837,-5.45605226184,6.04876900845e-16,10.8865335283,0.095082222937,True,0.273694896016,0.220497016535
155,5.170444,True,True,True,0,-9.49960892364,179.610713818,-3.25668238953,-6.00975099242,-9.50380018776,-62.4851223103,-5.29517701136,-2.25726807747e-15,11.2297477818,0.0922867699701,True,0.273554748687,0.21932917029
156,5.203801,True,True,True,0,-9.19527486383,-179.77054451,-3.33768437129,-6.77598537695,-9.53798085432,-63.6452664647,-5.1063914937,1.79429872923e-15,11.6816845799,0.0890054072929,True,0.273386500073,0.21782719159
157,5.237159,True,True,True,0,-8.77834713149,-179.137119511,-3.41896690937,-7.55572398773,-9.56308796508,-67.3096429776,-4.9399697415,1.53299238388e-15,12.1659314246,0.0861119563528,True,0.273287564578,0.216276199749
158,5.270517,True,True,True,0,-8.32986549242,-178.598374668,-3.47842870775,-8.18963764508,-9.57098126108,-72.1490925747,-4.84847367687,-1.32684399727e-15,12.5717140029,0.0845208714174,True,0.27333373952,0.214899732238
159,5.303875,True,True,True,0,-7.94933624003,-178.251663267,-3.48856373125,-8.52654782287,-9.56804717359,-75.737915508,-4.83351156768,3.08370961226e-15,12.7895065256,0.084260664898,True,0.273564546747,0.213820150828
160,5.337232,True,True,True,0,-7.72832104524,-178.174582829,-3.42527669603,-8.45203631041,-9.5701359341,-75.8142028215,-4.84499427118,-3.24157678601e-16,12.7419730421,0.0844603614755,True,0.273968159694,0.213060677449
161,5.37059,True,True,True,0,-7.72542682274,-178.421097408,-3.27607843754,-7.90912427042,-9.59109565002,-71.2271436758,-4.86632114439,1.72110119417e-15,12.4079507095,0.0848312497561,True,0.274481760061,0.21258881397
162,5.403948,True,True,True,0,-7.95286749918,-179.011468687,-3.04596780597,-6.91994226231,-9.63833059005,-62.4646958977,-4.98001519661,4.41789885484e-16,11.8460978354,0.086808264125,True,0.274989953573,0.212361749783
163,5.437305,True,True,True,0,-8.37514066238,-179.914529131,-2.75937844006,-5.6017792553,-9.70843936108,-52.0079350163,-5.29120432969,2.72908229681e-15,11.195206059,0.0922177292681,True,0.275344230671,0.212353906079
164,5.470663,True,True,True,0,-8.92063744279,178.962903311,-2.45977663451,-4.15670414475,-9.79283142242,-43.1416023225,-5.78448994937,-6.35657080662e-16,10.6305739234,0.100786977833,True,0.275398039014,0.212548327813
165,5.504021,True,True,True,1,-9.49729242389,177.769049964,-2.19759055097,-2.82900468421,-9.88599477616,-37.8659640283,-6.30472977952,-1.6707663668e-15,10.2789380367,0.109816362418,True,0.275054142908,0.212916522541
166,5.537379,True,True,True,0,-10.0074351182,176.68350969,-2.01815864496,-1.8455378929,-9.98676065948,-36.6129394253,-6.68874858835,-1.87634653411e-17,10.1541535013,0.11647570178,True,0.274317830882,0.213399149581
167,5.570737,True,True,True,0,-10.3628409334,175.877238901,-1.94468164676,-1.35448991733,-10.0962541195,-39.0682484614,-6.8769169355,-1.05980935739e-15,10.1857724744,0.119736871508,True,0.27330166226,0.213913495893
168,5.604094,True,True,True,0,-10.4993863871,175.477748113,-1.97337637497,-1.40407474313,-10.211201824,-44.6151439243,-6.92155296041,2.74264504738e-16,10.3062675708,0.120510275977,True,0.272184191438,0.214378520279
169,5.637452,True,True,True,0,-10.3896681739,175.551353625,-2.07713233884,-1.95625042686,-10.3244479965,-52.2357628338,-6.92922644408,-2.55328059835e-15,10.5061709703,0.120643226398,True,0.271148873654,0.214739915901
170,5.67081,True,True,True,0,-10.0536553795,176.099177783,-2.21688875216,-2.92291268795,-10.4288615066,-60.510757841,-6.97875226394,6.48564645299e-16,10.8263565536,0.121501256288,True,0.270331330471,0.214983617071
171,5.704167,True,True,True,0,-9.55878756511,177.059293847,-2.35424427076,-4.18943002645,-10.521472718,-67.906279841,-7.07369805413,-1.99676365091e-16,11.3161349931,0.123145928245,True,0.269805021024,0.215127830903
172,5.737525,True,True,True,0,-9.00873377668,178.303310635,-2.46101035533,-5.61228422208,-10.6047476478,-73.2023231824,-7.16316271625,4.80339789162e-15,11.9832247874,0.124695345525,True,0.269582861403,0.215215362428
173,5.770883,True,True,True,0,-8.51825301194,179.637552622,-2.5253054077,-7.00964299749,-10.6818532896,-75.6574892057,-7.19673273392,2.22486700088e-15,12.754055272,0.125276658465,True,0.269636449995,0.215287962183
174,5.804241,True,True,True,0,-8.17784739699,-179.166922933,-2.55186054489,-8.1760499828,-10.7486960087,-74.9570909034,-7.17237661213,-7.47839187102e-16,13.475724252,0.124854901601,True,0.269901805059,0.215384590261
175,5.837598,True,True,True,0,-8.02041629055,-178.298018818,-2.56091036456,-8.95323309984,-10.7909138804,-71.3313769072,-7.15612069759,2.8864025721e-15,13.9875886353,0.124573397447,True,0.270304420737,0.215528539217
176,5.870956,True,True,True,0,-8.00290978707,-177.812410571,-2.57989754159,-9.31877689537,-10.7878565674,-65.733357181,-7.24801968394,1.18857742379e-15,14.2192489732,0.126164682358,True,0.270762208958,0.215727196575
177,5.904314,True,True,True,0,-8.01905287956,-177.59459747,-2.63072193528,-9.42770294688,-10.727235855,-59.7407082481,-7.51536046911,-1.715200238e-15,14.2447301034,0.130791984733,True,0.271208176177,0.215958749864
178,5.937672,True,True,True,0,-7.94782890591,-177.416658194,-2.72104094576,-9.54564328521,-10.6192977878,-54.8559776346,-7.9520556716,-4.255593246e-15,14.2422297381,0.138344409491,True,0.271591660715,0.216169042365
179,5.971029,True,True,True,0,-7.71692761926,-177.075376783,-2.83875682179,-9.90150164638,-10.4938021679,-51.7915933659,-8.50205249128,2.19613336309e-15,14.3895363256,0.147844840284,True,0.271888054576,0.21629656872
180,6.004387,True,True,True,1,-7.35047473901,-176.528626369,-2.95640357181,-10.5457684601,-10.3843776397,-50.4265368025,-9.11128865405,7.92128302455e-16,14.7589086654,0.15835260858,True,0.27208625351,0.216297949468
181,6.037745,True,True,True,0,-6.96777861858,-175.942046215,-3.04576349717,-11.3039166794,-10.3144450465,-50.1338392412,-9.75114389293,-1.14411543947e-15,15.2571102857,0.169369180144,True,0.272173580107,0.216175273308
182,6.071103,True,True,True,0,-6.73004998536,-175.612777517,-3.09052035678,-11.8595714869,-10.2983606039,-50.1784113699,-10.4145365363,-4.13633493395e-15,15.6583346519,0.180768681768,True,0.272113218598,0.21598722305
183,6.10446,True,True,True,0,-6.75704092995,-175.806957945,-3.09431788664,-11.925366139,-10.3354802363,-49.9462414457,-11.1122751056,4.86277405663e-15,15.7316928804,0.192732195237,True,0.271840132234,0.21582555203
184,6.137818,True,True,True,0,-7.06147875943,-176.606691888,-3.0801019288,-11.4025491645,-10.4003122025,-49.0509974405,-11.8789937309,3.44265709332e-15,15.3866730546,0.205845422207,True,0.271287521788,0.215771183236
185,6.171176,True,True,True,0,-7.5388410581,-177.847303394,-3.07835721033,-10.4457446688,-10.4512523179,-47.3373079648,-12.7799620733,9.34363122799e-16,14.7352201807,0.221207447243,True,0.270424914416,0.215858447639
186,6.204533,True,True,True,0,-8.02084694495,-179.183566824,-3.11356745316,-9.39952197931,-10.4647619581,-44.9284506007,-13.9044318276,-2.04257947028e-16,14.031246339,0.240303126662,True,0.26929894751,0.216035259766
187,6.237891,True,True,True,0,-8.36261131862,179.747442595,-3.18957309083,-8.63038980806,-10.4545517728,-42.1343454532,-15.3394850432,-3.27028431922e-15,13.5259593698,0.26453770622,True,0.268040673932,0.216188554572
188,6.271249,True,True,True,0,-8.5014677881,179.177813235,-3.28991275766,-8.3789730048,-10.454609753,-39.3597852433,-17.1350601095,2.00654855298e-15,13.3687712759,0.294625133604,True,0.266827079649,0.216188137218
189,6.304607,True,True,True,0,-8.4637424731,179.142671904,-3.38369053501,-8.68934180614,-10.4873884701,-36.8967649468,-19.2820154256,4.64311286247e-16,13.5883618982,0.33021812672,True,0.265824964986,0.215960255079
190,6.337964,True,True,True,0,-8.3287510234,179.507903451,-3.44093689181,-9.43134917967,-10.5494765467,-34.8496504875,-21.7145458567,-1.42145982815e-15,14.1149756337,0.369982627114,True,0.265117954605,0.215536023442
191,6.371322,True,True,True,0,-8.1828694361,-179.951711314,-3.44408713481,-10.3704320192,-10.6172418159,-33.1668031715,-24.3284660116,-7.15918942033e-16,14.7998378016,0.411967116303,True,0.264657087509,0.215069932617
192,6.40468,True,True,True,0,-8.08360609461,-179.466906742,-3.39640678317,-11.251063702,-10.6590700603,-31.7571040895,-26.9944088353,2.01399443109e-15,15.4510429357,0.45390354939,True,0.264245798621,0.214789854204
193,6.438038,True,True,True,0,-8.04689319682,-179.212864874,-3.3164502388,-11.8690329604,-10.6456745454,-30.566584868,-29.5534526455,4.40469619472e-15,15.892603889,0.493235321985,True,0.263588992058,0.214899113681
194,6.471395,True,True,True,0,-8.05400778576,-179.282411684,-3.23038358938,-12.1049005101,-10.558603195,-29.5961859072,-31.8377611266,5.91937945214e-15,16.0107876805,0.527515807883,True,0.262359457518,0.215484772673
195,6.504753,True,True,True,0,-8.07231654313,-179.684399479,-3.15593123583,-11.9344534232,-10.4031992296,-28.865875939,-33.7070608656,1.65801702186e-15,15.7824128557,0.554946949395,True,0.260303737426,0.21648953844
196,6.538111,True,True,True,0,-8.0776088082,179.645643526,-3.09738391741,-11.4257903333,-10.2102751618,-28.3698797274,-35.082383065,1.16051204828e-15,15.2777583614,0.574753665493,True,0.257307503357,0.217784699134
197,6.571469,True,True,True,0,-8.06527858841,178.833126691,-3.04631027732,-10.7266448881,-10.0335900572,-28.0634116442,-35.9715225729,-3.80385724808e-15,14.6476109513,0.587383078145,True,0.253439044484,0.219253754317
198,6.604826,True,True,True,0,-8.04775727799,178.049464909,-2.99243541282,-10.0465482827,-9.92692086704,-27.864840742,-36.4556548916,3.8411149424e-15,14.0876846013,0.59420044905,True,0.248931554822,0.220835145665
199,6.638184,True,True,True,0,-8.04138930438,177.483017888,-2.9324921665,-9.61171864929,-9.92543973204,-27.6818818709,-36.6686913344,6.9368594047e-16,13.7830247922,0.597186936052,True,0.244118471179,0.222519147084
200,6.671542,True,True,True,1,-8.05156192181,177.297236749,-2.87260153258,-9.60743714138,-10.0330504287,-27.4421078507,-36.7675206776,1.38478678431e-15,13.8570491714,0.598569590809,True,0.239348038682,0.22431027482
201,6.704899,True,True,True,0,-8.06516440927,177.582562398,-2.82171471546,-10.1152928695,-10.2276239961,-27.1196943309,-36.9073670733,1.78971888113e-15,14.3468498332,0.600523043565,True,0.234903921902,0.226203138312
202,6.738257,True,True,True,0,-8.05682311381,178.313596805,-2.78458203245,-11.0736844577,-10.4696225219,-26.7457153272,-37.2168017112,-8.60787054696e-15,15.1943480456,0.604832667424,True,0.230971670546,0.228171654887
203,6.771615,True,True,True,0,-8.00467185927,179.336471334,-2.75506872312,-12.2825485279,-10.7187621031,-26.4010933745,-37.7751537052,1.57193876869e-15,16.247566369,0.612564345588,True,0.227629974661,0.230168352014
204,6.804973,True,True,True,0,-7.90773558818,-179.606490571,-2.71860832236,-13.4499289932,-10.9428215195,-26.1776317564,-38.6035551893,4.39738080611e-15,17.2752122584,0.623928088665,True,0.224869089441,0.232148350546
205,6.83833,True,True,True,0,-7.79190070416,-178.806651846,-2.66198566301,-14.2743576955,-11.1243457978,-26.1260063519,-39.6746903293,1.91993903594e-15,18.0258423477,0.638427882888,True,0.222611897917,0.234101468165
206,6.871688,True,True,True,0,-7.70051494847,-178.501092275,-2.58214274609,-14.5319712128,-11.2587450784,-26.2234695134,-40.9378338654,1.54015617267e-15,18.3084893743,0.655239780273,True,0.220727650579,0.236069909294
207,6.905046,True,True,True,0,-7.67393184696,-178.794565305,-2.49056099129,-14.1471139835,-11.3518178526,-26.393632824,-42.3458907384,-4.58898821702e-15,18.0656667012,0.673604701017,True,0.219065769143,0.238116687601
208,6.938404,True,True,True,0,-7.73347743538,-179.625150394,-2.40891593338,-13.221608116,-11.4149477272,-26.5464970947,-43.8627747632,2.44656728677e-15,17.4007114086,0.692933537781,True,0.217484114666,0.24025674315
209,6.971761,True,True,True,0,-7.87247565144,179.224142373,-2.3650397175,-12.0207669214,-11.4665000147,-26.6317101515,-45.4572943295,6.11874124502e-15,16.554139277,0.712727825163,True,0.215881524467,0.242398077641
210,7.005119,True,True,True,0,-8.06002852479,178.07008643,-2.38323145018,-10.9099775348,-11.5405273746,-26.6578844023,-47.0943437845,4.79004032182e-15,15.830144784,0.732475694737,True,0.214202888638,0.244351102134
211,7.038477,True,True,True,0,-8.2486962601,177.245107025,-2.477105452,-10.2540624847,-11.6866761396,-26.682804943,-48.7335308745,-6.18627932005e-16,15.5002861481,0.751650253755,True,0.21243148865,0.245890653214
212,7.071834,True,True,True,0,-8.3893434971,177.001995176,-2.64342084147,-10.3050764447,-11.956975609,-26.777222747,-50.3332319577,-8.72883366512e-16,15.7357694564,0.769769915466,True,0.210572384915,0.246841866257
213,7.105192,True,True,True,0,-8.44582513265,177.43248918,-2.85923602553,-11.1036706254,-12.3835937982,-26.9812026492,-51.8695914916,-6.42549045692e-15,16.5745073233,0.786607432566,True,0.208651638386,0.247150919998
214,7.13855,True,True,True,0,-8.40835098777,178.429887285,-3.08168003713,-12.4504288231,-12.959477194,-27.2770567721,-53.3375013736,-3.18877356772e-15,17.8969384123,0.802166631547,True,0.206701392997,0.246900834306
215,7.171908,True,True,True,0,-8.29594245062,179.71572879,-3.26064791724,-13.9525334046,-13.6344388713,-27.583078675,-54.7512584818,-4.43569653566e-15,19.4130904618,0.816654231757,True,0.204770284897,0.246293010086
216,7.205265,True,True,True,0,-8.14912348338,-179.068556451,-3.35378389576,-15.1530561708,-14.3322651656,-27.7829487944,-56.1276631569,2.21093574729e-15,20.7412011439,0.830281475027,True,0.20291184444,0.245589995916
217,7.238623,True,True,True,0,-8.01460566522,-178.244830171,-3.34078110644,-15.6796136334,-14.9737871762,-27.7623904741,-57.4726291911,-1.84286540541e-15,21.5502670138,0.843134675798,True,0.201200045773,0.245035139386
218,7.271981,True,True,True,0,-7.9300238521,-177.999579724,-3.23018847862,-15.3632737032,-15.4978106976,-27.4567952086,-58.7756510707,-5.34193889421e-16,21.6887155464,0.855144037516,True,0.199718089218,0.244786692778
219,7.305339,True,True,True,0,-7.91312223699,-178.344058826,-3.05146116207,-14.2722358858,-15.873915052,-26.8806778669,-60.014807815,-1.81093889025e-15,21.2230510367,0.866154597424,True,0.19855630372,0.24486503932
220,7.338696,True,True,True,0,-7.95626171017,-179.123127923,-2.84700552893,-12.6848321999,-16.1010304745,-26.1319815349,-61.1557951399,-1.06052900077e-15,20.3930487708,0.875934736508,True,0.197786045226,0.245135457188
221,7.372054,True,True,True,0,-8.02893967764,179.929247755,-2.65870325244,-11.0074724339,-16.2041421102,-25.3725684109,-62.1497819954,4.6809800553e-15,19.5059741558,0.884171861824,True,0.197437032395,0.245331381761
222,7.405412,True,True,True,0,-8.08823162927,179.116125969,-2.52078221926,-9.66667400138,-16.2290537114,-24.7786841879,-62.9442485723,-1.61132556811e-15,18.8231128048,0.890564348819,True,0.197490082052,0.2451498198
223,7.43877,True,True,True,1,-8.0945044859,178.699279136,-2.45116787154,-9.00413077859,-16.2292625141,-24.480276889,-63.4967283572,-5.26753424068e-15,18.5008066594,0.894908881829,True,0.19787864971,0.244381545414
224,7.472127,True,True,True,0,-8.02897918939,178.826888101,-2.44953579489,-9.18667990527,-16.2510981294,-24.5138289942,-63.7936906462,3.58754457894e-15,18.6068281815,0.897209746052,True,0.198493506521,0.243034899821
225,7.505485,True,True,True,0,-7.90277250494,179.494035576,-2.4948204618,-10.1625928358,-16.3278377103,-24.8101157023,-63.8624771495,2.01534389022e-15,19.1588041182,0.897739268235,True,0.19920469326,0.241371946092
226,7.538843,True,True,True,0,-7.75439578232,-179.456252881,-2.55156394432,-11.6767169075,-16.4795678016,-25.2256601075,-63.7663463198,7.14799187103e-15,20.1030065802,0.896998888712,True,0.19987255997,0.239816845021
227,7.572201,True,True,True,1,-7.6313924295,-178.277962588,-2.58194806091,-13.349901274,-16.719011913,-25.6079422772,-63.5887787195,-6.17790864551e-15,21.2753333081,0.895624662022,True,0.200366661127,0.238767775307
228,7.605559,True,True,True,0,-7.5669516978,-177.237639541,-2.56044622319,-14.7970235043,-17.0460439529,-25.8655607937,-63.4106233259,-3.47569268639e-15,22.4274991761,0.894237241384,True,0.200586593615,0.238421164988
229,7.638917,True,True,True,0,-7.56660286788,-176.541071551,-2.48387283817,-15.7272532321,-17.4424214654,-25.999559559,-63.2947450552,9.68103359167e-15,23.3207618765,0.893330174789,True,0.200487897303,0.238688320412
230,7.672274,True,True,True,0,-7.61584353061,-176.305181094,-2.36855996121,-15.9876747413,-17.8704542094,-26.0732113736,-63.2759384885,-3.06154278256e-15,23.8028070415,0.893182616875,True,0.200087472874,0.239268210452
231,7.705632,True,True,True,0,-7.69814159578,-176.561760632,-2.24003732176,-15.5577319954,-18.2827271251,-26.1543449288,-63.3606959919,-3.79495253533e-15,23.8325402023,0.893846870753,True,0.199468964265,0.239813482609
232,7.73899,True,True,True,1,-7.80727465115,-177.266613672,-2.12198405155,-14.5299200001,-18.6357827053,-26.2715921076,-63.5321044462,-1.80152762047e-15,23.4708681408,0.895184238357,True,0.198755504351,0.240097076669
233,7.772348,True,True,True,0,-7.94024898324,-178.292434754,-2.03165414808,-13.1053926227,-18.8984330182,-26.4121506454,-63.7526210315,-1.17869893438e-15,22.860589461,0.896892973368,True,0.198067112073,0.240074700977
234,7.805705,True,True,True,1,-8.08283361707,-179.431659918,-1.97999838505,-11.5763503293,-19.0587107867,-26.553013699,-63.9759749417,1.19501249433e-15,22.1867886658,0.898610151091,True,0.197491312368,0.239849482647
235,7.839063,True,True,True,0,-8.20060115164,179.567399358,-1.97442558585,-10.2715525068,-19.1250038943,-26.6918081073,-64.1600379138,-1.6925838317e-15,21.6174584833,0.900014991814,True,0.197064445819,0.239554740997
236,7.872421,True,True,True,0,-8.24851561995,178.924917899,-2.01557928144,-9.45907401569,-19.1237606296,-26.8541251905,-64.2799495226,-4.98002318154e-16,21.2565012638,0.900925208522,True,0.196769566826,0.239268563926
237,7.905779,True,True,True,0,-8.19356951985,178.747639249,-2.09340829805,-9.25033526481,-19.089245156,-27.0757333624,-64.3375623931,9.19800783647e-16,21.1370006995,0.90136112911,True,0.196561128823,0.238977817619
238,7.939136,True,True,True,0,-8.03776989862,178.987346958,-2.18789023836,-9.56264504781,-19.0500554061,-27.3762921492,-64.355986029,2.02817789731e-15,21.2355345434,0.901500336951,True,0.196392191258,0.238601344692
239,7.972494,True,True,True,0,-7.82406525654,179.466886275,-2.27745292011,-10.1634194499,-19.0207061666,-27.7405866982,-64.3635999496,-4.13636328746e-15,21.4767727662,0.90155784004,True,0.196243491352,0.238042794963
240,8.005852,True,True,True,0,-7.62357729878,179.960563615,-2.34621535966,-10.7779294154,-19.0043843978,-28.1161614474,-64.3744540862,2.20309695169e-15,21.7492281886,0.901639786889,True,0.196125768042,0.237257398513
241,8.03921,True,True,True,0,-7.50453155838,-179.702010916,-2.39202748471,-11.2116043762,-18.9969878857,-28.4332259674,-64.3821999673,-3.03133453242e-15,21.9529908427,0.901698247163,True,0.196076801927,0.23629019081
242,8.072568,True,True,True,0,-7.49978372347,-179.559251417,-2.42681795397,-11.4284782794,-18.9825272275,-28.627866456,-64.3633259308,8.10999633484e-16,22.0481263214,0.901555770827,True,0.1961397692,0.23525755933
243,8.105926,True,True,True,0,-7.59471781267,-179.519931694,-2.46956177035,-11.5332075007,-18.9363529246,-28.6639594554,-64.2964003779,-4.79171046279e-15,22.0614758264,0.9010497748,True,0.19633223214,0.23428237922
244,8.139283,True,True,True,0,-7.73869968728,-179.434472348,-2.53973313929,-11.6788198191,-18.8322013602,-28.5473570739,-64.178911812,3.40919605641e-15,22.0473538083,0.90015852,True,0.196628520258,0.233435887879
245,8.172641,True,True,True,0,-7.87386630054,-179.195076464,-2.64668966969,-11.9597918664,-18.6531743758,-28.3186236199,-64.031017145,-2.66483695044e-15,22.0425407535,0.899031227379,True,0.196962879675,0.232711317664
246,8.205999,True,True,True,0,-7.96324532143,-178.804289361,-2.78651051077,-12.3522214899,-18.4009371075,-28.0373894183,-63.8868951344,-3.16835609861e-15,22.0425438546,0.897926928041,True,0.197249160236,0.232061634686
247,8.239357,True,True,True,0,-8.00597309525,-178.380454002,-2.94188278268,-12.7266886239,-18.098214005,-27.760900758,-63.7799515819,-7.58855677448e-15,22.0016695922,0.897103827035,True,0.197428711765,0.231457758855
248,8.272714,True,True,True,1,-8.03067410467,-178.10056489,-3.08841262368,-12.9187030466,-17.784706594,-27.5353314362,-63.7265514796,-3.64055743182e-15,21.8580882543,0.896691658065,True,0.197495693599,0.230901076615
249,8.306072,True,True,True,0,-8.07501981519,-178.117945278,-3.20043843609,-12.8040975672,-17.5042047686,-27.3859690682,-63.7262396683,2.93753312786e-15,21.5683283501,0.89668924906,True,0.197498651403,0.230414317561
250,8.33943,True,True,True,0,-8.16344782293,-178.499173756,-3.25770404298,-12.3471642462,-17.2904792599,-27.3207925822,-63.766343145,-8.42673882546e-16,21.1362906488,0.896998864219,True,0.197522602833,0.230001090617
251,8.372788,True,True,True,0,-8.29603007954,-179.203625608,-3.24856028704,-11.6035458366,-17.1576466863,-27.3274914025,-63.8307369116,-5.51470217273e-15,20.614735596,0.897495090918,True,0.197647220524,0.2296433879
252,8.406146,True,True,True,0,-8.45213103353,179.893509125,-3.17346457099,-10.6929249504,-17.1006915497,-27.3769035937,-63.9032215818,6.50161335699e-16,20.0835524476,0.898052310893,True,0.197907361634,0.229318367003
253,8.439503,True,True,True,0,-8.60274792471,178.95709763,-3.04373889529,-9.76242897665,-17.1047827418,-27.429889964,-63.9655354781,1.13570273161e-16,19.6220528169,0.89853019497,True,0.198288415912,0.229026034548
254,8.472861,True,True,True,0,-8.71850071251,178.148424873,-2.8795753099,-8.95435587008,-17.1537181278,-27.4495759513,-64.0008763346,-7.44162002003e-15,19.2877326436,0.898800751047,True,0.19871566981,0.228817676629
255,8.506219,True,True,True,0,-8.77467806883,177.593199254,-2.70577316453,-8.38355135088,-17.2328841862,-27.4059668198,-63.9995237969,-4.04712496565e-15,19.1081395433,0.898790402828,True,0.199090773282,0.228804731723
256,8.539576,True,True,True,0,-8.74966140492,177.370796225,-2.54528289088,-8.12839306929,-17.3321401888,-27.2855721961,-63.9666269612,2.4506012993e-16,19.0904022711,0.898538556064,True,0.199321090206,0.229146963224
257,8.572934,True,True,True,0,-8.62476083767,177.518017596,-2.41382462542,-8.23230465001,-17.4440494179,-27.09650326,-63.9276504279,1.61940992083e-15,19.2342360706,0.898239781867,True,0.199344469191,0.23000357174
258,8.606292,True,True,True,0,-8.39146985719,178.020286339,-2.31575582372,-8.68908396853,-17.5622578528,-26.8729716699,-63.921751859,-5.26536919272e-15,19.5333063003,0.898194530233,True,0.199160543344,0.231439773414
259,8.63965,True,True,True,0,-8.0630740909,178.792034702,-2.24529560902,-9.41952306694,-17.6769472585,-26.6658972826,-63.9824974644,-2.39525373562e-15,19.9590501519,0.898660092118,True,0.198821719533,0.233364212846
260,8.673007,True,True,True,0,-7.68322287624,179.66360269,-2.18920793878,-10.2562263115,-17.7761839536,-26.5226344603,-64.119338148,3.88729496615e-15,20.4396391146,0.899705154589,True,0.19841473848,0.235514929465
261,8.706365,True,True,True,0,-7.32163880944,-179.586327081,-2.13723038027,-10.9810638614,-17.8505339531,-26.4705423706,-64.3061887889,-1.81132749959e-15,20.8635807524,0.90112385764,True,0.198029593049,0.23752057373
262,8.739723,True,True,True,0,-7.05173060428,-179.146450367,-2.0903068381,-11.4139279842,-17.8947437868,-26.5076131389,-64.4879097075,-7.58515794031e-16,21.1240332499,0.902494419779,True,0.197743119364,0.239014040705
263,8.773081,True,True,True,0,-6.9178378776,-179.073157777,-2.06398702163,-11.5186059322,-17.9069934479,-26.6246979223,-64.5982329946,6.9564587477e-15,21.1891220207,0.903322064048,True,0.197606087986,0.239738529177
264,8.806438,True,True,True,0,-6.9148357755,-179.253939933,-2.08479208021,-11.4313385757,-17.8819004189,-26.8181284047,-64.584940066,-4.17646584419e-15,21.1224086039,0.903222518019,True,0.1976428108,0.239593039269
265,8.839796,True,True,True,0,-6.9909186199,-179.461610428,-2.17620577373,-11.3841096659,-17.8151390405,-27.0885565325,-64.4379425578,-2.53144740077e-15,21.0419263134,0.902118465571,True,0.197841183776,0.238664828607
266,8.873154,True,True,True,0,-7.07505959259,-179.47766784,-2.34462180182,-11.5631612367,-17.7039251417,-27.4156596595,-64.1991197213,-3.38839883417e-15,21.0438041098,0.900312084509,True,0.19815377515,0.237183916826
267,8.906511,True,True,True,0,-7.1107543713,-179.206098874,-2.57127670731,-11.9933332972,-17.5522183675,-27.73839597,-63.9540859548,-1.64382186614e-15,21.151345514,0.898442468479,True,0.198495388616,0.235482740943
268,8.939869,True,True,True,0,-7.07726467871,-178.704915211,-2.81432989345,-12.5324044372,-17.3689521603,-27.9608774686,-63.8004246912,-1.25595472233e-15,21.3045917681,0.897261642206,True,0.19877344465,0.233911868365
269,8.973227,True,True,True,0,-6.99152809568,-178.131471287,-3.02681944325,-12.9674042698,-17.1694072745,-27.98954728,-63.8085896548,-2.71564170128e-15,21.3976982763,0.897324549158,True,0.198918266474,0.23277217327
270,9.006585,True,True,True,0,-6.89434706179,-177.648613229,-3.17405798572,-13.1413306278,-16.975526259,-27.7768980069,-63.9938704194,-2.62365422474e-15,21.3485978406,0.898747143613,True,0.198926909889,0.232248087643
271,9.039942,True,True,True,0,-6.83141447239,-177.352875701,-3.24261402428,-13.0295534781,-16.8140719107,-27.3443012982,-64.3053159459,-1.39333797152e-15,21.1557083726,0.901117252662,True,0.198854802595,0.232378925185
272,9.0733,True,True,True,0,-6.83383359333,-177.247703775,-3.24234959801,-12.7381766519,-16.7079007473,-26.7746031171,-64.6491379411,7.80271670221e-16,20.8991514671,0.903702823473,True,0.198782107306,0.233051385555
273,9.106658,True,True,True,1,-6.90453496681,-177.260595898,-3.19524650012,-12.4432161753,-16.6715085572,-26.1903483455,-64.9231791047,-7.98665660581e-15,20.6969737,0.905740335498,True,0.198769724724,0.23402926676
274,9.140016,True,True,True,0,-7.01686148872,-177.288365073,-3.12333391933,-12.3071613663,-16.7088838037,-25.7216463717,-65.0576539584,-6.50111797111e-15,20.6475569489,0.906732588345,True,0.198840278603,0.235008184234
275,9.173373,True,True,True,1,-7.12640891006,-177.251655732,-3.04024112647,-12.4074721271,-16.8163813746,-25.4729792075,-65.0403920347,1.1589970823e-15,20.791256997,0.906605496685,True,0.198977760735,0.235715560551
276,9.206731,True,True,True,0,-7.19106033301,-177.136981434,-2.94586348112,-12.700488365,-16.985255012,-25.4941409675,-64.9175621245,-3.05319910227e-15,21.0958031705,0.905698780759,True,0.199137334917,0.235998949428
277,9.240089,True,True,True,0,-7.18850251189,-177.007240871,-2.83378250459,-13.0339935981,-17.2014924583,-25.7636174169,-64.7754397876,-1.8501680828e-15,21.4621502906,0.904644456251,True,0.199256120714,0.235879127226
278,9.273447,True,True,True,0,-7.12137253292,-176.968972456,-2.7000474957,-13.2166504165,-17.445600964,-26.2059353378,-64.6979184184,-2.19462044914e-15,21.7618495126,0.904067022959,True,0.199273162418,0.235507248383
279,9.306804,True,True,True,0,-7.01141675196,-177.116379175,-2.55432032662,-13.1008392342,-17.692572382,-26.7226018293,-64.7348555533,5.06554630114e-15,21.8894979845,0.904342363016,True,0.199147717381,0.235067762871
280,9.340162,True,True,True,0,-6.88754282129,-177.486889227,-2.4185479,-12.6406521272,-17.913176579,-27.2296226327,-64.8858731606,-5.32859217181e-15,21.8039200606,0.905464180936,True,0.198883780716,0.234671436253
281,9.37352,True,True,True,0,-6.77109637151,-178.03929244,-2.32109828173,-11.9002035696,-18.0749942913,-27.6733031907,-65.1156380854,-1.64451035904e-15,21.5308534959,0.907158896369,True,0.198517478573,0.234343489259
282,9.406877,True,True,True,0,-6.66772500471,-178.668673084,-2.28758434098,-11.0195106674,-18.1454003242,-28.0271576763,-65.3785107561,-2.12158242317e-15,21.1326344542,0.909079915634,True,0.198101047329,0.234062221074
283,9.440235,True,True,True,0,-6.5698521182,-179.246459543,-2.32903902013,-10.1595903798,-18.1068016777,-28.2791535032,-65.6399857466,-4.77156679556e-15,20.678666191,0.910971737544,True,0.197690774894,0.233822041946
284,9.473593,True,True,True,0,-6.46970409549,-179.67248377,-2.43848771274,-9.44899251094,-17.9645495634,-28.4197159021,-65.8823944256,-8.65625049116e-16,20.2251867426,0.912708664301,True,0.197340820382,0.233663786347
285,9.50695,True,True,True,0,-6.3735455437,-179.918000389,-2.59108748345,-8.94418818897,-17.7498808836,-28.4364216419,-66.099829454,5.99339896846e-15,19.8110309619,0.91425274929,True,0.197114144444,0.233653206222
286,9.540308,True,True,True,0,-6.30724822289,179.963873325,-2.74876834064,-8.62216162672,-17.5131423075,-28.3203624954,-66.2872590601,3.03266924756e-15,19.4606938896,0.915573189031,True,0.197069725328,0.23383420654
287,9.573666,True,True,True,0,-6.30732063333,179.870067397,-2.87106894881,-8.40862119947,-17.3101955702,-28.0776725932,-66.4335921843,-1.30855063768e-14,19.1880250466,0.916597294376,True,0.197254583019,0.234186050058
288,9.607023,True,True,True,0,-6.40580414074,179.705749538,-2.92520504783,-8.23243488468,-17.1894411632,-27.7411593353,-66.5169347913,-6.66024561525e-16,19.0053006669,0.917177891738,True,0.197680051308,0.234604038742
289,9.640381,True,True,True,0,-6.61721675857,179.438865874,-2.89641839406,-8.07310157373,-17.1825748604,-27.3652947983,-66.5087793549,-6.30736711689e-15,18.9327134469,0.9171211634,True,0.198313073853,0.234931659914
290,9.673739,True,True,True,0,-6.93347424468,179.110383812,-2.79195260142,-7.96233122652,-17.298165744,-27.0130604516,-66.3861807944,-6.07265744006e-15,18.9917021989,0.916266142471,True,0.199060285964,0.235019328535
291,9.707096,True,True,True,0,-7.32345076535,178.804722708,-2.63596963308,-7.94972789142,-17.5212798063,-26.7416308892,-66.1458395841,-3.31692901181e-15,19.188760386,0.914577796804,True,0.199786210795,0.234781215565
292,9.740454,True,True,True,0,-7.73401669592,178.598377124,-2.46098729571,-8.04739577885,-17.8136166757,-26.584680113,-65.8235414356,2.27560302812e-15,19.4931425036,0.912288466533,True,0.200333682794,0.234245565862
293,9.773812,True,True,True,0,-8.0974545813,178.517941583,-2.29540593078,-8.19604307687,-18.1189897478,-26.540620066,-65.496922451,-8.4867219755e-15,19.8296633908,0.909938994995,True,0.200564645319,0.233557923905
294,9.807169,True,True,True,0,-8.3455396817,178.533835666,-2.15603541707,-8.27728938928,-18.3736880179,-26.5686906839,-65.2708180994,3.16524460116e-15,20.093230159,0.908295231538,True,0.200402959724,0.232949270226
295,9.840527,True,True,True,0,-8.42961721613,178.587505451,-2.05114330381,-8.1696142308,-18.5194070859,-26.6010627736,-65.2416715164,-2.89189315288e-16,20.1833421478,0.908082308077,True,0.19986806783,0.232650058109
296,9.873885,True,True,True,0,-8.33348116906,178.643129749,-1.98137502105,-7.83162472108,-18.527502396,-26.5860123157,-65.452005165,-8.70826097225e-15,20.0610868618,0.909613576448,True,0.199078126742,0.232799787135
297,9.907242,True,True,True,0,-8.07940732189,178.71859945,-1.94427791464,-7.35451228779,-18.4122127024,-26.5161580274,-65.8597028794,-3.25837411385e-15,19.7793222491,0.912546765556,True,0.198217400003,0.233402848504
298,9.9406,True,True,True,1,-7.72204342247,178.878921835,-1.93384669374,-6.94610206093,-18.2282863535,-26.4353833687,-66.3410625325,-7.53481930848e-15,19.4647958266,0.915950424643,True,0.197474743127,0.234347526563
299,9.973957,True,True,True,0,-7.33827773936,179.184479073,-1.93928414631,-6.83370950924,-18.0454340108,-26.3998150222,-66.7307361068,1.00004860997e-16,19.2556850645,0.918658438087,True,0.196970019549,0.23545465659
300,10.007315,True,True,True,0,-7.01174192816,179.639371264,-1.94574836123,-7.1487621783,-17.9241584286,-26.4465645778,-66.8862596207,5.59854313996e-15,19.2535823812,0.919727382602,True,0.196736118723,0.236540043935
301,10.040673,True,True,True,0,-6.81319909825,-179.825407385,-1.94650372789,-7.85540179611,-17.8864011474,-26.5704135682,-66.7460340431,-8.94789234065e-15,19.483596244,0.918763884171,True,0.196729994754,0.237445547705
302,10.07403,True,True,True,0,-6.78211106395,-179.323762062,-1.9496181522,-8.77356284995,-17.9103804159,-26.729930904,-66.3447257992,-2.1831917055e-15,19.8803812124,0.915976079767,True,0.196876649598,0.23806271585
303,10.107388,True,True,True,0,-6.91340010408,-178.955797499,-1.9783777716,-9.67447571674,-17.9463102396,-26.8750139654,-65.7883902363,1.94139120667e-15,20.3120352415,0.912037035317,True,0.197093926746,0.238346959418
304,10.140746,True,True,True,0,-7.15729399824,-178.759185496,-2.06295442458,-10.3898052375,-17.9328728568,-26.97203414,-65.1985164209,-5.68353691976e-15,20.6392885612,0.907766617213,True,0.19730780445,0.238289499569
305,10.174103,True,True,True,0,-7.43702003753,-178.702394093,-2.22048588158,-10.8610987167,-17.8313973679,-27.0226080047,-64.6714986744,-5.60730409586e-16,20.7865320731,0.903869852074,True,0.197467002512,0.237914859364
306,10.207461,True,True,True,0,-7.6767572216,-178.71642347,-2.44415214496,-11.1239899499,-17.638326398,-27.0553803722,-64.2549565699,-1.16494014227e-15,20.7583737257,0.900735819144,True,0.197547663833,0.237265423092
307,10.240819,True,True,True,0,-7.82872160126,-178.742381136,-2.69879753531,-11.2493577977,-17.391627411,-27.1029319542,-63.9530792844,3.34067937082e-17,20.6178619323,0.898434753633,True,0.197555748906,0.236418053179
308,10.274176,True,True,True,1,-7.88347215383,-178.75436901,-2.93483233483,-11.2982303432,-17.1503786295,-27.1766681241,-63.7469143956,2.19892581118e-15,20.4435895401,0.896848921236,True,0.197515073473,0.235495334455
309,10.307534,True,True,True,0,-7.85846501305,-178.744653728,-3.10725558691,-11.3161710917,-16.9729654442,-27.2654227401,-63.6168048319,-7.96638905207e-15,20.3066429295,0.895842133052,True,0.197455766472,0.234672968083
310,10.340892,True,True,True,0,-7.77899183345,-178.697713487,-3.19447965429,-11.3441297418,-16.8935299683,-27.343807623,-63.5610473589,-6.2416032093e-15,20.2563574354,0.89540926722,True,0.197405773788,0.234138014344
311,10.37425,True,True,True,0,-7.66564762421,-178.589155333,-3.20423284066,-11.4134892109,-16.9102872864,-27.392091863,-63.5936580929,7.56154000188e-16,20.3079070326,0.895662539348,True,0.197392263438,0.234019740402
312,10.407607,True,True,True,0,-7.53546937732,-178.407990269,-3.16594535298,-11.5339149104,-16.9913862441,-27.4135925551,-63.7261216143,2.63210273508e-15,20.4402819849,0.896688336986,True,0.197436188808,0.234315392832
313,10.440965,True,True,True,0,-7.41160346638,-178.187016022,-3.11599560563,-11.6784202822,-17.0919646506,-27.4375660891,-63.942073512,-2.63592082099e-15,20.6019385294,0.89835039032,True,0.197562257795,0.234844965177
314,10.474323,True,True,True,0,-7.32416571343,-178.000795802,-3.08628691333,-11.796896033,-17.1666536451,-27.5045679529,-64.1830328513,-6.51607875905e-15,20.7282349756,0.900189845806,True,0.197784096959,0.235312130737
315,10.507681,True,True,True,0,-7.29715003624,-177.928955709,-3.0934610273,-11.8471165464,-17.1895014516,-27.6500818045,-64.370722901,-1.57429844145e-15,20.7746192293,0.901611620737,True,0.198094544589,0.235424225882
316,10.541039,True,True,True,0,-7.32844467678,-178.005145375,-3.14144296853,-11.8256951187,-17.1518757544,-27.8871224552,-64.441070492,-3.95235400658e-15,20.7320909133,0.902142020367,True,0.198457118754,0.23503944453
317,10.574396,True,True,True,0,-7.38387594067,-178.190092701,-3.22159908237,-11.7742171277,-17.066191151,-28.2029917382,-64.3770475145,-5.04311217321e-17,20.6337429784,0.901659362033,True,0.198797695485,0.2342344348
318,10.607754,True,True,True,0,-7.41134138812,-178.387391658,-3.31697301164,-11.7499898568,-16.9629332926,-28.5585748477,-64.2232081774,3.72876989514e-15,20.5361796719,0.90049499186,True,0.199035541665,0.233265117652
319,10.641112,True,True,True,0,-7.37183777912,-178.500040278,-3.40337369133,-11.7758842047,-16.882090327,-28.8891585923,-64.0687014339,-4.44183940685e-15,20.4848435059,0.899319036083,True,0.199109448221,0.232449417078
320,10.67447,True,True,True,0,-7.26199360107,-178.478506344,-3.45386995284,-11.8234915713,-16.8621164265,-29.1187278162,-64.006889346,5.62711128625e-15,20.4952466419,0.898846750325,True,0.198996866121,0.232038920539
321,10.707828,True,True,True,0,-7.11781650206,-178.338874119,-3.44485971862,-11.8325188858,-16.9290095206,-29.1804365475,-64.0953990606,2.773219296e-15,20.5545674215,0.899522700198,True,0.198729416298,0.232146253715
322,10.741186,True,True,True,0,-6.99443645651,-178.135111381,-3.36770932771,-11.7708779877,-17.0891411281,-29.0518508995,-64.3263183544,-9.37919917816e-16,20.6506114846,0.901276124058,True,0.198379316147,0.232735492775
323,10.774543,True,True,True,0,-6.93795864297,-177.918684389,-3.23093015098,-11.677941454,-17.3310994789,-28.7709897478,-64.6268226024,-2.20191784787e-15,20.7977184742,0.903535996732,True,0.19802659228,0.233666024969
324,10.807901,True,True,True,0,-6.96288995413,-177.713978286,-3.06110769836,-11.6566064962,-17.6290278939,-28.435365847,-64.8920162705,1.59723454486e-15,21.031698331,0.905509681268,True,0.197730362651,0.234743510304
325,10.841259,True,True,True,0,-7.04712640467,-177.530321669,-2.89120599206,-11.8012866161,-17.9476239384,-28.1711194175,-65.0345445063,2.31702155489e-15,21.3726371834,0.906562425344,True,0.197512951497,0.235766043272
326,10.874617,True,True,True,0,-7.14688326073,-177.392801212,-2.74448893144,-12.1148950395,-18.2501673557,-28.0816277577,-65.0270093777,9.15552633195e-16,21.7905281404,0.906506909664,True,0.197358308903,0.236559076197
327,10.907975,True,True,True,0,-7.22174205005,-177.362238266,-2.62574421902,-12.4780424131,-18.5065473314,-28.2088022809,-64.9070091855,3.31278693856e-15,22.1973921427,0.905620685978,True,0.197233138712,0.237000662643
328,10.941333,True,True,True,1,-7.25795794922,-177.525660871,-2.51982622997,-12.6878044563,-18.69811043,-28.5059906691,-64.7450984191,-8.62774332588e-16,22.468322991,0.904418649733,True,0.197085594169,0.237045274724
329,10.97469,True,True,True,0,-7.27563776799,-177.956026233,-2.40375540103,-12.5546145562,-18.8227530524,-28.8551261362,-64.601644494,4.96114421992e-15,22.4985556523,0.903347603717,True,0.196873041197,0.236725046189
330,11.008048,True,True,True,0,-7.31618299602,-178.664426992,-2.26574972748,-11.9986136942,-18.8826835425,-29.1121217281,-64.4925843517,1.69284818125e-15,22.2543733796,0.902529556825,True,0.196578996294,0.236129339172
331,11.041406,True,True,True,0,-7.41857391438,-179.577734056,-2.11555414691,-11.0905535043,-18.875552391,-29.1663613273,-64.3894592602,-5.25830509226e-15,21.7897595057,0.901753020063,True,0.196226689828,0.235356562723
332,11.074764,True,True,True,0,-7.60093748449,179.442036204,-1.98350546387,-10.0221923023,-18.793585884,-28.9887106119,-64.2409901709,-5.32539161315e-15,21.2133826501,0.900629911156,True,0.195871257657,0.234478024823
333,11.108122,True,True,True,0,-7.85151333223,178.559389145,-1.90929227519,-9.0422252726,-18.6324839316,-28.6469662121,-63.9999687849,-8.60355941067e-15,20.6403454639,0.898793807472,True,0.19559575101,0.233531032689
334,11.14148,True,True,True,0,-8.1311278541,177.920359609,-1.92324830529,-8.37165357921,-18.4110547584,-28.2774808811,-63.6555500811,-2.9567530575e-15,20.1648005381,0.896142427143,True,0.19548993338,0.232545667715
335,11.174838,True,True,True,0,-8.38791606899,177.615385097,-2.03149679136,-8.13986149484,-18.1718330844,-28.0224931805,-63.239208094,1.91694957554e-17,19.8553088451,0.892894149598,True,0.195630302571,0.231576672811
336,11.208195,True,True,True,0,-8.57354621117,177.651179364,-2.21017814019,-8.33485378773,-17.9676662521,-27.9648346101,-62.830559399,-7.82441999741e-15,19.7487044889,0.889660045495,True,0.196054045388,0.230729417208
337,11.241553,True,True,True,0,-8.65911431216,177.940756168,-2.41033067917,-8.8032946307,-17.8409894466,-28.0956410899,-62.5334128568,-1.86532468679e-15,19.8311358289,0.887279957672,True,0.196726855587,0.230155509856
338,11.274911,True,True,True,0,-8.63901523874,178.329466764,-2.57626189302,-9.29713827044,-17.8042863368,-28.3199743868,-62.4475431961,-3.40635395352e-15,20.0156028743,0.886587710336,True,0.197534828013,0.230020540755
339,11.308269,True,True,True,0,-8.52449336079,178.658146175,-2.66418680044,-9.57009949216,-17.8395233968,-28.5055536649,-62.634603895,-9.30475475463e-15,20.1705498188,0.888093161736,True,0.198309058558,0.23044378968
340,11.341626,True,True,True,0,-8.33568084634,178.835966096,-2.65837369977,-9.48839446612,-17.9117454784,-28.5525163805,-63.0930138248,5.32606599007e-15,20.1966039466,0.891742356816,True,0.198871947046,0.231431330969
341,11.374984,True,True,True,0,-8.09793393594,178.8793869,-2.57517010284,-9.0875363259,-17.9875522813,-28.4361699571,-63.7555791783,-6.16103890946e-15,20.0848141375,0.896915805156,True,0.199105649787,0.23285040131
342,11.408342,True,True,True,0,-7.84309035283,178.896686481,-2.4519447016,-8.56441243815,-18.0526213921,-28.2169195922,-64.4984981181,-4.86776926087e-15,19.9198220218,0.902573999145,True,0.198979628078,0.234438540897
343,11.441699,True,True,True,0,-7.61174947381,179.020421755,-2.33462691846,-8.18385562064,-18.1107133697,-27.9991097264,-65.1706440742,3.44535763293e-15,19.8172868189,0.907562449946,True,0.198546405379,0.235874942361
344,11.475057,True,True,True,0,-7.45000199431,179.328550383,-2.26119641492,-8.15753279696,-18.1782382026,-27.8747228491,-65.6353332567,-3.33172244117e-15,19.8681344851,0.910938241553,True,0.197921531896,0.236889642004
345,11.508415,True,True,True,0,-7.3984242918,179.794880707,-2.25322937423,-8.54025366707,-18.2681860503,-27.8722264164,-65.8164377258,-6.73280577209e-15,20.1039925149,0.912237682452,True,0.197262231291,0.23736643403
346,11.541772,True,True,True,0,-7.47980004165,-179.708736773,-2.31126292049,-9.19894129904,-18.3798035195,-27.9410965528,-65.7254517771,-4.27931155829e-15,20.4819448375,0.911585988508,True,0.196736838414,0.237385688977
347,11.57513,True,True,True,0,-7.68516992475,-179.351520008,-2.41688835865,-9.87485090538,-18.4933980424,-27.9816294958,-65.4542202047,-7.79850365753e-15,20.8830502886,0.909629637161,True,0.196494554759,0.237162160148
348,11.608488,True,True,True,0,-7.96948515836,-179.260590338,-2.54012752929,-10.3127489606,-18.5737663009,-27.9076996429,-65.1297443503,-8.1138003618e-15,21.1560354635,0.907262467261,True,0.1966144752,0.23689541237
349,11.641845,True,True,True,0,-8.26138565266,-179.461044055,-2.64923242794,-10.3863635997,-18.5857990866,-27.7136767185,-64.851629359,4.22731357588e-15,21.201173716,0.905210355762,True,0.19708764959,0.23663038059
350,11.675203,True,True,True,0,-8.48842595326,-179.878296418,-2.71542087946,-10.13926002,-18.5185842151,-27.4885351776,-64.6551798244,-2.79481547942e-15,21.0268925045,0.903747968271,True,0.1978330231,0.236207974256
351,11.708561,True,True,True,0,-8.6030112975,179.61353412,-2.71651350044,-9.72752464716,-18.3905230099,-27.3579967704,-64.5147668911,-3.24025357209e-15,20.725776801,0.902696210371,True,0.198716871828,0.235378595206
352,11.741918,True,True,True,0,-8.59843407979,179.1275389,-2.63886632721,-9.31125940068,-18.2393764795,-27.4001486209,-64.3851262293,-3.29932173448e-15,20.4063885017,0.90172032817,True,0.199584449848,0.233988425282
353,11.775276,True,True,True,0,-8.50477018932,178.731006456,-2.47809476316,-8.98167299267,-18.1053453862,-27.5905007615,-64.2384790218,-2.9777377544e-15,20.1436467721,0.900610863296,True,0.200275940015,0.232136992037
354,11.808633,True,True,True,0,-8.36507609142,178.456489933,-2.24508458598,-8.75673994732,-18.0159646614,-27.8138367897,-64.0884631702,1.52806795873e-15,19.9676646014,0.899469808205,True,0.200652565511,0.230199408064
355,11.841991,True,True,True,0,-8.21158375738,178.327918042,-1.97067193107,-8.62270567083,-17.9807944027,-27.9291260304,-63.98263765,-3.74938777663e-16,19.8796223861,0.89866116535,True,0.200636242,0.228700281701
356,11.875349,True,True,True,0,-8.05320049063,178.368575054,-1.70471587907,-8.57091374704,-17.9887684745,-27.8475253943,-63.9757814299,-3.73129956231e-15,19.8651217463,0.89860866925,True,0.200236545031,0.228083275204
357,11.908706,True,True,True,0,-7.88212423585,178.575468401,-1.50607831849,-8.59359092927,-18.0148132043,-27.5889014052,-64.1025034271,-6.65206930536e-15,19.8979888568,0.899576863297,True,0.199560608974,0.228511002243
358,11.942064,True,True,True,0,-7.6947242681,178.880082158,-1.42608590048,-8.65116411624,-18.0257770033,-27.2679047087,-64.3550705958,8.76038815669e-16,19.9319306338,0.901493422196,True,0.198784522307,0.229791189374
359,11.975421,True,True,True,0,-7.50801688682,179.139260369,-1.48958854619,-8.64923781949,-17.9949974155,-27.0266175217,-64.6860882181,3.63197122008e-15,19.9035043468,0.903978757788,True,0.198090647808,0.231461362558
360,12.008779,True,True,True,0,-7.36069303922,179.175388699,-1.68259083126,-8.46379682884,-17.9166142374,-26.9708202408,-65.024987678,3.73566413044e-15,19.7556897871,0.906492011957,True,0.197614511876,0.232970343651
361,12.042137,True,True,True,0,-7.29877341983,178.85133859,-1.95543198879,-8.001943454,-17.807215233,-27.1331125932,-65.2983208967,-1.60913346743e-15,19.4692147193,0.908495931174,True,0.19739942872,0.23388071894
362,12.075494,True,True,True,0,-7.3541023975,178.139327594,-2.2407379984,-7.26194082027,-17.6942753302,-27.4770706176,-65.4499902396,1.19129448332e-15,19.082299094,0.909598965533,True,0.197408214188,0.233974448492
363,12.108852,True,True,True,0,-7.531494009,177.148769425,-2.479986742,-6.36973633911,-17.6034214712,-27.9277865698,-65.4398185383,-6.38868528928e-15,18.6860429669,0.909525189867,True,0.197550024665,0.233257672967
364,12.142209,True,True,True,0,-7.80580219223,176.102594663,-2.64344811807,-5.56154012558,-17.5494551358,-28.3985799212,-65.2445736627,-1.41584389422e-14,18.3831478722,0.908103519555,True,0.197744121394,0.231906270521
365,12.175567,True,True,True,0,-8.12727104568,175.275146411,-2.73689001068,-5.1194684801,-17.5364964372,-28.8183284411,-64.8637244213,-2.49079380801e-15,18.245922107,0.905300044876,True,0.197955742266,0.230214154189
366,12.208925,True,True,True,0,-8.42809245914,174.916337671,-2.7913630637,-5.2799151874,-17.5580122071,-29.1394767473,-64.3349367356,2.16201680399e-15,18.3107250862,0.901341282218,True,0.198202429564,0.228538372645
367,12.242282,True,True,True,0,-8.6307938354,175.186195,-2.84235859002,-6.14326207571,-17.5988053217,-29.3353364855,-63.7478039307,-9.5273153369e-17,18.6081255221,0.89685578855,True,0.198514263893,0.227254622824
368,12.27564,True,True,True,0,-8.66671478641,176.106237485,-2.910491548,-7.62060717513,-17.636712535,-29.3902128601,-63.2355204235,-7.3168743795e-15,19.1645312788,0.892865167692,True,0.198876277052,0.226693878349
369,12.308998,True,True,True,0,-8.50196338033,177.541394424,-2.99302886267,-9.44149237022,-17.6417971804,-29.2902252615,-62.9380711297,1.08040782936e-15,19.9382725545,0.890515302426,True,0.199205867419,0.227067405043
370,12.342355,True,True,True,0,-8.1646371206,179.213096255,-3.06440051399,-11.2183153466,-17.5992553198,-29.0291713248,-62.9500458944,-2.6383818491e-15,20.7747752458,0.890610367791,True,0.199375936835,0.228393404723
371,12.375713,True,True,True,0,-7.74881736311,-179.24061373,-3.08939934916,-12.5578916949,-17.5224031781,-28.6194702884,-63.2721392068,6.53941585978e-16,21.4423021044,0.893152795705,True,0.199282782611,0.230453215111
372,12.409071,True,True,True,0,-7.38662793645,-178.172475158,-3.03670363728,-13.1725011748,-17.4565466755,-28.0985547054,-63.80540783,-3.38834383475e-15,21.7445327498,0.89730003696,True,0.198899327153,0.23283976952
373,12.442429,True,True,True,0,-7.19647209614,-177.826110639,-2.89280023636,-12.9593206954,-17.4519948111,-27.5232550946,-64.3845442509,-1.43714392666e-15,21.6164843213,0.90171593686,True,0.198278287578,0.235063525093
374,12.475787,True,True,True,0,-7.23760840984,-178.269485088,-2.6701463717,-12.0130538213,-17.5295556581,-26.9565985787,-64.8447050059,4.55936940499e-16,21.1436664193,0.905158991107,True,0.197527909929,0.236722672267
375,12.509145,True,True,True,0,-7.48707146186,-179.374120723,-2.40361085486,-10.5900826134,-17.6666451287,-26.4671354877,-65.0788250013,2.10882081503e-15,20.5103707778,0.906888348695,True,0.196783779682,0.237617322041
376,12.542502,True,True,True,0,-7.84814736831,179.15751374,-2.14565879417,-9.04332509828,-17.8124851756,-26.126248084,-65.0687611627,-2.65349378581e-15,19.9100520658,0.906814322102,True,0.19617756346,0.23778416453
377,12.57586,True,True,True,0,-8.18458017473,177.723893235,-1.95358151606,-7.74445929221,-17.915051326,-25.9897795953,-64.8796304322,-7.46759722623e-15,19.466790769,0.905417932094,True,0.195799168979,0.237454011524
378,12.609218,True,True,True,0,-8.36962179319,176.722547837,-1.87188044166,-7.00085645257,-17.944246635,-26.0696812486,-64.6253265232,3.09599516594e-16,19.2196092006,0.903524807324,True,0.195676996149,0.236946949592
379,12.642576,True,True,True,0,-8.32949663527,176.438335376,-1.92062850989,-6.97681047451,-17.8914598751,-26.309122225,-64.4256465803,-6.87686765889e-15,19.1621028435,0.902025845095,True,0.195764893298,0.236577479831
380,12.675934,True,True,True,0,-8.06368889214,176.964636531,-2.08876265296,-7.65841651018,-17.7581702498,-26.5977707012,-64.3665685534,-2.81779787023e-15,19.2901934672,0.901580255699,True,0.195977249524,0.236561771785
381,12.709292,True,True,True,0,-7.64161234414,178.175781624,-2.33610128411,-8.85885803793,-17.5581022367,-26.8125859411,-64.4812289298,9.61517333809e-16,19.6033235495,0.902444193169,True,0.196234511452,0.23697010507
382,12.742649,True,True,True,0,-7.1820180482,179.756259978,-2.60559994636,-10.268116291,-17.3239539689,-26.8720461961,-64.7373774474,-6.24411595876e-15,20.057768425,0.904361148237,True,0.196479905286,0.237713345641
383,12.776007,True,True,True,0,-6.8172596067,-178.713308832,-2.8370883346,-11.5366839055,-17.1106078086,-26.7685536629,-65.0445908587,4.29794148637e-15,20.5396461283,0.906636418283,True,0.196698415749,0.238559434158
384,12.809365,True,True,True,0,-6.6540172264,-177.640281173,-2.98113165896,-12.3690537917,-16.9818090643,-26.5704116954,-65.2780451661,3.24045327355e-15,20.9010806166,0.908347990798,True,0.196899080249,0.23921735797
385,12.842723,True,True,True,0,-6.73806931108,-177.307795684,-3.00713079172,-12.5882194406,-16.9814735055,-26.3856729671,-65.3258536202,-2.47321103571e-15,21.0274017159,0.908696639522,True,0.197101496473,0.239443386415
386,12.876081,True,True,True,0,-7.04350490229,-177.810568645,-2.90358477165,-12.1573454972,-17.1134005048,-26.3114277794,-65.132439036,-6.36718257977e-16,20.8862369529,0.907282245902,True,0.197319846822,0.239135821921
387,12.909438,True,True,True,0,-7.48372746167,-179.043769859,-2.67962916607,-11.1579899761,-17.3404547757,-26.3892230429,-64.734245573,-3.43366518821e-16,20.5270059724,0.904337819099,True,0.197549934009,0.238393066013
388,12.942796,True,True,True,0,-7.94101886701,179.264054489,-2.36873111158,-9.76479605359,-17.5962400517,-26.5841177145,-64.2473130561,3.57762139839e-15,20.0488501754,0.90067786458,True,0.197750483858,0.237473838266
389,12.976154,True,True,True,0,-8.29947322904,177.490185784,-2.02559345781,-8.22298896956,-17.8148376169,-26.8052196482,-63.8275488853,5.22893409282e-15,19.5650165963,0.897470550243,True,0.19785058472,0.236694991314
390,13.009512,True,True,True,0,-8.47254626759,176.03410559,-1.72099435157,-6.82189824092,-17.94604898,-26.9549607797,-63.6112306808,-8.62611482274e-15,19.1589567853,0.895798897022,True,0.197793827725,0.236290729293
391,13.04287,True,True,True,0,-8.41917308485,175.227191589,-1.52188173779,-5.84989036055,-17.9684656217,-26.9890984363,-63.6684924722,-8.13395183847e-15,18.8668198557,0.896242645524,True,0.197569259076,0.236329059034
392,13.076228,True,True,True,0,-8.14819435464,175.25230416,-1.47401055502,-5.52792042003,-17.882971884,-26.9364006985,-63.9845008892,-1.77050663308e-15,18.6911528072,0.898675429411,True,0.197237852161,0.236706920587
393,13.109586,True,True,True,1,-7.71815353083,176.086026083,-1.58186042196,-5.92723463561,-17.7087574532,-26.8642340146,-64.4722568389,-2.9477718862e-15,18.6441821044,0.902376720983,True,0.196894233316,0.237215107103
394,13.142943,True,True,True,0,-7.22844188893,177.491849801,-1.80536657133,-6.92241263681,-17.4841417217,-26.8293561451,-65.0036301753,-3.18677923137e-15,18.7647764936,0.906334561682,True,0.196627024658,0.237625536986
395,13.176301,True,True,True,0,-6.79929604665,179.077064013,-2.07017198789,-8.21214439388,-17.2664431262,-26.8552022155,-65.4450019682,3.12237923476e-15,19.0660074484,0.909562789028,True,0.196481691592,0.237754508336
396,13.209659,True,True,True,0,-6.53918577045,-179.589363998,-2.29232973858,-9.41846784901,-17.1248256958,-26.9419777574,-65.6965299611,-6.75642406671e-15,19.4757583767,0.911378352171,True,0.196471458665,0.237486278077
397,13.243017,True,True,True,0,-6.50855300275,-178.839162542,-2.40963695514,-10.2231780384,-17.1091143387,-27.0852284393,-65.7094916412,-5.90312567292e-16,19.852043196,0.911471435759,True,0.196580939953,0.236799707234
398,13.276375,True,True,True,0,-6.69931539901,-178.807993716,-2.40079131814,-10.4673680752,-17.2222635791,-27.2733185453,-65.4988040378,1.1647176379e-15,20.0710005577,0.909952614588,True,0.196783772344,0.23579379199
399,13.309733,True,True,True,0,-7.03575214824,-179.405157467,-2.28897137633,-10.1845854165,-17.4159477304,-27.4751600246,-65.1406223435,5.40338482867e-15,20.0952718618,0.907342298009,True,0.197044682166,0.234697908915
400,13.34309,True,True,True,1,-7.39868448959,179.642022345,-2.12893552023,-9.56140274635,-17.6128969778,-27.6324018199,-64.7564990411,6.6578788168e-15,19.9682586843,0.904503525185,True,0.197315853111,0.233831058078
401,13.376448,True,True,True,0,-7.66498976058,178.691871627,-1.98581160796,-8.86083902362,-17.7414072926,-27.6750484601,-64.4765085241,-1.32398729502e-15,19.7672086974,0.902408697392,True,0.197524903607,0.23351202587
402,13.409806,True,True,True,0,-7.7484943488,178.072428272,-1.91207519101,-8.33611999525,-17.7624285124,-27.5542779085,-64.398480964,-4.68625425744e-15,19.564024873,0.901821070553,True,0.197604052694,0.233933324199
403,13.443163,True,True,True,0,-7.63321857498,177.973033027,-1.92827585074,-8.15322081426,-17.6807150214,-27.2693163343,-64.5522129353,-2.07270121111e-15,19.4153632586,0.90297722896,True,0.197514908068,0.23508898582
404,13.476521,True,True,True,1,-7.37830347299,178.396601394,-2.0236212103,-8.35864250839,-17.5353541859,-26.8744401161,-64.8853460368,4.04037234432e-15,19.3689795451,0.90546027619,True,0.197272920861,0.236741341438
405,13.509879,True,True,True,0,-7.09481628917,179.181972627,-2.16612755747,-8.88754401347,-17.3826347712,-26.453460472,-65.2782680908,-3.63334936099e-15,19.4602719617,0.90834961797,True,0.196926294628,0.238496059852
406,13.543237,True,True,True,0,-6.90086586232,-179.915581922,-2.32124503922,-9.61194425247,-17.2805785435,-26.0951311366,-65.586912081,-5.83246275033e-15,19.7023899768,0.910589272727,True,0.196543558348,0.239913857828
407,13.576594,True,True,True,0,-6.87126401289,-179.123307075,-2.46908770755,-10.3980330579,-17.2635261978,-25.8772970968,-65.6956270761,2.51927265365e-15,20.0711114209,0.911371866415,True,0.196190050867,0.240651122439
408,13.609952,True,True,True,0,-7.00570992635,-178.565513133,-2.61134516183,-11.1629706339,-17.3275922032,-25.862441812,-65.5545357795,-1.66059367493e-15,20.5189064183,0.910355575632,True,0.19592577283,0.240549176313
409,13.64331,True,True,True,0,-7.23260881304,-178.235404674,-2.76494463375,-11.8929534993,-17.4311007943,-26.0890132817,-65.1925118901,4.58463488631e-15,20.9971978608,0.907722651676,True,0.19580279723,0.239672932694
410,13.676667,True,True,True,0,-7.44457070461,-178.026864974,-2.94551949106,-12.6216796747,-17.518315483,-26.5540501172,-64.6943578269,-6.86779287254e-15,21.4752621431,0.904040461427,True,0.195832963604,0.238268250436
411,13.710025,True,True,True,0,-7.55110612571,-177.816249886,-3.15233621899,-13.3677850062,-17.5449466858,-27.1927726777,-64.1716788171,-4.3297235884e-15,21.9290258025,0.900103527609,True,0.195988360483,0.23667592045
412,13.743383,True,True,True,0,-7.51770105391,-177.541173936,-3.35717295658,-14.076870893,-17.4988619474,-27.8730164385,-63.7332408058,-6.19266228907e-15,22.3191426375,0.896743332346,True,0.196193049074,0.235258376357
413,13.77674,True,True,True,1,-7.37454465815,-177.237684176,-3.51230710022,-14.6088525652,-17.4009377087,-28.4206794723,-63.4654064818,1.86873492404e-15,22.5738961479,0.894664797292,True,0.19635158707,0.234337856154
414,13.810098,True,True,True,0,-7.19104954737,-177.015113664,-3.56935519226,-14.7873513994,-17.2902190813,-28.6675540011,-63.4240004073,2.173758555e-15,22.6033181753,0.894341718459,True,0.19638495589,0.23416512144
415,13.843456,True,True,True,0,-7.03992463432,-176.996856664,-3.50246435161,-14.482593405,-17.2057832224,-28.5132379995,-63.6253627576,-1.38877392159e-15,22.3475918572,0.895908496296,True,0.196264115592,0.234868652402
416,13.876813,True,True,True,0,-6.96617549952,-177.254807505,-3.32008213098,-13.6845078394,-17.170123861,-27.9665361974,-64.0394961936,-2.04316620998e-15,21.8270058928,0.899096018889,True,0.196018620187,0.2364039484
417,13.910171,True,True,True,0,-6.97638443124,-177.772781963,-3.06712138715,-12.5251330773,-17.1781362582,-27.1521141537,-64.585872816,2.14912466167e-15,21.1476610252,0.903229504639,True,0.195730695738,0.238501614187
418,13.943529,True,True,True,0,-7.04304694823,-178.446949526,-2.80926807291,-11.2420194173,-17.2060587719,-26.2782493274,-65.1487671511,-2.93058219136e-15,20.4597084551,0.907402049212,True,0.195488192774,0.240673435603
419,13.976887,True,True,True,0,-7.12135542962,-179.122641744,-2.61453832633,-10.0996723962,-17.2201475746,-25.5720231729,-65.6057064153,4.02562723458e-15,19.8856894397,0.910724799729,True,0.195353125752,0.242316203876
420,14.010244,True,True,True,0,-7.16500131983,-179.649192455,-2.53028973701,-9.29986171774,-17.191229867,-25.2054553255,-65.8666820679,-2.00255500655e-15,19.4784556636,0.912596575637,True,0.195318775567,0.242916836259
421,14.043602,True,True,True,0,-7.14216539731,-179.930459087,-2.56880766128,-8.92744325462,-17.1031837396,-25.2474603996,-65.8978442149,2.68592600013e-15,19.2310411781,0.91281881293,True,0.195313990705,0.242257721183
422,14.07696,True,True,True,0,-7.04409808654,-179.956477422,-2.70415504453,-8.93642824694,-16.9568036936,-25.6440914811,-65.7265717848,-8.16504779154e-15,19.1061223715,0.911594024628,True,0.195237808907,0.240532555813
423,14.110317,True,True,True,0,-6.89094645071,-179.80853251,-2.88424913197,-9.17242185243,-16.7664198927,-26.227273937,-65.4258085774,-3.29482910859e-15,19.0480128673,0.909423528255,True,0.195004476754,0.238298463822
424,14.143675,True,True,True,0,-6.72832215886,-179.629858878,-3.04858658516,-9.42712126795,-16.5591327376,-26.7609735161,-65.0952494824,-2.03469026664e-15,18.9890183178,0.90700910218,True,0.194592918152,0.236293457518
425,14.177033,True,True,True,0,-6.61111887692,-179.562388608,-3.15217843075,-9.51218206388,-16.3661233613,-27.0164486345,-64.8365412607,-1.23224863899e-15,18.8640610151,0.905098415693,True,0.194045878663,0.235177110659
426,14.21039,True,True,True,0,-6.57713276703,-179.672293468,-3.18311365962,-9.33568555087,-16.2124269367,-26.8644771171,-64.7309533315,-4.86563610688e-16,18.6455134537,0.904313292483,True,0.193458469742,0.235313030353
427,14.243748,True,True,True,0,-6.6269589651,-179.915635802,-3.16502147602,-8.93732429721,-16.1123508543,-26.341372959,-64.8158809434,-5.08603255186e-15,18.3674578129,0.904945032976,True,0.19292950185,0.236650874862
428,14.277106,True,True,True,0,-6.7255444548,179.830827139,-3.14675719883,-8.45699250486,-16.063513803,-25.6301768501,-65.0722169119,-4.7258778861e-15,18.1016772293,0.906839744716,True,0.192536111878,0.238748979956
429,14.310464,True,True,True,0,-6.82533030207,179.689460468,-3.17514798523,-8.05567958184,-16.0560872435,-24.9736593777,-65.4294491989,-2.23015256216e-15,17.9159716447,0.90944995122,True,0.192325051959,0.240931539913
430,14.343821,True,True,True,0,-6.89338167806,179.706263635,-3.27427119276,-7.83079936617,-16.0731278943,-24.5643031861,-65.79006175,-1.53849378425e-15,17.8338942977,0.912048999176,True,0.19231252162,0.242535072352
431,14.377179,True,True,True,0,-6.92662112594,179.824599569,-3.43149249083,-7.77844930643,-16.0960254095,-24.4794092043,-66.0649233488,-2.46828237561e-15,17.8321130763,0.914005755005,True,0.192505110691,0.243140906166
432,14.410537,True,True,True,0,-6.94807750115,179.916132832,-3.59929840279,-7.80610695883,-16.1107879762,-24.6729152405,-66.2004666772,8.58768748747e-18,17.8571089683,0.914962954718,True,0.192909645819,0.242689628237
433,14.443895,True,True,True,0,-6.99344466333,179.840920164,-3.71337188976,-7.78669891578,-16.1157305528,-25.0160402156,-66.1872242055,2.41471865341e-15,17.8532921952,0.914869662704,True,0.193530740677,0.241449581747
434,14.477252,True,True,True,0,-7.09378441829,179.50492687,-3.7157671242,-7.61218507991,-16.1226102666,-25.3504311812,-66.0543333371,5.61998153552e-15,17.7860790378,0.913930753405,True,0.194365002974,0.239883995383
435,14.51061,True,True,True,0,-7.26228904749,178.895075243,-3.58089412518,-7.23357146919,-16.1487741131,-25.5417060155,-65.8556292404,-1.36124296779e-14,17.6553980172,0.912517685963,True,0.195376607077,0.238506409033
436,14.543968,True,True,True,1,-7.488386447,178.086353198,-3.32590628309,-6.68339581842,-16.208598056,-25.5219383906,-65.6427328575,-2.8420879599e-15,17.4982110883,0.910991512778,True,0.196485847534,0.237758646213
437,14.577325,True,True,True,0,-7.73676693221,177.231196126,-3.00510012088,-6.07991556865,-16.3066267151,-25.3071947478,-65.4426427152,1.62119951938e-15,17.3743264076,0.909545676585,True,0.197573275749,0.23794491223
438,14.610683,True,True,True,0,-7.95726914228,176.519510437,-2.68745940674,-5.59975886578,-16.4406285046,-24.9866874666,-65.2450662123,1.08585502681e-15,17.3431729738,0.908107119317,True,0.198511325624,0.239191253504
439,14.644041,True,True,True,0,-8.10268156782,176.122523415,-2.43127028577,-5.42410594346,-16.6052296934,-24.6860134257,-65.007745791,4.77376567716e-15,17.4449340595,0.90636491233,True,0.199218409277,0.241432058199
440,14.677399,True,True,True,0,-8.14541858721,176.141256071,-2.26511778338,-5.67530757539,-16.7907553203,-24.5210698887,-64.6767873642,-2.50458748101e-15,17.6977574226,0.90390933702,True,0.199690824852,0.244408412361
441,14.710756,True,True,True,0,-8.09040715648,176.568768596,-2.18459632884,-6.35818886545,-16.9790182825,-24.5590929449,-64.217273084,-2.37318406191e-16,18.0975772282,0.900449940559,True,0.200008741444,0.247701338602
442,14.744114,True,True,True,0,-7.97490246998,177.293124354,-2.15900195561,-7.35190311067,-17.1419796754,-24.8022539994,-63.6238917966,1.2643715551e-15,18.6084333837,0.895897091013,True,0.200305707779,0.250799366269
443,14.777472,True,True,True,0,-7.8562205715,178.128899482,-2.14915994465,-8.43989584099,-17.2483649177,-25.1936949003,-62.9241439748,-5.58183342346e-15,19.1460165181,0.890404688481,True,0.20072108666,0.253214539764
444,14.81083,True,True,True,0,-7.79046948698,178.878407445,-2.12168328267,-9.38783910002,-17.2762196004,-25.6455358572,-62.1624130113,1.42964554827e-16,19.5935530438,0.884274827465,True,0.201347035533,0.25462440633
445,14.844187,True,True,True,0,-7.80652678399,179.402772063,-2.06705765503,-10.0267956488,-17.2098062682,-26.0619063244,-61.3909506814,-4.04234935607e-15,19.8410216338,0.877907359692,True,0.202196164219,0.254989156215
446,14.877545,True,True,True,0,-7.88808892512,179.674999998,-2.00585817998,-10.3101185696,-17.0337515736,-26.3553609096,-60.6682901356,-2.90800582824e-15,19.8315469652,0.871798294312,True,0.203196193572,0.254582980598
447,14.910903,True,True,True,0,-7.97483690613,179.79188935,-1.98294757083,-10.324961324,-16.7301708265,-26.452347654,-60.0547440634,-4.3951004431e-15,19.5818750338,0.866502740485,True,0.204211479866,0.253923366024
448,14.94426,True,True,True,0,-7.9823239929,179.935262566,-2.05015921548,-10.258666695,-16.2858024762,-26.3140665712,-59.5969296823,-1.23100293662e-17,19.1732110043,0.862486551061,True,0.205108517661,0.25359061152
449,14.977618,True,True,True,0,-7.83815692826,-179.709375658,-2.24414865352,-10.3271650141,-15.703094053,-25.9584101381,-59.3016647373,1.70086223371e-15,18.7229265237,0.859867105134,True,0.205821730464,0.254030191343
450,15.010976,True,True,True,1,-7.51441293498,-179.043675756,-2.56702246292,-10.6899618932,-15.0074501068,-25.4724217886,-59.1150296551,-2.02170807219e-15,18.3539490741,0.858199586784,True,0.206390799902,0.25540100537
451,15.044334,True,True,True,0,-7.04620001203,-178.11377565,-2.97914656718,-11.3885671156,-14.2469071933,-24.9926527606,-58.9172048617,-2.7280966988e-15,18.1654252447,0.856422151388,True,0.206955888696,0.257526355183
452,15.077691,True,True,True,0,-6.52514775332,-177.101911968,-3.41303389699,-12.339715562,-13.4795089837,-24.6590002944,-58.5417733987,-2.45783588309e-15,18.1971819393,0.853020882707,True,0.207708122776,0.259950471673
453,15.111049,True,True,True,0,-6.07276489611,-176.258657271,-3.79115863339,-13.3749506774,-12.7681161555,-24.56618726,-57.8295810482,-1.8068568985e-15,18.4101143562,0.846468170266,True,0.208834888014,0.262084114097
454,15.144407,True,True,True,0,-5.80178863228,-175.807259203,-4.05029810159,-14.3020244335,-12.1631359894,-24.7339432946,-56.690955772,3.05131851576e-15,18.6921129125,0.835720686849,True,0.210451422602,0.263393391058
455,15.177765,True,True,True,0,-5.78002795221,-175.86348549,-4.15797644118,-14.9527640664,-11.6883832276,-25.0955772132,-55.1600435335,1.75735030588e-15,18.8965382991,0.820751009888,True,0.21255214428,0.263552340492
456,15.211122,True,True,True,0,-6.0123035228,-176.404211828,-4.11461145253,-15.2142553646,-11.3359880478,-25.5106985047,-53.3897672534,1.2948584373e-15,18.8927438541,0.802710979536,True,0.214962534533,0.262510057607
457,15.24448,True,True,True,0,-6.44197349359,-177.290232206,-3.94860888009,-15.0416890614,-11.0746164769,-25.8015862859,-51.6026683503,-7.79684233598e-16,18.6027398322,0.783722384259,True,0.217368705744,0.260431323857
458,15.277838,True,True,True,0,-6.97104627849,-178.325357919,-3.70484472265,-14.4618082582,-10.8621007278,-25.8215988253,-50.002028069,-4.299429579e-15,18.0168505997,0.766067195059,True,0.219400500011,0.25757738464
459,15.311196,True,True,True,0,-7.4937258782,-179.328640486,-3.42696121833,-13.5575066266,-10.6652730731,-25.5191918033,-48.7052103384,-2.35381726567e-15,17.1877358997,0.751324149339,True,0.220786471447,0.254195105419
460,15.344553,True,True,True,0,-7.92668955754,179.817594538,-3.14823870336,-12.4474633158,-10.4663537989,-24.9654554927,-47.7107439347,2.20765618342e-15,16.2096035453,0.739757283285,True,0.221482057822,0.250456112399
461,15.377911,True,True,True,0,-8.22513290808,179.156916438,-2.88980916306,-11.2703618618,-10.2655222145,-24.3283870287,-46.9159455187,1.77857723934e-15,15.19988243,0.730352404665,True,0.221686570818,0.246481390571
462,15.411269,True,True,True,0,-8.383981575,178.675498013,-2.66312439442,-10.1749919443,-10.0769399053,-23.8091378503,-46.1562314858,-3.76326433362e-15,14.2829708173,0.721231286148,True,0.221754705416,0.242392361845
463,15.444626,True,True,True,0,-8.42744502288,178.327130067,-2.47901484392,-9.2950306731,-9.91380765783,-23.5709604412,-45.2695396837,-1.88078290197e-15,13.557865899,0.71042542574,True,0.222046979468,0.238354823863
464,15.477984,True,True,True,0,-8.39372617011,178.060578377,-2.34913799828,-8.71826107196,-9.78135581141,-23.7014078797,-44.1587503389,-1.51354114073e-15,13.0744798633,0.696648787878,True,0.222813420123,0.234586837418
465,15.511342,True,True,True,0,-8.32036868786,177.841553978,-2.28561398499,-8.46421580833,-9.66489171652,-24.1930263923,-42.8194142553,-7.38501086431e-15,12.8207365398,0.679689884243,True,0.22414513479,0.231300705531
466,15.544699,True,True,True,0,-8.23535710681,177.665151592,-2.2946795567,-8.48100059659,-9.53247816496,-24.9562537795,-41.3292589936,5.33622026563e-15,12.7330148291,0.660385226767,True,0.225992554344,0.228621790112
467,15.578057,True,True,True,0,-8.15825804607,177.547775999,-2.3718125722,-8.66557620829,-9.34483043024,-25.8519614214,-39.791197617,-1.11715684535e-16,12.7180984643,0.639991660099,True,0.228225947565,0.22651034506
468,15.611415,True,True,True,0,-8.10574458947,177.505433133,-2.50208959546,-8.89403400041,-9.06722926807,-26.7405695576,-38.2791085626,4.15138157876e-15,12.6750134073,0.619492842013,True,0.230735834731,0.224739077243
469,15.644772,True,True,True,0,-8.09375616018,177.532937345,-2.66108534119,-9.05565823764,-8.68594870976,-27.5390152783,-36.8066593714,5.72105366417e-16,12.5227963251,0.599116661841,True,0.233508745425,0.222941758762
470,15.67813,True,True,True,0,-8.13253597948,177.603131403,-2.82250846697,-9.08508653614,-8.21436587895,-28.2544379889,-35.3348826222,-6.71693238053e-16,12.2248669555,0.578354395379,True,0.236645595275,0.220727953982
471,15.711488,True,True,True,0,-8.21432899868,177.691587103,-2.96449597572,-8.98685932381,-7.69208593199,-28.972617964,-33.803556667,3.24763367597e-15,11.8086929305,0.556347198246,True,0.240304053821,0.217837700266
472,15.744845,True,True,True,0,-8.30662401693,177.806551226,-3.07595598333,-8.84074585676,-7.17328108417,-29.8154659098,-32.1609394791,-1.05567932667e-15,11.3668513758,0.532299273044,True,0.24456970479,0.214269481042
473,15.778203,True,True,True,0,-8.36014649366,177.997675885,-3.15408248479,-8.77589212752,-6.71546044937,-30.8777536648,-30.3890677463,5.42554494065e-15,11.034498069,0.505869184006,True,0.249352760999,0.210313879639
474,15.81156,True,True,True,0,-8.33057414756,178.33225436,-3.20330662084,-8.91933429186,-6.35963932215,-32.165302254,-28.5083114852,1.93239899067e-15,10.9394711654,0.477286238894,True,0.254362952416,0.206476168092
475,15.844918,True,True,True,0,-8.20473564123,178.85068048,-3.22644533739,-9.34379217818,-6.12415210708,-33.5848815098,-26.5575762638,-4.39647038339e-15,11.1569871971,0.44709690307,True,0.259173802013,0.203310976556
476,15.878276,True,True,True,0,-8.01413905727,179.529461968,-3.22227469002,-10.0359034544,-6.00903272848,-35.0235652443,-24.5700637029,2.21145203748e-15,11.68150357,0.415805671459,True,0.263342493954,0.201242277571
477,15.911633,True,True,True,0,-7.82525644272,-179.723188426,-3.1889239238,-10.9004760547,-5.99746286601,-36.4561121355,-22.5490322396,-3.60893392987e-15,12.4239528053,0.383473924241,True,0.266537188238,0.200456727879
478,15.944991,True,True,True,0,-7.70833412176,-179.032810542,-3.1291312478,-11.7973393821,-6.06512968821,-38.0509435446,-20.4739573429,-3.34819750367e-16,13.2454255981,0.349781599382,True,0.26861593541,0.200882867139
479,15.978349,True,True,True,0,-7.70072957761,-178.50673158,-3.05728511608,-12.5831105538,-6.17345591889,-40.1637068759,-18.333554082,-7.7386581489e-16,13.993964904,0.314548413383,True,0.26964791004,0.202268174555
480,16.011706,True,True,True,0,-7.7877832966,-178.192038392,-2.99645961379,-13.1501384403,-6.27263268544,-43.2640630092,-16.1668653086,-2.38571124672e-15,14.5457282513,0.278435712493,True,0.269866553561,0.20429839472
481,16.045064,True,True,True,0,-7.91549351688,-178.076222628,-2.97253248126,-13.4344480593,-6.30572101821,-47.7231929939,-14.0826801677,-1.44518083247e-15,14.8160235825,0.243321819891,True,0.269576730008,0.206688730786
482,16.078422,True,True,True,0,-8.02454716118,-178.122822254,-2.99828401018,-13.4002091682,-6.2300425762,-53.488794947,-12.2349709349,7.02761481812e-16,14.7535828445,0.211921330624,True,0.26907525803,0.209212109446
483,16.111779,True,True,True,0,-8.08176834091,-178.310276901,-3.06689722064,-13.0236965234,-6.03239907053,-59.7019532647,-10.7388806233,2.77540939235e-15,14.3309856181,0.186333368609,True,0.268579024589,0.211674055082
484,16.145137,True,True,True,0,-8.09447026147,-178.650279115,-3.14957961254,-12.2876297644,-5.73414650319,-64.6771605718,-9.59345823663,1.26948006345e-15,13.5410599996,0.166656169226,True,0.268198572979,0.213890951026
485,16.178495,True,True,True,0,-8.09773453173,-179.166274152,-3.20881715004,-11.1994215526,-5.38129319191,-66.5568893052,-8.71312517145,-2.54109767911e-15,12.4102939218,0.151487257942,True,0.267956747706,0.215709760386
486,16.211852,True,True,True,0,-8.12893142337,-179.854130166,-3.21040781727,-9.82282916445,-5.02900332872,-64.2157008902,-8.04073154998,-1.65878564356e-15,11.0240850561,0.139877046963,True,0.267795247852,0.217070780148
487,16.24521,True,True,True,0,-8.20713157064,179.340278131,-3.13760309979,-8.29172761668,-4.72824198657,-57.9547140655,-7.61367110895,1.10569386401e-15,9.53691034524,0.13249289633,True,0.267636844394,0.218023047848
488,16.278567,True,True,True,0,-8.32694992646,178.509428381,-2.99449029432,-6.79247405236,-4.51827540939,-49.794993413,-7.46033420622,2.61120442303e-15,8.15210084384,0.129839785005,True,0.267413048367,0.218673076683
489,16.311925,True,True,True,0,-8.46978122343,177.749321698,-2.80246954648,-5.5268365796,-4.43001623826,-42.6065064152,-7.45391970983,5.86139695194e-16,7.07884420366,0.129728777803,True,0.267104641178,0.219110426272
490,16.345283,True,True,True,0,-8.61928789662,177.127068275,-2.59356871078,-4.6651485829,-4.48411416781,-38.5091624263,-7.32590351777,1.47316126263e-15,6.46733477926,0.127513032737,True,0.266754856631,0.219356617669
491,16.378641,True,True,True,0,-8.76933102437,176.677112004,-2.40322030026,-4.3154017914,-4.6856261691,-38.6818369846,-6.8549874927,-2.08497453925e-15,6.36680731728,0.119356875335,True,0.26644922955,0.219390829184
492,16.411998,True,True,True,0,-8.92177948766,176.411298444,-2.26693325115,-4.49465718794,-5.0127410096,-44.2356599736,-6.04994231594,-1.54839876848e-15,6.72888730259,0.105395306265,True,0.266296811624,0.219203329085
493,16.445356,True,True,True,0,-9.07846336584,176.334177438,-2.2136764318,-5.12454335472,-5.412503782,-56.3293889882,-5.20711168317,2.80229336606e-15,7.44835133479,0.0907561909482,True,0.266368884318,0.218837988359
494,16.478714,True,True,True,0,-9.23266181536,176.448935713,-2.25960818321,-6.04331254951,-5.80802884712,-73.257442572,-4.75092488065,4.79644352296e-16,8.37433889014,0.0828242942735,True,0.266641767662,0.218396937893
495,16.512072,True,True,True,0,-9.36232169137,176.760578307,-2.40430670673,-7.05228240678,-6.11723477784,-87.8669572956,-4.78353188258,3.94192515519e-16,9.32555303996,0.0833914250417,True,0.26696119368,0.218032891172
496,16.545429,True,True,True,0,-9.4313422736,177.272170583,-2.6277694961,-7.97254413906,-6.27607608023,-94.4215728618,-4.95967976058,1.4539827786e-15,10.1338957432,0.0864546781623,True,0.267078928909,0.217927048317
497,16.578787,True,True,True,0,-9.39345009117,177.98656463,-2.89724931206,-8.70235314087,-6.25890993746,-92.3159937589,-5.00668032006,1.00252536538e-15,10.7052775038,0.0872718920613,True,0.266761777716,0.218245748806
498,16.612145,True,True,True,0,-9.20559595452,178.904127499,-3.17928127914,-9.24709221123,-6.08025969244,-82.9336064385,-4.99754798918,-3.6796145177e-17,11.0524425344,0.0871131098562,True,0.2658931835,0.219074990115
499,16.645502,True,True,True,1,-8.84815267787,-179.995597723,-3.45018563939,-9.7003739038,-5.78752560282,-69.6940572112,-5.18779030206,-3.02946766478e-16,11.2814822795,0.0904203557441,True,0.264506281249,0.220359440047
500,16.67886,True,True,True,0,-8.34515588954,-178.780751977,-3.70044506995,-10.1836040006,-5.44371563575,-57.8133691371,-5.65901437514,1.50091845896e-15,11.5337301902,0.0986079272128,True,0.262735889005,0.221901378808
501,16.712218,True,True,True,0,-7.77670368001,-177.594921622,-3.92804679228,-10.765625272,-5.10833361319,-50.50783206,-6.19739617827,-1.26524433082e-15,11.9031835826,0.107954176143,True,0.260753649541,0.223434775908
502,16.745576,True,True,True,0,-7.26562783934,-176.650898655,-4.12627011546,-11.4015688271,-4.83064814973,-47.988624338,-6.53679437612,1.56158141739e-15,12.3702043607,0.113841245346,True,0.258730008244,0.224712006982
503,16.778933,True,True,True,0,-6.94249615116,-176.185757068,-4.27680739494,-11.9222393811,-4.6448704867,-49.4018014455,-6.56193182563,4.77249883797e-15,12.7828866739,0.114277113423,True,0.256842917742,0.225576552082
504,16.812291,True,True,True,1,-6.90075440367,-176.383045768,-4.35163393821,-12.0937399355,-4.56440422302,-53.8079501259,-6.32830739712,-8.94577023557e-16,12.9144057903,0.110225371327,True,0.255285651661,0.225966778609
505,16.845649,True,True,True,0,-7.15830780351,-177.285393963,-4.32815114352,-11.7278604105,-4.57167069063,-60.0237868972,-5.98529582042,1.86710800021e-16,12.5757723428,0.104273229361,True,0.254232770409,0.225902398644
506,16.879007,True,True,True,0,-7.64302467651,-178.741323063,-4.20279148742,-10.7939372033,-4.62134913911,-66.3508613268,-5.66327047298,-2.24746117894e-15,11.7308389637,0.0986818478333,True,0.253796982789,0.225450360022
507,16.912364,True,True,True,0,-8.2103299573,179.582010139,-4.00746925656,-9.47471931464,-4.65397976903,-70.9637688553,-5.41018030704,4.55567305114e-15,10.5466561316,0.0942852031592,True,0.253983533803,0.22471972087
508,16.945722,True,True,True,0,-8.69003772097,178.10308748,-3.80056010357,-8.11594139963,-4.63079686014,-72.7362564158,-5.22179092185,3.88450999306e-16,9.33643966315,0.091011331708,True,0.254709386621,0.223834679578
509,16.97908,True,True,True,0,-8.94789165987,177.178782371,-3.64883152309,-7.09012337718,-4.54713843233,-71.7228000065,-5.10580034882,-1.31232169432e-15,8.41668730763,0.088995130812,True,0.255825288768,0.222925267446
510,17.012438,True,True,True,0,-8.92808552538,176.98425636,-3.59685443854,-6.65743110311,-4.42597834847,-69.0351587373,-5.08410400263,8.22069349421e-16,7.98889229084,0.0886179543137,True,0.257158635402,0.22208950513
511,17.045795,True,True,True,0,-8.66585767177,177.471611998,-3.64771300269,-6.88651406495,-4.30071396756,-66.2737741096,-5.15667713736,-7.73766546304e-16,8.11363241759,0.0898795396823,True,0.25854351484,0.221381823296
512,17.079153,True,True,True,0,-8.27140818986,178.405455157,-3.76153327905,-7.64659001289,-4.20596036131,-64.6778617733,-5.27864405989,-1.83017364954e-15,8.72096624298,0.0919994431084,True,0.259849749942,0.220805907099
513,17.11251,True,True,True,0,-7.88866815259,179.457688174,-3.87348558947,-8.66692392392,-4.1760910193,-64.6191860088,-5.38623436315,1.76802692488e-15,9.6136382493,0.0938691211814,True,0.260988357208,0.220333790813
514,17.145868,True,True,True,0,-7.64118605951,-179.680117141,-3.92099656948,-9.63242476441,-4.2377359804,-65.669890075,-5.43275720374,-9.06940314269e-16,10.5153432124,0.0946774816478,True,0.261916585368,0.219925324367
515,17.179226,True,True,True,0,-7.58622464583,-179.202154879,-3.87106827226,-10.2893590122,-4.38942858599,-66.947287538,-5.39897245293,-7.58734760971e-16,11.1772242971,0.0940904588159,True,0.262612255299,0.219559128758
516,17.212584,True,True,True,0,-7.69850428245,-179.14299917,-3.73072256377,-10.5177517876,-4.59220900235,-67.3935972649,-5.29168948505,6.63918282436e-17,11.4662101251,0.0922261607418,True,0.263066472269,0.219235904753
517,17.245941,True,True,True,0,-7.89618078588,-179.401895835,-3.53944402664,-10.3462940096,-4.78616192491,-66.1930374776,-5.14306328572,1.19215163843e-15,11.3887444381,0.0896428922906,True,0.263279930435,0.218974562486
518,17.279299,True,True,True,0,-8.08753989694,-179.813575278,-3.34801251815,-9.91172759119,-4.92359701448,-63.2767495792,-5.010195329,1.84814012964e-15,11.0562980399,0.0873330063031,True,0.263282081798,0.218786979837
519,17.312657,True,True,True,0,-8.21516459418,179.769388022,-3.19453135493,-9.3894745853,-4.99877563476,-59.8038440071,-4.95100756353,-6.65549713736e-16,10.6266545992,0.086303885499,True,0.263144557529,0.21866972225
520,17.346015,True,True,True,0,-8.27705064407,179.418086179,-3.08858308927,-8.92037238364,-5.04981342265,-57.8977946827,-4.9770134149,5.04553794161e-16,10.2404677501,0.0867560708057,True,0.262968736566,0.218600647234
521,17.379372,True,True,True,0,-8.31607105286,179.125126786,-3.01079657006,-8.57499991591,-5.1377265932,-59.5301474722,-5.05570084398,7.54798236287e-16,9.9864597025,0.088124165159,True,0.26286928868,0.218559800105
522,17.41273,True,True,True,0,-8.3900965406,178.83962528,-2.92937550737,-8.35218225023,-5.31404546633,-65.438808346,-5.18857234311,7.23190756935e-16,9.88926713368,0.0904339490156,True,0.262946722942,0.218545281683
523,17.446088,True,True,True,0,-8.54160340652,178.513212258,-2.81591123435,-8.20607711762,-5.59715229784,-74.5906730256,-5.43927862497,-2.36319818793e-15,9.92235740807,0.0947907900259,True,0.263266774584,0.218578173451
524,17.479446,True,True,True,0,-8.78031925346,178.124241724,-2.66144138195,-8.07422043011,-5.9609244307,-84.4638859684,-5.84550680056,1.36809287184e-15,10.024468118,0.101846442764,True,0.263830914849,0.218668883902
525,17.512803,True,True,True,0,-9.08197977101,177.685472025,-2.48148453069,-7.90545911942,-6.34289525489,-92.5626969135,-6.31345381772,1.90819777863e-15,10.1228832056,0.109967703431,True,0.264574989502,0.218781110579
526,17.546161,True,True,True,0,-9.39632531199,177.245421365,-2.31255861362,-7.68521752699,-6.66379380843,-97.6702522036,-6.65144446346,-6.35155776615e-16,10.1588309303,0.115829028882,True,0.265375264923,0.218832409544
527,17.579519,True,True,True,0,-9.65917977744,176.893167777,-2.20478414237,-7.45994036331,-6.85271382193,-99.5402805654,-6.69836221074,-8.82336256884e-16,10.1165452457,0.116642347452,True,0.26608600379,0.218744983604
528,17.612876,True,True,True,0,-9.8086174093,176.748841954,-2.2035878188,-7.33769249557,-6.87186972213,-98.1859970123,-6.41313116256,2.61784880833e-16,10.0402005368,0.111696683017,True,0.266581730306,0.218507061719
529,17.646234,True,True,True,0,-9.80091973113,176.937015563,-2.33681515564,-7.46388962588,-6.72780327251,-93.6507777107,-5.89839869543,1.62555267998e-16,10.0357570031,0.102764736756,True,0.266790869816,0.218198944777
530,17.679592,True,True,True,0,-9.62335557637,177.540628509,-2.60089610629,-7.97374865129,-6.47076701383,-86.5796033148,-5.35194278231,3.9973559107e-16,10.2557593278,0.0932732460669,True,0.266708919495,0.21796974666
531,17.71295,True,True,True,0,-9.29748417726,178.556473631,-2.95797740438,-8.93334675734,-6.17963917791,-79.1223693553,-4.94521601582,-2.26361604152e-16,10.8481535091,0.0862031806316,True,0.266392344083,0.217954596875
532,17.746307,True,True,True,0,-8.88018383134,179.865647305,-3.34319291616,-10.2912953628,-5.94133435542,-74.8022235814,-4.71555462734,2.21094629128e-15,11.8671610353,0.0822090721878,True,0.265941849584,0.218204955931
533,17.779665,True,True,True,0,-8.45448757825,-178.753940202,-3.68247887965,-11.8643539595,-5.8289737103,-76.4252213925,-4.62012710885,7.56699986308e-16,13.2004724327,0.0805490721623,True,0.26547446646,0.218666005497
534,17.813023,True,True,True,0,-8.11370158692,-177.581039675,-3.91052053663,-13.3620478827,-5.88827182066,-84.1282466609,-4.69897175097,-4.55164078606e-15,14.5802869323,0.0819206226324,True,0.265091306779,0.219210176007
535,17.84638,True,True,True,0,-7.93784522814,-176.880107249,-3.98998743296,-14.4566585628,-6.12018887393,-94.7500509317,-5.04948151647,-3.30269192354e-15,15.673315583,0.0880160392029,True,0.264841578286,0.219688796048
536,17.879738,True,True,True,0,-7.97280433624,-176.837512245,-3.9158023088,-14.8652042598,-6.47979534019,-103.898767784,-5.61825294633,9.46173013224e-17,16.1868741522,0.0978999483873,True,0.2647099723,0.219976737693
537,17.913096,True,True,True,0,-8.21907806982,-177.517803098,-3.7142575564,-14.4240460625,-6.87944489786,-109.215778143,-6.15469986757,-1.01367132013e-15,15.9491336285,0.107213310031,True,0.264629716028,0.220009224373
538,17.946454,True,True,True,0,-8.63006344289,-178.836749911,-3.4323552331,-13.1506315574,-7.21532905002,-110.410820127,-6.39668034074,2.03814384025e-16,14.9693588166,0.111411354116,True,0.264523516696,0.219801468623
539,17.979811,True,True,True,0,-9.1209079832,179.441067113,-3.12991775391,-11.2703214011,-7.40062291781,-107.714673698,-6.23357280857,-3.61845372509e-16,13.4566105406,0.108581865903,True,0.26435922136,0.219445672211
540,18.013169,True,True,True,0,-9.58860905905,177.66810436,-2.86608571091,-9.19517398356,-7.40834487178,-101.396064543,-5.76340012581,1.09048790901e-15,11.7882260838,0.100420758441,True,0.264170289967,0.219067265334
541,18.046527,True,True,True,0,-9.94548263426,176.222527458,-2.68738467051,-7.42112658465,-7.28863308477,-92.4623675484,-5.22727543659,-2.1037682866e-15,10.3874715314,0.0911066568674,True,0.264033025031,0.218769537153
542,18.079885,True,True,True,0,-10.1455229193,175.392166537,-2.61514688162,-6.37666075115,-7.14923229185,-83.8444223494,-4.83444469739,3.57618089798e-16,9.56879845939,0.0842768931549,True,0.264013690382,0.218584947869
543,18.113242,True,True,True,1,-10.195938992,175.276271613,-2.63943939974,-6.27255182258,-7.10425236503,-79.6205688042,-4.62762101375,4.54726180066e-16,9.46643061451,0.0806794397933,True,0.26412698485,0.218476750372
544,18.1466,True,True,True,0,-10.1487408438,175.754228758,-2.72484214352,-7.02100678536,-7.22209378845,-81.9175337486,-4.5894877884,2.87540561803e-15,10.0594018789,0.0800160412638,True,0.264323787855,0.218396253736
545,18.179958,True,True,True,0,-10.0796822636,176.534617975,-2.82430712458,-8.26141902808,-7.50631502755,-88.8396496772,-4.77586326503,2.6651724082e-15,11.1447002567,0.0832580478613,True,0.264516970777,0.218320922726
546,18.213315,True,True,True,0,-10.0575819494,177.276471415,-2.90161171864,-9.50341230522,-7.90002199163,-95.6338722896,-5.18180129092,-1.51965302533e-15,12.3349537498,0.090316255466,True,0.264586061205,0.218266057098
547,18.246673,True,True,True,0,-10.1110143257,177.736580751,-2.94733460613,-10.3350358546,-8.31128461709,-98.6447023075,-5.63186053002,-1.73206229586e-16,13.2339921555,0.0981363018887,True,0.264416237605,0.218257775664
548,18.280031,True,True,True,0,-10.212814825,177.861939942,-2.98342535793,-10.5877969692,-8.64095784252,-96.9648837216,-5.94273622106,-1.16422447336e-15,13.6350457173,0.103534444788,True,0.263938710967,0.218308379438
549,18.313389,True,True,True,0,-10.2896790298,177.789437195,-3.04574490068,-10.3787376664,-8.82001977848,-91.3719610788,-6.09596839903,9.84059827777e-17,13.5888510046,0.106194104771,True,0.263184888276,0.218377528562
550,18.346746,True,True,True,0,-10.2539647226,177.758624724,-3.16474988594,-10.0148026835,-8.82933781386,-83.6934234342,-6.19839487593,3.08558157082e-15,13.3212870613,0.107971504823,True,0.262277460963,0.218336266697
551,18.380104,True,True,True,0,-10.0368684608,178.002479353,-3.34885572905,-9.83458074984,-8.69707373647,-76.3267662581,-6.33013771343,-1.22966373718e-15,13.1001006253,0.110257121663,True,0.261383694721,0.217971845067
552,18.413462,True,True,True,0,-9.61343004223,178.658049779,-3.58057183748,-10.0624490551,-8.47160890514,-71.0691082625,-6.46533366815,-1.28096256341e-15,13.1255699965,0.112602040749,True,0.260630107697,0.217069568097
553,18.44682,True,True,True,0,-9.01559922609,179.723796573,-3.82218454604,-10.7385028576,-8.20101785215,-68.4055069516,-6.53904326185,-3.9147606253e-16,13.4826446191,0.11388024055,True,0.260083357887,0.21551354717
554,18.480178,True,True,True,0,-8.33348393998,-178.940815382,-4.0280758261,-11.7282443576,-7.9284108596,-67.8530688831,-6.51779058634,1.62318705568e-15,14.1255047496,0.113511716647,True,0.25974257733,0.213373183156
555,18.513536,True,True,True,0,-7.70336249759,-177.586411157,-4.1598750137,-12.7806268659,-7.69805310836,-68.5915666929,-6.40558153221,-7.25462671738e-16,14.8868101829,0.111565740687,True,0.25956581893,0.21088958516
556,18.546894,True,True,True,0,-7.27399191384,-176.508213671,-4.19540590527,-13.6133602098,-7.55961103917,-69.9048720959,-6.22414331278,4.59318870795e-16,15.5367502078,0.108418261737,True,0.259487181105,0.20840890582
557,18.580251,True,True,True,0,-7.16231379059,-175.967577323,-4.13788168605,-13.9938998086,-7.5490707957,-71.4647431149,-5.9994651238,-4.94656065507e-15,15.8643844329,0.104519179052,True,0.2594259164,0.206270155073
558,18.613609,True,True,True,1,-7.40986256405,-176.110572749,-4.00925011272,-13.8039811471,-7.66910412731,-73.4187511772,-5.76195208693,-7.6963285696e-16,15.7550407071,0.100395613117,True,0.259304660016,0.204718476912
559,18.646967,True,True,True,0,-7.96329190051,-176.921773366,-3.84206018556,-13.0728851719,-7.88014284741,-76.3698753244,-5.55159524542,-1.19370406501e-15,15.2287328525,0.0967420746936,True,0.25905267396,0.203854067396
560,18.680325,True,True,True,0,-8.68696289959,-178.223077638,-3.66656682598,-11.970222522,-8.12131599441,-80.9706634404,-5.42526308684,-1.62925241751e-16,14.4318508428,0.0945472713644,True,0.258637145671,0.203615270022
561,18.713683,True,True,True,0,-9.40706938401,-179.724491812,-3.5007643354,-10.7548137828,-8.34647672016,-87.2349863689,-5.4459230127,-1.6790751005e-15,13.5833883459,0.0949062336589,True,0.25806417201,0.203818024571
562,18.747041,True,True,True,0,-9.97156342404,178.885293098,-3.35016776746,-9.68768866165,-8.54032440183,-94.07322821,-5.63896960574,-1.74598000267e-15,12.8876311905,0.0982597789904,True,0.257377438042,0.204220994038
563,18.780398,True,True,True,0,-10.2940076318,177.846915783,-3.2121144877,-8.94803962606,-8.71071789323,-99.8708528378,-5.94281607102,1.91233339796e-15,12.462952733,0.103535830943,True,0.256641529321,0.204592481362
564,18.813756,True,True,True,0,-10.3677317217,177.262398054,-3.08556889903,-8.58176254677,-8.85854909544,-103.541802977,-6.22261167856,1.28653558421e-15,12.3098293464,0.108391687214,True,0.25591263814,0.204772871707
565,18.847114,True,True,True,0,-10.250675942,177.077427007,-2.97216448579,-8.49460851417,-8.96646270194,-104.74984769,-6.3488402709,5.44155706637e-16,12.3274059805,0.110581546832,True,0.255231150595,0.204701053813
566,18.880472,True,True,True,1,-10.0375769498,177.115497313,-2.87604030724,-8.49353851751,-9.00395873607,-103.579151604,-6.26326404386,-9.45484774888e-16,12.3537755511,0.109096997205,True,0.254607120136,0.204430112425
567,18.91383,True,True,True,1,-9.83034112352,177.150763694,-2.7995067014,-8.35459953564,-8.94959302761,-100.187177537,-5.99521229148,-8.7160762817e-16,12.219867299,0.104445359383,True,0.254038284485,0.20408746352
568,18.947188,True,True,True,0,-9.71075643656,176.996768938,-2.74317466608,-7.90717145821,-8.8026926857,-94.7661371082,-5.64002325354,2.31673311803e-15,11.8117494974,0.0982780796059,True,0.25353297863,0.203822501734
569,18.980546,True,True,True,1,-9.71960335408,176.582148133,-2.70827402239,-7.10931602186,-8.58625723278,-87.7488570724,-5.32268227792,5.09902322028e-16,11.130448324,0.0927647681213,True,0.253117376367,0.203760632986
570,19.013903,True,True,True,1,-9.84818392009,175.979967307,-2.70265193271,-6.07626360299,-8.33694666756,-80.0597413265,-5.15443249245,-1.86212504078e-15,10.3036172288,0.0898405217301,True,0.252841710044,0.203960206778
571,19.047261,True,True,True,0,-10.0466240052,175.378421867,-2.74230645164,-5.05182334035,-8.09405667276,-73.1109124018,-5.18850009559,-1.89174721804e-15,9.53229185194,0.0904326932253,True,0.252762819809,0.204405707829
572,19.080619,True,True,True,0,-10.2440758744,175.00274442,-2.84503652632,-4.32249993503,-7.89402277356,-68.1563259315,-5.4078650519,-5.78500202789e-16,8.99339669514,0.0942449742692,True,0.252919254643,0.205022606256
573,19.113977,True,True,True,0,-10.3723524427,175.026045448,-3.02056236736,-4.11931256541,-7.75868536788,-65.7790818011,-5.73777963932,7.436514613e-16,8.77849946044,0.0999758469475,True,0.253301183294,0.205691752759
574,19.147335,True,True,True,0,-10.384985155,175.501088143,-3.2620538365,-4.53384405455,-7.68609287011,-65.8991697513,-6.08320181848,-4.69178086678e-16,8.916740537,0.105972543219,True,0.253851044672,0.206286454914
575,19.180693,True,True,True,0,-10.2654952843,176.348061888,-3.54346538478,-5.49517820212,-7.651034409,-68.1463973581,-6.35815884199,-3.63978283428e-16,9.41039312016,0.110743187655,True,0.254461384391,0.206699000871
576,19.214051,True,True,True,0,-10.026799185,177.398445393,-3.82550020627,-6.80937831237,-7.61561872026,-72.0538520603,-6.50602377035,2.44366322744e-15,10.2025311712,0.113307671948,True,0.255013483932,0.206852694394
577,19.247408,True,True,True,0,-9.70515151469,178.474275284,-4.06619049663,-8.25078263268,-7.55370915494,-77.1730609772,-6.50725686508,-6.69310188887e-17,11.1686403409,0.113329054884,True,0.255406970404,0.206722405622
578,19.280766,True,True,True,0,-9.34903050953,179.455763607,-4.23422393225,-9.64560529109,-7.46493439751,-83.0633498708,-6.37761536289,-1.2000044577e-16,12.1751764497,0.111080672874,True,0.255593343301,0.206329951178
579,19.314124,True,True,True,1,-9.0049794613,-179.697384802,-4.31461284137,-10.9035495371,-7.37459358681,-89.2061720199,-6.15753247659,8.59993865148e-16,13.1382340958,0.107262463293,True,0.255593640068,0.205740189995
580,19.347482,True,True,True,0,-8.70698444425,-178.978246929,-4.31082154861,-11.986739512,-7.31636600741,-94.9117907746,-5.89522700245,1.79919699991e-15,14.0152434344,0.102709673187,True,0.255483638153,0.205041800811
581,19.38084,True,True,True,0,-8.47564517658,-178.389875479,-4.23852986137,-12.8526927548,-7.31321064873,-99.3732446569,-5.6281408347,2.56786761248e-16,14.7571568002,0.0980716941259,True,0.255359726725,0.204341686256
582,19.414197,True,True,True,0,-8.3270759848,-177.984123961,-4.11819371301,-13.4282935465,-7.36936186973,-102.07400665,-5.38799642868,-9.74394892982e-16,15.2848773298,0.0938997391899,True,0.255293537098,0.203742500048
583,19.447555,True,True,True,0,-8.28283044174,-177.857400238,-3.96581372638,-13.6284658595,-7.47420047751,-103.289378178,-5.20899265664,4.1451538568e-15,15.5093526868,0.0907888845981,True,0.255309791822,0.203328999088
584,19.480913,True,True,True,0,-8.36702325321,-178.097771893,-3.7937176216,-13.4163247983,-7.60912012559,-104.295163774,-5.12844121809,1.13127743606e-15,15.3893844727,0.089388713606,True,0.255379345056,0.203141993448
585,19.51427,True,True,True,0,-8.58664113755,-178.714854941,-3.6121191627,-12.8505252023,-7.75040270888,-106.695343864,-5.1618486655,3.51282955151e-15,14.9730727837,0.0899694341941,True,0.255446445634,0.20317017934
586,19.547628,True,True,True,0,-8.91127407622,-179.594410054,-3.43566805132,-12.095621172,-7.8741494784,-111.277153534,-5.30646939882,-1.59467446178e-15,14.4007396285,0.0924830164334,True,0.25546555552,0.203361098458
587,19.580986,True,True,True,0,-9.26902629554,179.485750978,-3.28388960019,-11.3741896034,-7.96171041363,-117.378383784,-5.53377954509,3.49036099958e-16,13.8537021351,0.0964325858736,True,0.255425520505,0.203655369372
588,19.614343,True,True,True,0,-9.56971675153,178.775331938,-3.17785912934,-10.8772003047,-8.00742972856,-123.33381221,-5.75885917617,3.87886016119e-16,13.4781034552,0.10034190423,True,0.255349199658,0.204005335533
589,19.647701,True,True,True,0,-9.73896827623,178.451475007,-3.1311118108,-10.6879466518,-8.01700422524,-127.522486831,-5.83437300662,1.11100284086e-15,13.3325301153,0.101653129925,True,0.255264164046,0.204388343322
590,19.681059,True,True,True,0,-9.74497478056,178.551530519,-3.14352110216,-10.758206664,-8.00182903842,-128.727339341,-5.63043406361,-2.1917238189e-15,13.379576074,0.0981115254988,True,0.255185429768,0.204801344344
591,19.714417,True,True,True,0,-9.60573458217,178.963582458,-3.1998183005,-10.9392137474,-7.97531164681,-125.786727363,-5.14552464447,-4.86796282045e-16,13.5091174805,0.0896856780687,True,0.255107214782,0.205253834637
592,19.747774,True,True,True,0,-9.37986368606,179.476969041,-3.27478242163,-11.0537932995,-7.95363564545,-117.4994528,-4.57017067308,1.74835028682e-15,13.5889240709,0.0796799704953,True,0.255023461148,0.205732242842
593,19.781132,True,True,True,0,-9.14742058695,179.860844905,-3.34083493493,-10.969740832,-7.95851357602,-104.378153877,-4.2322157661,-7.44357152936e-16,13.523917877,0.0737989467185,True,0.25494649241,0.206176189433
594,19.81449,True,True,True,0,-8.98095335909,179.952336603,-3.37600133044,-10.6565817198,-8.00961378288,-91.3531551769,-4.33849262579,1.27564284939e-15,13.303165537,0.0756486418209,True,0.25490928407,0.206476493882
595,19.847847,True,True,True,0,-8.91966124216,179.712986617,-3.36886927657,-10.1946980687,-8.11548164206,-83.7948608233,-4.7675965652,1.10942650976e-15,13.003671491,0.0831142668059,True,0.254962125691,0.206514068862
596,19.881205,True,True,True,0,-8.95615835894,179.240647059,-3.32177990222,-9.73916135396,-8.26327345495,-82.3248496783,-5.28091382721,-4.80023010355e-17,12.7464953757,0.0920388899448,True,0.255148964493,0.20622614792
597,19.914562,True,True,True,0,-9.04395504601,178.72333514,-3.2523620979,-9.44527596105,-8.41595464776,-84.7977667307,-5.74132161208,-3.00283587228e-15,12.625285643,0.100037356121,True,0.255474205841,0.205645607573
598,19.94792,True,True,True,0,-9.12197614726,178.362845562,-3.18666129351,-9.40785147291,-8.52764057636,-88.8470109045,-6.09737454164,2.45400223791e-17,12.6717261371,0.106218507784,True,0.255878872604,0.204915123088
599,19.981278,True,True,True,0,-9.14515314694,178.29822998,-3.15095798758,-9.63821220958,-8.56091741113,-92.6917054794,-6.32202304872,-2.50743003855e-15,12.8643230518,0.110116356431,True,0.256232125517,0.20424056106
600,20.014636,True,True,True,1,-9.10431627894,178.562061767,-3.16161421067,-10.0852006448,-8.50638718134,-95.3593267299,-6.41775062239,-1.49861177411e-15,13.1651037441,0.111776802916,True,0.256391292374,0.20381806156
601,20.047993,True,True,True,0,-9.03241122195,179.075776812,-3.2176058642,-10.6756976484,-8.39226285633,-96.6897439255,-6.44680490966,-1.75999731572e-15,13.5492617248,0.112280703717,True,0.256267499933,0.203758469103
602,20.081351,True,True,True,0,-8.98707501256,179.690989419,-3.30416462151,-11.3495110179,-8.27092919435,-97.2079813877,-6.52182268819,-3.12148587499e-15,14.0114719322,0.113581634971,True,0.255865874383,0.204040141114
603,20.114709,True,True,True,0,-9.02094731804,-179.75210323,-3.40387176332,-12.0628310726,-8.18722596071,-97.748654657,-6.75186603383,1.41250361326e-15,14.5446861711,0.11756974008,True,0.255255669028,0.204520956591
604,20.148066,True,True,True,0,-9.15070230474,-179.368375835,-3.50554806764,-12.764215083,-8.14795810474,-98.7269892567,-7.18171628318,6.85394715339e-16,15.1066538908,0.125016632416,True,0.254529977733,0.205004984215
605,20.181424,True,True,True,0,-9.34339941052,-179.196174974,-3.60929703525,-13.373703937,-8.10542302941,-99.7444113406,-7.76505172792,1.50576220827e-15,15.5998324927,0.135111228279,True,0.253751467411,0.205322534881
606,20.214782,True,True,True,0,-9.53270977424,-179.207990757,-3.71688972658,-13.7802468623,-7.97821921259,-99.9276100044,-8.37322120412,-3.85986828489e-15,15.884380066,0.145620648343,True,0.252924476951,0.205389850083
607,20.24814,True,True,True,0,-9.65010924276,-179.342406938,-3.82461060645,-13.874359129,-7.69128296589,-98.4482255726,-8.85967482333,1.55446342439e-15,15.8269229492,0.154015014867,True,0.252027562814,0.205220888432
608,20.281497,True,True,True,0,-9.65559235269,-179.536419422,-3.9162198122,-13.5985331512,-7.22198999163,-94.7770413964,-9.15325709508,7.702510591e-16,15.3653240442,0.159075811444,True,0.251082339789,0.204898203423
609,20.314855,True,True,True,0,-9.54861731916,-179.739346345,-3.97004040178,-12.9901054059,-6.61438297563,-88.8367006612,-9.32347491897,-1.23405763611e-15,14.5512901588,0.162008136751,True,0.250211042017,0.204538563569
610,20.348213,True,True,True,0,-9.36184881108,-179.916704049,-3.9664234324,-12.1809432842,-5.96346820553,-81.2945420784,-9.54890972894,-1.28607490729e-15,13.5425455053,0.165889474329,True,0.249612283698,0.204236511031
611,20.38157,True,True,True,0,-9.15036945261,179.941135375,-3.89704479869,-11.347948697,-5.37283577686,-73.6550255453,-9.98559828847,-2.07192498834e-15,12.5405195053,0.173400633582,True,0.249447830492,0.204055891473
612,20.414928,True,True,True,0,-8.97888223167,179.8130542,-3.76976574924,-10.6446512902,-4.91322932058,-67.5826883296,-10.6459251716,9.29330616032e-16,11.7119559438,0.184739158797,True,0.24976303003,0.204013207906
613,20.448285,True,True,True,0,-8.9037109548,179.659601267,-3.60788447657,-10.1499245483,-4.59978021152,-63.9140938089,-11.4111140338,1.00148214043e-15,11.1336005358,0.197847486214,True,0.250451718525,0.20410044607
614,20.481643,True,True,True,0,-8.94570599661,179.468121655,-3.45122063225,-9.87617062712,-4.39034570011,-62.4970813225,-12.1478823271,5.03672926657e-15,10.7991910402,0.210435627227,True,0.25130628215,0.20429534725
615,20.515,True,True,True,0,-9.07057759788,179.292500459,-3.34333826077,-9.80728663575,-4.2141016099,-62.6118013792,-12.7972338389,-3.98929956548e-15,10.6661935479,0.221501418497,True,0.252094732331,0.20456104736
616,20.548358,True,True,True,0,-9.19547086657,179.245156176,-3.3197186739,-9.92761382514,-4.0023208716,-63.4305078561,-13.3823662887,1.51003276435e-16,10.6965139177,0.23144850487,True,0.252618798188,0.204839716286
617,20.581716,True,True,True,0,-9.22724170798,179.428640787,-3.38826129696,-10.2080593292,-3.72205243111,-64.3115164811,-13.9852841507,1.99018120601e-15,10.8586930161,0.241672676846,True,0.252779814244,0.205041874604
618,20.615073,True,True,True,0,-9.11161259201,179.845881009,-3.5193456425,-10.5727468819,-3.38861043101,-65.0055501262,-14.7162955306,-6.31329273626e-18,11.0966210099,0.254033035581,True,0.252602256682,0.205076025327
619,20.648431,True,True,True,0,-8.86231178421,-179.637468458,-3.6545135841,-10.8952517828,-3.06038891501,-65.6858461395,-15.6902854697,4.44165855904e-15,11.3119099096,0.270437217183,True,0.252222772425,0.204892707069
620,20.681789,True,True,True,0,-8.55716793079,-179.250366633,-3.72613965537,-11.0399255512,-2.82107711526,-66.7882363526,-16.9971192458,-1.99636860142e-15,11.3903327876,0.292323622645,True,0.251847210503,0.204546068097
621,20.715146,True,True,True,0,-8.30618433611,-179.215331451,-3.68314067158,-10.9265194049,-2.7495199676,-68.674383481,-18.6763981951,5.70552898772e-15,11.2630725809,0.320222779818,True,0.251670439571,0.204209216291
622,20.748504,True,True,True,0,-8.20548544674,-179.641836101,-3.50901834509,-10.5752931426,-2.88757311604,-71.3869683515,-20.7139826001,2.85124212845e-15,10.9581013956,0.353703121266,True,0.251826084987,0.204129849522
623,20.781861,True,True,True,0,-8.29977862986,179.526349879,-3.22727508611,-10.10609842,-3.21849456862,-74.6536091508,-23.0427453732,7.09441130189e-15,10.6011443458,0.391417760034,True,0.252360032168,0.204540720934
624,20.815219,True,True,True,0,-8.56232632419,178.497222149,-2.89090068542,-9.69691044896,-3.67109435368,-78.0594551137,-25.5469703221,2.52603437265e-15,10.3623380774,0.431250879538,True,0.253222179329,0.205564340694
625,20.848576,True,True,True,0,-8.90433654315,177.552553607,-2.56716497282,-9.51565672827,-4.14097267498,-81.2283932264,-28.0802771403,6.52382795957e-15,10.3700228763,0.470708199812,True,0.254259644106,0.207162424899
626,20.881934,True,True,True,0,-9.21208105079,176.942211508,-2.31453609086,-9.6556160815,-4.52630951262,-83.9014638175,-30.5005881892,4.42329878057e-15,10.6547644139,0.50754720828,True,0.255237832934,0.209165759382
627,20.915292,True,True,True,0,-9.39192730712,176.796222536,-2.17071021285,-10.0946432154,-4.74570446623,-85.91184408,-32.7022535149,-2.07116783658e-15,11.1440526819,0.540273417734,True,0.255890070749,0.211332079101
628,20.948649,True,True,True,0,-9.40677581216,177.082430725,-2.14454813579,-10.693928418,-4.75766455957,-87.1507727019,-34.640755587,5.10409613926e-15,11.6932417223,0.568429114035,True,0.255986924719,0.213423505966
629,20.982007,True,True,True,0,-9.28399565817,177.629892431,-2.22210127369,-11.2433624723,-4.5647893229,-87.5605897269,-36.3335147988,6.73393958839e-15,12.1236229906,0.592484500072,True,0.255401996408,0.215221515634
630,21.015365,True,True,True,0,-9.09862453619,178.199628847,-2.37380157243,-11.5369419919,-4.21714152657,-87.1600284569,-37.8438981616,6.86163860631e-15,12.2737207427,0.613512264757,True,0.254129099245,0.216560510645
631,21.048722,True,True,True,0,-8.93675265966,178.5818716,-2.56549135563,-11.4565389357,-3.79834516881,-86.0668156813,-39.2562092767,7.91068428349e-15,12.0617934897,0.632789247576,True,0.252268904396,0.217339702482
632,21.08208,True,True,True,0,-8.85826783816,178.675851018,-2.76876257816,-11.0263625613,-3.39978146494,-84.4945365953,-40.6407112474,1.95554858404e-16,11.5323937839,0.651313549607,True,0.249987581152,0.217553549514
633,21.115437,True,True,True,0,-8.87387152904,178.521664634,-2.96012178323,-10.4077285508,-3.10011996914,-82.7160765356,-42.0305623636,4.82459328534e-15,10.8547499728,0.669526914905,True,0.247469799469,0.21731179058
634,21.148795,True,True,True,0,-8.94988359369,178.259930796,-3.12074417165,-9.82348598271,-2.95032543256,-81.0144894252,-43.4181123804,4.788004362e-15,10.2527958688,0.687317161743,True,0.244909133437,0.216814950033
635,21.182152,True,True,True,0,-9.03821126802,178.038268863,-3.22933566773,-9.44565618953,-2.97105706318,-79.6365922708,-44.7676577846,-9.12502435567e-15,9.89785192584,0.704233560551,True,0.242472958461,0.216308527962
636,21.21551,True,True,True,0,-9.10653274984,177.925736698,-3.25875544437,-9.3123148332,-3.15306078757,-78.7578145133,-46.03737996,4.5231837923e-15,9.82717082078,0.719792844687,True,0.240281289247,0.215997276177
637,21.248867,True,True,True,0,-9.15544351605,177.876085202,-3.1865927432,-9.3130295232,-3.46126970965,-78.4546877829,-47.2018528227,-3.29006430631e-15,9.93011514648,0.733751835795,True,0.238380410735,0.216013181994
638,21.282225,True,True,True,0,-9.21061287167,177.765152317,-3.0094580014,-9.25410601996,-3.84259441669,-78.6884041234,-48.2537492467,1.91182542217e-15,10.0137581305,0.746100946563,True,0.236707957205,0.216412521562
639,21.315583,True,True,True,0,-9.2996314606,177.476019832,-2.75769930188,-8.9678820792,-4.23767456026,-79.3218269839,-49.2005467594,2.13883120677e-15,9.91129940726,0.757001291048,True,0.23510770145,0.217209868395
640,21.348941,True,True,True,0,-9.4259717196,176.985436325,-2.49590402045,-8.40398339471,-4.5922963415,-80.1643863852,-50.0571956205,4.30516570884e-15,9.5689394253,0.766685725278,True,0.233368909148,0.218417656999
641,21.382299,True,True,True,1,-9.56085323031,176.396399529,-2.30565216047,-7.65843780986,-4.8671269651,-81.0406874742,-50.8465233088,7.8393439529e-16,9.06638189155,0.775457431441,True,0.231305295631,0.220052804504
642,21.415656,True,True,True,0,-9.65203947677,175.902938306,-2.25575765022,-6.9303135386,-5.05125331582,-81.8495654304,-51.6098602978,9.13895905705e-15,8.56853466805,0.783800341938,True,0.228859166325,0.222131341708
643,21.449014,True,True,True,0,-9.65120518695,175.693699391,-2.37143010562,-6.42403679962,-5.16505255543,-82.570862733,-52.4044893379,5.49992458342e-15,8.23614433185,0.792337448071,True,0.226141415555,0.224645101122
644,21.482373,True,True,True,0,-9.54158754667,175.85336676,-2.62129752268,-6.25182794807,-5.24654449516,-83.2221843954,-53.2846916871,-8.55059741423e-15,8.15488754621,0.801615941865,True,0.223422431806,0.227502809974
645,21.51573,True,True,True,0,-9.3515656795,176.319172144,-2.92704066751,-6.38870209448,-5.33310125663,-83.8082418957,-54.2740567618,4.47711369251e-15,8.31501314266,0.811819219154,True,0.22103104196,0.230494618631
646,21.549088,True,True,True,0,-9.14665708522,176.91359569,-3.19598333737,-6.69292528979,-5.44195564635,-84.2870350544,-55.3460133144,5.48655677562e-15,8.61830750173,0.822600955047,True,0.219235257687,0.23329666839
647,21.582446,True,True,True,0,-9.00150522003,177.432504914,-3.35756841172,-6.9793094934,-5.56538107133,-84.5745605088,-56.4272760153,4.17523952908e-15,8.91800332286,0.833184591837,True,0.218151737362,0.235545028116
648,21.615804,True,True,True,0,-8.96766867001,177.730279811,-3.39138140581,-7.10381003908,-5.67092259105,-84.5794428656,-57.4263732447,-1.09466053962e-15,9.08066166808,0.842700303918,True,0.21772046173,0.236931719502
649,21.649162,True,True,True,0,-9.05125721482,177.767158091,-3.32860585925,-7.02560478555,-5.71779093416,-84.2568313414,-58.2672256125,-1.12152192361e-15,9.04920596295,0.85051038944,True,0.21774234519,0.23729541371
650,21.68252,True,True,True,0,-9.2105351262,177.609429486,-3.2324489422,-6.82022139913,-5.67664054341,-83.6441890574,-58.9146864687,-8.96230148509e-15,8.86494359299,0.856399458029,True,0.217956220985,0.236669829539
651,21.715878,True,True,True,1,-9.37166966163,177.397947398,-3.17143517769,-6.64878322792,-5.54468253509,-82.8664435973,-59.3783273753,6.2494865234e-16,8.64937080242,0.860549416108,True,0.218115218692,0.235263421755
652,21.749236,True,True,True,0,-9.45430356225,177.29867766,-3.19122719722,-6.69131580189,-5.35106047597,-82.1017748252,-59.6992770894,7.28913994264e-15,8.56020932566,0.863389184828,True,0.218060826005,0.233389193893
653,21.782594,True,True,True,0,-9.39818468338,177.446995992,-3.30157099793,-7.07119435715,-5.14023789189,-81.5211606757,-59.9310104218,-1.84055747461e-15,8.73438484323,0.865422728484,True,0.217747196356,0.231374867859
654,21.815952,True,True,True,0,-9.18269692044,177.898955082,-3.4785560496,-7.80093391997,-4.95139416101,-81.2354972614,-60.1226602702,1.93271142273e-15,9.23142037857,0.8670938312,True,0.217245396244,0.229488805376
655,21.84931,True,True,True,0,-8.83397725911,178.60927431,-3.67612823844,-8.76916851549,-4.80222096816,-81.2608489756,-60.3029454465,2.08789909024e-15,9.98895438234,0.868656983701,True,0.216686211769,0.22791051497
656,21.882668,True,True,True,0,-8.42040372029,179.440001711,-3.84679524039,-9.76906198414,-4.69252099137,-81.5127553022,-60.4782220969,-5.6628066816e-15,10.8277623116,0.870168464791,True,0.216201407778,0.226734289319
657,21.916026,True,True,True,0,-8.03603860164,-179.791775381,-3.95615037883,-10.5705990742,-4.61801831297,-81.8304750741,-60.6367473231,-3.76830344505e-15,11.5248012001,0.871528478819,True,0.21586645698,0.22598556624
658,21.949384,True,True,True,0,-7.77607790762,-179.253465861,-3.99207233766,-10.9966022536,-4.58178506306,-82.0254753835,-60.7591235263,5.03175106532e-15,11.9020800059,0.872573801894,True,0.215681509337,0.225643396584
659,21.982742,True,True,True,0,-7.70869393036,-179.041286921,-3.96309892593,-10.9852716663,-4.59838546805,-81.9486002611,-60.8365979198,7.11548015758e-15,11.8979618297,0.873233521576,True,0.215570059818,0.225669460284
660,22.0161,True,True,True,0,-7.85514106983,-179.157082977,-3.88869733998,-10.6044412659,-4.68643562653,-81.5435411106,-60.8737393189,1.11962438734e-15,11.5829783227,0.87354922657,True,0.215413144864,0.22602028453
661,22.049458,True,True,True,0,-8.18245134519,-179.511989862,-3.78843222918,-10.0311807337,-4.86468875081,-80.878372563,-60.8883964811,-4.78921627116e-15,11.1376558212,0.873673712666,True,0.215098480046,0.226646122883
662,22.082816,True,True,True,0,-8.61466501216,-179.959591352,-3.67701821843,-9.50077644644,-5.14505645472,-80.1344278339,-60.8985161094,-5.87084705767e-15,10.7931997226,0.873759627251,True,0.214569777334,0.227480631945
663,22.116174,True,True,True,0,-9.05746903327,179.6471127,-3.56103197979,-9.22811724347,-5.52470928375,-79.5435921334,-60.9141913763,-8.03110534516e-15,10.7431846423,0.873892654814,True,0.213874479745,0.228404300113
664,22.149532,True,True,True,0,-9.42392846539,179.401108826,-3.44246334322,-9.33118822223,-5.97361097059,-79.3050346763,-60.9385329828,-3.38327993683e-15,11.0652079902,0.87409909929,True,0.213157395708,0.229265010861
665,22.18289,True,True,True,0,-9.65258494599,179.316146703,-3.32134586214,-9.79174723762,-6.42613693655,-79.509087883,-60.9673240194,3.53992110365e-15,11.6948879249,0.874343076323,True,0.212609058793,0.229915425
666,22.216248,True,True,True,0,-9.71526870201,179.340947126,-3.20188414692,-10.4693923821,-6.79448329173,-80.1090108634,-60.9968336426,-6.02796809338e-15,12.4602471559,0.874592913594,True,0.21237668364,0.230279382494
667,22.249606,True,True,True,0,-9.61631839366,179.411964551,-3.09257288105,-11.1760084235,-7.00205109024,-80.9384435574,-61.0217147783,6.03362052698e-15,13.1646449124,0.874803384442,True,0.212502506663,0.230394671826
668,22.282964,True,True,True,0,-9.38909560231,179.496973492,-3.00653463135,-11.7567710678,-7.01717162795,-81.7746902649,-61.034894848,3.04503749251e-15,13.6663323817,0.874914808513,True,0.212902196581,0.230388572564
669,22.316322,True,True,True,0,-9.08732544977,179.613247884,-2.95610086073,-12.1465428872,-6.86593141594,-82.4165270363,-61.0305143018,-3.27145437195e-15,13.9273294558,0.874877780591,True,0.21341372838,0.230408514958
670,22.34968,True,True,True,0,-8.77789107783,179.799950472,-2.94648987222,-12.3626318792,-6.62289676774,-82.7389092126,-61.0110958553,-1.72749707317e-15,14.0005004112,0.874713578585,True,0.21386646415,0.230552193835
671,22.383037,True,True,True,0,-8.52797523011,-179.922095205,-2.97394681206,-12.4561642749,-6.37971569194,-82.7060334417,-60.9907961538,5.21539898911e-15,13.9718656165,0.874541817289,True,0.214140349012,0.230826599529
672,22.416395,True,True,True,0,-8.39100015969,-179.575902498,-3.02716652864,-12.4622409795,-6.21664820089,-82.3541138637,-60.9921727756,-2.42305500472e-15,13.9047585145,0.87455346873,True,0.214190843061,0.231160321312
673,22.449753,True,True,True,0,-8.39351595087,-179.228209768,-3.09074040889,-12.367299781,-6.17785552383,-81.7501601378,-61.0385053313,1.3303610768e-15,13.8029332089,0.874945323396,True,0.214044592894,0.231443334827
674,22.48311,True,True,True,1,-8.53143482054,-178.971029619,-3.14839128117,-12.1104228691,-6.26300542448,-80.9629182955,-61.1442048524,4.93932748831e-15,13.6125394022,0.875837128536,True,0.213778688311,0.231586106494
675,22.516468,True,True,True,0,-8.77978501643,-178.900742621,-3.18462634922,-11.6179065983,-6.43193596242,-80.0612265939,-61.3098822486,8.23805491915e-16,13.2580742996,0.877228978539,True,0.2135073969,0.231535256764
676,22.549826,True,True,True,1,-9.10979388803,-179.102863761,-3.18348528117,-10.8463389939,-6.62667311755,-79.1285491706,-61.5196847831,-4.99949516931e-15,12.6897434437,0.878980995497,True,0.213354085806,0.231278338815
677,22.583183,True,True,True,0,-9.49975423935,-179.630166878,-3.13054854797,-9.8289156498,-6.79878273092,-78.279103561,-61.7432855724,9.92265272241e-15,11.9321534931,0.88083526436,True,0.213420721105,0.230838054805
678,22.616541,True,True,True,0,-9.93023998657,179.520471244,-3.01868677893,-8.68652457275,-6.92463559538,-77.6506312197,-61.9455764777,8.70373680699e-15,11.0922487849,0.882501257814,True,0.213761175507,0.230260994354
679,22.649899,True,True,True,0,-10.3682976911,178.430101388,-2.85799989465,-7.60319107798,-7.00325404433,-77.3683792643,-62.0991383397,-2.74802804557e-15,10.323060015,0.883758592881,True,0.214358025625,0.229635405539
680,22.683256,True,True,True,0,-10.7576761022,177.254115146,-2.67826181538,-6.76351661311,-7.04515314036,-77.4944482203,-62.1972290204,2.15400360004e-15,9.75440137527,0.884558418455,True,0.215126014645,0.229080172123
681,22.716614,True,True,True,0,-11.0281229959,176.184911919,-2.52364761018,-6.27891202311,-7.05308479178,-77.9820228047,-62.2493240824,-2.76358766164e-15,9.43245671803,0.884982144552,True,0.215925527016,0.228715719726
682,22.749971,True,True,True,0,-11.116919848,175.395670949,-2.43423436374,-6.14895995022,-7.01665238197,-78.6779912172,-62.2646308143,-2.65478860596e-16,9.3195369945,0.885106506015,True,0.216583110426,0.228615982989
683,22.783329,True,True,True,0,-10.9895791822,174.990935004,-2.43079276084,-6.26916911074,-6.9150956225,-79.3744772436,-62.2341724919,3.87608995111e-15,9.3236183844,0.884858981352,True,0.216918459007,0.228759708177
684,22.816687,True,True,True,0,-10.6476267125,174.996993216,-2.51253052525,-6.49731196553,-6.72912616277,-79.8865390727,-62.1375093973,5.53092812335e-15,9.34354108794,0.884071776778,True,0.216813279109,0.229037308284
685,22.850044,True,True,True,0,-10.1304752986,175.372516511,-2.65970952532,-6.72209845909,-6.45526652385,-80.1152849956,-61.9603821225,-2.98212776404e-15,9.30943304017,0.882622759871,True,0.216265763904,0.229281769498
686,22.883402,True,True,True,1,-9.50645742554,176.03508407,-2.84143568193,-6.90269357787,-6.11185251841,-80.0625617381,-61.7049109179,-5.18603790307e-15,9.20982538503,0.880517985175,True,0.215399921804,0.229342910047
687,22.91676,True,True,True,0,-8.85719241554,176.887421486,-3.02633235869,-7.07102917528,-5.73477373689,-79.8107148246,-61.3923939369,7.95052055045e-15,9.09504453411,0.877919420944,True,0.214408496849,0.229137869653
688,22.950117,True,True,True,0,-8.25761306623,177.832435053,-3.18964612895,-7.2955723532,-5.36544996677,-79.4836006857,-61.0506672504,9.9137169164e-15,9.04751823845,0.875048087267,True,0.213473272229,0.228678307977
689,22.983475,True,True,True,0,-7.7583013159,178.791143769,-3.32143429366,-7.64604491817,-5.04196924499,-79.2050696322,-60.7152186731,7.17870422845e-15,9.15053513357,0.872199229454,True,0.21272776716,0.228057651617
690,23.016833,True,True,True,0,-7.38061004404,179.703416149,-3.4251842292,-8.1529124867,-4.78837913076,-79.062435985,-60.4201326602,-5.62444538948e-16,9.44687904304,0.869668437713,True,0.212252954027,0.227391418679
691,23.05019,True,True,True,0,-7.1231110977,-179.4765679,-3.51416261732,-8.78454390757,-4.60830361326,-79.0769393299,-60.1904136011,1.0184136256e-14,9.91150547224,0.86768229041,True,0.212094107912,0.226772557412
692,23.083548,True,True,True,0,-6.97311402346,-178.797296074,-3.60174306984,-9.43039327907,-4.48515937865,-79.1906852864,-60.0315612815,1.07230889077e-14,10.4339308812,0.866300696519,True,0.212250401432,0.226241746753
693,23.116906,True,True,True,0,-6.91328104271,-178.318766632,-3.694092302,-9.9195936929,-4.38681461539,-79.2911348868,-59.9230518861,-9.63554371418e-16,10.837423484,0.865353124015,True,0.212658396465,0.225791749145
694,23.150263,True,True,True,0,-6.92628547119,-178.108709387,-3.78745493286,-10.0664039921,-4.27699667344,-79.2519396222,-59.8273720746,9.72567892796e-16,10.9287014033,0.864515012459,True,0.213200662583,0.225396398669
695,23.183621,True,True,True,0,-7.00143432623,-178.231085529,-3.86949915023,-9.73078767481,-4.13105224761,-78.9860929278,-59.7125414005,9.68664699192e-15,10.5635869999,0.863505965334,True,0.213735732619,0.225043442448
696,23.216979,True,True,True,0,-7.14001090487,-178.727243849,-3.92181844862,-8.86922182021,-3.952511414,-78.4790353928,-59.5774391286,1.77113345215e-15,9.70362928458,0.862314345739,True,0.214161211346,0.224764738438
697,23.250336,True,True,True,1,-7.35200397338,-179.592030616,-3.92492337375,-7.55984715191,-3.77660954728,-77.7974466674,-59.4564217506,5.43336219762e-15,8.44577884357,0.861242885732,True,0.214441335964,0.224629225002
698,23.283694,True,True,True,1,-7.64196259075,179.249438295,-3.86200316493,-5.99752304732,-3.66330265088,-77.0695627838,-59.40554438,-4.98604788497e-15,7.02431530646,0.860791281734,True,0.214597346584,0.224728426217
699,23.317052,True,True,True,0,-7.99152190409,177.955327663,-3.72559775546,-4.46128515917,-3.67876378285,-76.4515663529,-59.4757685458,-6.61309570422e-15,5.78005187473,0.861414435949,True,0.214681861411,0.225131084333
700,23.350409,True,True,True,0,-8.3548080227,176.744700176,-3.52004283817,-3.24322107634,-3.87472603027,-76.080502835,-59.6925919927,6.21213656133e-15,5.05133066224,0.863330310936,True,0.214750603985,0.225859841585
701,23.383767,True,True,True,0,-8.66951481996,175.846421993,-3.26655079964,-2.57070812956,-4.26064716492,-76.0398647868,-60.0406439625,3.35077807729e-15,4.97488363909,0.866379871343,True,0.214846735083,0.22685996675
702,23.417125,True,True,True,0,-8.87493667556,175.434469803,-3.00135760575,-2.54066047635,-4.78867525486,-76.3425313381,-60.4653794346,3.17538167251e-15,5.41953203066,0.870057993653,True,0.214986110737,0.228007395301
703,23.450483,True,True,True,0,-8.92754622802,175.583253738,-2.77058097784,-3.10291763162,-5.35453584134,-76.9350543183,-60.8851904844,4.94751007834e-15,6.18636407357,0.873646488405,True,0.21514627406,0.229140959457
704,23.48384,True,True,True,0,-8.81267668839,176.250863133,-2.615977277,-4.08469687891,-5.82872778149,-77.7051474585,-61.2144261624,7.5776361651e-15,7.11345201592,0.876427950149,True,0.215280275076,0.230103018768
705,23.517198,True,True,True,0,-8.55038269631,177.290695764,-2.55915628999,-5.24268451602,-6.10774690222,-78.5049728995,-61.3938451825,5.4068261454e-15,8.04276467617,0.877931548407,True,0.21534413575,0.230790160165
706,23.550556,True,True,True,0,-8.19558280813,178.485267885,-2.59358768096,-6.32505912934,-6.15241744112,-79.1811480599,-61.4089297483,4.30365276659e-15,8.8150216328,0.87805757057,True,0.215330887441,0.231160878457
707,23.583914,True,True,True,0,-7.82569634041,179.59678564,-2.68644571064,-7.12809698897,-6.00067798109,-79.6158430881,-61.2941691582,-4.8378440621e-15,9.30762068986,0.877097288073,True,0.215260788594,0.231241053535
708,23.617271,True,True,True,0,-7.52157066603,-179.578144637,-2.79381253911,-7.53698413938,-5.74859382222,-79.7618152574,-61.1250921957,-1.58328359633e-15,9.46897566971,0.875676092418,True,0.215166450298,0.231109090193
709,23.650629,True,True,True,0,-7.34532372485,-179.157840574,-2.88043598463,-7.54846198474,-5.50779177891,-79.6468800567,-60.9889704682,-7.19540887953e-15,9.33483936021,0.874526364285,True,0.215046220736,0.230879312763
710,23.683987,True,True,True,0,-7.32322157888,-179.141929569,-2.93354233554,-7.2707569831,-5.36917809647,-79.3603438547,-60.9591700217,4.89490676718e-15,9.02978303827,0.874274001247,True,0.214874483429,0.230679013699
711,23.717345,True,True,True,0,-7.44153114205,-179.416399097,-2.96484004034,-6.89431474782,-5.3848706938,-79.0255843646,-61.077320246,-1.23972260824e-14,8.74003677626,0.875273157669,True,0.214609587491,0.230635944816
712,23.750702,True,True,True,0,-7.65279924444,-179.789761572,-3.00023801823,-6.6392731554,-5.56689636348,-78.7670138252,-61.3453153646,5.08173113332e-15,8.65629042355,0.877525699202,True,0.214236646758,0.230847561713
713,23.78406,True,True,True,0,-7.8899946695,179.947308895,-3.0680982318,-6.69474684266,-5.89306709816,-78.6855072034,-61.732089274,2.81013956411e-15,8.91008268206,0.8807427349,True,0.213785243939,0.231370817445
714,23.817418,True,True,True,0,-8.08717509354,179.952513998,-3.19004012376,-7.15036679272,-6.30535924263,-78.8212125492,-62.177308214,5.19872728542e-15,9.52252694616,0.884396195105,True,0.213324056229,0.232187476282
715,23.850776,True,True,True,0,-8.20069809818,-179.732628437,-3.36979307958,-7.94485094152,-6.71722578639,-79.1369331865,-62.605055858,8.29718423818e-15,10.3899928749,0.887855990339,True,0.212945425192,0.23319266
716,23.884133,True,True,True,0,-8.2279261876,-179.221189548,-3.58725537568,-8.85095191362,-7.02326093324,-79.5212803433,-62.9271727315,1.58811285054e-15,11.2814963887,0.890428748318,True,0.212721570053,0.23419543493
717,23.917491,True,True,True,0,-8.20640135677,-178.753065444,-3.79575052338,-9.53610314088,-7.13462360124,-79.8361714126,-63.0618305706,-3.99034286492e-15,11.8898587668,0.891495927781,True,0.212703894137,0.234956119267
718,23.950849,True,True,True,0,-8.19254486572,-178.591539688,-3.93589019089,-9.70385899482,-7.00892352382,-79.9841158162,-62.9547816953,8.37584816072e-15,11.9506826638,0.890647953674,True,0.212933586531,0.235242833727
719,23.984207,True,True,True,0,-8.22866773602,-178.887983187,-3.95379344369,-9.24866848915,-6.67361641455,-79.9583242907,-62.6023763977,6.99727717759e-15,11.3880278283,0.887834471602,True,0.213445325847,0.234916727518
720,24.017564,True,True,True,0,-8.31943019173,-179.592934412,-3.82753974174,-8.33243021558,-6.21787477743,-79.8437642964,-62.05815203,5.07664033941e-16,10.3835544221,0.883423625539,True,0.214239583105,0.233983356201
721,24.050922,True,True,True,0,-8.43279320269,179.526073949,-3.57905399032,-7.32049368364,-5.76326869464,-79.7713892354,-61.4197347977,7.75661079736e-15,9.30719270955,0.878147802626,True,0.215237761357,0.232599619101
722,24.08428,True,True,True,0,-8.52490105653,178.764467762,-3.26852308375,-6.60302289845,-5.42200221539,-79.8463832437,-60.8024957046,-8.43343347839e-15,8.53625668429,0.872943326761,True,0.216268325429,0.231045427096
723,24.117638,True,True,True,0,-8.56605584827,178.336925906,-2.97003168679,-6.41070235243,-5.25569832955,-80.0927479211,-60.306873831,-3.12866927857e-15,8.28275567417,0.868690948851,True,0.217107280603,0.229624302261
724,24.150995,True,True,True,0,-8.55496426215,178.289210452,-2.74478656952,-6.72750303329,-5.25845868766,-80.444157066,-59.992165779,-1.94436882109e-15,8.53132007446,0.865957029214,True,0.217562872242,0.228582270747
725,24.184353,True,True,True,0,-8.51472788579,178.501743375,-2.62124073626,-7.32163222739,-5.36942566121,-80.7730497951,-59.8659863786,1.26251809216e-16,9.0708234463,0.864853546448,True,0.217542855941,0.228027383316
726,24.217711,True,True,True,0,-8.47697184731,178.769854938,-2.59378517135,-7.87027755648,-5.5033066901,-80.9494247814,-59.8898267222,6.26305837585e-15,9.59358177969,0.865062360094,True,0.217103704052,0.227905605074
727,24.251069,True,True,True,0,-8.46289150902,178.906877603,-2.63403906931,-8.10500547993,-5.58000414362,-80.8957723168,-59.9999756198,-8.67240290326e-16,9.82952006056,0.866025191027,True,0.216423674292,0.228021286379
728,24.284427,True,True,True,0,-8.47573136533,178.8157718,-2.70733555002,-7.90645243947,-5.54545632125,-80.6061259019,-60.1311850473,-5.63440624065e-15,9.64720218321,0.867167938297,True,0.215761567333,0.228116819915
729,24.317784,True,True,True,0,-8.50468238171,178.510510193,-2.78761184027,-7.32672329317,-5.38447255978,-80.1346027436,-60.2361208081,7.77232474806e-15,9.08378355309,0.868078586725,True,0.21535912029,0.227977932612
730,24.351142,True,True,True,0,-8.53870839633,178.080423987,-2.86037196212,-6.52877153842,-5.12364112677,-79.5607409068,-60.2930721276,-9.05920980117e-16,8.29233245267,0.868571600108,True,0.21536516909,0.227515692804
731,24.3845,True,True,True,0,-8.57677931331,177.634459781,-2.92277930391,-5.69913063121,-4.8180863233,-78.9550489938,-60.295852983,7.7584975131e-15,7.45770739171,0.86859565131,True,0.215770895507,0.226800556688
732,24.417858,True,True,True,0,-8.62472244494,177.264299499,-2.9792536547,-4.98803593286,-4.53036905933,-78.3623041928,-60.2423036069,3.24050039183e-16,6.73445225338,0.868132151184,True,0.216423192528,0.226025025194
733,24.451215,True,True,True,0,-8.68392360828,177.03511195,-3.03622208504,-4.49667321189,-4.31708970874,-77.8088232104,-60.1334912891,1.20067178276e-15,6.23049264791,0.867187983485,True,0.217090609345,0.225423262573
734,24.484573,True,True,True,0,-8.74254890876,176.988348551,-3.09995264487,-4.28980027299,-4.21811683019,-77.3203445274,-59.9773898264,6.89091187298e-15,6.01345367671,0.865828025371,True,0.217569309954,0.225176883603
735,24.517931,True,True,True,0,-8.77939006412,177.138209951,-3.17344520203,-4.40241438476,-4.25109107228,-76.9371178484,-59.7952607862,-5.91981167466e-15,6.11697933761,0.86423319176,True,0.217768779923,0.225339149215
736,24.551289,True,True,True,0,-8.77620564195,177.461174589,-3.25259369119,-4.82608789634,-4.41256952632,-76.7124905733,-59.6237070846,4.96166851818e-15,6.53573305862,0.86272297528,True,0.217739682589,0.22582074389
737,24.584646,True,True,True,0,-8.73169633769,177.887552368,-3.32716658558,-5.48616627778,-4.67417998503,-76.6885571421,-59.4988650959,-6.811806127e-15,7.20271743043,0.861619107048,True,0.217620917818,0.226436228347
738,24.618004,True,True,True,0,-8.66632469828,178.314499552,-3.38410202746,-6.24217936223,-4.98971297364,-76.8685069291,-59.4460917844,2.23981199058e-15,7.98519919948,0.861151248543,True,0.217569237656,0.226986362148
739,24.651362,True,True,True,0,-8.61439173043,178.638201081,-3.41452275649,-6.91942866576,-5.30197415275,-77.1973166827,-59.4671948429,5.68023294543e-15,8.70933692156,0.861338424075,True,0.217671832636,0.227331362555
740,24.68472,True,True,True,0,-8.60169649128,178.800780728,-3.41827480635,-7.37262385857,-5.55549555951,-77.5707422819,-59.53697233,7.87409394683e-15,9.22217306448,0.861956489896,True,0.217921152736,0.227436481185
741,24.718078,True,True,True,0,-8.6276090302,178.819263399,-3.40505338152,-7.54455686771,-5.70400807635,-77.8667572272,-59.6067536802,5.15225214036e-15,9.44815643588,0.862573311417,True,0.218247781269,0.227348091406
742,24.751435,True,True,True,0,-8.65966301464,178.78339096,-3.39294920572,-7.49244838311,-5.71258632689,-77.9887329238,-59.6107300975,-1.13242488577e-14,9.41191136426,0.862608421824,True,0.218572706848,0.227138494347
743,24.784793,True,True,True,0,-8.64982382423,178.807770869,-3.40109869309,-7.35095964265,-5.5656542886,-77.8997337981,-59.4883781749,6.11151216093e-15,9.21101834735,0.861526194086,True,0.218850774376,0.22686474444
744,24.818151,True,True,True,0,-8.56394094264,178.962142404,-3.4416954292,-7.25516279563,-5.27076123431,-77.637349999,-59.2048876595,1.66055181981e-15,8.95932957341,0.859003574006,True,0.219087540586,0.22656318748
745,24.851509,True,True,True,0,-8.40370444301,179.219979719,-3.51369664206,-7.26180823655,-4.8594983532,-77.2982378862,-58.7627191833,8.56603203144e-16,8.7305177829,0.855027012927,True,0.219310477497,0.226266019252
746,24.884866,True,True,True,0,-8.20909296396,179.460407704,-3.60156447051,-7.32261327151,-4.38857946076,-77.0099974455,-58.2060363984,7.35894295475e-15,8.53084278543,0.849948205712,True,0.219537492773,0.226027711376
747,24.918224,True,True,True,0,-8.04074021683,179.525608774,-3.68255933763,-7.32058134602,-3.93023567493,-76.88915926,-57.6103989836,7.97987240259e-15,8.3038238857,0.844425162284,True,0.219770595617,0.22591201177
748,24.951582,True,True,True,0,-7.95165845774,179.303127932,-3.73796921935,-7.14889291459,-3.55704062371,-77.0089044969,-57.0699996853,-1.25100946854e-14,7.98081854636,0.839335340992,True,0.219998067967,0.225984273661
749,24.98494,True,True,True,0,-7.96710579395,178.779947371,-3.75866852398,-6.77146811313,-3.31850535093,-77.3714335004,-56.6710735289,-1.19802530556e-15,7.53750134059,0.835530074016,True,0.220219730426,0.226272655834
750,25.018298,True,True,True,0,-8.07904256908,178.049342646,-3.74330692271,-6.24751138075,-3.22962929798,-77.9102079632,-56.4653423838,-9.03430598227e-15,7.02997325604,0.833551808637,True,0.22046505297,0.226745331972
751,25.051656,True,True,True,0,-8.25541352544,177.268858037,-3.69169256796,-5.70636533167,-3.27186279969,-78.5138534488,-56.4458145178,-6.26421410398e-15,6.57512473618,0.833363474116,True,0.220779424752,0.22730441836
752,25.085013,True,True,True,0,-8.45496918566,176.599161865,-3.60119536337,-5.29283023619,-3.40211830075,-79.0621923348,-56.5469452759,6.04050454534e-15,6.28931718851,0.834337771475,True,0.221212081266,0.22780705013
753,25.118371,True,True,True,0,-8.64203821652,176.147959299,-3.4678340413,-5.11134645908,-3.56884768955,-79.468212997,-56.6690674347,3.28460555922e-16,6.23126969153,0.835510835824,True,0.221781875402,0.228119009863
754,25.151729,True,True,True,0,-8.79573875752,175.938522944,-3.28949621979,-5.18808279288,-3.72729688531,-79.7043627429,-56.7163108067,-1.18128202489e-14,6.38521292784,0.835963621821,True,0.222468251993,0.228164062083
755,25.185087,True,True,True,1,-8.91194609443,175.915460532,-3.07531311384,-5.47023041713,-3.84625417181,-79.8042090012,-56.6328270176,6.58220086812e-15,6.68371918015,0.835163118405,True,0.223222197904,0.227942394183
756,25.218445,True,True,True,0,-8.99791015652,175.984176201,-2.84398321016,-5.85904579494,-3.91909534354,-79.8408370501,-56.4183138327,1.09369190241e-14,7.0451497005,0.833098082395,True,0.223975661441,0.227524128281
757,25.251802,True,True,True,0,-9.06546954815,176.052264667,-2.61725013631,-6.2433113415,-3.96762267842,-79.8852367202,-56.1271758695,3.95680989722e-15,7.39314491826,0.830276734912,True,0.224652008618,0.22702656401
758,25.28516,True,True,True,1,-9.12590943931,176.056153026,-2.41467239006,-6.52054636175,-4.02956974866,-79.9668060646,-55.8441032216,-3.058542184e-15,7.66059876357,0.827512990877,True,0.225165876376,0.226588914274
759,25.318518,True,True,True,0,-9.1867111672,175.969939617,-2.2484943012,-6.61097851501,-4.14490313594,-80.0623438991,-55.6576944917,-7.8306131021e-15,7.79800761259,0.825681978382,True,0.225428992945,0.2263676349
760,25.351876,True,True,True,0,-9.25125914565,175.801531167,-2.12868878864,-6.47315565042,-4.33224198232,-80.110892777,-55.628828279,-2.80976780814e-15,7.78396514012,0.82539765606,True,0.225374837083,0.226500264099
761,25.385233,True,True,True,0,-9.31457945041,175.597205293,-2.07091848605,-6.13292734126,-4.57631844878,-80.0590530079,-55.7749131042,-4.31909268086e-15,7.64692156847,0.826834387396,True,0.224993116626,0.227069395166
762,25.418591,True,True,True,0,-9.36182525467,175.440241584,-2.09659787441,-5.69891316486,-4.83320736456,-79.8971044947,-56.0700166549,8.50971759404e-15,7.46728747768,0.82972029893,True,0.224349306665,0.2280545042
763,25.451949,True,True,True,0,-9.36725917339,175.440817208,-2.22611634161,-5.34791790119,-5.04628301506,-79.6750992811,-56.4542499658,5.38767674089e-15,7.34786809853,0.833444840815,True,0.223569422927,0.229324360865
764,25.485307,True,True,True,0,-9.30069733521,175.704481709,-2.46365506971,-5.26743685425,-5.16607202201,-79.4776874031,-56.8461609415,-5.31115762201e-16,7.37285014415,0.837205191858,True,0.222796620212,0.230649123725
765,25.518665,True,True,True,0,-9.142251376,176.284528141,-2.78337272697,-5.57868862815,-5.16916690691,-79.3867258083,-57.1651339646,-1.16102104596e-14,7.59983657465,0.840236803748,True,0.222141081435,0.231777555438
766,25.552023,True,True,True,0,-8.89967239664,177.143247729,-3.13058154474,-6.27500448765,-5.06427366015,-79.4394930926,-57.3520209388,-1.58807037571e-16,8.05728695053,0.842000939022,True,0.221658546391,0.232511266525
767,25.58538,True,True,True,0,-8.61415310107,178.149409175,-3.43434109728,-7.21884335289,-4.89594709485,-79.6233553925,-57.3909292174,3.73145314321e-15,8.71521459261,0.842367090942,True,0.221351206179,0.232787179374
768,25.618738,True,True,True,0,-8.34965512458,179.118900985,-3.63090334185,-8.19762097128,-4.73607537444,-79.8859680459,-57.3140312168,4.78174789909e-15,9.45928465467,0.841643056666,True,0.221186404037,0.232686685543
769,25.652096,True,True,True,0,-8.16925443847,179.879191622,-3.68539089063,-9.01023975794,-4.6634576455,-80.1589625391,-57.1910565815,6.74519375531e-15,10.1366960371,0.840482036884,True,0.221126468488,0.232401713991
770,25.685454,True,True,True,0,-8.11020449226,-179.679130424,-3.5981823786,-9.52726200642,-4.73752009155,-80.3713148695,-57.1026638728,6.13641744086e-15,10.630403757,0.839645117627,True,0.221143019842,0.232153167176
771,25.718812,True,True,True,0,-8.17394659808,-179.585791696,-3.39982299168,-9.71078301395,-4.97615378092,-80.4638106221,-57.1116374099,6.94382480053e-15,10.9006302722,0.839730171985,True,0.221222598362,0.232098474592
772,25.75217,True,True,True,0,-8.32749884259,-179.803795457,-3.14097341368,-9.58920072805,-5.3411181902,-80.3978111304,-57.2369511285,-2.14841382386e-15,10.9641828554,0.840915786506,True,0.221368091391,0.2322768276
773,25.785527,True,True,True,0,-8.51358794342,179.750615106,-2.87895111058,-9.22741309078,-5.74508431906,-80.167027959,-57.4456985114,-6.54734187151e-15,10.8565696961,0.842881846913,True,0.221577070262,0.232609752618
774,25.818885,True,True,True,0,-8.66621954272,179.19346695,-2.66880478555,-8.71324930146,-6.07437821001,-79.8034273398,-57.6643684688,-7.35901016994e-16,10.6081896508,0.844929362727,True,0.221828484104,0.232943211318
775,25.852243,True,True,True,0,-8.7286348591,178.655947963,-2.5522837222,-8.14537902639,-6.22552955127,-79.3661396457,-57.8070255671,6.16441239703e-15,10.2392753248,0.84625850067,True,0.222082396948,0.233116669196
776,25.885601,True,True,True,0,-8.67328316925,178.256210612,-2.5473802392,-7.6218300061,-6.1429635775,-78.9262203937,-57.80862093,5.83835006616e-15,9.77779473024,0.846273335038,True,0.222295284687,0.233028068329
777,25.918959,True,True,True,0,-8.51254863761,178.066938033,-2.64628963855,-7.2213073276,-5.8358228734,-78.5474301339,-57.647209801,7.15527550619e-15,9.27488338702,0.844769142147,True,0.222432842157,0.232669506635
778,25.952317,True,True,True,0,-8.2932368896,178.100188027,-2.82019249249,-6.99081878131,-5.3732795751,-78.2775215231,-57.3531096072,5.74530136003e-15,8.80909643727,0.842011189373,True,0.222482524244,0.232122528191
779,25.985674,True,True,True,0,-8.07969385615,178.312549554,-3.03091989119,-6.94604479082,-4.85961440447,-78.1499746513,-56.9954535089,-4.07452530471e-15,8.47039120307,0.838627347523,True,0.222446982978,0.231530329836
780,26.019032,True,True,True,0,-7.9318634948,178.626651809,-3.23977955347,-7.07390278895,-4.40904439361,-78.1872237057,-56.6655114694,-1.7705971353e-15,8.32951740349,0.835476732046,True,0.222324093024,0.231052018641
781,26.05239,True,True,True,0,-7.88779625077,178.959367815,-3.41822188222,-7.3439521064,-4.11347642641,-78.4018794593,-56.4491935746,4.67792048473e-15,8.41198688863,0.833396070013,True,0.222100931466,0.230822786252
782,26.085748,True,True,True,0,-7.950211185,179.251192899,-3.54953713926,-7.72424207234,-4.02748670984,-78.8002748093,-56.408266909,1.38276348566e-15,8.70552381766,0.833001078019,True,0.221763771101,0.230925351066
783,26.119106,True,True,True,0,-8.08545032079,179.482057708,-3.62870854791,-8.19504977081,-4.1607723561,-79.3778695885,-56.566822928,-1.75516528717e-15,9.18436767587,0.834528967919,True,0.221325235328,0.231365505072
784,26.152464,True,True,True,0,-8.23473910169,179.672629597,-3.65576262718,-8.75734813424,-4.4837891607,-80.1169127026,-56.9038764801,1.78211518795e-15,9.8304958052,0.83775566251,True,0.220838657506,0.232069394824
785,26.185821,True,True,True,0,-8.34065112352,179.855733983,-3.63071270517,-9.40705355944,-4.9403176429,-80.9707598897,-57.3621124758,1.30019346424e-15,10.6150640964,0.842095944175,True,0.220393303657,0.232896590162
786,26.219179,True,True,True,0,-8.37966643424,-179.963932356,-3.55317716892,-10.1022639523,-5.46402545954,-81.8545536012,-57.8639272478,-8.60169741349e-15,11.4717522,0.846787191186,True,0.22009017546,0.233682674687
787,26.252537,True,True,True,0,-8.38371002794,-179.84447258,-3.42872525149,-10.7328655254,-5.99392967715,-82.639006913,-58.3381638871,9.69536978872e-15,12.2759958087,0.851160929698,True,0.21999825215,0.234298792462
788,26.285895,True,True,True,0,-8.43049713988,-179.90063371,-3.27605598265,-11.1336283177,-6.48490890582,-83.170312242,-58.7414475414,-2.09854511427e-15,12.8639271175,0.854834424611,True,0.220133970616,0.234682731129
789,26.319253,True,True,True,0,-8.60947416601,179.73273922,-3.12800650027,-11.1278373091,-6.90414035051,-83.3122525077,-59.0627207468,4.67582967429e-15,13.0726617974,0.857730590708,True,0.220458200766,0.234850115646
790,26.352611,True,True,True,0,-8.97451323777,178.96551949,-3.02388083168,-10.5965419506,-7.22075323643,-83.0032563409,-59.3156203841,4.34850800287e-15,12.799590879,0.859991427492,True,0.220878571457,0.234879885614
791,26.385968,True,True,True,0,-9.51013268851,177.813619572,-2.9923934092,-9.53709775928,-7.4000988338,-82.2892617506,-59.5146823254,7.96907414939e-15,12.0503296006,0.861759191353,True,0.221267232834,0.234866582148
792,26.419326,True,True,True,0,-10.1250969391,176.438881654,-3.04053330158,-8.10156382312,-7.4199870562,-81.3163753673,-59.6639728209,5.47945958174e-15,10.9692169181,0.863078136558,True,0.221476303495,0.234889097208
793,26.452684,True,True,True,0,-10.6781678964,175.128887642,-3.14886786205,-6.57939363323,-7.29945663536,-80.2831599709,-59.7526061176,3.8155519993e-15,9.81508169965,0.863858418638,True,0.22138178807,0.23499037726
794,26.486042,True,True,True,0,-11.0304703754,174.199813791,-3.27561566669,-5.30325959782,-7.11033017539,-79.3639251621,-59.7642267942,-5.32238590431e-15,8.86209622901,0.863960567869,True,0.220927338736,0.235173805935
795,26.5194,True,True,True,0,-11.0944874081,173.873987485,-3.37093909831,-4.53913235602,-6.94972368626,-78.674995347,-59.6911384747,1.02714495297e-15,8.29464860995,0.863317508629,True,0.220157549571,0.23542104777
796,26.552757,True,True,True,0,-10.8613810089,174.194662261,-3.39730857745,-4.40349588011,-6.88902415059,-78.2722927307,-59.5450494984,9.78201550546e-15,8.17042596165,0.862027952233,True,0.219231374427,0.235708983284
797,26.586115,True,True,True,0,-10.3948118573,175.039597402,-3.34796124571,-4.86915942363,-6.94307937829,-78.179939504,-59.3532869488,1.48397857193e-16,8.47341991554,0.86032672127,True,0.218367323043,0.236005966755
798,26.619473,True,True,True,0,-9.80314738277,176.199560812,-3.25398317475,-5.81446104616,-7.07354768894,-78.3898324064,-59.1518535975,2.82755410401e-15,9.14718425135,0.858529317312,True,0.217784138591,0.236273016832
799,26.652831,True,True,True,0,-9.19836041893,177.471981789,-3.17559937268,-7.08276753325,-7.21068069843,-78.8532788289,-58.9714239524,6.82142995643e-15,10.0942616117,0.856910320863,True,0.217630901147,0.236453266829
800,26.686189,True,True,True,0,-8.66499700884,178.710553947,-3.17348274313,-8.51657492801,-7.28609481021,-79.4818456195,-58.829732869,-1.24992546867e-15,11.190498199,0.855632968078,True,0.217947424718,0.236485521701
801,26.719547,True,True,True,0,-8.24906968861,179.823224534,-3.28088571402,-9.96063502841,-7.25505411038,-80.1608560606,-58.7279046017,5.65369677458e-15,12.3011448453,0.854711748712,True,0.218656752418,0.236317949352
802,26.752904,True,True,True,0,-7.96467521541,-179.254529902,-3.48640260824,-11.2568723758,-7.10982855014,-80.7741016704,-58.6544897388,4.47498391103e-15,13.2896231733,0.854045904572,True,0.219591374478,0.235935324131
803,26.786262,True,True,True,0,-7.80972800574,-178.583708247,-3.73229195309,-12.2477658408,-6.88289965704,-81.2279867362,-58.5920338625,6.06127709005e-15,14.0234656771,0.853478350281,True,0.22054419115,0.235369365326
804,26.81962,True,True,True,0,-7.77445912943,-178.219939762,-3.93411211528,-12.7976891342,-6.63531142184,-81.4621693122,-58.5278946095,1.02062999787e-14,14.3900287183,0.852894443174,True,0.221317865461,0.23469767913
805,26.852978,True,True,True,0,-7.84306868715,-178.192335516,-4.01230832475,-12.8324206976,-6.43604947735,-81.4563777959,-58.4638464308,5.48256402861e-15,14.3317213845,0.852310298656,True,0.221783078825,0.234019233665
806,26.886336,True,True,True,0,-7.98707009577,-178.472845628,-3.92713301428,-12.3779984988,-6.33283466345,-81.2311064665,-58.4131306964,1.23604796203e-17,13.8813999692,0.851846995661,True,0.221889475796,0.233434659684
807,26.919694,True,True,True,0,-8.16181145787,-178.963569966,-3.69934527681,-11.5742099963,-6.33229967148,-80.8504538683,-58.3938093645,1.14211453106e-15,13.1724331566,0.851670314081,True,0.221667661624,0.233014209114
808,26.953052,True,True,True,0,-8.31021727559,-179.51345774,-3.40336955354,-10.6442864385,-6.40264786242,-80.4181406804,-58.4190178188,-2.37191851137e-15,12.4024852831,0.851900810486,True,0.221200130004,0.232799106918
809,26.986409,True,True,True,0,-8.37972374339,-179.96776029,-3.13792106621,-9.82633947088,-6.49002870643,-80.0592340675,-58.4887736272,1.50880283724e-15,11.7585413278,0.852537771099,True,0.220594015771,0.23280225015
810,27.019767,True,True,True,0,-8.34534753366,179.777390574,-2.98752616548,-9.30312175824,-6.54342988186,-79.8893502821,-58.5869400059,3.75068082168e-15,11.3572570737,0.853432016221,True,0.219953350988,0.233018244146
811,27.053125,True,True,True,0,-8.2246626935,179.741889005,-2.99030564417,-9.15767991522,-6.53495398407,-79.9826276936,-58.6855525214,5.8741056489e-15,11.2340613768,0.854327803072,True,0.219376939547,0.233414225601
812,27.086483,True,True,True,0,-8.07763948835,179.859314889,-3.12836931201,-9.36174135533,-6.46617527064,-80.3489487903,-58.7537595835,-1.35384018531e-14,11.3613626207,0.854945909235,True,0.218956406698,0.233928248446
813,27.119841,True,True,True,0,-7.98649508727,-179.99537576,-3.33980087517,-9.797226487,-6.36389831642,-80.9394015012,-58.7667026552,-1.57535582169e-15,11.6657205737,0.85506306522,True,0.21876704596,0.234477509766
814,27.153198,True,True,True,0,-8.0246741766,-179.967973021,-3.54137444061,-10.2878885858,-6.26734168563,-81.6658937686,-58.7139116395,2.73396487839e-15,12.0290000363,0.854584946218,True,0.218853684202,0.234963680617
815,27.186556,True,True,True,0,-8.22507845202,179.824543715,-3.65952168316,-10.6531634898,-6.20400854306,-82.4313870338,-58.5961263058,5.59947987128e-15,12.3099431861,0.853515570532,True,0.219216350417,0.235288093124
816,27.219914,True,True,True,0,-8.56280939792,179.341408785,-3.65526365827,-10.7676507144,-6.17420593808,-83.1489214182,-58.4215339856,-6.92722726912e-16,12.3940683764,0.851923808296,True,0.219786819182,0.235383111314
817,27.253272,True,True,True,0,-8.95810406196,178.648373683,-3.53362112386,-10.6058236252,-6.1516248288,-83.7479038782,-58.197509776,5.23650017031e-15,12.2430570043,0.849869789311,True,0.220430366969,0.23521944855
818,27.28663,True,True,True,0,-9.30684227821,177.902062386,-3.33833116856,-10.2450995352,-6.10069762522,-84.1718324319,-57.9284109155,3.42390520426e-16,11.9072567679,0.847385318661,True,0.220982374476,0.234819776216
819,27.319988,True,True,True,1,-9.5210498873,177.290212718,-3.13067067591,-9.82259814917,-6.00260422783,-84.3781787654,-57.6211933125,-8.203931948e-15,11.4961188489,0.844526066362,True,0.221291541655,0.234254938733
820,27.353345,True,True,True,0,-9.56415637151,176.94939402,-2.96593038303,-9.46890786454,-5.86612805473,-84.3529810278,-57.2998012115,-1.82746208574e-15,11.1246394073,0.841508907569,True,0.221288263252,0.233640068398
821,27.386703,True,True,True,0,-9.46164439132,176.906194149,-2.87437973359,-9.25493247621,-5.72202567414,-84.1290271127,-57.0065248389,8.87041867511e-15,10.8678382131,0.838732585958,True,0.22100888774,0.233101943312
822,27.420061,True,True,True,0,-9.28585045025,177.064678471,-2.85337382621,-9.16579343903,-5.61138825471,-83.7894780899,-56.7925612366,5.93562324118e-15,10.7345336163,0.836693215774,True,0.220572026291,0.232755416064
823,27.453418,True,True,True,0,-9.12363355709,177.248236555,-2.87747455821,-9.10888449788,-5.56762980377,-83.4400022803,-56.7001671125,-1.23228499775e-14,10.6634194714,0.835808962679,True,0.220122068001,0.232673945048
824,27.486776,True,True,True,0,-9.04091664187,177.280569625,-2.91695890063,-8.96494468626,-5.60389300778,-83.1713826383,-56.7481090415,-6.38607516834e-16,10.5601605923,0.836268059823,True,0.219765634986,0.232882997153
825,27.520134,True,True,True,0,-9.05641697499,177.075590044,-2.95675399921,-8.66052447441,-5.70646430016,-83.0255986428,-56.9314532842,-2.42285109857e-15,10.3595306098,0.83801838035,True,0.21954363551,0.233364734071
826,27.553491,True,True,True,0,-9.13709183612,176.69211052,-3.00742551261,-8.23176219902,-5.83820933151,-82.9953298266,-57.2251290932,2.65346745887e-15,10.0802575699,0.840804107963,True,0.219433064389,0.234067723542
827,27.586849,True,True,True,0,-9.21992173868,176.313183424,-3.09391366923,-7.82441823775,-5.95746690106,-83.0399112802,-57.5878618338,-7.78376459038e-15,9.82302759391,0.844214391132,True,0.219377183889,0.234910223928
828,27.620207,True,True,True,1,-9.24299639769,176.164583171,-3.23745953087,-7.62601303536,-6.03188973073,-83.1018420244,-57.9613501193,4.42914667568e-15,9.71208041536,0.847690436829,True,0.219313446569,0.235777406167
829,27.653564,True,True,True,0,-9.17478051371,176.403187524,-3.43777887337,-7.76408607731,-6.04403393558,-83.1197397353,-58.2779285185,8.22313925404e-15,9.82788589373,0.8506086241,True,0.219191888495,0.236540756816
830,27.686922,True,True,True,0,-9.02565282723,177.03807704,-3.66321703444,-8.23376367796,-5.99423404221,-83.043709571,-58.4753255248,6.8141076513e-15,10.17240596,0.852415070854,True,0.218999994906,0.23708256503
831,27.72028,True,True,True,0,-8.84502437768,177.910583429,-3.86203644599,-8.88407469445,-5.89773297495,-82.8533714735,-58.5172913195,1.47815438389e-15,10.6503819139,0.852797810604,True,0.218776481158,0.237336682329
832,27.753637,True,True,True,0,-8.70452157063,178.749890286,-3.98102895149,-9.48030067163,-5.78068831566,-82.5711126822,-58.4012194422,-4.56692456854e-15,11.08993861,0.85173808609,True,0.218608304094,0.237303610432
833,27.786995,True,True,True,0,-8.66915548365,179.283328938,-3.98973830224,-9.80918791688,-5.67291150001,-82.2660706796,-58.1616452594,4.53379854045e-15,11.3175461476,0.849539749679,True,0.218604455037,0.237046975203
834,27.820353,True,True,True,0,-8.7692479262,179.35310244,-3.89489319495,-9.77887126778,-5.59441982278,-82.0369414571,-57.8577722399,6.44232298457e-15,11.2525187912,0.846730043444,True,0.218855202166,0.236678005303
835,27.85371,True,True,True,0,-8.98806784071,178.974426872,-3.7399035165,-9.45664061581,-5.5509822235,-81.985033449,-57.5648303994,5.03684496213e-15,10.9526696336,0.843998862401,True,0.219392294881,0.236331728807
836,27.887068,True,True,True,0,-9.27260401644,178.313260871,-3.59011800615,-9.02623649943,-5.53822601698,-82.17640348,-57.3595781811,-1.26315925281e-14,10.5778341312,0.842072087921,True,0.220175566458,0.236140935024
837,27.920426,True,True,True,0,-9.56076437874,177.597130064,-3.50648255838,-8.69269036164,-5.5525867356,-82.610649232,-57.3018814563,2.81847350557e-15,10.3032528135,0.841528521691,True,0.221094958461,0.23621005142
838,27.953783,True,True,True,0,-9.80289107355,177.016421097,-3.52241616123,-8.58660511589,-5.59234055761,-83.2114229044,-57.4122582696,8.2620938567e-15,10.2356937844,0.842567646207,True,0.2219948278,0.23656952625
839,27.987141,True,True,True,0,-9.96770341767,176.663080184,-3.63097286123,-8.7167874951,-5.65569421543,-83.8524965303,-57.6634862187,3.13789694251e-15,10.3789178244,0.844921126487,True,0.222712134236,0.237149620959
840,28.020499,True,True,True,0,-10.0360562186,176.530131633,-3.78688485534,-8.98728748461,-5.73599926179,-84.4073152502,-57.9827665081,-1.13057241959e-14,10.6490637605,0.847888668058,True,0.223115794445,0.237787271356
841,28.053856,True,True,True,0,-9.99578279262,176.554045286,-3.92823451642,-9.25945694962,-5.82147370843,-84.7897455514,-58.2796477798,3.7502620609e-15,10.923888917,0.850624401257,True,0.22313433208,0.238270865374
842,28.087214,True,True,True,0,-9.84591360933,176.66405581,-4.00151097953,-9.41612545144,-5.89888982023,-84.9667501396,-58.4778870019,4.16525908409e-15,11.0971286319,0.852438445345,True,0.222773364759,0.238427485502
843,28.120572,True,True,True,0,-9.60495604488,176.815414366,-3.9837262904,-9.40541986187,-5.9569767383,-84.9509179807,-58.5397458137,6.45899207554e-15,11.118810551,0.85300241398,True,0.222116574622,0.238192658768
844,28.153929,True,True,True,0,-9.3107478154,177.002073379,-3.89092895618,-9.25623929875,-5.98604986963,-84.79020293,-58.4716195909,-1.00285996915e-15,11.0090079455,0.852381249725,True,0.221302541815,0.237640169792
845,28.187287,True,True,True,0,-9.00863699945,177.258121179,-3.76484400853,-9.07861355163,-5.98702843701,-84.5697758327,-58.3173117038,-2.35772742638e-15,10.8611707788,0.850969839864,True,0.220488873762,0.236951657789
846,28.220645,True,True,True,0,-8.73622357501,177.643014186,-3.65212701492,-9.03432604584,-5.97243702813,-84.3975042088,-58.1361932457,7.04267793213e-15,10.8163177894,0.849305328124,True,0.219815633486,0.236333282942
847,28.254002,True,True,True,0,-8.51194175238,178.218006735,-3.58366963147,-9.28734038316,-5.96652227377,-84.3755992509,-57.9813344691,2.30923138668e-15,11.0245870624,0.847875416726,True,0.219373751258,0.2359420185
848,28.28736,True,True,True,0,-8.33530249607,179.009128842,-3.56379111803,-9.93315633901,-5.99741342259,-84.559401464,-57.8852332648,-6.67672355741e-16,11.5877183685,0.846984936876,True,0.219197498092,0.235826609156
849,28.320718,True,True,True,0,-8.19975117237,179.963982929,-3.56970860271,-10.9323175021,-6.0878591709,-84.9304871937,-57.8552453906,-5.30758492358e-15,12.4950548929,0.846706579437,True,0.219261484607,0.235935532034
850,28.354075,True,True,True,0,-8.11119519224,-179.080862652,-3.56108929065,-12.0786557768,-6.24799105554,-85.4066601318,-57.8805790853,5.21929077724e-15,13.5775860955,0.84694175044,True,0.219500319811,0.236155882336
851,28.387433,True,True,True,0,-8.10126317022,-178.389422507,-3.49383640312,-13.0305489209,-6.47497089165,-85.8671436207,-57.9400760867,5.08200608769e-15,14.5256501113,0.847493405999,True,0.219824390123,0.236370034
852,28.420791,True,True,True,0,-8.22202917544,-178.256749644,-3.33471147813,-13.4101334527,-6.75865373297,-86.186716339,-58.016291702,3.39435018774e-15,14.9891009428,0.84819874115,True,0.220141121606,0.236509144145
853,28.454149,True,True,True,0,-8.5163088534,-178.888698897,-3.07955896078,-12.9502997209,-7.07450702038,-86.2680278087,-58.1020749005,1.151226739e-15,14.7276220186,0.848990823857,True,0.220381430887,0.236561813869
854,28.487507,True,True,True,0,-8.97912236738,179.715308349,-2.76194764448,-11.6240820198,-7.37580987338,-86.0710997024,-58.1990877905,6.87524483802e-15,13.7394534449,0.849884303184,True,0.220503178982,0.236567596949
855,28.520865,True,True,True,0,-9.53474726975,177.819740233,-2.45449566053,-9.70372885103,-7.59492477098,-85.6420028662,-58.3090430744,-1.46245657549e-15,12.3000820848,0.850894034765,True,0.220502034063,0.236570697959
856,28.554222,True,True,True,0,-10.0498292551,175.908015049,-2.24845995619,-7.69729386597,-7.67596034935,-85.1013672744,-58.422883846,3.26308007808e-15,10.8541873549,0.851936145367,True,0.220402851579,0.236587801304
857,28.58758,True,True,True,0,-10.3821516804,174.531734865,-2.2237607285,-6.18383015992,-7.60236394839,-84.5995750422,-58.5164301503,-9.29133332998e-15,9.78830135566,0.852789961098,True,0.220258477662,0.236579198228
858,28.620938,True,True,True,1,-10.4352252267,174.116004387,-2.41244585143,-5.60627203495,-7.40104605206,-84.2417519523,-58.5567526866,8.32463282755e-15,9.27527099339,0.85315729192,True,0.220143927579,0.236461661785
859,28.654296,True,True,True,0,-10.1904232735,174.808123744,-2.78450632185,-6.12501335236,-7.11231177402,-84.0518914566,-58.5205304207,9.0534445152e-16,9.37591212348,0.852827333094,True,0.220151174687,0.236146432893
860,28.687654,True,True,True,0,-9.71553042877,176.416039018,-3.25022136843,-7.55963950466,-6.77616449563,-83.9743473287,-58.406907721,4.30142397525e-15,10.138912886,0.85179010099,True,0.220370607135,0.235585943038
861,28.721011,True,True,True,0,-9.15162142251,178.459715938,-3.68946009333,-9.43946728023,-6.44438284139,-83.911338036,-58.2487419435,1.72554586466e-15,11.4130132857,0.850340670591,True,0.220847613175,0.234813986647
862,28.754369,True,True,True,0,-8.67118963115,-179.663575324,-3.99476015001,-11.1658128701,-6.18918827282,-83.7696821331,-58.1068930818,-1.27325298485e-15,12.7473482962,0.849035256301,True,0.221552421,0.233950359628
863,28.787727,True,True,True,0,-8.41309524885,-178.457751122,-4.11404409436,-12.2395658001,-6.07876772976,-83.5066123684,-58.0482417332,-5.65906774317e-15,13.6452986081,0.848493975378,True,0.222355006125,0.233173287728
864,28.821085,True,True,True,0,-8.4260779827,-178.157317682,-4.06433365951,-12.4356271624,-6.13644017949,-83.1477295677,-58.1209148838,6.14246730483e-15,13.8458338611,0.849164528802,True,0.223053192127,0.232662514291
865,28.854443,True,True,True,0,-8.65638560136,-178.678909319,-3.91478181636,-11.856001938,-6.32409455016,-82.783018122,-58.3349065018,9.69722687057e-15,13.4158871292,0.851131086382,True,0.223428984404,0.232537161161
866,28.887801,True,True,True,0,-8.98245329658,-179.692430552,-3.75934630888,-10.8513018671,-6.56299290871,-82.534420419,-58.6565955763,9.35454847943e-15,12.6612381641,0.854065023234,True,0.223320177814,0.232829436603
867,28.921158,True,True,True,0,-9.27503135553,179.226875923,-3.68384342381,-9.85599074429,-6.77533170103,-82.5025712395,-59.0246431215,5.39874676383e-15,11.9411711705,0.857388741147,True,0.22268506828,0.23347970611
868,28.954516,True,True,True,0,-9.45116877395,178.425018315,-3.73601045559,-9.19908589482,-6.90606569153,-82.7092523437,-59.3616218625,2.47685663939e-15,11.4850342419,0.860400865342,True,0.221618095777,0.234368482371
869,28.987874,True,True,True,0,-9.49811916356,178.045309122,-3.91081805883,-8.97025878745,-6.92379913375,-83.0660492385,-59.5921107403,3.16900453863e-15,11.3142315125,0.862443983442,True,0.220329249014,0.235336156102
870,29.021232,True,True,True,0,-9.46157871577,178.009751606,-4.15311251596,-9.01008475999,-6.81797387961,-83.3980040447,-59.6559880796,4.87764339952e-15,11.2819423119,0.86300774155,True,0.219081292978,0.236225962667
871,29.05459,True,True,True,0,-9.41324974209,178.100834059,-4.3810934111,-9.02336706952,-6.60493466514,-83.5156093881,-59.5249459385,9.15626782635e-15,11.1662317225,0.861850055267,True,0.218105782282,0.236910728913
872,29.087948,True,True,True,0,-9.41146847362,178.094846288,-4.51943047279,-8.75418254989,-6.3314219357,-83.2976012732,-59.2214851663,6.56524924115e-15,10.7893437697,0.859151845897,True,0.217555541734,0.237328319292
873,29.121305,True,True,True,0,-9.47438489512,177.87323271,-4.5243305736,-8.12231855701,-6.0661893946,-82.7499425995,-58.8168334795,9.54529469087e-15,10.1253984162,0.855516419391,True,0.217449534791,0.23749103757
874,29.154663,True,True,True,0,-9.57587619219,177.46790093,-4.39961640162,-7.26562708115,-5.87799014045,-82.0173913343,-58.4122630639,1.33185142062e-15,9.33566162548,0.851839063778,True,0.217682209096,0.237466758038
875,29.188021,True,True,True,0,-9.66685698747,177.024658332,-4.18502042664,-6.46826395861,-5.81812628619,-81.3388805566,-58.0941826801,5.7215667944e-15,8.69166299748,0.848918030177,True,0.218049215578,0.237326996075
876,29.221379,True,True,True,0,-9.69990742843,176.728167006,-3.9400962353,-6.03602775628,-5.90612214482,-80.9582128612,-57.9105667089,-3.02325651464e-15,8.43721980813,0.847219909554,True,0.218333827784,0.237111341654
877,29.254737,True,True,True,0,-9.64425356353,176.725842584,-3.72437734192,-6.1808498373,-6.11725341143,-81.0345758171,-57.8610979631,4.89143967494e-15,8.68782553183,0.846760923183,True,0.218401775135,0.236802012059
878,29.288094,True,True,True,0,-9.48424646953,177.090320807,-3.58225173834,-6.96336300305,-6.38718232536,-81.5830831121,-57.9112212054,8.49738054546e-16,9.43839497428,0.847225977943,True,0.218249017757,0.236344346488
879,29.321452,True,True,True,0,-9.21413873019,177.814559872,-3.53821901351,-8.29517498825,-6.63100269557,-82.471109293,-58.0114508478,-3.58817476345e-15,10.605291401,0.848153986232,True,0.217999351396,0.23566781482
880,29.35481,True,True,True,0,-8.83901316503,178.826201843,-3.59636230746,-9.97888854516,-6.76898654005,-83.4612351571,-58.1078040637,1.65789120017e-15,12.0388016428,0.849043656546,True,0.217817159127,0.234732151464
881,29.388168,True,True,True,0,-8.38376018909,179.999622888,-3.74053804815,-11.7566040697,-6.75857395424,-84.2873148094,-58.1617990291,-1.27225174548e-14,13.5370820698,0.84954116544,True,0.217838841977,0.233565881387
882,29.421525,True,True,True,0,-7.89990259681,-178.830185595,-3.9404342028,-13.354954207,-6.60614995046,-84.7325669681,-58.1633247248,3.27733929129e-16,14.8728647351,0.849555212221,True,0.218105212251,0.232295494201
883,29.454883,True,True,True,0,-7.46244998862,-177.851578301,-4.15682028089,-14.5182556705,-6.36298667186,-84.6859325826,-58.1362755051,-4.15466925638e-15,15.8239179446,0.84930608603,True,0.218559733048,0.231140169994
884,29.488241,True,True,True,0,-7.14785472876,-177.234390885,-4.35155507466,-15.0563344379,-6.09975118512,-84.1695321511,-58.1271790237,2.55118382232e-16,16.2184809605,0.849222263934,True,0.219080254977,0.230341019927
885,29.521599,True,True,True,0,-7.00452709565,-177.082666085,-4.49573502794,-14.8888539631,-5.87283512898,-83.3262702946,-58.1713372942,1.84343552479e-15,15.9808563803,0.849628972489,True,0.219523103552,0.230073858641
886,29.554956,True,True,True,0,-7.02988100962,-177.396924801,-4.57002005553,-14.073813696,-5.70654383987,-82.3695595179,-58.2668445974,3.59819404192e-15,15.165053695,0.850506891815,True,0.219777407192,0.230362580405
887,29.588314,True,True,True,0,-7.16895126704,-178.070019512,-4.56873900809,-12.7983225211,-5.59282155892,-81.5127697226,-58.3697082118,9.24392880432e-15,13.9482761904,0.851449788257,True,0.21978603396,0.231073292325
888,29.621672,True,True,True,0,-7.33426650379,-178.913477407,-4.49579633925,-11.3344218153,-5.51257218836,-80.9071321783,-58.4133983001,2.97991237104e-15,12.5880849386,0.851849442051,True,0.219545709897,0.231965020669
889,29.65503,True,True,True,1,-7.44228105717,-179.715251657,-4.36380266196,-9.9658518357,-5.45579614662,-80.6067659469,-58.3462184839,8.26496404328e-16,11.3482575245,0.851234712005,True,0.219103181234,0.232787171212
890,29.688387,True,True,True,0,-7.44761672442,179.694046445,-4.19142370463,-8.91307157424,-5.42502522119,-80.5746108294,-58.1545797562,7.70791407531e-16,10.4228504851,0.849474690839,True,0.218540688061,0.233351472749
891,29.721745,True,True,True,0,-7.36144473142,179.382556205,-4.0003857745,-8.27065838102,-5.42634525969,-80.7112044304,-57.8690306345,2.3951095455e-15,9.88150240559,0.846834567473,True,0.217958556065,0.233576209118
892,29.755103,True,True,True,0,-7.25011794721,179.279058954,-3.80887218532,-7.97579152417,-5.45941458243,-80.9038556545,-57.5500788696,2.21938919287e-15,9.65533913583,0.843860745572,True,0.217474806401,0.233470271566
893,29.78846,True,True,True,0,-7.21435448674,179.17536644,-3.62718842989,-7.81666442404,-5.51386956847,-81.0626078352,-57.2631818149,-6.44356217759e-16,9.55583743142,0.841163450576,True,0.217201172916,0.233097209988
894,29.821818,True,True,True,0,-7.36492986817,178.763480942,-3.45383212623,-7.48014020782,-5.57475736412,-81.1393362758,-57.06514867,5.96897927514e-15,9.31952466389,0.839289312257,True,0.21724318802,0.232528218359
895,29.855176,True,True,True,0,-7.7915545599,177.728448352,-3.2742511043,-6.64442905745,-5.6248541812,-81.1178486357,-56.9928088169,6.42924524973e-15,8.69743483427,0.838602203792,True,0.217675610451,0.231819131999
896,29.888534,True,True,True,0,-8.5328531079,175.875016366,-3.07084787212,-5.10466427799,-5.63406438836,-81.00320094,-57.0573507831,3.498128082e-15,7.59711744384,0.839215309599,True,0.218517570996,0.231009537056
897,29.921891,True,True,True,0,-9.54812749957,173.24855096,-2.83173702656,-2.88901606933,-5.56535959939,-80.8174533451,-57.2453994659,3.51318667653e-15,6.26844246385,0.840995572996,True,0.219712510001,0.230132645555
898,29.955249,True,True,True,0,-10.7113564753,170.17237389,-2.56360015156,-0.289410289018,-5.39358201294,-80.6034191521,-57.5138334996,-1.139682666e-15,5.40131814372,0.843521146909,True,0.221118809593,0.229234012311
