frame,time_s,has_pose,left_shoulder_x,left_shoulder_y,left_shoulder_z,left_shoulder_vis,right_shoulder_x,right_shoulder_y,right_shoulder_z,right_shoulder_vis,left_elbow_x,left_elbow_y,left_elbow_z,left_elbow_vis,right_elbow_x,right_elbow_y,right_elbow_z,right_elbow_vis,left_wrist_x,left_wrist_y,left_wrist_z,left_wrist_vis,right_wrist_x,right_wrist_y,right_wrist_z,right_wrist_vis,left_hip_x,left_hip_y,left_hip_z,left_hip_vis,right_hip_x,right_hip_y,right_hip_z,right_hip_vis
0,0.000000,1,0.258522,-1.270652,3.268000,0.9997,-0.072505,-0.464055,1.298000,1.0000,0.153955,-0.387075,1.298000,0.0160,-0.192331,-0.328771,1.271000,0.9045,0.149682,-0.322925,1.298000,0.0014,-0.169309,-0.161591,0.971000,0.6640,0.127231,-0.337150,1.287000,0.9992,0.046263,-0.293868,1.274000,0.9998
1,0.033357,1,0.132173,-0.473593,1.337000,0.9997,-0.088284,-0.402480,1.279000,1.0000,0.235336,-0.356396,1.311000,0.0840,-0.193087,-0.311146,1.276000,0.9138,,,,0.0050,-0.178529,-0.156469,0.969000,0.6952,0.129349,-0.313828,1.287000,0.9993,0.014449,-0.270335,1.243000,0.9998
2,0.066714,1,0.135962,-0.473661,1.331000,0.9997,-0.138808,-0.419336,1.279000,1.0000,0.256914,-0.345597,1.311000,0.1646,-0.234905,-0.288005,1.231000,0.9223,0.330276,-0.209207,1.067000,0.0400,-0.194000,-0.160021,0.991000,0.7248,0.115914,-0.267630,1.279000,0.9994,-0.022251,-0.234198,1.236000,0.9998
3,0.100071,1,0.133168,-0.456246,1.325000,0.9998,-0.172490,-0.423550,1.279000,1.0000,0.265545,-0.334799,1.311000,0.2371,-0.278801,-0.249022,1.145000,0.9294,0.348200,-0.232297,1.137000,0.1234,-0.200700,-0.163122,1.000000,0.7521,0.096740,-0.161897,1.276000,0.9994,-0.052339,-0.141416,1.226000,0.9998
4,0.133428,1,0.138551,-0.441635,1.314000,0.9998,-0.172490,-0.425657,1.279000,1.0000,0.280003,-0.333617,1.298000,0.3037,-0.288090,-0.252442,1.152000,0.9322,0.359444,-0.237289,1.143000,0.2074,-0.205012,-0.163937,1.005000,0.7767,0.087301,-0.091441,1.261000,0.9994,-0.068650,-0.078997,1.229000,0.9998
5,0.166786,1,0.150046,-0.443651,1.320000,0.9998,-0.168937,-0.431552,1.284000,1.0000,0.289660,-0.326316,1.303000,0.3579,-0.293778,-0.248646,1.152000,0.9306,0.358061,-0.229028,1.121000,0.2823,-0.203155,-0.163774,1.004000,0.7986,0.087509,-0.045847,1.264000,0.9992,-0.077616,-0.038942,1.243000,0.9996
6,0.200143,1,0.154041,-0.438304,1.317000,0.9998,-0.164454,-0.432991,1.282000,1.0000,0.297552,-0.323423,1.300000,0.3989,-0.287589,-0.250109,1.150000,0.9186,0.353155,-0.229437,1.123000,0.3427,-0.202751,-0.163448,1.002000,0.8180,0.079500,-0.016761,1.269000,0.9992,-0.082562,-0.018658,1.256000,0.9996
7,0.233500,1,0.156209,-0.442643,1.317000,0.9998,-0.165096,-0.436800,1.287000,1.0000,0.303504,-0.318649,1.298000,0.4360,-0.284454,-0.247135,1.145000,0.9046,0.355411,-0.222520,1.107000,0.3991,-0.202346,-0.161474,1.000000,0.8357,0.068349,-0.014520,1.256000,0.9991,-0.090831,-0.014520,1.256000,0.9995
8,0.266857,1,0.153105,-0.442111,1.309000,0.9998,-0.164711,-0.435782,1.284000,1.0000,0.302802,-0.315779,1.295000,0.4711,-0.286339,-0.247135,1.145000,0.8877,0.344816,-0.210579,1.074000,0.4512,-0.202751,-0.161797,1.002000,0.8516,0.061999,-0.012421,1.253000,0.9990,-0.099100,-0.008313,1.256000,0.9994
9,0.300214,1,0.151527,-0.441635,1.314000,0.9998,-0.164069,-0.436192,1.279000,0.9999,0.300671,-0.313646,1.295000,0.5029,-0.282467,-0.245409,1.137000,0.8778,0.343049,-0.210579,1.074000,0.4976,-0.200098,-0.160990,0.997000,0.8660,0.063806,-0.004148,1.248000,0.9989,-0.096647,-0.002097,1.251000,0.9993
10,0.333571,1,0.156564,-0.443651,1.320000,0.9998,-0.164454,-0.437215,1.282000,0.9999,0.304934,-0.311512,1.295000,0.5355,-0.285839,-0.246704,1.143000,0.8712,0.344816,-0.208810,1.074000,0.5418,-0.200098,-0.160990,0.997000,0.8791,0.068077,-0.000036,1.251000,0.9988,-0.099258,-0.004181,1.258000,0.9992
11,0.366928,1,0.158376,-0.440473,1.317000,0.9998,-0.162977,-0.438921,1.287000,0.9999,0.307776,-0.312234,1.298000,0.5671,-0.285839,-0.246704,1.143000,0.8624,0.343687,-0.209199,1.076000,0.5826,-0.198457,-0.160990,0.997000,0.8909,0.070248,0.004092,1.253000,0.9986,-0.101329,0.002036,1.258000,0.9991
12,0.400286,1,0.158977,-0.442146,1.322000,0.9998,-0.164454,-0.437215,1.282000,0.9999,0.303971,-0.310573,1.300000,0.5862,-0.285839,-0.246704,1.143000,0.8556,0.341281,-0.210579,1.074000,0.6129,-0.197462,-0.160183,0.992000,0.9013,0.066018,0.004086,1.251000,0.9986,-0.105302,0.002033,1.256000,0.9990
13,0.433643,1,0.160544,-0.438304,1.317000,0.9998,-0.165096,-0.438921,1.287000,0.9999,0.304227,-0.306534,1.292000,0.6025,-0.285339,-0.246272,1.141000,0.8452,0.338421,-0.207060,1.065000,0.6421,-0.198258,-0.160829,0.996000,0.9106,0.065860,0.008188,1.248000,0.9985,-0.100926,0.006157,1.253000,0.9989
14,0.467000,1,0.160544,-0.438304,1.317000,0.9998,-0.164454,-0.437215,1.282000,0.9999,0.302802,-0.307245,1.295000,0.6185,-0.284338,-0.245409,1.137000,0.8361,0.342410,-0.210187,1.072000,0.6683,-0.197462,-0.160183,0.992000,0.9190,0.068077,0.008208,1.251000,0.9984,-0.098706,0.006147,1.251000,0.9989
15,0.500357,1,0.158376,-0.438304,1.317000,0.9998,-0.164711,-0.437897,1.284000,0.9999,0.301367,-0.307957,1.298000,0.6377,-0.287217,-0.248152,1.141000,0.8335,0.344326,-0.211363,1.078000,0.6950,-0.197462,-0.160183,0.992000,0.9266,0.065596,0.008155,1.243000,0.9984,-0.101329,0.002036,1.258000,0.9989
16,0.533715,1,0.158015,-0.437305,1.314000,0.9998,-0.164454,-0.437215,1.282000,0.9999,0.303971,-0.308432,1.300000,0.6539,-0.285839,-0.246704,1.143000,0.8287,0.340645,-0.210187,1.072000,0.7175,-0.198258,-0.160829,0.996000,0.9336,0.063704,0.008175,1.246000,0.9983,-0.105051,0.006157,1.253000,0.9988
17,0.567072,1,0.157414,-0.435641,1.309000,0.9998,-0.164454,-0.437215,1.282000,0.9999,0.303504,-0.305819,1.298000,0.6634,-0.284839,-0.247717,1.139000,0.8259,0.343188,-0.211756,1.080000,0.7327,-0.197860,-0.160506,0.994000,0.9396,0.061405,0.010187,1.241000,0.9983,-0.107370,0.006171,1.256000,0.9988
18,0.600429,1,0.158015,-0.435141,1.314000,0.9998,-0.164711,-0.437897,1.284000,0.9999,0.305640,-0.303680,1.298000,0.6723,-0.285339,-0.248152,1.141000,0.8193,0.343188,-0.209976,1.080000,0.7486,-0.197860,-0.160506,0.994000,0.9451,0.061504,0.010203,1.243000,0.9982,-0.105470,0.008254,1.258000,0.9987
19,0.633787,1,0.157655,-0.431987,1.311000,0.9998,-0.164711,-0.437897,1.284000,0.9999,0.306111,-0.304148,1.300000,0.6853,-0.285339,-0.248152,1.141000,0.8103,0.347840,-0.211726,1.089000,0.7662,-0.198258,-0.160829,0.996000,0.9501,0.063806,0.012300,1.248000,0.9982,-0.104883,0.008208,1.251000,0.9987
20,0.667144,1,0.161153,-0.437790,1.322000,0.9998,-0.164711,-0.437897,1.284000,0.9999,0.306817,-0.304850,1.303000,0.6963,-0.284338,-0.247282,1.137000,0.8068,0.347201,-0.211337,1.087000,0.7827,-0.197860,-0.160506,0.994000,0.9546,0.061653,0.010228,1.246000,0.9981,-0.105051,0.006157,1.253000,0.9986
21,0.700501,1,0.157655,-0.431987,1.311000,0.9998,-0.165096,-0.438921,1.287000,0.9998,0.304934,-0.302979,1.295000,0.7057,-0.284839,-0.247717,1.139000,0.8027,0.343687,-0.207426,1.076000,0.7963,-0.197860,-0.160506,0.994000,0.9587,0.059363,0.010187,1.241000,0.9980,-0.104883,0.006147,1.251000,0.9986
22,0.733858,1,0.157655,-0.434147,1.311000,0.9998,-0.164711,-0.440013,1.284000,0.9998,0.305640,-0.303680,1.298000,0.7130,-0.283838,-0.246847,1.135000,0.7973,0.340328,-0.206462,1.071000,0.8092,-0.198258,-0.160829,0.996000,0.9623,0.061257,0.010162,1.238000,0.9980,-0.102824,0.006147,1.251000,0.9985
23,0.767216,1,0.157414,-0.433485,1.309000,0.9998,-0.164711,-0.440013,1.284000,0.9998,0.307065,-0.302979,1.295000,0.7203,-0.284839,-0.247717,1.139000,0.7937,0.345604,-0.208583,1.082000,0.8187,-0.195237,-0.159698,0.989000,0.9654,0.061504,0.010203,1.243000,0.9980,-0.102824,0.006147,1.251000,0.9985
24,0.800573,1,0.158737,-0.437128,1.320000,0.9998,-0.164069,-0.438299,1.279000,0.9998,0.306354,-0.302277,1.292000,0.7295,-0.283838,-0.246847,1.135000,0.7917,0.346243,-0.208968,1.084000,0.8298,-0.195632,-0.160021,0.991000,0.9685,0.061653,0.010228,1.246000,0.9980,-0.103235,0.006171,1.256000,0.9985
25,0.833930,1,0.158376,-0.436134,1.317000,0.9998,-0.164711,-0.440013,1.284000,0.9998,0.307776,-0.303680,1.298000,0.7396,-0.285839,-0.248587,1.143000,0.7888,0.344174,-0.206655,1.072000,0.8403,-0.195829,-0.160183,0.992000,0.9711,0.061504,0.010203,1.243000,0.9980,-0.102824,0.006147,1.251000,0.9985
26,0.867288,1,0.157655,-0.434147,1.311000,0.9998,-0.164711,-0.440013,1.284000,0.9998,0.309197,-0.302979,1.295000,0.7480,-0.284338,-0.247282,1.137000,0.7856,0.347385,-0.208583,1.082000,0.8504,-0.194000,-0.160021,0.991000,0.9735,0.061504,0.010203,1.243000,0.9980,-0.103235,0.006171,1.256000,0.9984
27,0.900645,1,0.157414,-0.433485,1.309000,0.9998,-0.164711,-0.440013,1.284000,0.9998,0.308480,-0.302277,1.292000,0.7579,-0.283838,-0.246847,1.135000,0.7824,0.346743,-0.208197,1.080000,0.8595,-0.194196,-0.160183,0.992000,0.9757,0.066018,0.010269,1.251000,0.9979,-0.103235,0.006171,1.256000,0.9984
28,0.934002,1,0.157414,-0.433485,1.309000,0.9998,-0.164711,-0.442128,1.284000,0.9998,0.309197,-0.302979,1.295000,0.7635,-0.284839,-0.247717,1.139000,0.7833,0.348027,-0.208968,1.084000,0.8663,-0.194196,-0.160183,0.992000,0.9776,0.066018,0.008208,1.251000,0.9980,-0.102988,0.006157,1.253000,0.9984
29,0.967359,1,0.160178,-0.435141,1.314000,0.9998,-0.162597,-0.442128,1.284000,0.9998,0.309913,-0.303680,1.298000,0.7624,-0.281970,-0.246847,1.135000,0.7785,0.344816,-0.207040,1.074000,0.8706,-0.194588,-0.160506,0.994000,0.9793,0.065596,0.010203,1.243000,0.9980,-0.103235,0.006171,1.256000,0.9984
30,1.000717,1,0.160178,-0.435141,1.314000,0.9998,-0.161964,-0.440406,1.279000,0.9998,0.308480,-0.302277,1.292000,0.7614,-0.282467,-0.247282,1.137000,0.7764,0.346743,-0.208197,1.080000,0.8738,-0.192369,-0.160021,0.991000,0.9808,0.065860,0.010244,1.248000,0.9980,-0.103235,0.006171,1.256000,0.9984
31,1.034074,1,0.159812,-0.434147,1.311000,0.9998,-0.162597,-0.442128,1.284000,0.9998,0.308480,-0.302277,1.292000,0.7710,-0.281970,-0.246847,1.135000,0.7783,0.344174,-0.206655,1.072000,0.8817,-0.191981,-0.159698,0.989000,0.9823,0.065860,0.008188,1.248000,0.9980,-0.102988,0.006157,1.253000,0.9984
32,1.067431,1,0.160544,-0.436134,1.317000,0.9998,-0.162977,-0.443161,1.287000,0.9998,0.309913,-0.303680,1.298000,0.7794,-0.281970,-0.246847,1.135000,0.7788,0.345458,-0.207426,1.076000,0.8879,-0.191981,-0.159698,0.989000,0.9837,0.072311,0.008221,1.253000,0.9979,-0.098864,0.006157,1.253000,0.9984
33,1.100789,1,0.158376,-0.440473,1.317000,0.9998,-0.162344,-0.441439,1.282000,0.9998,0.303971,-0.306290,1.300000,0.7903,-0.283461,-0.248152,1.141000,0.7856,0.350274,-0.213912,1.091000,0.8952,-0.190738,-0.160021,0.991000,0.9850,0.070417,0.008241,1.256000,0.9980,-0.101329,0.004109,1.258000,0.9985
34,1.134146,1,0.158977,-0.442146,1.322000,0.9998,-0.162597,-0.442128,1.284000,0.9998,0.302802,-0.305112,1.295000,0.7974,-0.282467,-0.247282,1.137000,0.7901,0.352201,-0.213282,1.097000,0.9006,-0.190738,-0.160021,0.991000,0.9862,0.070417,0.008241,1.256000,0.9980,-0.100926,0.004092,1.253000,0.9984
35,1.167503,1,0.157655,-0.438467,1.311000,0.9998,-0.163357,-0.446319,1.290000,0.9998,0.306111,-0.306290,1.300000,0.7975,-0.282467,-0.247282,1.137000,0.7921,0.354006,-0.213282,1.097000,0.9019,-0.189680,-0.160506,0.994000,0.9871,0.070417,0.008241,1.256000,0.9980,-0.101329,0.004109,1.258000,0.9984
36,1.200860,1,0.160544,-0.438304,1.317000,0.9998,-0.162597,-0.444243,1.284000,0.9998,0.305640,-0.305819,1.298000,0.7977,-0.278621,-0.245542,1.129000,0.7890,0.352070,-0.210318,1.091000,0.9048,-0.190252,-0.160990,0.997000,0.9880,0.065860,0.008188,1.248000,0.9979,-0.103399,0.002036,1.258000,0.9984
37,1.234218,1,0.161153,-0.439968,1.322000,0.9998,-0.163357,-0.446319,1.290000,0.9998,0.306354,-0.302277,1.292000,0.8036,-0.280596,-0.247282,1.137000,0.7897,0.347230,-0.205653,1.076000,0.9082,-0.190061,-0.160829,0.996000,0.9886,0.068349,0.008241,1.256000,0.9978,-0.103235,0.004102,1.256000,0.9983
38,1.267575,1,0.160544,-0.438304,1.317000,0.9998,-0.162597,-0.444243,1.284000,0.9998,0.308251,-0.306290,1.300000,0.8077,-0.279608,-0.246412,1.133000,0.7937,0.345616,-0.204698,1.071000,0.9122,-0.188043,-0.160506,0.994000,0.9894,0.068077,0.008208,1.251000,0.9979,-0.103399,0.004109,1.258000,0.9983
39,1.300932,1,0.161153,-0.439968,1.322000,0.9998,-0.162597,-0.446359,1.284000,0.9998,0.308962,-0.306997,1.303000,0.8132,-0.277253,-0.245977,1.131000,0.7979,0.352715,-0.210703,1.093000,0.9159,-0.185845,-0.160021,0.991000,0.9902,0.066018,0.008208,1.251000,0.9979,-0.103235,0.002033,1.256000,0.9984
40,1.334290,1,0.160544,-0.438304,1.317000,0.9998,-0.162597,-0.444243,1.284000,0.9998,0.304227,-0.304405,1.292000,0.8166,-0.278234,-0.246847,1.135000,0.7998,0.352070,-0.210318,1.091000,0.9189,-0.185470,-0.158069,0.989000,0.9907,0.065860,0.008188,1.248000,0.9979,-0.103399,0.002036,1.258000,0.9983
41,1.367647,1,0.160544,-0.438304,1.317000,0.9998,-0.162597,-0.444243,1.284000,0.9998,0.306111,-0.306290,1.300000,0.8148,-0.275465,-0.247717,1.139000,0.8000,0.350916,-0.210703,1.093000,0.9197,-0.185329,-0.160990,0.997000,0.9911,0.064061,0.008221,1.253000,0.9979,-0.102988,0.002028,1.253000,0.9983
42,1.401004,1,0.160544,-0.436134,1.317000,0.9998,-0.160859,-0.447401,1.287000,0.9998,0.306817,-0.304850,1.303000,0.8152,-0.274981,-0.249155,1.137000,0.7950,0.351559,-0.211089,1.095000,0.9198,-0.185701,-0.161313,0.999000,0.9911,0.061653,0.008175,1.246000,0.9978,-0.105302,0.002033,1.256000,0.9983
43,1.434361,1,0.160544,-0.438304,1.317000,0.9998,-0.160859,-0.447401,1.287000,0.9998,0.304934,-0.305112,1.295000,0.8130,-0.274071,-0.250031,1.141000,0.7957,0.346101,-0.206036,1.078000,0.9195,-0.181134,-0.160183,0.992000,0.9916,0.061504,0.006108,1.243000,0.9978,-0.103893,-0.002119,1.264000,0.9983
44,1.467718,1,0.160910,-0.439302,1.320000,0.9998,-0.160484,-0.446359,1.284000,0.9998,0.304227,-0.304405,1.292000,0.8160,-0.275032,-0.250908,1.145000,0.7957,0.344816,-0.205271,1.074000,0.9217,-0.182047,-0.160990,0.997000,0.9920,0.063959,0.006147,1.251000,0.9977,-0.102988,-0.002100,1.253000,0.9982
45,1.501075,1,0.161153,-0.439968,1.322000,0.9998,-0.160484,-0.446359,1.284000,0.9998,0.305640,-0.305819,1.298000,0.8162,-0.274071,-0.250031,1.141000,0.7967,0.345458,-0.205653,1.076000,0.9230,-0.178586,-0.160829,0.996000,0.9924,0.064061,0.004092,1.253000,0.9977,-0.103235,-0.004174,1.256000,0.9982
46,1.534433,1,0.158737,-0.439302,1.320000,0.9998,-0.160484,-0.446359,1.284000,0.9998,0.306111,-0.308432,1.300000,0.8204,-0.274071,-0.250031,1.141000,0.7990,0.346101,-0.206036,1.078000,0.9262,-0.178765,-0.160990,0.997000,0.9928,0.064061,0.002028,1.253000,0.9977,-0.101168,-0.004174,1.256000,0.9982
47,1.567790,1,0.158015,-0.437305,1.314000,0.9998,-0.160234,-0.445663,1.282000,0.9998,0.305640,-0.307957,1.298000,0.8235,-0.271716,-0.249593,1.139000,0.7949,0.344816,-0.205271,1.074000,0.9276,-0.176591,-0.160506,0.994000,0.9931,0.067914,0.002020,1.248000,0.9977,-0.101812,-0.004201,1.264000,0.9982
48,1.601147,1,0.161153,-0.439968,1.322000,0.9998,-0.160484,-0.446359,1.284000,0.9998,0.306111,-0.308432,1.300000,0.8194,-0.271239,-0.249155,1.137000,0.7935,0.344816,-0.205271,1.074000,0.9259,-0.175307,-0.160829,0.996000,0.9933,0.068186,-0.000036,1.253000,0.9977,-0.101329,-0.006253,1.258000,0.9982
49,1.634504,1,0.159812,-0.436307,1.311000,0.9998,-0.160859,-0.447401,1.287000,0.9998,0.307776,-0.307957,1.298000,0.8205,-0.272670,-0.250470,1.143000,0.7908,0.342569,-0.203933,1.067000,0.9278,-0.173668,-0.160829,0.996000,0.9935,0.068349,-0.000036,1.256000,0.9977,-0.101570,-0.006268,1.261000,0.9982
50,1.667862,1,0.158737,-0.439302,1.320000,0.9998,-0.160484,-0.446359,1.284000,0.9998,0.304934,-0.307245,1.295000,0.8262,-0.272193,-0.250031,1.141000,0.7929,0.346743,-0.206418,1.080000,0.9308,-0.173842,-0.160990,0.997000,0.9937,0.068186,-0.000036,1.253000,0.9977,-0.101570,-0.004191,1.261000,0.9982
51,1.701219,1,0.158015,-0.437305,1.314000,0.9998,-0.160859,-0.447401,1.287000,0.9998,0.307776,-0.305819,1.298000,0.8254,-0.272193,-0.250031,1.141000,0.7951,0.349632,-0.209932,1.089000,0.9303,-0.172719,-0.161474,1.000000,0.9940,0.068349,-0.000036,1.256000,0.9977,-0.101168,-0.004174,1.256000,0.9982
52,1.734576,1,0.158015,-0.437305,1.314000,0.9998,-0.160859,-0.447401,1.287000,0.9998,0.307776,-0.305819,1.298000,0.8284,-0.271716,-0.249593,1.139000,0.7954,0.350274,-0.210318,1.091000,0.9323,-0.168411,-0.160506,0.994000,0.9941,0.068077,-0.000036,1.251000,0.9976,-0.101329,-0.004181,1.258000,0.9981
53,1.767933,1,0.158977,-0.439968,1.322000,0.9998,-0.160484,-0.446359,1.284000,0.9998,0.307776,-0.305819,1.298000,0.8341,-0.273147,-0.250908,1.145000,0.7967,0.348027,-0.207182,1.084000,0.9350,-0.168919,-0.160990,0.997000,0.9942,0.068621,-0.000036,1.261000,0.9976,-0.103646,-0.004191,1.261000,0.9981
54,1.801290,1,0.158376,-0.438304,1.317000,0.9998,-0.160859,-0.447401,1.287000,0.9998,0.308251,-0.306290,1.300000,0.8313,-0.271239,-0.247282,1.137000,0.7979,0.348990,-0.207756,1.087000,0.9334,-0.169427,-0.161474,1.000000,0.9942,0.068349,-0.000036,1.256000,0.9975,-0.103893,-0.004201,1.264000,0.9980
55,1.834647,1,0.158376,-0.438304,1.317000,0.9998,-0.160484,-0.446359,1.284000,0.9998,0.307065,-0.305112,1.295000,0.8357,-0.272193,-0.248152,1.141000,0.7995,0.348990,-0.207756,1.087000,0.9351,-0.169427,-0.161474,1.000000,0.9943,0.066282,0.002033,1.256000,0.9975,-0.105973,-0.004201,1.264000,0.9980
56,1.868005,1,0.160910,-0.437128,1.320000,0.9998,-0.159357,-0.449140,1.292000,0.9998,0.308962,-0.304850,1.303000,0.8375,-0.272193,-0.248152,1.141000,0.7982,0.346243,-0.207182,1.084000,0.9357,-0.167782,-0.161474,1.000000,0.9941,0.068349,0.004102,1.256000,0.9974,-0.105470,-0.000036,1.258000,0.9979
57,1.901362,1,0.161519,-0.440966,1.325000,0.9998,-0.158371,-0.446359,1.284000,0.9998,0.304934,-0.302979,1.295000,0.8417,-0.271716,-0.247717,1.139000,0.7997,0.347840,-0.208138,1.089000,0.9375,-0.166468,-0.161797,1.002000,0.9940,0.068458,0.004109,1.258000,0.9975,-0.105721,-0.000036,1.261000,0.9980
58,1.934719,1,0.161153,-0.439968,1.322000,0.9998,-0.158371,-0.448474,1.284000,0.9998,0.310390,-0.302007,1.300000,0.8379,-0.272670,-0.248587,1.143000,0.7981,0.350395,-0.209667,1.097000,0.9364,-0.164490,-0.161474,1.000000,0.9941,0.068621,0.006196,1.261000,0.9974,-0.108053,-0.000036,1.264000,0.9979
59,1.968076,1,0.160910,-0.441477,1.320000,0.9998,-0.159111,-0.450570,1.290000,0.9998,0.306111,-0.302007,1.300000,0.8449,-0.272670,-0.248587,1.143000,0.8010,0.349117,-0.208903,1.093000,0.9396,-0.165148,-0.162120,1.004000,0.9940,0.068621,0.006196,1.261000,0.9974,-0.106141,-0.000036,1.266000,0.9979
60,2.001434,1,0.160910,-0.441477,1.320000,0.9998,-0.159111,-0.450570,1.290000,0.9998,0.307776,-0.301542,1.298000,0.8458,-0.269841,-0.247717,1.139000,0.8011,0.349756,-0.209285,1.095000,0.9405,-0.161520,-0.161797,1.002000,0.9941,0.068621,0.006196,1.261000,0.9974,-0.105470,-0.000036,1.258000,0.9979
61,2.034791,1,0.160544,-0.440473,1.317000,0.9998,-0.158741,-0.449522,1.287000,0.9998,0.308251,-0.302007,1.300000,0.8481,-0.270315,-0.248152,1.141000,0.8023,0.350395,-0.209667,1.097000,0.9418,-0.159871,-0.161797,1.002000,0.9942,0.068621,0.006196,1.261000,0.9974,-0.105973,-0.000036,1.264000,0.9979
62,2.068148,1,0.162712,-0.440473,1.317000,0.9998,-0.158371,-0.448474,1.284000,0.9998,0.308251,-0.302007,1.300000,0.8516,-0.271262,-0.249022,1.145000,0.8015,0.351034,-0.208239,1.099000,0.9434,-0.159871,-0.163448,1.002000,0.9943,0.068077,0.006147,1.251000,0.9974,-0.107797,-0.000036,1.261000,0.9978
63,2.101505,1,0.163082,-0.441477,1.320000,0.9998,-0.158371,-0.448474,1.284000,0.9998,0.307065,-0.300845,1.295000,0.8576,-0.266091,-0.245840,1.139000,0.8037,0.351034,-0.208239,1.099000,0.9458,-0.159169,-0.162766,1.008000,0.9942,0.068458,0.006181,1.258000,0.9973,-0.108224,0.002049,1.266000,0.9978
64,2.134862,1,0.162712,-0.438304,1.317000,0.9998,-0.159111,-0.450570,1.290000,0.9998,0.309197,-0.298712,1.295000,0.8618,-0.266073,-0.247567,1.147000,0.8076,0.355506,-0.210892,1.113000,0.9466,-0.157354,-0.162605,1.007000,0.9940,0.066388,0.006181,1.258000,0.9974,-0.108224,0.002049,1.266000,0.9978
65,2.168219,1,0.163082,-0.439302,1.320000,0.9998,-0.158371,-0.446359,1.284000,0.9998,0.309913,-0.299404,1.298000,0.8662,-0.265145,-0.244821,1.143000,0.8081,0.351673,-0.208618,1.101000,0.9485,-0.155387,-0.162282,1.005000,0.9940,0.066546,0.010351,1.261000,0.9973,-0.108224,0.008306,1.266000,0.9977
66,2.201577,1,0.163082,-0.439302,1.320000,0.9998,-0.158371,-0.446359,1.284000,0.9998,0.310607,-0.295891,1.292000,0.8687,-0.264217,-0.243964,1.139000,0.8067,0.350395,-0.207860,1.097000,0.9483,-0.152533,-0.162766,1.008000,0.9938,0.066704,0.012458,1.264000,0.9973,-0.108224,0.006221,1.266000,0.9977
67,2.234934,1,0.163329,-0.439968,1.322000,0.9998,-0.157384,-0.443577,1.276000,0.9998,0.309197,-0.296578,1.295000,0.8739,-0.263263,-0.244821,1.143000,0.8088,0.352312,-0.208997,1.103000,0.9505,-0.150425,-0.162282,1.005000,0.9937,0.068785,0.012458,1.264000,0.9973,-0.105721,0.008273,1.261000,0.9976
68,2.268291,1,0.163082,-0.437128,1.320000,0.9998,-0.158371,-0.448474,1.284000,0.9998,0.310390,-0.297723,1.300000,0.8743,-0.261881,-0.243536,1.137000,0.8071,0.351673,-0.208618,1.101000,0.9503,-0.147409,-0.162605,1.007000,0.9936,0.068458,0.014471,1.258000,0.9974,-0.105470,0.008254,1.258000,0.9977
69,2.301648,1,0.161723,-0.433485,1.309000,0.9998,-0.158124,-0.447775,1.282000,0.9998,0.309913,-0.297265,1.298000,0.8784,-0.260010,-0.243536,1.137000,0.8072,0.354228,-0.210134,1.109000,0.9519,-0.145896,-0.164427,1.008000,0.9934,0.068458,0.014471,1.258000,0.9974,-0.108224,0.010392,1.266000,0.9977
70,2.335006,1,0.163082,-0.437128,1.320000,0.9998,-0.158124,-0.447775,1.282000,0.9997,0.309197,-0.296578,1.295000,0.8801,-0.260010,-0.243536,1.137000,0.8091,0.352950,-0.209376,1.105000,0.9516,-0.143808,-0.163937,1.005000,0.9931,0.068349,0.014448,1.256000,0.9974,-0.105721,0.008273,1.261000,0.9977
71,2.368363,1,0.163082,-0.437128,1.320000,0.9998,-0.158124,-0.447775,1.282000,0.9997,0.307776,-0.297265,1.298000,0.8781,-0.260467,-0.245840,1.139000,0.8104,0.352312,-0.208997,1.103000,0.9496,-0.142437,-0.164264,1.007000,0.9924,0.066546,0.010351,1.261000,0.9975,-0.105721,0.006196,1.261000,0.9978
72,2.401720,1,0.163082,-0.437128,1.320000,0.9998,-0.158124,-0.447775,1.282000,0.9997,0.309913,-0.297265,1.298000,0.8857,-0.260010,-0.245409,1.137000,0.8151,0.351673,-0.208618,1.101000,0.9529,-0.138708,-0.163774,1.004000,0.9924,0.066282,0.012379,1.256000,0.9975,-0.108224,0.012477,1.266000,0.9977
73,2.435078,1,0.162712,-0.436134,1.317000,0.9998,-0.157754,-0.448834,1.279000,0.9997,0.308480,-0.295891,1.292000,0.8904,-0.260467,-0.245840,1.139000,0.8207,0.351673,-0.208618,1.101000,0.9550,-0.136509,-0.163122,1.000000,0.9924,0.068785,0.012458,1.264000,0.9975,-0.106141,0.010392,1.266000,0.9978
74,2.468435,1,0.160178,-0.435141,1.314000,0.9998,-0.158124,-0.449887,1.282000,0.9997,0.307776,-0.297265,1.298000,0.8903,-0.258139,-0.245409,1.137000,0.8238,0.350395,-0.207860,1.097000,0.9552,-0.135403,-0.163774,1.004000,0.9927,0.064317,0.008254,1.258000,0.9976,-0.106141,0.006221,1.266000,0.9979
75,2.501792,1,0.162341,-0.435141,1.314000,0.9998,-0.158124,-0.449887,1.282000,0.9997,0.309913,-0.297265,1.298000,0.8936,-0.255816,-0.243107,1.135000,0.8239,0.349117,-0.207102,1.093000,0.9563,-0.131440,-0.162959,0.999000,0.9928,0.064215,0.010310,1.256000,0.9975,-0.105973,0.010375,1.264000,0.9978
76,2.535149,1,0.160910,-0.439302,1.320000,0.9998,-0.158124,-0.449887,1.282000,0.9997,0.306354,-0.298020,1.292000,0.8962,-0.253501,-0.242679,1.133000,0.8250,0.349117,-0.207102,1.093000,0.9572,-0.126887,-0.165099,1.002000,0.9926,0.064470,0.008273,1.261000,0.9977,-0.105973,0.006211,1.264000,0.9979
77,2.568507,1,0.160178,-0.437305,1.314000,0.9998,-0.155649,-0.448834,1.279000,0.9997,0.306354,-0.298020,1.292000,0.8980,-0.252080,-0.243107,1.135000,0.8260,0.351034,-0.208239,1.099000,0.9581,-0.124987,-0.164769,1.000000,0.9928,0.064624,0.004128,1.264000,0.9977,-0.105973,-0.004201,1.264000,0.9979
78,2.601864,1,0.160910,-0.439302,1.320000,0.9998,-0.155649,-0.446727,1.279000,0.9997,0.307065,-0.298712,1.295000,0.8986,-0.251636,-0.238946,1.133000,0.8253,0.351673,-0.208618,1.101000,0.9583,-0.125237,-0.165099,1.002000,0.9931,0.066546,0.002041,1.261000,0.9976,-0.106141,-0.004208,1.266000,0.9978
79,2.635221,1,0.160178,-0.437305,1.314000,0.9998,-0.156014,-0.449887,1.282000,0.9998,0.308251,-0.299865,1.300000,0.8981,-0.250212,-0.239368,1.135000,0.8253,0.354228,-0.210134,1.109000,0.9580,-0.123342,-0.164769,1.000000,0.9934,0.068785,-0.000036,1.264000,0.9976,-0.106141,-0.004208,1.266000,0.9979
80,2.668579,1,0.159569,-0.435641,1.309000,0.9998,-0.156622,-0.449522,1.287000,0.9998,0.307065,-0.298712,1.295000,0.9001,-0.249771,-0.237079,1.133000,0.8245,0.353589,-0.209755,1.107000,0.9593,-0.122182,-0.165428,1.004000,0.9935,0.070977,-0.000036,1.266000,0.9976,-0.106560,-0.002130,1.271000,0.9979
81,2.701936,1,0.160910,-0.439302,1.320000,0.9998,-0.155284,-0.447782,1.276000,0.9998,0.307065,-0.298712,1.295000,0.8989,-0.247906,-0.237079,1.133000,0.8272,0.356145,-0.211271,1.115000,0.9586,-0.118641,-0.165099,1.002000,0.9936,0.068894,-0.000036,1.266000,0.9977,-0.106141,-0.002122,1.266000,0.9979
82,2.735293,1,0.160544,-0.438304,1.317000,0.9998,-0.155649,-0.448834,1.279000,0.9998,0.308251,-0.302007,1.300000,0.9008,-0.247469,-0.236661,1.131000,0.8244,0.352950,-0.209376,1.105000,0.9604,-0.115572,-0.165428,1.004000,0.9939,0.068785,-0.000036,1.264000,0.9975,-0.106392,-0.000036,1.269000,0.9978
83,2.768651,1,0.160544,-0.440473,1.317000,0.9998,-0.156257,-0.452704,1.284000,0.9998,0.307065,-0.298712,1.295000,0.9048,-0.247906,-0.237079,1.133000,0.8316,0.355506,-0.210892,1.113000,0.9620,-0.109733,-0.164110,0.996000,0.9942,0.068621,0.002041,1.261000,0.9975,-0.108224,0.002049,1.266000,0.9978
84,2.802008,1,0.160910,-0.439302,1.320000,0.9998,-0.156014,-0.451999,1.282000,0.9998,0.307065,-0.296578,1.295000,0.9075,-0.247344,-0.238335,1.139000,0.8354,0.352312,-0.208997,1.103000,0.9632,-0.108094,-0.164110,0.996000,0.9945,0.068621,0.006196,1.261000,0.9975,-0.105973,0.008293,1.264000,0.9977
85,2.835365,1,0.160544,-0.438304,1.317000,0.9998,-0.156257,-0.452704,1.284000,0.9998,0.307776,-0.297265,1.298000,0.9066,-0.246476,-0.237498,1.135000,0.8389,0.352312,-0.207180,1.103000,0.9632,-0.105236,-0.164769,1.000000,0.9947,0.068785,0.006211,1.264000,0.9975,-0.108053,0.008293,1.264000,0.9977
86,2.868723,1,0.161153,-0.437790,1.322000,0.9998,-0.154144,-0.452704,1.284000,0.9998,0.306354,-0.293763,1.292000,0.9097,-0.245607,-0.236661,1.131000,0.8391,0.350395,-0.206053,1.097000,0.9644,-0.103280,-0.164275,0.997000,0.9948,0.068458,0.012399,1.258000,0.9974,-0.110134,0.014540,1.264000,0.9976
87,2.902080,1,0.160910,-0.439302,1.320000,0.9998,-0.153904,-0.451999,1.282000,0.9998,0.309913,-0.295127,1.298000,0.9145,-0.246910,-0.237916,1.137000,0.8426,0.345604,-0.201453,1.082000,0.9665,-0.101639,-0.164275,0.997000,0.9947,0.066388,0.012399,1.258000,0.9974,-0.109872,0.014505,1.261000,0.9976
88,2.935437,1,0.160544,-0.438304,1.317000,0.9998,-0.154144,-0.452704,1.284000,0.9998,0.311328,-0.294445,1.295000,0.9193,-0.243595,-0.238335,1.139000,0.8446,0.347840,-0.202756,1.089000,0.9686,-0.101639,-0.164275,0.997000,0.9947,0.066546,0.016583,1.261000,0.9974,-0.112658,0.018779,1.269000,0.9975
89,2.968795,1,0.160910,-0.439302,1.320000,0.9998,-0.154144,-0.452704,1.284000,0.9998,0.310607,-0.293763,1.292000,0.9240,-0.241029,-0.232111,1.127000,0.8472,0.350395,-0.202438,1.097000,0.9707,-0.101945,-0.164769,1.000000,0.9948,0.066546,0.022815,1.261000,0.9972,-0.114747,0.022960,1.269000,0.9973
90,3.002152,1,0.163082,-0.439302,1.320000,0.9998,-0.154144,-0.452704,1.284000,0.9998,0.310607,-0.293763,1.292000,0.9280,-0.238161,-0.232934,1.131000,0.8525,0.342090,-0.195876,1.071000,0.9722,-0.098850,-0.165099,1.002000,0.9948,0.064215,0.022725,1.256000,0.9973,-0.116559,0.022905,1.266000,0.9973
91,3.035509,1,0.163082,-0.441477,1.320000,0.9998,-0.156257,-0.452704,1.284000,0.9997,0.311328,-0.294445,1.295000,0.9309,-0.235464,-0.232111,1.127000,0.8524,0.340328,-0.195876,1.071000,0.9734,-0.096716,-0.164275,0.997000,0.9948,0.064061,0.022670,1.253000,0.9973,-0.116559,0.022905,1.266000,0.9973
92,3.068867,1,0.163329,-0.442146,1.322000,0.9999,-0.156622,-0.453762,1.287000,0.9997,0.314860,-0.293763,1.292000,0.9325,-0.236717,-0.233346,1.133000,0.8569,0.340645,-0.196059,1.072000,0.9742,-0.097007,-0.164769,1.000000,0.9949,0.064215,0.022725,1.256000,0.9973,-0.116375,0.022869,1.264000,0.9973
93,3.102224,1,0.163700,-0.443149,1.325000,0.9999,-0.153904,-0.451999,1.282000,0.9997,0.316322,-0.295127,1.298000,0.9354,-0.234023,-0.232523,1.129000,0.8591,0.340645,-0.196059,1.072000,0.9755,-0.094979,-0.164110,0.996000,0.9950,0.066546,0.022815,1.261000,0.9973,-0.116375,0.020787,1.264000,0.9973
94,3.135581,1,0.161153,-0.439968,1.322000,0.9999,-0.153544,-0.450941,1.279000,0.9997,0.311328,-0.294445,1.295000,0.9349,-0.231754,-0.232111,1.127000,0.8622,0.341916,-0.196790,1.076000,0.9750,-0.093434,-0.164275,0.997000,0.9950,0.066282,0.020655,1.256000,0.9974,-0.116836,0.018779,1.269000,0.9974
95,3.168938,1,0.161153,-0.439968,1.322000,0.9998,-0.154144,-0.452704,1.284000,0.9997,0.301832,-0.299865,1.300000,0.9356,-0.230307,-0.232523,1.129000,0.8646,0.339692,-0.195510,1.069000,0.9754,-0.089881,-0.163781,0.994000,0.9951,0.064317,0.020688,1.258000,0.9974,-0.116836,0.018779,1.269000,0.9974
96,3.202296,1,0.160544,-0.438304,1.317000,0.9999,-0.155649,-0.450941,1.279000,0.9997,0.301367,-0.297265,1.298000,0.9362,-0.230307,-0.232523,1.129000,0.8640,0.343823,-0.197888,1.082000,0.9759,-0.086870,-0.164275,0.997000,0.9950,0.064215,0.020655,1.256000,0.9975,-0.116836,0.018779,1.269000,0.9974
97,3.235653,1,0.160910,-0.441477,1.320000,0.9999,-0.156014,-0.451999,1.282000,0.9997,0.301832,-0.297723,1.300000,0.9381,-0.230715,-0.232934,1.131000,0.8689,0.344459,-0.198254,1.084000,0.9765,-0.081947,-0.164275,0.997000,0.9950,0.064317,0.020688,1.258000,0.9975,-0.117020,0.018808,1.271000,0.9974
98,3.269010,1,0.161153,-0.439968,1.322000,0.9999,-0.153904,-0.451999,1.282000,0.9997,0.302802,-0.294445,1.295000,0.9395,-0.231939,-0.234170,1.137000,0.8720,0.346047,-0.199168,1.089000,0.9769,-0.078428,-0.163781,0.994000,0.9952,0.062148,0.022725,1.256000,0.9975,-0.119393,0.020951,1.274000,0.9974
99,3.302368,1,0.160910,-0.439302,1.320000,0.9999,-0.156257,-0.454820,1.284000,0.9997,0.304227,-0.293763,1.292000,0.9416,-0.232347,-0.234582,1.139000,0.8729,0.340645,-0.194293,1.072000,0.9776,-0.073668,-0.164110,0.996000,0.9952,0.057874,0.022670,1.253000,0.9975,-0.123587,0.020951,1.274000,0.9974
100,3.335725,1,0.160544,-0.438304,1.317000,0.9999,-0.156257,-0.452704,1.284000,0.9997,0.304934,-0.294445,1.295000,0.9447,-0.226189,-0.232111,1.127000,0.8740,0.338881,-0.194293,1.072000,0.9789,-0.071522,-0.162957,0.989000,0.9952,0.057782,0.022634,1.251000,0.9975,-0.123296,0.020902,1.271000,0.9974
101,3.369083,1,0.163082,-0.439302,1.320000,0.9999,-0.156014,-0.454111,1.282000,0.9997,0.306354,-0.293763,1.292000,0.9475,-0.222479,-0.230254,1.127000,0.8783,0.336668,-0.193024,1.065000,0.9802,-0.070389,-0.164110,0.996000,0.9955,0.058105,0.022761,1.258000,0.9976,-0.123781,0.020984,1.276000,0.9974
102,3.402440,1,0.163329,-0.439968,1.322000,0.9999,-0.156257,-0.454820,1.284000,0.9997,0.307065,-0.294445,1.295000,0.9483,-0.221016,-0.230663,1.129000,0.8781,0.337933,-0.193749,1.069000,0.9807,-0.066976,-0.163781,0.994000,0.9956,0.060176,0.020688,1.258000,0.9975,-0.124072,0.021034,1.279000,0.9974
103,3.435797,1,0.160910,-0.441477,1.320000,0.9999,-0.156014,-0.456223,1.282000,0.9997,0.304934,-0.294445,1.295000,0.9487,-0.221016,-0.230663,1.129000,0.8822,0.334455,-0.191755,1.058000,0.9807,-0.063576,-0.163451,0.992000,0.9957,0.062148,0.018586,1.256000,0.9975,-0.119112,0.018808,1.271000,0.9974
104,3.469154,1,0.160910,-0.439302,1.320000,0.9999,-0.154144,-0.454820,1.284000,0.9997,0.307776,-0.295127,1.298000,0.9512,-0.216529,-0.229845,1.125000,0.8862,0.335720,-0.192480,1.062000,0.9818,-0.061880,-0.163286,0.991000,0.9960,0.061999,0.018542,1.253000,0.9975,-0.118924,0.018779,1.269000,0.9974
105,3.502512,1,0.161153,-0.444323,1.322000,0.9999,-0.153544,-0.455156,1.279000,0.9997,0.305640,-0.295127,1.298000,0.9524,-0.216914,-0.230254,1.127000,0.8902,0.342042,-0.197888,1.082000,0.9825,-0.060432,-0.163781,0.994000,0.9961,0.064470,0.014505,1.261000,0.9976,-0.116836,0.016688,1.269000,0.9975
106,3.535869,1,0.160544,-0.438304,1.317000,0.9999,-0.153904,-0.454111,1.282000,0.9997,0.307776,-0.295127,1.298000,0.9520,-0.214296,-0.229437,1.123000,0.8912,0.340145,-0.196790,1.076000,0.9825,-0.060310,-0.163451,0.992000,0.9962,0.064317,0.014471,1.258000,0.9976,-0.117020,0.016714,1.271000,0.9975
107,3.569226,1,0.161885,-0.446340,1.328000,0.9999,-0.153904,-0.456223,1.282000,0.9997,0.305880,-0.293308,1.290000,0.9516,-0.214296,-0.227587,1.123000,0.8930,0.339632,-0.197522,1.080000,0.9824,-0.058500,-0.162957,0.989000,0.9963,0.062246,0.014471,1.258000,0.9976,-0.116836,0.016688,1.269000,0.9975
108,3.602583,1,0.160910,-0.443651,1.320000,0.9999,-0.153544,-0.455156,1.279000,0.9998,0.306354,-0.293763,1.292000,0.9526,-0.212069,-0.227181,1.121000,0.8967,0.341410,-0.197522,1.080000,0.9828,-0.058796,-0.163781,0.994000,0.9965,0.062395,0.014505,1.261000,0.9976,-0.119112,0.016714,1.271000,0.9975
109,3.635941,1,0.161519,-0.443149,1.325000,0.9999,-0.153544,-0.455156,1.279000,0.9998,0.309197,-0.294445,1.295000,0.9525,-0.212826,-0.227992,1.125000,0.8959,0.342042,-0.197888,1.082000,0.9829,-0.057045,-0.163451,0.992000,0.9965,0.061999,0.022670,1.253000,0.9975,-0.121013,0.020869,1.269000,0.9974
110,3.669298,1,0.160910,-0.441477,1.320000,0.9999,-0.153904,-0.458335,1.282000,0.9997,0.309197,-0.294445,1.295000,0.9538,-0.211724,-0.230663,1.129000,0.8953,0.339003,-0.197156,1.078000,0.9835,-0.057275,-0.165751,0.996000,0.9964,0.061999,0.022670,1.253000,0.9976,-0.123587,0.020951,1.274000,0.9974
111,3.702656,1,0.161153,-0.442146,1.322000,0.9999,-0.153904,-0.458335,1.282000,0.9997,0.309197,-0.294445,1.295000,0.9553,-0.210974,-0.229845,1.125000,0.8942,0.335720,-0.192480,1.062000,0.9843,-0.055412,-0.165085,0.992000,0.9964,0.060176,0.022761,1.258000,0.9975,-0.125881,0.020984,1.276000,0.9973
112,3.736013,1,0.161519,-0.443149,1.325000,0.9999,-0.153544,-0.457263,1.279000,0.9997,0.310126,-0.291183,1.290000,0.9562,-0.210224,-0.229028,1.121000,0.8926,0.337300,-0.193387,1.067000,0.9845,-0.055412,-0.165085,0.992000,0.9964,0.058013,0.024794,1.256000,0.9975,-0.127981,0.020984,1.276000,0.9973
113,3.769370,1,0.163329,-0.442146,1.322000,0.9999,-0.153904,-0.458335,1.282000,0.9997,0.310126,-0.291183,1.290000,0.9572,-0.210599,-0.229437,1.123000,0.8941,0.331598,-0.192118,1.060000,0.9849,-0.053887,-0.165418,0.994000,0.9965,0.057782,0.022634,1.251000,0.9975,-0.127480,0.020902,1.271000,0.9973
114,3.802727,1,0.163329,-0.442146,1.322000,0.9999,-0.153183,-0.456190,1.276000,0.9997,0.311328,-0.292312,1.295000,0.9576,-0.210974,-0.229845,1.125000,0.8935,0.334915,-0.193024,1.065000,0.9850,-0.053996,-0.165751,0.996000,0.9966,0.057874,0.022670,1.253000,0.9975,-0.127480,0.020902,1.271000,0.9973
115,3.836085,1,0.163329,-0.439968,1.322000,0.9999,-0.153544,-0.457263,1.279000,0.9997,0.310607,-0.291634,1.292000,0.9579,-0.209494,-0.230254,1.127000,0.8943,0.335544,-0.193387,1.067000,0.9853,-0.052251,-0.167056,0.994000,0.9967,0.055589,0.024636,1.248000,0.9974,-0.127981,0.023086,1.276000,0.9972
116,3.869442,1,0.162712,-0.440473,1.317000,0.9999,-0.151438,-0.457263,1.279000,0.9997,0.310126,-0.293308,1.290000,0.9586,-0.208751,-0.229437,1.123000,0.8944,0.332537,-0.192662,1.063000,0.9857,-0.052409,-0.169202,0.997000,0.9966,0.055589,0.024636,1.248000,0.9974,-0.127480,0.022996,1.271000,0.9972
117,3.902799,1,0.162712,-0.440473,1.317000,0.9999,-0.151438,-0.455156,1.279000,0.9997,0.310607,-0.291634,1.292000,0.9593,-0.209494,-0.230254,1.127000,0.8956,0.332537,-0.192662,1.063000,0.9860,-0.050615,-0.168693,0.994000,0.9967,0.055946,0.024794,1.256000,0.9974,-0.127480,0.022996,1.271000,0.9972
118,3.936156,1,0.163700,-0.443149,1.325000,0.9999,-0.151438,-0.455156,1.279000,0.9997,0.310607,-0.291634,1.292000,0.9599,-0.209494,-0.230254,1.127000,0.8969,0.333162,-0.191270,1.065000,0.9861,-0.049127,-0.169202,0.997000,0.9968,0.055723,0.024695,1.251000,0.9974,-0.127780,0.023050,1.274000,0.9972
119,3.969514,1,0.163082,-0.441477,1.320000,0.9999,-0.151794,-0.456223,1.282000,0.9997,0.312733,-0.289506,1.292000,0.9600,-0.209494,-0.230254,1.127000,0.8970,0.334915,-0.191270,1.065000,0.9863,-0.049127,-0.169202,0.997000,0.9969,0.055589,0.024636,1.248000,0.9973,-0.127480,0.022996,1.271000,0.9971
120,4.002871,1,0.163082,-0.441477,1.320000,0.9999,-0.151083,-0.454088,1.276000,0.9997,0.312249,-0.289058,1.290000,0.9592,-0.209494,-0.230254,1.127000,0.8970,0.331456,-0.191030,1.054000,0.9859,-0.048881,-0.168354,0.992000,0.9969,0.057874,0.024734,1.253000,0.9973,-0.127780,0.023050,1.274000,0.9971
121,4.036229,1,0.163082,-0.441477,1.320000,0.9999,-0.151438,-0.455156,1.279000,0.9997,0.312733,-0.289506,1.292000,0.9588,-0.207271,-0.229845,1.125000,0.8956,0.331456,-0.191030,1.054000,0.9853,-0.047581,-0.169542,0.999000,0.9968,0.060319,0.022815,1.261000,0.9973,-0.127480,0.022996,1.271000,0.9971
122,4.069586,1,0.163329,-0.442146,1.322000,0.9999,-0.151794,-0.458335,1.282000,0.9997,0.312733,-0.289506,1.292000,0.9589,-0.206902,-0.229437,1.123000,0.8970,0.331142,-0.190849,1.053000,0.9853,-0.047581,-0.169542,0.999000,0.9968,0.060080,0.022725,1.256000,0.9973,-0.127981,0.023086,1.276000,0.9971
123,4.102943,1,0.163082,-0.441477,1.320000,0.9999,-0.151794,-0.458335,1.282000,0.9997,0.306354,-0.291634,1.292000,0.9595,-0.206534,-0.227181,1.121000,0.8988,0.328783,-0.190487,1.051000,0.9857,-0.045845,-0.169202,0.997000,0.9969,0.057874,0.024734,1.253000,0.9974,-0.128282,0.023141,1.279000,0.9972
124,4.136300,1,0.163329,-0.442146,1.322000,0.9999,-0.152030,-0.459050,1.284000,0.9997,0.304227,-0.291634,1.292000,0.9602,-0.208008,-0.228803,1.129000,0.8972,0.327531,-0.189762,1.047000,0.9862,-0.045845,-0.169202,0.997000,0.9968,0.057874,0.022670,1.253000,0.9974,-0.128282,0.023141,1.279000,0.9971
125,4.169657,1,0.163700,-0.445332,1.325000,0.9999,-0.151794,-0.458335,1.282000,0.9997,0.302101,-0.293763,1.292000,0.9603,-0.208008,-0.228803,1.129000,0.8962,0.327531,-0.189762,1.047000,0.9864,-0.045845,-0.167560,0.997000,0.9967,0.055589,0.022580,1.248000,0.9974,-0.127780,0.023050,1.274000,0.9972
126,4.203015,1,0.163329,-0.444323,1.322000,0.9999,-0.151794,-0.458335,1.282000,0.9997,0.302802,-0.294445,1.295000,0.9599,-0.205784,-0.228397,1.127000,0.8930,0.324875,-0.189218,1.044000,0.9863,-0.042691,-0.169711,1.000000,0.9965,0.055589,0.020524,1.248000,0.9974,-0.125881,0.020984,1.276000,0.9972
127,4.236372,1,0.163329,-0.444323,1.322000,0.9999,-0.151794,-0.458335,1.282000,0.9997,0.302101,-0.293763,1.292000,0.9590,-0.205784,-0.228397,1.127000,0.8955,0.327675,-0.192584,1.053000,0.9862,-0.042563,-0.167560,0.997000,0.9966,0.055589,0.020524,1.248000,0.9974,-0.125684,0.020951,1.274000,0.9972
128,4.269729,1,0.163700,-0.443149,1.325000,0.9999,-0.151794,-0.456223,1.282000,0.9997,0.304227,-0.291634,1.292000,0.9590,-0.204291,-0.226943,1.129000,0.8953,0.329231,-0.193498,1.058000,0.9863,-0.041004,-0.167896,0.999000,0.9966,0.058013,0.020655,1.256000,0.9974,-0.125881,0.020984,1.276000,0.9972
129,4.303087,1,0.163082,-0.443651,1.320000,0.9999,-0.152030,-0.459050,1.284000,0.9997,0.302101,-0.293763,1.292000,0.9603,-0.203568,-0.227992,1.125000,0.8993,0.326430,-0.191852,1.049000,0.9868,-0.041045,-0.168064,1.000000,0.9967,0.058013,0.018586,1.256000,0.9975,-0.123587,0.016754,1.274000,0.9973
130,4.336444,1,0.163700,-0.443149,1.325000,0.9999,-0.151794,-0.458335,1.282000,0.9997,0.305640,-0.290850,1.298000,0.9590,-0.201716,-0.227992,1.125000,0.8993,0.329408,-0.192584,1.053000,0.9864,-0.037716,-0.167896,0.999000,0.9967,0.057782,0.020573,1.251000,0.9975,-0.125881,0.018882,1.276000,0.9973
131,4.369802,1,0.163329,-0.442146,1.322000,0.9999,-0.149684,-0.458335,1.282000,0.9997,0.305640,-0.292989,1.298000,0.9593,-0.199509,-0.227587,1.123000,0.9007,0.330347,-0.193133,1.056000,0.9865,-0.034462,-0.168064,1.000000,0.9967,0.058105,0.020688,1.258000,0.9976,-0.125684,0.018853,1.274000,0.9973
132,4.403159,1,0.163329,-0.442146,1.322000,0.9999,-0.149684,-0.458335,1.282000,0.9997,0.306354,-0.291634,1.292000,0.9594,-0.199509,-0.227587,1.123000,0.8996,0.330972,-0.193498,1.058000,0.9866,-0.032783,-0.167896,0.999000,0.9967,0.055723,0.020573,1.251000,0.9975,-0.125684,0.018853,1.274000,0.9973
133,4.436516,1,0.163082,-0.441477,1.320000,0.9999,-0.149917,-0.459050,1.284000,0.9997,0.309197,-0.292312,1.295000,0.9578,-0.195463,-0.227181,1.121000,0.8925,0.330347,-0.193133,1.056000,0.9859,-0.029524,-0.168064,1.000000,0.9964,0.058105,0.020688,1.258000,0.9975,-0.123296,0.018808,1.271000,0.9973
134,4.469874,1,0.163700,-0.443149,1.325000,0.9999,-0.147574,-0.458335,1.282000,0.9997,0.310126,-0.291183,1.290000,0.9579,-0.196858,-0.228803,1.129000,0.8946,0.330347,-0.193133,1.056000,0.9856,-0.027711,-0.167056,0.994000,0.9964,0.060080,0.020655,1.256000,0.9975,-0.124072,0.016820,1.279000,0.9973
135,4.503231,1,0.163329,-0.444323,1.322000,0.9999,-0.147574,-0.458335,1.282000,0.9997,0.310126,-0.291183,1.290000,0.9585,-0.194309,-0.229845,1.125000,0.9011,0.329721,-0.192767,1.054000,0.9858,-0.027711,-0.167056,0.994000,0.9966,0.062148,0.012379,1.256000,0.9976,-0.121013,0.010416,1.269000,0.9974
136,4.536588,1,0.164879,-0.440473,1.317000,0.9999,-0.147574,-0.458335,1.282000,0.9997,0.310126,-0.291183,1.290000,0.9567,-0.194309,-0.227992,1.125000,0.9025,0.336603,-0.198563,1.076000,0.9856,-0.026153,-0.167560,0.997000,0.9967,0.062148,0.012379,1.256000,0.9976,-0.119112,0.010433,1.271000,0.9975
137,4.569946,1,0.165881,-0.445332,1.325000,0.9999,-0.147804,-0.459050,1.284000,0.9997,0.308480,-0.293763,1.292000,0.9565,-0.190606,-0.229845,1.125000,0.9062,0.332537,-0.196164,1.063000,0.9853,-0.024488,-0.167392,0.996000,0.9967,0.061999,0.010285,1.253000,0.9976,-0.118924,0.010416,1.269000,0.9975
138,4.603303,1,0.165505,-0.444323,1.322000,0.9999,-0.147574,-0.458335,1.282000,0.9997,0.310126,-0.293308,1.290000,0.9555,-0.188754,-0.229845,1.125000,0.9106,0.335352,-0.197825,1.072000,0.9847,-0.021103,-0.166551,0.991000,0.9967,0.064215,0.012379,1.256000,0.9977,-0.118643,0.010392,1.266000,0.9976
139,4.636661,1,0.165505,-0.444323,1.322000,0.9999,-0.145463,-0.458335,1.282000,0.9998,0.314373,-0.291183,1.290000,0.9559,-0.186570,-0.231287,1.123000,0.9153,0.334414,-0.197271,1.069000,0.9847,-0.019570,-0.167392,0.996000,0.9967,0.068349,0.010310,1.256000,0.9977,-0.116559,0.012477,1.266000,0.9976
140,4.670018,1,0.165505,-0.444323,1.322000,0.9999,-0.145463,-0.458335,1.282000,0.9998,0.315024,-0.289829,1.284000,0.9559,-0.181897,-0.230051,1.117000,0.9192,0.330972,-0.195241,1.058000,0.9844,-0.017930,-0.167392,0.996000,0.9967,0.068349,0.006171,1.256000,0.9977,-0.114928,0.004151,1.271000,0.9977
141,4.703375,1,0.165255,-0.443651,1.320000,0.9999,-0.145463,-0.458335,1.282000,0.9998,0.315760,-0.290506,1.287000,0.9553,-0.182222,-0.230463,1.119000,0.9220,0.329721,-0.194503,1.054000,0.9845,-0.014652,-0.167392,0.996000,0.9968,0.068458,0.006181,1.258000,0.9977,-0.114476,0.004135,1.266000,0.9977
142,4.736733,1,0.165505,-0.444323,1.322000,0.9999,-0.144783,-0.456190,1.276000,0.9998,0.314373,-0.291183,1.290000,0.9534,-0.182548,-0.232722,1.121000,0.9231,0.329408,-0.196053,1.053000,0.9839,-0.011407,-0.167896,0.999000,0.9969,0.070417,0.004102,1.256000,0.9978,-0.114476,0.004135,1.266000,0.9977
143,4.770090,1,0.167047,-0.440473,1.317000,0.9999,-0.145463,-0.458335,1.282000,0.9998,0.313641,-0.290506,1.287000,0.9521,-0.181025,-0.233137,1.123000,0.9246,0.334414,-0.200793,1.069000,0.9834,-0.008078,-0.167056,0.994000,0.9970,0.070248,0.006157,1.253000,0.9977,-0.114295,0.006211,1.264000,0.9977
144,4.803448,1,0.165255,-0.441477,1.320000,0.9999,-0.142682,-0.456190,1.276000,0.9998,0.312910,-0.289829,1.284000,0.9533,-0.178539,-0.235993,1.119000,0.9258,0.335039,-0.201169,1.071000,0.9842,-0.006429,-0.168354,0.992000,0.9970,0.070529,0.010326,1.258000,0.9977,-0.114295,0.010375,1.264000,0.9977
145,4.836805,1,0.165505,-0.446501,1.322000,0.9999,-0.143353,-0.458335,1.282000,0.9998,0.313641,-0.292626,1.287000,0.9532,-0.178539,-0.235993,1.119000,0.9285,0.332537,-0.199666,1.063000,0.9837,-0.006442,-0.168693,0.994000,0.9970,0.072946,0.010375,1.264000,0.9977,-0.107797,0.010351,1.261000,0.9977
146,4.870162,1,0.165255,-0.445826,1.320000,0.9999,-0.140582,-0.456190,1.276000,0.9998,0.313641,-0.294746,1.287000,0.9527,-0.176697,-0.235993,1.119000,0.9305,0.331598,-0.199103,1.060000,0.9833,-0.004806,-0.168693,0.994000,0.9971,0.072599,0.008254,1.258000,0.9978,-0.107541,0.004109,1.258000,0.9978
147,4.903520,1,0.165505,-0.448679,1.322000,0.9999,-0.141243,-0.458335,1.282000,0.9998,0.306354,-0.298020,1.292000,0.9505,-0.177013,-0.236415,1.121000,0.9304,0.335039,-0.202933,1.071000,0.9826,-0.003164,-0.169988,0.992000,0.9971,0.072484,0.004102,1.256000,0.9978,-0.107541,0.004109,1.258000,0.9978
148,4.936877,1,0.164879,-0.444813,1.317000,0.9999,-0.143018,-0.457263,1.279000,0.9998,0.308003,-0.295433,1.290000,0.9481,-0.174855,-0.235993,1.119000,0.9314,0.335978,-0.203502,1.074000,0.9820,-0.001531,-0.169988,0.992000,0.9972,0.072772,0.004119,1.261000,0.9978,-0.107541,0.004109,1.258000,0.9979
149,4.970235,1,0.165505,-0.446501,1.322000,0.9999,-0.143353,-0.458335,1.282000,0.9998,0.309197,-0.296578,1.295000,0.9457,-0.174230,-0.235150,1.115000,0.9328,0.334414,-0.202554,1.069000,0.9807,0.000102,-0.169817,0.991000,0.9972,0.072599,0.002036,1.258000,0.9978,-0.107541,0.002036,1.258000,0.9978
150,5.003592,1,0.165255,-0.445826,1.320000,0.9999,-0.143577,-0.461165,1.284000,0.9998,0.312249,-0.295433,1.290000,0.9434,-0.174543,-0.235572,1.117000,0.9342,0.333162,-0.201797,1.065000,0.9794,0.001738,-0.171968,0.994000,0.9972,0.072772,0.002041,1.261000,0.9978,-0.108053,0.004128,1.264000,0.9979
151,5.036949,1,0.165255,-0.445826,1.320000,0.9999,-0.143018,-0.459370,1.279000,0.9998,0.312249,-0.295433,1.290000,0.9409,-0.174855,-0.237837,1.119000,0.9360,0.340261,-0.205018,1.082000,0.9779,0.001738,-0.171968,0.994000,0.9972,0.072946,0.002046,1.264000,0.9978,-0.107797,0.004119,1.261000,0.9979
152,5.070307,1,0.165505,-0.446501,1.322000,0.9999,-0.145123,-0.459370,1.279000,0.9998,0.312249,-0.295433,1.290000,0.9397,-0.173013,-0.237837,1.119000,0.9379,0.335039,-0.202933,1.071000,0.9771,0.003381,-0.172314,0.996000,0.9971,0.072599,0.002036,1.258000,0.9977,-0.107541,0.004109,1.258000,0.9979
153,5.103664,1,0.165881,-0.447515,1.325000,0.9999,-0.143018,-0.459370,1.279000,0.9998,0.308003,-0.295433,1.290000,0.9376,-0.172704,-0.237412,1.117000,0.9379,0.336603,-0.205653,1.076000,0.9761,0.005000,-0.171622,0.992000,0.9971,0.072946,0.002046,1.264000,0.9978,-0.107797,0.004119,1.261000,0.9979
154,5.137022,1,0.165881,-0.445332,1.325000,0.9999,-0.142123,-0.456496,1.271000,0.9998,0.306354,-0.295891,1.292000,0.9356,-0.173322,-0.238262,1.121000,0.9357,0.338480,-0.206800,1.082000,0.9759,0.005010,-0.171968,0.994000,0.9971,0.072599,0.004109,1.258000,0.9978,-0.108053,0.004128,1.264000,0.9980
155,5.170379,1,0.165505,-0.444323,1.322000,0.9999,-0.140582,-0.458292,1.276000,0.9998,0.305168,-0.294746,1.287000,0.9384,-0.173013,-0.237837,1.119000,0.9356,0.339732,-0.207565,1.086000,0.9773,0.006680,-0.172833,0.999000,0.9971,0.070529,0.010326,1.258000,0.9978,-0.109437,0.012379,1.256000,0.9979
156,5.203737,1,0.165881,-0.449697,1.325000,0.9999,-0.140913,-0.459370,1.279000,0.9998,0.302101,-0.295891,1.292000,0.9404,-0.170866,-0.239252,1.117000,0.9370,0.333753,-0.207182,1.084000,0.9780,0.008332,-0.173006,1.000000,0.9971,0.072772,0.010351,1.261000,0.9977,-0.105470,0.010326,1.258000,0.9979
157,5.237094,1,0.164879,-0.446982,1.317000,0.9999,-0.141243,-0.460447,1.282000,0.9998,0.299510,-0.295433,1.290000,0.9410,-0.171477,-0.240109,1.121000,0.9385,0.328967,-0.206418,1.080000,0.9781,0.008299,-0.172314,0.996000,0.9971,0.073350,0.004151,1.271000,0.9978,-0.105302,0.006171,1.256000,0.9980
158,5.270451,1,0.165505,-0.448679,1.322000,0.9999,-0.140582,-0.458292,1.276000,0.9998,0.301633,-0.295433,1.290000,0.9402,-0.170254,-0.238395,1.113000,0.9380,0.329576,-0.206800,1.082000,0.9781,0.009978,-0.173006,1.000000,0.9971,0.073061,-0.000036,1.266000,0.9978,-0.105973,0.004128,1.264000,0.9979
159,5.303809,1,0.166256,-0.450716,1.328000,0.9999,-0.141243,-0.460447,1.282000,0.9998,0.299974,-0.295891,1.292000,0.9353,-0.171171,-0.239680,1.119000,0.9360,0.325371,-0.205271,1.074000,0.9755,0.011624,-0.174654,1.000000,0.9971,0.073061,-0.002122,1.266000,0.9978,-0.105973,0.002046,1.264000,0.9980
160,5.337166,1,0.163700,-0.449697,1.325000,0.9999,-0.141243,-0.460447,1.282000,0.9998,0.297652,-0.295713,1.282000,0.9317,-0.170560,-0.238823,1.115000,0.9351,0.325371,-0.205271,1.074000,0.9751,0.011647,-0.175003,1.002000,0.9971,0.073061,-0.004208,1.266000,0.9978,-0.105721,-0.000036,1.261000,0.9979
161,5.370524,1,0.164071,-0.450716,1.328000,0.9999,-0.141243,-0.462559,1.282000,0.9998,0.299510,-0.297558,1.290000,0.9246,-0.168724,-0.240660,1.115000,0.9329,0.324206,-0.205653,1.076000,0.9730,0.013230,-0.174130,0.997000,0.9971,0.070977,-0.004208,1.266000,0.9978,-0.106392,-0.002127,1.269000,0.9979
162,5.403881,1,0.163700,-0.449697,1.325000,0.9999,-0.140913,-0.461477,1.279000,0.9998,0.298813,-0.296866,1.287000,0.9239,-0.169330,-0.241524,1.119000,0.9304,0.317386,-0.203551,1.065000,0.9724,0.013297,-0.175003,1.002000,0.9970,0.068621,-0.002114,1.261000,0.9978,-0.105973,0.002046,1.264000,0.9979
163,5.437238,1,0.164071,-0.450716,1.328000,0.9999,-0.140913,-0.461477,1.279000,0.9998,0.298813,-0.296866,1.287000,0.9231,-0.169330,-0.239680,1.119000,0.9293,0.315040,-0.203169,1.063000,0.9723,0.016595,-0.175003,1.002000,0.9970,0.066546,-0.000036,1.261000,0.9978,-0.105470,0.002036,1.258000,0.9979
164,5.470596,1,0.163329,-0.448679,1.322000,0.9999,-0.141243,-0.460447,1.282000,0.9998,0.298813,-0.296866,1.287000,0.9181,-0.169027,-0.239252,1.117000,0.9262,0.311817,-0.202213,1.058000,0.9698,0.016595,-0.175003,1.002000,0.9967,0.066124,0.008221,1.253000,0.9977,-0.108224,0.012477,1.266000,0.9979
165,5.503953,1,0.163329,-0.453035,1.322000,0.9998,-0.140913,-0.459370,1.279000,0.9998,0.298117,-0.298290,1.284000,0.9181,-0.169935,-0.242387,1.123000,0.9268,0.306877,-0.201257,1.053000,0.9689,0.018244,-0.176654,1.002000,0.9966,0.070697,0.006196,1.261000,0.9977,-0.101570,0.010351,1.261000,0.9979
166,5.537310,1,0.159338,-0.454063,1.325000,0.9999,-0.140913,-0.461477,1.279000,0.9998,0.293140,-0.301809,1.290000,0.9180,-0.169330,-0.241524,1.119000,0.9260,0.306292,-0.203169,1.063000,0.9691,0.018244,-0.176654,1.002000,0.9965,0.070865,0.004128,1.264000,0.9978,-0.101329,0.008254,1.258000,0.9979
167,5.570668,1,0.158977,-0.453035,1.322000,0.9998,-0.141464,-0.461165,1.284000,0.9997,0.294577,-0.298987,1.287000,0.9166,-0.169330,-0.241524,1.119000,0.9254,0.306004,-0.204727,1.062000,0.9686,0.018281,-0.177006,1.004000,0.9965,0.070977,0.004135,1.266000,0.9977,-0.104057,0.008306,1.266000,0.9979
168,5.604025,1,0.159338,-0.454063,1.325000,0.9998,-0.140582,-0.458292,1.276000,0.9997,0.294577,-0.298987,1.287000,0.9156,-0.167189,-0.241092,1.117000,0.9279,0.306004,-0.204727,1.062000,0.9680,0.019894,-0.176654,1.002000,0.9966,0.070697,-0.000036,1.261000,0.9978,-0.103893,0.006211,1.264000,0.9979
169,5.637383,1,0.159338,-0.454063,1.325000,0.9998,-0.141464,-0.461165,1.284000,0.9997,0.294577,-0.298987,1.287000,0.9110,-0.168087,-0.242387,1.123000,0.9265,0.306004,-0.204727,1.062000,0.9662,0.021543,-0.176654,1.002000,0.9966,0.068458,-0.000036,1.258000,0.9977,-0.103646,0.004119,1.261000,0.9978
170,5.670740,1,0.159699,-0.455091,1.328000,0.9998,-0.141464,-0.461165,1.284000,0.9997,0.296956,-0.297128,1.279000,0.9093,-0.168087,-0.242387,1.123000,0.9224,0.306292,-0.204920,1.063000,0.9650,0.021607,-0.177183,1.005000,0.9966,0.066282,-0.000036,1.256000,0.9977,-0.106560,0.004151,1.271000,0.9979
171,5.704097,1,0.159338,-0.454063,1.325000,0.9998,-0.140913,-0.459370,1.279000,0.9997,0.299061,-0.295021,1.279000,0.9058,-0.167787,-0.243802,1.121000,0.9207,0.306869,-0.205306,1.065000,0.9632,0.021607,-0.177183,1.005000,0.9965,0.064215,0.004102,1.256000,0.9975,-0.108053,0.010375,1.264000,0.9977
172,5.737455,1,0.161519,-0.456246,1.325000,0.9998,-0.141243,-0.462559,1.282000,0.9997,0.304183,-0.291769,1.274000,0.9077,-0.167787,-0.243802,1.121000,0.9212,0.303683,-0.202595,1.060000,0.9626,0.023238,-0.178660,1.004000,0.9964,0.066124,0.004092,1.253000,0.9975,-0.105721,0.008273,1.261000,0.9977
173,5.770812,1,0.157513,-0.457279,1.328000,0.9998,-0.140913,-0.461477,1.279000,0.9997,0.298359,-0.300635,1.276000,0.9068,-0.167488,-0.245211,1.119000,0.9170,0.299375,-0.202607,1.051000,0.9610,0.024792,-0.177948,1.000000,0.9960,0.066282,0.002033,1.256000,0.9974,-0.105973,0.006211,1.264000,0.9976
174,5.804169,1,0.157869,-0.458312,1.331000,0.9998,-0.141243,-0.462559,1.282000,0.9997,0.297892,-0.298065,1.274000,0.9078,-0.167488,-0.245211,1.119000,0.9188,0.297381,-0.201257,1.044000,0.9621,0.024891,-0.180314,1.004000,0.9961,0.062148,0.002033,1.256000,0.9973,-0.107797,0.006196,1.261000,0.9976
175,5.837527,1,0.159699,-0.457279,1.328000,0.9998,-0.140913,-0.459370,1.279000,0.9997,0.302989,-0.292714,1.269000,0.9062,-0.167787,-0.245649,1.121000,0.9171,0.296811,-0.200872,1.042000,0.9612,0.026490,-0.179955,1.002000,0.9959,0.061999,0.006157,1.253000,0.9971,-0.107797,0.012428,1.261000,0.9974
176,5.870884,1,0.159338,-0.456246,1.325000,0.9998,-0.141243,-0.460447,1.282000,0.9997,0.302989,-0.290624,1.269000,0.9069,-0.167488,-0.245211,1.119000,0.9165,0.296242,-0.200486,1.040000,0.9611,0.026570,-0.183805,1.005000,0.9958,0.064061,0.004092,1.253000,0.9972,-0.106141,0.010392,1.266000,0.9974
177,5.904241,1,0.159338,-0.456246,1.325000,0.9998,-0.141464,-0.463281,1.284000,0.9997,0.300900,-0.292714,1.269000,0.9089,-0.165350,-0.244772,1.117000,0.9155,0.303933,-0.207449,1.067000,0.9622,0.026543,-0.183622,1.004000,0.9959,0.064061,0.004092,1.253000,0.9972,-0.105973,0.006211,1.264000,0.9975
178,5.937599,1,0.158977,-0.455213,1.322000,0.9998,-0.141243,-0.462559,1.282000,0.9997,0.293006,-0.293176,1.271000,0.9063,-0.163219,-0.244334,1.115000,0.9166,0.300194,-0.206088,1.060000,0.9620,0.028140,-0.183256,1.002000,0.9958,0.059841,0.008208,1.251000,0.9972,-0.109872,0.010351,1.261000,0.9974
179,5.970956,1,0.161519,-0.456246,1.325000,0.9998,-0.141464,-0.463281,1.284000,0.9997,0.299715,-0.287397,1.264000,0.9080,-0.162633,-0.243457,1.111000,0.9159,0.294507,-0.201643,1.046000,0.9620,0.028196,-0.183622,1.004000,0.9958,0.060080,0.008241,1.256000,0.9971,-0.109872,0.010351,1.261000,0.9973
180,6.004313,1,0.163700,-0.456246,1.325000,0.9998,-0.141243,-0.462559,1.282000,0.9997,0.307418,-0.280767,1.253000,0.9084,-0.163512,-0.244772,1.117000,0.9169,0.294789,-0.200111,1.047000,0.9621,0.029789,-0.183256,1.002000,0.9955,0.063959,0.008208,1.251000,0.9970,-0.108224,0.012477,1.266000,0.9973
181,6.037671,1,0.164071,-0.461654,1.328000,0.9998,-0.141243,-0.464671,1.282000,0.9997,0.301952,-0.285578,1.256000,0.9079,-0.163512,-0.246612,1.117000,0.9143,0.289395,-0.198773,1.040000,0.9610,0.029700,-0.182708,0.999000,0.9954,0.068458,-0.002109,1.258000,0.9971,-0.101329,-0.002109,1.258000,0.9973
182,6.071028,1,0.159699,-0.461654,1.328000,0.9998,-0.141464,-0.465396,1.284000,0.9997,0.291601,-0.298065,1.274000,0.9051,-0.163512,-0.246612,1.117000,0.9147,0.287071,-0.201257,1.044000,0.9596,0.029789,-0.183256,1.002000,0.9955,0.068458,-0.012471,1.258000,0.9971,-0.102376,-0.008412,1.271000,0.9973
183,6.104386,1,0.158977,-0.457391,1.322000,0.9998,-0.141243,-0.466783,1.282000,0.9997,0.291601,-0.298065,1.274000,0.9071,-0.165646,-0.247054,1.119000,0.9159,0.292295,-0.206671,1.063000,0.9609,0.029848,-0.183622,1.004000,0.9956,0.068621,-0.014578,1.261000,0.9971,-0.101973,-0.010464,1.266000,0.9973
184,6.137743,1,0.159338,-0.456246,1.325000,0.9998,-0.141243,-0.466783,1.282000,0.9997,0.291601,-0.298065,1.274000,0.9095,-0.165646,-0.247054,1.119000,0.9163,0.297641,-0.209199,1.076000,0.9625,0.029848,-0.183622,1.004000,0.9958,0.068621,-0.012500,1.261000,0.9971,-0.099258,-0.010398,1.258000,0.9973
185,6.171100,1,0.159338,-0.458429,1.325000,0.9998,-0.141464,-0.469627,1.284000,0.9997,0.291601,-0.300164,1.274000,0.9061,-0.165350,-0.248453,1.117000,0.9121,0.292186,-0.207838,1.069000,0.9619,0.029878,-0.183805,1.005000,0.9958,0.068785,-0.014612,1.264000,0.9970,-0.099889,-0.012550,1.266000,0.9972
186,6.204458,1,0.158977,-0.455213,1.322000,0.9998,-0.141464,-0.469627,1.284000,0.9997,0.293698,-0.298065,1.274000,0.9038,-0.165054,-0.248008,1.115000,0.9114,0.292732,-0.208227,1.071000,0.9617,0.029789,-0.181606,1.002000,0.9960,0.068785,-0.012530,1.264000,0.9970,-0.099732,-0.010448,1.264000,0.9972
187,6.237815,1,0.158977,-0.457391,1.322000,0.9998,-0.141464,-0.469627,1.284000,0.9997,0.293006,-0.297364,1.271000,0.9008,-0.164097,-0.249342,1.121000,0.9124,0.292732,-0.208227,1.071000,0.9606,0.029848,-0.181968,1.004000,0.9961,0.068349,-0.014520,1.256000,0.9970,-0.099732,-0.012530,1.264000,0.9972
188,6.271173,1,0.158977,-0.455213,1.322000,0.9998,-0.138808,-0.467798,1.279000,0.9997,0.295098,-0.297364,1.271000,0.9007,-0.163512,-0.248453,1.117000,0.9092,0.291639,-0.207449,1.067000,0.9613,0.029789,-0.181606,1.002000,0.9962,0.066704,-0.014612,1.264000,0.9970,-0.099495,-0.012500,1.261000,0.9971
189,6.304530,1,0.158376,-0.453491,1.317000,0.9998,-0.139133,-0.468895,1.282000,0.9997,0.298105,-0.296194,1.266000,0.9028,-0.162926,-0.247563,1.113000,0.9098,0.291639,-0.207449,1.067000,0.9626,0.029789,-0.181606,1.002000,0.9963,0.066388,-0.014543,1.258000,0.9970,-0.102215,-0.012580,1.269000,0.9971
190,6.337887,1,0.157513,-0.457279,1.328000,0.9998,-0.139133,-0.468895,1.282000,0.9997,0.296221,-0.296394,1.258000,0.9054,-0.163512,-0.248453,1.117000,0.9099,0.292295,-0.206671,1.063000,0.9641,0.029789,-0.181606,1.002000,0.9964,0.066388,-0.014543,1.258000,0.9970,-0.101812,-0.010448,1.264000,0.9971
191,6.371245,1,0.158737,-0.452350,1.320000,0.9998,-0.139350,-0.469627,1.284000,0.9997,0.297634,-0.297808,1.264000,0.9065,-0.164390,-0.249787,1.123000,0.9126,0.290921,-0.205699,1.058000,0.9646,0.029848,-0.181968,1.004000,0.9965,0.064317,-0.014543,1.258000,0.9969,-0.103399,-0.010398,1.258000,0.9971
192,6.404602,1,0.159338,-0.454063,1.325000,0.9998,-0.139350,-0.469627,1.284000,0.9997,0.302433,-0.294322,1.258000,0.9072,-0.165942,-0.249342,1.121000,0.9117,0.292662,-0.205699,1.058000,0.9648,0.029789,-0.181606,1.002000,0.9965,0.064726,-0.014636,1.266000,0.9968,-0.104057,-0.010464,1.266000,0.9970
193,6.437960,1,0.161519,-0.454063,1.325000,0.9998,-0.139350,-0.469627,1.284000,0.9997,0.301952,-0.293854,1.256000,0.9055,-0.165054,-0.248008,1.115000,0.9070,0.289546,-0.204727,1.053000,0.9650,0.029878,-0.182149,1.005000,0.9964,0.064215,-0.010382,1.256000,0.9969,-0.106560,-0.008412,1.271000,0.9970
194,6.471317,1,0.161519,-0.454063,1.325000,0.9998,-0.139133,-0.466783,1.282000,0.9997,0.304137,-0.287870,1.248000,0.9034,-0.163512,-0.248453,1.117000,0.9059,0.290371,-0.205310,1.056000,0.9637,0.029789,-0.183256,1.002000,0.9963,0.064215,-0.002105,1.256000,0.9968,-0.108053,0.002046,1.264000,0.9969
195,6.504675,1,0.160910,-0.452350,1.320000,0.9998,-0.139133,-0.466783,1.282000,0.9997,0.303650,-0.287409,1.246000,0.9031,-0.162926,-0.247563,1.113000,0.9042,0.289546,-0.204727,1.053000,0.9631,0.029700,-0.182708,0.999000,0.9959,0.064215,0.002033,1.256000,0.9968,-0.108053,0.006211,1.264000,0.9969
196,6.538033,1,0.161885,-0.457279,1.328000,0.9998,-0.139133,-0.466783,1.282000,0.9997,0.299169,-0.289024,1.253000,0.9024,-0.163219,-0.248008,1.115000,0.9024,0.287896,-0.203560,1.047000,0.9612,0.031438,-0.183256,1.002000,0.9957,0.066282,0.002033,1.256000,0.9969,-0.105721,0.006196,1.261000,0.9970
197,6.571390,1,0.161153,-0.455213,1.322000,0.9998,-0.138808,-0.465691,1.279000,0.9997,0.298292,-0.290177,1.258000,0.9016,-0.161384,-0.249845,1.115000,0.9052,0.287621,-0.203366,1.046000,0.9616,0.031344,-0.182708,0.999000,0.9956,0.066282,-0.000036,1.256000,0.9969,-0.103646,0.006196,1.261000,0.9970
198,6.604748,1,0.160910,-0.454524,1.320000,0.9998,-0.138482,-0.466700,1.276000,0.9997,0.297106,-0.291088,1.253000,0.9005,-0.162252,-0.251189,1.121000,0.9018,0.282346,-0.200838,1.033000,0.9614,0.031281,-0.182342,0.997000,0.9956,0.064061,-0.004164,1.253000,0.9969,-0.103235,-0.002105,1.256000,0.9971
199,6.638105,1,0.161153,-0.455213,1.322000,0.9998,-0.139350,-0.469627,1.284000,0.9996,0.297818,-0.291785,1.256000,0.8982,-0.163219,-0.249845,1.115000,0.8996,0.288086,-0.206658,1.054000,0.9608,0.031281,-0.182342,0.997000,0.9956,0.066124,-0.004164,1.253000,0.9969,-0.103399,-0.002109,1.258000,0.9970
200,6.671463,1,0.160544,-0.455661,1.317000,0.9998,-0.138265,-0.465969,1.274000,0.9996,0.294573,-0.290623,1.251000,0.8966,-0.163804,-0.250741,1.119000,0.8972,0.288086,-0.206658,1.054000,0.9606,0.031250,-0.182159,0.996000,0.9957,0.064061,-0.008293,1.253000,0.9969,-0.103646,-0.006268,1.261000,0.9970
201,6.704820,1,0.160910,-0.456699,1.320000,0.9998,-0.138808,-0.467798,1.279000,0.9997,0.295044,-0.293152,1.253000,0.8914,-0.163512,-0.250293,1.117000,0.8961,0.283634,-0.204697,1.044000,0.9573,0.031281,-0.182342,0.997000,0.9956,0.064061,-0.010357,1.253000,0.9968,-0.104304,-0.008399,1.269000,0.9970
202,6.738178,1,0.159338,-0.460611,1.325000,0.9998,-0.139133,-0.471007,1.282000,0.9997,0.290701,-0.299179,1.261000,0.8894,-0.163219,-0.251681,1.115000,0.8995,0.283634,-0.206417,1.044000,0.9562,0.031438,-0.183256,1.002000,0.9957,0.064624,-0.014612,1.264000,0.9969,-0.103235,-0.010382,1.256000,0.9971
203,6.771535,1,0.158376,-0.457830,1.317000,0.9998,-0.139133,-0.471007,1.282000,0.9996,0.294151,-0.298467,1.258000,0.8874,-0.162926,-0.251230,1.113000,0.8973,0.280026,-0.205033,1.037000,0.9554,0.031501,-0.183622,1.004000,0.9956,0.064215,-0.016589,1.256000,0.9968,-0.101570,-0.016655,1.261000,0.9970
204,6.804893,1,0.158015,-0.456787,1.314000,0.9998,-0.138482,-0.468803,1.276000,0.9996,0.295750,-0.297992,1.256000,0.8835,-0.163804,-0.252584,1.119000,0.8972,0.283806,-0.209532,1.051000,0.9536,0.031501,-0.183622,1.004000,0.9955,0.066388,-0.020760,1.258000,0.9967,-0.101329,-0.018688,1.258000,0.9969
205,6.838251,1,0.157157,-0.460611,1.325000,0.9998,-0.138808,-0.469905,1.279000,0.9996,0.290701,-0.301256,1.261000,0.8833,-0.164097,-0.253036,1.121000,0.8990,0.286370,-0.214480,1.067000,0.9528,0.031501,-0.183622,1.004000,0.9956,0.066546,-0.020810,1.261000,0.9968,-0.101812,-0.018777,1.264000,0.9969
206,6.871608,1,0.158376,-0.457830,1.317000,0.9998,-0.138482,-0.468803,1.276000,0.9996,0.292982,-0.297281,1.253000,0.8843,-0.163804,-0.252584,1.119000,0.9002,0.285834,-0.214078,1.065000,0.9534,0.031532,-0.183805,1.005000,0.9957,0.064317,-0.020760,1.258000,0.9969,-0.101168,-0.018658,1.256000,0.9970
207,6.904966,1,0.158015,-0.456787,1.314000,0.9998,-0.138482,-0.468803,1.276000,0.9996,0.292982,-0.297281,1.253000,0.8831,-0.163512,-0.252133,1.117000,0.8975,0.285297,-0.213676,1.063000,0.9533,0.031626,-0.184354,1.008000,0.9957,0.066124,-0.020678,1.253000,0.9968,-0.101168,-0.018658,1.256000,0.9969
208,6.938323,1,0.158015,-0.456787,1.314000,0.9998,-0.138808,-0.469905,1.279000,0.9996,0.292982,-0.297281,1.253000,0.8815,-0.163219,-0.251681,1.115000,0.8986,0.285029,-0.213475,1.062000,0.9539,0.031626,-0.186014,1.008000,0.9958,0.064061,-0.020678,1.253000,0.9968,-0.101329,-0.018688,1.258000,0.9969
209,6.971681,1,0.158737,-0.458873,1.320000,0.9998,-0.138265,-0.468068,1.274000,0.9996,0.292982,-0.297281,1.253000,0.8813,-0.163804,-0.252584,1.119000,0.8952,0.285297,-0.213676,1.063000,0.9538,0.031626,-0.186014,1.008000,0.9957,0.063959,-0.020645,1.251000,0.9968,-0.101329,-0.018688,1.258000,0.9969
210,7.005039,1,0.160544,-0.455661,1.317000,0.9998,-0.138808,-0.469905,1.279000,0.9996,0.295921,-0.294038,1.248000,0.8822,-0.164097,-0.253036,1.121000,0.8963,0.285029,-0.213475,1.062000,0.9541,0.031532,-0.185461,1.005000,0.9958,0.064317,-0.020760,1.258000,0.9968,-0.101329,-0.018688,1.258000,0.9968
211,7.038396,1,0.160910,-0.456699,1.320000,0.9998,-0.138265,-0.468068,1.274000,0.9996,0.296632,-0.296806,1.251000,0.8825,-0.164097,-0.253036,1.121000,0.8946,0.285029,-0.213475,1.062000,0.9542,0.031626,-0.186014,1.008000,0.9958,0.064061,-0.020678,1.253000,0.9968,-0.101329,-0.018688,1.258000,0.9968
212,7.071754,1,0.160910,-0.454524,1.320000,0.9998,-0.138482,-0.468803,1.276000,0.9996,0.297497,-0.295620,1.246000,0.8818,-0.164390,-0.253487,1.123000,0.8954,0.283955,-0.212671,1.058000,0.9536,0.031689,-0.186383,1.010000,0.9957,0.066018,-0.020645,1.251000,0.9968,-0.101329,-0.018688,1.258000,0.9968
213,7.105111,1,0.162341,-0.452458,1.314000,0.9998,-0.138482,-0.468803,1.276000,0.9996,0.297497,-0.293567,1.246000,0.8827,-0.164390,-0.253487,1.123000,0.8973,0.285297,-0.213676,1.063000,0.9534,0.031626,-0.186014,1.008000,0.9958,0.066282,-0.020727,1.256000,0.9967,-0.099495,-0.020810,1.261000,0.9968
214,7.138469,1,0.162341,-0.452458,1.314000,0.9998,-0.138482,-0.468803,1.276000,0.9996,0.299662,-0.291682,1.238000,0.8738,-0.164097,-0.253036,1.121000,0.9009,0.285834,-0.214078,1.065000,0.9506,0.033285,-0.187675,1.008000,0.9954,0.068349,-0.020727,1.256000,0.9966,-0.099258,-0.018688,1.258000,0.9967
215,7.171826,1,0.160178,-0.452458,1.314000,0.9998,-0.138265,-0.468068,1.274000,0.9996,0.298827,-0.296956,1.243000,0.8646,-0.164390,-0.253487,1.123000,0.9033,0.283955,-0.214414,1.058000,0.9439,0.035083,-0.188420,1.012000,0.9948,0.072599,-0.024905,1.258000,0.9966,-0.095344,-0.022887,1.261000,0.9966
216,7.205184,1,0.160178,-0.452458,1.314000,0.9998,-0.138265,-0.468068,1.274000,0.9996,0.297497,-0.299725,1.246000,0.8659,-0.162252,-0.253036,1.121000,0.9037,0.285834,-0.215832,1.065000,0.9444,0.035014,-0.188047,1.010000,0.9947,0.072311,-0.026871,1.253000,0.9967,-0.092677,-0.022742,1.253000,0.9967
217,7.238542,1,0.159812,-0.451425,1.311000,0.9998,-0.138265,-0.470167,1.274000,0.9996,0.297975,-0.300206,1.248000,0.8714,-0.161962,-0.252584,1.119000,0.9069,0.283418,-0.214008,1.056000,0.9468,0.035187,-0.188978,1.015000,0.9949,0.072195,-0.026828,1.251000,0.9968,-0.092677,-0.022742,1.253000,0.9968
218,7.271899,1,0.160544,-0.455661,1.317000,0.9998,-0.138482,-0.470905,1.276000,0.9996,0.296632,-0.300928,1.251000,0.8713,-0.162252,-0.253036,1.121000,0.9093,0.289860,-0.220652,1.080000,0.9454,0.036785,-0.188606,1.013000,0.9950,0.072195,-0.028889,1.251000,0.9968,-0.092899,-0.024866,1.256000,0.9968
219,7.305257,1,0.160178,-0.454623,1.314000,0.9998,-0.138482,-0.470905,1.276000,0.9996,0.295446,-0.299725,1.246000,0.8736,-0.162541,-0.253487,1.123000,0.9107,0.288786,-0.219834,1.076000,0.9469,0.036858,-0.188978,1.015000,0.9951,0.072484,-0.026935,1.256000,0.9969,-0.095571,-0.022942,1.264000,0.9969
220,7.338615,1,0.160178,-0.454623,1.314000,0.9998,-0.138808,-0.472012,1.279000,0.9996,0.296781,-0.296956,1.243000,0.8732,-0.160693,-0.253487,1.123000,0.9085,0.286370,-0.217996,1.067000,0.9463,0.036858,-0.190650,1.015000,0.9952,0.070136,-0.026828,1.251000,0.9968,-0.095344,-0.022887,1.261000,0.9968
221,7.371972,1,0.160178,-0.454623,1.314000,0.9998,-0.138265,-0.470167,1.274000,0.9996,0.298346,-0.296478,1.241000,0.8613,-0.159835,-0.252133,1.117000,0.9089,0.285029,-0.216974,1.062000,0.9395,0.036858,-0.190650,1.015000,0.9948,0.072311,-0.028935,1.253000,0.9966,-0.093047,-0.022833,1.258000,0.9966
222,7.405329,1,0.158737,-0.456699,1.320000,0.9998,-0.138265,-0.470167,1.274000,0.9996,0.287939,-0.302612,1.258000,0.8627,-0.160979,-0.253939,1.125000,0.9115,,,,0.9402,0.036785,-0.190275,1.013000,0.9949,0.072599,-0.029050,1.258000,0.9967,-0.092677,-0.024806,1.253000,0.9967
223,7.438687,1,0.158376,-0.455661,1.317000,0.9998,-0.137939,-0.469059,1.271000,0.9996,0.285650,-0.300206,1.248000,0.8673,-0.160121,-0.252584,1.119000,0.9132,0.283806,-0.214727,1.051000,0.9420,0.038528,-0.190650,1.015000,0.9950,0.072599,-0.026978,1.258000,0.9968,-0.092677,-0.022742,1.253000,0.9968
224,7.472044,1,0.157655,-0.453585,1.311000,0.9998,-0.140362,-0.470167,1.274000,0.9996,0.297975,-0.298150,1.248000,0.8639,-0.158845,-0.253487,1.123000,0.9091,0.283266,-0.214318,1.049000,0.9404,0.038528,-0.190650,1.015000,0.9948,0.072195,-0.026828,1.251000,0.9967,-0.092677,-0.022742,1.253000,0.9966
225,7.505401,1,0.158376,-0.455661,1.317000,0.9998,-0.140362,-0.470167,1.274000,0.9996,0.296781,-0.296956,1.243000,0.8641,-0.158279,-0.252584,1.119000,0.9083,0.284993,-0.214318,1.049000,0.9392,0.038415,-0.190087,1.012000,0.9948,0.072484,-0.026935,1.256000,0.9966,-0.092677,-0.022742,1.253000,0.9966
226,7.538758,1,0.158737,-0.461048,1.320000,0.9998,-0.139811,-0.470412,1.269000,0.9996,0.296781,-0.296956,1.243000,0.8626,-0.158279,-0.252584,1.119000,0.9087,0.287813,-0.215135,1.053000,0.9371,0.040120,-0.191944,1.013000,0.9950,0.072311,-0.026871,1.253000,0.9966,-0.092677,-0.022742,1.253000,0.9966
227,7.572116,1,0.160178,-0.456787,1.314000,0.9998,-0.138265,-0.470167,1.274000,0.9996,0.296781,-0.296956,1.243000,0.8579,-0.158279,-0.252584,1.119000,0.9094,0.285899,-0.215428,1.046000,0.9354,0.040120,-0.191944,1.013000,0.9946,0.074373,-0.026871,1.253000,0.9964,-0.092529,-0.020645,1.251000,0.9964
228,7.605473,1,0.159812,-0.453585,1.311000,0.9998,-0.138265,-0.470167,1.274000,0.9996,0.299994,-0.292061,1.231000,0.8578,-0.156158,-0.252133,1.117000,0.9066,0.287896,-0.215634,1.047000,0.9348,0.040199,-0.192323,1.015000,0.9944,0.074848,-0.024965,1.261000,0.9963,-0.092899,-0.020727,1.256000,0.9963
229,7.638830,1,0.161970,-0.453585,1.311000,0.9998,-0.137722,-0.470412,1.269000,0.9996,0.304046,-0.292061,1.231000,0.8475,-0.158562,-0.253036,1.121000,0.9078,0.284259,-0.214193,1.040000,0.9263,0.041952,-0.192702,1.017000,0.9939,0.074373,-0.026871,1.253000,0.9962,-0.090470,-0.026828,1.251000,0.9962
230,7.672188,1,0.162341,-0.454623,1.314000,0.9998,-0.137722,-0.468321,1.269000,0.9996,0.300725,-0.292773,1.234000,0.8486,-0.156717,-0.254883,1.121000,0.9065,0.284806,-0.214604,1.042000,0.9271,0.041870,-0.193995,1.015000,0.9939,0.076618,-0.029004,1.256000,0.9963,-0.090470,-0.024767,1.251000,0.9963
231,7.705545,1,0.164128,-0.449265,1.311000,0.9998,-0.137722,-0.468321,1.269000,0.9996,0.299994,-0.292061,1.231000,0.8528,-0.156437,-0.254428,1.119000,0.9054,0.285971,-0.214193,1.040000,0.9302,0.041952,-0.196052,1.017000,0.9940,0.078999,-0.027042,1.261000,0.9964,-0.088552,-0.022742,1.253000,0.9963
232,7.738902,1,0.164128,-0.449265,1.311000,0.9998,-0.137939,-0.469059,1.271000,0.9996,0.299507,-0.291587,1.229000,0.8457,-0.156717,-0.253036,1.121000,0.9088,0.287621,-0.215428,1.046000,0.9243,0.043454,-0.195281,1.013000,0.9939,0.078686,-0.029004,1.256000,0.9964,-0.088411,-0.022706,1.251000,0.9963
233,7.772260,1,0.159812,-0.449265,1.311000,0.9998,-0.137722,-0.468321,1.269000,0.9996,0.300725,-0.294806,1.234000,0.8501,-0.156158,-0.253973,1.117000,0.9090,0.288446,-0.217774,1.049000,0.9260,0.043540,-0.195667,1.015000,0.9940,0.076618,-0.024866,1.256000,0.9965,-0.090108,-0.020562,1.246000,0.9965
234,7.805617,1,0.162341,-0.452458,1.314000,0.9998,-0.137939,-0.469059,1.271000,0.9996,0.300725,-0.294806,1.234000,0.8441,-0.156717,-0.254883,1.121000,0.9060,0.288996,-0.218189,1.051000,0.9229,0.043540,-0.195667,1.015000,0.9937,0.076618,-0.026935,1.256000,0.9965,-0.090614,-0.022742,1.253000,0.9965
235,7.838974,1,0.162341,-0.452458,1.314000,0.9998,-0.137722,-0.468321,1.269000,0.9996,0.301213,-0.295283,1.236000,0.8510,-0.155878,-0.253518,1.115000,0.9051,0.289821,-0.218812,1.054000,0.9264,0.043626,-0.196052,1.017000,0.9939,0.076618,-0.022797,1.256000,0.9966,-0.090470,-0.018584,1.251000,0.9966
236,7.872332,1,0.166286,-0.451425,1.311000,0.9998,-0.137397,-0.467214,1.266000,0.9996,0.302020,-0.294089,1.231000,0.8473,-0.155598,-0.253064,1.113000,0.9046,0.291555,-0.218812,1.054000,0.9244,0.043626,-0.197728,1.017000,0.9934,0.076923,-0.022887,1.261000,0.9964,-0.090253,-0.018539,1.248000,0.9964
237,7.905689,1,0.166286,-0.451425,1.311000,0.9998,-0.137939,-0.469059,1.271000,0.9996,0.304787,-0.294806,1.234000,0.8522,-0.155878,-0.253518,1.115000,0.9043,0.290172,-0.217774,1.049000,0.9275,0.043454,-0.196950,1.013000,0.9929,0.078373,-0.022706,1.251000,0.9964,-0.090831,-0.014520,1.256000,0.9963
238,7.939046,1,0.158376,-0.460000,1.317000,0.9998,-0.137722,-0.468321,1.269000,0.9996,0.292514,-0.305050,1.251000,0.8486,-0.155878,-0.253518,1.115000,0.9067,0.289619,-0.217359,1.047000,0.9250,0.045211,-0.197339,1.015000,0.9930,0.078686,-0.026935,1.256000,0.9964,-0.090253,-0.018539,1.248000,0.9964
239,7.972404,1,0.159812,-0.453585,1.311000,0.9998,-0.137939,-0.469059,1.271000,0.9996,0.293396,-0.301778,1.246000,0.8546,-0.155598,-0.253064,1.113000,0.9024,0.291279,-0.218605,1.053000,0.9287,0.043412,-0.196756,1.012000,0.9931,0.077106,-0.020859,1.264000,0.9964,-0.092677,-0.016550,1.253000,0.9964
240,8.005761,1,0.161970,-0.453585,1.311000,0.9998,-0.137722,-0.468321,1.269000,0.9996,0.292689,-0.301051,1.243000,0.8586,-0.154595,-0.254428,1.119000,0.8980,0.294960,-0.220058,1.060000,0.9323,0.043540,-0.197339,1.015000,0.9933,0.074848,-0.018733,1.261000,0.9964,-0.092529,-0.016523,1.251000,0.9962
241,8.039118,1,0.164128,-0.453585,1.311000,0.9998,-0.137939,-0.469059,1.271000,0.9996,0.292689,-0.301051,1.243000,0.8616,-0.155878,-0.255355,1.115000,0.8976,0.287406,-0.213987,1.039000,0.9348,0.043669,-0.197922,1.018000,0.9935,0.072599,-0.018688,1.258000,0.9964,-0.094739,-0.020678,1.253000,0.9963
242,8.072475,1,0.164128,-0.451425,1.311000,0.9998,-0.137722,-0.468321,1.269000,0.9996,0.294632,-0.296839,1.234000,0.8648,-0.157430,-0.254897,1.113000,0.9014,0.285146,-0.213575,1.037000,0.9375,0.043755,-0.198311,1.020000,0.9935,0.072484,-0.018658,1.256000,0.9964,-0.094588,-0.018584,1.251000,0.9962
243,8.105833,1,0.166032,-0.450736,1.309000,0.9998,-0.137722,-0.468321,1.269000,0.9996,0.296663,-0.296839,1.234000,0.8677,-0.155598,-0.254897,1.113000,0.8966,0.284596,-0.213163,1.035000,0.9398,0.043755,-0.198311,1.020000,0.9935,0.072311,-0.018614,1.253000,0.9963,-0.095344,-0.018733,1.261000,0.9962
244,8.139190,1,0.166286,-0.451425,1.311000,0.9998,-0.135313,-0.467214,1.266000,0.9996,0.299662,-0.297801,1.238000,0.8701,-0.156717,-0.254883,1.121000,0.8971,0.284596,-0.213163,1.035000,0.9418,0.043669,-0.197922,1.018000,0.9938,0.072484,-0.018658,1.256000,0.9963,-0.094588,-0.018584,1.251000,0.9962
245,8.172547,1,0.166286,-0.451425,1.311000,0.9998,-0.135634,-0.468321,1.269000,0.9996,0.308865,-0.290875,1.226000,0.8714,-0.156158,-0.253973,1.117000,0.9032,0.287071,-0.215016,1.044000,0.9428,0.043841,-0.198700,1.022000,0.9936,0.076740,-0.020760,1.258000,0.9964,-0.090470,-0.018584,1.251000,0.9962
246,8.205905,1,0.164504,-0.454623,1.314000,0.9998,-0.137397,-0.467214,1.266000,0.9996,0.309621,-0.293611,1.229000,0.8708,-0.156158,-0.253973,1.117000,0.9061,0.293768,-0.218724,1.062000,0.9409,0.043755,-0.198311,1.020000,0.9938,0.078498,-0.024806,1.253000,0.9964,-0.088552,-0.020678,1.253000,0.9963
247,8.239262,1,0.161353,-0.451855,1.306000,0.9998,-0.137722,-0.468321,1.269000,0.9996,0.303247,-0.295283,1.236000,0.8743,-0.155598,-0.253064,1.113000,0.9077,0.294598,-0.219341,1.065000,0.9425,0.043841,-0.198700,1.022000,0.9941,0.078686,-0.024866,1.256000,0.9966,-0.090614,-0.020678,1.253000,0.9965
248,8.272619,1,0.161723,-0.452893,1.309000,0.9998,-0.137397,-0.467214,1.266000,0.9996,0.303738,-0.297801,1.238000,0.8779,-0.156437,-0.254428,1.119000,0.9086,0.294045,-0.218930,1.063000,0.9445,0.043755,-0.198311,1.020000,0.9943,0.076618,-0.024866,1.256000,0.9967,-0.090470,-0.020645,1.251000,0.9965
249,8.305977,1,0.163878,-0.452893,1.309000,0.9998,-0.137722,-0.468321,1.269000,0.9996,0.307598,-0.293611,1.229000,0.8757,-0.156158,-0.253973,1.117000,0.9095,0.297464,-0.220165,1.069000,0.9439,0.042076,-0.198311,1.020000,0.9941,0.077106,-0.025024,1.264000,0.9966,-0.090831,-0.016589,1.256000,0.9965
250,8.339334,1,0.163878,-0.452893,1.309000,0.9998,-0.137722,-0.468321,1.269000,0.9996,0.310883,-0.290875,1.226000,0.8756,-0.157430,-0.253064,1.113000,0.9084,0.297544,-0.218930,1.063000,0.9438,0.042158,-0.198700,1.022000,0.9938,0.076313,-0.024767,1.251000,0.9965,-0.090253,-0.016483,1.248000,0.9963
251,8.372691,1,0.162341,-0.454623,1.314000,0.9998,-0.137722,-0.468321,1.269000,0.9996,0.307598,-0.291587,1.229000,0.8772,-0.157996,-0.253973,1.117000,0.9067,0.296145,-0.217900,1.058000,0.9447,0.042200,-0.198894,1.023000,0.9940,0.076740,-0.024905,1.258000,0.9966,-0.090614,-0.018614,1.253000,0.9964
252,8.406049,1,0.161723,-0.452893,1.309000,0.9998,-0.137722,-0.468321,1.269000,0.9996,0.306819,-0.292773,1.234000,0.8788,-0.156864,-0.252154,1.109000,0.9049,0.298104,-0.217587,1.065000,0.9453,0.042158,-0.198700,1.022000,0.9942,0.072484,-0.020727,1.256000,0.9967,-0.094739,-0.016550,1.253000,0.9965
253,8.439406,1,0.163878,-0.452893,1.309000,0.9998,-0.137722,-0.468321,1.269000,0.9996,0.305281,-0.293247,1.236000,0.8765,-0.157713,-0.253518,1.115000,0.8956,0.295585,-0.215748,1.056000,0.9454,0.042200,-0.198894,1.023000,0.9942,0.070248,-0.014485,1.253000,0.9967,-0.096801,-0.016550,1.253000,0.9965
254,8.472764,1,0.166032,-0.452893,1.309000,0.9998,-0.137939,-0.469059,1.271000,0.9996,0.305575,-0.291587,1.229000,0.8813,-0.157147,-0.252609,1.111000,0.8963,0.296478,-0.215135,1.053000,0.9481,0.042200,-0.200580,1.023000,0.9944,0.070865,-0.012530,1.264000,0.9967,-0.096647,-0.012401,1.251000,0.9965
255,8.506121,1,0.166032,-0.452893,1.309000,0.9998,-0.137397,-0.467214,1.266000,0.9996,0.306819,-0.292773,1.234000,0.8857,-0.157147,-0.252609,1.111000,0.8975,0.297323,-0.215748,1.056000,0.9505,0.042200,-0.200580,1.023000,0.9945,0.070529,-0.012471,1.258000,0.9966,-0.096801,-0.012421,1.253000,0.9965
256,8.539479,1,0.166666,-0.454623,1.314000,0.9998,-0.137722,-0.468321,1.269000,0.9996,0.303738,-0.295761,1.238000,0.8745,-0.157430,-0.253064,1.113000,0.9004,0.296760,-0.215340,1.054000,0.9432,0.042158,-0.200383,1.022000,0.9944,0.070248,-0.018614,1.253000,0.9966,-0.095117,-0.018688,1.258000,0.9965
257,8.572836,1,0.166032,-0.452893,1.309000,0.9998,-0.138265,-0.470167,1.274000,0.9997,0.302919,-0.296956,1.243000,0.8781,-0.157147,-0.252609,1.111000,0.9026,0.296760,-0.215340,1.054000,0.9456,0.040476,-0.200383,1.022000,0.9947,0.070417,-0.018658,1.256000,0.9968,-0.094966,-0.016589,1.256000,0.9967
258,8.606193,1,0.168187,-0.452893,1.309000,0.9998,-0.135634,-0.468321,1.269000,0.9997,0.302083,-0.298150,1.248000,0.8831,-0.157147,-0.252609,1.111000,0.9000,0.298495,-0.215340,1.054000,0.9489,0.040476,-0.200383,1.022000,0.9948,0.070697,-0.014578,1.261000,0.9967,-0.094739,-0.016550,1.253000,0.9965
259,8.639551,1,0.168187,-0.452893,1.309000,0.9998,-0.136382,-0.470905,1.276000,0.9997,0.304868,-0.298867,1.251000,0.8847,-0.157430,-0.253064,1.113000,0.9004,0.301610,-0.217587,1.065000,0.9500,0.040516,-0.200580,1.023000,0.9950,0.070417,-0.014520,1.256000,0.9967,-0.094739,-0.016550,1.253000,0.9966
260,8.672908,1,0.169215,-0.455661,1.317000,0.9998,-0.136168,-0.470167,1.274000,0.9997,0.304137,-0.298150,1.248000,0.8865,-0.157996,-0.253973,1.117000,0.8986,0.305072,-0.218813,1.071000,0.9503,0.040397,-0.199991,1.020000,0.9951,0.068186,-0.012421,1.253000,0.9967,-0.097419,-0.014578,1.261000,0.9967
261,8.706266,1,0.168829,-0.454623,1.314000,0.9998,-0.135847,-0.469059,1.271000,0.9997,0.306927,-0.298867,1.251000,0.8899,-0.156582,-0.251699,1.107000,0.8968,0.308886,-0.219017,1.072000,0.9522,0.040714,-0.201560,1.028000,0.9952,0.068077,-0.012401,1.251000,0.9966,-0.098864,-0.014485,1.253000,0.9966
262,8.739623,1,0.169215,-0.457830,1.317000,0.9998,-0.136168,-0.470167,1.274000,0.9997,0.306191,-0.296094,1.248000,0.8915,-0.157430,-0.253064,1.113000,0.8884,0.308597,-0.218813,1.071000,0.9530,0.040476,-0.200383,1.022000,0.9950,0.068458,-0.012471,1.258000,0.9966,-0.098864,-0.014485,1.253000,0.9965
263,8.772980,1,0.169215,-0.457830,1.317000,0.9998,-0.136168,-0.470167,1.274000,0.9997,0.305701,-0.295620,1.246000,0.8929,-0.160121,-0.254428,1.119000,0.8879,0.304565,-0.212995,1.051000,0.9540,0.040714,-0.203253,1.028000,0.9950,0.068458,-0.012471,1.258000,0.9966,-0.097033,-0.012451,1.256000,0.9965
264,8.806338,1,0.167047,-0.457830,1.317000,0.9998,-0.136702,-0.472012,1.279000,0.9997,0.301079,-0.301256,1.261000,0.8853,-0.160121,-0.254428,1.119000,0.8835,0.303985,-0.212590,1.049000,0.9512,0.040912,-0.204242,1.033000,0.9951,0.066282,-0.012451,1.256000,0.9966,-0.099258,-0.012471,1.258000,0.9966
265,8.839695,1,0.167427,-0.458873,1.320000,0.9998,-0.135847,-0.469059,1.271000,0.9997,0.302272,-0.302451,1.266000,0.8819,-0.160121,-0.254428,1.119000,0.8831,0.306294,-0.212995,1.051000,0.9498,0.039212,-0.204242,1.033000,0.9952,0.066018,-0.010340,1.251000,0.9966,-0.099258,-0.012471,1.258000,0.9967
266,8.873053,1,0.167681,-0.459569,1.322000,0.9998,-0.136702,-0.472012,1.279000,0.9997,0.300900,-0.303167,1.269000,0.8812,-0.159548,-0.253518,1.115000,0.8822,0.311817,-0.214414,1.058000,0.9500,0.039439,-0.203717,1.039000,0.9952,0.066018,-0.008279,1.251000,0.9966,-0.098864,-0.010357,1.253000,0.9967
267,8.906410,1,0.167383,-0.466986,1.337000,0.9998,-0.136702,-0.472012,1.279000,0.9997,0.298105,-0.302451,1.266000,0.8849,-0.159835,-0.253973,1.117000,0.8849,0.317982,-0.216238,1.067000,0.9514,0.039477,-0.203913,1.040000,0.9952,0.063806,-0.006204,1.248000,0.9967,-0.101168,-0.008313,1.256000,0.9968
268,8.939768,1,0.166256,-0.461654,1.328000,0.9998,-0.136702,-0.469905,1.279000,0.9997,0.299282,-0.301551,1.271000,0.8870,-0.159835,-0.253973,1.117000,0.8861,0.320892,-0.214078,1.065000,0.9521,0.039439,-0.203717,1.039000,0.9950,0.061059,0.004030,1.234000,0.9968,-0.104883,0.002025,1.251000,0.9969
269,8.973125,1,0.165505,-0.457391,1.322000,0.9998,-0.134913,-0.471007,1.282000,0.9997,0.302086,-0.302263,1.274000,0.8916,-0.159835,-0.253973,1.117000,0.8844,0.315167,-0.206812,1.046000,0.9533,0.037475,-0.204044,1.032000,0.9944,0.063806,0.006132,1.248000,0.9969,-0.104464,0.004070,1.246000,0.9969
270,9.006482,1,0.165881,-0.458429,1.325000,0.9998,-0.134913,-0.471007,1.282000,0.9996,0.301374,-0.301551,1.271000,0.8946,-0.159835,-0.253973,1.117000,0.8864,0.314564,-0.206417,1.044000,0.9542,0.035638,-0.203253,1.028000,0.9944,0.067914,0.006132,1.248000,0.9969,-0.100362,0.004070,1.246000,0.9970
271,9.039840,1,0.167383,-0.462580,1.337000,0.9998,-0.134913,-0.471007,1.282000,0.9997,0.299989,-0.302263,1.274000,0.8971,-0.159835,-0.255813,1.117000,0.8876,0.312455,-0.205033,1.037000,0.9566,0.034177,-0.204637,1.035000,0.9946,0.065754,0.008175,1.246000,0.9970,-0.104632,0.004076,1.248000,0.9970
272,9.073197,1,0.166632,-0.460505,1.331000,0.9998,-0.135124,-0.471742,1.284000,0.9996,0.294851,-0.303449,1.279000,0.8970,-0.160121,-0.258115,1.119000,0.8886,0.311853,-0.204637,1.035000,0.9559,0.034111,-0.204242,1.033000,0.9941,0.065596,0.010203,1.243000,0.9969,-0.104212,0.008155,1.243000,0.9970
273,9.106555,1,0.166632,-0.460505,1.331000,0.9998,-0.134913,-0.471007,1.282000,0.9996,0.296695,-0.305347,1.287000,0.8986,-0.162831,-0.259499,1.125000,0.8888,0.309744,-0.203253,1.028000,0.9564,0.030562,-0.203253,1.028000,0.9939,0.065754,0.012280,1.246000,0.9969,-0.104464,0.010228,1.246000,0.9969
274,9.139912,1,0.167383,-0.460378,1.337000,0.9998,-0.134597,-0.469905,1.279000,0.9996,0.299061,-0.303449,1.279000,0.8991,-0.161673,-0.257653,1.117000,0.8845,0.315260,-0.204637,1.035000,0.9557,0.030710,-0.204242,1.033000,0.9934,0.067805,0.014333,1.246000,0.9968,-0.105051,0.010285,1.253000,0.9969
275,9.173270,1,0.170218,-0.462100,1.342000,0.9998,-0.135439,-0.472844,1.287000,0.9996,0.306093,-0.304161,1.282000,0.9007,-0.163512,-0.259493,1.117000,0.8834,0.311605,-0.202265,1.023000,0.9549,0.027284,-0.204044,1.032000,0.9932,0.067805,0.012280,1.246000,0.9968,-0.104632,0.010244,1.248000,0.9969
276,9.206627,1,0.166632,-0.458312,1.331000,0.9998,-0.135439,-0.472844,1.287000,0.9996,0.288222,-0.309588,1.287000,0.9016,-0.164975,-0.261817,1.127000,0.8814,0.314651,-0.205944,1.033000,0.9559,0.023910,-0.202540,1.033000,0.9930,0.069968,0.012300,1.248000,0.9969,-0.102577,0.010244,1.248000,0.9970
277,9.239984,1,0.168442,-0.452903,1.328000,0.9998,-0.133010,-0.469627,1.284000,0.9996,0.291017,-0.306059,1.290000,0.8952,-0.165268,-0.260421,1.129000,0.8782,0.311757,-0.202953,1.018000,0.9530,0.022360,-0.203913,1.040000,0.9929,0.070136,0.012330,1.251000,0.9969,-0.104632,0.010244,1.248000,0.9970
278,9.273342,1,0.168442,-0.450716,1.328000,0.9998,-0.133010,-0.469627,1.284000,0.9996,0.288894,-0.308184,1.290000,0.8956,-0.164683,-0.259499,1.125000,0.8772,0.312509,-0.204027,1.015000,0.9529,0.020688,-0.202588,1.042000,0.9929,0.070136,0.012330,1.251000,0.9969,-0.105051,0.008221,1.253000,0.9971
279,9.306699,1,0.169203,-0.452752,1.334000,0.9998,-0.132803,-0.468895,1.282000,0.9996,0.291017,-0.308184,1.290000,0.8962,-0.166534,-0.257645,1.125000,0.8771,0.310354,-0.202620,1.008000,0.9538,0.018791,-0.198944,1.032000,0.9930,0.067914,0.014356,1.248000,0.9969,-0.107113,0.008221,1.253000,0.9970
280,9.340057,1,0.168442,-0.450716,1.328000,0.9998,-0.133010,-0.469627,1.284000,0.9996,0.286103,-0.307468,1.287000,0.8950,-0.168685,-0.258103,1.127000,0.8770,0.310046,-0.202419,1.007000,0.9539,0.017109,-0.195733,1.033000,0.9931,0.070248,0.012349,1.253000,0.9969,-0.103235,0.006171,1.256000,0.9970
281,9.373414,1,0.168442,-0.448528,1.328000,0.9998,-0.132803,-0.468895,1.282000,0.9997,0.286770,-0.308184,1.290000,0.8957,-0.169935,-0.253487,1.123000,0.8789,0.310970,-0.204686,1.010000,0.9561,0.015677,-0.199144,1.051000,0.9933,0.067805,0.012280,1.246000,0.9969,-0.107541,0.006181,1.258000,0.9970
282,9.406771,1,0.168823,-0.449541,1.331000,0.9998,-0.133010,-0.469627,1.284000,0.9997,0.287882,-0.309379,1.295000,0.8991,-0.172089,-0.253939,1.125000,0.8803,0.311585,-0.208426,1.012000,0.9580,0.014013,-0.198352,1.056000,0.9935,0.068077,0.012330,1.251000,0.9969,-0.107370,0.006171,1.256000,0.9971
283,9.440129,1,0.170242,-0.447515,1.325000,0.9998,-0.132803,-0.468895,1.282000,0.9997,0.287882,-0.309379,1.295000,0.9002,-0.173322,-0.249342,1.121000,0.8822,0.309122,-0.206778,1.004000,0.9591,0.010447,-0.194936,1.047000,0.9937,0.068077,0.012330,1.251000,0.9969,-0.107370,0.006171,1.256000,0.9971
284,9.473486,1,0.170628,-0.446340,1.328000,0.9998,-0.132803,-0.468895,1.282000,0.9997,0.288549,-0.310095,1.298000,0.8998,-0.175793,-0.250232,1.125000,0.8828,0.323152,-0.214453,1.033000,0.9584,0.006947,-0.193447,1.039000,0.9938,0.068077,0.014390,1.251000,0.9969,-0.109611,0.008254,1.258000,0.9971
285,9.506844,1,0.172423,-0.445332,1.325000,0.9998,-0.133010,-0.469627,1.284000,0.9997,0.290013,-0.307245,1.295000,0.8978,-0.177644,-0.250232,1.125000,0.8808,0.316047,-0.206984,1.005000,0.9565,0.005207,-0.190628,1.033000,0.9938,0.070136,0.016451,1.251000,0.9969,-0.109175,0.008221,1.253000,0.9971
286,9.540201,1,0.172423,-0.443149,1.325000,0.9998,-0.133010,-0.469627,1.284000,0.9997,0.292145,-0.305112,1.295000,0.8998,-0.177644,-0.250232,1.125000,0.8831,0.320230,-0.208632,1.013000,0.9571,0.003527,-0.190023,1.039000,0.9941,0.070529,0.014471,1.258000,0.9969,-0.111682,0.006181,1.258000,0.9972
287,9.573559,1,0.172033,-0.442146,1.322000,0.9998,-0.132803,-0.466783,1.282000,0.9997,0.290013,-0.305112,1.295000,0.8968,-0.178539,-0.247054,1.119000,0.8798,0.329524,-0.215283,1.037000,0.9566,-0.001589,-0.186681,1.030000,0.9941,0.068186,0.014413,1.253000,0.9969,-0.112214,0.006211,1.264000,0.9971
288,9.606916,1,0.171773,-0.439302,1.320000,0.9998,-0.132803,-0.466783,1.282000,0.9997,0.292822,-0.305819,1.298000,0.8944,-0.180703,-0.247496,1.121000,0.8800,0.324122,-0.210073,1.020000,0.9538,-0.004966,-0.184445,1.027000,0.9942,0.068186,0.014413,1.253000,0.9968,-0.114024,0.004119,1.261000,0.9971
289,9.640273,1,0.170628,-0.441965,1.328000,0.9998,-0.132492,-0.465691,1.279000,0.9997,0.286854,-0.312715,1.300000,0.8986,-0.180058,-0.246612,1.117000,0.8817,0.334424,-0.217359,1.047000,0.9560,-0.006656,-0.184445,1.027000,0.9943,0.063806,0.014356,1.248000,0.9969,-0.116836,0.006235,1.269000,0.9971
290,9.673631,1,0.169857,-0.439968,1.322000,0.9998,-0.132803,-0.466783,1.282000,0.9997,0.284714,-0.314856,1.300000,0.9020,-0.183199,-0.248379,1.125000,0.8840,0.334105,-0.217151,1.046000,0.9581,-0.010017,-0.184086,1.025000,0.9944,0.061405,0.016320,1.241000,0.9969,-0.120250,0.008273,1.261000,0.9971
291,9.706988,1,0.171382,-0.438304,1.317000,0.9998,-0.132803,-0.466783,1.282000,0.9997,0.286412,-0.314372,1.298000,0.8993,-0.182548,-0.247496,1.121000,0.8775,0.328442,-0.210691,1.023000,0.9570,-0.009998,-0.182041,1.023000,0.9944,0.059363,0.018364,1.241000,0.9968,-0.120536,0.008293,1.264000,0.9971
292,9.740346,1,0.172423,-0.440966,1.325000,0.9998,-0.132492,-0.465691,1.279000,0.9997,0.287882,-0.311512,1.295000,0.8997,-0.184393,-0.247496,1.121000,0.8769,0.324269,-0.206350,1.010000,0.9579,-0.013365,-0.182041,1.023000,0.9944,0.059458,0.020442,1.243000,0.9969,-0.122617,0.010375,1.264000,0.9971
293,9.773703,1,0.171773,-0.439302,1.320000,0.9998,-0.132492,-0.467798,1.279000,0.9997,0.292822,-0.312234,1.298000,0.9025,-0.183406,-0.246171,1.115000,0.8739,0.327545,-0.207372,1.015000,0.9592,-0.015049,-0.182041,1.023000,0.9945,0.053235,0.020409,1.241000,0.9969,-0.125190,0.010416,1.269000,0.9971
294,9.807061,1,0.173550,-0.438304,1.317000,0.9998,-0.132803,-0.468895,1.282000,0.9997,0.303756,-0.308184,1.290000,0.9056,-0.185906,-0.247054,1.119000,0.8688,0.328242,-0.206759,1.012000,0.9608,-0.018416,-0.180356,1.023000,0.9945,0.055144,0.020359,1.238000,0.9967,-0.122617,0.008293,1.264000,0.9969
295,9.840418,1,0.176118,-0.439302,1.320000,0.9998,-0.130693,-0.468895,1.282000,0.9997,0.304227,-0.308662,1.292000,0.9025,-0.184909,-0.245729,1.113000,0.8698,0.331538,-0.207780,1.017000,0.9588,-0.023445,-0.180180,1.022000,0.9944,0.061653,0.020491,1.246000,0.9967,-0.120727,0.008306,1.266000,0.9969
296,9.873775,1,0.175317,-0.437305,1.314000,0.9998,-0.130693,-0.468895,1.282000,0.9997,0.302802,-0.307245,1.295000,0.8947,-0.185241,-0.248008,1.115000,0.8645,0.333239,-0.206759,1.012000,0.9513,-0.026835,-0.180356,1.023000,0.9940,0.061752,0.020524,1.248000,0.9967,-0.122617,0.010375,1.264000,0.9970
297,9.907133,1,0.175718,-0.438304,1.317000,0.9998,-0.130897,-0.469627,1.284000,0.9997,0.304673,-0.309143,1.303000,0.8987,-0.187412,-0.248453,1.117000,0.8654,0.329946,-0.203065,1.002000,0.9535,-0.028436,-0.179827,1.020000,0.9939,0.061653,0.020491,1.246000,0.9967,-0.122811,0.010392,1.266000,0.9969
298,9.940490,1,0.176385,-0.437790,1.322000,0.9998,-0.130693,-0.468895,1.282000,0.9997,0.302802,-0.309379,1.295000,0.8983,-0.187076,-0.248008,1.115000,0.8624,0.332588,-0.203673,1.005000,0.9529,-0.030203,-0.180356,1.023000,0.9936,0.059698,0.020524,1.248000,0.9967,-0.125190,0.012507,1.269000,0.9969
299,9.973847,1,0.177185,-0.439777,1.328000,0.9998,-0.130387,-0.467798,1.279000,0.9997,0.302101,-0.308662,1.292000,0.9011,-0.189589,-0.248897,1.119000,0.8581,0.331596,-0.203065,1.002000,0.9548,-0.031731,-0.179475,1.018000,0.9933,0.055278,0.022453,1.241000,0.9966,-0.126978,0.012477,1.266000,0.9968
300,10.007205,1,0.176385,-0.437790,1.322000,0.9998,-0.130693,-0.468895,1.282000,0.9997,0.303504,-0.310095,1.298000,0.9039,-0.188573,-0.249396,1.113000,0.8529,0.329546,-0.198198,0.986000,0.9564,-0.033538,-0.180180,1.022000,0.9931,0.055278,0.022453,1.241000,0.9965,-0.125190,0.012507,1.269000,0.9966
301,10.040562,1,0.176785,-0.438783,1.325000,0.9998,-0.130693,-0.468895,1.282000,0.9997,0.301367,-0.312234,1.298000,0.8975,-0.191431,-0.250741,1.119000,0.8520,0.334864,-0.202052,0.997000,0.9528,-0.035151,-0.181507,1.020000,0.9928,0.053235,0.024498,1.241000,0.9965,-0.127480,0.014621,1.271000,0.9966
302,10.073920,1,0.176118,-0.437128,1.320000,0.9998,-0.130387,-0.467798,1.279000,0.9997,0.301367,-0.312234,1.298000,0.8980,-0.191431,-0.250741,1.119000,0.8524,0.334817,-0.201038,0.992000,0.9529,-0.036649,-0.180618,1.015000,0.9927,0.053235,0.024498,1.241000,0.9962,-0.127480,0.014621,1.271000,0.9964
303,10.107277,1,0.176785,-0.438783,1.325000,0.9998,-0.130693,-0.468895,1.282000,0.9996,0.301367,-0.312234,1.298000,0.9004,-0.191431,-0.250741,1.119000,0.8503,0.339163,-0.202660,1.000000,0.9542,-0.038509,-0.181507,1.020000,0.9925,0.051192,0.026542,1.241000,0.9963,-0.127279,0.014598,1.269000,0.9964
304,10.140635,1,0.178561,-0.435612,1.322000,0.9998,-0.130693,-0.468895,1.282000,0.9996,0.305640,-0.312234,1.298000,0.9049,-0.192582,-0.249845,1.115000,0.8484,0.342172,-0.203470,1.004000,0.9568,-0.038395,-0.180974,1.017000,0.9924,0.051192,0.026542,1.241000,0.9962,-0.126978,0.014563,1.266000,0.9963
305,10.173992,1,0.177480,-0.432976,1.314000,0.9998,-0.130897,-0.469627,1.284000,0.9996,0.304934,-0.311512,1.295000,0.9056,-0.192237,-0.249396,1.113000,0.8459,0.348167,-0.204078,1.007000,0.9572,-0.038320,-0.180618,1.015000,0.9919,0.051069,0.028517,1.238000,0.9962,-0.127279,0.016688,1.269000,0.9962
306,10.207349,1,0.181557,-0.437589,1.328000,0.9998,-0.130081,-0.464598,1.276000,0.9996,0.307776,-0.312234,1.298000,0.9082,-0.194417,-0.249845,1.115000,0.8442,0.349825,-0.204078,1.007000,0.9588,-0.039872,-0.181751,1.012000,0.9918,0.051192,0.028586,1.241000,0.9961,-0.127279,0.016688,1.269000,0.9960
307,10.240707,1,0.180737,-0.437790,1.322000,0.9998,-0.130387,-0.465691,1.279000,0.9996,0.308251,-0.312715,1.300000,0.9083,-0.194068,-0.249396,1.113000,0.8417,0.347393,-0.204307,1.000000,0.9587,-0.039793,-0.181392,1.010000,0.9913,0.051069,0.028517,1.238000,0.9961,-0.127480,0.016714,1.271000,0.9960
308,10.274064,1,0.180463,-0.437128,1.320000,0.9998,-0.130387,-0.467798,1.279000,0.9996,0.307776,-0.312234,1.298000,0.9062,-0.193720,-0.248948,1.111000,0.8406,0.349039,-0.204307,1.000000,0.9579,-0.039912,-0.181931,1.013000,0.9911,0.051069,0.026478,1.238000,0.9959,-0.126978,0.016649,1.266000,0.9958
309,10.307422,1,0.180463,-0.437128,1.320000,0.9998,-0.130387,-0.465691,1.279000,0.9996,0.308480,-0.310790,1.292000,0.9071,-0.196252,-0.249845,1.115000,0.8386,0.356646,-0.209456,1.017000,0.9581,-0.041456,-0.183056,1.010000,0.9911,0.053235,0.030631,1.241000,0.9959,-0.126978,0.020820,1.266000,0.9958
310,10.340779,1,0.181806,-0.432976,1.314000,0.9998,-0.130081,-0.464598,1.276000,0.9996,0.309197,-0.311512,1.295000,0.9043,-0.199564,-0.251230,1.113000,0.8322,0.351274,-0.203694,0.997000,0.9556,-0.041538,-0.185085,1.012000,0.9900,0.053321,0.034776,1.243000,0.9959,-0.129368,0.020869,1.269000,0.9957
311,10.374137,1,0.182221,-0.433964,1.317000,0.9998,-0.130081,-0.464598,1.276000,0.9996,0.309197,-0.311512,1.295000,0.8929,-0.200281,-0.252133,1.117000,0.8291,0.348455,-0.200430,0.989000,0.9438,-0.041661,-0.187306,1.015000,0.9894,0.053321,0.036823,1.243000,0.9959,-0.129877,0.020951,1.274000,0.9959
312,10.407494,1,0.182221,-0.433964,1.317000,0.9997,-0.129877,-0.463870,1.274000,0.9996,0.311107,-0.313437,1.303000,0.8721,-0.202482,-0.252584,1.119000,0.8263,0.352561,-0.201849,0.996000,0.9232,-0.043246,-0.188606,1.013000,0.9885,0.053321,0.038871,1.243000,0.9960,-0.129877,0.023050,1.274000,0.9960
313,10.440852,1,0.182636,-0.434953,1.320000,0.9997,-0.127981,-0.464598,1.276000,0.9996,0.309913,-0.312234,1.298000,0.8712,-0.203958,-0.255813,1.117000,0.8246,0.352422,-0.200836,0.991000,0.9223,-0.043033,-0.187675,1.008000,0.9879,0.053449,0.038965,1.246000,0.9960,-0.129368,0.020869,1.269000,0.9961
314,10.474209,1,0.182221,-0.436134,1.317000,0.9997,-0.127981,-0.464598,1.276000,0.9996,0.309197,-0.311512,1.295000,0.8615,-0.205428,-0.253518,1.115000,0.8246,0.355125,-0.201444,0.994000,0.9158,-0.045002,-0.188978,1.015000,0.9874,0.051275,0.036823,1.243000,0.9959,-0.129368,0.020869,1.269000,0.9960
315,10.507566,1,0.180053,-0.436134,1.317000,0.9997,-0.130693,-0.466783,1.282000,0.9995,0.309197,-0.311512,1.295000,0.8582,-0.206165,-0.256271,1.119000,0.8225,0.356043,-0.199404,0.992000,0.9146,-0.044869,-0.190087,1.012000,0.9867,0.051069,0.036675,1.238000,0.9957,-0.129572,0.020902,1.271000,0.9958
316,10.540924,1,0.180053,-0.436134,1.317000,0.9997,-0.129877,-0.463870,1.274000,0.9995,0.310390,-0.312715,1.300000,0.8585,-0.205428,-0.255355,1.115000,0.8180,0.364017,-0.203673,1.005000,0.9153,-0.046443,-0.189711,1.010000,0.9860,0.051069,0.036675,1.238000,0.9956,-0.129572,0.020902,1.271000,0.9957
317,10.574281,1,0.180053,-0.436134,1.317000,0.9997,-0.130081,-0.466700,1.276000,0.9995,0.310390,-0.310573,1.300000,0.8608,-0.206520,-0.254439,1.111000,0.8146,0.366553,-0.203424,1.012000,0.9183,-0.048105,-0.189711,1.010000,0.9861,0.051192,0.036764,1.241000,0.9956,-0.129572,0.020902,1.271000,0.9956
318,10.607639,1,0.180053,-0.436134,1.317000,0.9997,-0.129877,-0.465969,1.274000,0.9995,0.310390,-0.310573,1.300000,0.8662,-0.207264,-0.257192,1.115000,0.8187,0.367639,-0.205699,1.015000,0.9225,-0.048105,-0.189711,1.010000,0.9861,0.050986,0.034580,1.236000,0.9955,-0.129877,0.020951,1.274000,0.9955
319,10.640996,1,0.181147,-0.438783,1.325000,0.9997,-0.130081,-0.466700,1.276000,0.9995,0.311328,-0.309379,1.295000,0.8688,-0.206892,-0.256731,1.113000,0.8196,0.373676,-0.206440,1.027000,0.9251,-0.049768,-0.189711,1.010000,0.9862,0.051069,0.034636,1.238000,0.9954,-0.129877,0.020951,1.274000,0.9954
320,10.674354,1,0.180463,-0.437128,1.320000,0.9997,-0.129877,-0.465969,1.274000,0.9995,0.312049,-0.310095,1.298000,0.8717,-0.209099,-0.259029,1.115000,0.8191,0.376587,-0.208048,1.035000,0.9291,-0.051175,-0.188772,1.005000,0.9864,0.051192,0.034720,1.241000,0.9953,-0.129572,0.020902,1.271000,0.9952
321,10.707711,1,0.180053,-0.436134,1.317000,0.9998,-0.130081,-0.466700,1.276000,0.9995,0.314670,-0.310573,1.300000,0.8755,-0.210934,-0.259029,1.115000,0.8202,0.380849,-0.209455,1.042000,0.9327,-0.052514,-0.187645,0.999000,0.9861,0.051069,0.034636,1.238000,0.9951,-0.129877,0.018853,1.274000,0.9949
322,10.741069,1,0.180463,-0.437128,1.320000,0.9997,-0.130387,-0.467798,1.279000,0.9995,0.314670,-0.310573,1.300000,0.8721,-0.211243,-0.258994,1.107000,0.8175,0.380589,-0.210259,1.046000,0.9319,-0.056529,-0.190087,1.012000,0.9856,0.051192,0.032675,1.241000,0.9950,-0.130081,0.018882,1.276000,0.9949
323,10.774426,1,0.180053,-0.436134,1.317000,0.9997,-0.130081,-0.466700,1.276000,0.9995,0.314670,-0.310573,1.300000,0.8667,-0.213450,-0.259462,1.109000,0.8117,0.386411,-0.213475,1.062000,0.9285,-0.057792,-0.190428,1.005000,0.9848,0.051275,0.034776,1.243000,0.9951,-0.129368,0.018779,1.269000,0.9949
324,10.807784,1,0.179643,-0.435141,1.314000,0.9998,-0.130387,-0.467798,1.279000,0.9995,0.314670,-0.310573,1.300000,0.8714,-0.217100,-0.259462,1.109000,0.8123,0.388159,-0.213475,1.062000,0.9314,-0.061040,-0.191892,1.004000,0.9842,0.051275,0.034776,1.243000,0.9952,-0.129368,0.018779,1.269000,0.9950
325,10.841141,1,0.179233,-0.434147,1.311000,0.9997,-0.132803,-0.468895,1.282000,0.9995,0.314186,-0.310095,1.298000,0.8597,-0.219715,-0.262231,1.113000,0.7996,0.385966,-0.210529,1.056000,0.9199,-0.062567,-0.193161,1.002000,0.9818,0.053235,0.034720,1.241000,0.9950,-0.129572,0.020902,1.271000,0.9949
326,10.874499,1,0.181806,-0.435141,1.314000,0.9997,-0.132492,-0.467798,1.279000,0.9995,0.318272,-0.312007,1.306000,0.8597,-0.220505,-0.265014,1.117000,0.8024,0.386697,-0.210928,1.058000,0.9191,-0.065866,-0.193161,1.002000,0.9819,0.053235,0.038809,1.241000,0.9952,-0.129368,0.025050,1.269000,0.9951
327,10.907856,1,0.182221,-0.436134,1.317000,0.9997,-0.132181,-0.466700,1.276000,0.9995,0.316810,-0.310573,1.300000,0.8652,-0.221149,-0.263590,1.111000,0.7994,0.391448,-0.211755,1.071000,0.9226,-0.067717,-0.195395,1.005000,0.9815,0.053449,0.038965,1.246000,0.9953,-0.131974,0.025149,1.274000,0.9951
328,10.941214,1,0.181806,-0.435141,1.314000,0.9997,-0.132492,-0.467798,1.279000,0.9995,0.317722,-0.309379,1.295000,0.8624,-0.222343,-0.266854,1.117000,0.7969,0.389986,-0.210964,1.067000,0.9213,-0.067515,-0.194811,1.002000,0.9810,0.055278,0.040853,1.241000,0.9952,-0.129368,0.025050,1.269000,0.9950
329,10.974571,1,0.182221,-0.436134,1.317000,0.9997,-0.132492,-0.467798,1.279000,0.9995,0.318949,-0.310573,1.300000,0.8615,-0.222343,-0.266854,1.117000,0.7930,0.384138,-0.206070,1.051000,0.9207,-0.069302,-0.195200,1.004000,0.9799,0.055278,0.040853,1.241000,0.9953,-0.129572,0.025090,1.271000,0.9951
330,11.007929,1,0.181806,-0.435141,1.314000,0.9997,-0.132181,-0.466700,1.276000,0.9995,0.316986,-0.308662,1.292000,0.8619,-0.221149,-0.265421,1.111000,0.7935,0.382311,-0.205089,1.046000,0.9225,-0.069164,-0.196462,1.002000,0.9799,0.055367,0.040919,1.243000,0.9952,-0.131456,0.027141,1.269000,0.9950
331,11.041286,1,0.181391,-0.434147,1.311000,0.9997,-0.132803,-0.468895,1.282000,0.9995,0.319854,-0.307245,1.295000,0.8626,-0.223781,-0.266376,1.115000,0.7954,0.377424,-0.199866,1.028000,0.9235,-0.070813,-0.196462,1.002000,0.9796,0.055500,0.038965,1.246000,0.9952,-0.131974,0.025149,1.274000,0.9951
332,11.074644,1,0.182221,-0.438304,1.317000,0.9997,-0.132181,-0.466700,1.276000,0.9995,0.319113,-0.308662,1.292000,0.8448,-0.223379,-0.265898,1.113000,0.7921,0.377057,-0.199672,1.027000,0.9083,-0.070672,-0.196070,1.000000,0.9785,0.055500,0.041018,1.246000,0.9953,-0.131456,0.027141,1.269000,0.9952
333,11.108001,1,0.181114,-0.435641,1.309000,0.9997,-0.132492,-0.467798,1.279000,0.9995,0.321830,-0.311290,1.303000,0.8442,-0.223781,-0.268213,1.115000,0.7870,0.373539,-0.198700,1.022000,0.9077,-0.072463,-0.196462,1.002000,0.9783,0.055278,0.040853,1.241000,0.9953,-0.131664,0.027184,1.271000,0.9952
334,11.141359,1,0.182221,-0.438304,1.317000,0.9997,-0.131974,-0.465969,1.274000,0.9995,0.324117,-0.309379,1.295000,0.8461,-0.226020,-0.268694,1.117000,0.7846,0.375428,-0.197922,1.018000,0.9080,-0.072318,-0.196070,1.000000,0.9780,0.057413,0.042967,1.243000,0.9952,-0.131664,0.029277,1.271000,0.9951
335,11.174716,1,0.181391,-0.436307,1.311000,0.9997,-0.132181,-0.466700,1.276000,0.9994,0.322731,-0.310095,1.298000,0.8286,-0.223379,-0.267732,1.113000,0.7710,0.373584,-0.196950,1.013000,0.8938,-0.072463,-0.198113,1.002000,0.9762,0.057551,0.045123,1.246000,0.9951,-0.133755,0.029277,1.271000,0.9950
336,11.208073,1,0.183968,-0.437305,1.314000,0.9997,-0.131664,-0.464872,1.271000,0.9994,0.323366,-0.308662,1.292000,0.8234,-0.222576,-0.266770,1.109000,0.7622,0.373399,-0.195978,1.008000,0.8870,-0.072463,-0.198113,1.002000,0.9752,0.057782,0.047365,1.251000,0.9950,-0.133545,0.031322,1.269000,0.9950
337,11.241431,1,0.183548,-0.436307,1.311000,0.9997,-0.132181,-0.466700,1.276000,0.9994,0.324117,-0.309379,1.295000,0.8021,-0.223781,-0.268213,1.115000,0.7541,0.378377,-0.195978,1.008000,0.8697,-0.072679,-0.198706,1.005000,0.9731,0.055589,0.049307,1.248000,0.9949,-0.135634,0.031322,1.269000,0.9948
338,11.274789,1,0.183968,-0.437305,1.314000,0.9997,-0.132492,-0.467798,1.279000,0.9994,0.324117,-0.309379,1.295000,0.8012,-0.224182,-0.270534,1.117000,0.7564,0.380790,-0.196367,1.010000,0.8711,-0.072318,-0.196070,1.000000,0.9719,0.053321,0.049110,1.243000,0.9948,-0.138265,0.033544,1.274000,0.9947
339,11.308146,1,0.183968,-0.437305,1.314000,0.9997,-0.132492,-0.467798,1.279000,0.9993,0.324117,-0.309379,1.295000,0.8037,-0.224182,-0.270534,1.117000,0.7545,0.385103,-0.197728,1.017000,0.8752,-0.072318,-0.196070,1.000000,0.9714,0.053321,0.049110,1.243000,0.9948,-0.138265,0.033544,1.274000,0.9947
340,11.341504,1,0.184388,-0.438304,1.317000,0.9996,-0.132181,-0.466700,1.276000,0.9993,0.324868,-0.310095,1.298000,0.8024,-0.222978,-0.269081,1.111000,0.7595,0.394569,-0.204305,1.042000,0.8752,-0.072463,-0.196462,1.002000,0.9716,0.053020,0.048833,1.236000,0.9948,-0.137722,0.035503,1.269000,0.9947
341,11.374861,1,0.183968,-0.437305,1.314000,0.9996,-0.131974,-0.465969,1.274000,0.9993,0.325368,-0.310573,1.300000,0.7946,-0.223781,-0.270050,1.115000,0.7634,0.399715,-0.204305,1.042000,0.8680,-0.072463,-0.196462,1.002000,0.9703,0.055500,0.049228,1.246000,0.9948,-0.137722,0.035503,1.269000,0.9948
342,11.408218,1,0.183968,-0.439470,1.314000,0.9996,-0.131974,-0.465969,1.274000,0.9992,0.324868,-0.312234,1.298000,0.7836,-0.223379,-0.269566,1.113000,0.7617,0.404126,-0.205677,1.049000,0.8584,-0.072318,-0.196070,1.000000,0.9688,0.051399,0.049228,1.246000,0.9946,-0.137939,0.035559,1.271000,0.9947
343,11.441576,1,0.183548,-0.438467,1.311000,0.9995,-0.132492,-0.467798,1.279000,0.9992,0.323366,-0.310790,1.292000,0.7635,-0.223379,-0.269566,1.113000,0.7525,0.406414,-0.205089,1.046000,0.8385,-0.072246,-0.195874,0.999000,0.9666,0.051275,0.049110,1.243000,0.9945,-0.138265,0.035643,1.274000,0.9946
344,11.474933,1,0.184388,-0.440473,1.317000,0.9995,-0.131974,-0.465969,1.274000,0.9992,0.323366,-0.310790,1.292000,0.7596,-0.222978,-0.269081,1.111000,0.7517,0.406802,-0.205285,1.047000,0.8383,-0.072463,-0.198113,1.002000,0.9654,0.051687,0.049505,1.253000,0.9944,-0.138265,0.035643,1.274000,0.9946
345,11.508291,1,0.183548,-0.438467,1.311000,0.9995,-0.129877,-0.465969,1.274000,0.9991,0.324868,-0.312234,1.298000,0.7439,-0.222576,-0.268597,1.109000,0.7436,0.407579,-0.205677,1.049000,0.8218,-0.072463,-0.198113,1.002000,0.9630,0.051069,0.048912,1.238000,0.9941,-0.137722,0.035503,1.269000,0.9944
346,11.541648,1,0.184388,-0.440473,1.317000,0.9995,-0.130387,-0.467798,1.279000,0.9991,0.325368,-0.312715,1.300000,0.7314,-0.223379,-0.269566,1.113000,0.7391,0.406414,-0.205089,1.046000,0.8128,-0.074260,-0.198508,1.004000,0.9624,0.053449,0.049228,1.246000,0.9941,-0.138482,0.035699,1.276000,0.9944
347,11.575005,1,0.183968,-0.441635,1.314000,0.9994,-0.130387,-0.467798,1.279000,0.9991,0.323366,-0.310790,1.292000,0.7259,-0.223379,-0.269566,1.113000,0.7401,0.406414,-0.205089,1.046000,0.8089,-0.074260,-0.198508,1.004000,0.9624,0.053321,0.047062,1.243000,0.9941,-0.137939,0.033465,1.271000,0.9944
348,11.608363,1,0.183968,-0.441635,1.314000,0.9994,-0.130081,-0.466700,1.276000,0.9991,0.321985,-0.311512,1.295000,0.7131,-0.222978,-0.269081,1.111000,0.7386,0.404083,-0.203913,1.040000,0.8040,-0.074260,-0.198508,1.004000,0.9622,0.053106,0.042794,1.238000,0.9939,-0.135847,0.027184,1.271000,0.9943
349,11.641720,1,0.184808,-0.441477,1.320000,0.9994,-0.129877,-0.465969,1.274000,0.9991,0.324868,-0.312234,1.298000,0.7149,-0.225616,-0.270050,1.115000,0.7362,0.399420,-0.203253,1.028000,0.8065,-0.075912,-0.198508,1.004000,0.9630,0.053235,0.040853,1.241000,0.9939,-0.133545,0.025050,1.269000,0.9944
350,11.675078,1,0.184388,-0.438304,1.317000,0.9994,-0.130387,-0.467798,1.279000,0.9991,0.327004,-0.312234,1.298000,0.7193,-0.226020,-0.270534,1.117000,0.7409,0.393592,-0.200288,1.013000,0.8109,-0.075912,-0.198508,1.004000,0.9641,0.053449,0.041018,1.246000,0.9939,-0.134071,0.025149,1.274000,0.9943
351,11.708435,1,0.184808,-0.441477,1.320000,0.9994,-0.132181,-0.466700,1.276000,0.9991,0.322865,-0.310309,1.290000,0.7135,-0.225616,-0.270050,1.115000,0.7423,0.391538,-0.200090,1.012000,0.8064,-0.075761,-0.198113,1.002000,0.9638,0.053106,0.040754,1.238000,0.9938,-0.134071,0.025149,1.274000,0.9942
352,11.741792,1,0.184388,-0.438304,1.317000,0.9995,-0.131974,-0.465969,1.274000,0.9992,0.323366,-0.310790,1.292000,0.7221,-0.226020,-0.270534,1.117000,0.7454,0.386895,-0.197717,1.000000,0.8121,-0.075610,-0.197717,1.000000,0.9644,0.053106,0.040754,1.238000,0.9938,-0.131974,0.027248,1.274000,0.9943
353,11.775150,1,0.184388,-0.438304,1.317000,0.9994,-0.132181,-0.466700,1.276000,0.9992,0.323366,-0.310790,1.292000,0.7182,-0.225211,-0.267732,1.113000,0.7439,0.388443,-0.198508,1.004000,0.8060,-0.077565,-0.198508,1.004000,0.9645,0.055278,0.040853,1.241000,0.9940,-0.131974,0.025149,1.274000,0.9944
354,11.808507,1,0.184808,-0.441477,1.320000,0.9994,-0.132181,-0.466700,1.276000,0.9991,0.324117,-0.311512,1.295000,0.7165,-0.223592,-0.263987,1.105000,0.7442,0.391925,-0.201956,1.013000,0.8038,-0.077565,-0.198508,1.004000,0.9643,0.055367,0.040919,1.243000,0.9939,-0.129572,0.025090,1.271000,0.9943
355,11.841865,1,0.185508,-0.443149,1.325000,0.9994,-0.132492,-0.467798,1.279000,0.9992,0.327004,-0.312234,1.298000,0.7082,-0.224402,-0.264943,1.109000,0.7389,0.391798,-0.202754,1.017000,0.7910,-0.077410,-0.198113,1.002000,0.9644,0.061504,0.040919,1.243000,0.9939,-0.129877,0.025149,1.274000,0.9944
356,11.875222,1,0.184388,-0.438304,1.317000,0.9994,-0.132803,-0.468895,1.282000,0.9992,0.326248,-0.309379,1.295000,0.7010,-0.224806,-0.265421,1.111000,0.7335,0.392426,-0.203950,1.023000,0.7825,-0.079296,-0.198706,1.005000,0.9645,0.061900,0.041182,1.251000,0.9941,-0.129368,0.025050,1.269000,0.9946
357,11.908580,1,0.183968,-0.437305,1.314000,0.9995,-0.132492,-0.467798,1.279000,0.9992,0.327112,-0.308184,1.290000,0.7175,-0.225211,-0.267732,1.113000,0.7341,0.389357,-0.200683,1.015000,0.7968,-0.079217,-0.198508,1.004000,0.9660,0.061653,0.041018,1.246000,0.9942,-0.129572,0.025090,1.271000,0.9946
358,11.941937,1,0.183968,-0.437305,1.314000,0.9995,-0.132181,-0.466700,1.276000,0.9992,0.331872,-0.308662,1.292000,0.7266,-0.223997,-0.266289,1.107000,0.7290,0.391275,-0.201672,1.020000,0.8049,-0.078902,-0.197717,1.000000,0.9667,0.061653,0.041018,1.246000,0.9942,-0.131456,0.025050,1.269000,0.9946
359,11.975294,1,0.183968,-0.437305,1.314000,0.9995,-0.132181,-0.466700,1.276000,0.9992,0.329746,-0.308662,1.292000,0.7337,-0.223592,-0.265808,1.105000,0.7310,0.390124,-0.201079,1.017000,0.8113,-0.078823,-0.197520,0.999000,0.9665,0.061653,0.043070,1.246000,0.9943,-0.131664,0.027184,1.271000,0.9946
360,12.008652,1,0.183968,-0.437305,1.314000,0.9995,-0.132803,-0.468895,1.282000,0.9992,0.329746,-0.310790,1.292000,0.7373,-0.223997,-0.266289,1.107000,0.7262,0.391275,-0.201672,1.020000,0.8158,-0.078823,-0.197520,0.999000,0.9658,0.059458,0.042967,1.243000,0.9943,-0.131974,0.027248,1.274000,0.9946
361,12.042009,1,0.184388,-0.438304,1.317000,0.9995,-0.132803,-0.468895,1.282000,0.9992,0.329746,-0.310790,1.292000,0.7436,-0.224402,-0.268597,1.109000,0.7252,0.395111,-0.203649,1.030000,0.8224,-0.078665,-0.198767,0.997000,0.9664,0.059363,0.040853,1.241000,0.9943,-0.131146,0.027077,1.266000,0.9946
362,12.075367,1,0.184388,-0.438304,1.317000,0.9995,-0.132492,-0.467798,1.279000,0.9992,0.331358,-0.310309,1.290000,0.7552,-0.227043,-0.269566,1.113000,0.7228,0.395879,-0.202344,1.032000,0.8321,-0.078586,-0.198567,0.996000,0.9674,0.059363,0.044942,1.241000,0.9944,-0.131456,0.029231,1.269000,0.9945
363,12.108724,1,0.183968,-0.437305,1.314000,0.9995,-0.132803,-0.468895,1.282000,0.9992,0.326248,-0.311512,1.295000,0.7495,-0.224402,-0.268597,1.109000,0.7179,0.397806,-0.205089,1.046000,0.8294,-0.079823,-0.197570,0.991000,0.9666,0.055278,0.044942,1.241000,0.9942,-0.133755,0.029277,1.271000,0.9944
364,12.142082,1,0.183968,-0.437305,1.314000,0.9995,-0.132181,-0.466700,1.276000,0.9992,0.326248,-0.311512,1.295000,0.7517,-0.224402,-0.268597,1.109000,0.7171,0.400673,-0.205677,1.049000,0.8325,-0.080064,-0.198169,0.994000,0.9662,0.053235,0.044942,1.241000,0.9942,-0.135847,0.029277,1.271000,0.9943
365,12.175439,1,0.184388,-0.438304,1.317000,0.9995,-0.132181,-0.466700,1.276000,0.9992,0.325493,-0.308662,1.292000,0.7510,-0.223592,-0.269448,1.105000,0.7162,0.402583,-0.204921,1.054000,0.8295,-0.079823,-0.197570,0.991000,0.9655,0.053235,0.044942,1.241000,0.9943,-0.138265,0.029347,1.274000,0.9944
366,12.208796,1,0.184808,-0.439302,1.320000,0.9995,-0.132181,-0.466700,1.276000,0.9992,0.321985,-0.309379,1.295000,0.7394,-0.225211,-0.273233,1.113000,0.7204,0.405032,-0.207060,1.065000,0.8192,-0.080064,-0.198169,0.994000,0.9658,0.053449,0.047176,1.246000,0.9942,-0.137939,0.031371,1.271000,0.9944
367,12.242154,1,0.184388,-0.438304,1.317000,0.9995,-0.132803,-0.471007,1.282000,0.9992,0.321985,-0.307245,1.295000,0.7213,-0.221973,-0.269305,1.097000,0.7137,0.404653,-0.207812,1.078000,0.8021,-0.081289,-0.198801,0.989000,0.9647,0.053106,0.044833,1.238000,0.9941,-0.135634,0.031322,1.269000,0.9944
368,12.275511,1,0.185088,-0.439968,1.322000,0.9995,-0.132803,-0.471007,1.282000,0.9992,0.321240,-0.304405,1.292000,0.7170,-0.223592,-0.271269,1.105000,0.7144,0.409443,-0.209354,1.086000,0.7989,-0.081536,-0.199404,0.992000,0.9650,0.053106,0.044833,1.238000,0.9941,-0.135634,0.031322,1.269000,0.9944
369,12.308869,1,0.186131,-0.435141,1.314000,0.9995,-0.132803,-0.471007,1.282000,0.9992,0.323366,-0.302277,1.292000,0.7088,-0.222378,-0.269796,1.099000,0.7122,0.408689,-0.207182,1.084000,0.7896,-0.081454,-0.199203,0.991000,0.9646,0.055500,0.045123,1.246000,0.9941,-0.136168,0.029347,1.274000,0.9944
370,12.342226,1,0.186131,-0.432976,1.314000,0.9995,-0.132492,-0.469905,1.279000,0.9992,0.329235,-0.299684,1.290000,0.7096,-0.222378,-0.269796,1.099000,0.7108,0.417962,-0.208239,1.099000,0.7896,-0.081536,-0.199404,0.992000,0.9649,0.055278,0.044942,1.241000,0.9940,-0.135634,0.029231,1.269000,0.9944
371,12.375583,1,0.186131,-0.432976,1.314000,0.9994,-0.130387,-0.469905,1.279000,0.9992,0.328470,-0.298987,1.287000,0.6913,-0.223592,-0.271269,1.105000,0.6990,0.417202,-0.207860,1.097000,0.7678,-0.081289,-0.198801,0.989000,0.9636,0.057551,0.045123,1.246000,0.9939,-0.136168,0.029347,1.274000,0.9943
372,12.408941,1,0.188294,-0.432976,1.314000,0.9994,-0.130081,-0.468803,1.276000,0.9992,0.328470,-0.296866,1.287000,0.6871,-0.221774,-0.271269,1.105000,0.7015,0.421005,-0.206107,1.107000,0.7638,-0.081865,-0.201849,0.996000,0.9640,0.057413,0.045014,1.243000,0.9937,-0.133755,0.029277,1.271000,0.9942
373,12.442298,1,0.188294,-0.432976,1.314000,0.9994,-0.130693,-0.471007,1.282000,0.9992,0.331358,-0.297558,1.290000,0.6811,-0.221372,-0.270778,1.103000,0.6987,0.416715,-0.201331,1.091000,0.7585,-0.082111,-0.202457,0.999000,0.9647,0.055055,0.044761,1.236000,0.9934,-0.135634,0.027141,1.269000,0.9940
374,12.475656,1,0.188294,-0.430811,1.314000,0.9993,-0.130387,-0.469905,1.279000,0.9992,0.332706,-0.294746,1.287000,0.6497,-0.222175,-0.271760,1.107000,0.6916,0.419771,-0.202807,1.099000,0.7205,-0.081947,-0.203694,0.997000,0.9636,0.057320,0.044942,1.241000,0.9933,-0.133229,0.029162,1.266000,0.9941
375,12.509013,1,0.187147,-0.428188,1.306000,0.9993,-0.130897,-0.473857,1.284000,0.9992,0.331931,-0.294059,1.284000,0.6474,-0.220569,-0.269796,1.099000,0.6896,0.419007,-0.200631,1.097000,0.7166,-0.082111,-0.204103,0.999000,0.9633,0.055144,0.044833,1.238000,0.9934,-0.133229,0.024991,1.266000,0.9942
376,12.542370,1,0.190891,-0.431795,1.317000,0.9993,-0.127981,-0.470905,1.276000,0.9992,0.334044,-0.291944,1.284000,0.6358,-0.220971,-0.270287,1.101000,0.6837,0.421299,-0.199911,1.103000,0.7052,-0.081947,-0.203694,0.997000,0.9627,0.055367,0.042967,1.243000,0.9934,-0.133229,0.024991,1.266000,0.9942
377,12.575728,1,0.191326,-0.432778,1.320000,0.9993,-0.128583,-0.473119,1.282000,0.9992,0.333524,-0.291489,1.282000,0.6367,-0.221372,-0.270778,1.103000,0.6848,0.419771,-0.197376,1.099000,0.7063,-0.081865,-0.203490,0.996000,0.9624,0.057413,0.042967,1.243000,0.9936,-0.133229,0.024991,1.266000,0.9944
378,12.609085,1,0.190457,-0.428646,1.314000,0.9993,-0.128282,-0.472012,1.279000,0.9992,0.332743,-0.286593,1.279000,0.6504,-0.220971,-0.272101,1.101000,0.6810,0.417744,-0.190198,1.089000,0.7199,-0.081865,-0.203490,0.996000,0.9632,0.057551,0.043070,1.246000,0.9937,-0.133545,0.025050,1.269000,0.9945
379,12.642442,1,0.190891,-0.429625,1.317000,0.9993,-0.128282,-0.472012,1.279000,0.9992,0.334063,-0.283819,1.276000,0.6563,-0.221774,-0.271269,1.105000,0.6881,0.420045,-0.189442,1.095000,0.7186,-0.083504,-0.203490,0.996000,0.9644,0.057413,0.045014,1.243000,0.9939,-0.133545,0.025050,1.269000,0.9946
380,12.675800,1,0.190022,-0.425508,1.311000,0.9994,-0.126177,-0.472012,1.279000,0.9992,0.334063,-0.279615,1.276000,0.6648,-0.219955,-0.273089,1.105000,0.6848,0.423121,-0.184816,1.089000,0.7233,-0.083756,-0.204103,0.999000,0.9652,0.057413,0.045014,1.243000,0.9940,-0.133229,0.024991,1.266000,0.9947
381,12.709157,1,0.191886,-0.424859,1.309000,0.9994,-0.126177,-0.472012,1.279000,0.9992,0.332754,-0.276425,1.271000,0.6792,-0.219955,-0.273089,1.105000,0.6899,0.422344,-0.175523,1.087000,0.7342,-0.083504,-0.203490,0.996000,0.9662,0.057320,0.044942,1.241000,0.9943,-0.135847,0.025090,1.271000,0.9949
382,12.742515,1,0.191886,-0.424859,1.309000,0.9994,-0.126473,-0.473119,1.282000,0.9993,0.340585,-0.273899,1.269000,0.6983,-0.219557,-0.270778,1.103000,0.6912,0.424914,-0.170464,1.089000,0.7509,-0.083336,-0.203081,0.994000,0.9670,0.053106,0.046873,1.238000,0.9944,-0.137939,0.027184,1.271000,0.9949
383,12.775872,1,0.191886,-0.424859,1.309000,0.9995,-0.126177,-0.472012,1.279000,0.9993,0.335612,-0.273252,1.266000,0.7183,-0.219159,-0.270287,1.101000,0.6955,0.427519,-0.174788,1.105000,0.7706,-0.083169,-0.202673,0.992000,0.9674,0.053235,0.046986,1.241000,0.9946,-0.137722,0.027141,1.269000,0.9950
384,12.809229,1,0.192180,-0.425508,1.311000,0.9995,-0.125881,-0.468803,1.276000,0.9993,0.337696,-0.269081,1.266000,0.7349,-0.218760,-0.269796,1.099000,0.6960,0.420555,-0.161197,1.087000,0.7873,-0.083085,-0.202468,0.991000,0.9689,0.051192,0.049031,1.241000,0.9946,-0.140031,0.027184,1.271000,0.9950
385,12.842587,1,0.192619,-0.426482,1.314000,0.9995,-0.126177,-0.469905,1.279000,0.9993,0.337696,-0.269081,1.266000,0.7527,-0.219557,-0.270778,1.103000,0.7002,0.424675,-0.156685,1.093000,0.8035,-0.084972,-0.203081,0.994000,0.9698,0.051192,0.051075,1.241000,0.9948,-0.139481,0.029162,1.266000,0.9950
386,12.875944,1,0.191886,-0.422703,1.309000,0.9995,-0.126473,-0.471007,1.282000,0.9993,0.338438,-0.265941,1.261000,0.7712,-0.219557,-0.272595,1.103000,0.7049,0.427784,-0.150576,1.101000,0.8195,-0.084716,-0.202468,0.991000,0.9706,0.049031,0.050952,1.238000,0.9950,-0.142682,0.029393,1.276000,0.9951
387,12.909302,1,0.194337,-0.423348,1.311000,0.9996,-0.124557,-0.471742,1.284000,0.9993,0.339780,-0.264909,1.266000,0.7882,-0.221372,-0.272595,1.103000,0.7136,0.418620,-0.139065,1.082000,0.8349,-0.084545,-0.202060,0.989000,0.9717,0.048952,0.048833,1.236000,0.9952,-0.142459,0.027248,1.274000,0.9952
388,12.942659,1,0.194041,-0.422703,1.309000,0.9996,-0.124363,-0.471007,1.282000,0.9993,0.337633,-0.263235,1.258000,0.7993,-0.220971,-0.272101,1.101000,0.7172,0.416840,-0.135500,1.082000,0.8465,-0.086434,-0.202673,0.992000,0.9725,0.049150,0.049031,1.241000,0.9951,-0.139811,0.029231,1.269000,0.9949
389,12.976016,1,0.194782,-0.424317,1.314000,0.9996,-0.124072,-0.469905,1.279000,0.9993,0.338438,-0.259708,1.261000,0.8155,-0.222378,-0.271606,1.099000,0.7232,0.425700,-0.134740,1.105000,0.8602,-0.087978,-0.202468,0.991000,0.9740,0.049150,0.049031,1.241000,0.9951,-0.139811,0.027141,1.269000,0.9948
390,13.009374,1,0.194782,-0.424317,1.314000,0.9996,-0.124363,-0.471007,1.282000,0.9993,0.341323,-0.258244,1.264000,0.8299,-0.223997,-0.273583,1.107000,0.7302,0.414528,-0.124113,1.076000,0.8720,-0.087801,-0.202060,0.989000,0.9753,0.049150,0.051075,1.241000,0.9952,-0.140362,0.029347,1.274000,0.9948
391,13.042731,1,0.194337,-0.423348,1.311000,0.9997,-0.124072,-0.472012,1.279000,0.9993,0.337096,-0.256610,1.256000,0.8410,-0.224806,-0.276402,1.111000,0.7304,0.410072,-0.116262,1.069000,0.8820,-0.089428,-0.202060,0.989000,0.9759,0.047107,0.051075,1.241000,0.9953,-0.142459,0.029347,1.274000,0.9948
392,13.076088,1,0.194041,-0.422703,1.309000,0.9997,-0.124072,-0.472012,1.279000,0.9993,0.338353,-0.253932,1.253000,0.8540,-0.223997,-0.275407,1.107000,0.7376,0.411223,-0.116588,1.072000,0.8926,-0.089700,-0.202673,0.992000,0.9768,0.049031,0.052991,1.238000,0.9955,-0.142682,0.033597,1.276000,0.9949
393,13.109446,1,0.194041,-0.422703,1.309000,0.9997,-0.124557,-0.473857,1.284000,0.9993,0.335754,-0.251466,1.251000,0.8619,-0.223997,-0.275407,1.107000,0.7413,0.410072,-0.114501,1.069000,0.9003,-0.091332,-0.204307,0.992000,0.9772,0.047107,0.053120,1.241000,0.9956,-0.145123,0.033676,1.279000,0.9949
394,13.142803,1,0.193596,-0.421734,1.306000,0.9997,-0.121967,-0.472012,1.279000,0.9993,0.336291,-0.253932,1.253000,0.8675,-0.223997,-0.275407,1.107000,0.7362,0.406785,-0.108809,1.065000,0.9067,-0.092684,-0.203689,0.989000,0.9773,0.047107,0.053120,1.241000,0.9956,-0.143018,0.033676,1.279000,0.9948
395,13.176160,1,0.194337,-0.421189,1.311000,0.9997,-0.122253,-0.473119,1.282000,0.9994,0.336463,-0.250461,1.246000,0.8783,-0.223188,-0.274412,1.103000,0.7474,0.405639,-0.105003,1.062000,0.9150,-0.093153,-0.204719,0.994000,0.9785,0.047107,0.053120,1.241000,0.9957,-0.142682,0.031495,1.276000,0.9949
396,13.209518,1,0.194041,-0.420546,1.309000,0.9997,-0.122443,-0.473857,1.284000,0.9993,0.336463,-0.250461,1.246000,0.8849,-0.224402,-0.277732,1.109000,0.7468,0.407548,-0.103740,1.067000,0.9214,-0.095361,-0.207602,1.000000,0.9788,0.047183,0.053205,1.243000,0.9957,-0.144556,0.031445,1.274000,0.9948
397,13.242875,1,0.195746,-0.419582,1.306000,0.9998,-0.121967,-0.472012,1.279000,0.9993,0.337003,-0.248807,1.248000,0.8908,-0.224806,-0.280063,1.111000,0.7428,0.408312,-0.103934,1.069000,0.9272,-0.095361,-0.209249,1.000000,0.9789,0.047183,0.055253,1.243000,0.9957,-0.142682,0.035699,1.276000,0.9947
398,13.276232,1,0.196195,-0.420546,1.309000,0.9998,-0.120143,-0.473119,1.282000,0.9993,0.336291,-0.249804,1.253000,0.8947,-0.223781,-0.281071,1.115000,0.7410,0.411223,-0.102460,1.072000,0.9321,-0.095266,-0.209040,0.999000,0.9791,0.047107,0.055164,1.241000,0.9956,-0.145123,0.033676,1.279000,0.9944
399,13.309590,1,0.196195,-0.420546,1.309000,0.9998,-0.120611,-0.474964,1.287000,0.9993,0.334412,-0.248408,1.246000,0.9020,-0.222175,-0.279054,1.107000,0.7445,0.410839,-0.100600,1.071000,0.9375,-0.094979,-0.210053,0.996000,0.9796,0.045065,0.055164,1.241000,0.9957,-0.144783,0.033597,1.276000,0.9945
400,13.342947,1,0.196195,-0.420546,1.309000,0.9998,-0.120330,-0.473857,1.284000,0.9993,0.334949,-0.246751,1.248000,0.9061,-0.222175,-0.279054,1.107000,0.7350,0.412757,-0.099297,1.076000,0.9417,-0.094598,-0.209209,0.992000,0.9789,0.045137,0.057301,1.243000,0.9956,-0.144783,0.035699,1.276000,0.9942
401,13.376305,1,0.195296,-0.418618,1.303000,0.9998,-0.118769,-0.476071,1.290000,0.9993,0.334412,-0.246356,1.246000,0.9110,-0.222175,-0.280878,1.107000,0.7425,0.411990,-0.097343,1.074000,0.9460,-0.097007,-0.212544,1.000000,0.9800,0.045137,0.057301,1.243000,0.9957,-0.144783,0.033597,1.276000,0.9943
402,13.409662,1,0.196195,-0.418390,1.309000,0.9998,-0.118769,-0.476071,1.290000,0.9993,0.333070,-0.245367,1.241000,0.9137,-0.221774,-0.280371,1.105000,0.7336,0.411990,-0.093804,1.074000,0.9490,-0.096716,-0.211906,0.997000,0.9801,0.045065,0.057208,1.241000,0.9955,-0.144556,0.033544,1.274000,0.9940
403,13.443020,1,0.194846,-0.415513,1.300000,0.9998,-0.118217,-0.473857,1.284000,0.9993,0.334228,-0.245676,1.253000,0.9172,-0.224583,-0.285766,1.119000,0.7318,0.410839,-0.093542,1.071000,0.9522,-0.097201,-0.216271,1.002000,0.9802,0.045137,0.057301,1.243000,0.9955,-0.144783,0.033597,1.276000,0.9939
404,13.476377,1,0.194846,-0.415513,1.300000,0.9998,-0.118217,-0.473857,1.284000,0.9993,0.332361,-0.244303,1.246000,0.9209,-0.222978,-0.283723,1.111000,0.7365,0.413524,-0.090602,1.078000,0.9552,-0.099047,-0.218356,1.004000,0.9811,0.045137,0.055253,1.243000,0.9955,-0.145123,0.031569,1.279000,0.9939
405,13.509735,1,0.197441,-0.414325,1.303000,0.9998,-0.116375,-0.474964,1.287000,0.9993,0.334412,-0.240198,1.246000,0.9254,-0.222978,-0.283723,1.111000,0.7376,0.411990,-0.086727,1.074000,0.9586,-0.099047,-0.218356,1.004000,0.9820,0.045137,0.057301,1.243000,0.9956,-0.144783,0.033597,1.276000,0.9939
406,13.543092,1,0.196986,-0.415513,1.300000,0.9998,-0.116103,-0.475972,1.284000,0.9993,0.334228,-0.241547,1.253000,0.9275,-0.223379,-0.286068,1.113000,0.7413,0.410986,-0.086889,1.076000,0.9608,-0.099343,-0.220668,1.007000,0.9824,0.045246,0.057439,1.246000,0.9955,-0.145463,0.033755,1.282000,0.9939
407,13.576449,1,0.197441,-0.416472,1.303000,0.9998,-0.116103,-0.475972,1.284000,0.9993,0.334228,-0.239483,1.253000,0.9269,-0.222175,-0.284526,1.107000,0.7340,0.410736,-0.083653,1.080000,0.9607,-0.099442,-0.220887,1.008000,0.9824,0.045137,0.057301,1.243000,0.9955,-0.144783,0.031495,1.276000,0.9939
408,13.609807,1,0.197441,-0.416472,1.303000,0.9998,-0.116375,-0.477084,1.287000,0.9993,0.331561,-0.235524,1.243000,0.9292,-0.223379,-0.286068,1.113000,0.7372,0.409976,-0.081722,1.078000,0.9627,-0.099343,-0.220668,1.007000,0.9831,0.047183,0.057301,1.243000,0.9955,-0.144783,0.031495,1.276000,0.9939
409,13.643164,1,0.196986,-0.415513,1.300000,0.9998,-0.116103,-0.473857,1.284000,0.9993,0.330841,-0.236471,1.248000,0.9289,-0.223379,-0.284234,1.113000,0.7391,0.409976,-0.079947,1.078000,0.9630,-0.101001,-0.219009,1.007000,0.9833,0.047183,0.055253,1.243000,0.9955,-0.143018,0.031569,1.279000,0.9940
410,13.676522,1,0.195296,-0.416472,1.303000,0.9998,-0.116103,-0.473857,1.284000,0.9994,0.327469,-0.233476,1.243000,0.9333,-0.223379,-0.284234,1.113000,0.7447,0.414920,-0.080911,1.091000,0.9657,-0.101101,-0.219226,1.008000,0.9839,0.046993,0.052991,1.238000,0.9956,-0.145123,0.029462,1.279000,0.9941
411,13.709879,1,0.195746,-0.417431,1.306000,0.9998,-0.116375,-0.474964,1.287000,0.9994,0.328260,-0.231987,1.246000,0.9355,-0.223781,-0.284745,1.115000,0.7485,0.409215,-0.074480,1.076000,0.9674,-0.101001,-0.219009,1.007000,0.9846,0.047297,0.053334,1.246000,0.9955,-0.142682,0.031495,1.276000,0.9939
412,13.743237,1,0.196195,-0.420546,1.309000,0.9998,-0.116646,-0.478197,1.290000,0.9994,0.324678,-0.232360,1.248000,0.9349,-0.223781,-0.284745,1.115000,0.7488,0.412258,-0.075034,1.084000,0.9680,-0.101302,-0.221325,1.010000,0.9849,0.049031,0.052991,1.238000,0.9954,-0.142459,0.031445,1.274000,0.9939
413,13.776594,1,0.196195,-0.422703,1.309000,0.9998,-0.116103,-0.473857,1.284000,0.9994,0.323377,-0.231429,1.243000,0.9373,-0.222978,-0.283723,1.111000,0.7521,0.409976,-0.072843,1.078000,0.9695,-0.101001,-0.219009,1.007000,0.9852,0.049150,0.053120,1.241000,0.9955,-0.143353,0.029531,1.282000,0.9940
414,13.809952,1,0.196195,-0.422703,1.309000,0.9998,-0.115922,-0.473119,1.282000,0.9994,0.323400,-0.232918,1.251000,0.9388,-0.223781,-0.284745,1.115000,0.7505,0.411231,-0.071594,1.086000,0.9707,-0.101101,-0.219226,1.008000,0.9853,0.047183,0.053205,1.243000,0.9955,-0.143018,0.029462,1.279000,0.9940
415,13.843309,1,0.196195,-0.422703,1.309000,0.9998,-0.116646,-0.476071,1.290000,0.9994,0.322107,-0.231987,1.246000,0.9401,-0.222978,-0.283723,1.111000,0.7553,0.409716,-0.071331,1.082000,0.9717,-0.101001,-0.219009,1.007000,0.9856,0.047373,0.053419,1.248000,0.9956,-0.142682,0.029393,1.276000,0.9941
416,13.876667,1,0.194846,-0.417655,1.300000,0.9998,-0.116375,-0.474964,1.287000,0.9994,0.321332,-0.231429,1.243000,0.9420,-0.224182,-0.285256,1.117000,0.7610,0.408959,-0.071199,1.080000,0.9733,-0.101101,-0.219226,1.008000,0.9860,0.047297,0.053334,1.246000,0.9957,-0.143577,0.029577,1.284000,0.9942
417,13.910024,1,0.195746,-0.419582,1.306000,0.9998,-0.116375,-0.474964,1.287000,0.9994,0.320570,-0.232360,1.248000,0.9426,-0.224583,-0.285766,1.119000,0.7630,0.407444,-0.070935,1.076000,0.9741,-0.100800,-0.218574,1.005000,0.9862,0.047107,0.053120,1.241000,0.9957,-0.145463,0.029531,1.282000,0.9942
418,13.943382,1,0.195296,-0.418618,1.303000,0.9998,-0.116375,-0.474964,1.287000,0.9994,0.320056,-0.231987,1.246000,0.9431,-0.226425,-0.285766,1.119000,0.7662,0.406687,-0.070803,1.074000,0.9744,-0.101101,-0.219226,1.008000,0.9865,0.045065,0.053120,1.241000,0.9956,-0.145690,0.029577,1.284000,0.9941
419,13.976739,1,0.195296,-0.418618,1.303000,0.9998,-0.114523,-0.476071,1.290000,0.9994,0.319286,-0.231429,1.243000,0.9445,-0.226830,-0.286277,1.121000,0.7686,0.408959,-0.071199,1.080000,0.9753,-0.101001,-0.219009,1.007000,0.9864,0.044956,0.052991,1.238000,0.9956,-0.145690,0.029577,1.284000,0.9941
420,14.010096,1,0.194846,-0.417655,1.300000,0.9998,-0.113812,-0.473119,1.282000,0.9994,0.319286,-0.231429,1.243000,0.9423,-0.227234,-0.286788,1.123000,0.7632,0.409716,-0.071331,1.082000,0.9745,-0.101101,-0.219226,1.008000,0.9859,0.045065,0.053120,1.241000,0.9956,-0.145123,0.031569,1.279000,0.9941
421,14.043454,1,0.196195,-0.420546,1.309000,0.9998,-0.114256,-0.474964,1.287000,0.9994,0.317488,-0.230125,1.236000,0.9433,-0.223781,-0.284745,1.115000,0.7646,0.408959,-0.071199,1.080000,0.9754,-0.101101,-0.219226,1.008000,0.9861,0.045065,0.053120,1.241000,0.9956,-0.145123,0.031569,1.279000,0.9941
422,14.076811,1,0.195746,-0.419582,1.306000,0.9998,-0.113990,-0.473857,1.284000,0.9994,0.318772,-0.226967,1.241000,0.9440,-0.224985,-0.286277,1.121000,0.7630,0.404165,-0.067139,1.072000,0.9760,-0.101302,-0.219661,1.010000,0.9864,0.047297,0.053334,1.246000,0.9956,-0.145690,0.031692,1.284000,0.9941
423,14.110169,1,0.195746,-0.419582,1.306000,0.9998,-0.114523,-0.476071,1.290000,0.9994,0.319286,-0.227333,1.243000,0.9440,-0.224583,-0.285766,1.119000,0.7640,0.407181,-0.067641,1.080000,0.9762,-0.101101,-0.219226,1.008000,0.9867,0.047107,0.051075,1.241000,0.9956,-0.143577,0.029577,1.284000,0.9941
424,14.143526,1,0.194846,-0.417655,1.300000,0.9998,-0.114700,-0.476809,1.292000,0.9994,0.318001,-0.224379,1.238000,0.9430,-0.226830,-0.282584,1.121000,0.7638,0.407656,-0.068016,1.086000,0.9760,-0.102964,-0.219661,1.010000,0.9869,0.047297,0.051281,1.246000,0.9956,-0.143353,0.029531,1.282000,0.9941
425,14.176884,1,0.194846,-0.417655,1.300000,0.9998,-0.114256,-0.474964,1.287000,0.9994,0.316729,-0.224923,1.241000,0.9439,-0.226830,-0.282584,1.121000,0.7642,0.402878,-0.067515,1.078000,0.9764,-0.102964,-0.219661,1.010000,0.9868,0.047183,0.051157,1.243000,0.9956,-0.143577,0.029577,1.284000,0.9942
426,14.210241,1,0.194846,-0.417655,1.300000,0.9998,-0.114256,-0.474964,1.287000,0.9994,0.315964,-0.224379,1.238000,0.9444,-0.227451,-0.281071,1.115000,0.7618,0.406989,-0.068204,1.089000,0.9768,-0.104419,-0.219226,1.008000,0.9869,0.047297,0.053334,1.246000,0.9957,-0.143353,0.033755,1.282000,0.9943
427,14.243599,1,0.194846,-0.417655,1.300000,0.9998,-0.114256,-0.474964,1.287000,0.9994,0.316729,-0.224923,1.241000,0.9454,-0.227859,-0.283415,1.117000,0.7630,0.404373,-0.067766,1.082000,0.9773,-0.106499,-0.221763,1.012000,0.9871,0.047297,0.051281,1.246000,0.9957,-0.143018,0.029462,1.279000,0.9943
428,14.276956,1,0.195296,-0.418618,1.303000,0.9998,-0.113990,-0.473857,1.284000,0.9995,0.315194,-0.225285,1.243000,0.9427,-0.228267,-0.283923,1.119000,0.7637,0.406242,-0.068079,1.087000,0.9763,-0.106499,-0.221763,1.012000,0.9873,0.047487,0.051487,1.251000,0.9957,-0.143353,0.031643,1.282000,0.9944
429,14.310314,1,0.195746,-0.419582,1.306000,0.9998,-0.114523,-0.476071,1.290000,0.9994,0.313926,-0.224379,1.238000,0.9426,-0.229083,-0.284938,1.123000,0.7636,0.406242,-0.068079,1.087000,0.9763,-0.108486,-0.222421,1.015000,0.9873,0.047373,0.051363,1.248000,0.9957,-0.143353,0.029531,1.282000,0.9943
430,14.343671,1,0.194846,-0.417655,1.300000,0.9998,-0.114700,-0.476809,1.292000,0.9994,0.315194,-0.225285,1.243000,0.9430,-0.228675,-0.282584,1.121000,0.7602,0.405941,-0.068329,1.091000,0.9765,-0.107951,-0.219661,1.010000,0.9871,0.047297,0.051281,1.246000,0.9957,-0.143353,0.031643,1.282000,0.9944
431,14.377029,1,0.195296,-0.418618,1.303000,0.9998,-0.113990,-0.473857,1.284000,0.9994,0.314687,-0.224923,1.241000,0.9439,-0.227451,-0.281071,1.115000,0.7594,0.405197,-0.068204,1.089000,0.9768,-0.108272,-0.220314,1.013000,0.9872,0.047183,0.051157,1.243000,0.9958,-0.143353,0.029531,1.282000,0.9945
432,14.410386,1,0.195296,-0.418618,1.303000,0.9998,-0.114700,-0.476809,1.292000,0.9995,0.315194,-0.225285,1.243000,0.9436,-0.228267,-0.282079,1.119000,0.7591,0.404081,-0.068016,1.086000,0.9767,-0.108165,-0.220096,1.012000,0.9873,0.047297,0.051281,1.246000,0.9957,-0.143577,0.031692,1.284000,0.9944
433,14.443743,1,0.195296,-0.418618,1.303000,0.9998,-0.114700,-0.476809,1.292000,0.9994,0.316462,-0.226192,1.248000,0.9445,-0.229491,-0.283592,1.125000,0.7631,0.405197,-0.068204,1.089000,0.9773,-0.108165,-0.220096,1.012000,0.9873,0.047373,0.051363,1.248000,0.9958,-0.145690,0.029577,1.284000,0.9945
434,14.477101,1,0.195746,-0.419582,1.306000,0.9998,-0.114523,-0.473946,1.290000,0.9994,0.316462,-0.226192,1.248000,0.9449,-0.229083,-0.283088,1.123000,0.7613,0.402293,-0.068016,1.086000,0.9776,-0.107951,-0.219661,1.010000,0.9874,0.047297,0.051281,1.246000,0.9958,-0.143353,0.029531,1.282000,0.9945
435,14.510458,1,0.194041,-0.420546,1.309000,0.9998,-0.114700,-0.474681,1.292000,0.9994,0.315194,-0.225285,1.243000,0.9430,-0.228675,-0.282584,1.121000,0.7572,0.404145,-0.068329,1.091000,0.9766,-0.110373,-0.221183,1.017000,0.9871,0.047183,0.051157,1.243000,0.9958,-0.143353,0.029531,1.282000,0.9945
436,14.543816,1,0.193596,-0.419582,1.306000,0.9998,-0.114700,-0.474681,1.292000,0.9994,0.315194,-0.225285,1.243000,0.9434,-0.228675,-0.282584,1.121000,0.7563,0.402664,-0.068079,1.087000,0.9767,-0.109831,-0.220096,1.012000,0.9869,0.047183,0.051157,1.243000,0.9959,-0.143353,0.031643,1.282000,0.9946
437,14.577173,1,0.193596,-0.419582,1.306000,0.9998,-0.114700,-0.474681,1.292000,0.9994,0.313926,-0.224379,1.238000,0.9453,-0.229083,-0.283088,1.123000,0.7572,0.401552,-0.067891,1.084000,0.9773,-0.109831,-0.218429,1.012000,0.9870,0.047183,0.049110,1.243000,0.9959,-0.143353,0.027419,1.282000,0.9946
438,14.610531,1,0.193596,-0.419582,1.306000,0.9998,-0.114700,-0.474681,1.292000,0.9994,0.313419,-0.224017,1.236000,0.9444,-0.229083,-0.283088,1.123000,0.7586,0.402293,-0.068016,1.086000,0.9771,-0.109831,-0.218429,1.012000,0.9873,0.047183,0.049110,1.243000,0.9959,-0.143353,0.029531,1.282000,0.9946
439,14.643888,1,0.193596,-0.419582,1.306000,0.9998,-0.114523,-0.473946,1.290000,0.9994,0.315955,-0.225829,1.246000,0.9440,-0.228267,-0.282079,1.119000,0.7592,0.399330,-0.067515,1.078000,0.9773,-0.109939,-0.218645,1.013000,0.9875,0.047297,0.049228,1.246000,0.9958,-0.143577,0.029577,1.284000,0.9944
440,14.677246,1,0.194041,-0.420546,1.309000,0.9998,-0.114523,-0.473946,1.290000,0.9995,0.313926,-0.224379,1.238000,0.9448,-0.228267,-0.282079,1.119000,0.7622,0.401104,-0.067515,1.078000,0.9778,-0.109831,-0.218429,1.012000,0.9877,0.047297,0.049228,1.246000,0.9958,-0.143577,0.027462,1.284000,0.9944
441,14.710603,1,0.193596,-0.419582,1.306000,0.9998,-0.114523,-0.473946,1.290000,0.9995,0.313926,-0.224379,1.238000,0.9450,-0.228675,-0.282584,1.121000,0.7628,0.399616,-0.067265,1.074000,0.9779,-0.109831,-0.218429,1.012000,0.9879,0.047183,0.049110,1.243000,0.9957,-0.143353,0.031643,1.282000,0.9943
442,14.743960,1,0.193596,-0.419582,1.306000,0.9998,-0.116646,-0.473946,1.290000,0.9995,0.315955,-0.225829,1.246000,0.9438,-0.228267,-0.280236,1.119000,0.7575,0.398500,-0.067077,1.071000,0.9774,-0.111496,-0.218429,1.012000,0.9879,0.049229,0.051157,1.243000,0.9955,-0.143018,0.031569,1.279000,0.9941
443,14.777318,1,0.193596,-0.419582,1.306000,0.9998,-0.116375,-0.472844,1.287000,0.9994,0.317240,-0.227333,1.243000,0.9447,-0.228675,-0.280737,1.121000,0.7530,0.397011,-0.068584,1.067000,0.9778,-0.111496,-0.218429,1.012000,0.9877,0.049150,0.051075,1.241000,0.9955,-0.143018,0.031569,1.279000,0.9941
444,14.810676,1,0.193151,-0.418618,1.303000,0.9998,-0.116646,-0.473946,1.290000,0.9994,0.318005,-0.227882,1.246000,0.9462,-0.228675,-0.280737,1.121000,0.7545,0.400636,-0.070671,1.072000,0.9788,-0.111496,-0.218429,1.012000,0.9881,0.049229,0.051157,1.243000,0.9956,-0.143018,0.031569,1.279000,0.9942
445,14.844033,1,0.193596,-0.419582,1.306000,0.9998,-0.116827,-0.474681,1.292000,0.9995,0.317240,-0.227333,1.243000,0.9485,-0.228675,-0.280737,1.121000,0.7614,0.394656,-0.069617,1.056000,0.9796,-0.111606,-0.218645,1.013000,0.9884,0.049427,0.051363,1.248000,0.9957,-0.145690,0.031692,1.284000,0.9943
446,14.877390,1,0.194041,-0.422703,1.309000,0.9998,-0.116646,-0.473946,1.290000,0.9994,0.319282,-0.228796,1.251000,0.9482,-0.228267,-0.280236,1.119000,0.7589,0.393662,-0.073234,1.058000,0.9797,-0.113274,-0.218645,1.013000,0.9883,0.047107,0.051075,1.241000,0.9957,-0.146371,0.029715,1.290000,0.9943
447,14.910748,1,0.194782,-0.424317,1.314000,0.9998,-0.116646,-0.473946,1.290000,0.9995,0.318516,-0.230304,1.248000,0.9466,-0.228675,-0.282584,1.121000,0.7562,0.392761,-0.077228,1.065000,0.9789,-0.113497,-0.219076,1.015000,0.9882,0.047297,0.049228,1.246000,0.9957,-0.143577,0.029577,1.284000,0.9943
448,14.944105,1,0.193596,-0.421734,1.306000,0.9998,-0.118953,-0.474681,1.292000,0.9995,0.319282,-0.230857,1.251000,0.9474,-0.228675,-0.282584,1.121000,0.7546,0.383500,-0.078167,1.054000,0.9793,-0.113274,-0.216976,1.013000,0.9883,0.046917,0.048833,1.236000,0.9958,-0.143018,0.027355,1.279000,0.9944
449,14.977463,1,0.194041,-0.422703,1.309000,0.9998,-0.118769,-0.473946,1.290000,0.9995,0.319792,-0.231226,1.253000,0.9476,-0.229083,-0.283088,1.123000,0.7561,0.385025,-0.082337,1.063000,0.9798,-0.115395,-0.217833,1.017000,0.9883,0.047183,0.051157,1.243000,0.9958,-0.143577,0.029577,1.284000,0.9944
450,15.010820,1,0.192707,-0.419796,1.300000,0.9998,-0.118769,-0.473946,1.290000,0.9995,0.320558,-0.231780,1.256000,0.9492,-0.228675,-0.282584,1.121000,0.7592,0.377219,-0.083138,1.051000,0.9807,-0.115395,-0.217833,1.017000,0.9885,0.047297,0.051281,1.246000,0.9958,-0.143577,0.029577,1.284000,0.9945
451,15.044178,1,0.194041,-0.422703,1.309000,0.9998,-0.118493,-0.472844,1.287000,0.9995,0.321834,-0.234780,1.261000,0.9494,-0.229083,-0.283088,1.123000,0.7579,0.382650,-0.086889,1.076000,0.9812,-0.115168,-0.217404,1.015000,0.9885,0.046993,0.050952,1.238000,0.9958,-0.143353,0.029531,1.282000,0.9944
452,15.077535,1,0.194041,-0.422703,1.309000,0.9998,-0.118769,-0.473946,1.290000,0.9995,0.321787,-0.236269,1.269000,0.9490,-0.229491,-0.283592,1.125000,0.7578,0.381222,-0.087373,1.082000,0.9810,-0.115395,-0.216157,1.017000,0.9880,0.047297,0.051281,1.246000,0.9958,-0.143353,0.029531,1.282000,0.9945
453,15.110893,1,0.191447,-0.421734,1.306000,0.9998,-0.118769,-0.473946,1.290000,0.9995,0.319698,-0.236269,1.269000,0.9511,-0.228675,-0.280737,1.121000,0.7571,0.388480,-0.091710,1.113000,0.9819,-0.115395,-0.216157,1.017000,0.9881,0.047107,0.049031,1.241000,0.9958,-0.143577,0.029577,1.284000,0.9945
454,15.144250,1,0.191447,-0.421734,1.306000,0.9998,-0.118953,-0.474681,1.292000,0.9995,0.318110,-0.236642,1.271000,0.9527,-0.229083,-0.281238,1.123000,0.7624,0.385737,-0.094216,1.121000,0.9826,-0.115168,-0.215732,1.015000,0.9882,0.049150,0.049031,1.241000,0.9959,-0.141243,0.029531,1.282000,0.9946
455,15.177607,1,0.191007,-0.420765,1.303000,0.9999,-0.118953,-0.474681,1.292000,0.9995,0.316018,-0.238736,1.271000,0.9560,-0.229491,-0.281739,1.125000,0.7727,0.380684,-0.093880,1.117000,0.9838,-0.117069,-0.216157,1.017000,0.9886,0.049150,0.046986,1.241000,0.9961,-0.140582,0.029393,1.276000,0.9948
456,15.210965,1,0.190274,-0.419150,1.298000,0.9999,-0.118769,-0.473946,1.290000,0.9995,0.317261,-0.239675,1.276000,0.9574,-0.228675,-0.280737,1.121000,0.7767,0.382407,-0.095225,1.133000,0.9846,-0.116839,-0.215732,1.015000,0.9888,0.049348,0.049228,1.246000,0.9961,-0.142682,0.029393,1.276000,0.9948
457,15.244322,1,0.191886,-0.422703,1.309000,0.9999,-0.118217,-0.469627,1.284000,0.9995,0.314667,-0.239299,1.274000,0.9580,-0.228675,-0.280737,1.121000,0.7789,0.380683,-0.095729,1.139000,0.9850,-0.116608,-0.215307,1.013000,0.9886,0.049229,0.049110,1.243000,0.9961,-0.143018,0.029462,1.279000,0.9948
458,15.277680,1,0.191447,-0.421734,1.306000,0.9999,-0.118769,-0.471821,1.290000,0.9995,0.315161,-0.237573,1.276000,0.9574,-0.229083,-0.279388,1.123000,0.7765,0.375610,-0.095393,1.135000,0.9850,-0.116493,-0.215095,1.012000,0.9884,0.049348,0.049228,1.246000,0.9962,-0.143353,0.029531,1.282000,0.9948
459,15.311037,1,0.191447,-0.421734,1.306000,0.9999,-0.118769,-0.471821,1.290000,0.9995,0.318007,-0.238131,1.279000,0.9587,-0.227859,-0.276055,1.117000,0.7799,0.371873,-0.095393,1.135000,0.9856,-0.116839,-0.215732,1.015000,0.9887,0.049150,0.049031,1.241000,0.9961,-0.143353,0.029531,1.282000,0.9948
460,15.344395,1,0.192180,-0.423348,1.311000,0.9999,-0.118217,-0.469627,1.284000,0.9995,0.318007,-0.238131,1.279000,0.9589,-0.228267,-0.276549,1.119000,0.7818,0.373265,-0.096233,1.145000,0.9855,-0.116839,-0.214060,1.015000,0.9887,0.049348,0.049228,1.246000,0.9961,-0.142682,0.029393,1.276000,0.9947
461,15.377752,1,0.190274,-0.419150,1.298000,0.9999,-0.121080,-0.472553,1.292000,0.9995,0.318007,-0.238131,1.279000,0.9606,-0.232165,-0.279021,1.129000,0.7874,0.373002,-0.094759,1.150000,0.9862,-0.117069,-0.214482,1.017000,0.9889,0.049031,0.048912,1.238000,0.9961,-0.142682,0.029393,1.276000,0.9947
462,15.411110,1,0.191007,-0.420765,1.303000,0.9999,-0.121080,-0.472553,1.292000,0.9995,0.320863,-0.238690,1.282000,0.9616,-0.230931,-0.277538,1.123000,0.7884,0.373046,-0.091444,1.156000,0.9865,-0.116608,-0.213638,1.013000,0.9890,0.047373,0.049307,1.248000,0.9961,-0.143353,0.027419,1.282000,0.9946
463,15.444467,1,0.191886,-0.420546,1.309000,0.9999,-0.120892,-0.471821,1.290000,0.9995,0.320863,-0.238690,1.282000,0.9618,-0.231343,-0.278032,1.125000,0.7907,0.373046,-0.089540,1.156000,0.9867,-0.116608,-0.213638,1.013000,0.9895,0.047297,0.049228,1.246000,0.9961,-0.143353,0.033755,1.282000,0.9946
464,15.477824,1,0.191886,-0.420546,1.309000,0.9999,-0.120892,-0.471821,1.290000,0.9995,0.320863,-0.236578,1.282000,0.9623,-0.231754,-0.278526,1.127000,0.7870,0.372427,-0.086028,1.160000,0.9868,-0.116493,-0.213427,1.012000,0.9896,0.051605,0.051487,1.251000,0.9960,-0.143577,0.033807,1.284000,0.9945
465,15.511182,1,0.191447,-0.421734,1.306000,0.9999,-0.120892,-0.471821,1.290000,0.9995,0.321364,-0.236947,1.284000,0.9639,-0.231754,-0.278526,1.127000,0.7863,0.372427,-0.082206,1.160000,0.9874,-0.118743,-0.214482,1.017000,0.9898,0.055723,0.047365,1.251000,0.9960,-0.140913,0.029462,1.279000,0.9946
466,15.544539,1,0.191447,-0.421734,1.306000,0.9999,-0.121080,-0.472553,1.292000,0.9995,0.320863,-0.236578,1.282000,0.9652,-0.231343,-0.278032,1.125000,0.7884,0.374675,-0.080779,1.167000,0.9877,-0.119943,-0.211969,1.013000,0.9899,0.057643,0.043139,1.248000,0.9960,-0.131974,0.023050,1.274000,0.9946
467,15.577897,1,0.191007,-0.420765,1.303000,0.9999,-0.121080,-0.472553,1.292000,0.9995,0.320863,-0.234466,1.282000,0.9662,-0.232165,-0.279021,1.129000,0.7893,0.374033,-0.078722,1.165000,0.9881,-0.119588,-0.209678,1.010000,0.9902,0.057874,0.041248,1.253000,0.9960,-0.129572,0.018808,1.271000,0.9946
468,15.611254,1,0.191447,-0.421734,1.306000,0.9999,-0.121361,-0.473650,1.295000,0.9996,0.321364,-0.234832,1.284000,0.9674,-0.232165,-0.279021,1.129000,0.7884,0.368602,-0.076077,1.154000,0.9885,-0.119351,-0.209263,1.008000,0.9905,0.057874,0.041248,1.253000,0.9960,-0.129877,0.018853,1.274000,0.9946
469,15.644612,1,0.188862,-0.420765,1.303000,0.9999,-0.120611,-0.468604,1.287000,0.9995,0.320863,-0.232354,1.282000,0.9678,-0.232165,-0.279021,1.129000,0.7861,0.370518,-0.076473,1.160000,0.9886,-0.119825,-0.208426,1.012000,0.9903,0.059937,0.039184,1.253000,0.9960,-0.127279,0.016688,1.269000,0.9946
470,15.677969,1,0.188862,-0.420765,1.303000,0.9999,-0.120892,-0.469696,1.290000,0.9995,0.321364,-0.232716,1.284000,0.9682,-0.231343,-0.276179,1.125000,0.7832,0.368280,-0.076803,1.165000,0.9885,-0.119825,-0.208426,1.012000,0.9901,0.059841,0.037060,1.251000,0.9960,-0.125190,0.014598,1.269000,0.9946
471,15.711326,1,0.188427,-0.419796,1.300000,0.9999,-0.120892,-0.469696,1.290000,0.9995,0.320863,-0.230242,1.282000,0.9683,-0.232576,-0.277652,1.131000,0.7784,0.368912,-0.075012,1.167000,0.9884,-0.119825,-0.206759,1.012000,0.9900,0.059841,0.037060,1.251000,0.9961,-0.122811,0.012477,1.266000,0.9947
472,15.744684,1,0.189297,-0.421734,1.306000,0.9999,-0.120892,-0.467571,1.290000,0.9995,0.320863,-0.230242,1.282000,0.9685,-0.232165,-0.277161,1.129000,0.7781,0.368280,-0.072964,1.165000,0.9882,-0.119825,-0.206759,1.012000,0.9899,0.059841,0.037060,1.251000,0.9961,-0.118456,0.012458,1.264000,0.9947
473,15.778041,1,0.189297,-0.421734,1.306000,0.9999,-0.120611,-0.466483,1.287000,0.9995,0.318007,-0.229703,1.279000,0.9678,-0.232165,-0.277161,1.129000,0.7766,0.366363,-0.071045,1.165000,0.9880,-0.118159,-0.206759,1.012000,0.9896,0.061752,0.034916,1.248000,0.9960,-0.117893,0.012399,1.258000,0.9947
474,15.811399,1,0.189732,-0.422703,1.309000,0.9999,-0.120892,-0.467571,1.290000,0.9995,0.319250,-0.230601,1.284000,0.9690,-0.231754,-0.276670,1.127000,0.7801,0.366363,-0.071045,1.165000,0.9883,-0.118276,-0.206963,1.013000,0.9899,0.061999,0.035055,1.253000,0.9962,-0.118456,0.008293,1.264000,0.9948
475,15.844756,1,0.190457,-0.422152,1.314000,0.9999,-0.120611,-0.466483,1.287000,0.9995,0.318753,-0.228130,1.282000,0.9695,-0.232165,-0.275301,1.129000,0.7789,0.366992,-0.069244,1.167000,0.9884,-0.118159,-0.205091,1.012000,0.9901,0.059698,0.034916,1.248000,0.9962,-0.118643,0.010392,1.266000,0.9949
476,15.878113,1,0.189732,-0.420546,1.309000,0.9999,-0.120143,-0.464671,1.282000,0.9995,0.319250,-0.226371,1.284000,0.9698,-0.231754,-0.274813,1.127000,0.7799,0.365435,-0.066687,1.156000,0.9883,-0.118276,-0.205294,1.013000,0.9901,0.059841,0.034999,1.251000,0.9962,-0.120727,0.010392,1.266000,0.9949
477,15.911471,1,0.190457,-0.422152,1.314000,0.9999,-0.120892,-0.467571,1.290000,0.9995,0.319250,-0.224255,1.284000,0.9702,-0.234438,-0.273925,1.131000,0.7813,0.363532,-0.066687,1.156000,0.9883,-0.118509,-0.204027,1.015000,0.9902,0.059937,0.035055,1.253000,0.9962,-0.121013,0.010416,1.269000,0.9949
478,15.944828,1,0.189732,-0.420546,1.309000,0.9999,-0.120330,-0.463281,1.284000,0.9995,0.318753,-0.223906,1.282000,0.9705,-0.234023,-0.273441,1.129000,0.7815,0.363532,-0.066687,1.156000,0.9884,-0.118276,-0.201956,1.013000,0.9901,0.060080,0.035139,1.256000,0.9963,-0.121013,0.010416,1.269000,0.9950
479,15.978186,1,0.189297,-0.417431,1.306000,0.9999,-0.120611,-0.462243,1.287000,0.9995,0.318007,-0.223382,1.279000,0.9710,-0.234438,-0.272062,1.131000,0.7830,0.364790,-0.066918,1.160000,0.9885,-0.118509,-0.202355,1.015000,0.9900,0.060080,0.035139,1.256000,0.9963,-0.120536,0.010375,1.264000,0.9951
480,16.011543,1,0.189732,-0.418390,1.309000,0.9999,-0.120611,-0.462243,1.287000,0.9995,0.319250,-0.224255,1.284000,0.9717,-0.234023,-0.271581,1.129000,0.7863,0.365419,-0.067033,1.162000,0.9887,-0.118743,-0.202754,1.017000,0.9902,0.061900,0.034999,1.251000,0.9963,-0.120727,0.012477,1.266000,0.9951
481,16.044900,1,0.189732,-0.418390,1.309000,0.9999,-0.120330,-0.461165,1.284000,0.9995,0.317137,-0.226371,1.284000,0.9704,-0.231343,-0.268765,1.125000,0.7826,0.363532,-0.064783,1.156000,0.9882,-0.118743,-0.202754,1.017000,0.9900,0.059841,0.037060,1.251000,0.9963,-0.120727,0.014563,1.266000,0.9950
482,16.078258,1,0.188862,-0.416472,1.303000,0.9999,-0.122729,-0.462243,1.287000,0.9995,0.319250,-0.224255,1.284000,0.9717,-0.231754,-0.269243,1.127000,0.7856,0.364790,-0.065007,1.160000,0.9889,-0.117069,-0.202754,1.017000,0.9903,0.060319,0.039434,1.261000,0.9964,-0.123102,0.014598,1.269000,0.9951
483,16.111615,1,0.190457,-0.419988,1.314000,0.9999,-0.122729,-0.462243,1.287000,0.9995,0.319996,-0.224779,1.287000,0.9722,-0.231754,-0.269243,1.127000,0.7893,0.364790,-0.065007,1.160000,0.9891,-0.116839,-0.202355,1.015000,0.9904,0.059937,0.037120,1.253000,0.9964,-0.125684,0.014655,1.274000,0.9951
484,16.144973,1,0.189297,-0.417431,1.306000,0.9999,-0.122729,-0.462243,1.287000,0.9995,0.319250,-0.222140,1.284000,0.9730,-0.231754,-0.269243,1.127000,0.7913,0.361630,-0.062878,1.156000,0.9894,-0.117069,-0.202754,1.017000,0.9905,0.059458,0.038871,1.243000,0.9964,-0.124697,0.016622,1.264000,0.9950
485,16.178330,1,0.189297,-0.419582,1.306000,0.9999,-0.122729,-0.462243,1.287000,0.9995,0.319996,-0.222659,1.287000,0.9735,-0.231343,-0.266912,1.125000,0.7943,0.361004,-0.062770,1.154000,0.9895,-0.116608,-0.200288,1.013000,0.9906,0.059841,0.037060,1.251000,0.9964,-0.122617,0.016622,1.264000,0.9950
486,16.211688,1,0.189297,-0.417431,1.306000,0.9999,-0.122443,-0.461165,1.284000,0.9995,0.318007,-0.221275,1.279000,0.9737,-0.231754,-0.267386,1.127000,0.7919,0.361630,-0.062878,1.156000,0.9896,-0.116493,-0.200090,1.012000,0.9907,0.057782,0.039121,1.251000,0.9964,-0.125388,0.016714,1.271000,0.9950
487,16.245045,1,0.190457,-0.419988,1.314000,0.9999,-0.122729,-0.462243,1.287000,0.9995,0.319250,-0.222140,1.284000,0.9742,-0.231343,-0.266912,1.125000,0.7916,0.360378,-0.060763,1.152000,0.9899,-0.116839,-0.202355,1.015000,0.9909,0.055500,0.038965,1.246000,0.9964,-0.126978,0.016649,1.266000,0.9950
488,16.278402,1,0.188862,-0.416472,1.303000,0.9999,-0.122729,-0.462243,1.287000,0.9995,0.318753,-0.221794,1.282000,0.9746,-0.230931,-0.266437,1.123000,0.7893,0.362255,-0.062987,1.158000,0.9902,-0.116839,-0.202355,1.015000,0.9909,0.055812,0.039184,1.253000,0.9964,-0.127279,0.018779,1.269000,0.9949
489,16.311760,1,0.189732,-0.418390,1.309000,0.9999,-0.122443,-0.461165,1.284000,0.9995,0.318753,-0.221794,1.282000,0.9755,-0.230931,-0.266437,1.123000,0.7938,0.361630,-0.062878,1.156000,0.9905,-0.116493,-0.201757,1.012000,0.9908,0.055723,0.039121,1.251000,0.9964,-0.127480,0.016714,1.271000,0.9949
490,16.345117,1,0.188862,-0.414325,1.303000,0.9999,-0.122729,-0.462243,1.287000,0.9995,0.320863,-0.221794,1.282000,0.9759,-0.230931,-0.266437,1.123000,0.7961,0.362255,-0.062987,1.158000,0.9908,-0.116608,-0.201956,1.013000,0.9910,0.055812,0.039184,1.253000,0.9963,-0.127279,0.022960,1.269000,0.9948
491,16.378475,1,0.189732,-0.416233,1.309000,0.9999,-0.124557,-0.461165,1.284000,0.9995,0.320863,-0.221794,1.282000,0.9768,-0.231343,-0.266912,1.125000,0.8016,0.362255,-0.061079,1.158000,0.9912,-0.116263,-0.201358,1.010000,0.9913,0.057874,0.041248,1.253000,0.9963,-0.126777,0.022869,1.264000,0.9948
492,16.411832,1,0.189732,-0.418390,1.309000,0.9999,-0.125139,-0.465446,1.290000,0.9996,0.320863,-0.221794,1.282000,0.9775,-0.230931,-0.266437,1.123000,0.8034,0.358814,-0.058610,1.147000,0.9914,-0.117069,-0.202754,1.017000,0.9915,0.057782,0.041182,1.251000,0.9964,-0.126978,0.020820,1.266000,0.9949
493,16.445190,1,0.189297,-0.417431,1.306000,0.9999,-0.124848,-0.462243,1.287000,0.9996,0.318753,-0.221794,1.282000,0.9770,-0.231343,-0.266912,1.125000,0.7997,0.359105,-0.058967,1.154000,0.9914,-0.116608,-0.201956,1.013000,0.9914,0.059937,0.043312,1.253000,0.9963,-0.127981,0.020984,1.276000,0.9948
494,16.478547,1,0.188294,-0.422152,1.314000,0.9999,-0.124557,-0.461165,1.284000,0.9996,0.315902,-0.223382,1.279000,0.9771,-0.230931,-0.266437,1.123000,0.8054,0.359105,-0.058967,1.154000,0.9913,-0.116493,-0.201757,1.012000,0.9916,0.059602,0.043070,1.246000,0.9964,-0.126777,0.020787,1.264000,0.9949
495,16.511905,1,0.188862,-0.416472,1.303000,0.9999,-0.124363,-0.460447,1.282000,0.9996,0.318753,-0.223906,1.282000,0.9778,-0.230931,-0.266437,1.123000,0.8015,0.356926,-0.056720,1.147000,0.9916,-0.116493,-0.201757,1.012000,0.9917,0.059937,0.043312,1.253000,0.9964,-0.127279,0.020869,1.269000,0.9950
496,16.545262,1,0.188862,-0.418618,1.303000,0.9999,-0.124072,-0.459370,1.279000,0.9996,0.318753,-0.223906,1.282000,0.9775,-0.230931,-0.266437,1.123000,0.8017,0.357860,-0.056868,1.150000,0.9914,-0.118159,-0.201757,1.012000,0.9915,0.059937,0.043312,1.253000,0.9964,-0.126978,0.020820,1.266000,0.9950
497,16.578620,1,0.190457,-0.422152,1.314000,0.9999,-0.124072,-0.459370,1.279000,0.9996,0.317261,-0.222858,1.276000,0.9772,-0.230931,-0.266437,1.123000,0.7975,0.357860,-0.056868,1.150000,0.9913,-0.117925,-0.201358,1.010000,0.9913,0.060176,0.043485,1.258000,0.9964,-0.127279,0.020869,1.269000,0.9949
498,16.611977,1,0.190022,-0.419029,1.311000,0.9999,-0.124072,-0.459370,1.279000,0.9996,0.318753,-0.223906,1.282000,0.9773,-0.230520,-0.264116,1.121000,0.7961,0.355682,-0.056522,1.143000,0.9914,-0.117925,-0.201358,1.010000,0.9914,0.059841,0.045304,1.251000,0.9965,-0.130081,0.027291,1.276000,0.9950
499,16.645335,1,0.186718,-0.418618,1.303000,0.9999,-0.126473,-0.460447,1.282000,0.9996,0.318753,-0.223906,1.282000,0.9778,-0.230520,-0.264116,1.121000,0.8034,0.356926,-0.056720,1.147000,0.9915,-0.118159,-0.201757,1.012000,0.9915,0.059937,0.045376,1.253000,0.9965,-0.129877,0.027248,1.274000,0.9951
500,16.678692,1,0.187577,-0.420546,1.309000,0.9999,-0.126473,-0.460447,1.282000,0.9996,0.320112,-0.223382,1.279000,0.9781,-0.230520,-0.265963,1.121000,0.8019,0.360972,-0.057363,1.160000,0.9915,-0.118159,-0.201757,1.012000,0.9916,0.060319,0.045666,1.261000,0.9965,-0.127279,0.025050,1.269000,0.9951
501,16.712050,1,0.185571,-0.416048,1.295000,0.9999,-0.126473,-0.460447,1.282000,0.9996,0.320863,-0.223906,1.282000,0.9776,-0.231754,-0.267386,1.127000,0.8014,0.359105,-0.057066,1.154000,0.9912,-0.117692,-0.199299,1.008000,0.9916,0.062148,0.045485,1.256000,0.9965,-0.127279,0.020869,1.269000,0.9952
502,16.745407,1,0.186718,-0.418618,1.303000,0.9999,-0.126670,-0.461165,1.284000,0.9996,0.319362,-0.222858,1.276000,0.9775,-0.230520,-0.265963,1.121000,0.8031,0.357860,-0.056868,1.150000,0.9911,-0.117692,-0.199299,1.008000,0.9916,0.061999,0.041248,1.253000,0.9966,-0.125684,0.018853,1.274000,0.9953
503,16.778765,1,0.186288,-0.417655,1.300000,0.9999,-0.126473,-0.460447,1.282000,0.9996,0.317261,-0.224960,1.276000,0.9773,-0.233609,-0.267386,1.127000,0.8012,0.359105,-0.058967,1.154000,0.9910,-0.117692,-0.199299,1.008000,0.9918,0.061999,0.041248,1.253000,0.9966,-0.125388,0.018808,1.271000,0.9953
504,16.812122,1,0.185571,-0.416048,1.295000,0.9999,-0.126670,-0.461165,1.284000,0.9996,0.318007,-0.225489,1.279000,0.9779,-0.231343,-0.266912,1.125000,0.8024,0.356926,-0.058610,1.147000,0.9913,-0.117342,-0.198706,1.005000,0.9920,0.061752,0.041083,1.248000,0.9966,-0.123102,0.016688,1.269000,0.9953
505,16.845479,1,0.187864,-0.421189,1.311000,0.9999,-0.126670,-0.461165,1.284000,0.9996,0.318753,-0.228130,1.282000,0.9781,-0.233194,-0.266912,1.125000,0.8015,0.359105,-0.062770,1.154000,0.9913,-0.117342,-0.198706,1.005000,0.9920,0.061999,0.039184,1.253000,0.9966,-0.123296,0.016714,1.271000,0.9953
506,16.878837,1,0.187147,-0.421734,1.306000,0.9999,-0.126670,-0.461165,1.284000,0.9996,0.318753,-0.228130,1.282000,0.9765,-0.235046,-0.266912,1.125000,0.7942,0.359105,-0.062770,1.154000,0.9907,-0.117342,-0.198706,1.005000,0.9918,0.061999,0.041248,1.253000,0.9965,-0.122811,0.018734,1.266000,0.9952
507,16.912195,1,0.187577,-0.422703,1.309000,0.9999,-0.126473,-0.460447,1.282000,0.9996,0.318753,-0.228130,1.282000,0.9764,-0.232780,-0.268287,1.123000,0.7952,0.361594,-0.063205,1.162000,0.9907,-0.119233,-0.199101,1.007000,0.9919,0.061653,0.041018,1.246000,0.9965,-0.123102,0.016688,1.269000,0.9952
508,16.945552,1,0.189732,-0.420546,1.309000,0.9999,-0.126670,-0.461165,1.284000,0.9996,0.321364,-0.228486,1.284000,0.9769,-0.233194,-0.268765,1.125000,0.7962,0.360349,-0.062987,1.158000,0.9909,-0.119233,-0.199101,1.007000,0.9919,0.064624,0.041610,1.264000,0.9965,-0.120536,0.016622,1.264000,0.9952
509,16.978910,1,0.189297,-0.419582,1.306000,0.9999,-0.126473,-0.460447,1.282000,0.9996,0.320863,-0.228130,1.282000,0.9767,-0.232780,-0.268287,1.123000,0.7950,0.361004,-0.062770,1.154000,0.9908,-0.119825,-0.201757,1.012000,0.9919,0.064215,0.041347,1.256000,0.9965,-0.120727,0.016649,1.266000,0.9952
510,17.012267,1,0.188294,-0.422152,1.314000,0.9999,-0.126670,-0.461165,1.284000,0.9996,0.320112,-0.227596,1.279000,0.9761,-0.234628,-0.268287,1.123000,0.7964,0.359753,-0.062552,1.150000,0.9907,-0.119588,-0.201358,1.010000,0.9920,0.064215,0.041347,1.256000,0.9964,-0.121013,0.016688,1.269000,0.9951
511,17.045625,1,0.186288,-0.417655,1.300000,0.9999,-0.126473,-0.460447,1.282000,0.9996,0.320112,-0.227596,1.279000,0.9757,-0.233194,-0.268765,1.125000,0.7935,0.359753,-0.062552,1.150000,0.9907,-0.119588,-0.201358,1.010000,0.9918,0.064317,0.041413,1.258000,0.9964,-0.120536,0.016622,1.264000,0.9951
512,17.078982,1,0.189297,-0.419582,1.306000,0.9999,-0.126966,-0.462243,1.287000,0.9996,0.321462,-0.227062,1.276000,0.9765,-0.233194,-0.268765,1.125000,0.7902,0.361004,-0.062770,1.154000,0.9910,-0.119351,-0.200960,1.008000,0.9917,0.061999,0.041248,1.253000,0.9964,-0.122811,0.016649,1.266000,0.9951
513,17.112340,1,0.186288,-0.417655,1.300000,0.9999,-0.126966,-0.464363,1.287000,0.9996,0.322217,-0.227596,1.279000,0.9771,-0.233609,-0.269243,1.127000,0.7982,0.361004,-0.062770,1.154000,0.9912,-0.119351,-0.200960,1.008000,0.9919,0.062148,0.039278,1.256000,0.9964,-0.122811,0.016649,1.266000,0.9951
514,17.145697,1,0.187577,-0.420546,1.309000,0.9999,-0.126966,-0.464363,1.287000,0.9996,0.321462,-0.227062,1.276000,0.9775,-0.230109,-0.269175,1.119000,0.7982,0.359753,-0.062552,1.150000,0.9914,-0.119825,-0.203424,1.012000,0.9920,0.064624,0.039528,1.264000,0.9965,-0.122811,0.012477,1.266000,0.9952
515,17.179055,1,0.187577,-0.420546,1.309000,0.9999,-0.126966,-0.464363,1.287000,0.9996,0.320863,-0.228130,1.282000,0.9769,-0.232780,-0.270138,1.123000,0.7982,0.361630,-0.064783,1.156000,0.9910,-0.119825,-0.203424,1.012000,0.9917,0.064317,0.037268,1.258000,0.9965,-0.118643,0.012477,1.266000,0.9953
516,17.212412,1,0.187577,-0.420546,1.309000,0.9999,-0.126966,-0.464363,1.287000,0.9996,0.321364,-0.228486,1.284000,0.9758,-0.234023,-0.271581,1.129000,0.8027,0.359753,-0.066341,1.150000,0.9904,-0.119825,-0.203424,1.012000,0.9920,0.064215,0.035139,1.256000,0.9965,-0.118643,0.008306,1.266000,0.9953
517,17.245770,1,0.186288,-0.417655,1.300000,0.9999,-0.126966,-0.464363,1.287000,0.9996,0.320863,-0.228130,1.282000,0.9754,-0.232365,-0.269656,1.121000,0.8067,0.357563,-0.065937,1.143000,0.9899,-0.119588,-0.203022,1.010000,0.9923,0.062148,0.033070,1.256000,0.9966,-0.118643,0.006221,1.266000,0.9955
518,17.279127,1,0.187577,-0.420546,1.309000,0.9999,-0.124848,-0.464363,1.287000,0.9996,0.320112,-0.227596,1.279000,0.9752,-0.234628,-0.268287,1.123000,0.8053,0.361646,-0.064447,1.150000,0.9898,-0.119588,-0.203022,1.010000,0.9922,0.062246,0.033123,1.258000,0.9966,-0.118924,0.008326,1.269000,0.9955
519,17.312485,1,0.187577,-0.420546,1.309000,0.9999,-0.124848,-0.464363,1.287000,0.9996,0.319362,-0.227062,1.276000,0.9749,-0.235046,-0.270619,1.125000,0.8034,0.360702,-0.064278,1.147000,0.9896,-0.119825,-0.203424,1.012000,0.9920,0.062148,0.033070,1.256000,0.9966,-0.118643,0.012477,1.266000,0.9954
520,17.345842,1,0.187147,-0.419582,1.306000,0.9999,-0.124848,-0.464363,1.287000,0.9996,0.319362,-0.227062,1.276000,0.9749,-0.236299,-0.272062,1.131000,0.8029,0.360702,-0.064278,1.147000,0.9898,-0.119825,-0.203424,1.012000,0.9921,0.063806,0.034916,1.248000,0.9965,-0.118456,0.012458,1.264000,0.9953
521,17.379199,1,0.187147,-0.419582,1.306000,0.9999,-0.126670,-0.463281,1.284000,0.9996,0.319362,-0.227062,1.276000,0.9755,-0.235046,-0.270619,1.125000,0.8045,0.362274,-0.064559,1.152000,0.9901,-0.118996,-0.200362,1.005000,0.9922,0.061999,0.035055,1.253000,0.9965,-0.118456,0.012458,1.264000,0.9953
522,17.412557,1,0.187147,-0.419582,1.306000,0.9999,-0.126966,-0.464363,1.287000,0.9996,0.319362,-0.227062,1.276000,0.9753,-0.235046,-0.270619,1.125000,0.8048,0.359753,-0.064447,1.150000,0.9901,-0.121010,-0.200960,1.008000,0.9921,0.061752,0.034916,1.248000,0.9965,-0.121013,0.012507,1.269000,0.9953
523,17.445914,1,0.185571,-0.416048,1.295000,0.9999,-0.126473,-0.462559,1.282000,0.9996,0.319362,-0.227062,1.276000,0.9760,-0.235464,-0.271100,1.127000,0.8025,0.358189,-0.064166,1.145000,0.9905,-0.120890,-0.200760,1.007000,0.9923,0.059602,0.034860,1.246000,0.9965,-0.121013,0.012507,1.269000,0.9953
524,17.479272,1,0.186288,-0.417655,1.300000,0.9999,-0.126966,-0.464363,1.287000,0.9996,0.320958,-0.226706,1.274000,0.9763,-0.233374,-0.268694,1.117000,0.8015,0.356937,-0.063942,1.141000,0.9907,-0.123835,-0.200162,1.004000,0.9924,0.059698,0.032860,1.248000,0.9965,-0.118643,0.010392,1.266000,0.9954
525,17.512629,1,0.186288,-0.417655,1.300000,0.9999,-0.126473,-0.462559,1.282000,0.9996,0.320112,-0.227596,1.279000,0.9754,-0.234210,-0.267810,1.121000,0.8013,0.357563,-0.064054,1.143000,0.9902,-0.125487,-0.198508,1.004000,0.9926,0.060080,0.033070,1.256000,0.9965,-0.118643,0.010392,1.266000,0.9954
526,17.545987,1,0.185571,-0.416048,1.295000,0.9999,-0.126670,-0.463281,1.284000,0.9996,0.320112,-0.227596,1.279000,0.9757,-0.236476,-0.268287,1.123000,0.8039,0.360378,-0.064559,1.152000,0.9904,-0.126507,-0.197520,0.999000,0.9928,0.057782,0.034999,1.251000,0.9965,-0.118924,0.010416,1.269000,0.9953
527,17.579344,1,0.187147,-0.419582,1.306000,0.9999,-0.126966,-0.464363,1.287000,0.9996,0.319362,-0.227062,1.276000,0.9760,-0.235634,-0.267332,1.119000,0.8004,0.358814,-0.066168,1.147000,0.9906,-0.128151,-0.197520,0.999000,0.9927,0.057874,0.035055,1.253000,0.9965,-0.121013,0.014598,1.269000,0.9953
528,17.612701,1,0.186001,-0.417012,1.298000,0.9999,-0.126966,-0.464363,1.287000,0.9996,0.319362,-0.227062,1.276000,0.9756,-0.234792,-0.266376,1.115000,0.7987,0.355686,-0.063718,1.137000,0.9907,-0.130185,-0.198113,1.002000,0.9926,0.058013,0.039278,1.256000,0.9965,-0.123296,0.016714,1.271000,0.9953
529,17.646059,1,0.185571,-0.418182,1.295000,0.9999,-0.126966,-0.464363,1.287000,0.9996,0.319362,-0.227062,1.276000,0.9764,-0.236476,-0.268287,1.123000,0.8057,0.356312,-0.061954,1.139000,0.9909,-0.131571,-0.197717,1.000000,0.9929,0.060176,0.039340,1.258000,0.9966,-0.123296,0.016714,1.271000,0.9955
530,17.679416,1,0.187147,-0.421734,1.306000,0.9999,-0.128783,-0.463281,1.284000,0.9996,0.318861,-0.226706,1.274000,0.9761,-0.234792,-0.266376,1.115000,0.8081,0.358189,-0.064166,1.145000,0.9906,-0.131176,-0.195482,0.997000,0.9929,0.060080,0.039278,1.256000,0.9967,-0.123102,0.016688,1.269000,0.9956
531,17.712774,1,0.186288,-0.417655,1.300000,0.9999,-0.129385,-0.465446,1.290000,0.9996,0.318861,-0.226706,1.274000,0.9765,-0.236476,-0.268287,1.123000,0.8092,0.355060,-0.063606,1.135000,0.9910,-0.132418,-0.193256,0.994000,0.9932,0.060176,0.037268,1.258000,0.9967,-0.122811,0.014563,1.266000,0.9957
532,17.746131,1,0.184148,-0.417655,1.300000,0.9999,-0.129385,-0.465446,1.290000,0.9997,0.318861,-0.226706,1.274000,0.9767,-0.237051,-0.263174,1.117000,0.8126,0.355686,-0.063718,1.137000,0.9911,-0.134324,-0.193645,0.996000,0.9935,0.060176,0.037268,1.258000,0.9966,-0.123296,0.014621,1.271000,0.9955
533,17.779488,1,0.184148,-0.417655,1.300000,0.9999,-0.129385,-0.465446,1.290000,0.9997,0.317610,-0.227907,1.269000,0.9771,-0.235354,-0.261289,1.109000,0.8109,0.355686,-0.063718,1.137000,0.9913,-0.135963,-0.193645,0.996000,0.9935,0.062148,0.037209,1.256000,0.9966,-0.120727,0.014563,1.266000,0.9955
534,17.812846,1,0.184148,-0.417655,1.300000,0.9999,-0.129385,-0.463320,1.290000,0.9997,0.316358,-0.227009,1.264000,0.9763,-0.238890,-0.261334,1.117000,0.8067,0.355060,-0.063606,1.135000,0.9911,-0.135417,-0.191233,0.992000,0.9936,0.062246,0.039340,1.258000,0.9965,-0.121013,0.018779,1.269000,0.9954
535,17.846203,1,0.184998,-0.419582,1.306000,0.9999,-0.129385,-0.463320,1.290000,0.9997,0.316358,-0.227009,1.264000,0.9766,-0.238462,-0.260866,1.115000,0.8055,0.354435,-0.063494,1.133000,0.9913,-0.135417,-0.191233,0.992000,0.9935,0.062395,0.041511,1.261000,0.9965,-0.123781,0.018882,1.276000,0.9954
536,17.879561,1,0.183865,-0.417012,1.298000,0.9999,-0.129586,-0.464039,1.292000,0.9997,0.313104,-0.224674,1.251000,0.9763,-0.238462,-0.259029,1.115000,0.8071,0.353155,-0.064783,1.123000,0.9912,-0.136912,-0.191040,0.991000,0.9937,0.062395,0.043589,1.261000,0.9965,-0.123296,0.020902,1.271000,0.9954
537,17.912918,1,0.184998,-0.419582,1.306000,0.9999,-0.129385,-0.463320,1.290000,0.9997,0.311045,-0.224674,1.251000,0.9751,-0.238462,-0.259029,1.115000,0.8032,0.353155,-0.064783,1.123000,0.9906,-0.137326,-0.191618,0.994000,0.9934,0.062543,0.045775,1.264000,0.9966,-0.123296,0.020902,1.271000,0.9955
538,17.946275,1,0.184148,-0.417655,1.300000,0.9999,-0.131712,-0.464039,1.292000,0.9997,0.311045,-0.224674,1.251000,0.9746,-0.238034,-0.258564,1.113000,0.8023,0.350639,-0.062485,1.115000,0.9902,-0.138123,-0.188834,0.988000,0.9934,0.062543,0.045775,1.264000,0.9967,-0.125388,0.020902,1.271000,0.9956
539,17.979633,1,0.183865,-0.417012,1.298000,0.9999,-0.131203,-0.462243,1.287000,0.9997,0.309056,-0.223238,1.243000,0.9755,-0.238462,-0.259029,1.115000,0.8060,0.353106,-0.062597,1.117000,0.9906,-0.138263,-0.189025,0.989000,0.9936,0.062246,0.045558,1.258000,0.9967,-0.123587,0.020951,1.274000,0.9956
540,18.012990,1,0.184573,-0.418618,1.303000,0.9999,-0.131712,-0.464039,1.292000,0.9997,0.311045,-0.226735,1.251000,0.9748,-0.238890,-0.259493,1.117000,0.8030,0.351673,-0.061701,1.101000,0.9904,-0.139891,-0.189025,0.989000,0.9936,0.062642,0.047933,1.266000,0.9966,-0.123587,0.023050,1.274000,0.9956
541,18.046348,1,0.184148,-0.417655,1.300000,0.9999,-0.131508,-0.463320,1.290000,0.9997,0.311102,-0.225285,1.243000,0.9757,-0.238034,-0.258564,1.113000,0.8091,0.349756,-0.063168,1.095000,0.9906,-0.139891,-0.189025,0.989000,0.9938,0.062543,0.047857,1.264000,0.9966,-0.123781,0.025188,1.276000,0.9956
542,18.079705,1,0.184148,-0.417655,1.300000,0.9999,-0.131712,-0.466167,1.292000,0.9997,0.309851,-0.224379,1.238000,0.9747,-0.238462,-0.260866,1.115000,0.8066,0.352201,-0.063284,1.097000,0.9903,-0.139891,-0.189025,0.989000,0.9936,0.062395,0.049821,1.261000,0.9967,-0.125881,0.025188,1.276000,0.9957
543,18.113063,1,0.184148,-0.417655,1.300000,0.9999,-0.131712,-0.466167,1.292000,0.9997,0.307316,-0.224017,1.236000,0.9756,-0.239745,-0.264116,1.121000,0.8103,0.348990,-0.064497,1.087000,0.9907,-0.139749,-0.188834,0.988000,0.9938,0.062395,0.045666,1.261000,0.9968,-0.123587,0.023050,1.274000,0.9958
544,18.146420,1,0.184573,-0.418618,1.303000,0.9999,-0.131508,-0.465446,1.290000,0.9997,0.308099,-0.223110,1.231000,0.9764,-0.238890,-0.261334,1.117000,0.8129,0.352715,-0.068455,1.093000,0.9911,-0.139891,-0.189025,0.989000,0.9939,0.062246,0.045558,1.258000,0.9968,-0.123781,0.020984,1.276000,0.9958
545,18.179777,1,0.184573,-0.418618,1.303000,0.9999,-0.131203,-0.462243,1.287000,0.9997,0.307598,-0.222748,1.229000,0.9774,-0.239745,-0.260423,1.121000,0.8168,0.350298,-0.067641,1.080000,0.9916,-0.140174,-0.189408,0.991000,0.9940,0.062395,0.045666,1.261000,0.9968,-0.123296,0.022996,1.271000,0.9958
546,18.213135,1,0.184998,-0.419582,1.306000,0.9999,-0.131712,-0.464039,1.292000,0.9997,0.305575,-0.224773,1.229000,0.9784,-0.238890,-0.257653,1.117000,0.8237,0.353380,-0.069677,1.084000,0.9921,-0.139891,-0.189025,0.989000,0.9943,0.062642,0.045847,1.266000,0.9969,-0.123587,0.023050,1.274000,0.9959
547,18.246492,1,0.184573,-0.418618,1.303000,0.9999,-0.131712,-0.464039,1.292000,0.9997,0.303586,-0.225321,1.221000,0.9792,-0.238462,-0.259029,1.115000,0.8237,0.353380,-0.071463,1.084000,0.9924,-0.139891,-0.189025,0.989000,0.9943,0.062246,0.045558,1.258000,0.9969,-0.123587,0.020951,1.274000,0.9959
548,18.279849,1,0.184573,-0.418618,1.303000,0.9999,-0.131508,-0.463320,1.290000,0.9997,0.304829,-0.226244,1.226000,0.9797,-0.241590,-0.260423,1.121000,0.8228,0.354032,-0.071594,1.086000,0.9927,-0.139749,-0.188834,0.988000,0.9944,0.062395,0.045666,1.261000,0.9969,-0.123587,0.018853,1.274000,0.9959
549,18.313207,1,0.181728,-0.417012,1.298000,0.9999,-0.132018,-0.465116,1.295000,0.9997,0.302592,-0.224583,1.217000,0.9799,-0.242021,-0.260887,1.123000,0.8268,0.353198,-0.072843,1.078000,0.9928,-0.141805,-0.189408,0.991000,0.9945,0.064470,0.041511,1.261000,0.9969,-0.121490,0.018853,1.274000,0.9959
550,18.346564,1,0.181728,-0.417012,1.298000,0.9999,-0.131712,-0.464039,1.292000,0.9997,0.302318,-0.229907,1.224000,0.9799,-0.241159,-0.259958,1.119000,0.8260,0.350772,-0.072708,1.076000,0.9928,-0.141519,-0.189025,0.989000,0.9945,0.064470,0.041511,1.261000,0.9970,-0.121490,0.018853,1.274000,0.9960
551,18.379921,1,0.181728,-0.417012,1.298000,0.9999,-0.132018,-0.462983,1.295000,0.9997,0.301577,-0.229344,1.221000,0.9799,-0.240728,-0.255813,1.117000,0.8251,0.350772,-0.072708,1.076000,0.9929,-0.141089,-0.188452,0.986000,0.9946,0.064624,0.041610,1.264000,0.9969,-0.121967,0.021034,1.279000,0.9959
552,18.413279,1,0.181728,-0.417012,1.298000,0.9999,-0.132324,-0.464055,1.298000,0.9997,0.301083,-0.228968,1.219000,0.9801,-0.241590,-0.258576,1.121000,0.8282,0.351232,-0.072438,1.072000,0.9929,-0.140374,-0.187496,0.981000,0.9947,0.064624,0.039528,1.264000,0.9970,-0.121490,0.018853,1.274000,0.9960
553,18.446636,1,0.182008,-0.419796,1.300000,0.9999,-0.132324,-0.464055,1.298000,0.9997,0.297359,-0.227653,1.212000,0.9800,-0.240297,-0.257192,1.115000,0.8266,0.350772,-0.072708,1.076000,0.9929,-0.140231,-0.187305,0.980000,0.9947,0.064470,0.039434,1.261000,0.9969,-0.119393,0.016754,1.274000,0.9959
554,18.479993,1,0.181308,-0.418182,1.295000,0.9999,-0.132018,-0.462983,1.295000,0.9997,0.297359,-0.229650,1.212000,0.9798,-0.243436,-0.256729,1.121000,0.8274,0.347838,-0.072100,1.067000,0.9928,-0.139945,-0.186923,0.978000,0.9948,0.064470,0.037357,1.261000,0.9970,-0.119580,0.016780,1.276000,0.9960
555,18.513350,1,0.181308,-0.418182,1.295000,0.9999,-0.132018,-0.462983,1.295000,0.9997,0.294877,-0.229271,1.210000,0.9788,-0.243001,-0.258115,1.119000,0.8312,0.347186,-0.071965,1.065000,0.9924,-0.140231,-0.187305,0.980000,0.9950,0.064879,0.031322,1.269000,0.9971,-0.119580,0.012576,1.276000,0.9962
556,18.546708,1,0.181728,-0.417012,1.298000,0.9999,-0.129887,-0.462983,1.295000,0.9997,0.295364,-0.229650,1.212000,0.9782,-0.243001,-0.258115,1.119000,0.8351,0.350904,-0.070606,1.071000,0.9921,-0.141989,-0.187496,0.981000,0.9952,0.064317,0.031050,1.258000,0.9971,-0.120143,0.012635,1.282000,0.9963
557,18.580065,1,0.180608,-0.414442,1.290000,0.9999,-0.129586,-0.461910,1.292000,0.9997,0.294145,-0.228703,1.207000,0.9756,-0.242133,-0.257192,1.115000,0.8350,0.347956,-0.070012,1.062000,0.9908,-0.141844,-0.187305,0.980000,0.9952,0.069329,0.029347,1.274000,0.9970,-0.112658,0.008326,1.269000,0.9963
558,18.613422,1,0.181728,-0.417012,1.298000,0.9999,-0.129385,-0.461195,1.290000,0.9997,0.292159,-0.228703,1.207000,0.9738,-0.243870,-0.259037,1.123000,0.8382,0.346645,-0.071492,1.058000,0.9897,-0.144628,-0.190462,0.988000,0.9954,0.069166,0.025090,1.271000,0.9970,-0.112658,0.006235,1.269000,0.9964
559,18.646779,1,0.181728,-0.417012,1.298000,0.9999,-0.129887,-0.462983,1.295000,0.9997,0.292159,-0.228703,1.207000,0.9731,-0.243436,-0.258576,1.121000,0.8387,0.346645,-0.068006,1.058000,0.9896,-0.144628,-0.190462,0.988000,0.9956,0.069329,0.025149,1.274000,0.9971,-0.112836,0.006245,1.271000,0.9965
560,18.680136,1,0.181308,-0.416048,1.295000,0.9999,-0.129887,-0.462983,1.295000,0.9997,0.291191,-0.227945,1.203000,0.9725,-0.244405,-0.257653,1.117000,0.8426,0.346645,-0.066263,1.058000,0.9893,-0.146698,-0.192673,0.991000,0.9959,0.068894,0.024991,1.266000,0.9971,-0.111005,0.006260,1.274000,0.9966
561,18.713493,1,0.181308,-0.416048,1.295000,0.9999,-0.127459,-0.459782,1.292000,0.9997,0.290464,-0.227376,1.200000,0.9717,-0.245281,-0.260423,1.121000,0.8441,0.340747,-0.063422,1.040000,0.9891,-0.147431,-0.191506,0.985000,0.9960,0.068785,0.024952,1.264000,0.9970,-0.110744,0.006245,1.271000,0.9965
562,18.746851,1,0.181728,-0.417012,1.298000,0.9999,-0.126966,-0.458003,1.287000,0.9997,0.290464,-0.227376,1.200000,0.9702,-0.244405,-0.259493,1.117000,0.8448,0.341403,-0.063544,1.042000,0.9880,-0.147581,-0.191701,0.986000,0.9962,0.073638,0.025188,1.276000,0.9970,-0.108652,0.006245,1.271000,0.9966
563,18.780208,1,0.180888,-0.417213,1.292000,0.9999,-0.128051,-0.461917,1.298000,0.9997,0.288489,-0.227376,1.200000,0.9683,-0.246244,-0.257653,1.117000,0.8446,0.340340,-0.067106,1.044000,0.9871,-0.148329,-0.194305,0.991000,0.9962,0.073811,0.023141,1.279000,0.9971,-0.108481,0.002054,1.269000,0.9967
564,18.813565,1,0.178485,-0.416567,1.290000,0.9999,-0.127459,-0.459782,1.292000,0.9997,0.289211,-0.227945,1.203000,0.9668,-0.247126,-0.260423,1.121000,0.8418,0.338710,-0.065073,1.039000,0.9868,-0.147431,-0.193129,0.985000,0.9963,0.071258,0.022996,1.271000,0.9971,-0.108652,0.002057,1.271000,0.9968
565,18.846922,1,0.178070,-0.415598,1.287000,0.9999,-0.127459,-0.459782,1.292000,0.9997,0.288489,-0.229353,1.200000,0.9664,-0.247567,-0.260887,1.123000,0.8451,0.338058,-0.064947,1.037000,0.9866,-0.149960,-0.194305,0.991000,0.9964,0.071426,0.023050,1.274000,0.9972,-0.108652,0.002057,1.271000,0.9969
566,18.880279,1,0.178485,-0.416567,1.290000,0.9999,-0.127262,-0.459070,1.290000,0.9997,0.287528,-0.226618,1.196000,0.9659,-0.246685,-0.261802,1.119000,0.8420,0.336754,-0.064697,1.033000,0.9864,-0.150112,-0.196136,0.992000,0.9964,0.071258,0.025090,1.271000,0.9972,-0.108652,0.004151,1.271000,0.9969
567,18.913636,1,0.177655,-0.414630,1.284000,0.9999,-0.127459,-0.459782,1.292000,0.9997,0.287528,-0.226618,1.196000,0.9657,-0.245803,-0.260866,1.115000,0.8441,0.336428,-0.064634,1.032000,0.9863,-0.149658,-0.195542,0.989000,0.9965,0.075323,0.025050,1.269000,0.9972,-0.106141,0.006221,1.266000,0.9970
568,18.946994,1,0.178070,-0.415598,1.287000,0.9999,-0.127262,-0.459070,1.290000,0.9997,0.282564,-0.233307,1.200000,0.9630,-0.245803,-0.260866,1.115000,0.8433,0.337000,-0.071919,1.039000,0.9851,-0.151744,-0.197770,0.992000,0.9964,0.075323,0.020869,1.269000,0.9973,-0.106560,0.002057,1.271000,0.9970
569,18.980351,1,0.178070,-0.415598,1.287000,0.9999,-0.127262,-0.459070,1.290000,0.9997,0.283270,-0.233890,1.203000,0.9639,-0.246685,-0.263645,1.119000,0.8438,0.337406,-0.069937,1.035000,0.9858,-0.153223,-0.197570,0.991000,0.9965,0.066546,0.020738,1.261000,0.9974,-0.108053,0.002046,1.264000,0.9972
570,19.013708,1,0.180188,-0.415598,1.287000,0.9999,-0.126966,-0.458003,1.287000,0.9997,0.285559,-0.226618,1.196000,0.9653,-0.246244,-0.263174,1.117000,0.8426,0.339825,-0.069735,1.032000,0.9865,-0.152913,-0.197172,0.989000,0.9966,0.064879,0.020869,1.269000,0.9974,-0.108481,0.002054,1.269000,0.9971
571,19.047065,1,0.180608,-0.414442,1.290000,0.9999,-0.127262,-0.459070,1.290000,0.9997,0.284843,-0.226050,1.193000,0.9636,-0.249859,-0.265059,1.125000,0.8453,0.339825,-0.068035,1.032000,0.9857,-0.152913,-0.197172,0.989000,0.9967,0.071538,0.020984,1.276000,0.9973,-0.108224,0.002049,1.266000,0.9971
572,19.080422,1,0.179768,-0.414630,1.284000,0.9999,-0.126966,-0.458003,1.287000,0.9998,0.282879,-0.228015,1.193000,0.9632,-0.249415,-0.264587,1.123000,0.8445,0.339825,-0.068035,1.032000,0.9854,-0.153223,-0.197570,0.991000,0.9968,0.073350,0.020902,1.271000,0.9974,-0.106141,-0.000036,1.266000,0.9972
573,19.113780,1,0.180188,-0.415598,1.287000,0.9999,-0.126670,-0.456935,1.284000,0.9998,0.282879,-0.228015,1.193000,0.9632,-0.250303,-0.267386,1.127000,0.8402,0.338508,-0.066077,1.028000,0.9857,-0.155791,-0.198767,0.997000,0.9967,0.069057,0.020869,1.269000,0.9975,-0.108652,0.002057,1.271000,0.9973
574,19.147137,1,0.179488,-0.413984,1.282000,0.9999,-0.126670,-0.456935,1.284000,0.9998,0.283888,-0.225292,1.189000,0.9613,-0.249415,-0.264587,1.123000,0.8382,0.339166,-0.066206,1.030000,0.9846,-0.156885,-0.201816,1.004000,0.9966,0.069057,0.020869,1.269000,0.9974,-0.108481,0.002054,1.269000,0.9972
575,19.180494,1,0.179768,-0.412514,1.284000,0.9999,-0.126670,-0.456935,1.284000,0.9998,0.283888,-0.225292,1.189000,0.9619,-0.249859,-0.265059,1.125000,0.8368,0.338508,-0.064384,1.028000,0.9849,-0.155791,-0.198767,0.997000,0.9967,0.066704,0.024952,1.264000,0.9974,-0.110744,0.006245,1.271000,0.9972
576,19.213851,1,0.180608,-0.414442,1.290000,0.9999,-0.127262,-0.459070,1.290000,0.9998,0.282694,-0.224345,1.184000,0.9622,-0.248971,-0.264116,1.121000,0.8354,0.338545,-0.064071,1.023000,0.9849,-0.155791,-0.198767,0.997000,0.9966,0.068785,0.027034,1.264000,0.9973,-0.110570,0.010416,1.269000,0.9971
577,19.247208,1,0.179768,-0.414630,1.284000,0.9999,-0.127262,-0.459070,1.290000,0.9997,0.283410,-0.226869,1.187000,0.9619,-0.248527,-0.263645,1.119000,0.8297,0.340200,-0.067771,1.028000,0.9850,-0.153686,-0.198169,0.994000,0.9962,0.066388,0.028978,1.258000,0.9974,-0.110308,0.010392,1.266000,0.9972
578,19.280565,1,0.181598,-0.413984,1.282000,0.9999,-0.126966,-0.458003,1.287000,0.9997,0.282216,-0.225913,1.182000,0.9621,-0.248527,-0.263645,1.119000,0.8278,0.338545,-0.067441,1.023000,0.9851,-0.154614,-0.201012,1.000000,0.9962,0.066704,0.029116,1.264000,0.9973,-0.112658,0.010416,1.269000,0.9971
579,19.313923,1,0.182306,-0.417718,1.287000,0.9999,-0.127459,-0.459782,1.292000,0.9997,0.282216,-0.225913,1.182000,0.9615,-0.249859,-0.265059,1.125000,0.8288,0.340862,-0.067903,1.030000,0.9843,-0.152815,-0.200811,0.999000,0.9960,0.068785,0.029116,1.264000,0.9973,-0.112836,0.010433,1.271000,0.9972
580,19.347280,1,0.181598,-0.416096,1.282000,0.9999,-0.127262,-0.461195,1.290000,0.9997,0.282216,-0.225913,1.182000,0.9615,-0.249415,-0.264587,1.123000,0.8258,0.337520,-0.067573,1.025000,0.9844,-0.153223,-0.197570,0.991000,0.9961,0.069329,0.029347,1.274000,0.9974,-0.112836,0.010433,1.271000,0.9972
581,19.380637,1,0.181882,-0.416745,1.284000,0.9999,-0.126670,-0.459050,1.284000,0.9997,0.283888,-0.227251,1.189000,0.9611,-0.250303,-0.265530,1.127000,0.8297,0.335873,-0.067243,1.020000,0.9842,-0.153223,-0.197570,0.991000,0.9962,0.069057,0.027141,1.269000,0.9975,-0.112658,0.010416,1.269000,0.9973
582,19.413995,1,0.181882,-0.416745,1.284000,0.9999,-0.127262,-0.461195,1.290000,0.9997,0.283681,-0.225531,1.180000,0.9620,-0.248971,-0.264116,1.121000,0.8338,0.334886,-0.067046,1.017000,0.9847,-0.153223,-0.197570,0.991000,0.9964,0.068894,0.027077,1.266000,0.9975,-0.112836,0.010433,1.271000,0.9974
583,19.447352,1,0.181598,-0.416096,1.282000,0.9999,-0.127262,-0.461195,1.290000,0.9997,0.283200,-0.225148,1.178000,0.9617,-0.247638,-0.262703,1.115000,0.8356,0.336532,-0.067375,1.022000,0.9845,-0.152913,-0.197172,0.989000,0.9965,0.068621,0.026970,1.261000,0.9975,-0.110570,0.010416,1.269000,0.9974
584,19.480710,1,0.180188,-0.419839,1.287000,0.9999,-0.126966,-0.460123,1.287000,0.9997,0.279590,-0.223811,1.171000,0.9599,-0.248527,-0.263645,1.119000,0.8356,0.337520,-0.067573,1.025000,0.9836,-0.153223,-0.197570,0.991000,0.9965,0.068894,0.027077,1.266000,0.9975,-0.110308,0.008306,1.266000,0.9975
585,19.514067,1,0.180608,-0.420817,1.290000,0.9999,-0.126966,-0.460123,1.287000,0.9997,0.279590,-0.223811,1.171000,0.9596,-0.244921,-0.261760,1.111000,0.8305,0.336532,-0.067375,1.022000,0.9836,-0.152913,-0.197172,0.989000,0.9964,0.068785,0.027034,1.264000,0.9976,-0.110308,0.008306,1.266000,0.9975
586,19.547425,1,0.179488,-0.418208,1.282000,0.9999,-0.126670,-0.459050,1.284000,0.9998,0.279590,-0.223811,1.171000,0.9604,-0.246685,-0.263645,1.119000,0.8308,0.335873,-0.067243,1.020000,0.9838,-0.152913,-0.197172,0.989000,0.9965,0.069057,0.027141,1.269000,0.9976,-0.110134,0.008293,1.264000,0.9976
587,19.580782,1,0.180608,-0.418692,1.290000,0.9998,-0.126670,-0.459050,1.284000,0.9998,0.278158,-0.222664,1.165000,0.9595,-0.246244,-0.263174,1.117000,0.8328,0.332581,-0.066584,1.010000,0.9832,-0.153223,-0.197570,0.991000,0.9965,0.068785,0.027034,1.264000,0.9976,-0.112836,0.008339,1.271000,0.9976
588,19.614139,1,0.180608,-0.420817,1.290000,0.9998,-0.126966,-0.460123,1.287000,0.9998,0.278158,-0.222664,1.165000,0.9585,-0.246685,-0.263645,1.119000,0.8376,0.337552,-0.067243,1.020000,0.9828,-0.153686,-0.198169,0.994000,0.9967,0.068785,0.027034,1.264000,0.9977,-0.110744,0.008339,1.271000,0.9976
589,19.647497,1,0.179768,-0.418860,1.284000,0.9998,-0.126966,-0.460123,1.287000,0.9998,0.279113,-0.223428,1.169000,0.9586,-0.247126,-0.264116,1.121000,0.8379,0.334886,-0.068721,1.017000,0.9827,-0.155791,-0.198767,0.997000,0.9967,0.070865,0.027034,1.264000,0.9977,-0.110308,0.008306,1.266000,0.9977
590,19.680854,1,0.180188,-0.421959,1.287000,0.9999,-0.126473,-0.460447,1.282000,0.9998,0.278635,-0.224969,1.167000,0.9598,-0.245803,-0.262703,1.115000,0.8415,0.334886,-0.068721,1.017000,0.9834,-0.156260,-0.199365,1.000000,0.9968,0.070865,0.024952,1.264000,0.9978,-0.110134,0.006211,1.264000,0.9977
591,19.714212,1,0.180188,-0.419839,1.287000,0.9999,-0.126670,-0.459050,1.284000,0.9998,0.278635,-0.224969,1.167000,0.9582,-0.246244,-0.263174,1.117000,0.8427,0.334886,-0.068721,1.017000,0.9829,-0.154150,-0.198767,0.997000,0.9969,0.070697,0.024892,1.261000,0.9977,-0.108053,0.006211,1.264000,0.9977
592,19.747569,1,0.179488,-0.418208,1.282000,0.9998,-0.127262,-0.461195,1.290000,0.9998,0.279590,-0.225740,1.171000,0.9574,-0.246685,-0.261802,1.119000,0.8423,0.335873,-0.068924,1.020000,0.9825,-0.153996,-0.198567,0.996000,0.9969,0.073234,0.025050,1.269000,0.9976,-0.105973,0.004128,1.264000,0.9977
593,19.780927,1,0.179768,-0.418860,1.284000,0.9999,-0.126670,-0.459050,1.284000,0.9998,0.280068,-0.228058,1.173000,0.9583,-0.248008,-0.265059,1.125000,0.8444,0.334227,-0.070258,1.015000,0.9830,-0.156573,-0.199764,1.002000,0.9970,0.073234,0.022960,1.269000,0.9977,-0.105973,0.002046,1.264000,0.9978
594,19.814284,1,0.181882,-0.418860,1.284000,0.9998,-0.126966,-0.460123,1.287000,0.9998,0.281517,-0.223811,1.171000,0.9559,-0.248971,-0.262269,1.121000,0.8427,0.335215,-0.068789,1.018000,0.9816,-0.154460,-0.199165,0.999000,0.9971,0.077412,0.022960,1.269000,0.9976,-0.106141,0.002049,1.266000,0.9977
595,19.847642,1,0.180188,-0.421959,1.287000,0.9998,-0.126966,-0.460123,1.287000,0.9998,0.276677,-0.230382,1.175000,0.9526,-0.248971,-0.262269,1.121000,0.8440,0.335215,-0.070466,1.018000,0.9804,-0.154923,-0.201414,1.002000,0.9970,0.075620,0.018853,1.274000,0.9975,-0.105973,-0.000036,1.264000,0.9977
596,19.880999,1,0.179488,-0.418208,1.282000,0.9998,-0.127262,-0.461195,1.290000,0.9998,0.276206,-0.228058,1.173000,0.9523,-0.249415,-0.262737,1.123000,0.8450,0.334227,-0.070258,1.015000,0.9805,-0.154923,-0.201414,1.002000,0.9971,0.075323,0.020869,1.269000,0.9975,-0.105973,0.004128,1.264000,0.9977
597,19.914356,1,0.179768,-0.420975,1.284000,0.9998,-0.126670,-0.459050,1.284000,0.9998,0.276677,-0.228446,1.175000,0.9508,-0.248527,-0.261802,1.119000,0.8462,0.334886,-0.070396,1.017000,0.9798,-0.154614,-0.201012,1.000000,0.9971,0.075442,0.020902,1.271000,0.9976,-0.105973,0.002046,1.264000,0.9977
598,19.947714,1,0.179768,-0.420975,1.284000,0.9998,-0.127262,-0.461195,1.290000,0.9998,0.277189,-0.225354,1.169000,0.9511,-0.249415,-0.262737,1.123000,0.8476,0.334227,-0.070258,1.015000,0.9802,-0.154150,-0.200409,0.997000,0.9972,0.075442,0.020902,1.271000,0.9976,-0.106141,0.002049,1.266000,0.9977
599,19.981072,1,0.180608,-0.420817,1.290000,0.9998,-0.127262,-0.461195,1.290000,0.9998,0.278137,-0.226125,1.173000,0.9501,-0.248971,-0.262269,1.121000,0.8467,0.332581,-0.068248,1.010000,0.9796,-0.152509,-0.200409,0.997000,0.9971,0.073350,0.020902,1.271000,0.9975,-0.105973,0.004128,1.264000,0.9977
600,20.014429,1,0.179768,-0.418860,1.284000,0.9998,-0.127262,-0.461195,1.290000,0.9998,0.277663,-0.225740,1.171000,0.9500,-0.248527,-0.261802,1.119000,0.8466,0.331922,-0.068113,1.008000,0.9798,-0.152509,-0.200409,0.997000,0.9972,0.073234,0.020869,1.269000,0.9975,-0.105721,0.004119,1.261000,0.9977
601,20.047786,1,0.179768,-0.418860,1.284000,0.9998,-0.127262,-0.461195,1.290000,0.9998,0.277663,-0.225740,1.171000,0.9496,-0.248527,-0.261802,1.119000,0.8458,0.334905,-0.068383,1.012000,0.9798,-0.152815,-0.200811,0.999000,0.9972,0.073234,0.022960,1.269000,0.9975,-0.105721,0.004119,1.261000,0.9977
602,20.081144,1,0.179768,-0.416745,1.284000,0.9998,-0.127262,-0.461195,1.290000,0.9998,0.280068,-0.226125,1.173000,0.9499,-0.248527,-0.261802,1.119000,0.8486,0.334908,-0.068045,1.007000,0.9799,-0.154460,-0.200811,0.999000,0.9973,0.075145,0.022905,1.266000,0.9975,-0.103646,0.004119,1.261000,0.9977
603,20.114501,1,0.179768,-0.418860,1.284000,0.9998,-0.126966,-0.460123,1.287000,0.9998,0.277663,-0.227669,1.171000,0.9502,-0.248527,-0.261802,1.119000,0.8510,0.335240,-0.071434,1.008000,0.9800,-0.154923,-0.201414,1.002000,0.9973,0.075145,0.020820,1.266000,0.9976,-0.104057,-0.004208,1.266000,0.9978
604,20.147859,1,0.180188,-0.419839,1.287000,0.9998,-0.126966,-0.460123,1.287000,0.9998,0.276240,-0.224583,1.165000,0.9505,-0.249859,-0.263205,1.125000,0.8536,0.335240,-0.071434,1.008000,0.9802,-0.154923,-0.201414,1.002000,0.9974,0.070865,0.020787,1.264000,0.9976,-0.106392,0.002054,1.269000,0.9978
605,20.181216,1,0.181598,-0.418208,1.282000,0.9998,-0.126966,-0.460123,1.287000,0.9998,0.279590,-0.225740,1.171000,0.9512,-0.249415,-0.262737,1.123000,0.8509,0.335897,-0.071221,1.005000,0.9806,-0.154460,-0.199165,0.999000,0.9974,0.071145,0.022960,1.269000,0.9976,-0.105721,0.006196,1.261000,0.9977
606,20.214574,1,0.181882,-0.418860,1.284000,0.9998,-0.126966,-0.460123,1.287000,0.9998,0.278635,-0.226891,1.167000,0.9528,-0.249415,-0.262737,1.123000,0.8510,0.335897,-0.071221,1.005000,0.9813,-0.154150,-0.198767,0.997000,0.9973,0.068785,0.022869,1.264000,0.9976,-0.105470,0.006181,1.258000,0.9978
607,20.247931,1,0.181598,-0.418208,1.282000,0.9998,-0.126966,-0.458003,1.287000,0.9998,0.280075,-0.224583,1.165000,0.9518,-0.248527,-0.261802,1.119000,0.8519,0.335536,-0.070796,0.999000,0.9810,-0.154460,-0.199165,0.999000,0.9973,0.068621,0.022815,1.261000,0.9976,-0.107797,0.006196,1.261000,0.9978
608,20.281289,1,0.181598,-0.416096,1.282000,0.9998,-0.126966,-0.458003,1.287000,0.9998,0.280075,-0.224583,1.165000,0.9472,-0.249415,-0.262737,1.123000,0.8477,0.331169,-0.069875,0.986000,0.9792,-0.154150,-0.198767,0.997000,0.9972,0.075323,0.025050,1.269000,0.9976,-0.106392,0.008326,1.269000,0.9977
609,20.314646,1,0.183708,-0.416096,1.282000,0.9998,-0.126473,-0.456223,1.282000,0.9998,0.278158,-0.226502,1.165000,0.9461,-0.248971,-0.262269,1.121000,0.8463,0.335897,-0.072877,1.005000,0.9789,-0.152815,-0.199165,0.999000,0.9972,0.072946,0.022869,1.264000,0.9977,-0.105973,0.002046,1.264000,0.9979
610,20.348003,1,0.183995,-0.414630,1.284000,0.9998,-0.126473,-0.456223,1.282000,0.9998,0.279113,-0.225354,1.169000,0.9460,-0.249415,-0.264587,1.123000,0.8469,0.332220,-0.072079,0.994000,0.9787,-0.154150,-0.198767,0.997000,0.9972,0.070977,0.022905,1.266000,0.9976,-0.106141,0.006221,1.266000,0.9978
611,20.381361,1,0.183708,-0.413984,1.282000,0.9998,-0.126473,-0.456223,1.282000,0.9998,0.276964,-0.223619,1.160000,0.9444,-0.248527,-0.263645,1.119000,0.8472,0.334225,-0.072515,1.000000,0.9779,-0.154460,-0.199165,0.999000,0.9973,0.071426,0.023050,1.274000,0.9976,-0.105721,0.008273,1.261000,0.9978
612,20.414719,1,0.183995,-0.418860,1.284000,0.9998,-0.126670,-0.456935,1.284000,0.9998,0.275529,-0.225919,1.162000,0.9445,-0.249415,-0.264587,1.123000,0.8494,0.333891,-0.072442,0.999000,0.9775,-0.154150,-0.198767,0.997000,0.9972,0.070865,0.022869,1.264000,0.9977,-0.105721,0.006196,1.261000,0.9979
613,20.448076,1,0.183708,-0.418208,1.282000,0.9998,-0.126473,-0.456223,1.282000,0.9998,0.276009,-0.222848,1.156000,0.9408,-0.248971,-0.262269,1.121000,0.8484,0.331552,-0.071934,0.992000,0.9756,-0.154150,-0.198767,0.997000,0.9973,0.073061,0.022905,1.266000,0.9976,-0.106141,0.006221,1.266000,0.9978
614,20.481433,1,0.183708,-0.418208,1.282000,0.9998,-0.126670,-0.456935,1.284000,0.9998,0.274580,-0.225141,1.158000,0.9400,-0.249415,-0.262737,1.123000,0.8529,0.332220,-0.073717,0.994000,0.9751,-0.154460,-0.199165,0.999000,0.9973,0.073234,0.020869,1.269000,0.9977,-0.105973,-0.000036,1.264000,0.9979
615,20.514791,1,0.183278,-0.417229,1.279000,0.9998,-0.126177,-0.455156,1.279000,0.9998,0.274580,-0.223234,1.158000,0.9381,-0.250303,-0.263673,1.127000,0.8520,0.332220,-0.073717,0.994000,0.9746,-0.154614,-0.199365,1.000000,0.9974,0.068785,0.020787,1.264000,0.9976,-0.105973,0.002046,1.264000,0.9979
616,20.548148,1,0.182849,-0.416250,1.276000,0.9998,-0.126670,-0.459050,1.284000,0.9998,0.275531,-0.220561,1.154000,0.9368,-0.248971,-0.260423,1.121000,0.8514,0.333891,-0.072442,0.999000,0.9736,-0.155233,-0.200162,1.004000,0.9974,0.068458,0.020688,1.258000,0.9976,-0.105973,0.002046,1.264000,0.9979
617,20.581506,1,0.182562,-0.415598,1.274000,0.9998,-0.126473,-0.458335,1.282000,0.9998,0.275531,-0.222463,1.154000,0.9364,-0.249415,-0.260887,1.123000,0.8479,0.330549,-0.073346,0.989000,0.9732,-0.154923,-0.198113,1.002000,0.9973,0.068894,0.020820,1.266000,0.9977,-0.108652,0.002057,1.271000,0.9980
618,20.614863,1,0.183278,-0.415122,1.279000,0.9998,-0.126670,-0.459050,1.284000,0.9998,0.275054,-0.220179,1.152000,0.9368,-0.248082,-0.259493,1.117000,0.8495,0.327875,-0.072753,0.981000,0.9731,-0.155387,-0.198706,1.005000,0.9973,0.068785,0.020787,1.264000,0.9977,-0.108224,0.002049,1.266000,0.9980
619,20.648220,1,0.183278,-0.415122,1.279000,0.9998,-0.126177,-0.457263,1.279000,0.9998,0.275531,-0.220561,1.154000,0.9362,-0.248971,-0.260423,1.121000,0.8516,0.330215,-0.073272,0.988000,0.9731,-0.155387,-0.198706,1.005000,0.9974,0.066704,0.020787,1.264000,0.9977,-0.110308,0.002049,1.266000,0.9980
620,20.681578,1,0.182562,-0.415598,1.274000,0.9998,-0.126473,-0.458335,1.282000,0.9998,0.276009,-0.220944,1.156000,0.9351,-0.244921,-0.256269,1.111000,0.8516,0.328544,-0.072901,0.983000,0.9728,-0.155696,-0.199101,1.007000,0.9974,0.066282,0.020655,1.256000,0.9978,-0.110308,0.004135,1.266000,0.9980
621,20.714936,1,0.182562,-0.415598,1.274000,0.9998,-0.126966,-0.460123,1.287000,0.9998,0.273382,-0.218841,1.145000,0.9339,-0.245803,-0.257192,1.115000,0.8485,0.328146,-0.072456,0.977000,0.9719,-0.156260,-0.196070,1.000000,0.9972,0.073061,0.020820,1.266000,0.9977,-0.107797,0.004119,1.261000,0.9979
622,20.748293,1,0.182562,-0.415598,1.274000,0.9998,-0.126670,-0.459050,1.284000,0.9998,0.273860,-0.221113,1.147000,0.9337,-0.246244,-0.259493,1.117000,0.8523,0.329546,-0.076372,0.986000,0.9721,-0.157041,-0.197050,1.005000,0.9973,0.072772,0.020738,1.261000,0.9977,-0.108481,-0.002127,1.269000,0.9980
623,20.781650,1,0.184659,-0.413499,1.274000,0.9998,-0.126473,-0.458335,1.282000,0.9998,0.274786,-0.220342,1.143000,0.9342,-0.245803,-0.259029,1.115000,0.8533,0.329546,-0.076372,0.986000,0.9724,-0.157041,-0.197050,1.005000,0.9974,0.068894,0.020820,1.266000,0.9978,-0.108224,-0.002122,1.266000,0.9981
624,20.815008,1,0.183499,-0.410903,1.266000,0.9998,-0.126473,-0.458335,1.282000,0.9998,0.274305,-0.219956,1.141000,0.9319,-0.245362,-0.258564,1.113000,0.8544,0.329546,-0.076372,0.986000,0.9715,-0.156104,-0.194228,0.999000,0.9974,0.070697,0.018660,1.261000,0.9978,-0.106141,-0.002122,1.266000,0.9981
625,20.848365,1,0.184224,-0.414619,1.271000,0.9998,-0.126473,-0.458335,1.282000,0.9998,0.273860,-0.221113,1.147000,0.9319,-0.249415,-0.262737,1.123000,0.8583,0.325870,-0.077127,0.975000,0.9709,-0.157748,-0.194228,0.999000,0.9975,0.070865,0.018705,1.264000,0.9978,-0.105973,-0.004201,1.264000,0.9981
626,20.881723,1,0.184224,-0.414619,1.271000,0.9998,-0.126473,-0.458335,1.282000,0.9998,0.274305,-0.219956,1.141000,0.9324,-0.248527,-0.261802,1.119000,0.8599,0.325536,-0.077047,0.974000,0.9716,-0.157748,-0.192582,0.999000,0.9976,0.071145,0.018779,1.269000,0.9978,-0.105973,-0.002119,1.264000,0.9981
627,20.915080,1,0.184224,-0.414619,1.271000,0.9998,-0.126177,-0.457263,1.279000,0.9998,0.274786,-0.220342,1.143000,0.9320,-0.249415,-0.262737,1.123000,0.8615,0.326467,-0.076889,0.972000,0.9713,-0.157906,-0.192775,1.000000,0.9976,0.070865,0.018705,1.264000,0.9978,-0.105721,-0.000036,1.261000,0.9981
628,20.948438,1,0.183934,-0.413967,1.269000,0.9998,-0.126473,-0.458335,1.282000,0.9998,0.274786,-0.222225,1.143000,0.9287,-0.249415,-0.262737,1.123000,0.8570,0.328649,-0.076652,0.969000,0.9703,-0.157432,-0.192197,0.997000,0.9975,0.077106,0.020787,1.264000,0.9978,-0.103399,0.002036,1.258000,0.9981
629,20.981795,1,0.183934,-0.413967,1.269000,0.9998,-0.126473,-0.458335,1.282000,0.9998,0.273824,-0.221447,1.139000,0.9294,-0.249859,-0.263205,1.125000,0.8586,0.329222,-0.076415,0.966000,0.9708,-0.159073,-0.192197,0.997000,0.9975,0.077229,0.020820,1.266000,0.9978,-0.103235,-0.000036,1.256000,0.9982
630,21.015153,1,0.185290,-0.412336,1.264000,0.9998,-0.126670,-0.459050,1.284000,0.9998,0.276183,-0.221836,1.141000,0.9325,-0.248527,-0.261802,1.119000,0.8604,0.328414,-0.077441,0.959000,0.9722,-0.158914,-0.192004,0.996000,0.9976,0.075145,0.020820,1.266000,0.9979,-0.105470,0.002036,1.258000,0.9982
631,21.048510,1,0.184117,-0.409726,1.256000,0.9998,-0.126670,-0.459050,1.284000,0.9998,0.275699,-0.221447,1.139000,0.9327,-0.248082,-0.261334,1.117000,0.8582,0.331369,-0.077764,0.963000,0.9725,-0.158116,-0.191040,0.991000,0.9976,0.075026,0.020787,1.264000,0.9978,-0.105470,0.004109,1.258000,0.9981
632,21.081867,1,0.185583,-0.415074,1.266000,0.9998,-0.126473,-0.458335,1.282000,0.9998,0.276183,-0.223716,1.141000,0.9333,-0.249473,-0.260866,1.115000,0.8612,0.330337,-0.077521,0.960000,0.9729,-0.158595,-0.193256,0.994000,0.9976,0.074848,0.020738,1.261000,0.9979,-0.105721,-0.000036,1.261000,0.9982
633,21.115225,1,0.184410,-0.412451,1.258000,0.9998,-0.128783,-0.459050,1.284000,0.9998,0.276667,-0.224108,1.143000,0.9343,-0.249473,-0.262703,1.115000,0.8635,0.331369,-0.077764,0.963000,0.9736,-0.158275,-0.192867,0.992000,0.9976,0.074670,0.018616,1.258000,0.9979,-0.105721,-0.000036,1.261000,0.9982
634,21.148582,1,0.186023,-0.416057,1.269000,0.9998,-0.128583,-0.458335,1.282000,0.9998,0.275215,-0.222932,1.137000,0.9330,-0.247683,-0.260818,1.107000,0.8618,0.331369,-0.079350,0.963000,0.9734,-0.159747,-0.192673,0.991000,0.9976,0.074551,0.018586,1.256000,0.9979,-0.105302,-0.000036,1.256000,0.9982
635,21.181940,1,0.185583,-0.415074,1.266000,0.9998,-0.128583,-0.458335,1.282000,0.9998,0.276183,-0.223716,1.141000,0.9359,-0.248578,-0.261760,1.111000,0.8624,0.331025,-0.079268,0.962000,0.9746,-0.159425,-0.192284,0.989000,0.9976,0.074551,0.018586,1.256000,0.9978,-0.104883,0.002025,1.251000,0.9981
636,21.215297,1,0.185583,-0.415074,1.266000,0.9998,-0.128583,-0.458335,1.282000,0.9998,0.274731,-0.222539,1.135000,0.9364,-0.248578,-0.261760,1.111000,0.8630,0.328272,-0.078609,0.954000,0.9752,-0.159263,-0.192089,0.988000,0.9977,0.072599,0.018616,1.258000,0.9979,-0.105302,0.002033,1.256000,0.9981
637,21.248655,1,0.185290,-0.414418,1.264000,0.9998,-0.128783,-0.459050,1.284000,0.9998,0.276112,-0.222147,1.133000,0.9345,-0.250858,-0.262231,1.113000,0.8602,0.329993,-0.079021,0.959000,0.9749,-0.158941,-0.193325,0.986000,0.9977,0.077106,0.020787,1.264000,0.9978,-0.102824,0.004086,1.251000,0.9981
638,21.282012,1,0.185290,-0.414418,1.264000,0.9998,-0.128783,-0.459050,1.284000,0.9998,0.275624,-0.221755,1.131000,0.9342,-0.250858,-0.262231,1.113000,0.8625,0.328414,-0.079021,0.959000,0.9746,-0.160564,-0.193325,0.986000,0.9977,0.076618,0.020655,1.256000,0.9979,-0.103646,-0.002114,1.261000,0.9982
639,21.315370,1,0.186023,-0.416057,1.269000,0.9998,-0.128783,-0.459050,1.284000,0.9998,0.276599,-0.222539,1.135000,0.9352,-0.252661,-0.265963,1.121000,0.8638,0.329442,-0.079268,0.962000,0.9754,-0.160564,-0.193325,0.986000,0.9977,0.072946,0.018705,1.264000,0.9980,-0.103235,-0.002105,1.256000,0.9982
640,21.348727,1,0.184410,-0.412451,1.258000,0.9998,-0.128282,-0.457263,1.279000,0.9998,0.277086,-0.222932,1.137000,0.9360,-0.253112,-0.266437,1.123000,0.8643,0.330469,-0.077925,0.965000,0.9758,-0.160401,-0.193129,0.985000,0.9977,0.072599,0.018616,1.258000,0.9979,-0.103235,-0.000036,1.256000,0.9982
641,21.382084,1,0.184850,-0.415512,1.261000,0.9998,-0.128282,-0.457263,1.279000,0.9998,0.275699,-0.223324,1.139000,0.9374,-0.251759,-0.265014,1.117000,0.8667,0.330812,-0.078006,0.966000,0.9766,-0.162022,-0.193129,0.985000,0.9978,0.072484,0.018586,1.256000,0.9980,-0.103399,-0.000036,1.258000,0.9982
642,21.415442,1,0.184410,-0.414523,1.258000,0.9998,-0.128583,-0.458335,1.282000,0.9998,0.275699,-0.223324,1.139000,0.9352,-0.251309,-0.264539,1.115000,0.8646,0.330244,-0.078248,0.969000,0.9759,-0.160401,-0.193129,0.985000,0.9978,0.074670,0.018616,1.258000,0.9979,-0.103235,0.002033,1.256000,0.9982
643,21.448799,1,0.183209,-0.418583,1.264000,0.9998,-0.128583,-0.458335,1.282000,0.9998,0.273824,-0.225200,1.139000,0.9358,-0.254506,-0.265963,1.121000,0.8687,0.328310,-0.079762,0.968000,0.9759,-0.161693,-0.192737,0.983000,0.9978,0.074551,0.016517,1.256000,0.9979,-0.103399,-0.004181,1.258000,0.9982
644,21.482156,1,0.184850,-0.415512,1.261000,0.9998,-0.128783,-0.459050,1.284000,0.9998,0.273824,-0.223324,1.139000,0.9353,-0.250407,-0.265421,1.111000,0.8720,0.329667,-0.080092,0.972000,0.9758,-0.162022,-0.193129,0.985000,0.9979,0.063959,0.018512,1.251000,0.9980,-0.105470,-0.004181,1.258000,0.9983
645,21.515514,1,0.185583,-0.417159,1.266000,0.9998,-0.128282,-0.457263,1.279000,0.9998,0.274786,-0.224108,1.143000,0.9237,-0.254052,-0.267332,1.119000,0.8718,0.329667,-0.080092,0.972000,0.9711,-0.162022,-0.193129,0.985000,0.9976,0.072599,0.018616,1.258000,0.9978,-0.103646,-0.002114,1.261000,0.9982
646,21.548871,1,0.184410,-0.414523,1.258000,0.9998,-0.127981,-0.456190,1.276000,0.9998,0.273824,-0.223324,1.139000,0.9247,-0.253598,-0.266854,1.117000,0.8749,0.329327,-0.080009,0.971000,0.9716,-0.162516,-0.193717,0.988000,0.9977,0.072772,0.016583,1.261000,0.9979,-0.101812,-0.008366,1.264000,0.9983
647,21.582228,1,0.187370,-0.414418,1.264000,0.9998,-0.128282,-0.457263,1.279000,0.9998,0.274305,-0.223716,1.141000,0.9256,-0.255868,-0.269243,1.127000,0.8769,0.331702,-0.080586,0.978000,0.9717,-0.163009,-0.194305,0.991000,0.9978,0.066388,0.016543,1.258000,0.9979,-0.103399,-0.008326,1.258000,0.9983
648,21.615586,1,0.186481,-0.414523,1.258000,0.9998,-0.128282,-0.457263,1.279000,0.9998,0.276667,-0.222225,1.143000,0.9268,-0.251759,-0.265014,1.117000,0.8775,0.327632,-0.079597,0.966000,0.9724,-0.163174,-0.194501,0.992000,0.9978,0.068349,0.016517,1.256000,0.9979,-0.103235,-0.002105,1.256000,0.9983
649,21.648943,1,0.187370,-0.416500,1.264000,0.9998,-0.128583,-0.458335,1.282000,0.9998,0.276667,-0.224108,1.143000,0.9283,-0.252210,-0.265488,1.119000,0.8768,0.330684,-0.080339,0.975000,0.9729,-0.163503,-0.194894,0.994000,0.9978,0.070529,0.016543,1.258000,0.9979,-0.103399,-0.002109,1.258000,0.9983
650,21.682300,1,0.185583,-0.417159,1.266000,0.9998,-0.128282,-0.457263,1.279000,0.9998,0.274305,-0.223716,1.141000,0.9297,-0.250858,-0.264065,1.113000,0.8758,0.329667,-0.080092,0.972000,0.9732,-0.163832,-0.195286,0.996000,0.9978,0.070417,0.016517,1.256000,0.9980,-0.103399,-0.002109,1.258000,0.9983
651,21.715658,1,0.186023,-0.418148,1.269000,0.9998,-0.128583,-0.458335,1.282000,0.9998,0.274305,-0.221836,1.141000,0.9293,-0.252210,-0.265488,1.119000,0.8751,0.329327,-0.078410,0.971000,0.9730,-0.163832,-0.195286,0.996000,0.9978,0.070697,0.018660,1.261000,0.9980,-0.103646,-0.000036,1.261000,0.9983
652,21.749015,1,0.185583,-0.417159,1.266000,0.9998,-0.128282,-0.457263,1.279000,0.9998,0.276667,-0.222225,1.143000,0.9294,-0.253112,-0.266437,1.123000,0.8755,0.331702,-0.078975,0.978000,0.9727,-0.161867,-0.194894,0.994000,0.9978,0.070697,0.016583,1.261000,0.9979,-0.103399,-0.000036,1.258000,0.9983
653,21.782372,1,0.188111,-0.418148,1.269000,0.9998,-0.128282,-0.457263,1.279000,0.9998,0.277151,-0.222614,1.145000,0.9305,-0.254013,-0.267386,1.127000,0.8721,0.330926,-0.078410,0.971000,0.9734,-0.161541,-0.194501,0.992000,0.9978,0.070865,0.018705,1.264000,0.9979,-0.106141,-0.000036,1.266000,0.9982
654,21.815730,1,0.188111,-0.416057,1.269000,0.9998,-0.128282,-0.457263,1.279000,0.9998,0.276667,-0.220342,1.143000,0.9306,-0.252210,-0.265488,1.119000,0.8676,0.328881,-0.076336,0.965000,0.9736,-0.161867,-0.193256,0.994000,0.9977,0.068458,0.020688,1.258000,0.9979,-0.105470,0.004109,1.258000,0.9982
655,21.849087,1,0.186926,-0.413434,1.261000,0.9998,-0.128583,-0.458335,1.282000,0.9998,0.277151,-0.222614,1.145000,0.9250,-0.252210,-0.265488,1.119000,0.8652,0.331362,-0.077285,0.977000,0.9703,-0.161541,-0.192867,0.992000,0.9974,0.074670,0.020688,1.258000,0.9977,-0.105470,0.008254,1.258000,0.9980
656,21.882444,1,0.187370,-0.416500,1.264000,0.9998,-0.128583,-0.458335,1.282000,0.9998,0.276667,-0.224108,1.143000,0.9252,-0.252210,-0.265488,1.119000,0.8681,0.331362,-0.078894,0.977000,0.9706,-0.161867,-0.193256,0.994000,0.9975,0.072599,0.020688,1.258000,0.9978,-0.105302,0.004102,1.256000,0.9981
657,21.915802,1,0.188111,-0.418148,1.269000,0.9998,-0.128282,-0.457263,1.279000,0.9998,0.277151,-0.224500,1.145000,0.9254,-0.254013,-0.267386,1.127000,0.8705,0.331702,-0.077364,0.978000,0.9705,-0.162681,-0.194228,0.999000,0.9975,0.077106,0.020787,1.264000,0.9977,-0.103399,0.004109,1.258000,0.9981
658,21.949159,1,0.188408,-0.418807,1.271000,0.9998,-0.128282,-0.457263,1.279000,0.9998,0.277151,-0.224500,1.145000,0.9267,-0.254013,-0.267386,1.127000,0.8725,0.332380,-0.077522,0.980000,0.9712,-0.164490,-0.194423,1.000000,0.9976,0.074670,0.020688,1.258000,0.9978,-0.103399,-0.004181,1.258000,0.9981
659,21.982516,1,0.188853,-0.419795,1.274000,0.9998,-0.128282,-0.457263,1.279000,0.9998,0.277574,-0.217694,1.139000,0.9290,-0.251759,-0.263174,1.117000,0.8766,0.331362,-0.075675,0.977000,0.9722,-0.164819,-0.194811,1.002000,0.9977,0.072772,0.020738,1.261000,0.9978,-0.103893,-0.002119,1.264000,0.9982
660,22.015874,1,0.187667,-0.417159,1.266000,0.9998,-0.128282,-0.457263,1.279000,0.9998,0.277574,-0.217694,1.139000,0.9290,-0.253112,-0.264587,1.123000,0.8775,0.329327,-0.075211,0.971000,0.9723,-0.164325,-0.192582,0.999000,0.9978,0.072484,0.020655,1.256000,0.9978,-0.102988,-0.002100,1.253000,0.9982
661,22.049231,1,0.188111,-0.418148,1.269000,0.9998,-0.128282,-0.457263,1.279000,0.9998,0.277086,-0.217312,1.137000,0.9290,-0.252661,-0.265963,1.121000,0.8756,0.331702,-0.075753,0.978000,0.9723,-0.164819,-0.193161,1.002000,0.9977,0.072484,0.020655,1.256000,0.9978,-0.103399,-0.000036,1.258000,0.9982
662,22.082588,1,0.188853,-0.417697,1.274000,0.9998,-0.128282,-0.457263,1.279000,0.9998,0.277574,-0.217694,1.139000,0.9311,-0.252661,-0.264116,1.121000,0.8761,0.331266,-0.073687,0.972000,0.9733,-0.165148,-0.193546,1.004000,0.9978,0.072946,0.020787,1.264000,0.9979,-0.106392,-0.000036,1.269000,0.9982
663,22.115946,1,0.187667,-0.415074,1.266000,0.9998,-0.126177,-0.457263,1.279000,0.9998,0.278061,-0.218077,1.141000,0.9320,-0.253112,-0.264587,1.123000,0.8800,0.330926,-0.073611,0.971000,0.9734,-0.164490,-0.192775,1.000000,0.9978,0.072599,0.020688,1.258000,0.9979,-0.105470,0.002036,1.258000,0.9982
664,22.149303,1,0.189451,-0.414418,1.264000,0.9998,-0.126177,-0.457263,1.279000,0.9998,0.277086,-0.217312,1.137000,0.9328,-0.252661,-0.264116,1.121000,0.8827,0.331948,-0.072234,0.974000,0.9736,-0.164490,-0.192775,1.000000,0.9979,0.072946,0.020787,1.264000,0.9979,-0.105721,-0.002114,1.261000,0.9983
665,22.182660,1,0.189750,-0.412988,1.266000,0.9998,-0.125881,-0.456190,1.276000,0.9998,0.276599,-0.215060,1.135000,0.9340,-0.253563,-0.266912,1.125000,0.8828,0.329903,-0.071789,0.968000,0.9740,-0.164819,-0.193161,1.002000,0.9979,0.072772,0.020738,1.261000,0.9979,-0.103893,-0.002119,1.264000,0.9983
666,22.216018,1,0.190200,-0.413967,1.269000,0.9998,-0.126177,-0.457263,1.279000,0.9998,0.278061,-0.216197,1.141000,0.9340,-0.253563,-0.266912,1.125000,0.8849,0.328881,-0.071566,0.965000,0.9735,-0.165148,-0.193546,1.004000,0.9980,0.070529,0.018616,1.258000,0.9980,-0.103646,-0.004191,1.261000,0.9983
667,22.249375,1,0.189451,-0.412336,1.264000,0.9998,-0.126177,-0.457263,1.279000,0.9998,0.277086,-0.213566,1.137000,0.9340,-0.253563,-0.265059,1.125000,0.8832,0.329222,-0.071640,0.966000,0.9733,-0.165806,-0.194317,1.008000,0.9980,0.070529,0.020688,1.258000,0.9980,-0.103399,-0.004181,1.258000,0.9984
668,22.282732,1,0.189001,-0.411357,1.261000,0.9998,-0.126177,-0.455156,1.279000,0.9998,0.277086,-0.213566,1.137000,0.9330,-0.250368,-0.263645,1.119000,0.8831,0.330926,-0.072011,0.971000,0.9729,-0.162844,-0.192775,1.000000,0.9980,0.070248,0.020606,1.253000,0.9980,-0.103646,-0.004191,1.261000,0.9984
669,22.316090,1,0.187802,-0.408747,1.253000,0.9998,-0.126177,-0.455156,1.279000,0.9998,0.276112,-0.212815,1.133000,0.9339,-0.249921,-0.263174,1.117000,0.8823,0.332971,-0.072456,0.977000,0.9734,-0.162355,-0.190554,0.997000,0.9980,0.074551,0.020655,1.256000,0.9980,-0.103399,-0.000036,1.258000,0.9983
670,22.349447,1,0.189001,-0.413434,1.261000,0.9998,-0.125881,-0.456190,1.276000,0.9998,0.276599,-0.215060,1.135000,0.9339,-0.250368,-0.263645,1.119000,0.8861,0.329903,-0.071789,0.968000,0.9733,-0.163169,-0.193161,1.002000,0.9980,0.072772,0.020738,1.261000,0.9981,-0.103646,-0.008346,1.261000,0.9984
671,22.382804,1,0.188551,-0.410378,1.258000,0.9998,-0.126177,-0.457263,1.279000,0.9998,0.278467,-0.213190,1.135000,0.9352,-0.250368,-0.263645,1.119000,0.8858,0.329222,-0.071640,0.966000,0.9737,-0.163169,-0.193161,1.002000,0.9981,0.068349,0.018586,1.256000,0.9981,-0.103646,-0.008346,1.261000,0.9984
672,22.416161,1,0.191077,-0.411357,1.261000,0.9998,-0.125881,-0.456190,1.276000,0.9998,0.277976,-0.212815,1.133000,0.9373,-0.251263,-0.264587,1.123000,0.8877,0.329903,-0.071789,0.968000,0.9746,-0.163984,-0.194125,1.007000,0.9981,0.068458,0.020688,1.258000,0.9981,-0.105470,-0.006253,1.258000,0.9984
673,22.449519,1,0.190622,-0.410378,1.258000,0.9998,-0.126177,-0.457263,1.279000,0.9998,0.277976,-0.212815,1.133000,0.9352,-0.250816,-0.264116,1.121000,0.8889,0.329222,-0.071640,0.966000,0.9741,-0.162192,-0.190363,0.996000,0.9981,0.068186,0.020606,1.253000,0.9982,-0.103893,-0.004201,1.264000,0.9985
674,22.482876,1,0.191077,-0.411357,1.261000,0.9998,-0.125881,-0.456190,1.276000,0.9998,0.277486,-0.212439,1.131000,0.9342,-0.250816,-0.264116,1.121000,0.8883,0.331497,-0.070194,0.968000,0.9740,-0.161867,-0.189981,0.994000,0.9981,0.068186,0.020606,1.253000,0.9982,-0.105302,-0.004174,1.256000,0.9985
675,22.516233,1,0.191531,-0.414418,1.264000,0.9998,-0.125881,-0.456190,1.276000,0.9998,0.277976,-0.212815,1.133000,0.9333,-0.250816,-0.264116,1.121000,0.8896,0.329903,-0.070194,0.968000,0.9740,-0.160553,-0.190363,0.996000,0.9981,0.068186,0.020606,1.253000,0.9982,-0.105051,-0.004164,1.253000,0.9985
676,22.549591,1,0.189864,-0.408747,1.253000,0.9998,-0.125881,-0.456190,1.276000,0.9998,0.278467,-0.213190,1.135000,0.9340,-0.248971,-0.264116,1.121000,0.8890,0.328757,-0.069614,0.960000,0.9741,-0.160553,-0.190363,0.996000,0.9982,0.068186,0.020606,1.253000,0.9982,-0.106141,-0.004208,1.266000,0.9985
677,22.582948,1,0.190319,-0.411795,1.256000,0.9998,-0.126177,-0.457263,1.279000,0.9999,0.277976,-0.212815,1.133000,0.9354,-0.248971,-0.264116,1.121000,0.8907,0.330469,-0.069977,0.965000,0.9746,-0.159908,-0.189599,0.992000,0.9982,0.068458,0.020688,1.258000,0.9982,-0.105470,-0.002109,1.258000,0.9985
678,22.616305,1,0.190622,-0.412451,1.258000,0.9998,-0.125881,-0.456190,1.276000,0.9998,0.276599,-0.215060,1.135000,0.9354,-0.247194,-0.262231,1.113000,0.8899,0.327387,-0.069324,0.956000,0.9745,-0.159908,-0.189599,0.992000,0.9981,0.068186,0.020606,1.253000,0.9982,-0.105470,-0.000036,1.258000,0.9984
679,22.649663,1,0.190319,-0.411795,1.256000,0.9998,-0.125684,-0.455475,1.274000,0.9998,0.276112,-0.214681,1.133000,0.9342,-0.247638,-0.260866,1.115000,0.8882,0.330812,-0.070049,0.966000,0.9737,-0.159747,-0.189408,0.991000,0.9981,0.070529,0.020688,1.258000,0.9981,-0.105470,-0.000036,1.258000,0.9984
680,22.683020,1,0.190319,-0.411795,1.256000,0.9998,-0.125881,-0.456190,1.276000,0.9998,0.276599,-0.215060,1.135000,0.9328,-0.248971,-0.262269,1.121000,0.8867,0.331025,-0.069759,0.962000,0.9732,-0.159908,-0.189599,0.992000,0.9980,0.070417,0.020655,1.256000,0.9981,-0.105721,-0.000036,1.261000,0.9984
681,22.716377,1,0.190622,-0.410378,1.258000,0.9998,-0.125684,-0.455475,1.274000,0.9998,0.277086,-0.213566,1.137000,0.9339,-0.248527,-0.261802,1.119000,0.8887,0.331369,-0.069831,0.963000,0.9731,-0.159908,-0.189599,0.992000,0.9980,0.070248,0.020606,1.253000,0.9981,-0.105973,-0.000036,1.264000,0.9984
682,22.749735,1,0.188804,-0.406464,1.246000,0.9998,-0.125684,-0.455475,1.274000,0.9998,0.276112,-0.214681,1.133000,0.9341,-0.248527,-0.261802,1.119000,0.8895,0.330469,-0.069977,0.965000,0.9729,-0.158595,-0.189981,0.994000,0.9981,0.070417,0.022725,1.256000,0.9981,-0.105470,0.002036,1.258000,0.9984
683,22.783092,1,0.189561,-0.408095,1.251000,0.9998,-0.125388,-0.454402,1.271000,0.9998,0.277086,-0.215439,1.137000,0.9328,-0.247194,-0.260398,1.113000,0.8861,0.329784,-0.069831,0.963000,0.9717,-0.158275,-0.189599,0.992000,0.9979,0.070136,0.022634,1.251000,0.9981,-0.105973,-0.000036,1.264000,0.9984
684,22.816449,1,0.188804,-0.406464,1.246000,0.9998,-0.125881,-0.456190,1.276000,0.9998,0.277574,-0.215818,1.139000,0.9315,-0.247194,-0.260398,1.113000,0.8855,0.329784,-0.069831,0.963000,0.9710,-0.159552,-0.189480,1.000000,0.9979,0.072599,0.020688,1.258000,0.9980,-0.103399,-0.000036,1.258000,0.9984
685,22.849807,1,0.189864,-0.410812,1.253000,0.9998,-0.125684,-0.457574,1.274000,0.9998,0.277574,-0.215818,1.139000,0.9323,-0.248527,-0.261802,1.119000,0.8903,0.329784,-0.071418,0.963000,0.9709,-0.157906,-0.189480,1.000000,0.9980,0.072772,0.018660,1.261000,0.9980,-0.103235,-0.004174,1.256000,0.9984
686,22.883164,1,0.188349,-0.407533,1.243000,0.9998,-0.125684,-0.457574,1.274000,0.9998,0.277086,-0.215439,1.137000,0.9348,-0.245803,-0.262703,1.115000,0.8891,0.329784,-0.071418,0.963000,0.9723,-0.158222,-0.189859,1.002000,0.9980,0.068077,0.018512,1.251000,0.9980,-0.105302,-0.004174,1.256000,0.9983
687,22.916521,1,0.189561,-0.410156,1.251000,0.9998,-0.123296,-0.456496,1.271000,0.9998,0.277086,-0.215439,1.137000,0.9352,-0.247126,-0.264116,1.121000,0.8836,0.332057,-0.071566,0.965000,0.9728,-0.156260,-0.189480,1.000000,0.9979,0.070417,0.018586,1.256000,0.9978,-0.105721,-0.002114,1.261000,0.9982
688,22.949879,1,0.189107,-0.409172,1.248000,0.9998,-0.123587,-0.457574,1.274000,0.9998,0.277086,-0.215439,1.137000,0.9352,-0.246244,-0.263174,1.117000,0.8852,0.332402,-0.071640,0.966000,0.9723,-0.156573,-0.189859,1.002000,0.9979,0.070697,0.018660,1.261000,0.9979,-0.105470,-0.002109,1.258000,0.9982
689,22.983236,1,0.188804,-0.408517,1.246000,0.9998,-0.123296,-0.456496,1.271000,0.9998,0.277086,-0.215439,1.137000,0.9360,-0.246244,-0.263174,1.117000,0.8822,0.331917,-0.071195,0.960000,0.9727,-0.156104,-0.187645,0.999000,0.9978,0.068186,0.020606,1.253000,0.9979,-0.108053,-0.000036,1.264000,0.9982
690,23.016593,1,0.190622,-0.412451,1.258000,0.9998,-0.123587,-0.457574,1.274000,0.9998,0.277574,-0.215818,1.139000,0.9355,-0.245803,-0.260866,1.115000,0.8792,0.331571,-0.071121,0.959000,0.9726,-0.156104,-0.187645,0.999000,0.9977,0.067914,0.020524,1.248000,0.9978,-0.108224,0.004135,1.266000,0.9981
691,23.049951,1,0.189864,-0.414940,1.253000,0.9998,-0.123296,-0.456496,1.271000,0.9998,0.278061,-0.219956,1.141000,0.9353,-0.243530,-0.260398,1.113000,0.8817,0.333646,-0.073156,0.965000,0.9721,-0.153996,-0.187082,0.996000,0.9977,0.068349,0.020655,1.256000,0.9979,-0.107541,0.002036,1.258000,0.9982
692,23.083308,1,0.188804,-0.412622,1.246000,0.9998,-0.123587,-0.457574,1.274000,0.9998,0.277574,-0.219571,1.139000,0.9357,-0.243530,-0.260398,1.113000,0.8779,0.333497,-0.072777,0.960000,0.9724,-0.152759,-0.183951,0.988000,0.9976,0.068349,0.022725,1.256000,0.9979,-0.109611,0.004109,1.258000,0.9982
693,23.116665,1,0.188804,-0.412622,1.246000,0.9998,-0.123102,-0.455778,1.269000,0.9998,0.278061,-0.219956,1.141000,0.9340,-0.242655,-0.259462,1.109000,0.8766,0.332108,-0.074049,0.956000,0.9718,-0.152913,-0.184137,0.989000,0.9973,0.068349,0.020655,1.256000,0.9979,-0.109872,0.004119,1.261000,0.9982
694,23.150023,1,0.189107,-0.411228,1.248000,0.9998,-0.123296,-0.456496,1.271000,0.9998,0.278958,-0.219185,1.137000,0.9328,-0.242655,-0.259462,1.109000,0.8698,0.332108,-0.075624,0.956000,0.9709,-0.152295,-0.183393,0.985000,0.9971,0.068077,0.020573,1.251000,0.9979,-0.109611,0.004109,1.258000,0.9982
695,23.183380,1,0.191161,-0.411228,1.248000,0.9998,-0.125388,-0.458590,1.271000,0.9998,0.279939,-0.219956,1.141000,0.9329,-0.243093,-0.259930,1.111000,0.8701,0.331065,-0.075386,0.953000,0.9710,-0.150674,-0.183393,0.985000,0.9971,0.070529,0.020688,1.258000,0.9979,-0.107541,0.004109,1.258000,0.9981
696,23.216737,1,0.190089,-0.408922,1.241000,0.9998,-0.125684,-0.459673,1.274000,0.9998,0.278958,-0.221058,1.137000,0.9304,-0.243530,-0.260398,1.113000,0.8701,0.331413,-0.077037,0.954000,0.9694,-0.153223,-0.186142,0.991000,0.9972,0.072772,0.018660,1.261000,0.9979,-0.108053,-0.002119,1.264000,0.9982
697,23.250095,1,0.191620,-0.412217,1.251000,0.9998,-0.125684,-0.459673,1.274000,0.9998,0.281817,-0.221836,1.141000,0.9324,-0.242655,-0.259462,1.109000,0.8665,0.333681,-0.078773,0.956000,0.9708,-0.152295,-0.183393,0.985000,0.9972,0.068077,0.022634,1.251000,0.9980,-0.107797,-0.000036,1.261000,0.9982
698,23.283452,1,0.192386,-0.411795,1.256000,0.9998,-0.125190,-0.457869,1.269000,0.9998,0.283571,-0.220281,1.133000,0.9342,-0.243530,-0.260398,1.113000,0.8596,0.331936,-0.078361,0.951000,0.9723,-0.152450,-0.183579,0.986000,0.9970,0.067914,0.022580,1.248000,0.9979,-0.108053,0.002046,1.264000,0.9981
699,23.316809,1,0.190089,-0.406877,1.241000,0.9998,-0.125684,-0.459673,1.274000,0.9998,0.284072,-0.222539,1.135000,0.9363,-0.244405,-0.261334,1.117000,0.8591,0.331936,-0.079928,0.951000,0.9734,-0.152913,-0.184137,0.989000,0.9970,0.065860,0.024636,1.248000,0.9980,-0.109872,0.002041,1.261000,0.9981
700,23.350167,1,0.190854,-0.408517,1.246000,0.9998,-0.125190,-0.457869,1.269000,0.9998,0.285073,-0.223324,1.139000,0.9379,-0.244405,-0.259493,1.117000,0.8553,0.332800,-0.081323,0.949000,0.9744,-0.153686,-0.185068,0.994000,0.9968,0.068077,0.024695,1.251000,0.9979,-0.109872,0.008273,1.261000,0.9980
701,23.383524,1,0.190395,-0.407533,1.243000,0.9998,-0.125388,-0.458590,1.271000,0.9998,0.286947,-0.223324,1.139000,0.9403,-0.245281,-0.260423,1.121000,0.8551,0.336307,-0.085340,0.959000,0.9756,-0.153686,-0.183431,0.994000,0.9968,0.068077,0.026756,1.251000,0.9979,-0.109175,0.008221,1.253000,0.9980
702,23.416882,1,0.189561,-0.410156,1.251000,0.9998,-0.125190,-0.457869,1.269000,0.9998,0.286947,-0.225200,1.139000,0.9402,-0.244405,-0.259493,1.117000,0.8501,0.334714,-0.086104,0.950000,0.9762,-0.154614,-0.184538,1.000000,0.9966,0.066124,0.026799,1.253000,0.9979,-0.109611,0.008254,1.258000,0.9979
703,23.450239,1,0.188804,-0.408517,1.246000,0.9998,-0.124401,-0.454982,1.261000,0.9998,0.285940,-0.224409,1.135000,0.9364,-0.245718,-0.260887,1.123000,0.8462,0.337694,-0.091182,0.954000,0.9750,-0.152509,-0.182342,0.997000,0.9965,0.070248,0.026799,1.253000,0.9978,-0.109001,0.008208,1.251000,0.9980
704,23.483597,1,0.189864,-0.410812,1.253000,0.9998,-0.124894,-0.456786,1.266000,0.9998,0.289165,-0.224014,1.133000,0.9367,-0.242655,-0.255808,1.109000,0.8439,0.333218,-0.091100,0.937000,0.9755,-0.152968,-0.182891,1.000000,0.9965,0.072599,0.026906,1.258000,0.9978,-0.109175,0.008221,1.253000,0.9979
705,23.516955,1,0.189107,-0.409172,1.248000,0.9998,-0.125190,-0.457869,1.269000,0.9998,0.289165,-0.227747,1.133000,0.9389,-0.244405,-0.257653,1.117000,0.8452,0.336190,-0.097690,0.941000,0.9765,-0.152050,-0.180156,0.994000,0.9966,0.070417,0.026863,1.256000,0.9979,-0.109611,0.008254,1.258000,0.9980
706,23.550312,1,0.189107,-0.409172,1.248000,0.9999,-0.125190,-0.457869,1.269000,0.9998,0.292378,-0.229208,1.131000,0.9404,-0.243968,-0.257192,1.115000,0.8409,0.336303,-0.101906,0.937000,0.9775,-0.152050,-0.180156,0.994000,0.9964,0.068186,0.026799,1.253000,0.9978,-0.111504,0.008241,1.256000,0.9979
707,23.583670,1,0.188804,-0.408517,1.246000,0.9999,-0.124697,-0.456064,1.264000,0.9998,0.294240,-0.232934,1.131000,0.9429,-0.243093,-0.256269,1.111000,0.8382,0.340112,-0.105217,0.939000,0.9789,-0.151592,-0.179612,0.991000,0.9964,0.067642,0.026585,1.243000,0.9978,-0.111682,0.008254,1.258000,0.9978
708,23.617027,1,0.187502,-0.412217,1.251000,0.9999,-0.124894,-0.456786,1.266000,0.9998,0.295280,-0.235628,1.135000,0.9428,-0.243093,-0.256269,1.111000,0.8333,0.343476,-0.111998,0.944000,0.9793,-0.151592,-0.179612,0.991000,0.9963,0.068186,0.022670,1.253000,0.9976,-0.111504,0.008241,1.256000,0.9976
709,23.650385,1,0.187053,-0.411228,1.248000,0.9999,-0.125190,-0.457869,1.269000,0.9998,0.296101,-0.236661,1.131000,0.9453,-0.244405,-0.257653,1.117000,0.8351,0.342106,-0.112591,0.936000,0.9804,-0.150827,-0.178706,0.986000,0.9964,0.070248,0.022670,1.253000,0.9976,-0.109611,0.008254,1.258000,0.9976
710,23.683742,1,0.187802,-0.412876,1.253000,0.9999,-0.127480,-0.458590,1.271000,0.9998,0.296625,-0.240812,1.133000,0.9476,-0.242655,-0.255808,1.109000,0.8353,0.344665,-0.119647,0.943000,0.9814,-0.150827,-0.178706,0.986000,0.9965,0.071907,0.020491,1.246000,0.9976,-0.109175,0.004092,1.253000,0.9976
711,23.717100,1,0.188349,-0.409581,1.243000,0.9999,-0.127279,-0.459959,1.269000,0.9998,0.296909,-0.239537,1.127000,0.9487,-0.242217,-0.255347,1.107000,0.8295,0.345187,-0.118759,0.936000,0.9820,-0.150062,-0.177800,0.981000,0.9965,0.070136,0.020573,1.251000,0.9976,-0.109611,0.004109,1.258000,0.9975
712,23.750458,1,0.188349,-0.411628,1.243000,0.9999,-0.126978,-0.456786,1.266000,0.9998,0.298490,-0.244545,1.133000,0.9500,-0.242217,-0.255347,1.107000,0.8279,0.345187,-0.120301,0.936000,0.9825,-0.149144,-0.176712,0.975000,0.9964,0.070136,0.020573,1.251000,0.9975,-0.109175,0.004092,1.253000,0.9974
713,23.783815,1,0.189561,-0.414278,1.251000,0.9999,-0.127480,-0.460684,1.271000,0.9998,0.298490,-0.248278,1.133000,0.9471,-0.242655,-0.255808,1.109000,0.8208,0.343712,-0.122857,0.932000,0.9817,-0.149144,-0.176712,0.975000,0.9963,0.070136,0.020573,1.251000,0.9974,-0.109175,0.004092,1.253000,0.9974
714,23.817173,1,0.186753,-0.412622,1.246000,0.9999,-0.126978,-0.456786,1.266000,0.9998,0.299824,-0.247840,1.131000,0.9488,-0.242655,-0.255808,1.109000,0.8236,0.345246,-0.125928,0.932000,0.9824,-0.149144,-0.176712,0.975000,0.9964,0.070136,0.020573,1.251000,0.9974,-0.109437,0.004102,1.256000,0.9973
715,23.850530,1,0.186753,-0.414675,1.246000,0.9999,-0.127480,-0.458590,1.271000,0.9998,0.299294,-0.249262,1.129000,0.9459,-0.242217,-0.255347,1.107000,0.8198,0.350803,-0.134195,0.947000,0.9817,-0.148685,-0.176168,0.972000,0.9964,0.070136,0.020573,1.251000,0.9973,-0.109175,0.004092,1.253000,0.9972
716,23.883888,1,0.187053,-0.415340,1.248000,0.9999,-0.127780,-0.461771,1.274000,0.9998,0.302219,-0.250145,1.133000,0.9450,-0.243530,-0.256731,1.113000,0.8204,0.351304,-0.137849,0.940000,0.9806,-0.148685,-0.176168,0.972000,0.9964,0.069968,0.020524,1.248000,0.9972,-0.109872,0.004119,1.261000,0.9972
717,23.917246,1,0.188551,-0.422813,1.258000,0.9999,-0.126176,-0.455972,1.258000,0.9998,0.302753,-0.254326,1.135000,0.9433,-0.243968,-0.257192,1.115000,0.8170,0.353546,-0.144963,0.946000,0.9797,-0.149144,-0.176712,0.975000,0.9960,0.069856,0.020491,1.246000,0.9972,-0.111682,0.006181,1.258000,0.9971
718,23.950603,1,0.187802,-0.421133,1.253000,0.9999,-0.127279,-0.459959,1.269000,0.9998,0.300885,-0.254326,1.135000,0.9422,-0.241780,-0.254885,1.105000,0.8086,0.356605,-0.150271,0.950000,0.9798,-0.148685,-0.176168,0.972000,0.9955,0.070136,0.018512,1.251000,0.9972,-0.111682,0.006181,1.258000,0.9972
719,23.983961,1,0.187802,-0.421133,1.253000,0.9999,-0.129062,-0.456786,1.266000,0.9998,0.303820,-0.257099,1.139000,0.9400,-0.240467,-0.253501,1.099000,0.8087,0.361247,-0.152475,0.954000,0.9789,-0.148685,-0.176168,0.972000,0.9954,0.069968,0.018468,1.248000,0.9972,-0.111504,0.006171,1.256000,0.9971
720,24.017318,1,0.187502,-0.420460,1.251000,0.9999,-0.129368,-0.457869,1.269000,0.9998,0.301945,-0.258975,1.139000,0.9368,-0.240905,-0.253963,1.101000,0.8059,0.357493,-0.150237,0.940000,0.9772,-0.148532,-0.175987,0.971000,0.9953,0.069688,0.016346,1.243000,0.9971,-0.109175,0.004092,1.253000,0.9971
721,24.050676,1,0.186753,-0.418780,1.246000,0.9999,-0.129368,-0.457869,1.269000,0.9998,0.303820,-0.258975,1.139000,0.9350,-0.244480,-0.255808,1.109000,0.8034,0.360186,-0.153824,0.943000,0.9762,-0.148532,-0.175987,0.971000,0.9952,0.068186,0.016478,1.253000,0.9971,-0.109175,0.004092,1.253000,0.9971
722,24.084033,1,0.188252,-0.424210,1.256000,0.9999,-0.128552,-0.454982,1.261000,0.9998,0.302475,-0.261310,1.141000,0.9310,-0.243158,-0.254424,1.103000,0.7993,0.359436,-0.154389,0.937000,0.9747,-0.148226,-0.175625,0.969000,0.9950,0.066124,0.016478,1.253000,0.9971,-0.111504,0.004102,1.256000,0.9971
723,24.117391,1,0.187802,-0.423197,1.253000,0.9999,-0.129572,-0.460684,1.271000,0.9998,0.302475,-0.261310,1.141000,0.9285,-0.244480,-0.255808,1.109000,0.7957,0.360587,-0.156432,0.940000,0.9734,-0.148226,-0.174028,0.969000,0.9947,0.063806,0.016412,1.248000,0.9970,-0.111504,0.004102,1.256000,0.9971
724,24.150749,1,0.188252,-0.424210,1.256000,0.9999,-0.129572,-0.458590,1.271000,0.9998,0.303536,-0.265998,1.145000,0.9249,-0.244039,-0.255347,1.107000,0.7926,0.359436,-0.157476,0.937000,0.9711,-0.148532,-0.174388,0.971000,0.9945,0.065596,0.016346,1.243000,0.9971,-0.111504,0.004102,1.256000,0.9971
725,24.184106,1,0.186184,-0.424210,1.256000,0.9999,-0.129572,-0.458590,1.271000,0.9998,0.303005,-0.265534,1.143000,0.9237,-0.244921,-0.256269,1.111000,0.7899,0.359052,-0.159706,0.932000,0.9706,-0.148532,-0.174388,0.971000,0.9944,0.068186,0.016478,1.253000,0.9970,-0.109437,0.004102,1.256000,0.9971
726,24.217464,1,0.186926,-0.425899,1.261000,0.9999,-0.129368,-0.457869,1.269000,0.9998,0.303005,-0.267417,1.143000,0.9225,-0.244921,-0.256269,1.111000,0.7848,0.356741,-0.161729,0.926000,0.9700,-0.148532,-0.174388,0.971000,0.9943,0.065754,0.016386,1.246000,0.9970,-0.109611,0.004109,1.258000,0.9971
727,24.250822,1,0.184998,-0.421508,1.248000,0.9999,-0.129368,-0.457869,1.269000,0.9998,0.304066,-0.272132,1.147000,0.9141,-0.244039,-0.255347,1.107000,0.7794,0.357896,-0.166845,0.929000,0.9641,-0.148226,-0.175625,0.969000,0.9939,0.067805,0.014333,1.246000,0.9970,-0.109175,0.004092,1.253000,0.9971
728,24.284179,1,0.186926,-0.425899,1.261000,0.9999,-0.129572,-0.458590,1.271000,0.9998,0.305954,-0.274021,1.147000,0.9126,-0.244921,-0.256269,1.111000,0.7751,0.357518,-0.170454,0.932000,0.9639,-0.150130,-0.175987,0.971000,0.9938,0.067805,0.014333,1.246000,0.9970,-0.109001,0.004086,1.251000,0.9971
729,24.317537,1,0.184410,-0.424886,1.258000,0.9999,-0.129062,-0.456786,1.266000,0.9998,0.307287,-0.277113,1.152000,0.9081,-0.243158,-0.254424,1.103000,0.7702,0.356367,-0.172966,0.929000,0.9609,-0.150130,-0.175987,0.971000,0.9934,0.071907,0.014333,1.246000,0.9969,-0.107113,0.004092,1.253000,0.9970
730,24.350894,1,0.183677,-0.423197,1.253000,0.9999,-0.131146,-0.456786,1.266000,0.9998,0.304066,-0.279690,1.147000,0.9037,-0.244921,-0.256269,1.111000,0.7682,0.356751,-0.177749,0.930000,0.9592,-0.150130,-0.175987,0.971000,0.9934,0.070136,0.014390,1.251000,0.9969,-0.107541,0.002036,1.258000,0.9971
731,24.384252,1,0.184850,-0.425899,1.261000,0.9999,-0.131974,-0.459673,1.274000,0.9998,0.305954,-0.281579,1.147000,0.8967,-0.244039,-0.255347,1.107000,0.7638,0.355217,-0.178510,0.926000,0.9548,-0.149666,-0.175444,0.968000,0.9928,0.070136,0.012330,1.251000,0.9968,-0.106942,0.002025,1.251000,0.9970
732,24.417609,1,0.183499,-0.427588,1.266000,0.9999,-0.131456,-0.457869,1.269000,0.9998,0.306754,-0.284210,1.150000,0.8927,-0.244039,-0.255347,1.107000,0.7606,0.354066,-0.179452,0.923000,0.9521,-0.149821,-0.175625,0.969000,0.9927,0.069968,0.012300,1.248000,0.9968,-0.107370,0.002033,1.256000,0.9970
733,24.450967,1,0.183499,-0.427588,1.266000,0.9999,-0.131664,-0.458590,1.271000,0.9998,0.309720,-0.287100,1.154000,0.8817,-0.244480,-0.255808,1.109000,0.7544,0.354066,-0.185534,0.923000,0.9467,-0.149821,-0.175625,0.969000,0.9924,0.072484,0.012379,1.256000,0.9967,-0.105051,0.002028,1.253000,0.9970
734,24.484324,1,0.181416,-0.429673,1.266000,0.9998,-0.132181,-0.460394,1.276000,0.9998,0.306452,-0.289502,1.156000,0.8732,-0.245362,-0.256731,1.113000,0.7526,0.354838,-0.191332,0.929000,0.9423,-0.149666,-0.175444,0.968000,0.9922,0.065754,0.012280,1.246000,0.9968,-0.106942,-0.000036,1.251000,0.9971
735,24.517681,1,0.181416,-0.429673,1.266000,0.9998,-0.131664,-0.458590,1.271000,0.9998,0.306982,-0.291911,1.158000,0.8683,-0.244921,-0.256269,1.111000,0.7515,0.352168,-0.192239,0.926000,0.9388,-0.149821,-0.175625,0.969000,0.9917,0.063550,0.012251,1.243000,0.9968,-0.109437,0.002033,1.256000,0.9971
736,24.551039,1,0.181416,-0.431759,1.266000,0.9998,-0.134071,-0.459673,1.274000,0.9998,0.306982,-0.293818,1.158000,0.8693,-0.243598,-0.254885,1.105000,0.7485,0.348751,-0.194236,0.921000,0.9406,-0.149821,-0.175625,0.969000,0.9910,0.069968,0.012300,1.248000,0.9967,-0.107113,0.002028,1.253000,0.9970
737,24.584396,1,0.179757,-0.434872,1.269000,0.9998,-0.133755,-0.458590,1.271000,0.9998,0.303605,-0.298024,1.167000,0.8610,-0.246244,-0.257653,1.117000,0.7525,0.349497,-0.198555,0.927000,0.9358,-0.150130,-0.175987,0.971000,0.9910,0.069856,0.010228,1.246000,0.9967,-0.107370,-0.004174,1.256000,0.9971
738,24.617754,1,0.177248,-0.433844,1.266000,0.9998,-0.134071,-0.459673,1.274000,0.9998,0.303085,-0.297514,1.165000,0.8547,-0.246750,-0.258100,1.111000,0.7558,0.346104,-0.198140,0.918000,0.9311,-0.149821,-0.175625,0.969000,0.9911,0.068186,0.010285,1.253000,0.9967,-0.107113,-0.002100,1.253000,0.9972
739,24.651111,1,0.177248,-0.433844,1.266000,0.9998,-0.134071,-0.459673,1.274000,0.9998,0.304126,-0.300461,1.169000,0.8511,-0.248082,-0.259493,1.117000,0.7576,0.346104,-0.199652,0.918000,0.9285,-0.149821,-0.175625,0.969000,0.9909,0.068349,0.010310,1.256000,0.9967,-0.106686,-0.002092,1.248000,0.9972
740,24.684469,1,0.180040,-0.433464,1.271000,0.9998,-0.133755,-0.460684,1.271000,0.9998,0.304646,-0.302904,1.171000,0.8449,-0.247638,-0.259029,1.115000,0.7545,0.347235,-0.204857,0.921000,0.9240,-0.149821,-0.175625,0.969000,0.9907,0.068077,0.010269,1.251000,0.9967,-0.108740,-0.002092,1.248000,0.9972
741,24.717826,1,0.177668,-0.432782,1.269000,0.9998,-0.134071,-0.459673,1.274000,0.9998,0.301305,-0.305354,1.173000,0.8410,-0.248527,-0.259958,1.119000,0.7608,0.344596,-0.203300,0.914000,0.9224,-0.148073,-0.175444,0.968000,0.9907,0.067805,0.010228,1.246000,0.9967,-0.107370,-0.002105,1.256000,0.9972
742,24.751184,1,0.179068,-0.436192,1.279000,0.9998,-0.133755,-0.458590,1.271000,0.9998,0.301305,-0.305354,1.173000,0.8323,-0.248082,-0.259493,1.117000,0.7655,0.344973,-0.206537,0.915000,0.9174,-0.149603,-0.178867,0.978000,0.9908,0.065754,0.010228,1.246000,0.9968,-0.109001,-0.000036,1.251000,0.9973
743,24.784541,1,0.179332,-0.431759,1.266000,0.9998,-0.134071,-0.461771,1.274000,0.9998,0.302589,-0.306656,1.178000,0.8220,-0.248082,-0.259493,1.117000,0.7696,0.345727,-0.208499,0.917000,0.9107,-0.148991,-0.178136,0.974000,0.9904,0.066018,0.010269,1.251000,0.9968,-0.106942,-0.000036,1.251000,0.9974
744,24.817898,1,0.178368,-0.434487,1.274000,0.9998,-0.133755,-0.458590,1.271000,0.9998,0.300791,-0.306762,1.171000,0.8210,-0.247638,-0.259029,1.115000,0.7773,0.344207,-0.208177,0.909000,0.9076,-0.148991,-0.178136,0.974000,0.9906,0.068186,0.010285,1.253000,0.9967,-0.105302,-0.002105,1.256000,0.9974
745,24.851256,1,0.178368,-0.434487,1.274000,0.9997,-0.134071,-0.459673,1.274000,0.9998,0.299885,-0.309746,1.175000,0.8134,-0.247638,-0.259029,1.115000,0.7770,0.347989,-0.215945,0.923000,0.9036,-0.151058,-0.178684,0.977000,0.9901,0.061257,0.012201,1.238000,0.9967,-0.107370,-0.000036,1.256000,0.9974
746,24.884614,1,0.178648,-0.437271,1.276000,0.9997,-0.134597,-0.461477,1.279000,0.9998,0.300650,-0.310537,1.178000,0.7960,-0.248527,-0.259958,1.119000,0.7756,0.345727,-0.214542,0.917000,0.8915,-0.150285,-0.177770,0.972000,0.9895,0.059458,0.012251,1.243000,0.9967,-0.111504,0.002033,1.256000,0.9974
747,24.917971,1,0.178648,-0.435169,1.276000,0.9997,-0.134282,-0.460394,1.276000,0.9997,0.301161,-0.311064,1.180000,0.7742,-0.247194,-0.258564,1.113000,0.7755,0.341556,-0.211032,0.902000,0.8752,-0.148991,-0.178136,0.974000,0.9889,0.059458,0.012251,1.243000,0.9967,-0.111682,0.002036,1.258000,0.9975
748,24.951328,1,0.177248,-0.431759,1.266000,0.9997,-0.134597,-0.461477,1.279000,0.9997,0.302589,-0.310537,1.178000,0.7596,-0.246306,-0.257635,1.109000,0.7764,0.344182,-0.211734,0.905000,0.8628,-0.148685,-0.177770,0.972000,0.9888,0.067914,0.012300,1.248000,0.9967,-0.109437,0.004102,1.256000,0.9975
749,24.984686,1,0.175856,-0.435558,1.271000,0.9997,-0.135847,-0.460684,1.271000,0.9997,0.303103,-0.313008,1.180000,0.7602,-0.248082,-0.259493,1.117000,0.7805,0.347985,-0.217088,0.915000,0.8620,-0.149450,-0.178684,0.977000,0.9891,0.067914,0.010244,1.248000,0.9967,-0.109611,-0.000036,1.258000,0.9975
750,25.018043,1,0.176271,-0.436586,1.274000,0.9997,-0.135847,-0.458590,1.271000,0.9997,0.302182,-0.314069,1.184000,0.7540,-0.247194,-0.258564,1.113000,0.7815,0.345722,-0.218118,0.913000,0.8610,-0.148991,-0.178136,0.974000,0.9893,0.066018,0.010269,1.251000,0.9968,-0.109175,-0.000036,1.253000,0.9976
751,25.051401,1,0.176963,-0.436192,1.279000,0.9997,-0.135313,-0.456786,1.266000,0.9997,0.303968,-0.315926,1.191000,0.7496,-0.246750,-0.258100,1.111000,0.7806,0.345722,-0.218118,0.913000,0.8588,-0.149144,-0.178318,0.975000,0.9891,0.065754,0.012280,1.246000,0.9966,-0.109001,0.002025,1.251000,0.9975
752,25.084758,1,0.176548,-0.435169,1.276000,0.9997,-0.136382,-0.460394,1.276000,0.9997,0.301161,-0.313008,1.180000,0.7497,-0.248971,-0.260423,1.121000,0.7816,0.346464,-0.217640,0.911000,0.8593,-0.148991,-0.178136,0.974000,0.9891,0.066124,0.014413,1.253000,0.9967,-0.111238,0.004092,1.253000,0.9975
753,25.118116,1,0.176963,-0.436192,1.279000,0.9997,-0.136702,-0.463584,1.279000,0.9997,0.302182,-0.314069,1.184000,0.7342,-0.248527,-0.259958,1.119000,0.7799,0.344525,-0.215490,0.902000,0.8469,-0.148991,-0.178136,0.974000,0.9887,0.066018,0.014390,1.251000,0.9966,-0.111060,0.004086,1.251000,0.9975
754,25.151473,1,0.178648,-0.435169,1.276000,0.9996,-0.136702,-0.463584,1.279000,0.9997,0.303617,-0.313538,1.182000,0.7303,-0.248971,-0.260423,1.121000,0.7802,0.343380,-0.214773,0.899000,0.8407,-0.149603,-0.180478,0.978000,0.9884,0.072195,0.012330,1.251000,0.9965,-0.107113,0.002028,1.253000,0.9975
755,25.184831,1,0.176548,-0.435169,1.276000,0.9996,-0.136382,-0.462496,1.276000,0.9997,0.303617,-0.313538,1.182000,0.7322,-0.248082,-0.259493,1.117000,0.7795,0.344182,-0.216207,0.905000,0.8438,-0.149909,-0.180847,0.980000,0.9886,0.072195,0.012330,1.251000,0.9965,-0.107113,0.002028,1.253000,0.9975
756,25.218188,1,0.179068,-0.436192,1.279000,0.9996,-0.136382,-0.462496,1.276000,0.9997,0.303617,-0.313538,1.182000,0.7368,-0.247194,-0.258564,1.113000,0.7828,0.341520,-0.214534,0.898000,0.8485,-0.151676,-0.181032,0.981000,0.9886,0.072022,0.012300,1.248000,0.9965,-0.106686,0.002020,1.248000,0.9975
757,25.251545,1,0.179068,-0.436192,1.279000,0.9996,-0.136702,-0.463584,1.279000,0.9997,0.303617,-0.313538,1.182000,0.7334,-0.247194,-0.258564,1.113000,0.7792,0.338477,-0.212623,0.890000,0.8445,-0.151676,-0.181032,0.981000,0.9881,0.070248,0.012349,1.253000,0.9965,-0.106942,0.002025,1.251000,0.9975
758,25.284903,1,0.177668,-0.432782,1.269000,0.9996,-0.136702,-0.463584,1.279000,0.9997,0.304131,-0.314069,1.184000,0.7267,-0.248082,-0.259493,1.117000,0.7783,0.336576,-0.211429,0.885000,0.8387,-0.151522,-0.182462,0.980000,0.9878,0.070529,0.012399,1.258000,0.9966,-0.107370,0.002033,1.256000,0.9976
759,25.318260,1,0.178648,-0.435169,1.276000,0.9996,-0.136168,-0.461771,1.274000,0.9997,0.303458,-0.315395,1.189000,0.7139,-0.248527,-0.259958,1.119000,0.7731,0.333983,-0.210712,0.882000,0.8300,-0.151058,-0.181903,0.977000,0.9875,0.070136,0.012330,1.251000,0.9966,-0.107370,0.002033,1.256000,0.9976
760,25.351618,1,0.177655,-0.437897,1.284000,0.9996,-0.136702,-0.463584,1.279000,0.9997,0.300994,-0.314865,1.187000,0.7152,-0.248971,-0.260423,1.121000,0.7753,0.330329,-0.210234,0.880000,0.8322,-0.151213,-0.182089,0.978000,0.9876,0.070136,0.010269,1.251000,0.9966,-0.107113,-0.000036,1.253000,0.9976
761,25.384975,1,0.178648,-0.435169,1.276000,0.9996,-0.136382,-0.462496,1.276000,0.9997,0.300233,-0.314069,1.184000,0.7064,-0.247194,-0.258564,1.113000,0.7691,0.330002,-0.210951,0.883000,0.8288,-0.151213,-0.182089,0.978000,0.9876,0.070529,0.010326,1.258000,0.9965,-0.107370,-0.000036,1.256000,0.9975
762,25.418333,1,0.178648,-0.435169,1.276000,0.9996,-0.136702,-0.463584,1.279000,0.9997,0.300048,-0.315926,1.191000,0.7044,-0.246750,-0.258100,1.111000,0.7682,0.329317,-0.212384,0.889000,0.8258,-0.151058,-0.181903,0.977000,0.9874,0.070417,0.010310,1.256000,0.9963,-0.106942,-0.000036,1.251000,0.9975
763,25.451690,1,0.177378,-0.437215,1.282000,0.9996,-0.136382,-0.462496,1.276000,0.9997,0.297587,-0.315395,1.189000,0.7100,-0.246306,-0.257635,1.109000,0.7710,0.327492,-0.213101,0.892000,0.8319,-0.151213,-0.182089,0.978000,0.9875,0.067914,0.010244,1.248000,0.9964,-0.107113,-0.000036,1.253000,0.9975
764,25.485047,1,0.177655,-0.440013,1.284000,0.9996,-0.137023,-0.464671,1.282000,0.9997,0.298087,-0.315926,1.191000,0.7164,-0.247638,-0.259029,1.115000,0.7687,0.321980,-0.213340,0.893000,0.8384,-0.151213,-0.182089,0.978000,0.9876,0.067805,0.008175,1.246000,0.9965,-0.107113,-0.000036,1.253000,0.9975
765,25.518405,1,0.176271,-0.436586,1.274000,0.9996,-0.135847,-0.460684,1.271000,0.9997,0.296127,-0.315926,1.191000,0.7226,-0.248527,-0.259958,1.119000,0.7730,0.319041,-0.213340,0.893000,0.8464,-0.151213,-0.182089,0.978000,0.9881,0.068186,0.006157,1.253000,0.9965,-0.107370,-0.000036,1.256000,0.9976
766,25.551762,1,0.176271,-0.434487,1.274000,0.9997,-0.136168,-0.459673,1.274000,0.9997,0.295630,-0.315395,1.189000,0.7278,-0.248527,-0.259958,1.119000,0.7706,0.315793,-0.213608,0.888000,0.8521,-0.150749,-0.181531,0.975000,0.9886,0.068186,0.006157,1.253000,0.9965,-0.104883,-0.002097,1.251000,0.9975
767,25.585120,1,0.176963,-0.436192,1.279000,0.9997,-0.136168,-0.459673,1.274000,0.9997,0.293673,-0.313437,1.189000,0.7306,-0.248527,-0.259958,1.119000,0.7712,0.311759,-0.213849,0.889000,0.8563,-0.151213,-0.182089,0.978000,0.9889,0.068349,0.002033,1.256000,0.9965,-0.104883,-0.004158,1.251000,0.9975
768,25.618477,1,0.174858,-0.436192,1.279000,0.9997,-0.136168,-0.459673,1.274000,0.9998,0.294167,-0.313964,1.191000,0.7320,-0.248082,-0.259493,1.117000,0.7696,0.308406,-0.214571,0.892000,0.8600,-0.153604,-0.183020,0.983000,0.9893,0.068349,-0.000036,1.256000,0.9965,-0.105470,-0.006253,1.258000,0.9976
769,25.651834,1,0.174858,-0.436192,1.279000,0.9997,-0.138482,-0.460394,1.276000,0.9998,0.292207,-0.313964,1.191000,0.7262,-0.249473,-0.259029,1.115000,0.7646,0.307282,-0.214811,0.893000,0.8590,-0.151213,-0.182089,0.978000,0.9893,0.068186,-0.002100,1.253000,0.9965,-0.103235,-0.006243,1.256000,0.9976
770,25.685192,1,0.176548,-0.433067,1.276000,0.9997,-0.138808,-0.461477,1.279000,0.9998,0.290246,-0.313964,1.191000,0.7188,-0.249921,-0.257653,1.117000,0.7570,0.307410,-0.218462,0.902000,0.8568,-0.151676,-0.182648,0.981000,0.9896,0.068186,-0.000036,1.253000,0.9965,-0.103399,-0.006253,1.258000,0.9976
771,25.718549,1,0.176271,-0.432388,1.274000,0.9997,-0.138482,-0.460394,1.276000,0.9998,0.290246,-0.313964,1.191000,0.7301,-0.249473,-0.257192,1.115000,0.7558,0.303428,-0.217735,0.899000,0.8654,-0.154072,-0.183579,0.986000,0.9900,0.068186,-0.000036,1.253000,0.9965,-0.103235,-0.006243,1.256000,0.9975
772,25.751907,1,0.175268,-0.435103,1.282000,0.9997,-0.138808,-0.461477,1.279000,0.9998,0.290246,-0.312002,1.191000,0.7432,-0.249921,-0.257653,1.117000,0.7640,0.301806,-0.218704,0.903000,0.8742,-0.153916,-0.183393,0.985000,0.9905,0.068186,-0.002100,1.253000,0.9964,-0.102577,-0.008260,1.248000,0.9975
773,25.785264,1,0.177378,-0.435103,1.282000,0.9997,-0.139133,-0.462559,1.282000,0.9998,0.289759,-0.309519,1.189000,0.7460,-0.248578,-0.256269,1.111000,0.7614,0.300319,-0.218704,0.903000,0.8778,-0.154541,-0.184137,0.989000,0.9908,0.068458,-0.002109,1.258000,0.9965,-0.103235,-0.008313,1.256000,0.9975
774,25.818622,1,0.177378,-0.435103,1.282000,0.9997,-0.138482,-0.460394,1.276000,0.9998,0.287318,-0.305087,1.187000,0.7490,-0.249026,-0.256731,1.113000,0.7634,0.295042,-0.215533,0.896000,0.8821,-0.153916,-0.183393,0.985000,0.9912,0.068077,-0.004158,1.251000,0.9965,-0.103235,-0.012451,1.256000,0.9975
775,25.851979,1,0.176548,-0.433067,1.276000,0.9997,-0.138808,-0.461477,1.279000,0.9998,0.281931,-0.303643,1.189000,0.7538,-0.249473,-0.257192,1.115000,0.7627,0.295678,-0.218179,0.907000,0.8872,-0.154072,-0.183579,0.986000,0.9914,0.065860,-0.004148,1.248000,0.9965,-0.103646,-0.012500,1.261000,0.9975
776,25.885336,1,0.176963,-0.434085,1.279000,0.9997,-0.138808,-0.461477,1.279000,0.9998,0.281931,-0.299725,1.189000,0.7613,-0.249921,-0.257653,1.117000,0.7668,0.292047,-0.216207,0.905000,0.8926,-0.154072,-0.183579,0.986000,0.9918,0.070136,-0.002097,1.251000,0.9964,-0.101570,-0.010423,1.261000,0.9974
777,25.918694,1,0.176963,-0.431978,1.279000,0.9997,-0.138482,-0.460394,1.276000,0.9998,0.284162,-0.288224,1.182000,0.7648,-0.249473,-0.257192,1.115000,0.7656,0.287852,-0.210162,0.892000,0.8961,-0.153916,-0.183393,0.985000,0.9923,0.070248,-0.002100,1.253000,0.9963,-0.101329,-0.010398,1.258000,0.9974
778,25.952051,1,0.177378,-0.432991,1.282000,0.9997,-0.138808,-0.459370,1.279000,0.9998,0.283200,-0.285308,1.178000,0.7744,-0.249921,-0.257653,1.117000,0.7719,0.283957,-0.207991,0.889000,0.9019,-0.154072,-0.183579,0.986000,0.9927,0.070417,-0.002105,1.256000,0.9963,-0.100926,-0.012421,1.253000,0.9974
779,25.985409,1,0.176963,-0.429871,1.279000,0.9997,-0.138808,-0.459370,1.279000,0.9998,0.281998,-0.284097,1.173000,0.7775,-0.249473,-0.257192,1.115000,0.7708,0.281031,-0.207991,0.889000,0.9055,-0.154385,-0.183951,0.988000,0.9929,0.070417,-0.002105,1.256000,0.9964,-0.101329,-0.010398,1.258000,0.9974
780,26.018766,1,0.176271,-0.428191,1.274000,0.9998,-0.139133,-0.460447,1.282000,0.9998,0.281998,-0.282165,1.173000,0.7858,-0.248578,-0.256269,1.111000,0.7736,0.281620,-0.211734,0.905000,0.9107,-0.153916,-0.183393,0.985000,0.9932,0.068186,-0.000036,1.253000,0.9964,-0.102988,-0.010357,1.253000,0.9974
781,26.052124,1,0.176271,-0.428191,1.274000,0.9998,-0.139133,-0.462559,1.282000,0.9998,0.278611,-0.282646,1.175000,0.7961,-0.250816,-0.260423,1.121000,0.7765,0.279873,-0.211172,0.909000,0.9160,-0.154541,-0.184137,0.989000,0.9933,0.068349,0.002033,1.256000,0.9964,-0.103399,-0.004181,1.258000,0.9974
782,26.085481,1,0.176548,-0.428863,1.276000,0.9998,-0.138808,-0.461477,1.279000,0.9998,0.280075,-0.276402,1.165000,0.8023,-0.249921,-0.259493,1.117000,0.7692,0.274023,-0.200894,0.890000,0.9197,-0.154541,-0.184137,0.989000,0.9932,0.066018,0.006147,1.251000,0.9964,-0.105302,-0.004174,1.256000,0.9974
783,26.118838,1,0.177655,-0.431552,1.284000,0.9998,-0.138808,-0.461477,1.279000,0.9998,0.281037,-0.275425,1.169000,0.8128,-0.250368,-0.259958,1.119000,0.7670,0.270840,-0.198851,0.894000,0.9253,-0.154854,-0.184510,0.991000,0.9933,0.064061,0.010285,1.253000,0.9963,-0.107113,-0.002100,1.253000,0.9973
784,26.152196,1,0.176963,-0.429871,1.279000,0.9998,-0.139133,-0.462559,1.282000,0.9998,0.278635,-0.274954,1.167000,0.8174,-0.250368,-0.259958,1.119000,0.7643,0.267862,-0.194810,0.889000,0.9282,-0.151986,-0.183020,0.983000,0.9931,0.064061,0.010285,1.253000,0.9964,-0.109872,-0.000036,1.261000,0.9973
785,26.185553,1,0.177378,-0.430879,1.282000,0.9998,-0.138482,-0.460394,1.276000,0.9998,0.277189,-0.275425,1.169000,0.8278,-0.250816,-0.260423,1.121000,0.7650,0.264367,-0.193607,0.897000,0.9330,-0.152450,-0.183579,0.986000,0.9930,0.064061,0.010285,1.253000,0.9964,-0.109437,0.002033,1.256000,0.9972
786,26.218911,1,0.176548,-0.428863,1.276000,0.9998,-0.138482,-0.460394,1.276000,0.9998,0.275735,-0.275897,1.171000,0.8390,-0.249921,-0.257653,1.117000,0.7666,0.264328,-0.195766,0.907000,0.9384,-0.151213,-0.182089,0.978000,0.9932,0.068621,0.010351,1.261000,0.9964,-0.107797,0.004119,1.261000,0.9971
787,26.252268,1,0.174858,-0.431978,1.279000,0.9998,-0.138808,-0.459370,1.279000,0.9998,0.273808,-0.275897,1.171000,0.8469,-0.249921,-0.257653,1.117000,0.7663,0.263705,-0.193415,0.910000,0.9424,-0.151522,-0.182462,0.980000,0.9934,0.068186,0.010285,1.253000,0.9965,-0.107797,-0.004191,1.261000,0.9972
788,26.285625,1,0.174858,-0.431978,1.279000,0.9998,-0.138265,-0.457574,1.274000,0.9998,0.273808,-0.272038,1.171000,0.8550,-0.249473,-0.257192,1.115000,0.7728,0.259037,-0.189596,0.899000,0.9466,-0.151676,-0.182648,0.981000,0.9937,0.066124,0.010285,1.253000,0.9964,-0.107797,-0.000036,1.261000,0.9971
789,26.318983,1,0.174858,-0.431978,1.279000,0.9998,-0.138482,-0.458292,1.276000,0.9998,0.272489,-0.276541,1.182000,0.8629,-0.249473,-0.257192,1.115000,0.7765,0.257271,-0.189385,0.898000,0.9504,-0.151676,-0.182648,0.981000,0.9938,0.068349,0.012379,1.256000,0.9964,-0.107541,0.004109,1.258000,0.9970
790,26.352340,1,0.175268,-0.432991,1.282000,0.9998,-0.138808,-0.459370,1.279000,0.9998,0.271881,-0.272038,1.171000,0.8700,-0.250368,-0.256271,1.119000,0.7760,0.256933,-0.188743,0.902000,0.9537,-0.152759,-0.185579,0.988000,0.9940,0.064061,0.012349,1.253000,0.9964,-0.109611,0.004109,1.258000,0.9970
791,26.385698,1,0.175268,-0.432991,1.282000,0.9998,-0.136702,-0.459370,1.279000,0.9998,0.272028,-0.274129,1.180000,0.8795,-0.249921,-0.255813,1.117000,0.7805,0.254245,-0.188952,0.903000,0.9577,-0.152913,-0.185767,0.989000,0.9941,0.063704,0.012280,1.246000,0.9964,-0.109611,0.004109,1.258000,0.9969
792,26.419055,1,0.173764,-0.429276,1.271000,0.9999,-0.136702,-0.459370,1.279000,0.9998,0.270875,-0.272968,1.175000,0.8862,-0.249921,-0.255813,1.117000,0.7807,0.254245,-0.188952,0.903000,0.9608,-0.152759,-0.185579,0.988000,0.9942,0.063704,0.012280,1.246000,0.9964,-0.109611,0.004109,1.258000,0.9969
793,26.452413,1,0.174448,-0.430965,1.276000,0.9999,-0.138808,-0.459370,1.279000,0.9998,0.272489,-0.274594,1.182000,0.8908,-0.249473,-0.255355,1.115000,0.7799,0.252479,-0.188743,0.902000,0.9632,-0.152913,-0.185767,0.989000,0.9943,0.061752,0.014356,1.248000,0.9964,-0.113571,0.008241,1.256000,0.9967
794,26.485770,1,0.175268,-0.432991,1.282000,0.9999,-0.138808,-0.459370,1.279000,0.9998,0.271416,-0.269648,1.169000,0.8949,-0.253112,-0.257187,1.123000,0.7784,0.248212,-0.185181,0.892000,0.9652,-0.152450,-0.185203,0.986000,0.9944,0.061900,0.014390,1.251000,0.9962,-0.113752,0.008254,1.258000,0.9966
795,26.519128,1,0.175541,-0.433667,1.284000,0.9999,-0.138808,-0.459370,1.279000,0.9998,0.271416,-0.269648,1.169000,0.8997,-0.250858,-0.254897,1.113000,0.7816,0.249960,-0.185388,0.893000,0.9672,-0.151986,-0.183020,0.983000,0.9944,0.063959,0.014390,1.251000,0.9963,-0.113752,0.008254,1.258000,0.9966
796,26.552485,1,0.175268,-0.432991,1.282000,0.9999,-0.139133,-0.460447,1.282000,0.9998,0.271416,-0.269648,1.169000,0.9050,-0.251759,-0.255813,1.117000,0.7849,0.248212,-0.185181,0.892000,0.9693,-0.154854,-0.186142,0.991000,0.9945,0.067914,0.014356,1.248000,0.9962,-0.109175,0.006157,1.253000,0.9965
797,26.585843,1,0.174448,-0.430965,1.276000,0.9999,-0.137023,-0.460447,1.282000,0.9998,0.272809,-0.272968,1.175000,0.9102,-0.251759,-0.255813,1.117000,0.7897,0.248403,-0.186426,0.898000,0.9714,-0.154385,-0.185579,0.988000,0.9946,0.068349,0.010310,1.256000,0.9963,-0.107541,-0.000036,1.258000,0.9966
798,26.619200,1,0.174448,-0.430965,1.276000,0.9999,-0.136702,-0.457263,1.279000,0.9998,0.276714,-0.271109,1.167000,0.9139,-0.254960,-0.257187,1.123000,0.7949,0.247020,-0.183917,0.893000,0.9730,-0.154541,-0.185767,0.989000,0.9949,0.070417,0.010310,1.256000,0.9961,-0.107370,0.002033,1.256000,0.9964
799,26.652558,1,0.174448,-0.430965,1.276000,0.9999,-0.136382,-0.456190,1.276000,0.9998,0.276240,-0.270644,1.165000,0.9176,-0.252661,-0.256729,1.121000,0.7893,0.247200,-0.185153,0.899000,0.9746,-0.153916,-0.185015,0.985000,0.9948,0.070417,0.008241,1.256000,0.9962,-0.107541,-0.004181,1.258000,0.9964
800,26.685915,1,0.174858,-0.431978,1.279000,0.9999,-0.136702,-0.457263,1.279000,0.9998,0.279330,-0.264287,1.154000,0.9215,-0.254052,-0.256271,1.119000,0.7924,0.247907,-0.185306,0.907000,0.9762,-0.154385,-0.185579,0.988000,0.9950,0.070417,0.008241,1.256000,0.9960,-0.107541,-0.000036,1.258000,0.9962
801,26.719273,1,0.174174,-0.430289,1.274000,0.9999,-0.136702,-0.457263,1.279000,0.9998,0.278362,-0.265265,1.150000,0.9264,-0.253112,-0.257187,1.123000,0.7973,0.250640,-0.187350,0.917000,0.9780,-0.154541,-0.185767,0.989000,0.9952,0.070529,0.010326,1.258000,0.9961,-0.107370,0.002033,1.256000,0.9963
802,26.752630,1,0.175952,-0.434680,1.287000,0.9999,-0.136168,-0.455475,1.274000,0.9998,0.279330,-0.266188,1.154000,0.9302,-0.252210,-0.256271,1.119000,0.8020,0.251304,-0.187460,0.925000,0.9794,-0.155323,-0.186706,0.994000,0.9954,0.070417,0.010310,1.256000,0.9962,-0.107541,0.002036,1.258000,0.9963
803,26.785988,1,0.175268,-0.432991,1.282000,0.9999,-0.136382,-0.456190,1.276000,0.9998,0.278362,-0.265265,1.150000,0.9330,-0.252661,-0.256729,1.121000,0.8020,0.251480,-0.189892,0.937000,0.9806,-0.154854,-0.186142,0.991000,0.9954,0.070417,0.010310,1.256000,0.9962,-0.107113,0.002028,1.253000,0.9963
804,26.819345,1,0.175268,-0.432991,1.282000,0.9999,-0.136382,-0.456190,1.276000,0.9998,0.278362,-0.265265,1.150000,0.9364,-0.252210,-0.256271,1.119000,0.8057,0.251842,-0.192527,0.950000,0.9818,-0.155010,-0.186330,0.992000,0.9955,0.070248,0.010285,1.253000,0.9963,-0.107797,0.002041,1.261000,0.9964
805,26.852703,1,0.175268,-0.432991,1.282000,0.9999,-0.137023,-0.458335,1.282000,0.9998,0.278846,-0.265727,1.152000,0.9390,-0.252210,-0.256271,1.119000,0.8090,0.247929,-0.188798,0.947000,0.9827,-0.154541,-0.185767,0.989000,0.9956,0.069968,0.010244,1.248000,0.9962,-0.107113,0.002028,1.253000,0.9963
806,26.886061,1,0.175268,-0.435103,1.282000,0.9999,-0.136382,-0.456190,1.276000,0.9998,0.274106,-0.266649,1.156000,0.9406,-0.252210,-0.256271,1.119000,0.8064,0.245330,-0.186447,0.943000,0.9834,-0.154541,-0.185767,0.989000,0.9955,0.068458,0.010326,1.258000,0.9963,-0.109611,0.002036,1.258000,0.9964
807,26.919418,1,0.175268,-0.435103,1.282000,0.9999,-0.136382,-0.456190,1.276000,0.9998,0.275531,-0.262386,1.154000,0.9434,-0.251759,-0.255813,1.117000,0.8111,0.241198,-0.185657,0.939000,0.9844,-0.154541,-0.185767,0.989000,0.9956,0.068458,0.010326,1.258000,0.9964,-0.106942,0.004086,1.251000,0.9965
808,26.952775,1,0.175268,-0.435103,1.282000,0.9999,-0.136168,-0.455475,1.274000,0.9998,0.275531,-0.260485,1.154000,0.9464,-0.251759,-0.255813,1.117000,0.8148,0.239375,-0.185090,0.944000,0.9854,-0.151522,-0.184076,0.980000,0.9958,0.068077,0.010269,1.251000,0.9965,-0.109001,0.004086,1.251000,0.9965
809,26.986133,1,0.174858,-0.434085,1.279000,0.9999,-0.136168,-0.455475,1.274000,0.9998,0.273382,-0.256567,1.145000,0.9492,-0.250858,-0.254897,1.113000,0.8187,0.240844,-0.187443,0.956000,0.9864,-0.151676,-0.184264,0.981000,0.9958,0.068186,0.010285,1.253000,0.9965,-0.109175,0.004092,1.253000,0.9965
810,27.019490,1,0.174448,-0.430965,1.276000,0.9999,-0.135847,-0.454402,1.271000,0.9998,0.266612,-0.244846,1.109000,0.9516,-0.250858,-0.254897,1.113000,0.8208,0.238520,-0.186855,0.953000,0.9872,-0.151676,-0.184264,0.981000,0.9959,0.067914,0.012300,1.248000,0.9965,-0.111238,0.004092,1.253000,0.9965
811,27.052848,1,0.175164,-0.427588,1.266000,0.9999,-0.136382,-0.456190,1.276000,0.9998,0.266751,-0.236664,1.080000,0.9526,-0.249956,-0.252154,1.109000,0.8305,0.237769,-0.186266,0.950000,0.9876,-0.153377,-0.187964,0.992000,0.9960,0.074373,0.012349,1.253000,0.9964,-0.111504,0.006171,1.256000,0.9964
812,27.086206,1,0.176548,-0.430965,1.276000,0.9999,-0.136702,-0.457263,1.279000,0.9998,0.264034,-0.234254,1.069000,0.9542,-0.250407,-0.252609,1.111000,0.8267,0.236454,-0.188029,0.951000,0.9882,-0.153686,-0.188343,0.994000,0.9960,0.074373,0.012349,1.253000,0.9965,-0.111948,-0.000036,1.261000,0.9964
813,27.119563,1,0.176548,-0.430965,1.276000,0.9999,-0.136382,-0.456190,1.276000,0.9998,0.260821,-0.228143,1.049000,0.9561,-0.249956,-0.252154,1.109000,0.8322,0.235383,-0.188425,0.953000,0.9887,-0.153916,-0.185015,0.985000,0.9961,0.074551,0.012379,1.256000,0.9963,-0.109175,0.006157,1.253000,0.9963
814,27.152921,1,0.176963,-0.431978,1.279000,0.9999,-0.136168,-0.455475,1.274000,0.9998,0.254853,-0.221235,1.025000,0.9575,-0.251759,-0.253973,1.117000,0.8314,0.234395,-0.187634,0.949000,0.9891,-0.152913,-0.187396,0.989000,0.9961,0.074373,0.012349,1.253000,0.9964,-0.109611,0.002036,1.258000,0.9963
815,27.186278,1,0.176548,-0.430965,1.276000,0.9999,-0.136168,-0.455475,1.274000,0.9998,0.257859,-0.225336,1.044000,0.9591,-0.250407,-0.252609,1.111000,0.8350,0.232097,-0.187041,0.946000,0.9897,-0.152759,-0.187207,0.988000,0.9961,0.074373,0.012349,1.253000,0.9963,-0.109175,0.002028,1.253000,0.9962
816,27.219636,1,0.176271,-0.430289,1.274000,0.9999,-0.136168,-0.455475,1.274000,0.9998,0.254107,-0.220587,1.022000,0.9606,-0.249956,-0.252154,1.109000,0.8327,0.231361,-0.186447,0.943000,0.9902,-0.153223,-0.187775,0.991000,0.9961,0.074254,0.012330,1.251000,0.9964,-0.111504,0.002033,1.256000,0.9963
817,27.252993,1,0.179068,-0.431978,1.279000,0.9999,-0.136168,-0.455475,1.274000,0.9998,0.255351,-0.221666,1.027000,0.9604,-0.250858,-0.253064,1.113000,0.8381,0.227615,-0.184668,0.934000,0.9902,-0.153377,-0.187964,0.992000,0.9961,0.074254,0.012330,1.251000,0.9964,-0.111504,0.006171,1.256000,0.9963
818,27.286351,1,0.179068,-0.431978,1.279000,0.9999,-0.136168,-0.455475,1.274000,0.9998,0.252864,-0.217833,1.017000,0.9605,-0.249505,-0.251699,1.107000,0.8281,0.226562,-0.183521,0.936000,0.9903,-0.152450,-0.186828,0.986000,0.9959,0.072195,0.014390,1.251000,0.9964,-0.111504,0.006171,1.256000,0.9963
819,27.319708,1,0.179068,-0.431978,1.279000,0.9999,-0.136168,-0.455475,1.274000,0.9998,0.255790,-0.218904,1.022000,0.9602,-0.250407,-0.252609,1.111000,0.8369,0.225262,-0.183718,0.937000,0.9903,-0.152450,-0.186828,0.986000,0.9960,0.072311,0.012349,1.253000,0.9963,-0.111504,0.006171,1.256000,0.9962
820,27.353066,1,0.178648,-0.430965,1.276000,0.9999,-0.136168,-0.455475,1.274000,0.9998,0.255289,-0.218475,1.020000,0.9615,-0.248604,-0.250790,1.103000,0.8397,0.220377,-0.179452,0.923000,0.9907,-0.152450,-0.186828,0.986000,0.9961,0.074670,0.012399,1.258000,0.9963,-0.111238,0.008221,1.253000,0.9961
821,27.386423,1,0.178368,-0.430289,1.274000,0.9999,-0.136382,-0.456190,1.276000,0.9998,0.255289,-0.218475,1.020000,0.9624,-0.249505,-0.251699,1.107000,0.8346,0.219332,-0.179841,0.925000,0.9909,-0.151986,-0.187879,0.983000,0.9960,0.074254,0.012330,1.251000,0.9963,-0.111682,0.004109,1.258000,0.9961
822,27.419781,1,0.178368,-0.430289,1.274000,0.9999,-0.135847,-0.454402,1.271000,0.9998,0.255289,-0.216795,1.020000,0.9633,-0.249055,-0.251245,1.105000,0.8325,0.218045,-0.180035,0.926000,0.9912,-0.151986,-0.187879,0.983000,0.9960,0.072022,0.014356,1.248000,0.9962,-0.111238,0.006157,1.253000,0.9960
823,27.453138,1,0.177948,-0.429276,1.271000,0.9999,-0.135847,-0.454402,1.271000,0.9998,0.253537,-0.215307,1.013000,0.9634,-0.248604,-0.250790,1.103000,0.8384,0.214884,-0.178674,0.919000,0.9913,-0.151676,-0.187496,0.981000,0.9959,0.076435,0.012349,1.253000,0.9961,-0.110794,0.006132,1.248000,0.9959
824,27.486495,1,0.180748,-0.430965,1.276000,0.9999,-0.136382,-0.456190,1.276000,0.9998,0.253287,-0.215095,1.012000,0.9642,-0.249055,-0.253065,1.105000,0.8353,0.215352,-0.179063,0.921000,0.9915,-0.151286,-0.190655,0.989000,0.9959,0.076923,0.012428,1.261000,0.9962,-0.111238,0.002028,1.253000,0.9959
825,27.519853,1,0.179068,-0.429871,1.279000,0.9999,-0.136168,-0.455475,1.274000,0.9998,0.257472,-0.217220,1.022000,0.9655,-0.249505,-0.253523,1.107000,0.8386,0.212551,-0.177739,0.922000,0.9919,-0.151133,-0.190462,0.988000,0.9961,0.076435,0.012349,1.253000,0.9961,-0.111504,0.006171,1.256000,0.9959
826,27.553210,1,0.180040,-0.427182,1.271000,0.9999,-0.136168,-0.455475,1.274000,0.9998,0.256040,-0.217433,1.023000,0.9658,-0.249055,-0.253065,1.105000,0.8418,0.211033,-0.177739,0.922000,0.9918,-0.149658,-0.190655,0.989000,0.9961,0.076435,0.012349,1.253000,0.9962,-0.111504,0.006171,1.256000,0.9959
827,27.586567,1,0.180748,-0.428863,1.276000,0.9999,-0.135847,-0.454402,1.271000,0.9998,0.251931,-0.216795,1.020000,0.9663,-0.249505,-0.253523,1.107000,0.8460,0.207321,-0.177160,0.919000,0.9920,-0.149052,-0.189884,0.985000,0.9961,0.076008,0.012280,1.246000,0.9963,-0.113571,0.006171,1.256000,0.9960
828,27.619925,1,0.180748,-0.428863,1.276000,0.9999,-0.136382,-0.456190,1.276000,0.9998,0.252425,-0.217220,1.022000,0.9670,-0.249956,-0.253981,1.109000,0.8507,0.206257,-0.179063,0.921000,0.9921,-0.149506,-0.190462,0.988000,0.9962,0.076618,0.010310,1.256000,0.9962,-0.111238,0.006157,1.253000,0.9960
829,27.653282,1,0.181173,-0.427764,1.279000,0.9999,-0.136702,-0.457263,1.279000,0.9998,0.263643,-0.219558,1.033000,0.9676,-0.250407,-0.254439,1.111000,0.8490,0.205630,-0.178317,0.925000,0.9923,-0.147993,-0.186923,0.978000,0.9962,0.072195,0.010269,1.251000,0.9962,-0.111504,0.006171,1.256000,0.9959
830,27.686639,1,0.180748,-0.426761,1.276000,0.9999,-0.136168,-0.455475,1.274000,0.9998,0.265087,-0.217645,1.032000,0.9682,-0.249505,-0.253523,1.107000,0.8560,0.205185,-0.179452,0.923000,0.9923,-0.148750,-0.189498,0.983000,0.9962,0.076618,0.008241,1.256000,0.9961,-0.111238,0.006157,1.253000,0.9959
831,27.719997,1,0.178648,-0.426761,1.276000,0.9999,-0.136168,-0.455475,1.274000,0.9998,0.265857,-0.218278,1.035000,0.9694,-0.250407,-0.254439,1.111000,0.8573,0.202147,-0.179452,0.923000,0.9926,-0.148750,-0.189498,0.983000,0.9963,0.076435,0.008221,1.253000,0.9961,-0.111060,0.002025,1.251000,0.9959
832,27.753354,1,0.181173,-0.425657,1.279000,0.9999,-0.136382,-0.456190,1.276000,0.9998,0.272277,-0.217619,1.040000,0.9703,-0.250407,-0.254439,1.111000,0.8584,0.201062,-0.179841,0.925000,0.9929,-0.149052,-0.189884,0.985000,0.9963,0.072311,0.010285,1.253000,0.9960,-0.111504,0.004102,1.256000,0.9957
833,27.786711,1,0.181173,-0.425657,1.279000,0.9999,-0.136168,-0.455475,1.274000,0.9998,0.276231,-0.216321,1.042000,0.9714,-0.250858,-0.254897,1.113000,0.8629,0.200403,-0.182149,0.929000,0.9930,-0.148750,-0.189498,0.983000,0.9964,0.072195,0.010269,1.251000,0.9960,-0.111238,0.008221,1.253000,0.9957
834,27.820069,1,0.180748,-0.426761,1.276000,0.9999,-0.136382,-0.458292,1.276000,0.9998,0.276360,-0.217774,1.049000,0.9710,-0.250407,-0.254439,1.111000,0.8676,0.199944,-0.183129,0.934000,0.9928,-0.149052,-0.189884,0.985000,0.9965,0.074373,0.008221,1.253000,0.9956,-0.111504,0.006171,1.256000,0.9953
835,27.853426,1,0.179068,-0.427764,1.279000,0.9999,-0.136382,-0.458292,1.276000,0.9998,0.273324,-0.216736,1.044000,0.9712,-0.247683,-0.253523,1.107000,0.8610,0.197502,-0.183718,0.937000,0.9930,-0.148296,-0.187305,0.980000,0.9964,0.067914,0.008188,1.248000,0.9957,-0.111238,0.006157,1.253000,0.9954
836,27.886783,1,0.180748,-0.426761,1.276000,0.9999,-0.136382,-0.458292,1.276000,0.9998,0.274633,-0.217774,1.049000,0.9716,-0.247236,-0.253065,1.105000,0.8665,0.194914,-0.181202,0.932000,0.9931,-0.149204,-0.190076,0.986000,0.9965,0.070248,0.008221,1.253000,0.9955,-0.111504,0.006171,1.256000,0.9952
837,27.920141,1,0.180465,-0.426092,1.274000,0.9999,-0.137023,-0.460447,1.282000,0.9998,0.274110,-0.217359,1.047000,0.9721,-0.247683,-0.253523,1.107000,0.8688,0.192758,-0.180619,0.929000,0.9931,-0.148296,-0.187305,0.980000,0.9965,0.067805,0.008175,1.246000,0.9954,-0.111238,0.006157,1.253000,0.9951
838,27.953498,1,0.180465,-0.426092,1.274000,0.9999,-0.136702,-0.459370,1.279000,0.9998,0.272907,-0.217774,1.049000,0.9719,-0.249956,-0.253981,1.109000,0.8709,0.193380,-0.181202,0.932000,0.9930,-0.148296,-0.187305,0.980000,0.9965,0.068349,0.008241,1.256000,0.9953,-0.111238,0.006157,1.253000,0.9950
839,27.986855,1,0.180748,-0.426761,1.276000,0.9999,-0.136168,-0.457574,1.274000,0.9998,0.274728,-0.219227,1.056000,0.9725,-0.250858,-0.254897,1.113000,0.8738,0.191129,-0.181980,0.936000,0.9931,-0.146234,-0.186732,0.977000,0.9966,0.066124,0.008221,1.253000,0.9952,-0.111504,0.006171,1.256000,0.9950
840,28.020213,1,0.180465,-0.426092,1.274000,0.9999,-0.136702,-0.459370,1.279000,0.9998,0.272907,-0.217774,1.049000,0.9729,-0.250407,-0.254439,1.111000,0.8757,0.188170,-0.180619,0.929000,0.9930,-0.145934,-0.186350,0.975000,0.9967,0.066124,0.008221,1.253000,0.9951,-0.111238,0.006157,1.253000,0.9949
841,28.053570,1,0.180748,-0.426761,1.276000,0.9999,-0.136382,-0.458292,1.276000,0.9998,0.268940,-0.217359,1.047000,0.9726,-0.249956,-0.253981,1.109000,0.8769,0.182002,-0.179063,0.921000,0.9929,-0.145785,-0.186158,0.974000,0.9968,0.066018,0.006147,1.251000,0.9951,-0.111504,0.006171,1.256000,0.9949
842,28.086927,1,0.179757,-0.424420,1.269000,0.9999,-0.136168,-0.457574,1.274000,0.9998,0.269453,-0.217774,1.049000,0.9733,-0.248131,-0.253981,1.109000,0.8816,0.177069,-0.178674,0.919000,0.9929,-0.145785,-0.186158,0.974000,0.9969,0.068186,0.004092,1.253000,0.9950,-0.109175,0.006157,1.253000,0.9948
843,28.120285,1,0.180748,-0.426761,1.276000,0.9999,-0.136382,-0.458292,1.276000,0.9998,0.269513,-0.219227,1.056000,0.9727,-0.249055,-0.254885,1.105000,0.8808,0.174410,-0.177508,0.913000,0.9928,-0.145336,-0.185585,0.971000,0.9970,0.066018,0.004086,1.251000,0.9950,-0.109175,0.002028,1.253000,0.9948
844,28.153642,1,0.180748,-0.426761,1.276000,0.9999,-0.137023,-0.460447,1.282000,0.9998,0.268748,-0.218605,1.053000,0.9735,-0.250407,-0.256269,1.111000,0.8870,0.173665,-0.178285,0.917000,0.9929,-0.145485,-0.185776,0.972000,0.9971,0.063704,0.002017,1.246000,0.9948,-0.108740,0.002020,1.248000,0.9948
845,28.187000,1,0.180748,-0.426761,1.276000,0.9999,-0.136702,-0.459370,1.279000,0.9998,0.269513,-0.220967,1.056000,0.9734,-0.249956,-0.255808,1.109000,0.8888,0.171029,-0.177119,0.911000,0.9928,-0.144887,-0.185012,0.968000,0.9972,0.063806,-0.000036,1.248000,0.9947,-0.109001,-0.000036,1.251000,0.9946
846,28.220357,1,0.181173,-0.427764,1.279000,0.9999,-0.135847,-0.456496,1.271000,0.9998,0.263770,-0.219084,1.047000,0.9735,-0.250407,-0.256269,1.111000,0.8911,0.170654,-0.176730,0.909000,0.9928,-0.145036,-0.185203,0.969000,0.9973,0.066124,-0.002100,1.253000,0.9947,-0.109175,-0.002100,1.253000,0.9947
847,28.253714,1,0.177948,-0.425088,1.271000,0.9999,-0.136702,-0.459370,1.279000,0.9998,0.267775,-0.220967,1.056000,0.9737,-0.250858,-0.256731,1.113000,0.8888,0.169902,-0.177508,0.913000,0.9929,-0.144587,-0.184629,0.966000,0.9973,0.063806,-0.002092,1.248000,0.9948,-0.109175,-0.004164,1.253000,0.9947
848,28.287072,1,0.179068,-0.427764,1.279000,0.9999,-0.136382,-0.458292,1.276000,0.9998,0.267268,-0.220549,1.054000,0.9734,-0.249505,-0.255347,1.107000,0.8923,0.168584,-0.177702,0.914000,0.9926,-0.144587,-0.184629,0.966000,0.9973,0.063550,-0.004131,1.243000,0.9947,-0.109001,-0.004158,1.251000,0.9947
849,28.320429,1,0.179068,-0.427764,1.279000,0.9999,-0.136702,-0.459370,1.279000,0.9998,0.262047,-0.219084,1.047000,0.9726,-0.249505,-0.255347,1.107000,0.8877,0.166348,-0.176925,0.910000,0.9925,-0.144887,-0.185012,0.968000,0.9973,0.059698,-0.004148,1.248000,0.9947,-0.109437,-0.004174,1.256000,0.9947
850,28.353786,1,0.178648,-0.426761,1.276000,0.9999,-0.136702,-0.459370,1.279000,0.9998,0.261796,-0.218875,1.046000,0.9730,-0.249505,-0.255347,1.107000,0.8883,0.165394,-0.177508,0.913000,0.9924,-0.144587,-0.184629,0.966000,0.9973,0.059698,-0.002092,1.248000,0.9945,-0.109175,-0.000036,1.253000,0.9945
851,28.387144,1,0.178648,-0.426761,1.276000,0.9999,-0.136702,-0.459370,1.279000,0.9998,0.265300,-0.221804,1.060000,0.9737,-0.251309,-0.259029,1.115000,0.8906,0.164851,-0.176925,0.910000,0.9926,-0.144887,-0.185012,0.968000,0.9973,0.061653,-0.002088,1.246000,0.9946,-0.109437,-0.000036,1.256000,0.9946
852,28.420501,1,0.176548,-0.426761,1.276000,0.9999,-0.136702,-0.459370,1.279000,0.9998,0.262547,-0.219502,1.049000,0.9744,-0.250407,-0.258100,1.111000,0.8900,0.165575,-0.177702,0.914000,0.9929,-0.145036,-0.185203,0.969000,0.9974,0.059458,0.002012,1.243000,0.9946,-0.109175,0.002028,1.253000,0.9947
853,28.453858,1,0.176963,-0.427764,1.279000,0.9999,-0.136382,-0.458292,1.276000,0.9998,0.264299,-0.220967,1.056000,0.9737,-0.250407,-0.258100,1.111000,0.8921,0.166481,-0.178674,0.919000,0.9927,-0.145336,-0.187185,0.971000,0.9974,0.061999,0.002028,1.253000,0.9946,-0.109437,0.004102,1.256000,0.9947
854,28.487216,1,0.176963,-0.427764,1.279000,0.9999,-0.136382,-0.458292,1.276000,0.9998,0.265300,-0.221804,1.060000,0.9736,-0.249956,-0.255808,1.109000,0.8917,0.164968,-0.178674,0.919000,0.9925,-0.145934,-0.189562,0.975000,0.9974,0.061752,0.004076,1.248000,0.9946,-0.109175,0.004092,1.253000,0.9947
855,28.520573,1,0.176548,-0.426761,1.276000,0.9999,-0.137023,-0.460447,1.282000,0.9998,0.265801,-0.222223,1.062000,0.9736,-0.250407,-0.256269,1.111000,0.8928,0.164167,-0.179452,0.923000,0.9924,-0.145485,-0.188979,0.972000,0.9975,0.061752,0.004076,1.248000,0.9947,-0.111238,0.004092,1.253000,0.9948
856,28.553930,1,0.176963,-0.427764,1.279000,0.9999,-0.136382,-0.458292,1.276000,0.9998,0.263058,-0.221386,1.058000,0.9742,-0.249505,-0.255347,1.107000,0.8936,0.163278,-0.178480,0.918000,0.9926,-0.145785,-0.189368,0.974000,0.9975,0.061405,0.004053,1.241000,0.9947,-0.111238,0.006157,1.253000,0.9948
857,28.587288,1,0.174858,-0.429871,1.279000,0.9999,-0.138482,-0.458292,1.276000,0.9998,0.262561,-0.220967,1.056000,0.9740,-0.249505,-0.253523,1.107000,0.8959,0.160954,-0.179258,0.922000,0.9924,-0.145785,-0.189368,0.974000,0.9974,0.061504,0.004060,1.243000,0.9948,-0.111238,0.006157,1.253000,0.9948
858,28.620645,1,0.174448,-0.430965,1.276000,0.9999,-0.138482,-0.458292,1.276000,0.9998,0.265793,-0.223687,1.069000,0.9733,-0.250873,-0.254885,1.105000,0.8896,0.158572,-0.178285,0.917000,0.9921,-0.145336,-0.188784,0.971000,0.9973,0.061900,0.004086,1.251000,0.9948,-0.111504,0.006171,1.256000,0.9948
859,28.654002,1,0.172753,-0.431978,1.279000,0.9999,-0.138265,-0.457574,1.274000,0.9998,0.264302,-0.222432,1.063000,0.9711,-0.249956,-0.255808,1.109000,0.8853,0.155693,-0.176730,0.909000,0.9910,-0.146383,-0.191756,0.978000,0.9972,0.061504,0.006108,1.243000,0.9947,-0.113571,0.008241,1.256000,0.9948
860,28.687360,1,0.173158,-0.435103,1.282000,0.9999,-0.138808,-0.461477,1.279000,0.9998,0.266539,-0.224315,1.072000,0.9692,-0.250407,-0.258100,1.111000,0.8852,0.155045,-0.177702,0.914000,0.9898,-0.146683,-0.192149,0.980000,0.9972,0.063959,0.004086,1.251000,0.9946,-0.111504,0.006171,1.256000,0.9948
861,28.720717,1,0.170247,-0.433067,1.276000,0.9999,-0.138482,-0.460394,1.276000,0.9998,0.266291,-0.224106,1.071000,0.9692,-0.250407,-0.258100,1.111000,0.8802,0.154536,-0.178620,0.911000,0.9901,-0.146383,-0.191756,0.978000,0.9971,0.063550,0.004060,1.243000,0.9948,-0.111060,0.006147,1.251000,0.9949
862,28.754074,1,0.171048,-0.435103,1.282000,0.9999,-0.138482,-0.460394,1.276000,0.9998,0.265793,-0.223687,1.069000,0.9691,-0.249505,-0.257170,1.107000,0.8769,0.153372,-0.179012,0.913000,0.9901,-0.146683,-0.192149,0.980000,0.9972,0.063959,0.004086,1.251000,0.9947,-0.111504,0.006171,1.256000,0.9948
863,28.787431,1,0.171048,-0.435103,1.282000,0.9999,-0.138808,-0.461477,1.279000,0.9998,0.265296,-0.223269,1.067000,0.9690,-0.253598,-0.257653,1.117000,0.8796,0.153036,-0.178620,0.911000,0.9901,-0.148447,-0.192345,0.981000,0.9972,0.064215,0.002033,1.256000,0.9947,-0.111238,0.006157,1.253000,0.9949
864,28.820789,1,0.170648,-0.436192,1.279000,0.9999,-0.138482,-0.460394,1.276000,0.9998,0.266291,-0.224106,1.071000,0.9683,-0.252236,-0.256269,1.111000,0.8808,0.151537,-0.180121,0.911000,0.9898,-0.148296,-0.192149,0.980000,0.9973,0.063959,-0.000036,1.251000,0.9947,-0.107113,-0.000036,1.253000,0.9949
865,28.854146,1,0.170648,-0.436192,1.279000,0.9999,-0.138808,-0.461477,1.279000,0.9998,0.265793,-0.223687,1.069000,0.9678,-0.249055,-0.254885,1.105000,0.8801,0.149873,-0.179923,0.910000,0.9899,-0.147539,-0.189562,0.975000,0.9974,0.059841,-0.000036,1.251000,0.9949,-0.107541,-0.002109,1.258000,0.9951
866,28.887503,1,0.170648,-0.436192,1.279000,0.9999,-0.139133,-0.462559,1.282000,0.9998,0.268031,-0.225571,1.078000,0.9671,-0.249505,-0.255347,1.107000,0.8828,0.150531,-0.182219,0.914000,0.9897,-0.147085,-0.188979,0.972000,0.9975,0.063550,-0.002083,1.243000,0.9949,-0.102988,-0.002100,1.253000,0.9951
867,28.920861,1,0.171048,-0.439327,1.282000,0.9999,-0.138265,-0.459673,1.274000,0.9998,0.267534,-0.225152,1.076000,0.9656,-0.248604,-0.254424,1.103000,0.8861,0.147523,-0.183725,0.914000,0.9892,-0.147085,-0.188979,0.972000,0.9975,0.063704,-0.010299,1.246000,0.9950,-0.103399,-0.010398,1.258000,0.9953
868,28.954218,1,0.171048,-0.439327,1.282000,0.9999,-0.138808,-0.461477,1.279000,0.9998,0.266539,-0.224315,1.072000,0.9634,-0.249956,-0.257635,1.109000,0.8818,0.147684,-0.185434,0.915000,0.9885,-0.147085,-0.188979,0.972000,0.9975,0.063704,-0.010299,1.246000,0.9951,-0.101168,-0.012451,1.256000,0.9954
869,28.987575,1,0.170648,-0.438299,1.279000,0.9999,-0.137939,-0.458590,1.271000,0.9998,0.268031,-0.225571,1.078000,0.9628,-0.249055,-0.256706,1.105000,0.8819,0.147776,-0.188984,0.925000,0.9884,-0.146631,-0.188395,0.969000,0.9975,0.063704,-0.012352,1.246000,0.9952,-0.101168,-0.012451,1.256000,0.9955
870,29.020933,1,0.173158,-0.437215,1.282000,0.9999,-0.138265,-0.459673,1.274000,0.9998,0.267534,-0.225152,1.076000,0.9638,-0.249505,-0.257170,1.107000,0.8835,0.148095,-0.190920,0.927000,0.9887,-0.146934,-0.187185,0.971000,0.9975,0.065754,-0.014404,1.246000,0.9951,-0.098706,-0.014462,1.251000,0.9955
871,29.054290,1,0.172348,-0.435169,1.276000,0.9999,-0.138482,-0.460394,1.276000,0.9998,0.266539,-0.226081,1.072000,0.9633,-0.249956,-0.257635,1.109000,0.8824,0.145937,-0.190096,0.923000,0.9885,-0.146934,-0.187185,0.971000,0.9974,0.065490,-0.016391,1.241000,0.9951,-0.096801,-0.014485,1.253000,0.9955
872,29.087647,1,0.172077,-0.434487,1.274000,0.9999,-0.138808,-0.459370,1.279000,0.9998,0.263540,-0.225027,1.067000,0.9627,-0.249956,-0.257635,1.109000,0.8813,0.145779,-0.189890,0.922000,0.9881,-0.147085,-0.187377,0.972000,0.9974,0.067642,-0.018465,1.243000,0.9950,-0.096415,-0.016483,1.248000,0.9955
873,29.121005,1,0.173158,-0.437215,1.282000,0.9999,-0.138482,-0.458292,1.276000,0.9998,0.266257,-0.227347,1.078000,0.9604,-0.249505,-0.257170,1.107000,0.8772,0.146569,-0.192447,0.927000,0.9871,-0.146480,-0.186606,0.968000,0.9974,0.067370,-0.018391,1.238000,0.9949,-0.096801,-0.016550,1.253000,0.9954
874,29.154362,1,0.173158,-0.437215,1.282000,0.9999,-0.138808,-0.459370,1.279000,0.9998,0.266751,-0.227768,1.080000,0.9594,-0.248604,-0.256241,1.103000,0.8768,0.144418,-0.191616,0.923000,0.9863,-0.146631,-0.186799,0.969000,0.9974,0.073780,-0.020513,1.243000,0.9946,-0.092307,-0.020595,1.248000,0.9954
875,29.187719,1,0.172753,-0.436192,1.279000,0.9999,-0.139133,-0.460447,1.282000,0.9999,0.263540,-0.225027,1.067000,0.9588,-0.252236,-0.258100,1.111000,0.8768,0.145513,-0.194602,0.930000,0.9863,-0.146934,-0.187185,0.971000,0.9975,0.071618,-0.020480,1.241000,0.9947,-0.092159,-0.020562,1.246000,0.9955
876,29.221076,1,0.173158,-0.437215,1.282000,0.9999,-0.139133,-0.460447,1.282000,0.9999,0.266257,-0.229122,1.078000,0.9593,-0.249956,-0.259462,1.109000,0.8707,0.143982,-0.194602,0.930000,0.9865,-0.146934,-0.188784,0.971000,0.9973,0.071907,-0.020562,1.246000,0.9948,-0.091937,-0.020513,1.243000,0.9955
877,29.254434,1,0.173158,-0.437215,1.282000,0.9999,-0.138808,-0.459370,1.279000,0.9999,0.266751,-0.229548,1.080000,0.9583,-0.249956,-0.259462,1.109000,0.8648,0.143064,-0.195439,0.934000,0.9862,-0.146934,-0.188784,0.971000,0.9973,0.067533,-0.016391,1.241000,0.9946,-0.096801,-0.018614,1.253000,0.9954
878,29.287791,1,0.172753,-0.436192,1.279000,0.9999,-0.138808,-0.459370,1.279000,0.9999,0.262765,-0.227635,1.071000,0.9560,-0.253598,-0.261334,1.117000,0.8601,0.139690,-0.195020,0.932000,0.9856,-0.147085,-0.188979,0.972000,0.9972,0.063704,-0.012352,1.246000,0.9948,-0.096801,-0.016550,1.253000,0.9955
879,29.321148,1,0.172348,-0.435169,1.276000,0.9999,-0.138808,-0.459370,1.279000,0.9999,0.265464,-0.229973,1.082000,0.9569,-0.253598,-0.261334,1.117000,0.8572,0.134218,-0.195290,0.926000,0.9860,-0.147388,-0.189368,0.974000,0.9972,0.061752,-0.010316,1.248000,0.9948,-0.098469,-0.012372,1.248000,0.9956
880,29.354506,1,0.172753,-0.436192,1.279000,0.9999,-0.139133,-0.462559,1.282000,0.9998,0.266445,-0.230823,1.086000,0.9573,-0.253598,-0.261334,1.117000,0.8574,0.129506,-0.195079,0.925000,0.9852,-0.147993,-0.191756,0.978000,0.9971,0.061752,-0.006204,1.248000,0.9949,-0.098864,-0.010357,1.253000,0.9956
881,29.387863,1,0.172348,-0.435169,1.276000,0.9999,-0.137023,-0.462559,1.282000,0.9998,0.263683,-0.229973,1.082000,0.9547,-0.251309,-0.260866,1.115000,0.8498,0.124938,-0.195079,0.925000,0.9834,-0.149052,-0.194752,0.985000,0.9968,0.059602,-0.004141,1.246000,0.9950,-0.100523,-0.010316,1.248000,0.9957
882,29.421220,1,0.172348,-0.435169,1.276000,0.9999,-0.136382,-0.460394,1.276000,0.9998,0.261002,-0.227635,1.071000,0.9548,-0.250407,-0.259930,1.111000,0.8460,0.121893,-0.196603,0.925000,0.9832,-0.147132,-0.194356,0.983000,0.9967,0.059698,-0.002092,1.248000,0.9951,-0.102824,-0.006219,1.251000,0.9959
883,29.454578,1,0.172077,-0.434487,1.274000,0.9999,-0.136382,-0.460394,1.276000,0.9998,0.264170,-0.230398,1.084000,0.9526,-0.254506,-0.262269,1.121000,0.8402,0.119981,-0.195966,0.922000,0.9819,-0.147431,-0.194752,0.985000,0.9966,0.059841,0.002025,1.251000,0.9951,-0.105470,-0.000036,1.258000,0.9959
884,29.487935,1,0.172348,-0.437271,1.276000,0.9999,-0.137023,-0.462559,1.282000,0.9998,0.264170,-0.230398,1.084000,0.9497,-0.255894,-0.261802,1.119000,0.8363,0.119850,-0.197270,0.921000,0.9789,-0.145958,-0.196574,0.986000,0.9962,0.059602,0.004070,1.246000,0.9951,-0.105470,-0.000036,1.258000,0.9959
885,29.521292,1,0.169580,-0.435558,1.271000,0.9999,-0.136382,-0.460394,1.276000,0.9998,0.264901,-0.231035,1.087000,0.9432,-0.258196,-0.262269,1.121000,0.8284,0.118078,-0.196842,0.919000,0.9738,-0.143164,-0.194979,0.978000,0.9956,0.061504,0.004060,1.243000,0.9952,-0.105051,0.002028,1.253000,0.9960
886,29.554650,1,0.170648,-0.438299,1.279000,0.9999,-0.137023,-0.462559,1.282000,0.9998,0.264658,-0.230823,1.086000,0.9395,-0.254522,-0.260398,1.113000,0.8213,0.117072,-0.199219,0.923000,0.9708,-0.140975,-0.194181,0.974000,0.9952,0.061752,0.004076,1.248000,0.9953,-0.105051,0.002028,1.253000,0.9961
887,29.588007,1,0.169980,-0.436586,1.274000,0.9999,-0.136382,-0.460394,1.276000,0.9998,0.264081,-0.233683,1.091000,0.9357,-0.254064,-0.259930,1.111000,0.8185,0.113787,-0.200305,0.921000,0.9682,-0.141554,-0.196590,0.978000,0.9952,0.061999,0.004092,1.253000,0.9953,-0.105302,0.002033,1.256000,0.9961
888,29.621364,1,0.169980,-0.436586,1.274000,0.9999,-0.136702,-0.461477,1.279000,0.9998,0.263112,-0.231035,1.087000,0.9345,-0.255894,-0.261802,1.119000,0.8159,0.115804,-0.204222,0.925000,0.9669,-0.137486,-0.195384,0.972000,0.9951,0.061900,0.004086,1.251000,0.9953,-0.104883,0.002025,1.251000,0.9962
889,29.654722,1,0.170648,-0.438299,1.279000,0.9999,-0.136702,-0.463584,1.279000,0.9998,0.263112,-0.231035,1.087000,0.9318,-0.254522,-0.260398,1.113000,0.8076,0.113002,-0.204664,0.927000,0.9656,-0.138193,-0.196389,0.977000,0.9948,0.061752,0.004076,1.248000,0.9954,-0.105470,-0.000036,1.258000,0.9963
890,29.688079,1,0.170648,-0.438299,1.279000,0.9998,-0.136702,-0.463584,1.279000,0.9998,0.262766,-0.232311,1.093000,0.9302,-0.255436,-0.263174,1.117000,0.8058,0.111837,-0.205326,0.930000,0.9637,-0.138335,-0.196590,0.978000,0.9946,0.061653,0.004070,1.246000,0.9955,-0.105302,0.002033,1.256000,0.9964
891,29.721436,1,0.169580,-0.433464,1.271000,0.9998,-0.134597,-0.463584,1.279000,0.9998,0.261804,-0.229666,1.089000,0.9269,-0.255436,-0.263174,1.117000,0.8023,0.112679,-0.208415,0.937000,0.9609,-0.137005,-0.198606,0.980000,0.9944,0.061900,0.004086,1.251000,0.9956,-0.105051,0.002028,1.253000,0.9964
892,29.754794,1,0.169980,-0.434487,1.274000,0.9998,-0.135124,-0.465396,1.284000,0.9998,0.261323,-0.229245,1.087000,0.9229,-0.256351,-0.264116,1.121000,0.7980,0.112559,-0.209735,0.936000,0.9584,-0.137005,-0.200221,0.980000,0.9941,0.064215,0.006171,1.256000,0.9956,-0.105051,0.002028,1.253000,0.9965
893,29.788151,1,0.169980,-0.434487,1.274000,0.9998,-0.134913,-0.464671,1.282000,0.9998,0.261804,-0.229666,1.089000,0.9178,-0.255894,-0.263645,1.119000,0.7909,0.112920,-0.210407,0.939000,0.9547,-0.135392,-0.200221,0.980000,0.9937,0.064061,0.004092,1.253000,0.9956,-0.105051,-0.000036,1.253000,0.9965
894,29.821508,1,0.170247,-0.437271,1.276000,0.9998,-0.134913,-0.464671,1.282000,0.9998,0.262285,-0.230088,1.091000,0.9173,-0.255436,-0.263174,1.117000,0.7900,0.113160,-0.212406,0.941000,0.9541,-0.137424,-0.200834,0.983000,0.9937,0.063806,0.004076,1.248000,0.9955,-0.104632,-0.000036,1.248000,0.9965
895,29.854866,1,0.170648,-0.438299,1.279000,0.9998,-0.134597,-0.463584,1.279000,0.9998,0.261804,-0.229666,1.089000,0.9151,-0.255894,-0.263645,1.119000,0.7857,0.111849,-0.214411,0.943000,0.9518,-0.136221,-0.201447,0.986000,0.9934,0.063959,0.002025,1.251000,0.9955,-0.104883,-0.006219,1.251000,0.9965
896,29.888223,1,0.169980,-0.436586,1.274000,0.9998,-0.134597,-0.463584,1.279000,0.9998,0.261804,-0.229666,1.089000,0.9150,-0.254979,-0.262703,1.115000,0.7846,0.112560,-0.215775,0.949000,0.9520,-0.135806,-0.200834,0.983000,0.9934,0.064317,-0.000036,1.258000,0.9956,-0.105302,-0.012451,1.256000,0.9966
897,29.921580,1,0.170247,-0.437271,1.276000,0.9998,-0.134913,-0.464671,1.282000,0.9998,0.259534,-0.231035,1.087000,0.9145,-0.255436,-0.265014,1.117000,0.7824,0.112560,-0.217338,0.949000,0.9517,-0.135806,-0.200834,0.983000,0.9935,0.066282,-0.004174,1.256000,0.9956,-0.102988,-0.014485,1.253000,0.9966
898,29.954938,1,0.170247,-0.437271,1.276000,0.9998,-0.134282,-0.460394,1.276000,0.9998,0.259295,-0.230823,1.086000,0.9156,-0.255894,-0.265488,1.119000,0.7811,0.110764,-0.216880,0.947000,0.9527,-0.135530,-0.200425,0.981000,0.9935,0.066018,-0.008279,1.251000,0.9956,-0.103235,-0.018658,1.256000,0.9966
