# rest,0.989658952,-0.142414197,-0.017128475,0.993370891,-0.0917348936,0.0692737103,-0.989659131,-0.142413124,-0.017129058,-0.99337101,-0.0917357355,0.0692724437
frame,rua_x,rua_y,rua_z,rfa_x,rfa_y,rfa_z,lua_x,lua_y,lua_z,lfa_x,lfa_y,lfa_z
2,-0.483624935,-0.826128602,-0.289168537,0.312192857,-0.493862242,-0.811563671,0.611291528,-0.788425386,-0.0686157793,0.142406389,-0.498929054,-0.85486269
3,-0.452008605,-0.817225993,-0.357533157,0.393250972,-0.486767054,-0.780007303,0.643231571,-0.763850987,-0.0527707823,0.165833697,-0.500861406,-0.849492252
4,-0.43182835,-0.808555126,-0.399703473,0.469110072,-0.478271335,-0.742423296,0.665844738,-0.744885683,-0.0423801579,0.184273914,-0.499608576,-0.84642446
5,-0.421192616,-0.802871704,-0.42189312,0.525748432,-0.471377373,-0.708090425,0.678732693,-0.733440697,-0.0372387953,0.187185228,-0.494264901,-0.848919272
6,-0.416576296,-0.800567627,-0.430761814,0.556425691,-0.468793541,-0.686019778,0.683036327,-0.729475975,-0.0364164412,0.169608116,-0.485282123,-0.857749581
7,-0.414869308,-0.800827324,-0.43192488,0.564308107,-0.470312774,-0.678499997,0.680701077,-0.731524467,-0.0389621705,0.136688888,-0.474114031,-0.869788527
8,-0.414121777,-0.802463055,-0.429599941,0.558246315,-0.473427743,-0.681342125,0.673977435,-0.737440348,-0.0440019742,0.0996042117,-0.462566763,-0.880971551
9,-0.41340369,-0.804405153,-0.426649392,0.547439456,-0.475724876,-0.688473582,0.665093482,-0.745056212,-0.0504172929,0.0677904114,-0.452077478,-0.889398873
10,-0.412492931,-0.805909634,-0.424687237,0.538304925,-0.476191878,-0.695319474,0.656029761,-0.752598107,-0.056754034,0.0456013493,-0.443324655,-0.895200431
11,-0.411543578,-0.806617379,-0.424264342,0.5337466,-0.475077808,-0.699582517,0.648348749,-0.758862436,-0.0614145175,0.0334382392,-0.436338603,-0.899161041
12,-0.41082257,-0.806512594,-0.425161421,0.533813417,-0.4732593,-0.700763047,0.643049002,-0.763230979,-0.0629805923,0.0297410861,-0.430834949,-0.901940525
13,-0.410543442,-0.805798829,-0.426781267,0.536940575,-0.471710861,-0.699416637,0.640575409,-0.765496671,-0.0606466457,0.0321168751,-0.426527202,-0.903904378
14,-0.41072312,-0.80477488,-0.428536922,0.5410797,-0.471135348,-0.69660908,0.64074564,-0.765813887,-0.0545354262,0.0379333422,-0.423220962,-0.905232072
15,-0.411162585,-0.803691685,-0.430145383,0.544523835,-0.471885443,-0.693410277,0.642858326,-0.764612854,-0.0458297357,0.0446867719,-0.420841098,-0.906033099
16,-0.411515683,-0.802725911,-0.431608498,0.546363115,-0.473830104,-0.690631807,0.645893574,-0.762552857,-0.0365329273,0.0503864028,-0.419346988,-0.906426668
17,-0.41145736,-0.801967084,-0.433072418,0.54652077,-0.476482809,-0.688679278,0.648847103,-0.760372698,-0.02882348,0.0538884923,-0.418689907,-0.90652895
18,-0.410818309,-0.801456571,-0.434621394,0.545545638,-0.479176193,-0.68758291,0.651013494,-0.758676231,-0.0243289024,0.0549630858,-0.418770194,-0.906427324
19,-0.409663707,-0.801222086,-0.436140865,0.54424727,-0.481245905,-0.687166154,0.652091861,-0.757769465,-0.0236987863,0.0541198663,-0.419449538,-0.90616399
20,-0.408241451,-0.801282108,-0.437362522,0.543366492,-0.482246876,-0.687161446,0.652211905,-0.757574081,-0.0264769103,0.0522246398,-0.420571774,-0.905754983
21,-0.406850308,-0.801630557,-0.438019663,0.543341398,-0.482073635,-0.687302768,0.651787758,-0.757750809,-0.0314082503,0.0501554608,-0.421981066,-0.905216217
22,-0.405729741,-0.802203476,-0.438010275,0.544281185,-0.480948955,-0.687347174,0.651390374,-0.757847369,-0.0368508697,0.0484891497,-0.423518151,-0.904588997
23,-0.404943287,-0.802908719,-0.437445551,0.545977473,-0.479332894,-0.68713069,0.65153259,-0.757499099,-0.0412364341,0.0473487042,-0.424998403,-0.903954923
24,-0.404419333,-0.803627193,-0.436609983,0.548035443,-0.477749676,-0.686594725,0.652469575,-0.756564379,-0.0435176007,0.0464975536,-0.426230729,-0.90341866
25,-0.403998852,-0.804278731,-0.435798883,0.550017238,-0.476575077,-0.685826004,0.654065847,-0.755186558,-0.0434877574,0.0455514193,-0.427014798,-0.903096616
26,-0.403573781,-0.804825783,-0.435182363,0.551553726,-0.475930005,-0.68503958,0.655805409,-0.753772616,-0.0417867936,0.0443038531,-0.427227348,-0.903058171
27,-0.403129071,-0.805271327,-0.434770137,0.552458763,-0.475681603,-0.684482574,0.656982422,-0.752863407,-0.0396324545,0.0429932475,-0.42687133,-0.903289735
28,-0.402704805,-0.805626392,-0.434505492,0.552784085,-0.475583494,-0.684288025,0.656945169,-0.752965212,-0.0382935815,0.0423400961,-0.4261235,-0.903673649
29,-0.402327836,-0.805889249,-0.43436718,0.55283612,-0.475388974,-0.684381187,0.655329823,-0.754356623,-0.0385874249,0.0433241241,-0.425283283,-0.904022753
30,-0.401924282,-0.806052864,-0.434437215,0.553077698,-0.475038856,-0.684429049,0.65220052,-0.756955326,-0.0406579822,0.0467631035,-0.424753815,-0.904100299
31,-0.401304841,-0.806115031,-0.434894145,0.55397296,-0.474680722,-0.683953285,0.648028135,-0.76034081,-0.0440616198,0.0528616086,-0.424879283,-0.903705359
32,-0.400207996,-0.806099236,-0.435932994,0.5558002,-0.474570632,-0.682545781,0.643567264,-0.763880372,-0.0480409004,0.0609336533,-0.425836414,-0.902746141
33,-0.398410231,-0.80606544,-0.437638879,0.558538735,-0.474953026,-0.680039823,0.639654398,-0.766914308,-0.0518141314,0.0695264935,-0.42759499,-0.901292801
34,-0.395834863,-0.806109607,-0.439888746,0.561819375,-0.475910068,-0.676659942,0.636944056,-0.768961549,-0.0547770262,0.0769166052,-0.429888844,-0.899599552
35,-0.392632365,-0.80635494,-0.442302585,0.565033793,-0.477273464,-0.67301321,0.635721684,-0.769838095,-0.056631811,0.0818597302,-0.432346284,-0.897984266
36,-0.389150828,-0.806916416,-0.44435063,0.567496777,-0.47875756,-0.669879496,0.635823667,-0.769702971,-0.0573204421,0.0840774253,-0.434561998,-0.896708906
37,-0.385820657,-0.807886422,-0.445490688,0.568663538,-0.480022609,-0.667982161,0.63675034,-0.768954933,-0.0570731238,0.084164165,-0.436248988,-0.895881236
38,-0.383062989,-0.809276164,-0.445347995,0.568366408,-0.480842382,-0.667645335,0.637860715,-0.76808852,-0.0563356653,0.0830281377,-0.437256306,-0.89549607
39,-0.381157875,-0.81102258,-0.443802893,0.566842437,-0.481142431,-0.668723822,0.638586938,-0.767531097,-0.0557021312,0.0812601298,-0.437582433,-0.895498991
40,-0.380219221,-0.812974453,-0.441028267,0.564710557,-0.480977356,-0.670643508,0.638671279,-0.767457843,-0.0557446107,0.0788271129,-0.437358975,-0.895825565
41,-0.380149573,-0.814941764,-0.43744272,0.562749326,-0.480470508,-0.672652423,0.63817203,-0.767801106,-0.0567270964,0.0753141344,-0.43678987,-0.89640528
42,-0.380655169,-0.816739142,-0.43363446,0.561681032,-0.479755193,-0.674054384,0.637513995,-0.768219709,-0.0584326312,0.070365496,-0.436176479,-0.897105753
43,-0.381321937,-0.818215847,-0.430251539,0.561968088,-0.478951871,-0.674386382,0.637265325,-0.768297851,-0.0600945801,0.0641367435,-0.43577829,-0.897765994
44,-0.381733298,-0.819288194,-0.427839398,0.56373024,-0.478163213,-0.67347461,0.637947321,-0.767681897,-0.0607264042,0.0573598817,-0.435776561,-0.898225248
45,-0.381588042,-0.819945574,-0.426708132,0.566776752,-0.477433771,-0.671432137,0.639781713,-0.766245306,-0.0595614649,0.0511151999,-0.43621859,-0.89838779
46,-0.380818158,-0.820245445,-0.426819623,0.570733726,-0.476736456,-0.668569624,0.642613411,-0.764107406,-0.0564608015,0.0464836322,-0.437057167,-0.898231804
47,-0.379549146,-0.820302844,-0.427838296,0.575179279,-0.475984722,-0.665287435,0.645955026,-0.761600316,-0.0520299152,0.044239983,-0.438174278,-0.897800744
48,-0.378069103,-0.820240617,-0.429265678,0.579803407,-0.475040078,-0.661940336,0.649217367,-0.759128511,-0.0473356023,0.0446557216,-0.439443648,-0.897159457
49,-0.376682639,-0.820168495,-0.430620372,0.584400058,-0.473812431,-0.658770382,0.651862621,-0.757084906,-0.0435612127,0.0474122427,-0.440716267,-0.896393418
50,-0.375624955,-0.820154071,-0.431570679,0.588933468,-0.47225827,-0.655842662,0.653535247,-0.755751312,-0.041612912,0.0516443141,-0.441819012,-0.895616531
51,-0.375036448,-0.820209742,-0.431976408,0.593434036,-0.470431715,-0.653092742,0.654033422,-0.755304098,-0.0419038571,0.0561431199,-0.442540586,-0.894989252
52,-0.374948114,-0.820307255,-0.431867927,0.597979128,-0.468442321,-0.650371313,0.653241098,-0.755849957,-0.0443508662,0.0597726181,-0.442661285,-0.894694448
53,-0.37534982,-0.820391297,-0.431359053,0.602634549,-0.466438293,-0.647508204,0.651122212,-0.757429481,-0.0483777337,0.0618840046,-0.442021191,-0.89486742
54,-0.376125753,-0.820438147,-0.430593371,0.607431233,-0.464537293,-0.644385219,0.647761226,-0.759991586,-0.0530864112,0.062571682,-0.440601945,-0.895519257
55,-0.377109319,-0.820450127,-0.429709315,0.612323105,-0.462825656,-0.640978038,0.643394291,-0.763379216,-0.0574105717,0.0625066534,-0.438586354,-0.896512628
56,-0.378044665,-0.820507348,-0.428777248,0.617168427,-0.461299866,-0.637421012,0.638454378,-0.767287135,-0.0603855252,0.0626000687,-0.436355889,-0.897593856
57,-0.37863636,-0.820729375,-0.427829176,0.621761203,-0.459905237,-0.633955956,0.633484662,-0.77131182,-0.061443191,0.0636033937,-0.434412807,-0.898465395
58,-0.378583968,-0.821268559,-0.426839679,0.625890374,-0.458526522,-0.630884051,0.629006386,-0.775028646,-0.0606759489,0.0658677369,-0.433249295,-0.898864031
59,-0.37770465,-0.822253764,-0.425720543,0.629397511,-0.457038611,-0.628470004,0.625351787,-0.778117716,-0.0588888451,0.0693041161,-0.43317017,-0.898643672
60,-0.375927269,-0.823762178,-0.424375534,0.632294595,-0.455303878,-0.626818836,0.622606337,-0.780435264,-0.05728947,0.0734376013,-0.434157997,-0.897838414
61,-0.373317361,-0.825770676,-0.422772944,0.634793043,-0.453229845,-0.625795841,0.620645583,-0.78201586,-0.0570117272,0.077626057,-0.435843647,-0.896668553
62,-0.370025933,-0.828144848,-0.421018898,0.637291908,-0.450771928,-0.625030994,0.619285464,-0.782978296,-0.0585709512,0.0812020525,-0.437611848,-0.895489872
63,-0.366286457,-0.830657184,-0.419336259,0.640291631,-0.447953403,-0.623990774,0.618375599,-0.783465207,-0.06159468,0.0837318748,-0.43881315,-0.894668639
64,-0.362374246,-0.83303529,-0.418015748,0.64421922,-0.444877416,-0.622145951,0.617875218,-0.783584237,-0.0650075376,0.0851300582,-0.438996315,-0.89444679
65,-0.35855931,-0.835040629,-0.417303681,0.649273098,-0.44171989,-0.619134963,0.617829978,-0.783406556,-0.0675302669,0.0856820717,-0.438116401,-0.894825399
66,-0.355076402,-0.836518407,-0.417322069,0.655304611,-0.438674778,-0.614931226,0.618252814,-0.7830109,-0.0682447702,0.0859074369,-0.436453044,-0.895616353
67,-0.352090091,-0.837432027,-0.418019325,0.66186446,-0.435923487,-0.609841049,0.619057,-0.78248167,-0.0670138001,0.0862125903,-0.434462011,-0.896554589
68,-0.349678218,-0.837872803,-0.419159055,0.668327928,-0.433547318,-0.604462206,0.620025277,-0.78192848,-0.0644709542,0.0866396204,-0.432525337,-0.897449434
69,-0.347788781,-0.838016331,-0.420442283,0.674150109,-0.431509942,-0.599433661,0.620902538,-0.781457841,-0.0616738796,0.0868482664,-0.430838138,-0.898240447
70,-0.346201092,-0.838086784,-0.421610355,0.679080606,-0.429607749,-0.595219851,0.621488333,-0.781155348,-0.0595694706,0.0863321573,-0.429408699,-0.898974419
71,-0.344510108,-0.838307738,-0.422555208,0.6831792,-0.427513868,-0.592028797,0.621745884,-0.78101933,-0.0586581565,0.0847942159,-0.428220689,-0.899687171
72,-0.342242122,-0.838829577,-0.423361897,0.686784029,-0.424879164,-0.58975029,0.621765256,-0.780989349,-0.0588515848,0.0824077427,-0.427340746,-0.900327027
73,-0.339021176,-0.839725018,-0.424177468,0.690324068,-0.421384782,-0.58812207,0.621713936,-0.780967355,-0.0596808195,0.0798750073,-0.426986963,-0.900723159
74,-0.334690928,-0.840975285,-0.425138324,0.694164217,-0.416852474,-0.586830556,0.62178427,-0.780846894,-0.060518682,0.0781993121,-0.42747122,-0.900640368
75,-0.329372287,-0.842513144,-0.426245838,0.698499382,-0.411281198,-0.585616291,0.622124732,-0.780558944,-0.0607332774,0.0783391297,-0.429036975,-0.899883449
76,-0.323403805,-0.84426111,-0.427356005,0.703361154,-0.404806763,-0.584306955,0.622828543,-0.780061722,-0.0599029064,0.0808616504,-0.43176651,-0.898353517
77,-0.317232162,-0.846141219,-0.428262472,0.70863837,-0.397740364,-0.582781374,0.623830259,-0.779406309,-0.0579798445,0.0857527405,-0.435412109,-0.896137714
78,-0.311317652,-0.848097205,-0.428733438,0.71415782,-0.390468627,-0.580958545,0.624903381,-0.778733313,-0.055409465,0.0923858508,-0.439446568,-0.893505275
79,-0.306063503,-0.850076377,-0.428596795,0.719688356,-0.383374602,-0.578854501,0.625638485,-0.778305352,-0.0530777797,0.0996614769,-0.443087369,-0.890921474
80,-0.301802248,-0.851998866,-0.427800536,0.725007832,-0.376791805,-0.576534152,0.62562561,-0.778391182,-0.0519587435,0.106211804,-0.44552967,-0.888944566
81,-0.298737854,-0.853765011,-0.426428288,0.729910493,-0.370943934,-0.574135184,0.624611139,-0.77915591,-0.0526978783,0.110701032,-0.446139872,-0.888090312
82,-0.296851754,-0.855269134,-0.424727887,0.734284937,-0.365922391,-0.571774781,0.62262404,-0.780562639,-0.0553297214,0.112054139,-0.444710672,-0.888637304
83,-0.2958619,-0.856436193,-0.423063546,0.738154888,-0.361704707,-0.569470942,0.619991779,-0.782360137,-0.0593525209,0.109574698,-0.441535324,-0.890527904
84,-0.295169532,-0.857267439,-0.421861976,0.741627693,-0.358182698,-0.567180395,0.617231309,-0.784178436,-0.063951008,0.103028052,-0.437360287,-0.893365145
85,-0.293949932,-0.85784775,-0.421533793,0.744847596,-0.355190128,-0.564837992,0.614872575,-0.785657108,-0.0683716014,0.092557542,-0.433109313,-0.896576524
86,-0.291336894,-0.858335018,-0.422355026,0.747878373,-0.352579325,-0.562464058,0.613254547,-0.786586046,-0.072120145,0.0787153319,-0.429542899,-0.899609327
87,-0.286706567,-0.858889639,-0.42439127,0.750688255,-0.350228459,-0.560184956,0.612476766,-0.786922753,-0.0749992654,0.0624423586,-0.427068323,-0.902060807
88,-0.279949367,-0.859620333,-0.427412242,0.753127038,-0.348106056,-0.558230937,0.612399042,-0.786791146,-0.0769877881,0.0451543368,-0.425682247,-0.903745353
89,-0.271577805,-0.860554218,-0.430919856,0.755002081,-0.346245855,-0.556853354,0.612730265,-0.786427319,-0.0780620798,0.0287587289,-0.425143123,-0.904669106
90,-0.262612969,-0.861666501,-0.434240937,0.756163597,-0.344682872,-0.556246579,0.613121271,-0.786114812,-0.0781395286,0.0154713215,-0.425187975,-0.904972851
91,-0.254216671,-0.862933278,-0.436715037,0.756651521,-0.343357265,-0.556402922,0.613215029,-0.78614229,-0.0771208853,0.00739009678,-0.425684601,-0.904841423
92,-0.247387022,-0.864331305,-0.437871128,0.756786346,-0.342073858,-0.557009697,0.612663805,-0.786770225,-0.0750705004,0.00590533949,-0.426618636,-0.904412329
93,-0.242611721,-0.865851998,-0.437538505,0.757080674,-0.340507358,-0.557569325,0.61119765,-0.788160801,-0.0723870024,0.0111190211,-0.427951604,-0.903733194
94,-0.239797577,-0.867469728,-0.4358823,0.758069217,-0.338352472,-0.557538092,0.608768702,-0.790274322,-0.0697649643,0.0215138737,-0.429520905,-0.90280056
95,-0.238274321,-0.869136333,-0.433390588,0.760079801,-0.335439473,-0.556560099,0.605596423,-0.792857289,-0.0680461973,0.0341027863,-0.430991262,-0.901711464
96,-0.236975729,-0.870780647,-0.43079415,0.763136148,-0.331827968,-0.554538906,0.602210402,-0.795451343,-0.0678218231,0.045060508,-0.43196246,-0.900765181
97,-0.234747902,-0.872328758,-0.428877592,0.766994894,-0.327798128,-0.551604271,0.599274635,-0.797556818,-0.0690866411,0.0509165637,-0.432093382,-0.900390387
98,-0.230702341,-0.873712242,-0.428256303,0.771286786,-0.323734134,-0.548008084,0.597361684,-0.798806787,-0.0711807162,0.0498191677,-0.431221068,-0.900869906
99,-0.224528953,-0.874885857,-0.429140389,0.775637686,-0.319988877,-0.544052601,0.596679032,-0.799141824,-0.0731198341,0.0423662961,-0.429406285,-0.902117074
100,-0.216611922,-0.875834584,-0.431269228,0.77974236,-0.316785991,-0.540044904,0.597043574,-0.79877919,-0.0741000175,0.0312819555,-0.427002192,-0.903709292
101,-0.207841828,-0.876575828,-0.434069932,0.783391595,-0.314201802,-0.536260068,0.597981989,-0.798099697,-0.073853828,0.0201815441,-0.42458567,-0.905162811
102,-0.199271634,-0.877166629,-0.436886072,0.786469638,-0.31216979,-0.532931089,0.598923028,-0.797494352,-0.0727600232,0.0121792592,-0.422779351,-0.906150758
103,-0.191701889,-0.877694786,-0.439206362,0.788948476,-0.310532868,-0.530216694,0.599412799,-0.797223032,-0.0716926232,0.00897089764,-0.422057867,-0.906524539
104,-0.18552199,-0.878250659,-0.440746516,0.790867269,-0.309115976,-0.528182089,0.599253476,-0.79734844,-0.0716289058,0.0105594052,-0.42255941,-0.906273723
105,-0.180676326,-0.87891686,-0.441430837,0.792298317,-0.307788521,-0.526810706,0.598527431,-0.79775089,-0.073201336,0.015481459,-0.42405197,-0.905505538
106,-0.176853403,-0.879734218,-0.441350877,0.793338537,-0.306522429,-0.525982916,0.59754467,-0.798187554,-0.0764001161,0.0212817751,-0.425946653,-0.904497921
107,-0.173662692,-0.88069123,-0.440708876,0.794105351,-0.305368453,-0.525496721,0.596698761,-0.798409581,-0.0805779248,0.0252380464,-0.427532285,-0.903647721
108,-0.170836419,-0.881716847,-0.439761758,0.794747055,-0.304397672,-0.525089741,0.596289396,-0.798279524,-0.0847867578,0.0253100358,-0.428166926,-0.903345227
109,-0.168286189,-0.882716358,-0.438738704,0.795434594,-0.303619921,-0.524498582,0.596370995,-0.797846854,-0.0882156715,0.0208963044,-0.427589685,-0.903731346
110,-0.166084781,-0.88360709,-0.437783539,0.796329796,-0.302904367,-0.523552954,0.5967924,-0.797285199,-0.0904159322,0.0129554663,-0.425977141,-0.904641211
111,-0.164436027,-0.884358048,-0.436888486,0.79753077,-0.301994383,-0.522248983,0.597341239,-0.796778738,-0.0912531838,0.00340763829,-0.423891395,-0.905706644
112,-0.163517162,-0.88497448,-0.435984373,0.799028337,-0.300607592,-0.520757973,0.597851336,-0.796447158,-0.0908061489,-0.00575240375,-0.421952873,-0.906599522
113,-0.163435891,-0.885474145,-0.434999198,0.800737798,-0.298545957,-0.519316077,0.598302245,-0.796279788,-0.0892911404,-0.0131694041,-0.420622975,-0.907139957
114,-0.164112225,-0.885840774,-0.433996916,0.802535772,-0.295825273,-0.518096268,0.598729432,-0.796205044,-0.08706671,-0.0183922835,-0.419978291,-0.907347739
115,-0.165326685,-0.886030555,-0.433147758,0.80434984,-0.292685479,-0.517065346,0.599142194,-0.796156585,-0.0846363828,-0.0217494629,-0.419692725,-0.907405615
116,-0.166697428,-0.886000097,-0.432684362,0.806159794,-0.289519876,-0.516027689,0.599481583,-0.796122253,-0.0825296938,-0.0240246747,-0.419207275,-0.907572627
117,-0.167782798,-0.885754466,-0.432767838,0.808009148,-0.286694437,-0.514711022,0.599609733,-0.796169221,-0.0811340213,-0.0260571148,-0.417961717,-0.908090889
118,-0.168203756,-0.885353029,-0.433425367,0.809941351,-0.28442663,-0.51292932,0.599302232,-0.796447754,-0.0806714967,-0.0283186007,-0.415695816,-0.909062743
119,-0.167736068,-0.884930372,-0.434468508,0.81192112,-0.282712817,-0.510742188,0.598284781,-0.797160149,-0.0811850801,-0.0307552069,-0.412596703,-0.91039443
120,-0.166400492,-0.884649456,-0.435552716,0.813832879,-0.281363457,-0.508439481,0.59626466,-0.798524797,-0.0826232657,-0.0328608863,-0.409227788,-0.911840379
121,-0.164418727,-0.884662867,-0.436277628,0.81546545,-0.280153155,-0.506488323,0.593045413,-0.800682783,-0.0848774165,-0.033971265,-0.406267852,-0.913122356
122,-0.162110403,-0.885062397,-0.436331064,0.816639841,-0.278909296,-0.50528115,0.588630736,-0.803627193,-0.0877341554,-0.0336281098,-0.404203534,-0.914050698
123,-0.159750208,-0.885822713,-0.435658157,0.817322314,-0.277632594,-0.504880488,0.583358347,-0.807120442,-0.090827927,-0.0318007544,-0.403139323,-0.914585888
124,-0.157454312,-0.886799872,-0.434504569,0.817709029,-0.276436895,-0.504910409,0.577923894,-0.81070596,-0.0935940668,-0.0289010126,-0.402822584,-0.914821744
125,-0.155201927,-0.88776052,-0.433351636,0.818186164,-0.275504708,-0.504647017,0.573219121,-0.813829422,-0.0954016969,-0.0256249011,-0.402786076,-0.91493535
126,-0.152884215,-0.888468981,-0.432723135,0.819166362,-0.274965614,-0.503349245,0.570101261,-0.815979183,-0.0957213491,-0.0227171425,-0.402556419,-0.915113211
127,-0.150428757,-0.888770938,-0.43296361,0.820903301,-0.274834722,-0.50058341,0.569116294,-0.816822231,-0.0943825021,-0.0207821112,-0.401866436,-0.915462494
128,-0.147847101,-0.888657391,-0.434084415,0.823351562,-0.274988353,-0.496461004,0.57032603,-0.816286623,-0.0916755646,-0.0201291814,-0.400746226,-0.915968001
129,-0.145230964,-0.888258755,-0.435780078,0.826124847,-0.275239259,-0.491692096,0.573280692,-0.814580202,-0.088364847,-0.0206618868,-0.399530768,-0.916486979
130,-0.142677099,-0.88779062,-0.437574059,0.828603923,-0.27541396,-0.487404138,0.577202618,-0.812119484,-0.0854352117,-0.0219027195,-0.398733288,-0.916805387
131,-0.140190676,-0.887475729,-0.439014018,0.830157876,-0.275426179,-0.484745592,0.581192791,-0.80944258,-0.0837715119,-0.0231766868,-0.398828626,-0.91673255
132,-0.137663737,-0.887435436,-0.439894289,0.830399096,-0.275339603,-0.484381616,0.58447665,-0.807064474,-0.0838690773,-0.0238413233,-0.400079966,-0.91617012
133,-0.134863973,-0.887656748,-0.440314829,0.829333425,-0.275338829,-0.486204326,0.586593568,-0.805337191,-0.0856745541,-0.0235485323,-0.402417243,-0.915153444
134,-0.131517559,-0.887994766,-0.440645397,0.827401876,-0.275651723,-0.48930797,0.587472141,-0.804365993,-0.0887235403,-0.0224565361,-0.405425549,-0.913852215
135,-0.127410188,-0.888251901,-0.441333473,0.825315416,-0.276495486,-0.492346138,0.587457538,-0.803969443,-0.0923406854,-0.0213026758,-0.408459812,-0.91252768
136,-0.122546345,-0.888258517,-0.442695439,0.823833048,-0.277989626,-0.493984669,0.587116599,-0.803799868,-0.0959158987,-0.0211648326,-0.410758317,-0.911498606
137,-0.117218964,-0.887945592,-0.444761008,0.823485136,-0.280161083,-0.493337601,0.587026238,-0.803488612,-0.0990263447,-0.022977842,-0.411681652,-0.911037982
138,-0.111940026,-0.88736546,-0.447271734,0.824420512,-0.282903641,-0.490200281,0.587529778,-0.802814901,-0.101473935,-0.026959341,-0.410960853,-0.911254287
139,-0.107305743,-0.886650205,-0.44981879,0.826369226,-0.286012322,-0.485088468,0.588596702,-0.801804185,-0.103266709,-0.0323310308,-0.408789068,-0.912056029
140,-0.10379269,-0.885925412,-0.452065527,0.828735232,-0.289241672,-0.479100436,0.589891851,-0.800695777,-0.104469515,-0.0375802815,-0.405830771,-0.913175285
141,-0.101570703,-0.885245919,-0.453897625,0.830873072,-0.292323679,-0.473494112,0.590919197,-0.799847782,-0.105157048,-0.0410548262,-0.40294835,-0.914301455
142,-0.100460254,-0.884563565,-0.45547235,0.83232528,-0.295016319,-0.469254643,0.591287911,-0.799559534,-0.105276398,-0.0416213162,-0.40094766,-0.915154934
143,-0.0999822244,-0.883767605,-0.457119644,0.832994163,-0.297088593,-0.466753811,0.590836823,-0.799977481,-0.104631953,-0.0390316769,-0.400269151,-0.915566027
144,-0.0994735807,-0.88277334,-0.459147274,0.833126009,-0.298314065,-0.465735644,0.589746058,-0.800991774,-0.103013009,-0.0339346342,-0.400932491,-0.915478826
145,-0.0983129963,-0.88159579,-0.461652845,0.833151877,-0.298543453,-0.465542495,0.588440299,-0.802288473,-0.100355998,-0.0275847204,-0.402525872,-0.914992929
146,-0.0961140841,-0.880381227,-0.464425415,0.833497047,-0.297739983,-0.465438992,0.587448716,-0.803429127,-0.0969827324,-0.0213208366,-0.404489607,-0.914294064
147,-0.0929169953,-0.879366398,-0.466991663,0.834422231,-0.296076536,-0.464842021,0.587147892,-0.804042816,-0.0936617404,-0.0161475744,-0.406278789,-0.913606524
148,-0.0891224742,-0.878822982,-0.468750894,0.835942268,-0.293879807,-0.463503152,0.587576449,-0.803992867,-0.0913748369,-0.0123267062,-0.407577246,-0.913087547
149,-0.0854059234,-0.878939629,-0.469223827,0.837876976,-0.291605949,-0.461441278,0.588320017,-0.803496599,-0.0909553468,-0.00938380696,-0.408301204,-0.91279906
150,-0.0824370086,-0.879745543,-0.46824345,0.839955509,-0.289690018,-0.458862096,0.588628948,-0.803076148,-0.0926534086,-0.00634832913,-0.408514231,-0.912729859
151,-0.0807114169,-0.881043553,-0.466098577,0.841978669,-0.288463414,-0.455917478,0.587674022,-0.803375125,-0.096060507,-0.00224818569,-0.408342719,-0.912825882
152,-0.0803847313,-0.882447779,-0.46349141,0.843900084,-0.288067937,-0.452603012,0.584851801,-0.804914832,-0.100301452,0.00337966881,-0.407901347,-0.913019776
153,-0.0812519342,-0.883484244,-0.461360663,0.845813811,-0.288461864,-0.448763639,0.57998842,-0.807896078,-0.104486145,0.0101778461,-0.407275975,-0.91324842
154,-0.0827837065,-0.883754313,-0.460570574,0.847864747,-0.289457023,-0.444229722,0.573381662,-0.812127948,-0.10808149,0.0169879571,-0.406521231,-0.913483441
155,-0.0843376592,-0.883092225,-0.461557448,0.850147247,-0.290745437,-0.438995183,0.565794587,-0.817016423,-0.111178651,0.0221836902,-0.405745089,-0.913717031
156,-0.085348472,-0.881640971,-0.464138776,0.852652192,-0.291971147,-0.433286399,0.558227181,-0.821767867,-0.114367723,0.0242351312,-0.405064464,-0.913966894
157,-0.0855232477,-0.879792809,-0.467600554,0.855260253,-0.292821497,-0.427534103,0.551691175,-0.825615585,-0.118303433,0.0221623685,-0.404559582,-0.914243102
158,-0.0848758742,-0.878059864,-0.470963806,0.857791364,-0.293065965,-0.422263414,0.54696852,-0.828042328,-0.123171598,0.0157528203,-0.404290229,-0.914495111
159,-0.0836709812,-0.876874566,-0.473381728,0.860078037,-0.292610377,-0.41790548,0.544407368,-0.828936279,-0.128395081,0.00553032802,-0.404193163,-0.914656937
160,-0.0822873861,-0.876467109,-0.474377662,0.862026155,-0.291476369,-0.414671481,0.543879926,-0.828589916,-0.132790357,-0.00740698073,-0.404133439,-0.91467005
161,-0.0810454935,-0.876802742,-0.473971069,0.863635361,-0.289782494,-0.412504733,0.54486239,-0.82756424,-0.135138616,-0.0215520822,-0.403978974,-0.914514363
162,-0.0801540762,-0.8776263,-0.472596347,0.864980698,-0.28771162,-0.411133021,0.546580791,-0.826494873,-0.134742707,-0.0352809131,-0.403665036,-0.914226413
163,-0.0796062276,-0.878588259,-0.470898628,0.866135895,-0.285534739,-0.410217613,0.548241436,-0.825868249,-0.131806672,-0.0471256785,-0.403246075,-0.913877368
164,-0.0792595446,-0.879372299,-0.469491571,0.867135644,-0.283551246,-0.40948084,0.549232066,-0.825888753,-0.127483055,-0.0561146289,-0.402839988,-0.913548589
165,-0.0788990334,-0.879807293,-0.468736619,0.867963314,-0.282050341,-0.408763111,0.549271345,-0.826456845,-0.123572178,-0.0620331466,-0.402591169,-0.91327554
166,-0.0783923566,-0.879897296,-0.468652755,0.868566334,-0.281231314,-0.408045858,0.548454642,-0.827238917,-0.121956125,-0.0654783249,-0.402617484,-0.913023353
167,-0.077753298,-0.879765511,-0.469006389,0.868924379,-0.281138837,-0.407346696,0.547172725,-0.827785015,-0.123991631,-0.0677181333,-0.403006405,-0.912688315
168,-0.0771341026,-0.879572332,-0.469470769,0.869090378,-0.281632811,-0.406650901,0.545964658,-0.827660799,-0.130000651,-0.070314005,-0.403788358,-0.91214633
169,-0.0767419934,-0.879402936,-0.469852328,0.869209766,-0.282440454,-0.405834764,0.54525882,-0.82662487,-0.139226824,-0.0745952651,-0.404860675,-0.911330581
170,-0.0766924322,-0.879241228,-0.470162868,0.869503975,-0.283138424,-0.404716492,0.545261323,-0.824705005,-0.150172427,-0.0811486021,-0.405977011,-0.910273373
171,-0.0769170672,-0.878969312,-0.470634341,0.870195031,-0.283290058,-0.403121948,0.545795679,-0.822262228,-0.161220148,-0.0895790905,-0.406691611,-0.909163117
172,-0.0771257728,-0.878425062,-0.471615314,0.871443629,-0.282558203,-0.40093264,0.54634887,-0.819886148,-0.171141848,-0.0987306386,-0.406529963,-0.908287168
173,-0.0768868551,-0.877494931,-0.473382562,0.873269081,-0.28077969,-0.39820087,0.546174705,-0.818231642,-0.179415971,-0.107297689,-0.405124813,-0.907943308
174,-0.0758035779,-0.876163006,-0.476016998,0.875540733,-0.278073251,-0.39509964,0.544522464,-0.817812562,-0.186219946,-0.114408143,-0.402384222,-0.908293903
175,-0.0736786872,-0.874549925,-0.479305625,0.877983451,-0.274790227,-0.391963482,0.540888011,-0.818845987,-0.192175597,-0.119913042,-0.398541182,-0.909277678
176,-0.0706420094,-0.872900963,-0.482756227,0.880247056,-0.271449029,-0.389204949,0.535232365,-0.821177304,-0.197975114,-0.124277681,-0.394172698,-0.910594821
177,-0.0671789497,-0.871513069,-0.485748887,0.881996453,-0.268607616,-0.387210846,0.528098643,-0.824351788,-0.203852847,-0.12813583,-0.39010185,-0.911812305
178,-0.0639269799,-0.870663881,-0.487706721,0.88302964,-0.266688108,-0.386181444,0.520531833,-0.82779187,-0.209301859,-0.131704465,-0.387317568,-0.912490547
179,-0.0615314618,-0.870503545,-0.488300562,0.883339465,-0.265900642,-0.386015832,0.513851643,-0.830988884,-0.2131055,-0.134476721,-0.386698127,-0.912348926
180,-0.0603587516,-0.871015549,-0.487533331,0.883100152,-0.266228288,-0.386337578,0.509280682,-0.833607793,-0.213848606,-0.135415286,-0.388741881,-0.911340952
181,-0.060438402,-0.872009337,-0.485743612,0.882578731,-0.267527699,-0.38663125,0.50759995,-0.835471809,-0.21054481,-0.133618712,-0.393314898,-0.909642518
182,-0.0614865385,-0.873205125,-0.483458638,0.88199985,-0.269594342,-0.386516839,0.508986831,-0.836449981,-0.203184351,-0.129045293,-0.399726361,-0.907505453
183,-0.063016817,-0.874340236,-0.481204778,0.881441951,-0.27223441,-0.385938555,0.51299715,-0.836414993,-0.192986444,-0.122736178,-0.406916589,-0.905182183
184,-0.0645644814,-0.87524569,-0.479349941,0.88085115,-0.275258034,-0.385141701,0.518777668,-0.83526969,-0.182192892,-0.116500631,-0.413816959,-0.902874887
185,-0.0658424646,-0.875876784,-0.478021622,0.880132079,-0.278416187,-0.384515375,0.525340021,-0.833007336,-0.173541233,-0.112254523,-0.419664383,-0.900711238
186,-0.0668151081,-0.876269877,-0.477165401,0.879244745,-0.281408161,-0.384367019,0.531836927,-0.829727173,-0.169417381,-0.111372277,-0.424100518,-0.898740709
187,-0.0676184446,-0.87648195,-0.476662546,0.878279209,-0.283892483,-0.384747595,0.537641168,-0.825619698,-0.17115514,-0.114346959,-0.42715469,-0.896918952
188,-0.068438679,-0.876533926,-0.476449817,0.877433479,-0.285587996,-0.385421783,0.542270005,-0.820973754,-0.178732514,-0.120747723,-0.429005921,-0.895194948
189,-0.0693677887,-0.876397908,-0.476565719,0.876930296,-0.286351353,-0.386000246,0.545338392,-0.816191614,-0.190885484,-0.129558399,-0.429775327,-0.893592656
190,-0.070321463,-0.87602216,-0.477116406,0.876903176,-0.286219209,-0.386159837,0.546497285,-0.811832786,-0.20559229,-0.139521733,-0.429399312,-0.892272294
191,-0.0710853562,-0.875393033,-0.478156775,0.877323866,-0.285391688,-0.385816574,0.545539916,-0.808538854,-0.220569924,-0.149402231,-0.427665144,-0.891505241
192,-0.0713892728,-0.874595761,-0.479568422,0.877951503,-0.284185886,-0.385278672,0.542499661,-0.806865156,-0.23380056,-0.158116773,-0.424425423,-0.891550362
193,-0.0710627958,-0.873806417,-0.481053472,0.878403783,-0.282965243,-0.385146022,0.537709057,-0.807109654,-0.243809521,-0.164766699,-0.419781595,-0.892544329
194,-0.0701276287,-0.873259425,-0.482182562,0.878287137,-0.282065958,-0.386070579,0.53179431,-0.809188366,-0.249817878,-0.16878365,-0.414216429,-0.894391894
195,-0.0688108057,-0.873146474,-0.482576847,0.877371371,-0.281714767,-0.388402075,0.525569677,-0.812641859,-0.251773238,-0.170035183,-0.408517301,-0.896772861
196,-0.0674840808,-0.873509228,-0.482107431,0.875721455,-0.282001883,-0.391901642,0.519861758,-0.816759408,-0.25029549,-0.168924838,-0.403606594,-0.899203062
197,-0.0665204078,-0.874230683,-0.480932206,0.873711705,-0.282863528,-0.395747364,0.515400648,-0.820765078,-0.246387795,-0.166275948,-0.400255769,-0.901192307
198,-0.0662011653,-0.875075042,-0.479438215,0.871907055,-0.284165531,-0.398783267,0.512694359,-0.823998034,-0.241188005,-0.163034827,-0.398866653,-0.9023996
199,-0.0666079894,-0.875807047,-0.478043288,0.870856941,-0.285752267,-0.399942368,0.511999607,-0.826039195,-0.235617355,-0.159991562,-0.399427801,-0.902696073
200,-0.067634128,-0.876305938,-0.476983696,0.8708902,-0.287440091,-0.398658365,0.513261557,-0.826775074,-0.230229437,-0.157570422,-0.401598006,-0.902158916
201,-0.0690488145,-0.876598835,-0.476242363,0.872013092,-0.289058834,-0.395016551,0.516087413,-0.826372087,-0.225306541,-0.155789152,-0.404852629,-0.901012838
202,-0.0705978274,-0.876823485,-0.475601166,0.873959482,-0.290397972,-0.389697224,0.519768953,-0.825216889,-0.221036911,-0.154352576,-0.408632904,-0.899552405
203,-0.0720498562,-0.877129972,-0.474817604,0.876312077,-0.291269809,-0.383717299,0.523396015,-0.823801041,-0.217734963,-0.152891323,-0.412445664,-0.89806062
204,-0.0732560456,-0.877605975,-0.47375232,0.878657758,-0.291542113,-0.378105462,0.526087523,-0.822588205,-0.215825036,-0.151233956,-0.415828615,-0.896780312
205,-0.0741598234,-0.878259599,-0.472398549,0.88067472,-0.291171521,-0.373672545,0.527271032,-0.821843743,-0.215773344,-0.149600774,-0.418389827,-0.895862401
206,-0.0747821406,-0.879054129,-0.47081995,0.882129014,-0.290250242,-0.370948911,0.526856601,-0.82154882,-0.217898414,-0.148576334,-0.419877261,-0.895336866
207,-0.0752044842,-0.879973114,-0.469032705,0.882899463,-0.288930386,-0.370145798,0.525223494,-0.821434021,-0.222230613,-0.148900047,-0.420240223,-0.895112813
208,-0.075541921,-0.881010652,-0.467026412,0.882992446,-0.287401706,-0.371112734,0.523130476,-0.821076572,-0.228402659,-0.151129663,-0.419759035,-0.894964933
209,-0.0758787468,-0.882161677,-0.464793682,0.882588029,-0.285806656,-0.373300135,0.521487415,-0.820079565,-0.235627711,-0.155345961,-0.418956757,-0.894618869
210,-0.076246798,-0.883370578,-0.462431461,0.882035613,-0.284211606,-0.375815153,0.521135867,-0.818205893,-0.242809609,-0.161046043,-0.418500453,-0.893824041
211,-0.0766051337,-0.884533465,-0.460143566,0.881767929,-0.282619983,-0.377639085,0.522614419,-0.81546098,-0.24879241,-0.167275116,-0.418982089,-0.892453432
212,-0.0768342763,-0.885537446,-0.458170116,0.882177949,-0.280975848,-0.377908289,0.526035666,-0.812070191,-0.252643198,-0.172943458,-0.420761615,-0.890533686
213,-0.0768071413,-0.886289597,-0.456718117,0.883463025,-0.279248685,-0.376182407,0.530979455,-0.80844903,-0.253911436,-0.17703335,-0.42386815,-0.888253868
214,-0.0764263794,-0.886760175,-0.455867648,0.885563552,-0.277461171,-0.37254867,0.536580861,-0.805103719,-0.252762675,-0.178823143,-0.427983254,-0.885919154
215,-0.0756582692,-0.886995196,-0.455538392,0.888192236,-0.275665611,-0.367590874,0.541652143,-0.802579939,-0.249956846,-0.1780072,-0.432432443,-0.88392061
216,-0.0745288134,-0.887090206,-0.455539703,0.890920997,-0.273941755,-0.362236977,0.5450598,-0.801311135,-0.246597394,-0.174728096,-0.436308056,-0.882669389
217,-0.0730760023,-0.887173235,-0.455613345,0.893336713,-0.27233696,-0.357466131,0.546009183,-0.801520467,-0.243800864,-0.169562742,-0.43867144,-0.882505476
218,-0.071325101,-0.887357891,-0.45553121,0.895148754,-0.270868152,-0.354032874,0.544386446,-0.803091168,-0.242255986,-0.163390353,-0.438795239,-0.883607626
219,-0.0692637712,-0.887714148,-0.455154985,0.896248758,-0.269539565,-0.352259308,0.540775359,-0.805581093,-0.242076501,-0.157278791,-0.436471283,-0.885864735
220,-0.0668685809,-0.888239801,-0.454487234,0.896726489,-0.268329054,-0.351967454,0.536229968,-0.808364034,-0.242909655,-0.152215913,-0.432106405,-0.88888377
221,-0.0641457662,-0.888868332,-0.453650057,0.896802545,-0.267198026,-0.352633327,0.531925738,-0.810781538,-0.244312137,-0.148980632,-0.426613808,-0.892079234
222,-0.0612022802,-0.889488041,-0.452841401,0.896760464,-0.266110927,-0.353561342,0.528722823,-0.812343538,-0.246069327,-0.148021385,-0.420995742,-0.894903481
223,-0.0582635067,-0.889996052,-0.452230573,0.896866679,-0.264985234,-0.354137063,0.526921332,-0.812816381,-0.248361543,-0.149428546,-0.415976942,-0.897014081
224,-0.0556705035,-0.890343547,-0.451872915,0.89730078,-0.26374945,-0.353959709,0.526291728,-0.812241197,-0.251557797,-0.152985215,-0.411845893,-0.898319781
225,-0.053743124,-0.890564203,-0.451671362,0.898108304,-0.262345374,-0.352953792,0.526310503,-0.81085211,-0.255961239,-0.158216774,-0.408530086,-0.89892751
226,-0.0526724271,-0.890752673,-0.45142585,0.899205387,-0.260752022,-0.351337671,0.526465297,-0.808947086,-0.261608243,-0.164452866,-0.405794442,-0.899047375
227,-0.0524153188,-0.890999198,-0.450968921,0.900453091,-0.258957267,-0.349464357,0.526502371,-0.806754231,-0.268221766,-0.170926705,-0.403468281,-0.8988868
228,-0.052745726,-0.891335487,-0.450265378,0.901705861,-0.257003665,-0.347671628,0.526424766,-0.804425061,-0.27527687,-0.176807269,-0.401556849,-0.898605227
229,-0.053329993,-0.891688228,-0.449497432,0.902891338,-0.25494805,-0.34610489,0.526444972,-0.802052438,-0.282077253,-0.181369722,-0.400215954,-0.898294091
230,-0.0538507104,-0.89192003,-0.448975176,0.904026031,-0.252856106,-0.344674945,0.526851773,-0.799732029,-0.287846923,-0.184118047,-0.3996934,-0.897967577
231,-0.0540876538,-0.891874194,-0.44903776,0.905193388,-0.250800043,-0.343109906,0.527857006,-0.797630727,-0.291808456,-0.184804842,-0.400161058,-0.897618115
232,-0.0539514199,-0.89144367,-0.449908257,0.90645802,-0.248867258,-0.341172934,0.529445469,-0.796020567,-0.293323547,-0.183327854,-0.401625782,-0.897266746
233,-0.0534566231,-0.890613139,-0.451608866,0.907817245,-0.247119635,-0.338821083,0.531350553,-0.795224071,-0.292036355,-0.179561526,-0.403923571,-0.896996915
234,-0.0526895225,-0.889458299,-0.453968823,0.909181416,-0.245616332,-0.336246729,0.53311348,-0.795517087,-0.287997335,-0.173329502,-0.406751245,-0.896945
235,-0.0517812558,-0.888131559,-0.456662923,0.910396695,-0.244444266,-0.333803415,0.534196734,-0.79702276,-0.281759799,-0.164722607,-0.409671456,-0.897237837
236,-0.0509249717,-0.886809528,-0.459320664,0.911348581,-0.243700281,-0.331743836,0.534169793,-0.799612164,-0.274377495,-0.154448181,-0.412198424,-0.897907734
237,-0.050373286,-0.885655165,-0.461603075,0.912029684,-0.24346222,-0.330042481,0.532800734,-0.802908957,-0.26732108,-0.144118771,-0.413878202,-0.898851871
238,-0.0503680259,-0.884803295,-0.463234484,0.912552655,-0.243723214,-0.328400224,0.530184925,-0.806313694,-0.262225598,-0.135947227,-0.414432496,-0.899868846
239,-0.0510757975,-0.884356201,-0.46401006,0.913095415,-0.244315818,-0.326445282,0.526809454,-0.809129119,-0.260349602,-0.132073298,-0.413867712,-0.900705397
240,-0.0524871275,-0.884371042,-0.463824362,0.913794518,-0.244959369,-0.323997557,0.523568094,-0.810673058,-0.262079507,-0.133715227,-0.412530065,-0.901076674
241,-0.0543781035,-0.884865403,-0.462662101,0.914675772,-0.24531953,-0.321226716,0.521533012,-0.810506105,-0.266614109,-0.140700057,-0.411017716,-0.900704205
242,-0.056342341,-0.885781944,-0.46066907,0.915640771,-0.245156139,-0.318591386,0.521668136,-0.808551908,-0.272224456,-0.151499614,-0.410079449,-0.899379075
243,-0.0579386689,-0.886972487,-0.458173454,0.916534066,-0.244440496,-0.31656608,0.524374366,-0.805184364,-0.276965052,-0.163696736,-0.410373181,-0.897104919
244,-0.0588461421,-0.888204575,-0.455664158,0.917243958,-0.243322998,-0.315368801,0.529333234,-0.801052511,-0.279501796,-0.174679384,-0.412370056,-0.894113004
245,-0.0590195209,-0.889203608,-0.45368886,0.917747974,-0.242111266,-0.314834714,0.535570681,-0.796891689,-0.27951321,-0.182303518,-0.416086584,-0.89086324
246,-0.0586739108,-0.889748335,-0.452664554,0.918147922,-0.241078928,-0.314460546,0.541755617,-0.793332279,-0.277713418,-0.185416535,-0.420998007,-0.887908399
247,-0.0581983514,-0.88972199,-0.452777892,0.918618739,-0.240380675,-0.313618749,0.546645224,-0.790787816,-0.275379151,-0.184201136,-0.426054984,-0.885746658
248,-0.0579738207,-0.889134288,-0.453959495,0.91936034,-0.239981294,-0.311745942,0.549372971,-0.789471626,-0.273722261,-0.179983035,-0.429935127,-0.884738326
249,-0.0582007952,-0.888114035,-0.455923349,0.920516193,-0.239677712,-0.308552414,0.5496611,-0.789399147,-0.273352623,-0.174657926,-0.431608647,-0.884990692
250,-0.0588649213,-0.886846483,-0.458299249,0.922090232,-0.239221722,-0.304175079,0.547793508,-0.790453672,-0.274053454,-0.169758096,-0.430790424,-0.886341751
251,-0.0597514771,-0.885527015,-0.460729539,0.923922777,-0.238446549,-0.299182177,0.544485092,-0.79242301,-0.274957806,-0.16594173,-0.428017169,-0.88840574
252,-0.0606105477,-0.884295166,-0.462977827,0.925746024,-0.237319365,-0.294404298,0.540642321,-0.795044243,-0.27497378,-0.162934765,-0.42435357,-0.890716732
253,-0.0612536967,-0.883206069,-0.464967817,0.927245438,-0.23602657,-0.290701598,0.537159443,-0.798027277,-0.273152322,-0.159998491,-0.420911938,-0.892879426
254,-0.0616320483,-0.882240117,-0.466748208,0.928170979,-0.234839365,-0.288702518,0.534686863,-0.801088035,-0.269012839,-0.15637356,-0.418468356,-0.89466846
255,-0.0618533865,-0.881343782,-0.4684093,0.928403854,-0.234022796,-0.288616747,0.533545315,-0.803951621,-0.262661755,-0.151652694,-0.417365879,-0.89599514
256,-0.0620922036,-0.880498648,-0.469964594,0.928006828,-0.233684689,-0.290163338,0.53361851,-0.806396961,-0.254902571,-0.145854682,-0.417534471,-0.89687866
257,-0.0625537038,-0.879750788,-0.471302003,0.927205205,-0.233746335,-0.29266569,0.534414887,-0.808314383,-0.24703975,-0.139378279,-0.418569863,-0.897425771
258,-0.0634009168,-0.879214764,-0.472188294,0.926372945,-0.233916447,-0.295154482,0.535235405,-0.809758127,-0.240447208,-0.132788152,-0.419839263,-0.897832036
259,-0.0647189319,-0.879015565,-0.472380251,0.925920367,-0.23385568,-0.296619117,0.535422087,-0.810949445,-0.235974967,-0.126541913,-0.420602918,-0.898376465
260,-0.0665045977,-0.879215539,-0.471759707,0.926209509,-0.2332692,-0.296178281,0.534582675,-0.812196136,-0.233578369,-0.12068285,-0.420231402,-0.899356008
261,-0.0686807707,-0.879760623,-0.470429748,0.927428246,-0.232074365,-0.293288767,0.532691777,-0.813776255,-0.232395679,-0.11468704,-0.418473333,-0.900958955
262,-0.0710883662,-0.880451739,-0.468776196,0.929555357,-0.23037757,-0.287842035,0.530035436,-0.815826654,-0.231277749,-0.10765028,-0.415588945,-0.903159559
263,-0.073488526,-0.880994081,-0.467385143,0.932320952,-0.228491664,-0.280302107,0.527061224,-0.818288267,-0.229370266,-0.0987214968,-0.412250221,-0.905706227
264,-0.0756421834,-0.88108331,-0.46687308,0.935268104,-0.226792291,-0.271733195,0.524256349,-0.820914924,-0.226393402,-0.0877304301,-0.409171462,-0.908230245
265,-0.077359803,-0.880519807,-0.467654139,0.937844396,-0.225638881,-0.263694644,0.522004068,-0.823376238,-0.222628206,-0.0755142495,-0.406762093,-0.910407662
266,-0.0785788298,-0.879279017,-0.469780624,0.939531088,-0.225297764,-0.257919043,0.520576358,-0.825358808,-0.218593404,-0.0637813658,-0.405062407,-0.912061632
267,-0.0793811232,-0.877517998,-0.472927868,0.939960778,-0.225935236,-0.255786926,0.520025909,-0.82671231,-0.214755237,-0.054582566,-0.403738648,-0.913244605
268,-0.079971239,-0.875503361,-0.476548582,0.938988328,-0.227635503,-0.257843107,0.520181596,-0.827468634,-0.21143952,-0.0494758226,-0.402354836,-0.914145887
269,-0.0806301534,-0.873520195,-0.480063915,0.936701119,-0.230411738,-0.263631254,0.520673275,-0.827835441,-0.208776757,-0.0488204844,-0.400527239,-0.914983273
270,-0.0816283301,-0.871790469,-0.48303023,0.933380425,-0.234208182,-0.27193296,0.521111488,-0.82807827,-0.206710681,-0.0515835136,-0.398081303,-0.915898621
271,-0.0831727162,-0.870444238,-0.485189795,0.929407716,-0.238917291,-0.281282395,0.521275043,-0.828411102,-0.204956904,-0.0558274239,-0.395101517,-0.916939557
272,-0.0853898972,-0.869527817,-0.486446291,0.925187588,-0.244349241,-0.290381521,0.521158218,-0.828960657,-0.203023031,-0.0594680905,-0.391805291,-0.918124259
273,-0.0883130506,-0.869033575,-0.486807495,0.921072602,-0.250248313,-0.298330367,0.520905614,-0.829765797,-0.200364843,-0.0609744862,-0.388391465,-0.919474959
274,-0.0919323191,-0.868956387,-0.486274779,0.917382896,-0.256272912,-0.304520875,0.520668089,-0.830819666,-0.196579471,-0.0597036071,-0.38493517,-0.921010554
275,-0.0962184221,-0.869280457,-0.484864414,0.914457977,-0.262010992,-0.308410168,0.520541012,-0.832079768,-0.19152087,-0.055985976,-0.38138625,-0.922718823
276,-0.101156861,-0.869971514,-0.482614577,0.912669837,-0.26701352,-0.309414923,0.520583034,-0.833436131,-0.185411885,-0.0508961715,-0.377622515,-0.924559772
277,-0.106713749,-0.870940626,-0.479661047,0.912363827,-0.270841211,-0.306981087,0.520839036,-0.834730923,-0.178748503,-0.0457863696,-0.373562425,-0.926474392
278,-0.112815067,-0.872054636,-0.476228446,0.913679063,-0.273184299,-0.30093345,0.521384299,-0.835808337,-0.171996459,-0.0417391099,-0.369169056,-0.928424478
279,-0.119297169,-0.873158991,-0.472611457,0.916345,-0.273983181,-0.291967422,0.522324264,-0.836570024,-0.165311858,-0.0391990691,-0.364423066,-0.93040812
280,-0.125894845,-0.874117136,-0.469115853,0.919616938,-0.273560852,-0.281902552,0.523761868,-0.836984575,-0.158525258,-0.0378664434,-0.35937351,-0.93242532
281,-0.13225694,-0.874835193,-0.46601671,0.922430217,-0.272632897,-0.273484468,0.525737941,-0.837083817,-0.151295558,-0.0368673056,-0.354120851,-0.93447262
282,-0.13804248,-0.875266373,-0.463522434,0.923716545,-0.272167593,-0.269578278,0.528173685,-0.83692652,-0.143479824,-0.0350007825,-0.348923236,-0.936497509
283,-0.14303872,-0.87538749,-0.461775601,0.922719717,-0.273101985,-0.272035927,0.530939698,-0.836540103,-0.135291249,-0.0310839824,-0.344251245,-0.938362837
284,-0.14720732,-0.87522012,-0.460781753,0.919187248,-0.275940835,-0.28098312,0.533897579,-0.835924089,-0.127217442,-0.0242602602,-0.340725511,-0.939849794
285,-0.15068534,-0.874826908,-0.460404068,0.913405716,-0.280619532,-0.294860572,0.537038922,-0.835004807,-0.119817235,-0.0143247461,-0.339024365,-0.940668583
286,-0.153702855,-0.874313831,-0.46038112,0.906129181,-0.28656581,-0.311143041,0.540437877,-0.833687723,-0.11354132,-0.00199698121,-0.339648515,-0.940550327
287,-0.156489447,-0.873785794,-0.460444778,0.898361742,-0.293027908,-0.327232003,0.544282794,-0.83184576,-0.108576745,0.0109544741,-0.342660397,-0.939395428
288,-0.159206882,-0.873316884,-0.460402846,0.891089559,-0.299314827,-0.341130674,0.548799455,-0.829350054,-0.104869522,0.0220407881,-0.34754914,-0.937402666
289,-0.161908537,-0.872878611,-0.460291862,0.885029256,-0.305060416,-0.351655066,0.554165184,-0.826122761,-0.102088541,0.0287651792,-0.353269309,-0.935079336
290,-0.164602667,-0.872346759,-0.460344493,0.88046515,-0.310274541,-0.358484089,0.560469031,-0.822150588,-0.0997138619,0.0295580644,-0.35856238,-0.933037698
291,-0.167278215,-0.871554077,-0.460881233,0.877241611,-0.315262467,-0.362017542,0.567560494,-0.817574978,-0.0971916616,0.0243574623,-0.362354845,-0.931721866
292,-0.169963047,-0.870388687,-0.462099642,0.874872148,-0.320426971,-0.363215089,0.574976444,-0.812730372,-0.0941880047,0.014572259,-0.364071101,-0.931257129
293,-0.17275168,-0.868851185,-0.463955253,0.872719228,-0.326086611,-0.363357514,0.581994772,-0.808108628,-0.0907883272,0.00248957612,-0.363726974,-0.931502283
294,-0.175753415,-0.867094576,-0.466109037,0.870216668,-0.332295746,-0.363734037,0.587843597,-0.804219723,-0.0875821114,-0.0094504049,-0.361865133,-0.93218255
295,-0.179059193,-0.865362465,-0.468065858,0.867032707,-0.338780284,-0.365352362,0.591966033,-0.801417708,-0.0854742229,-0.0192840565,-0.359362781,-0.932998657
296,-0.182691917,-0.86389482,-0.469371289,0.863128364,-0.345055819,-0.368708432,0.594217896,-0.799773276,-0.0852515921,-0.0258620717,-0.357105881,-0.933705807
297,-0.186575428,-0.862844944,-0.469774574,0.858738303,-0.350564837,-0.373728126,0.594911456,-0.799053729,-0.0871402323,-0.0288652331,-0.355764806,-0.934129596
298,-0.190537021,-0.862219095,-0.46933341,0.854226589,-0.354912668,-0.379912913,0.594724119,-0.798807859,-0.0906052664,-0.0285930298,-0.355632305,-0.934188485
299,-0.194318458,-0.861878097,-0.468408555,0.849959552,-0.35797286,-0.386554152,0.594489694,-0.798534274,-0.0944726318,-0.0256338678,-0.356628269,-0.933894634
300,-0.197628722,-0.861607552,-0.467520386,0.846230149,-0.359844357,-0.392946094,0.594932139,-0.797841907,-0.0974888876,-0.0205969755,-0.3584373,-0.933326602
301,-0.200233519,-0.861191094,-0.467179269,0.843207419,-0.360766053,-0.398558795,0.596412838,-0.796564579,-0.0988765433,-0.0140454676,-0.360615909,-0.932608664
302,-0.202048659,-0.860490084,-0.467689037,0.840967536,-0.360963732,-0.403086483,0.598836243,-0.794778943,-0.0985982418,-0.00651383074,-0.362726867,-0.931872785
303,-0.203199804,-0.859497726,-0.469013453,0.839498639,-0.360570133,-0.406486303,0.601735771,-0.792755902,-0.0972220749,0.00138638122,-0.364371598,-0.931252599
304,-0.204055712,-0.858323991,-0.470787823,0.838727713,-0.359584183,-0.408943772,0.604543209,-0.790828645,-0.095485501,0.00894144084,-0.365274847,-0.930856824
305,-0.205158189,-0.857153356,-0.472438574,0.838558137,-0.357898861,-0.410766035,0.606854439,-0.789251566,-0.0938597098,0.0153737944,-0.365325421,-0.930752933
306,-0.207121328,-0.856147408,-0.473405033,0.838916063,-0.355393022,-0.41220817,0.608596981,-0.788091362,-0.0923131332,0.0199775156,-0.364628911,-0.930938542
307,-0.210493356,-0.855375588,-0.473312974,0.839723468,-0.352035373,-0.413443565,0.610024869,-0.787205875,-0.0904245079,0.022309497,-0.363489628,-0.931331098
308,-0.215612978,-0.854772449,-0.472096592,0.84089756,-0.347951531,-0.414513022,0.611457467,-0.786405325,-0.0876721963,0.0223611053,-0.362277448,-0.931802094
309,-0.222442746,-0.854172885,-0.470008343,0.842325568,-0.343443811,-0.415372223,0.613110721,-0.785537839,-0.0838180706,0.0206757113,-0.361321688,-0.932211936
310,-0.230499059,-0.853376746,-0.467566401,0.843841076,-0.338983238,-0.415959835,0.614914238,-0.784620404,-0.0790646076,0.0183040313,-0.360794753,-0.932465553
311,-0.238911837,-0.852258086,-0.465378702,0.845253289,-0.335082203,-0.416253299,0.616557181,-0.783814192,-0.0741126388,0.0165784173,-0.360712439,-0.932529747
312,-0.246659666,-0.850831807,-0.463944197,0.8463853,-0.332193643,-0.4162682,0.617658973,-0.783335447,-0.0698785707,0.0167964846,-0.361000866,-0.932414234
313,-0.252879858,-0.849249959,-0.463493586,0.847065508,-0.330636948,-0.416124165,0.617910862,-0.78336817,-0.0672352985,0.0199058447,-0.361536682,-0.932145417
314,-0.257133007,-0.847736776,-0.463923484,0.84713316,-0.330556363,-0.416050315,0.617257178,-0.783927381,-0.0667188391,0.0263308994,-0.362248808,-0.931709409
315,-0.259542763,-0.846435666,-0.464956105,0.846478224,-0.331937253,-0.416284084,0.615898609,-0.784849942,-0.0684065893,0.0359792151,-0.363135517,-0.93104136
316,-0.260714024,-0.845324636,-0.466320217,0.84506166,-0.334657997,-0.416982979,0.614270568,-0.7858181,-0.0718441531,0.0483240709,-0.364281714,-0.93003422
317,-0.261483192,-0.844202042,-0.467920393,0.842993975,-0.338427812,-0.418124229,0.612945139,-0.786461115,-0.0760081783,0.06259045,-0.365816802,-0.928579748
318,-0.262676179,-0.842763782,-0.469840854,0.840529382,-0.342820287,-0.419505179,0.612539113,-0.78643775,-0.0794445649,0.0779029205,-0.367904127,-0.926594615
319,-0.264886409,-0.840749264,-0.472203135,0.838025153,-0.347282857,-0.420842648,0.613516748,-0.785558164,-0.0805951431,0.0934590995,-0.370627701,-0.924067378
320,-0.268367052,-0.83805716,-0.475015074,0.835773468,-0.351267904,-0.422011226,0.616021752,-0.783820987,-0.078370221,0.108596779,-0.37398544,-0.921054602
321,-0.273045629,-0.834822357,-0.478035152,0.833871067,-0.354349494,-0.423196763,0.619763136,-0.781421721,-0.072619997,0.122817688,-0.377862096,-0.917679727
322,-0.278597623,-0.831369936,-0.480840266,0.832156003,-0.356364995,-0.424876988,0.624083579,-0.77870357,-0.0643458292,0.135708526,-0.382083535,-0.914109051
323,-0.284564853,-0.828110814,-0.482965261,0.830294728,-0.357449561,-0.427598417,0.628156364,-0.776106894,-0.0554760098,0.146809474,-0.386435717,-0.91055721
324,-0.290482789,-0.825368881,-0.484134257,0.827991724,-0.35795325,-0.431624055,0.63129133,-0.774044752,-0.0482285507,0.155492261,-0.390725493,-0.907279313
325,-0.295933872,-0.823297262,-0.484360188,0.825149953,-0.358311802,-0.436738223,0.633079588,-0.772813916,-0.0443726517,0.160929307,-0.394706815,-0.904603958
326,-0.300615996,-0.821859598,-0.48391822,0.821937501,-0.358830631,-0.442333937,0.633540809,-0.772426426,-0.0445350893,0.16213803,-0.39812699,-0.902887642
327,-0.304391891,-0.820887804,-0.483206749,0.818706155,-0.359586865,-0.447680295,0.63304615,-0.772626996,-0.047959961,0.158232421,-0.400674492,-0.902453601
328,-0.30729875,-0.820172191,-0.482581556,0.815834045,-0.360472292,-0.452188581,0.632214844,-0.772992015,-0.0527983122,0.148818552,-0.402092278,-0.903423905
329,-0.309553504,-0.819548845,-0.48219952,0.813601732,-0.361307323,-0.455531836,0.631738186,-0.773089588,-0.0569152981,0.134366289,-0.402242094,-0.905619681
330,-0.311460584,-0.818927646,-0.482026726,0.812118411,-0.361945659,-0.457666874,0.632107139,-0.772648931,-0.0587723702,0.116339438,-0.40118587,-0.908578575
331,-0.313277006,-0.818305016,-0.48190707,0.811334312,-0.362346649,-0.458739102,0.633440256,-0.771619916,-0.0579316393,0.0969371498,-0.399190485,-0.911729217
332,-0.315114826,-0.817714274,-0.481711566,0.811056137,-0.362623721,-0.459011972,0.63546896,-0.770160437,-0.0550639704,0.0785529092,-0.396656543,-0.914599955
333,-0.316930592,-0.817183375,-0.481421173,0.810999811,-0.36300239,-0.458812237,0.637678623,-0.76857841,-0.0515088178,0.063366577,-0.394005209,-0.916921258
334,-0.318553835,-0.816725194,-0.481127203,0.810845733,-0.363755494,-0.458487898,0.639530122,-0.767224848,-0.04865437,0.0530599281,-0.391641557,-0.918586731
335,-0.319811165,-0.816325963,-0.480970621,0.810290337,-0.365114748,-0.458389342,0.640675962,-0.766348481,-0.0473746248,0.0487850383,-0.389883041,-0.919571221
336,-0.320616305,-0.815952897,-0.481067568,0.809171677,-0.36718598,-0.458710998,0.641045451,-0.766010523,-0.0478388593,0.0511869937,-0.388994187,-0.91981709
337,-0.320973992,-0.815582156,-0.481457591,0.807583034,-0.369807839,-0.459403872,0.640786588,-0.766111791,-0.0496517457,0.0603883006,-0.389142752,-0.91919595
338,-0.320956826,-0.815184593,-0.482141942,0.805845261,-0.372624934,-0.460178316,0.640169263,-0.766461492,-0.0521544367,0.0759380981,-0.390378237,-0.917517483
339,-0.320658147,-0.814733267,-0.483102471,0.804451048,-0.37514466,-0.460570216,0.639418185,-0.766906738,-0.0547581054,0.0966490731,-0.392586827,-0.914622664
340,-0.320210278,-0.814181447,-0.484328419,0.803838432,-0.376942009,-0.460172176,0.638673961,-0.767356634,-0.0570909083,0.120520301,-0.395489514,-0.910528958
341,-0.31977725,-0.813490033,-0.48577407,0.804228008,-0.377806604,-0.458780527,0.63792628,-0.767833531,-0.0590065084,0.144798055,-0.398642421,-0.905603528
342,-0.319567353,-0.812645376,-0.487323582,0.80554384,-0.377768129,-0.456498086,0.637118995,-0.768388331,-0.060487099,0.166367278,-0.401542574,-0.900602818
343,-0.319810867,-0.811696708,-0.488742739,0.807410002,-0.377096921,-0.4537476,0.636205196,-0.769056737,-0.0616015531,0.182374477,-0.40369913,-0.89653033
344,-0.320718676,-0.810759127,-0.489703149,0.809262514,-0.376183748,-0.451198429,0.635198414,-0.769811392,-0.062556535,0.190822899,-0.404730558,-0.894304097
345,-0.322372496,-0.810003757,-0.489867181,0.810515106,-0.375367999,-0.449626505,0.634150922,-0.770576656,-0.0637513176,0.19098039,-0.404393017,-0.894423127
346,-0.324646682,-0.809598446,-0.489034742,0.810778201,-0.374834836,-0.449597061,0.633171082,-0.771217644,-0.0657093823,0.183450207,-0.402644724,-0.896784961
347,-0.327189028,-0.809653103,-0.487246513,0.810007215,-0.374525726,-0.451241404,0.632301927,-0.771650195,-0.0689225495,0.170001477,-0.399634957,-0.900772691
348,-0.329458416,-0.810166419,-0.484858215,0.808537424,-0.374206036,-0.454133332,0.631539166,-0.771846712,-0.0735582933,0.153198332,-0.39573893,-0.905494809
349,-0.330847412,-0.811025381,-0.482470572,0.806978762,-0.373596966,-0.457395405,0.630804956,-0.771874547,-0.0793394893,0.135880172,-0.391474456,-0.910101235
350,-0.330842108,-0.812021971,-0.480795056,0.806004941,-0.372497469,-0.460001886,0.630023897,-0.771856308,-0.0854857117,0.120517023,-0.387369007,-0.914013624
351,-0.329246819,-0.812904179,-0.480399191,0.80609566,-0.370911002,-0.461123437,0.629252911,-0.771862268,-0.0909364149,0.108732559,-0.38385269,-0.916970253
352,-0.326275468,-0.813441277,-0.481515914,0.807357848,-0.369061768,-0.460398465,0.628758311,-0.771820664,-0.0946355835,0.101062551,-0.381189913,-0.91895622
353,-0.322498441,-0.813490033,-0.483971745,0.809476078,-0.367312104,-0.458072513,0.628978968,-0.771482885,-0.095914714,0.0970430151,-0.379495949,-0.92008996
354,-0.318641484,-0.813039601,-0.487272143,0.81180805,-0.366055697,-0.454940706,0.630372643,-0.770498514,-0.0946700275,0.0955074802,-0.378811121,-0.920532763
355,-0.315379769,-0.812176704,-0.490820318,0.813596189,-0.365605593,-0.452099293,0.633198261,-0.768575251,-0.0913897902,0.0951022059,-0.379143924,-0.920437634
356,-0.313104033,-0.811076343,-0.494086087,0.814232588,-0.365983576,-0.450645417,0.637367368,-0.765636921,-0.0869651958,0.0948087722,-0.38048476,-0.919914424
357,-0.311938554,-0.809928179,-0.49669987,0.813393414,-0.366986245,-0.451344937,0.642421365,-0.761907637,-0.0824103206,0.0943642259,-0.382813722,-0.918993473
358,-0.311766446,-0.808901906,-0.498477042,0.811082304,-0.368243515,-0.454469115,0.647603989,-0.757915914,-0.0785659328,0.0943314955,-0.386050224,-0.917641938
359,-0.31233874,-0.808109939,-0.499402493,0.807562649,-0.3694399,-0.459735423,0.651994348,-0.75440979,-0.0759553462,0.0958672315,-0.390024751,-0.915800333
360,-0.313349396,-0.807561874,-0.499655783,0.803267717,-0.370494634,-0.466363192,0.654701769,-0.75218147,-0.0747565255,0.100226268,-0.394475043,-0.913424432
361,-0.31444189,-0.807158589,-0.499621212,0.798713207,-0.37158215,-0.473269343,0.655009508,-0.751891255,-0.0749803483,0.108325295,-0.399030387,-0.9105165
362,-0.315245032,-0.806690037,-0.49987182,0.794421554,-0.373042077,-0.479305893,0.652484298,-0.753923476,-0.0765745938,0.120525554,-0.403287381,-0.907101393
363,-0.315426528,-0.805930197,-0.500981688,0.790837228,-0.375165671,-0.483556896,0.647139311,-0.758209169,-0.0795581713,0.136599436,-0.406899512,-0.903201699
364,-0.314788759,-0.804723084,-0.503317773,0.78824234,-0.378017426,-0.485568553,0.639519513,-0.764189065,-0.083844468,0.15585877,-0.40966776,-0.898821652
365,-0.313381851,-0.803068697,-0.506825924,0.78672874,-0.381377906,-0.48539561,0.630740881,-0.770861506,-0.0890982971,0.177289858,-0.411637634,-0.893936694
366,-0.311500251,-0.801169932,-0.51097399,0.786207855,-0.38475734,-0.483569026,0.622263253,-0.777068436,-0.0946206897,0.199667662,-0.413060874,-0.888545811
367,-0.309597641,-0.799360633,-0.514948428,0.786490381,-0.387558907,-0.480864733,0.615565419,-0.781780422,-0.0994917378,0.221603453,-0.414378166,-0.882713258
368,-0.308124781,-0.797988057,-0.517951965,0.787382066,-0.389257759,-0.478024989,0.611620009,-0.784431577,-0.102898248,0.241654634,-0.416059345,-0.876639962
369,-0.30735141,-0.797273219,-0.519509792,0.788763881,-0.389557093,-0.475496471,0.61063242,-0.784989119,-0.104499407,0.258448452,-0.418471307,-0.870681465
370,-0.307281673,-0.797225893,-0.519623816,0.790577233,-0.388483167,-0.473358631,0.612003267,-0.783912063,-0.104564764,0.270921379,-0.421736181,-0.865297735
371,-0.307712168,-0.797655165,-0.518709421,0.792816579,-0.386334866,-0.471367359,0.61454463,-0.781994522,-0.104016185,0.278605849,-0.425644159,-0.860933125
372,-0.308367431,-0.7982741,-0.517366409,0.795365632,-0.383640677,-0.469268918,0.616922021,-0.78010273,-0.104148716,0.281790853,-0.42974171,-0.857855439
373,-0.309066623,-0.798817873,-0.516108274,0.79794389,-0.380993843,-0.467043012,0.617941558,-0.779010296,-0.106260031,0.281469226,-0.433503926,-0.856066287
374,-0.309807122,-0.799141586,-0.515162408,0.800092697,-0.378976524,-0.465003729,0.616816819,-0.779216468,-0.111170135,0.279058665,-0.436481982,-0.855341971
375,-0.3106803,-0.799256444,-0.514457881,0.8013165,-0.377970487,-0.463713557,0.613289535,-0.780859172,-0.118890442,0.276043355,-0.438510478,-0.855282784
376,-0.311747253,-0.79926759,-0.513794661,0.801260352,-0.378078073,-0.463722736,0.607674003,-0.783713698,-0.128549933,0.273649961,-0.439783216,-0.855398357
377,-0.312942982,-0.799308717,-0.51300317,0.799870491,-0.379096448,-0.465288281,0.600748956,-0.787306786,-0.13873969,0.272777498,-0.440876514,-0.855114222
378,-0.314027697,-0.799449325,-0.512120545,0.797414064,-0.380604506,-0.468263894,0.593478858,-0.791108966,-0.148085877,0.273884743,-0.442703813,-0.853815198
379,-0.314708173,-0.799657941,-0.511376619,0.794392943,-0.382095754,-0.472167999,0.586705923,-0.794675887,-0.155776903,0.276976466,-0.446336508,-0.85092175
380,-0.314797103,-0.799792826,-0.511110723,0.791363955,-0.383200496,-0.476340801,0.580919564,-0.797740579,-0.161686152,0.281502455,-0.452801317,-0.846006691
381,-0.314310044,-0.799660802,-0.511616886,0.788746774,-0.383801341,-0.480182409,0.576186538,-0.80024451,-0.166185811,0.286354572,-0.462767065,-0.838956356
382,-0.313561022,-0.799070537,-0.512996852,0.78671962,-0.384023577,-0.483319938,0.572290838,-0.80229032,-0.169745103,0.289961547,-0.476341844,-0.830072701
383,-0.313048095,-0.797925353,-0.515088439,0.785174608,-0.384218931,-0.485671401,0.568878531,-0.804094136,-0.172655135,0.290598184,-0.492934614,-0.820102453
384,-0.313292921,-0.796284676,-0.517472923,0.783809066,-0.384715915,-0.487480193,0.56560719,-0.805902302,-0.174957052,0.2868433,-0.511300802,-0.810118794
385,-0.314664036,-0.794371665,-0.519576907,0.782248795,-0.385726541,-0.489184856,0.562143207,-0.807947695,-0.176679149,0.278137654,-0.529741049,-0.80125773
386,-0.317250788,-0.792530596,-0.520813942,0.780181944,-0.387232512,-0.491291195,0.558237314,-0.810373068,-0.177950904,0.265021175,-0.54661411,-0.794340491
387,-0.320861548,-0.791111231,-0.520759881,0.777458489,-0.389056057,-0.494159669,0.553750455,-0.813197255,-0.179082602,0.249008313,-0.560782015,-0.789631784
388,-0.325071722,-0.790357351,-0.519291461,0.774132073,-0.390963823,-0.49786216,0.548700213,-0.816316962,-0.180428952,0.232085928,-0.571905017,-0.786804199
389,-0.329371542,-0.79030931,-0.516648471,0.770479977,-0.392750591,-0.50210315,0.543335855,-0.819487274,-0.182282045,0.216121048,-0.58043766,-0.785101116
390,-0.333334625,-0.790786207,-0.51336652,0.766953886,-0.394336939,-0.506241322,0.53803122,-0.822421253,-0.184785232,0.202465981,-0.587248147,-0.783675373
391,-0.336704016,-0.791457415,-0.510123193,0.76401937,-0.395742714,-0.509570539,0.533164442,-0.824872553,-0.187938601,0.191812843,-0.593277931,-0.781811357
392,-0.339435965,-0.791966259,-0.507516146,0.761995852,-0.397057801,-0.511573434,0.52896452,-0.826734245,-0.191590771,0.1843348,-0.599220693,-0.779073358
393,-0.341649026,-0.792049468,-0.505898774,0.760910213,-0.398380071,-0.512161016,0.52543509,-0.828061998,-0.19552809,0.179950505,-0.605421901,-0.77529484
394,-0.343475819,-0.791573405,-0.505406737,0.76048702,-0.399757445,-0.511716247,0.52234292,-0.829069197,-0.19950448,0.178523988,-0.611862779,-0.770553708
395,-0.344969213,-0.790529907,-0.506022394,0.760273814,-0.401146352,-0.510945618,0.519363821,-0.830027282,-0.203263432,0.179901659,-0.618298948,-0.765076339
396,-0.34607625,-0.788994431,-0.507660389,0.759819627,-0.402425647,-0.510615051,0.516230583,-0.831158578,-0.20659484,0.18381609,-0.624416947,-0.75915426
397,-0.346747398,-0.787085295,-0.510159731,0.758908093,-0.403413028,-0.511191189,0.512916684,-0.832548976,-0.209233493,0.189688131,-0.629980206,-0.75308919
398,-0.347116858,-0.784945309,-0.513196647,0.757633209,-0.403936237,-0.512666941,0.509669542,-0.834139466,-0.210827649,0.196584046,-0.634879708,-0.747183084
399,-0.347513378,-0.782762229,-0.51625365,0.756343842,-0.403872907,-0.514617085,0.50696969,-0.835781813,-0.210832939,0.203272447,-0.639136314,-0.741744637
400,-0.34841308,-0.780727804,-0.518721879,0.755494177,-0.403181821,-0.516403854,0.505244553,-0.837361634,-0.208694652,0.208554909,-0.642802894,-0.737095237
401,-0.350200385,-0.779018521,-0.520086348,0.755485833,-0.401909679,-0.517406881,0.504642069,-0.83885479,-0.204105347,0.211604029,-0.645957589,-0.733459353
402,-0.352991283,-0.777723193,-0.520138323,0.75649935,-0.400240064,-0.51722008,0.504847884,-0.840349197,-0.197336927,0.21223554,-0.64867574,-0.730873287
403,-0.356558114,-0.776833892,-0.519033194,0.758463979,-0.39842537,-0.515741825,0.505127132,-0.842009962,-0.189382553,0.211009577,-0.651073098,-0.729094505
404,-0.36041069,-0.776285648,-0.517189205,0.761034131,-0.39676699,-0.513228118,0.504499257,-0.844044149,-0.181851551,0.209032208,-0.653317571,-0.727654934
405,-0.363986641,-0.775990069,-0.515124381,0.763687551,-0.395511866,-0.510246634,0.502063394,-0.846620977,-0.176536903,0.20766744,-0.655611336,-0.725980639
406,-0.366805494,-0.775895238,-0.513264358,0.765869915,-0.394770324,-0.50754267,0.497186929,-0.849837959,-0.174873307,0.208128139,-0.658080935,-0.72361058
407,-0.368611455,-0.775965631,-0.511862218,0.767184913,-0.394503564,-0.505761087,0.489684403,-0.853645444,-0.177478671,0.211128056,-0.660687208,-0.720359147
408,-0.369358659,-0.77616781,-0.511016428,0.767538548,-0.394551456,-0.505186737,0.479807287,-0.857873261,-0.183952466,0.216633633,-0.663205862,-0.716399252
409,-0.369198173,-0.776447475,-0.510707438,0.767100513,-0.394727707,-0.505714178,0.468248814,-0.862267494,-0.192970932,0.223846376,-0.665279448,-0.712247133
410,-0.368435472,-0.77673161,-0.510826111,0.766198397,-0.394870341,-0.506968856,0.456082106,-0.866557717,-0.202649474,0.231457859,-0.666617751,-0.708553493
411,-0.367464751,-0.77695775,-0.511181355,0.765113413,-0.394917876,-0.508567989,0.444553554,-0.870527029,-0.211080238,0.238149181,-0.667124689,-0.705853879
412,-0.366740197,-0.777096927,-0.511489928,0.763941884,-0.394872963,-0.510360837,0.434849739,-0.874010682,-0.216820076,0.242979884,-0.666941464,-0.704379141
413,-0.36669296,-0.777164876,-0.511420667,0.762639821,-0.394766212,-0.51238668,0.427742451,-0.876892209,-0.219309136,0.245680317,-0.666317284,-0.704033017
414,-0.367646217,-0.777211189,-0.510665298,0.761091769,-0.394613773,-0.51480031,0.423405856,-0.879068732,-0.219010532,0.246598616,-0.665508628,-0.704476595
415,-0.369730324,-0.777280509,-0.509052634,0.759274006,-0.394444883,-0.517606199,0.421355277,-0.880495131,-0.217228144,0.246494114,-0.664709449,-0.70526737
416,-0.372772843,-0.777406454,-0.506635606,0.75730139,-0.394271255,-0.520619631,0.420642585,-0.8812204,-0.215662718,0.246238694,-0.664073348,-0.705955446
417,-0.376328737,-0.777591586,-0.503714263,0.755427182,-0.394087344,-0.523473918,0.420145452,-0.881430507,-0.215773359,0.246479273,-0.663739443,-0.7061854
418,-0.379724622,-0.77782619,-0.500795066,0.753957689,-0.39383173,-0.525779724,0.418946981,-0.881400168,-0.218213364,0.247484595,-0.663776517,-0.705798805
419,-0.382303953,-0.778104901,-0.498393863,0.753149748,-0.393362761,-0.527286649,0.416571379,-0.88142848,-0.222602993,0.249132633,-0.664157331,-0.70486027
420,-0.383642942,-0.778428435,-0.496857315,0.753152251,-0.392460078,-0.527955353,0.413092405,-0.881753087,-0.227741405,0.251094043,-0.664771616,-0.703584015
421,-0.383758128,-0.778768837,-0.496234685,0.75398922,-0.390942872,-0.527886331,0.408957273,-0.882525921,-0.232167825,0.253110051,-0.665490508,-0.702180684
422,-0.383063406,-0.779087126,-0.496271849,0.755557477,-0.388737291,-0.527272403,0.404723644,-0.883765936,-0.234854251,0.255171031,-0.666209638,-0.700751305
423,-0.382204086,-0.779322684,-0.496564358,0.757618964,-0.386023432,-0.526307285,0.400784433,-0.885371387,-0.235561773,0.25749445,-0.666888237,-0.699254334
424,-0.381780267,-0.779427111,-0.496726543,0.759853363,-0.38320148,-0.52514708,0.397287756,-0.887142837,-0.234819144,0.260352671,-0.667486846,-0.697622895
425,-0.382077456,-0.779395163,-0.496548176,0.761864185,-0.380761951,-0.524007022,0.394228727,-0.888861358,-0.233472198,0.263803959,-0.667980015,-0.695852101
426,-0.383029044,-0.779269814,-0.496011466,0.763277888,-0.379105389,-0.523150146,0.391574144,-0.890362144,-0.232217312,0.267591059,-0.668324769,-0.694072723
427,-0.38427338,-0.779141188,-0.495250463,0.763865411,-0.378344893,-0.522843063,0.389409125,-0.891560793,-0.23125717,0.271134138,-0.668504119,-0.692523241
428,-0.385358393,-0.779093802,-0.494481266,0.763554037,-0.378327191,-0.523310483,0.387920737,-0.892448545,-0.230332643,0.273701966,-0.668528199,-0.69148922
429,-0.385967821,-0.779154301,-0.493910372,0.762453437,-0.378747165,-0.524609804,0.387286097,-0.893059492,-0.229028746,0.274681896,-0.668447614,-0.691178381
430,-0.386031389,-0.779281199,-0.49366042,0.760793686,-0.379285574,-0.526626408,0.387530237,-0.893406928,-0.22725381,0.273855776,-0.668346941,-0.691603541
431,-0.385740131,-0.779352427,-0.493775636,0.758807242,-0.379844218,-0.529084086,0.388393193,-0.893485188,-0.225466087,0.271524698,-0.668321371,-0.692546725
432,-0.385385752,-0.779241085,-0.494227797,0.756723404,-0.380488336,-0.5315997,0.389389485,-0.893275082,-0.224578291,0.268390775,-0.668463469,-0.693630278
433,-0.385242671,-0.778853595,-0.494949669,0.754722416,-0.381450295,-0.533750653,0.389984459,-0.8927809,-0.225509241,0.265280783,-0.668836355,-0.69446671
434,-0.38541919,-0.77820009,-0.495839298,0.752941668,-0.382919639,-0.535211623,0.389801562,-0.892057836,-0.228664845,0.26278168,-0.669376612,-0.694896162
435,-0.385865718,-0.777399898,-0.496746451,0.75149256,-0.384901255,-0.535826504,0.388787478,-0.891207933,-0.233650818,0.261038899,-0.669858575,-0.695088506
436,-0.386404216,-0.776634395,-0.497524649,0.750439644,-0.387191504,-0.535651922,0.387269318,-0.890359402,-0.239337847,0.259721309,-0.669949532,-0.695494413
437,-0.386782259,-0.776125908,-0.498024255,0.74981612,-0.389319927,-0.534982085,0.385845155,-0.889640689,-0.244260073,0.258224159,-0.669303358,-0.696672976
438,-0.386746585,-0.776054978,-0.498162329,0.74958998,-0.39078185,-0.534232497,0.385191798,-0.889136493,-0.247110426,0.255907893,-0.667703211,-0.69905901
439,-0.38613674,-0.776497304,-0.497946143,0.749662161,-0.391174078,-0.533844113,0.385814011,-0.888850868,-0.24716714,0.252307326,-0.665053666,-0.702883184
440,-0.384910733,-0.777398884,-0.49748835,0.749864459,-0.390425175,-0.534108102,0.387880594,-0.888694882,-0.244479269,0.24715744,-0.661357522,-0.708180368
441,-0.383194238,-0.77856648,-0.496987402,0.750018597,-0.388833463,-0.535052061,0.391155362,-0.888540685,-0.239776984,0.240301654,-0.656590998,-0.714942932
442,-0.381236166,-0.779737771,-0.496656865,0.749947786,-0.387058467,-0.536436319,0.395091325,-0.88829422,-0.234171301,0.231564343,-0.650673926,-0.7231884
443,-0.379351169,-0.78064537,-0.496674448,0.749555469,-0.385899335,-0.537818015,0.399111927,-0.887932062,-0.228662074,0.220704988,-0.643531322,-0.732909739
444,-0.377837956,-0.781140149,-0.497049838,0.748774946,-0.386090636,-0.538767159,0.402839482,-0.887521923,-0.223663077,0.207577363,-0.63521111,-0.743920982
445,-0.376908541,-0.781218827,-0.49763158,0.747606874,-0.388019055,-0.539003789,0.406304449,-0.887147784,-0.21882762,0.192377254,-0.626067698,-0.755665481
446,-0.376612097,-0.781033039,-0.498147249,0.746099949,-0.391596735,-0.538504362,0.409886837,-0.886877239,-0.21317029,0.175951198,-0.616872847,-0.767143488
447,-0.376870841,-0.780807495,-0.498305053,0.74434185,-0.396299511,-0.53749609,0.414096862,-0.88672936,-0.205511227,0.159900025,-0.608828008,-0.777020276
448,-0.377473116,-0.780751705,-0.497936517,0.742458105,-0.401335537,-0.536363423,0.419266015,-0.886673331,-0.195003614,0.146386608,-0.60343504,-0.783860385
449,-0.37815845,-0.7809816,-0.497055262,0.740582407,-0.405922204,-0.535504222,0.425302863,-0.886674702,-0.181453764,0.137662664,-0.602152765,-0.786422908
450,-0.378670543,-0.781486571,-0.495870203,0.738810658,-0.409443676,-0.535270691,0.431705236,-0.886708677,-0.165463984,0.135429353,-0.606007755,-0.783845305
451,-0.37882641,-0.782155871,-0.49469462,0.737178445,-0.411654562,-0.535824955,0.437683314,-0.886824071,-0.148244277,0.140196249,-0.615146339,-0.775847912
452,-0.378559291,-0.782840312,-0.49381569,0.735696793,-0.412570417,-0.53715533,0.442463994,-0.887125075,-0.131281018,0.150911704,-0.628626168,-0.762925208
453,-0.377936721,-0.78341049,-0.493388027,0.734418333,-0.412380546,-0.53904736,0.445572138,-0.887706637,-0.115941346,0.164932922,-0.644556761,-0.746554554
454,-0.377092957,-0.783818066,-0.493386358,0.733453691,-0.411313623,-0.541171789,0.446961612,-0.888587952,-0.103134707,0.178653732,-0.660650611,-0.729125321
455,-0.37617293,-0.784102023,-0.493637443,0.732978582,-0.40954262,-0.543154955,0.447065771,-0.889647424,-0.0930568799,0.18855077,-0.675035,-0.713285625
456,-0.375274539,-0.784374535,-0.49388817,0.733163297,-0.407183349,-0.544677317,0.446707726,-0.890611768,-0.0852222964,0.192369699,-0.686826825,-0.700901508
457,-0.374464244,-0.784769237,-0.493876249,0.734040737,-0.404328287,-0.545621514,0.446823746,-0.891155005,-0.0786852539,0.189730763,-0.696305692,-0.692214251
458,-0.37378639,-0.78537792,-0.493421972,0.735395789,-0.401173353,-0.546125352,0.448131472,-0.891023576,-0.0724926069,0.182081908,-0.704599023,-0.685847282
459,-0.373273283,-0.786222935,-0.492463797,0.736771703,-0.39803198,-0.546569347,0.450926125,-0.890113473,-0.0660576969,0.171914831,-0.713170409,-0.679583132
460,-0.372965157,-0.787230194,-0.491086155,0.737576008,-0.395315468,-0.54745537,0.45493421,-0.888548493,-0.0592986234,0.161825046,-0.723146856,-0.671469569
461,-0.372853965,-0.788280904,-0.489482492,0.73726058,-0.393467635,-0.549208462,0.459475219,-0.886637509,-0.0525016002,0.153663158,-0.734846592,-0.660596728
462,-0.372927666,-0.789231718,-0.487891674,0.735462725,-0.392876983,-0.552034616,0.46373871,-0.884774446,-0.0460501052,0.148169279,-0.747639894,-0.647364199
463,-0.373156548,-0.789982915,-0.486498892,0.732088149,-0.393759251,-0.555878103,0.467093855,-0.883297801,-0.0401041731,0.145024106,-0.760238469,-0.633249879
464,-0.373524547,-0.790477276,-0.485412329,0.727345586,-0.396110147,-0.560415208,0.469251394,-0.882388175,-0.0345594026,0.143277764,-0.771282494,-0.620157063
465,-0.374034017,-0.790719986,-0.484624147,0.721724927,-0.399650604,-0.565148294,0.470302522,-0.882022798,-0.0291787274,0.141841009,-0.779890835,-0.609632313
466,-0.374705225,-0.790754914,-0.484048158,0.715929866,-0.40389815,-0.569482803,0.470587164,-0.882031143,-0.0238497071,0.139921591,-0.785921633,-0.602286637
467,-0.375565827,-0.790641785,-0.483565837,0.710758686,-0.408262372,-0.572838426,0.470453262,-0.882225096,-0.0187789518,0.137211844,-0.789922118,-0.597658753
468,-0.376596779,-0.790461004,-0.483059287,0.706866622,-0.412169516,-0.574852884,0.47004199,-0.882523477,-0.01459195,0.133925125,-0.79277724,-0.594616115
469,-0.377773166,-0.790272057,-0.482449532,0.704624653,-0.415240079,-0.575395346,0.469245642,-0.8829844,-0.0121294493,0.130499333,-0.795309126,-0.591990888
470,-0.379053801,-0.79014653,-0.481649905,0.704034209,-0.41728431,-0.574638724,0.467768341,-0.883767307,-0.0121736312,0.127341077,-0.79788816,-0.589201748
471,-0.380448252,-0.790136218,-0.480566174,0.704790711,-0.418329746,-0.572948754,0.465320736,-0.885013998,-0.0150613794,0.124622323,-0.800295055,-0.586512625
472,-0.381997973,-0.790290892,-0.47908026,0.706440866,-0.418558538,-0.570745289,0.461831957,-0.886731446,-0.020458106,0.122243136,-0.801914334,-0.58479917
473,-0.383783758,-0.790602744,-0.477134615,0.708540857,-0.418233097,-0.568375647,0.457518339,-0.888778687,-0.0273750238,0.12000557,-0.802102149,-0.585004985
474,-0.385830671,-0.79102397,-0.474779755,0.710769236,-0.417621344,-0.56603837,0.452944964,-0.89087534,-0.0343809091,0.117754228,-0.800585508,-0.587534428
475,-0.388006628,-0.791472077,-0.472252935,0.712985694,-0.416896671,-0.563780665,0.44881773,-0.892725706,-0.0400427543,0.115554757,-0.797650814,-0.591946244
476,-0.390026242,-0.79184711,-0.469954967,0.715194404,-0.416151673,-0.561528921,0.445828885,-0.894072354,-0.0432587974,0.113571718,-0.794039965,-0.597161531
477,-0.391427845,-0.792118251,-0.468329936,0.717490017,-0.415356278,-0.559184432,0.444361031,-0.894788325,-0.0435566306,0.111967616,-0.790636182,-0.601961613
478,-0.391761214,-0.792335093,-0.467684001,0.719933987,-0.414424568,-0.556729078,0.444403231,-0.894882262,-0.0411285497,0.110684656,-0.788069069,-0.605554342
479,-0.390707195,-0.792616725,-0.46808821,0.722478509,-0.413243532,-0.554305434,0.445527613,-0.894513726,-0.0367470011,0.109400533,-0.786508799,-0.607811987
480,-0.388290346,-0.793080688,-0.469311833,0.724960446,-0.411744267,-0.552176714,0.447044492,-0.893954992,-0.0315534323,0.107689187,-0.785695791,-0.609167576
481,-0.384863853,-0.793780982,-0.470947474,0.727131307,-0.409948111,-0.550656617,0.448253304,-0.893506348,-0.0267460588,0.105228849,-0.785179436,-0.610262334
482,-0.381005019,-0.794683456,-0.472560525,0.728798747,-0.407922089,-0.549956322,0.448692769,-0.89338249,-0.0232919008,0.102029458,-0.784616232,-0.611528695
483,-0.377307177,-0.795674622,-0.47385776,0.729919374,-0.405766428,-0.550064862,0.448300362,-0.893620551,-0.0216569267,0.0984499231,-0.783934116,-0.612988472
484,-0.374190539,-0.796600342,-0.4747729,0.730618238,-0.403584272,-0.550741851,0.447399318,-0.894070089,-0.0217361264,0.0950580016,-0.783317208,-0.614311159
485,-0.371772707,-0.797327518,-0.475451261,0.7311095,-0.401498467,-0.551613927,0.446557671,-0.894460082,-0.0229659509,0.0923541188,-0.783089697,-0.615013182
486,-0.36991322,-0.797797382,-0.476112872,0.731600463,-0.399592638,-0.552346349,0.446323484,-0.894534051,-0.0245808382,0.0905609727,-0.783493102,-0.614766121
487,-0.368353963,-0.798029482,-0.476932168,0.732180059,-0.397976726,-0.552744806,0.446989119,-0.894163907,-0.0259150825,0.0895134285,-0.784581959,-0.613529503
488,-0.366868198,-0.798123837,-0.477918446,0.73280102,-0.396738082,-0.552812338,0.448446751,-0.893411219,-0.0266812146,0.0887504742,-0.786157787,-0.611620247
489,-0.365397543,-0.79820329,-0.47891143,0.733345568,-0.395917892,-0.552678227,0.450179279,-0.892528713,-0.0270393174,0.0877403766,-0.787853539,-0.609580636
490,-0.364050418,-0.798388124,-0.479628772,0.733691037,-0.395475268,-0.552536726,0.451513261,-0.891842723,-0.0274284147,0.086072728,-0.789290011,-0.60795784
491,-0.363060892,-0.798750043,-0.479776144,0.733775258,-0.395275682,-0.552567601,0.451879114,-0.891629338,-0.0283270907,0.0836348534,-0.790199041,-0.607116699
492,-0.362623125,-0.799308181,-0.479177237,0.733614266,-0.395149618,-0.552871346,0.451080352,-0.89198041,-0.0299586151,0.0805747062,-0.790518045,-0.607115209
493,-0.362757206,-0.800043285,-0.477847308,0.733267128,-0.394937009,-0.553483605,0.449402928,-0.892749488,-0.0321777947,0.0771938637,-0.790391922,-0.607718408
494,-0.36324212,-0.800898135,-0.476043463,0.732823431,-0.39455235,-0.554344833,0.447523743,-0.893607616,-0.0344658457,0.0738310739,-0.790115535,-0.608495235
495,-0.363669753,-0.80180645,-0.474184275,0.732313216,-0.394028723,-0.555390656,0.446265191,-0.89417398,-0.0360600725,0.0708100349,-0.790070236,-0.608912945
496,-0.363627374,-0.8026824,-0.472732514,0.731685519,-0.393522441,-0.556575656,0.446353137,-0.894125998,-0.0361604877,0.0684203357,-0.790624082,-0.608467162
497,-0.3628757,-0.803445101,-0.47201401,0.730771542,-0.39326489,-0.557956636,0.448146313,-0.893306792,-0.0341743119,0.0669048727,-0.792018235,-0.606820226
498,-0.361496806,-0.804031968,-0.47207275,0.729325354,-0.393450707,-0.559715152,0.451497912,-0.891766965,-0.0300223157,0.066414699,-0.794249892,-0.6039505
499,-0.359847397,-0.804396868,-0.472710878,0.727172494,-0.394184172,-0.561995625,0.455777884,-0.889762282,-0.0242835544,0.0669435188,-0.797018886,-0.60023284
500,-0.358410656,-0.804531276,-0.47357291,0.724329412,-0.395342052,-0.564846396,0.460086912,-0.887688875,-0.0181241576,0.0683263168,-0.79979521,-0.596371651
501,-0.357654154,-0.804420352,-0.474332601,0.721102595,-0.396721184,-0.567999482,0.463521063,-0.885991335,-0.0129437763,0.0702908859,-0.801983833,-0.593195617
502,-0.357834101,-0.804068685,-0.474792928,0.717972577,-0.398099899,-0.570991933,0.465505421,-0.88498944,-0.00991657469,0.0724928454,-0.803194344,-0.591289937
503,-0.358982503,-0.803479671,-0.474923104,0.715461493,-0.399379045,-0.5732463,0.465914279,-0.884777486,-0.00962332264,0.0746408701,-0.803385377,-0.590762794
504,-0.360922337,-0.802661598,-0.47483623,0.713944554,-0.400577426,-0.574300408,0.465086043,-0.885185122,-0.011931452,0.0764888972,-0.802857995,-0.591243088
505,-0.363284886,-0.801691115,-0.474674135,0.71354121,-0.4017497,-0.573982656,0.463683486,-0.885855079,-0.0160777103,0.0778554454,-0.802093089,-0.592102289
506,-0.365614742,-0.80066812,-0.474611938,0.714111328,-0.402908236,-0.572459459,0.462478042,-0.886382878,-0.0209625382,0.078615196,-0.801553369,-0.592732489
507,-0.36742878,-0.799730957,-0.47479099,0.715293884,-0.403998047,-0.570210576,0.462126553,-0.886447847,-0.0254795197,0.0787130296,-0.801523983,-0.592759252
508,-0.368322998,-0.799000502,-0.475327611,0.716643274,-0.404911608,-0.567863524,0.462987751,-0.885897696,-0.0287666693,0.0781637877,-0.802039802,-0.592133999
509,-0.368046373,-0.79854095,-0.476313055,0.717769504,-0.405580074,-0.565960824,0.465034634,-0.884771347,-0.0303729717,0.0770763084,-0.802886844,-0.591127634
510,-0.366623282,-0.798319757,-0.47777915,0.718463838,-0.406021088,-0.564762414,0.467877239,-0.883274078,-0.030294925,0.0756035298,-0.803649366,-0.590281129
511,-0.364362091,-0.798240542,-0.479637682,0.718773782,-0.406295896,-0.564170003,0.470875055,-0.881724834,-0.0289480239,0.0739466548,-0.803768694,-0.590328574
512,-0.361878157,-0.798162222,-0.481644362,0.718979776,-0.406433105,-0.56380862,0.47333023,-0.880469739,-0.0270461999,0.0723413602,-0.802736819,-0.591929376
513,-0.359919935,-0.79796952,-0.483427703,0.719399452,-0.40639472,-0.563300788,0.474692672,-0.879784226,-0.0254290253,0.07106442,-0.800317287,-0.595350504
514,-0.359144151,-0.797628284,-0.484566391,0.720202804,-0.406092018,-0.562491834,0.47471267,-0.879789174,-0.0248769503,0.0704229176,-0.796732247,-0.600215197
515,-0.359912366,-0.797176361,-0.484740108,0.721333385,-0.405466318,-0.561493814,0.473462641,-0.880432904,-0.025904756,0.0707124397,-0.792704523,-0.605490923
516,-0.362163961,-0.796709836,-0.48382917,0.722474217,-0.404612601,-0.560642183,0.471345216,-0.881484807,-0.0286048613,0.0720479339,-0.78923583,-0.609849095
517,-0.365409732,-0.796336293,-0.482000262,0.723184347,-0.403788596,-0.560320616,0.46895808,-0.882623315,-0.0324727856,0.0742702186,-0.787192404,-0.612218976
518,-0.368889064,-0.796138704,-0.479670763,0.723049581,-0.403349102,-0.560810804,0.466978282,-0.883517146,-0.0364514589,0.0768561289,-0.786951661,-0.61220926
519,-0.371794164,-0.796139777,-0.477420807,0.721823633,-0.403598994,-0.562208652,0.465996295,-0.883919299,-0.0391670316,0.0790694058,-0.788239837,-0.610267222
520,-0.373481005,-0.796295285,-0.475842178,0.719473064,-0.404650271,-0.56446147,0.466324359,-0.883733511,-0.0394556969,0.080152832,-0.790261209,-0.607505381
521,-0.373671889,-0.79650718,-0.475337476,0.716129124,-0.406428844,-0.567428052,0.467872441,-0.883028924,-0.0368147269,0.0796685442,-0.792049527,-0.605235815
522,-0.372506261,-0.796646774,-0.476017833,0.711976588,-0.40872705,-0.570991635,0.470134079,-0.882026613,-0.0316699371,0.0776580721,-0.792825043,-0.60448128
523,-0.370403558,-0.796622097,-0.477697015,0.707179368,-0.411310256,-0.575083673,0.472397536,-0.88102603,-0.0251742061,0.0746108815,-0.792221725,-0.605654955
524,-0.367875546,-0.79640317,-0.480009884,0.70186317,-0.414003909,-0.579645574,0.473997116,-0.880325615,-0.0188024696,0.0712140948,-0.790322542,-0.60853821
525,-0.365314811,-0.796028316,-0.482580572,0.696116447,-0.416773528,-0.584569693,0.474563509,-0.88011241,-0.0138424644,0.0680043697,-0.787511885,-0.612536013
526,-0.362897336,-0.795580208,-0.485136867,0.690082371,-0.419627845,-0.58965987,0.474141061,-0.880379379,-0.0110603077,0.0652574822,-0.784323215,-0.616910517
527,-0.360590905,-0.795156717,-0.487544894,0.683987617,-0.422544181,-0.594657302,0.47311008,-0.880938828,-0.0106551582,0.0630047545,-0.781317353,-0.620945632
528,-0.358270437,-0.794822574,-0.489795297,0.67816937,-0.425342351,-0.599308014,0.472028047,-0.881494999,-0.0124938581,0.0612206459,-0.779040873,-0.623977005
529,-0.355828613,-0.794595659,-0.4919388,0.67305398,-0.427639931,-0.603425682,0.471329093,-0.881804049,-0.0164467115,0.0599951372,-0.777971923,-0.625428081
530,-0.35329482,-0.794443548,-0.494006246,0.669053495,-0.428999394,-0.6068995,0.471117496,-0.881781161,-0.0225894824,0.0595780276,-0.778403819,-0.624930322
531,-0.350793242,-0.794328988,-0.495969266,0.666394413,-0.429064959,-0.609771848,0.47110042,-0.881527066,-0.0312142689,0.0602705404,-0.780378938,-0.622395515
532,-0.348489225,-0.79424268,-0.497728646,0.664994836,-0.427719295,-0.612240255,0.470668763,-0.881282747,-0.042563796,0.0622942001,-0.783576965,-0.618163824
533,-0.346485496,-0.79422611,-0.499151886,0.664412975,-0.425225854,-0.614604175,0.469173044,-0.881297886,-0.0564855039,0.0655960962,-0.787297726,-0.613073766
534,-0.344766945,-0.794337034,-0.50016433,0.663974524,-0.422171205,-0.617178559,0.466230482,-0.881709397,-0.0722332448,0.0697166622,-0.790549278,-0.608417094
535,-0.343197733,-0.794629037,-0.50077945,0.662974536,-0.419349164,-0.620170116,0.461907953,-0.882494509,-0.0885691568,0.0738444924,-0.792274296,-0.605680108
536,-0.341665715,-0.795097589,-0.501083195,0.660889089,-0.417528093,-0.623615205,0.456688881,-0.883510411,-0.104137853,0.0770384893,-0.791609466,-0.606151402
537,-0.340135515,-0.795701146,-0.501166105,0.657548368,-0.4171727,-0.627373099,0.451296538,-0.884534657,-0.11802499,0.0785939619,-0.788206577,-0.61037147
538,-0.338704228,-0.796376705,-0.501062512,0.653151572,-0.41834569,-0.631173491,0.446319312,-0.88536334,-0.130118936,0.0783671737,-0.782301486,-0.617950737
539,-0.337564379,-0.797067165,-0.500733674,0.648227215,-0.420666844,-0.634697437,0.441935092,-0.885871589,-0.14115569,0.0769295096,-0.77467066,-0.627668083
540,-0.336926132,-0.797756553,-0.500065267,0.643458605,-0.423460245,-0.63768512,0.437863261,-0.886031866,-0.152391732,0.0753968656,-0.766371727,-0.637957454
541,-0.336903423,-0.798451245,-0.498970687,0.639528513,-0.425959945,-0.639969826,0.433598667,-0.885872066,-0.164993331,0.0750131235,-0.758483291,-0.647360802
542,-0.337480515,-0.799162447,-0.497439682,0.636928499,-0.427513659,-0.641524851,0.428732425,-0.885425568,-0.179471746,0.0767843276,-0.751825213,-0.654876232
543,-0.338506013,-0.799854755,-0.495626956,0.635824859,-0.427775443,-0.642444432,0.423275232,-0.88468492,-0.195373207,0.0811261758,-0.746842086,-0.660034418
544,-0.339722574,-0.800448716,-0.493832439,0.636031747,-0.426763892,-0.642912269,0.417711288,-0.883633912,-0.211443543,0.0877521411,-0.743606269,-0.662834287
545,-0.340860754,-0.800830901,-0.492426455,0.637071609,-0.424741626,-0.643221796,0.412847817,-0.88229847,-0.22606647,0.0957031101,-0.741897583,-0.663648188
546,-0.341652483,-0.800906658,-0.491754085,0.638286352,-0.422104597,-0.64375335,0.409454703,-0.880776346,-0.237865448,0.103654675,-0.741293848,-0.663128316
547,-0.341881752,-0.800632536,-0.492041141,0.639036894,-0.41915372,-0.644935668,0.407892764,-0.879222393,-0.24615325,0.110328935,-0.741331398,-0.662008464
548,-0.341425896,-0.800030053,-0.493335873,0.638893068,-0.416044861,-0.647087455,0.407939374,-0.877789795,-0.251138449,0.114950113,-0.741625607,-0.660891831
549,-0.340312481,-0.799190819,-0.495460778,0.637740016,-0.412801147,-0.650294483,0.408787727,-0.876615822,-0.253844917,0.117516823,-0.741959155,-0.660065413
550,-0.338802397,-0.798240602,-0.498020917,0.635756493,-0.409478396,-0.654325008,0.409399718,-0.875794649,-0.255686492,0.118695207,-0.742304564,-0.659465909
551,-0.337354988,-0.797323942,-0.50046587,0.633359134,-0.406258643,-0.65864265,0.40886879,-0.875363648,-0.258001506,0.119501926,-0.742710769,-0.65886265
552,-0.336528718,-0.796569228,-0.502220929,0.631046891,-0.403462201,-0.662569344,0.406725377,-0.875283301,-0.261636436,0.120820656,-0.743200541,-0.658069372
553,-0.33676511,-0.79605484,-0.502877712,0.629241347,-0.401403576,-0.665530205,0.403011084,-0.875420392,-0.266873032,0.123101942,-0.743688166,-0.657094955
554,-0.338273287,-0.795770466,-0.502315104,0.628190994,-0.40029785,-0.667186439,0.398110002,-0.87560302,-0.273546666,0.126214236,-0.743964314,-0.656191289
555,-0.340987176,-0.795614421,-0.500724971,0.627941132,-0.40012601,-0.667524636,0.392488748,-0.875674844,-0.281329423,0.129540622,-0.743792415,-0.655737817
556,-0.344631404,-0.795415401,-0.498541415,0.628364921,-0.400634229,-0.666820645,0.386599839,-0.875544488,-0.289762706,0.132154971,-0.742990971,-0.656124592
557,-0.348850936,-0.794982255,-0.496292472,0.629231334,-0.401436716,-0.665519714,0.380803615,-0.87521261,-0.298314542,0.133126602,-0.741490602,-0.657623768
558,-0.353317916,-0.794165373,-0.494436949,0.630298257,-0.402106673,-0.664104223,0.375478685,-0.874762118,-0.306279361,0.131822184,-0.73930037,-0.660346746
559,-0.357791126,-0.792897344,-0.493253797,0.631409168,-0.402334392,-0.662909865,0.371001184,-0.874344289,-0.312858045,0.128099114,-0.736483216,-0.664216161
560,-0.362047404,-0.791238546,-0.492811531,0.632471204,-0.402004004,-0.662097394,0.367739528,-0.874114513,-0.317319125,0.122374222,-0.733115375,-0.669004023
561,-0.365892977,-0.789330363,-0.493031293,0.633514404,-0.401223153,-0.661573529,0.365920812,-0.874181807,-0.319230556,0.115513243,-0.729311585,-0.674359977
562,-0.369128883,-0.787354469,-0.49377808,0.634551167,-0.400294989,-0.661142051,0.365499735,-0.874567628,-0.31865558,0.1086464,-0.72523427,-0.679875791
563,-0.37162289,-0.785470426,-0.494906664,0.635514379,-0.399578959,-0.660649776,0.366096348,-0.875202894,-0.316217184,0.102889784,-0.721069217,-0.685180962
564,-0.373380214,-0.783774078,-0.49627158,0.636195421,-0.399401456,-0.660101473,0.367026776,-0.875985444,-0.312955201,0.0991400853,-0.716956317,-0.690032542
565,-0.374627441,-0.782332718,-0.497604042,0.636281788,-0.399886459,-0.659724295,0.367468029,-0.876824856,-0.310073137,0.0979006141,-0.712966919,-0.69432956
566,-0.375803351,-0.781195998,-0.498502433,0.63548243,-0.400961012,-0.65984261,0.366661191,-0.87767005,-0.308633804,0.0992347226,-0.70909518,-0.698094904
567,-0.377464741,-0.780432284,-0.498443395,0.633660734,-0.40239498,-0.660721123,0.364220262,-0.878457785,-0.309282243,0.10270267,-0.705396414,-0.701332986
568,-0.380114317,-0.780080557,-0.496978343,0.631002367,-0.40393582,-0.662323058,0.360165179,-0.879106939,-0.312173069,0.107529834,-0.702024996,-0.70398736
569,-0.383958071,-0.780128956,-0.493938297,0.628063023,-0.405369639,-0.664238214,0.354977459,-0.879496694,-0.316980481,0.11277464,-0.699294567,-0.705881655
570,-0.388768762,-0.780459166,-0.489634931,0.625601232,-0.406646013,-0.665779352,0.349404722,-0.879520655,-0.323047429,0.117614001,-0.697565615,-0.706802011
571,-0.393874377,-0.78088522,-0.484851837,0.624319911,-0.407779157,-0.666288853,0.344178617,-0.879128635,-0.329657316,0.121529743,-0.697080433,-0.706618249
572,-0.398358077,-0.781209171,-0.480648577,0.624627829,-0.408767134,-0.665394306,0.339797914,-0.878349364,-0.336213857,0.124380246,-0.697824061,-0.705387294
573,-0.401408672,-0.781297565,-0.477959394,0.626496494,-0.40952611,-0.663167,0.336356521,-0.877306402,-0.342341632,0.12632513,-0.699431837,-0.703446507
574,-0.402610511,-0.78113234,-0.477218002,0.629462004,-0.409881592,-0.660132289,0.333674759,-0.876195431,-0.347768217,0.12762472,-0.701337039,-0.701311886
575,-0.402078509,-0.780812144,-0.478189588,0.632766843,-0.409631729,-0.657120943,0.331424892,-0.875258684,-0.352249533,0.12842986,-0.702910423,-0.699587524
576,-0.400356382,-0.780518353,-0.480110347,0.635552347,-0.408694834,-0.655012846,0.329366833,-0.87471205,-0.355522692,0.128686324,-0.70371145,-0.698734581
577,-0.398130208,-0.780430317,-0.482100427,0.637116611,-0.407197833,-0.654425263,0.327421606,-0.874653876,-0.357457161,0.12819317,-0.703608036,-0.69892931
578,-0.395941347,-0.780628681,-0.483579725,0.637146592,-0.405478984,-0.655462444,0.32560429,-0.874987662,-0.358299494,0.126857847,-0.702849627,-0.699935257
579,-0.394018084,-0.781062424,-0.484449476,0.63579601,-0.403964251,-0.657705307,0.32382676,-0.875428975,-0.358832061,0.124931239,-0.701963007,-0.701170564
580,-0.392289788,-0.781579733,-0.485017389,0.633596301,-0.40302515,-0.660398722,0.321775317,-0.875584364,-0.360295385,0.123075835,-0.701589406,-0.701872289
581,-0.390589952,-0.782000661,-0.485710233,0.631212413,-0.402876526,-0.662768066,0.318984181,-0.875086904,-0.363967091,0.122191668,-0.702239633,-0.701376259
582,-0.388790488,-0.782243848,-0.486761272,0.629179478,-0.403529346,-0.664302051,0.315042675,-0.873733222,-0.370591938,0.122988664,-0.70409286,-0.699376106
583,-0.386959434,-0.782340944,-0.488062531,0.627769172,-0.404851198,-0.664831817,0.309853196,-0.871546745,-0.379996389,0.125681713,-0.706875801,-0.696082413
584,-0.385307819,-0.782413542,-0.489251405,0.627032042,-0.406634122,-0.664439142,0.30381307,-0.868779302,-0.391049981,0.129801825,-0.709988832,-0.692146897
585,-0.384079278,-0.782599092,-0.48992011,0.626870036,-0.408660471,-0.66334796,0.29772529,-0.865847468,-0.402079314,0.134387046,-0.712760687,-0.688412964
586,-0.383440852,-0.782968521,-0.489829928,0.627195954,-0.410740346,-0.661753535,0.292602926,-0.863238871,-0.411341846,0.13836728,-0.714726627,-0.685580194
587,-0.383425236,-0.783527195,-0.488948047,0.627950072,-0.412677824,-0.659830093,0.289376497,-0.861383259,-0.417468697,0.140919432,-0.715762436,-0.683977902
588,-0.383962423,-0.784212708,-0.487425178,0.629120409,-0.41420269,-0.657756507,0.288568914,-0.860539377,-0.419761747,0.141686648,-0.716010213,-0.683560073
589,-0.38494274,-0.784939349,-0.485478312,0.630694091,-0.414994836,-0.655747056,0.290068299,-0.860712588,-0.418370903,0.140840799,-0.715647161,-0.684114695
590,-0.386242568,-0.785628378,-0.483326733,0.632636786,-0.414744884,-0.654031634,0.293135762,-0.86169225,-0.414195418,0.138943151,-0.714754701,-0.68543458
591,-0.387727171,-0.786218107,-0.48117432,0.634905756,-0.413241506,-0.652783275,0.296629637,-0.86315912,-0.408616185,0.136725023,-0.713340878,-0.68735075
592,-0.389229417,-0.786657691,-0.479239225,0.637441516,-0.410496473,-0.65204376,0.299368411,-0.864793539,-0.40312621,0.13484481,-0.711388588,-0.689741373
593,-0.390507847,-0.786904395,-0.477791876,0.640132129,-0.406775534,-0.651739538,0.300525188,-0.866321504,-0.398963213,0.13366814,-0.70894146,-0.692484498
594,-0.391303986,-0.786921918,-0.477111101,0.642833948,-0.40255633,-0.65169996,0.299859285,-0.867528796,-0.396835178,0.133174941,-0.706133723,-0.695442021
595,-0.391424567,-0.786696792,-0.477383375,0.645354927,-0.398411125,-0.65175575,0.297762185,-0.868261814,-0.396811157,0.133038253,-0.703175247,-0.698459327
596,-0.390810788,-0.786264539,-0.478597015,0.647546768,-0.394839644,-0.651755095,0.295045108,-0.868456185,-0.398412198,0.132824108,-0.700304627,-0.701378047
597,-0.38960132,-0.785703421,-0.480500668,0.6493361,-0.392219961,-0.65155673,0.29258731,-0.868153334,-0.400877088,0.132265881,-0.697723925,-0.704050541
598,-0.388137072,-0.78513515,-0.482610136,0.650710285,-0.390704662,-0.651096046,0.291023403,-0.867476046,-0.403473228,0.131410986,-0.695523977,-0.706383467
599,-0.386828542,-0.784708619,-0.484351188,0.651663184,-0.390233994,-0.650424898,0.290505439,-0.866580486,-0.40576458,0.130610228,-0.693646312,-0.708375394
600,-0.386063367,-0.784561336,-0.485199511,0.652111173,-0.390603811,-0.649753571,0.29079181,-0.865611434,-0.40762347,0.130230695,-0.691884398,-0.710166097
601,-0.386092961,-0.784743309,-0.484881639,0.651976407,-0.391539276,-0.649325669,0.291397542,-0.864673436,-0.409178793,0.130412146,-0.68993777,-0.712024271
602,-0.386937648,-0.78520304,-0.483461887,0.651192427,-0.392774612,-0.6493662,0.291910082,-0.863817334,-0.410619289,0.130883038,-0.687542975,-0.714250863
603,-0.38843292,-0.785763264,-0.481348038,0.649838924,-0.39416036,-0.649882317,0.29211542,-0.863054752,-0.412074119,0.131072283,-0.684541047,-0.717093945
604,-0.390320212,-0.786189377,-0.479120433,0.648129463,-0.395631045,-0.650695324,0.291983217,-0.862353146,-0.413633734,0.130419478,-0.680963993,-0.720610023
605,-0.392348051,-0.786282361,-0.477308124,0.64635247,-0.397242814,-0.651480317,0.291511655,-0.86165303,-0.415421396,0.128708422,-0.677044332,-0.724599957
606,-0.394363075,-0.785936236,-0.476216346,0.644732952,-0.399025351,-0.65199548,0.290544569,-0.860882998,-0.417689383,0.126283005,-0.673187554,-0.728609025
607,-0.396316916,-0.785210788,-0.475790709,0.643359363,-0.400960326,-0.652165294,0.288724542,-0.859992385,-0.420774579,0.123955742,-0.669870853,-0.732057393
608,-0.398218125,-0.784294069,-0.475715369,0.642174065,-0.402881265,-0.652149558,0.285640359,-0.858977139,-0.424932837,0.122677654,-0.667470455,-0.734461367
609,-0.400064647,-0.783456862,-0.475545585,0.641091585,-0.404502451,-0.65221113,0.281068593,-0.857880652,-0.430164129,0.123147488,-0.666136205,-0.735593081
610,-0.40181464,-0.782990813,-0.474837154,0.640135825,-0.40545094,-0.65256089,0.275203615,-0.856784105,-0.43610093,0.125471637,-0.665696204,-0.735598743
611,-0.403365165,-0.783106267,-0.473329842,0.639477074,-0.405468345,-0.65319556,0.268666208,-0.855800629,-0.442067564,0.129142597,-0.665656209,-0.734999359
612,-0.40454185,-0.783889115,-0.471024066,0.639447093,-0.404496491,-0.65382725,0.262417942,-0.855056465,-0.447230548,0.133157745,-0.665411651,-0.734504163
613,-0.405106068,-0.78524822,-0.468267292,0.640405536,-0.402779341,-0.653949142,0.257416606,-0.854671538,-0.450858384,0.136351287,-0.664434075,-0.7348032
614,-0.404768676,-0.786948264,-0.465698183,0.642577589,-0.400805026,-0.653030932,0.2542831,-0.854690135,-0.452597916,0.137772217,-0.662432134,-0.736344039
615,-0.403277755,-0.788661778,-0.464090109,0.645947278,-0.399163723,-0.650707603,0.253081083,-0.855012298,-0.452663153,0.137032703,-0.659405351,-0.739193201
616,-0.400511891,-0.790078282,-0.464075893,0.650151193,-0.398381561,-0.646989584,0.25329569,-0.855400085,-0.451809734,0.134483218,-0.655655086,-0.742987692
617,-0.396625668,-0.790970445,-0.465890348,0.654527366,-0.398831904,-0.642282784,0.254103661,-0.855580389,-0.451013833,0.131068885,-0.651761055,-0.747013092
618,-0.392082989,-0.79125762,-0.469235837,0.65818876,-0.400692493,-0.637364149,0.254694492,-0.855348229,-0.451120943,0.127959505,-0.64845264,-0.75042361
619,-0.387616485,-0.791005909,-0.473352969,0.66023469,-0.403955281,-0.633174837,0.25449568,-0.854621232,-0.452608496,0.12607047,-0.646349728,-0.752554476
620,-0.384107709,-0.790401578,-0.477207094,0.659954727,-0.408455551,-0.630574226,0.25330323,-0.853440046,-0.455497056,0.125719294,-0.645674527,-0.753192544
621,-0.382339567,-0.789709628,-0.479765713,0.657068968,-0.413792759,-0.63010788,0.251285791,-0.851954758,-0.459378392,0.126499444,-0.646075904,-0.752717614
622,-0.382799923,-0.789167106,-0.480291069,0.65181917,-0.419416755,-0.631839633,0.248867854,-0.850379765,-0.463593662,0.127527401,-0.646724641,-0.751986682
623,-0.385499299,-0.78892529,-0.478526026,0.644888639,-0.424727261,-0.635393858,0.246569693,-0.848957956,-0.467411786,0.127838016,-0.646589279,-0.75205034
624,-0.389896423,-0.789013028,-0.474804401,0.637205958,-0.429193288,-0.640126348,0.244895905,-0.847890854,-0.470220208,0.126835868,-0.644864321,-0.753699362
625,-0.395014435,-0.789321423,-0.47003758,0.629727721,-0.432528526,-0.645261347,0.244200349,-0.847299755,-0.471645385,0.124589294,-0.641257048,-0.757143855
626,-0.399674654,-0.789649248,-0.465525836,0.62323308,-0.434730738,-0.650068939,0.244661182,-0.847222805,-0.471544683,0.121714331,-0.63610512,-0.761942148
627,-0.402813137,-0.789758146,-0.462626874,0.618274271,-0.436027765,-0.653924048,0.246201336,-0.847637475,-0.469995379,0.119035363,-0.63015008,-0.767294943
628,-0.403777778,-0.789424121,-0.462356001,0.615157723,-0.436802864,-0.656341493,0.248493537,-0.848435462,-0.467341661,0.11721994,-0.624247432,-0.772382498
629,-0.402505577,-0.788507342,-0.465022057,0.613941073,-0.437435269,-0.657059133,0.25097996,-0.849404037,-0.464243233,0.116533346,-0.619098783,-0.776618779
630,-0.399467826,-0.786989808,-0.470183372,0.614390731,-0.438231289,-0.656107783,0.252939939,-0.850222111,-0.461674958,0.116875149,-0.615081131,-0.779753387
631,-0.395507574,-0.785026073,-0.476768076,0.61599195,-0.439238131,-0.653929532,0.253743142,-0.850511789,-0.460699618,0.117868349,-0.612317622,-0.781776249
632,-0.391556293,-0.782910585,-0.483461082,0.61795038,-0.440264165,-0.651386797,0.253064454,-0.849975228,-0.462061107,0.119013384,-0.610711575,-0.782858372
633,-0.388436824,-0.781011999,-0.489016414,0.619391859,-0.440896124,-0.64958775,0.251052767,-0.848536849,-0.465787232,0.119866446,-0.610127211,-0.783183753
634,-0.386723876,-0.779652476,-0.492530823,0.619568229,-0.440704912,-0.649549425,0.24835825,-0.846428394,-0.471038431,0.120129853,-0.610462725,-0.782881856
635,-0.386693448,-0.779002845,-0.493581593,0.618071139,-0.439456582,-0.651817381,0.245896429,-0.844169497,-0.476353586,0.119760945,-0.61170733,-0.781966448
636,-0.38828811,-0.779030979,-0.492283493,0.614964545,-0.437275767,-0.65620774,0.244480729,-0.842410147,-0.480181456,0.11899291,-0.613835514,-0.780414462
637,-0.391164154,-0.779504955,-0.489247084,0.610701799,-0.434681118,-0.661887944,0.244542077,-0.841693699,-0.481405139,0.11824619,-0.61671865,-0.778251827
638,-0.394754142,-0.780095041,-0.485407948,0.605968714,-0.432365417,-0.66772902,0.245949507,-0.842276514,-0.479665577,0.117981568,-0.620026708,-0.775659263
639,-0.398460716,-0.780465364,-0.481770486,0.601513922,-0.430951566,-0.672652841,0.248095497,-0.844046772,-0.475430042,0.118528344,-0.623309433,-0.772940159
640,-0.401809156,-0.780393541,-0.479098439,0.597920299,-0.430820286,-0.675932825,0.250154018,-0.846599936,-0.46977815,0.119984917,-0.626119554,-0.770440102
641,-0.404615581,-0.779833496,-0.477646351,0.595533252,-0.432010144,-0.677279413,0.251391858,-0.849394262,-0.464038312,0.122190133,-0.62813592,-0.768449605
642,-0.406949073,-0.778933764,-0.477131635,0.594447196,-0.434251875,-0.676799595,0.251428008,-0.851922512,-0.45936054,0.124773428,-0.629226804,-0.767140925
643,-0.40898639,-0.777964175,-0.476971567,0.594548583,-0.437072605,-0.674892187,0.25030899,-0.853848279,-0.456386358,0.127281547,-0.629448116,-0.766547143
644,-0.410806358,-0.777227044,-0.476609081,0.595632911,-0.439928979,-0.672074437,0.248398334,-0.855048776,-0.455181181,0.129255399,-0.628973722,-0.766606152
645,-0.412270725,-0.776941419,-0.475809753,0.597447395,-0.442348897,-0.668867707,0.246176854,-0.855566978,-0.455414176,0.130400553,-0.628046811,-0.767172039
646,-0.413146466,-0.777169764,-0.474675745,0.5997262,-0.444027752,-0.665708482,0.244041592,-0.855546832,-0.456599772,0.130613714,-0.626879215,-0.768090189
647,-0.413260281,-0.777832806,-0.473489314,0.602174163,-0.444832802,-0.662955523,0.24225463,-0.855160356,-0.458272219,0.130000859,-0.625650704,-0.76919508
648,-0.412705958,-0.778750181,-0.472463667,0.604445934,-0.444816113,-0.660896122,0.240907565,-0.854596674,-0.460030496,0.128834724,-0.624469519,-0.770350218
649,-0.41182673,-0.779729545,-0.471614867,0.606190026,-0.444162428,-0.659737408,0.240062252,-0.854046106,-0.461492598,0.127399281,-0.623444915,-0.771418035
650,-0.411072046,-0.780617952,-0.470802873,0.607170522,-0.443131506,-0.659528971,0.239778638,-0.853700161,-0.462279469,0.125933141,-0.62272948,-0.772236288
651,-0.410789996,-0.781317115,-0.469888449,0.607352793,-0.442122459,-0.660038114,0.240092397,-0.853693187,-0.462129354,0.124591805,-0.62253958,-0.77260679
652,-0.411080092,-0.781799078,-0.468831867,0.606961846,-0.441497475,-0.660815597,0.240908176,-0.854030728,-0.461080045,0.123549245,-0.623137355,-0.772292376
653,-0.411821485,-0.782090783,-0.467693388,0.606389225,-0.441531807,-0.661318243,0.241932735,-0.854565978,-0.459549189,0.122992441,-0.62473011,-0.771093547
654,-0.412761152,-0.782279909,-0.466547251,0.606013417,-0.442358017,-0.661110461,0.242690578,-0.855044544,-0.458257645,0.123095177,-0.627306521,-0.768982589
655,-0.413661659,-0.7824772,-0.465417534,0.606108248,-0.443888992,-0.65999639,0.242663518,-0.855189383,-0.458001792,0.123893335,-0.630571783,-0.766178548
656,-0.414366603,-0.782766044,-0.464303404,0.606740296,-0.445931464,-0.658036053,0.241507575,-0.854817986,-0.459304184,0.125218719,-0.633951306,-0.763168395
657,-0.414851129,-0.783152878,-0.463217109,0.607809305,-0.448261648,-0.655461192,0.239224106,-0.853914082,-0.462171495,0.126726553,-0.636784256,-0.760556459
658,-0.415234536,-0.78358525,-0.462141216,0.609053016,-0.45065555,-0.652659178,0.23617436,-0.852638543,-0.46607855,0.127982631,-0.638513386,-0.758894622
659,-0.415761828,-0.783964992,-0.461021721,0.610156775,-0.452903241,-0.65006727,0.232960552,-0.851269484,-0.470180422,0.128605917,-0.638888597,-0.758473337
660,-0.416698515,-0.784203351,-0.459768862,0.610846877,-0.454823732,-0.648075223,0.230163857,-0.850114107,-0.473635614,0.128368497,-0.637997091,-0.759263635
661,-0.418205619,-0.784235299,-0.458343774,0.610985398,-0.456327289,-0.646886528,0.228147954,-0.849421263,-0.475848705,0.12730214,-0.63611728,-0.761018276
662,-0.420202553,-0.784045696,-0.456839323,0.610662222,-0.457421899,-0.646418512,0.226984873,-0.849325478,-0.476575285,0.125690416,-0.633628309,-0.76335901
663,-0.422344983,-0.783646762,-0.45554629,0.610136271,-0.458217829,-0.646351516,0.22656402,-0.849833727,-0.47586903,0.1239857,-0.630914867,-0.76588124
664,-0.424088895,-0.783112109,-0.45484513,0.609754264,-0.458833963,-0.646274865,0.226680428,-0.850847423,-0.473998576,0.122716442,-0.628354669,-0.768186808
665,-0.424923629,-0.782542884,-0.4550457,0.609792054,-0.45936203,-0.64586395,0.227174357,-0.852192461,-0.471338302,0.122284867,-0.626309872,-0.769923568
666,-0.424579293,-0.782058477,-0.456198364,0.610363424,-0.459827304,-0.64499253,0.22790572,-0.853644133,-0.468348891,0.122816347,-0.625076175,-0.770841062
667,-0.423170179,-0.781787097,-0.457969368,0.611363411,-0.460157812,-0.643808663,0.228713334,-0.854954481,-0.465556771,0.124083243,-0.624783397,-0.770875454
668,-0.421154797,-0.781826556,-0.459756315,0.612469912,-0.460302681,-0.642652333,0.229407519,-0.855903387,-0.463466883,0.125534952,-0.625333428,-0.770194173
669,-0.419143647,-0.782203794,-0.460950941,0.613248706,-0.460240722,-0.641953707,0.229752675,-0.856374443,-0.462424636,0.126508623,-0.626383603,-0.769180775
670,-0.417617053,-0.782877266,-0.461193264,0.613286376,-0.460004598,-0.642086983,0.229590386,-0.85638696,-0.462482005,0.126478568,-0.627498329,-0.768276632
671,-0.416732967,-0.783729076,-0.460545719,0.612321377,-0.459659368,-0.643254101,0.228871077,-0.856092453,-0.46338293,0.125318721,-0.628262639,-0.767841935
672,-0.416288644,-0.784613073,-0.459441125,0.610347509,-0.459260613,-0.645411193,0.22769618,-0.855738282,-0.464614391,0.123283096,-0.62838012,-0.768075347
673,-0.415881097,-0.78539741,-0.458468914,0.607643187,-0.458809346,-0.648277581,0.226313516,-0.855555236,-0.465625882,0.120867044,-0.627752781,-0.768971801
674,-0.415075153,-0.786029041,-0.45811677,0.604649067,-0.458195031,-0.651503563,0.224962339,-0.855697036,-0.466019869,0.118649811,-0.626444936,-0.770382345
675,-0.413629502,-0.786531627,-0.45856145,0.601842344,-0.457263261,-0.654748976,0.223874182,-0.856188536,-0.465640962,0.117123961,-0.624709547,-0.77202338
676,-0.4115825,-0.786979675,-0.45963335,0.599638164,-0.455839753,-0.657756865,0.22323066,-0.856966496,-0.464517474,0.116585195,-0.622873127,-0.773587167
677,-0.409216344,-0.787461698,-0.460918784,0.598344862,-0.453895032,-0.660274684,0.223210454,-0.85794729,-0.462713242,0.117032357,-0.62129575,-0.774787128
678,-0.406944424,-0.788022816,-0.461970061,0.598210931,-0.451615512,-0.661957026,0.224065304,-0.859110773,-0.460134089,0.118146554,-0.62022984,-0.775471687
679,-0.40514192,-0.788647115,-0.462488592,0.599338233,-0.449495941,-0.662379861,0.226005152,-0.860512197,-0.456552804,0.119375259,-0.619746685,-0.775669754
680,-0.40404132,-0.789262354,-0.462401956,0.601759791,-0.448157459,-0.661090016,0.229116246,-0.862218499,-0.45175761,0.120143771,-0.619756043,-0.77554363
681,-0.403732717,-0.789778411,-0.461789936,0.605301201,-0.448215008,-0.657809794,0.23315087,-0.864208639,-0.445852101,0.120126911,-0.619998634,-0.775352299
682,-0.404201359,-0.790139973,-0.460760415,0.609576583,-0.450012863,-0.652613878,0.2375267,-0.866313756,-0.439410418,0.119393982,-0.620191991,-0.775310934
683,-0.405384958,-0.790346146,-0.459364831,0.614032269,-0.453451067,-0.646023631,0.241459861,-0.868271708,-0.433360547,0.118383482,-0.620100915,-0.775538623
684,-0.407130063,-0.790445507,-0.457647264,0.618028462,-0.45799154,-0.638971567,0.244207934,-0.869807899,-0.428715259,0.117718518,-0.619617462,-0.776026189
685,-0.409162939,-0.790491343,-0.455751151,0.62104845,-0.462844253,-0.63251406,0.245380402,-0.870748341,-0.426128745,0.11787726,-0.618760824,-0.776685238
686,-0.411056966,-0.790528893,-0.45397824,0.622795761,-0.467201203,-0.627573431,0.245046735,-0.871086836,-0.425628841,0.118977547,-0.617587984,-0.777450562
687,-0.412255436,-0.790599167,-0.452767521,0.623245597,-0.470442325,-0.624699056,0.24371554,-0.870988309,-0.426593602,0.120731555,-0.616124868,-0.778340578
688,-0.412269205,-0.790713906,-0.452554584,0.622551382,-0.47232753,-0.623968363,0.242117256,-0.870746017,-0.427996099,0.122519828,-0.614360332,-0.779455125
689,-0.410770535,-0.790899396,-0.453591913,0.620982885,-0.472880661,-0.625111341,0.240994319,-0.870663345,-0.428797245,0.12367031,-0.612253189,-0.780930042
690,-0.407759845,-0.791160643,-0.455847323,0.61882633,-0.472392082,-0.627614379,0.240838408,-0.8709203,-0.428362757,0.123659015,-0.609788477,-0.782857835
691,-0.403539479,-0.791513801,-0.4589791,0.616362512,-0.471215159,-0.630914867,0.24184975,-0.871472776,-0.426665992,0.122229964,-0.607053995,-0.785203993
692,-0.398664355,-0.791982889,-0.462417334,0.613848984,-0.469674557,-0.634503961,0.243914068,-0.872077405,-0.424248695,0.119436242,-0.604225218,-0.787811518
693,-0.393805385,-0.792613804,-0.465489656,0.611479521,-0.468006313,-0.638014734,0.246810213,-0.8723948,-0.421914786,0.115571916,-0.601632655,-0.790367842
694,-0.389624298,-0.793475449,-0.467535645,0.609373629,-0.466346771,-0.641236603,0.250373751,-0.872159302,-0.420298934,0.111068763,-0.599660218,-0.792509437
695,-0.386713058,-0.794622064,-0.468005121,0.60762924,-0.46480599,-0.644004703,0.254563957,-0.871285141,-0.419594407,0.106413119,-0.598607898,-0.79394263
696,-0.385441989,-0.796103537,-0.466533542,0.60634625,-0.46347481,-0.646169722,0.25946486,-0.869880259,-0.419507176,0.102032766,-0.598481596,-0.794612586
697,-0.385957897,-0.797899723,-0.463025391,0.605714202,-0.462501466,-0.647458553,0.265095562,-0.868163168,-0.419543892,0.0982636213,-0.598899961,-0.794772387
698,-0.388077885,-0.79992944,-0.457720995,0.605934739,-0.462078154,-0.647554636,0.27129212,-0.866324306,-0.419383943,0.09526591,-0.599134982,-0.794960082
699,-0.391324759,-0.802035689,-0.451224566,0.607193172,-0.462362111,-0.646171629,0.277673572,-0.864400983,-0.419175774,0.0930234864,-0.598288894,-0.795862436
700,-0.394995719,-0.804010391,-0.444461107,0.609481096,-0.463449389,-0.643232107,0.283834159,-0.862257183,-0.419464827,0.0913219973,-0.595589757,-0.798080921
701,-0.398344189,-0.805648863,-0.438465297,0.612548769,-0.465275705,-0.638985574,0.289563745,-0.859633863,-0.420930445,0.0898696557,-0.590661764,-0.801899135
702,-0.400707036,-0.80680877,-0.434158385,0.615904748,-0.467572808,-0.634063959,0.295034349,-0.856309593,-0.423896909,0.0883874968,-0.583625138,-0.807198524
703,-0.401675224,-0.807433128,-0.43209818,0.618910134,-0.469943911,-0.629367113,0.300751716,-0.852190793,-0.428157896,0.0868253633,-0.575116813,-0.813450694
704,-0.401098698,-0.807574034,-0.432370335,0.620962799,-0.471945971,-0.625837147,0.307278574,-0.847367287,-0.433068812,0.0853660852,-0.566090286,-0.819911242
705,-0.399100482,-0.807353616,-0.434625059,0.621684611,-0.473201096,-0.624170661,0.315000176,-0.842086315,-0.437796324,0.0843117535,-0.55759567,-0.825819969
706,-0.395928562,-0.806925356,-0.438305855,0.620967329,-0.473499447,-0.624658108,0.323878318,-0.836675227,-0.441675723,0.0838738307,-0.550481737,-0.830623329
707,-0.391896814,-0.806450605,-0.442780256,0.61895287,-0.472785473,-0.627193093,0.333535612,-0.831455946,-0.444336563,0.083981514,-0.545268834,-0.834043741
708,-0.387363225,-0.806052208,-0.447470248,0.615938723,-0.471158534,-0.631370783,0.343363374,-0.826667845,-0.445782304,0.0843047649,-0.542032003,-0.8361184
709,-0.382753044,-0.805822909,-0.451829195,0.612263143,-0.468789697,-0.636686742,0.352781624,-0.82240957,-0.44630447,0.0844657719,-0.540459216,-0.837119639
710,-0.378516823,-0.805831015,-0.455369502,0.608234406,-0.465914875,-0.642630696,0.361299485,-0.818650901,-0.446400434,0.0843472332,-0.539899111,-0.837493002
711,-0.375086248,-0.806097746,-0.457730085,0.604158819,-0.462803751,-0.648694754,0.368608594,-0.815248609,-0.44665131,0.0842858329,-0.539491236,-0.837761998
712,-0.37270242,-0.80660671,-0.458779365,0.600345552,-0.459760249,-0.654374242,0.374520451,-0.812058151,-0.447544396,0.0850431249,-0.538317382,-0.838440299
713,-0.371338665,-0.807273388,-0.458712697,0.597130477,-0.457095414,-0.659165382,0.378970116,-0.80900228,-0.449329466,0.0875248387,-0.535560131,-0.83994931
714,-0.370691657,-0.807952762,-0.458039254,0.594829679,-0.455095381,-0.662620485,0.382039815,-0.806117475,-0.451907367,0.0924182907,-0.530641615,-0.842542708
715,-0.3702797,-0.808463871,-0.457470417,0.59367764,-0.453947306,-0.664438665,0.384002626,-0.80351299,-0.454872429,0.0998238996,-0.523398638,-0.846220493
716,-0.369662911,-0.80864203,-0.457654208,0.59371525,-0.453683406,-0.664585173,0.38528648,-0.801331103,-0.457627296,0.10910295,-0.51414144,-0.850737989
717,-0.368627846,-0.808394492,-0.458924651,0.594754159,-0.454158247,-0.663330853,0.38639459,-0.799669385,-0.459595561,0.118927598,-0.503685653,-0.85566175
718,-0.367284864,-0.807769537,-0.461096764,0.59637022,-0.455055803,-0.661261618,0.387706757,-0.798561931,-0.460415363,0.127634078,-0.493123502,-0.860545635
719,-0.366001725,-0.806942463,-0.463558614,0.597992361,-0.455977291,-0.659158409,0.389361084,-0.797926247,-0.460121393,0.133760482,-0.483436823,-0.86509937
720,-0.365196735,-0.806154072,-0.465560943,0.599107444,-0.456603795,-0.657710671,0.391285241,-0.797572136,-0.459101886,0.136516243,-0.475175738,-0.869236052
721,-0.365156323,-0.805598557,-0.466553181,0.599410713,-0.456787974,-0.657306314,0.393452942,-0.797206283,-0.45788309,0.13590157,-0.468392074,-0.873006105
722,-0.365892619,-0.805353463,-0.466399342,0.598901689,-0.456559628,-0.657928586,0.396048456,-0.796518087,-0.456842005,0.132530376,-0.462772965,-0.876514077
723,-0.367182076,-0.80537957,-0.46533981,0.597836912,-0.456046909,-0.659251213,0.399545103,-0.795238078,-0.456026405,0.127285808,-0.457936108,-0.879825413
724,-0.368635237,-0.805575192,-0.463849753,0.596557617,-0.45539692,-0.660857558,0.404503196,-0.793152034,-0.455287814,0.121038809,-0.453627825,-0.882933438
725,-0.369833082,-0.805837035,-0.462439477,0.595370948,-0.454692453,-0.662410855,0.411274314,-0.79010272,-0.454522967,0.114518195,-0.449758738,-0.88577795
726,-0.370414644,-0.80608362,-0.461543292,0.594441473,-0.454011619,-0.663711429,0.419806719,-0.785977483,-0.453874171,0.108231612,-0.446392775,-0.888267636
727,-0.370143324,-0.806290686,-0.461399227,0.593764663,-0.453350306,-0.664768398,0.429575384,-0.780755699,-0.45374611,0.102457188,-0.443585962,-0.890356123
728,-0.368968546,-0.806447268,-0.462065995,0.593230247,-0.452704877,-0.6656847,0.439745456,-0.774559259,-0.454622835,0.0972562805,-0.44128716,-0.892080009
729,-0.36699751,-0.806561351,-0.463434637,0.592669487,-0.452041924,-0.666634083,0.449463516,-0.767736971,-0.456686467,0.092484951,-0.43924436,-0.893594444
730,-0.364493698,-0.806650102,-0.465252578,0.591952324,-0.451334506,-0.667749584,0.45814693,-0.760834932,-0.459599435,0.087900281,-0.437043607,-0.895134866
731,-0.361811459,-0.806725502,-0.467211306,0.591023386,-0.450613886,-0.669057846,0.465631396,-0.75453335,-0.462457418,0.0832563788,-0.434238672,-0.896942139
732,-0.359335423,-0.806813419,-0.46896711,0.589918256,-0.449947894,-0.670479953,0.472146094,-0.749460399,-0.464098215,0.0783631504,-0.430494696,-0.899184942
733,-0.357422858,-0.806946754,-0.470197618,0.588739216,-0.449420094,-0.671868861,0.478128523,-0.746005177,-0.463540107,0.0731563196,-0.425750464,-0.901878476
734,-0.356393218,-0.807163537,-0.470607042,0.587640226,-0.449083835,-0.673054755,0.484006792,-0.744198561,-0.460332453,0.0677002817,-0.420212865,-0.904896557
735,-0.356451869,-0.807501733,-0.469981939,0.586758614,-0.448917627,-0.673934162,0.490032047,-0.743693948,-0.454739332,0.0621727332,-0.4142766,-0.908025086
736,-0.357679963,-0.807970166,-0.468240589,0.586238861,-0.448819786,-0.67445153,0.49619329,-0.743860483,-0.447731823,0.0568758324,-0.408392161,-0.911032975
737,-0.359960437,-0.808552325,-0.46548003,0.586223423,-0.448647112,-0.674579859,0.502176404,-0.744010866,-0.440756947,0.0521747209,-0.40288651,-0.913761556
738,-0.362967014,-0.809179723,-0.462042272,0.586819887,-0.448285818,-0.674301326,0.507504404,-0.743601561,-0.435311377,0.0484179147,-0.397919714,-0.916141689
739,-0.366165876,-0.809746087,-0.458512664,0.588069677,-0.447712034,-0.673593342,0.511640012,-0.742387593,-0.432533413,0.0458461083,-0.393467605,-0.918194652
740,-0.368964732,-0.810107231,-0.455621839,0.589900196,-0.44701758,-0.672453046,0.514281034,-0.740438044,-0.432743073,0.0444965661,-0.389385015,-0.919999599
741,-0.370840311,-0.810130298,-0.454055548,0.592096865,-0.446377397,-0.670946002,0.51551944,-0.738052547,-0.435336798,0.044150997,-0.385507524,-0.921647787
742,-0.371471345,-0.809745967,-0.454225183,0.594367802,-0.445966452,-0.669209123,0.515960097,-0.735590577,-0.438966572,0.0443678237,-0.381725788,-0.923210144
743,-0.370853961,-0.808977604,-0.456094891,0.596431553,-0.445921808,-0.66740036,0.516569793,-0.733370662,-0.441953719,0.0446070805,-0.378050387,-0.924709737
744,-0.369251132,-0.807982147,-0.459149778,0.598096132,-0.446246713,-0.665691257,0.518380761,-0.731562793,-0.442828566,0.0444005542,-0.374574333,-0.926133215
745,-0.367143303,-0.807014227,-0.462529689,0.599334359,-0.446827829,-0.66418618,0.522093952,-0.730158567,-0.440779269,0.0435252078,-0.371438831,-0.92743665
746,-0.365060627,-0.806375444,-0.465284228,0.600210249,-0.447449774,-0.66297543,0.527754664,-0.728990674,-0.435944349,0.0421100184,-0.368739396,-0.928578496
747,-0.363452524,-0.806285739,-0.466696441,0.600807726,-0.447858959,-0.662157357,0.534627438,-0.727841198,-0.429442316,0.040557608,-0.366492897,-0.929536462
748,-0.362516165,-0.806825697,-0.46649155,0.601180136,-0.447850257,-0.661825299,0.541467845,-0.726540923,-0.423025876,0.0392767638,-0.364642292,-0.930318892
749,-0.362202138,-0.807883322,-0.464902222,0.601364672,-0.447345823,-0.661998749,0.546963215,-0.725054801,-0.418481499,0.0384334363,-0.363097131,-0.930958271
750,-0.362217873,-0.809191644,-0.462608963,0.601422966,-0.446445137,-0.662553489,0.55024159,-0.723475099,-0.41691488,0.0378065892,-0.361775279,-0.931498349
751,-0.362196028,-0.810443997,-0.460428566,0.601503193,-0.445343047,-0.663222075,0.55117172,-0.721938372,-0.418347627,0.0368251875,-0.360624731,-0.931983709
752,-0.361847997,-0.811388195,-0.459037334,0.601780832,-0.444298655,-0.66367054,0.550343037,-0.720586658,-0.421755135,0.0347813666,-0.359605789,-0.932455897
753,-0.361066878,-0.811894655,-0.458756804,0.602368593,-0.44348076,-0.663684368,0.54878068,-0.719539046,-0.425562382,0.0310699306,-0.358683825,-0.932941914
754,-0.359925538,-0.811985433,-0.459492326,0.603239059,-0.442894429,-0.663285077,0.547501087,-0.718894064,-0.428291798,0.0254779588,-0.357814878,-0.933444977
755,-0.358592808,-0.811773479,-0.460906804,0.604234159,-0.442415148,-0.662698925,0.547120869,-0.718720615,-0.429068178,0.0182649903,-0.356939524,-0.933948874
756,-0.357227713,-0.811405838,-0.46261102,0.605127871,-0.441835999,-0.662269711,0.547679603,-0.719035208,-0.427826375,0.0101510379,-0.356048614,-0.934412241
757,-0.355906337,-0.810996473,-0.464344025,0.60576421,-0.44104746,-0.662213564,0.548677385,-0.719843924,-0.42517975,0.00207223697,-0.35517928,-0.934795916
758,-0.354623288,-0.810603976,-0.466008037,0.606103957,-0.440083355,-0.662544012,0.549361348,-0.721146941,-0.422077209,-0.00513853272,-0.354401708,-0.935079098
759,-0.353421301,-0.810234129,-0.46756193,0.606214762,-0.439123631,-0.663079202,0.549091101,-0.722947419,-0.419339955,-0.0110127348,-0.353783876,-0.935262382
760,-0.352437705,-0.809906185,-0.46887055,0.606121361,-0.438355893,-0.663672328,0.547600746,-0.725224614,-0.41735208,-0.0156015698,-0.353327096,-0.93536973
761,-0.351960063,-0.809679747,-0.46961984,0.605787516,-0.437827587,-0.664325655,0.545099974,-0.72789377,-0.415976763,-0.0194097664,-0.352945,-0.935442746
762,-0.352302611,-0.809643984,-0.469424605,0.605108857,-0.437423021,-0.665210009,0.542124748,-0.730789185,-0.414786667,-0.0231946353,-0.352478921,-0.935532272
763,-0.353633344,-0.809850872,-0.468065262,0.604097545,-0.436979681,-0.666419566,0.539337575,-0.73365891,-0.413351595,-0.0276420303,-0.351766646,-0.935679495
764,-0.355808288,-0.810248196,-0.465723425,0.602977157,-0.436391145,-0.667818248,0.537254453,-0.736204147,-0.411535025,-0.033107657,-0.350717068,-0.935896099
765,-0.358330876,-0.81068486,-0.463021576,0.602197707,-0.435706198,-0.668967903,0.536094785,-0.738157988,-0.40954271,-0.0394643322,-0.349373281,-0.936152101
766,-0.360486448,-0.810983598,-0.460820019,0.602272689,-0.43507272,-0.669312537,0.535727561,-0.739368439,-0.40783608,-0.046187263,-0.347890615,-0.936396778
767,-0.361614853,-0.81101805,-0.459874302,0.603609979,-0.434650987,-0.668381274,0.535666645,-0.739923835,-0.406907737,-0.0526062809,-0.346424103,-0.936601818
768,-0.361379445,-0.810759902,-0.460514218,0.606266677,-0.43457678,-0.66602093,0.535141289,-0.740170956,-0.407149553,-0.0581554174,-0.345025092,-0.936790049
769,-0.359892756,-0.810284615,-0.462510675,0.60996294,-0.434844673,-0.662461519,0.533149898,-0.74075228,-0.408701897,-0.0626040623,-0.34345147,-0.937081516
770,-0.357631922,-0.809729159,-0.465229154,0.614084244,-0.435377121,-0.658291161,0.528632283,-0.74246496,-0.411453158,-0.0660462528,-0.341186166,-0.937672675
771,-0.35525018,-0.809222102,-0.467928261,0.617922902,-0.436005622,-0.654270828,0.520727336,-0.746038675,-0.415053457,-0.0688417777,-0.337537378,-0.938791394
772,-0.353309125,-0.8088606,-0.470018297,0.620846748,-0.436529696,-0.651145935,0.509101093,-0.751830935,-0.419006377,-0.0714841112,-0.331850976,-0.940619469
773,-0.352150232,-0.808657408,-0.47123605,0.622510433,-0.436794102,-0.649377942,0.494145006,-0.759612143,-0.422859401,-0.0744461343,-0.323792994,-0.943194509
774,-0.351844162,-0.808535933,-0.471672893,0.622961998,-0.436791033,-0.648946762,0.47695744,-0.768569052,-0.426395535,-0.0781308264,-0.313537002,-0.946356237
775,-0.352244556,-0.808367014,-0.471663564,0.622561753,-0.436695725,-0.64939481,0.459096432,-0.777513266,-0.429771513,-0.0827913061,-0.301845908,-0.949755013
776,-0.353066325,-0.808035612,-0.471616954,0.621799707,-0.436813056,-0.650045753,0.442108572,-0.785321891,-0.433369994,-0.0885222927,-0.289886445,-0.952958345
777,-0.354043752,-0.80751425,-0.471777231,0.621080458,-0.437430918,-0.650317729,0.427091062,-0.791263521,-0.437601626,-0.0952357203,-0.279033124,-0.955547333
778,-0.355014384,-0.806892812,-0.472110927,0.62058562,-0.43867901,-0.649949312,0.414498299,-0.795135498,-0.442663193,-0.102727659,-0.270549923,-0.957209408
779,-0.355932146,-0.806367218,-0.472317904,0.620239258,-0.440368295,-0.649137139,0.404139847,-0.797238648,-0.44842115,-0.110763915,-0.265372515,-0.957762361
780,-0.356832504,-0.806133747,-0.472036988,0.619829059,-0.442070156,-0.648371696,0.395450443,-0.798189223,-0.454436928,-0.119089581,-0.263924807,-0.957163215
781,-0.357739061,-0.806309819,-0.47104907,0.61912024,-0.443202525,-0.648275971,0.387859374,-0.798725009,-0.460003734,-0.12743412,-0.266056508,-0.955496967
782,-0.358605266,-0.8068735,-0.46942243,0.61803633,-0.443261743,-0.649268866,0.381036341,-0.799535871,-0.464277595,-0.135439456,-0.271048009,-0.952989578
783,-0.359340578,-0.807676375,-0.467475295,0.616711497,-0.44199425,-0.651389301,0.374932051,-0.801154435,-0.466452152,-0.142687872,-0.277774125,-0.949990392
784,-0.359847933,-0.808502913,-0.465652734,0.615476489,-0.439518183,-0.654226542,0.369681597,-0.803865552,-0.465978235,-0.148809567,-0.284948975,-0.946921229
785,-0.360065132,-0.809161961,-0.464338154,0.614752591,-0.436200768,-0.657121181,0.365427047,-0.80767256,-0.462739766,-0.153665423,-0.291411906,-0.944174767
786,-0.360010147,-0.809542656,-0.463716984,0.614955068,-0.432554364,-0.659338295,0.362149388,-0.812320471,-0.457146853,-0.157357842,-0.29633376,-0.942032278
787,-0.359725267,-0.809645295,-0.463758856,0.616325617,-0.428994894,-0.660383284,0.359684169,-0.817347646,-0.450077832,-0.160239026,-0.299340546,-0.940594912
788,-0.359280884,-0.809556425,-0.464258134,0.618866146,-0.425825775,-0.660058379,0.357729763,-0.822235465,-0.442671716,-0.162759885,-0.300480992,-0.939798117
789,-0.358748049,-0.809372365,-0.464990526,0.622297764,-0.423191786,-0.658524275,0.355922878,-0.82651335,-0.436113,-0.165328801,-0.300137162,-0.939459443
790,-0.358184069,-0.809172094,-0.465773284,0.626077533,-0.421141893,-0.656251848,0.354002178,-0.829849124,-0.431315303,-0.168281227,-0.298860997,-0.939342022
791,-0.357692748,-0.808960259,-0.466518134,0.629573882,-0.419668555,-0.653846383,0.351877093,-0.832079828,-0.428748965,-0.171808228,-0.297219574,-0.939224422
792,-0.357460678,-0.808695018,-0.467155397,0.63223815,-0.418695331,-0.651896536,0.349731654,-0.833180726,-0.428366274,-0.175980777,-0.295710653,-0.938928068
793,-0.357747585,-0.808326781,-0.467572957,0.633765697,-0.418068826,-0.650814533,0.348039508,-0.833219409,-0.429667115,-0.180805385,-0.294735342,-0.938317895
794,-0.358844012,-0.807820201,-0.467608303,0.634161294,-0.417622983,-0.650715292,0.347371906,-0.832270086,-0.43204087,-0.186202168,-0.294601798,-0.937303782
795,-0.360955745,-0.807209373,-0.467037499,0.633704364,-0.417153984,-0.651461005,0.348097533,-0.830333591,-0.435171515,-0.192059398,-0.295524061,-0.935830534
796,-0.364060372,-0.806580067,-0.465713114,0.632799566,-0.416575342,-0.652709484,0.350057483,-0.827341974,-0.439277917,-0.198218092,-0.297625721,-0.933878183
797,-0.367871076,-0.806037545,-0.463653356,0.631879389,-0.415944308,-0.654002011,0.352532923,-0.823217988,-0.445008576,-0.204457268,-0.301002353,-0.931447744
798,-0.371849924,-0.805675268,-0.46110183,0.631289184,-0.415436476,-0.654894292,0.354537785,-0.818084419,-0.452814281,-0.210513011,-0.305706501,-0.928562224
799,-0.375376225,-0.805527925,-0.458494782,0.631205499,-0.415253758,-0.655090749,0.355327934,-0.812403142,-0.462323785,-0.2161033,-0.311791211,-0.925248981
800,-0.377946496,-0.805575013,-0.456295133,0.631581128,-0.415537566,-0.654548466,0.354821503,-0.806979358,-0.472108006,-0.221052557,-0.31920588,-0.921544075
801,-0.379301518,-0.805736005,-0.45488438,0.632161081,-0.416253716,-0.653532922,0.353555322,-0.802824974,-0.480073661,-0.225345284,-0.327601016,-0.917549491
802,-0.379486114,-0.805900812,-0.454438299,0.63260299,-0.417196542,-0.652503252,0.352299035,-0.800851882,-0.484274358,-0.229230449,-0.336191028,-0.913470805
803,-0.378753722,-0.805972874,-0.454921365,0.632628798,-0.418043554,-0.651935935,0.351491153,-0.801544249,-0.483715594,-0.233167335,-0.343783468,-0.909640491
804,-0.377444029,-0.805896163,-0.456144094,0.632204711,-0.418484211,-0.652064562,0.350803673,-0.804666221,-0.479008377,-0.237653017,-0.349238098,-0.906396091
805,-0.375863522,-0.805653214,-0.457875103,0.631591856,-0.418340385,-0.652750432,0.348972231,-0.809145689,-0.472759634,-0.243012235,-0.35205707,-0.903880954
806,-0.374181181,-0.805271804,-0.459919363,0.631291926,-0.417596012,-0.65351665,0.344050407,-0.813203037,-0.469393313,-0.249378905,-0.352647752,-0.901914477
807,-0.372452438,-0.804794729,-0.462152213,0.63186568,-0.41638276,-0.653736413,0.334020406,-0.814752698,-0.473928779,-0.256750941,-0.352114588,-0.900052369
808,-0.370673805,-0.804295063,-0.464446336,0.633677125,-0.414885193,-0.652934551,0.317635179,-0.811981916,-0.489686996,-0.265181065,-0.351777613,-0.897736847
809,-0.368899912,-0.803853214,-0.466618508,0.63677752,-0.41329053,-0.65092653,0.295217544,-0.803950191,-0.516246736,-0.274799049,-0.352860987,-0.894413054
810,-0.367287159,-0.803556919,-0.468397737,0.640832126,-0.411720276,-0.647935569,0.268908978,-0.791155934,-0.549327016,-0.285823673,-0.356300145,-0.889581323
811,-0.366035819,-0.80347544,-0.469515651,0.645206749,-0.410256535,-0.644513726,0.242063984,-0.775555313,-0.583025694,-0.298381537,-0.362687588,-0.882851243
812,-0.365300924,-0.803616405,-0.469846666,0.649196327,-0.408965856,-0.641319752,0.217968836,-0.759809077,-0.612519205,-0.312320739,-0.371953756,-0.87413168
813,-0.365077704,-0.803919137,-0.469502151,0.652259231,-0.407882541,-0.63889724,0.198736429,-0.746165693,-0.635405898,-0.327015102,-0.3829799,-0.863937259
814,-0.365150094,-0.804260135,-0.468861431,0.654142916,-0.407041609,-0.637506247,0.184798002,-0.735822201,-0.651471615,-0.341433883,-0.393276721,-0.853672266
815,-0.36518541,-0.804488242,-0.46844244,0.654917836,-0.406400472,-0.637119532,0.175373599,-0.728958666,-0.661712468,-0.354749084,-0.399866074,-0.845139205
816,-0.36484918,-0.80448693,-0.468706667,0.654838145,-0.405847996,-0.637553394,0.169424251,-0.7251634,-0.66740799,-0.367019504,-0.401139915,-0.839275539
817,-0.363935083,-0.804207563,-0.469895124,0.654288828,-0.405223042,-0.638514161,0.166258588,-0.723741889,-0.669743001,-0.378974557,-0.397837341,-0.835526049
818,-0.362486035,-0.803658068,-0.471950918,0.6537233,-0.404416323,-0.639603972,0.165347308,-0.723903298,-0.669794261,-0.391272485,-0.392011106,-0.832606256
819,-0.360732824,-0.802911937,-0.474556863,0.653612435,-0.40335843,-0.640384853,0.165939689,-0.724867344,-0.668603957,-0.404005498,-0.385612756,-0.829507351
820,-0.359049737,-0.802049458,-0.477283955,0.654344201,-0.402163923,-0.640388846,0.16708374,-0.725982547,-0.667107463,-0.416743994,-0.379873693,-0.825845301
821,-0.35779947,-0.801160634,-0.479709536,0.656123757,-0.400962293,-0.639320612,0.167871982,-0.726829112,-0.665986776,-0.428788751,-0.375432432,-0.821699858
822,-0.35722807,-0.800322413,-0.481531024,0.658846796,-0.399923742,-0.637167096,0.167805612,-0.727250218,-0.665543616,-0.439546794,-0.372537732,-0.81732136
823,-0.357397556,-0.799599588,-0.482604921,0.662063062,-0.399081081,-0.634355366,0.166932061,-0.727313757,-0.665693879,-0.448801428,-0.371007919,-0.812976241
824,-0.358203858,-0.79905498,-0.482909083,0.665041506,-0.398364156,-0.631684899,0.165851399,-0.727215767,-0.666070998,-0.456987411,-0.370183975,-0.808780789
825,-0.359428763,-0.798742473,-0.482515782,0.667026281,-0.397595018,-0.630074799,0.165562108,-0.727198839,-0.666161418,-0.465350062,-0.368918717,-0.804579616
826,-0.360824198,-0.798695982,-0.481550276,0.66751653,-0.396602839,-0.630180776,0.167199343,-0.727463007,-0.665463746,-0.475547433,-0.365864128,-0.79999882
827,-0.362178296,-0.798915744,-0.48016721,0.666476905,-0.395317554,-0.632085919,0.17172204,-0.728135467,-0.663573861,-0.489099473,-0.359873623,-0.794526756
828,-0.363328785,-0.799361885,-0.478552729,0.664341569,-0.393822521,-0.635259032,0.17954357,-0.729273915,-0.66024518,-0.506616831,-0.350437224,-0.787739277
829,-0.364101291,-0.799970925,-0.47694537,0.661772311,-0.392361701,-0.638834536,0.190315276,-0.730861723,-0.655454993,-0.527512908,-0.337889969,-0.779461682
830,-0.364293158,-0.800652683,-0.475652993,0.659423769,-0.391236246,-0.641945899,0.20294784,-0.732855022,-0.649411738,-0.550254047,-0.323325276,-0.769858003
831,-0.36369583,-0.801317692,-0.474989861,0.657695293,-0.390740931,-0.644017458,0.21588552,-0.735193372,-0.642560661,-0.572854936,-0.308292866,-0.759468615
832,-0.362199903,-0.801871955,-0.475197554,0.656689882,-0.391019285,-0.644873917,0.227565512,-0.737809122,-0.635493279,-0.593450069,-0.294475615,-0.74906677
833,-0.359911621,-0.802260756,-0.476278573,0.656220973,-0.391996682,-0.644757807,0.236802101,-0.74060905,-0.628826678,-0.610619426,-0.283241987,-0.739539027
834,-0.357218117,-0.802473009,-0.477945983,0.655958176,-0.393367112,-0.644190371,0.243021905,-0.743456304,-0.623067439,-0.623582542,-0.275413185,-0.731636703
835,-0.354676515,-0.802560627,-0.479688376,0.655543268,-0.394660205,-0.643821657,0.246245295,-0.746188939,-0.61851871,-0.632234275,-0.271038264,-0.72582227
836,-0.352828175,-0.802611828,-0.480964184,0.654726267,-0.395423144,-0.644184828,0.246950209,-0.748656332,-0.615247369,-0.637086332,-0.269409031,-0.722177148
837,-0.351998895,-0.802686036,-0.481447726,0.653430581,-0.395431697,-0.645493746,0.245824933,-0.750753105,-0.613139391,-0.639073193,-0.269310772,-0.720456183
838,-0.352161974,-0.80278188,-0.481168598,0.65172857,-0.394771665,-0.647615075,0.243563011,-0.752451658,-0.611958802,-0.639288664,-0.269474596,-0.720203698
839,-0.353023857,-0.802828491,-0.480458766,0.649777949,-0.393794805,-0.650164843,0.240744427,-0.753777862,-0.611441731,-0.63864994,-0.268999279,-0.720947742
840,-0.354138255,-0.80274123,-0.479783893,0.647690415,-0.392894179,-0.652787387,0.23779434,-0.754787505,-0.611350656,-0.63770622,-0.267663747,-0.722279072
841,-0.355129302,-0.80247438,-0.479497761,0.645536423,-0.392329812,-0.655255735,0.234991848,-0.755520582,-0.611528814,-0.63670963,-0.265794337,-0.723846793
842,-0.355809212,-0.802046061,-0.479710311,0.643312573,-0.392175078,-0.65753144,0.232474536,-0.755965233,-0.611941278,-0.635760248,-0.263992369,-0.725339174
843,-0.35614568,-0.801540017,-0.480306059,0.64101249,-0.392337769,-0.659677207,0.230239287,-0.756088138,-0.612634122,-0.63491565,-0.26281321,-0.726506233
844,-0.356230527,-0.801040649,-0.481075585,0.63867569,-0.392675489,-0.661739588,0.228217021,-0.755859077,-0.613672674,-0.634328306,-0.262524813,-0.72712338
845,-0.356183141,-0.800595701,-0.481850743,0.636398494,-0.393136591,-0.66365689,0.226323366,-0.755313635,-0.615043998,-0.634140372,-0.263075709,-0.727088094
846,-0.35612309,-0.800198078,-0.482554972,0.634323061,-0.393749565,-0.665278494,0.224534944,-0.754554033,-0.616629779,-0.634471297,-0.264173508,-0.726401031
847,-0.35618791,-0.799803615,-0.483160824,0.632610381,-0.394570231,-0.666422069,0.222938195,-0.753748298,-0.618192613,-0.635350525,-0.265429884,-0.725173533
848,-0.356475204,-0.79939729,-0.483621091,0.631413758,-0.395540178,-0.666981757,0.221734077,-0.753082693,-0.619435668,-0.63671279,-0.266506106,-0.723582387
849,-0.357021511,-0.798999071,-0.483876228,0.630896091,-0.396420002,-0.666949213,0.22117044,-0.75271523,-0.620083332,-0.63846761,-0.267183721,-0.721783817
850,-0.357703596,-0.798663259,-0.483926713,0.631228983,-0.396837115,-0.666385949,0.221462846,-0.752750337,-0.619936466,-0.640533566,-0.2674312,-0.719859242
851,-0.358247668,-0.798455715,-0.483866781,0.63256371,-0.396369308,-0.665398002,0.222663105,-0.753226936,-0.618926823,-0.642869711,-0.267301887,-0.717821836
852,-0.358330816,-0.79841882,-0.483866215,0.634955168,-0.394779116,-0.664064348,0.224624008,-0.754141033,-0.617102385,-0.645404339,-0.266894937,-0.715695798
853,-0.357736439,-0.798566639,-0.484061986,0.638277352,-0.392122746,-0.662451267,0.227069691,-0.755475461,-0.614569962,-0.647954822,-0.266262025,-0.713624001
854,-0.356496811,-0.798889756,-0.484443098,0.642225444,-0.388793856,-0.660595059,0.229713276,-0.757214308,-0.611439526,-0.650204122,-0.265393645,-0.711899459
855,-0.354915321,-0.799362421,-0.484824568,0.64636296,-0.385433108,-0.658525765,0.232393518,-0.75932169,-0.607802391,-0.651786149,-0.264230907,-0.710884511
856,-0.353451163,-0.799957216,-0.484913081,0.650246322,-0.382677883,-0.65630585,0.235093683,-0.76170826,-0.603764415,-0.652407348,-0.262748569,-0.710864186
857,-0.352513552,-0.80064559,-0.48445937,0.653509319,-0.380959868,-0.654060483,0.237876192,-0.764231801,-0.599470258,-0.652025878,-0.2609137,-0.711889267
858,-0.352299809,-0.801382422,-0.483395368,0.655959129,-0.380348772,-0.651960492,0.240755707,-0.766680956,-0.595178127,-0.650875866,-0.25880149,-0.713710248
859,-0.352685601,-0.802106321,-0.481911123,0.657542527,-0.380553126,-0.650243878,0.24365367,-0.768864095,-0.591169119,-0.64942044,-0.256458819,-0.715878487
860,-0.353271037,-0.802739322,-0.480425954,0.65829742,-0.381124288,-0.649144769,0.246388316,-0.770678043,-0.587663293,-0.648184597,-0.253898561,-0.717908204
861,-0.353555351,-0.803198636,-0.479448169,0.658281684,-0.381668776,-0.648840547,0.24877207,-0.772167146,-0.58469671,-0.647640467,-0.251023471,-0.71940887
862,-0.353112519,-0.803436995,-0.479375094,0.657513022,-0.382018387,-0.649413943,0.250708461,-0.773496151,-0.582107425,-0.648158491,-0.247633129,-0.720116913
863,-0.35183239,-0.803445339,-0.480301499,0.655992031,-0.382311702,-0.650778115,0.252222508,-0.774863124,-0.579630017,-0.649986148,-0.243502051,-0.719878256
864,-0.349948764,-0.803279996,-0.481951356,0.653736234,-0.382855743,-0.652725458,0.253389955,-0.776392519,-0.577068686,-0.653277695,-0.238451689,-0.718588233
865,-0.347996801,-0.80303216,-0.483774275,0.650866449,-0.383961856,-0.654939771,0.254259229,-0.778063416,-0.57442981,-0.658061683,-0.232464924,-0.716180742
866,-0.346550494,-0.802790463,-0.485211551,0.647637188,-0.385801822,-0.657056332,0.254819721,-0.779699087,-0.571958244,-0.664168477,-0.225777507,-0.712674439
867,-0.345978647,-0.802580297,-0.485966682,0.644376993,-0.388301581,-0.658786833,0.254986972,-0.781048715,-0.570039093,-0.671197951,-0.218820527,-0.708245039
868,-0.346307576,-0.802331328,-0.48614347,0.641430259,-0.391217291,-0.659936547,0.254670501,-0.781887412,-0.569029987,-0.678511322,-0.21217519,-0.703280866
869,-0.34723267,-0.801902413,-0.486191332,0.639057636,-0.394179374,-0.660475612,0.253834397,-0.782098651,-0.569113255,-0.685357869,-0.206383914,-0.698348284
870,-0.348288953,-0.801148176,-0.486679018,0.637342572,-0.396829516,-0.660545766,0.252559513,-0.781701624,-0.570224762,-0.691123307,-0.201855391,-0.693976223
871,-0.349109322,-0.800018847,-0.487947315,0.636204064,-0.398885548,-0.66040504,0.251059234,-0.780853212,-0.572046816,-0.695513308,-0.198692322,-0.690494418
872,-0.34958607,-0.798601151,-0.489924222,0.635418952,-0.400224775,-0.660350621,0.249643743,-0.779790998,-0.574111462,-0.698684752,-0.196753666,-0.687842846
873,-0.349890798,-0.7971313,-0.492095649,0.634744346,-0.400847524,-0.660621703,0.248636723,-0.778780341,-0.575917423,-0.701182604,-0.195669398,-0.685606658
874,-0.350385755,-0.795903742,-0.493727714,0.634020269,-0.400880873,-0.661296368,0.248269603,-0.778067768,-0.57703793,-0.703676999,-0.194994777,-0.683239162
875,-0.351439923,-0.795197248,-0.494116783,0.633311152,-0.40049541,-0.662208736,0.248621538,-0.777829528,-0.577207565,-0.706742048,-0.194319695,-0.680261374
876,-0.353282571,-0.795157075,-0.492865711,0.632923365,-0.39981097,-0.662992656,0.249571219,-0.778159618,-0.576352119,-0.710633934,-0.193282723,-0.676491857
877,-0.355923742,-0.795765281,-0.489975393,0.633321524,-0.39887929,-0.663173497,0.25087741,-0.779061079,-0.574564457,-0.715277374,-0.191658631,-0.672045648
878,-0.359211653,-0.796829104,-0.485829651,0.634990215,-0.397623539,-0.662331462,0.252274007,-0.780441046,-0.572074831,-0.720339239,-0.18936269,-0.667272925
879,-0.362917691,-0.798049927,-0.481047869,0.638249218,-0.395858407,-0.660253048,0.253572732,-0.782154977,-0.569152355,-0.725328505,-0.186472327,-0.662666321
880,-0.366782993,-0.799131632,-0.476297051,0.643070042,-0.393317342,-0.657086372,0.254771084,-0.784049451,-0.566001832,-0.729737937,-0.183176279,-0.658732831
881,-0.370568842,-0.799833536,-0.472170591,0.649050236,-0.389791995,-0.653296351,0.255987078,-0.785998046,-0.56274128,-0.73312974,-0.179685563,-0.655922234
882,-0.373982787,-0.800048828,-0.469104201,0.655487597,-0.385244548,-0.649555683,0.257410407,-0.787919641,-0.559394777,-0.735294878,-0.176124796,-0.654462755
883,-0.376714498,-0.799808085,-0.467325568,0.66161108,-0.379925281,-0.646473169,0.259108216,-0.789742053,-0.556030989,-0.736356795,-0.172488004,-0.65423733
884,-0.378524721,-0.799250841,-0.466815978,0.666835248,-0.37434113,-0.644359767,0.260950774,-0.791396558,-0.55280751,-0.736784458,-0.168613091,-0.654765844
885,-0.379364729,-0.798578262,-0.467284828,0.67092669,-0.369053781,-0.643161476,0.262624741,-0.792823911,-0.549962342,-0.737294316,-0.164208785,-0.655311048
886,-0.379443198,-0.797978699,-0.468244433,0.674028397,-0.364508301,-0.642510235,0.263799459,-0.794001639,-0.547696352,-0.738622725,-0.158981159,-0.655104101
887,-0.379166096,-0.797565043,-0.469172686,0.6765517,-0.360865653,-0.641914189,0.26425916,-0.794968426,-0.54606986,-0.741315484,-0.15270181,-0.65355444
888,-0.378957719,-0.797345996,-0.469713032,0.678983748,-0.358053058,-0.64092046,0.264011264,-0.795814812,-0.54495573,-0.745580256,-0.145295307,-0.650383949
889,-0.379099458,-0.797255158,-0.469752878,0.681773961,-0.355803668,-0.639208972,0.263255924,-0.796631336,-0.544127584,-0.751273572,-0.1368628,-0.645644307
890,-0.37966156,-0.797178984,-0.469428152,0.685187638,-0.353823453,-0.636652768,0.262267947,-0.797475159,-0.543368101,-0.757985353,-0.12769486,-0.639650106
891,-0.380551249,-0.797026277,-0.468966722,0.689231038,-0.351944774,-0.633320987,0.261250257,-0.798330128,-0.542602301,-0.765162945,-0.118252948,-0.632883847
892,-0.381667018,-0.796744406,-0.46853888,0.693590045,-0.35019806,-0.629518986,0.26028344,-0.799113572,-0.541913331,-0.772272289,-0.109105207,-0.625852764
893,-0.383017242,-0.796319783,-0.468158692,0.697675109,-0.348830223,-0.625753105,0.259285897,-0.79968977,-0.541541457,-0.778888166,-0.100845404,-0.619001865
894,-0.384786129,-0.795767725,-0.467646539,0.700707614,-0.34815982,-0.622730732,0.258110166,-0.799907506,-0.541781485,-0.784747362,-0.0940210372,-0.612643123
895,-0.38724339,-0.79510504,-0.466744721,0.702010453,-0.348446429,-0.621100903,0.256594598,-0.79965657,-0.542870641,-0.789737284,-0.0889753997,-0.60695833
896,-0.390604645,-0.794348955,-0.465228707,0.701256037,-0.349745542,-0.621222973,0.254648447,-0.798891842,-0.544909179,-0.793892741,-0.0857810602,-0.601976752
897,-0.394870013,-0.79352057,-0.463036358,0.698672771,-0.35188219,-0.622924745,0.252306581,-0.797682405,-0.547762871,-0.797385514,-0.0841383338,-0.597576082
898,-0.399756104,-0.792633593,-0.460355341,0.695025444,-0.354488522,-0.625521839,0.249703035,-0.796199977,-0.551102579,-0.800521731,-0.0834041089,-0.593471706
