frame,time_s,mask,pel_x,pel_y,pel_z,hip_x,hip_y,hip_z,rh_x,rh_y,rh_z,lh_x,lh_y,lh_z,rsh_x,rsh_y,rsh_z,lsh_x,lsh_y,lsh_z,rel_x,rel_y,rel_z,lel_x,lel_y,lel_z
706,23.550420,14,0.091906,-0.186891,1.213000,0.058214,0.749920,0.660629,-0.127002,0.857175,0.545821,0.215132,0.765129,0.782259,-0.141394,1.305827,0.777351,0.217223,1.310675,0.811529,-0.171307,1.005597,0.680108,0.253921,1.006796,0.860628
729,24.317630,14,0.098416,-0.181060,1.213000,0.064970,0.755460,0.660430,-0.106238,0.855779,0.551472,0.220356,0.773122,0.783689,-0.144650,1.308089,0.775147,0.213469,1.318623,0.813059,-0.164502,1.007519,0.676392,0.254481,1.015350,0.862493
731,24.384350,14,0.098154,-0.180465,1.213000,0.064734,0.756065,0.660393,-0.103727,0.857269,0.552033,0.220304,0.773287,0.783483,-0.144021,1.308741,0.776453,0.214161,1.318738,0.813918,-0.162912,1.008157,0.677552,0.254844,1.015318,0.862712
733,24.451060,126,0.098063,-0.180066,1.213000,0.064661,0.756466,0.660370,-0.101436,0.858699,0.551935,0.229282,0.763495,0.817951,-0.142839,1.309587,0.776563,0.215382,1.318807,0.813852,-0.161148,1.008814,0.678129,0.254886,1.015254,0.862792
735,24.517770,126,0.098816,-0.179867,1.213000,0.065422,0.756634,0.660373,-0.099095,0.859858,0.550919,0.236454,0.762051,0.825302,-0.141167,1.310285,0.775658,0.217033,1.318885,0.813303,-0.159041,1.009298,0.677802,0.256480,1.015465,0.863106
736,24.551130,126,0.099458,-0.179783,1.213000,0.066067,0.756689,0.660380,-0.097860,0.860440,0.550129,0.238800,0.761753,0.826674,-0.140285,1.310533,0.775165,0.217893,1.318952,0.813055,-0.157851,1.009477,0.677464,0.257372,1.015525,0.862788
737,24.584490,126,0.100179,-0.179742,1.213000,0.066789,0.756700,0.660390,-0.096563,0.861031,0.549236,0.240418,0.761434,0.827840,-0.139434,1.310663,0.774836,0.218727,1.318976,0.812904,-0.156558,1.009579,0.677140,0.258228,1.015493,0.862277
738,24.617840,126,0.100840,-0.179721,1.213000,0.067449,0.756693,0.660401,-0.095258,0.861658,0.548309,0.241403,0.761089,0.829069,-0.138698,1.310706,0.774736,0.219459,1.318965,0.812856,-0.155219,1.009641,0.676881,0.258954,1.015400,0.861728
739,24.651200,126,0.101420,-0.179710,1.213000,0.068029,0.756679,0.660411,-0.093911,0.862288,0.547430,0.242047,0.760741,0.830383,-0.138043,1.310699,0.774844,0.220125,1.318925,0.812876,-0.153816,1.009690,0.676694,0.259569,1.015276,0.861264
740,24.684560,126,0.101860,-0.179705,1.213000,0.068469,0.756665,0.660418,-0.092573,0.862854,0.546696,0.242616,0.760416,0.831732,-0.137494,1.310683,0.775063,0.220695,1.318872,0.812900,-0.152427,1.009744,0.676566,0.260023,1.015156,0.860957
741,24.717920,126,0.102130,-0.179703,1.213000,0.068739,0.756656,0.660423,-0.091299,0.863265,0.546213,0.243336,0.760138,0.833079,-0.137070,1.310688,0.775273,0.221147,1.318826,0.812859,-0.151150,1.009806,0.676478,0.260283,1.015072,0.860834
742,24.751270,126,0.102265,-0.179701,1.213000,0.068874,0.756652,0.660425,-0.090102,0.863434,0.546073,0.244373,0.759925,0.834425,-0.136748,1.310734,0.775369,0.221496,1.318805,0.812708,-0.150046,1.009868,0.676415,0.260380,1.015055,0.860911
743,24.784630,126,0.102333,-0.179701,1.213000,0.068942,0.756650,0.660426,-0.088971,0.863312,0.546318,0.245772,0.759802,0.835784,-0.136487,1.310818,0.775298,0.221780,1.318819,0.812431,-0.149143,1.009921,0.676357,0.260390,1.015124,0.861203
744,24.817990,126,0.102316,-0.179750,1.213000,0.068923,0.756601,0.660429,-0.087964,0.862863,0.546906,0.247368,0.759752,0.837146,-0.136339,1.310881,0.775060,0.221944,1.318826,0.812044,-0.148524,1.009917,0.676262,0.260323,1.015247,0.861714
745,24.851340,126,0.102208,-0.179825,1.213000,0.068812,0.756531,0.660431,-0.087112,0.862200,0.547682,0.248919,0.759825,0.838424,-0.136348,1.310927,0.774685,0.221946,1.318854,0.811566,-0.148204,1.009895,0.676052,0.260195,1.015455,0.862415
746,24.884700,126,0.102054,-0.179813,1.213000,0.068659,0.756550,0.660427,-0.086363,0.861579,0.548384,0.250210,0.760140,0.839440,-0.136499,1.311042,0.774216,0.221803,1.319017,0.811018,-0.148082,1.009984,0.675631,0.260054,1.015848,0.863224
747,24.918060,126,0.101827,-0.179706,1.213000,0.068436,0.756665,0.660417,-0.085713,0.861189,0.548711,0.250973,0.760690,0.839963,-0.136843,1.311217,0.773700,0.221463,1.319319,0.810429,-0.148079,1.010211,0.674917,0.259835,1.016408,0.864022
748,24.951420,126,0.101614,-0.179403,1.213000,0.068236,0.756977,0.660397,-0.085021,0.861283,0.548404,0.251128,0.761534,0.839774,-0.137293,1.311537,0.773179,0.221015,1.319850,0.809837,-0.147977,1.010686,0.673864,0.259569,1.017185,0.864676
749,24.984770,126,0.101407,-0.178752,1.213000,0.068058,0.757636,0.660359,-0.084219,0.862100,0.547360,0.250610,0.762762,0.838769,-0.137821,1.312156,0.772700,0.220487,1.320736,0.809299,-0.147659,1.011572,0.672494,0.259200,1.018266,0.865094
750,25.018130,126,0.101303,-0.177676,1.213000,0.068002,0.758713,0.660299,-0.083140,0.863699,0.545704,0.249596,0.764377,0.837056,-0.138255,1.313160,0.772312,0.220049,1.322009,0.808891,-0.146962,1.012938,0.670922,0.258830,1.019656,0.865271
751,25.051490,126,0.101302,-0.176088,1.213000,0.068069,0.760297,0.660213,-0.081724,0.866063,0.543761,0.248326,0.766396,0.834984,-0.138482,1.314668,0.772058,0.219813,1.323709,0.808677,-0.145872,1.014866,0.669331,0.258550,1.021396,0.865304
752,25.084840,126,0.101451,-0.173994,1.213000,0.068309,0.762380,0.660102,-0.079886,0.869024,0.541964,0.247218,0.768749,0.833094,-0.138325,1.316717,0.771962,0.219958,1.325783,0.808695,-0.144381,1.017331,0.667941,0.258571,1.023462,0.865364
753,25.118200,126,0.101875,-0.171497,1.213000,0.068841,0.764853,0.659975,-0.077493,0.872298,0.540719,0.246808,0.771272,0.831990,-0.137557,1.319240,0.772021,0.220711,1.328097,0.808942,-0.142434,1.020203,0.666940,0.259190,1.025761,0.865619
754,25.151560,126,0.102538,-0.168799,1.213000,0.069620,0.767517,0.659841,-0.074630,0.875544,0.540285,0.247378,0.773731,0.832138,-0.136187,1.322063,0.772188,0.222066,1.330459,0.809360,-0.140161,1.023249,0.666437,0.260469,1.028134,0.866146
755,25.184920,126,0.103419,-0.166049,1.213000,0.070620,0.770222,0.659708,-0.071431,0.878534,0.540701,0.249017,0.775984,0.833700,-0.134303,1.325030,0.772376,0.223935,1.332764,0.809846,-0.137684,1.026279,0.666428,0.262354,1.030485,0.866870
756,25.218270,126,0.104459,-0.163575,1.213000,0.071767,0.772646,0.659593,-0.068167,0.880959,0.541780,0.251494,0.777785,0.836443,-0.132135,1.327785,0.772489,0.226083,1.334764,0.810293,-0.135195,1.028927,0.666832,0.264599,1.032552,0.867603
757,25.251630,14,0.105580,-0.161537,1.213000,0.072974,0.774631,0.659503,-0.065175,0.882761,0.543149,0.253826,0.779385,0.836402,-0.129978,1.330111,0.772429,0.228214,1.336389,0.810596,-0.132906,1.030992,0.667508,0.266730,1.034142,0.867725
758,25.284990,14,0.106640,-0.160069,1.213000,0.074097,0.776051,0.659443,-0.062820,0.883970,0.544393,0.255715,0.780566,0.836326,-0.128157,1.331832,0.772139,0.230003,1.337582,0.810693,-0.131067,1.032332,0.668312,0.268517,1.035318,0.867730
759,25.318350,14,0.107520,-0.159084,1.213000,0.075019,0.776996,0.659405,-0.061315,0.884814,0.545201,0.257006,0.781439,0.836114,-0.126880,1.333003,0.771621,0.231242,1.338461,0.810569,-0.129847,1.033048,0.669117,0.269757,1.036189,0.867560
760,25.351700,14,0.108160,-0.158542,1.213000,0.075682,0.777509,0.659387,-0.060646,0.885413,0.545485,0.257699,0.782022,0.835774,-0.126172,1.333664,0.770953,0.231910,1.339048,0.810274,-0.129268,1.033239,0.669837,0.270425,1.036771,0.867241
761,25.385060,14,0.108530,-0.158271,1.213000,0.076063,0.777764,0.659379,-0.060627,0.885926,0.545346,0.257915,0.782426,0.835366,-0.125933,1.334004,0.770256,0.232113,1.339454,0.809889,-0.129238,1.033159,0.670406,0.270628,1.037174,0.866844
762,25.418420,14,0.108765,-0.158136,1.213000,0.076304,0.777889,0.659376,-0.060856,0.886410,0.544982,0.257960,0.782710,0.834964,-0.125869,1.334184,0.769656,0.232153,1.339738,0.809498,-0.129452,1.033020,0.670780,0.270668,1.037458,0.866446
763,25.451770,14,0.108933,-0.158068,1.213000,0.076474,0.777950,0.659375,-0.061032,0.886832,0.544584,0.258035,0.782890,0.834613,-0.125788,1.334295,0.769238,0.232225,1.339918,0.809153,-0.129673,1.032948,0.670931,0.270739,1.037637,0.866098
764,25.485130,14,0.109116,-0.158034,1.213000,0.076659,0.777976,0.659377,-0.060937,0.887129,0.544277,0.258268,0.782982,0.834311,-0.125564,1.334380,0.769011,0.232457,1.340011,0.808854,-0.129704,1.032989,0.670851,0.270971,1.037730,0.865798
765,25.518490,14,0.109408,-0.157967,1.213000,0.076954,0.778030,0.659378,-0.060452,0.887300,0.544106,0.258715,0.783076,0.834007,-0.125140,1.334504,0.768898,0.232902,1.340104,0.808551,-0.129412,1.033173,0.670559,0.271417,1.037823,0.865494
766,25.551850,14,0.109754,-0.157934,1.213000,0.077301,0.778049,0.659383,-0.059688,0.887259,0.544067,0.259226,0.783148,0.833635,-0.124657,1.334596,0.768781,0.233413,1.340177,0.808179,-0.128886,1.033372,0.670113,0.271927,1.037896,0.865123
767,25.585210,14,0.110077,-0.157867,1.213000,0.077626,0.778102,0.659385,-0.058792,0.887100,0.544138,0.259646,0.783306,0.833141,-0.124264,1.334721,0.768539,0.233833,1.340335,0.807686,-0.128270,1.033584,0.669598,0.272348,1.038053,0.864629
768,25.618560,14,0.110289,-0.157783,1.213000,0.077841,0.778176,0.659384,-0.057897,0.886864,0.544335,0.259874,0.783538,0.832526,-0.124056,1.334877,0.768108,0.234061,1.340567,0.807072,-0.127725,1.033747,0.669133,0.272575,1.038285,0.864014
769,25.651920,14,0.110244,-0.157642,1.213000,0.077803,0.778319,0.659376,-0.057131,0.886662,0.544727,0.259848,0.783853,0.831851,-0.124089,1.335138,0.767506,0.234034,1.340881,0.806396,-0.127426,1.033902,0.668840,0.272549,1.038600,0.863339
770,25.685280,14,0.109872,-0.157371,1.213000,0.077443,0.778605,0.659354,-0.056498,0.886627,0.545423,0.259667,0.784248,0.831222,-0.124267,1.335617,0.766829,0.233853,1.341277,0.805767,-0.127423,1.034164,0.668823,0.272367,1.038995,0.862710
771,25.718630,14,0.109236,-0.156935,1.213000,0.076827,0.779066,0.659320,-0.055845,0.886827,0.546537,0.259593,0.784668,0.830767,-0.124331,1.336388,0.766221,0.233778,1.341697,0.805311,-0.127579,1.034638,0.669139,0.272293,1.039415,0.862255
772,25.751990,14,0.108418,-0.156218,1.213000,0.076041,0.779817,0.659266,-0.055000,0.887399,0.548117,0.259869,0.785156,0.830582,-0.124039,1.337595,0.765810,0.234055,1.342185,0.805122,-0.127713,1.035516,0.669769,0.272570,1.039904,0.862067
773,25.785350,14,0.107509,-0.155159,1.213000,0.075179,0.780912,0.659193,-0.053818,0.888427,0.550099,0.260649,0.785739,0.830699,-0.123240,1.339296,0.765667,0.234838,1.342767,0.805232,-0.127643,1.036910,0.670630,0.273351,1.040487,0.862181
774,25.818710,14,0.106555,-0.153829,1.213000,0.074283,0.782279,0.659104,-0.052245,0.889886,0.552280,0.261919,0.786366,0.831075,-0.121947,1.341398,0.765781,0.236115,1.343394,0.805598,-0.127265,1.038764,0.671580,0.274624,1.041114,0.862553
775,25.852060,14,0.105577,-0.152265,1.213000,0.073375,0.783882,0.659003,-0.050294,0.891823,0.554325,0.263552,0.787070,0.831584,-0.120287,1.343825,0.766049,0.237755,1.344098,0.806097,-0.126534,1.041025,0.672440,0.276261,1.041818,0.863057
776,25.885420,14,0.104389,-0.150682,1.213000,0.072256,0.785511,0.658896,-0.048238,0.894127,0.555839,0.265157,0.787740,0.832061,-0.118652,1.346326,0.766319,0.239364,1.344768,0.806566,-0.125667,1.043445,0.673030,0.277867,1.042489,0.863530
777,25.918780,14,0.102944,-0.149191,1.213000,0.070878,0.787060,0.658790,-0.046247,0.896766,0.556479,0.266496,0.788370,0.832334,-0.117283,1.348761,0.766430,0.240702,1.345398,0.806836,-0.124777,1.045870,0.673210,0.279206,1.043120,0.863802
778,25.952140,14,0.101072,-0.148046,1.213000,0.069057,0.788282,0.658695,-0.044676,0.899498,0.556092,0.267236,0.788795,0.832291,-0.116514,1.350857,0.766271,0.241439,1.345823,0.806794,-0.124160,1.048004,0.672939,0.279945,1.043544,0.863759
779,25.985490,14,0.098836,-0.147323,1.213000,0.066855,0.789098,0.658616,-0.043674,0.902135,0.554797,0.267349,0.788974,0.831898,-0.116376,1.352512,0.765813,0.241545,1.346002,0.806406,-0.123910,1.049709,0.672309,0.280055,1.043723,0.863369
780,26.018850,14,0.096418,-0.147061,1.213000,0.064451,0.789462,0.658559,-0.043278,0.904423,0.552982,0.266988,0.788859,0.831219,-0.116717,1.353664,0.765113,0.241176,1.345886,0.805732,-0.124020,1.050876,0.671546,0.279690,1.043608,0.862692
781,26.052210,14,0.093959,-0.147181,1.213000,0.061989,0.789447,0.658522,-0.043522,0.906179,0.551178,0.266324,0.788484,0.830371,-0.117360,1.354381,0.764275,0.240508,1.345511,0.804891,-0.124508,1.051517,0.670942,0.279024,1.043232,0.861847
782,26.085560,14,0.091780,-0.147490,1.213000,0.059799,0.789231,0.658500,-0.044178,0.907340,0.549899,0.265752,0.787969,0.829495,-0.117911,1.354839,0.763413,0.239933,1.344997,0.804020,-0.125169,1.051771,0.670751,0.278451,1.042718,0.860973
783,26.118920,14,0.089990,-0.147795,1.213000,0.057998,0.789003,0.658485,-0.045120,0.907942,0.549487,0.265466,0.787451,0.828701,-0.118170,1.355239,0.762608,0.239646,1.344479,0.803229,-0.125932,1.051834,0.671099,0.278164,1.042199,0.860181
784,26.152280,14,0.088695,-0.147948,1.213000,0.056698,0.788906,0.658470,-0.046106,0.908096,0.550026,0.265639,0.787032,0.828059,-0.117960,1.355736,0.761903,0.239820,1.344060,0.802589,-0.126641,1.051897,0.671929,0.278338,1.041781,0.859540
785,26.185640,14,0.087897,-0.147874,1.213000,0.055904,0.789014,0.658452,-0.046890,0.907961,0.551352,0.266307,0.786772,0.827589,-0.117244,1.356413,0.761301,0.240489,1.343800,0.802119,-0.127143,1.052112,0.673029,0.279006,1.041521,0.859070
786,26.218990,14,0.087549,-0.147537,1.213000,0.055571,0.789365,0.658427,-0.047210,0.907749,0.553122,0.267422,0.786715,0.827269,-0.116069,1.357311,0.760783,0.241606,1.343743,0.801799,-0.127262,1.052599,0.674098,0.280122,1.041463,0.858749
787,26.252350,14,0.087524,-0.147069,1.213000,0.055567,0.789833,0.658402,-0.046892,0.907542,0.554939,0.268836,0.786753,0.827057,-0.114589,1.358302,0.760333,0.243021,1.343781,0.801587,-0.126892,1.053288,0.674868,0.281537,1.041501,0.858538
788,26.285710,14,0.087762,-0.146534,1.213000,0.055827,0.790356,0.658377,-0.045787,0.907471,0.556477,0.270463,0.786845,0.826900,-0.112895,1.359318,0.759942,0.244650,1.343874,0.801431,-0.125919,1.054133,0.675195,0.283164,1.041594,0.858381
789,26.319070,14,0.088231,-0.146067,1.213000,0.056316,0.790802,0.658360,-0.043855,0.907547,0.557576,0.272260,0.786876,0.826752,-0.111038,1.360221,0.759623,0.246447,1.343904,0.801285,-0.124307,1.054981,0.675117,0.284961,1.041624,0.858234
790,26.352420,14,0.088816,-0.145684,1.213000,0.056916,0.791160,0.658350,-0.041274,0.907827,0.558251,0.274120,0.786842,0.826576,-0.109132,1.361001,0.759384,0.248308,1.343870,0.801109,-0.122209,1.055770,0.674815,0.286822,1.041590,0.858058
791,26.385780,14,0.089458,-0.145392,1.213000,0.057571,0.791423,0.658345,-0.038272,0.908294,0.558651,0.276006,0.786736,0.826342,-0.107216,1.361659,0.759221,0.250194,1.343765,0.800877,-0.119813,1.056442,0.674531,0.288708,1.041484,0.857825
792,26.419140,14,0.090029,-0.145046,1.213000,0.058156,0.791744,0.658337,-0.035211,0.909025,0.558947,0.277812,0.786707,0.826030,-0.105395,1.362356,0.759100,0.252001,1.343736,0.800567,-0.117416,1.057105,0.674445,0.290514,1.041455,0.857514
793,26.452490,14,0.090464,-0.144673,1.213000,0.058608,0.792098,0.658324,-0.032406,0.909896,0.559260,0.279469,0.786732,0.825646,-0.103732,1.363075,0.758975,0.253657,1.343761,0.800183,-0.115260,1.057723,0.674618,0.292171,1.041480,0.857130
794,26.485850,14,0.090732,-0.144237,1.213000,0.058894,0.792522,0.658306,-0.030084,0.910845,0.559598,0.280912,0.786853,0.825206,-0.102282,1.363858,0.758791,0.255099,1.343882,0.799744,-0.113505,1.058349,0.674960,0.293613,1.041601,0.856691
795,26.519210,14,0.090816,-0.143768,1.213000,0.058998,0.792985,0.658282,-0.028367,0.911774,0.559878,0.282067,0.787054,0.824747,-0.101114,1.364665,0.758516,0.256254,1.344082,0.799286,-0.112235,1.058988,0.675287,0.294769,1.041801,0.856232
796,26.552560,14,0.090708,-0.143284,1.213000,0.058911,0.793473,0.658254,-0.027255,0.912643,0.559968,0.282864,0.787331,0.824301,-0.100294,1.365466,0.758137,0.257051,1.344359,0.798841,-0.111448,1.059660,0.675392,0.295565,1.042078,0.855786
797,26.585920,14,0.090554,-0.142842,1.213000,0.058777,0.793920,0.658227,-0.026504,0.913402,0.559767,0.283403,0.787631,0.823897,-0.099725,1.366184,0.757681,0.257589,1.344660,0.798438,-0.110935,1.060325,0.675137,0.296104,1.042379,0.855383
798,26.619280,14,0.090477,-0.142471,1.213000,0.058716,0.794294,0.658206,-0.025850,0.914050,0.559241,0.283795,0.787928,0.823536,-0.099301,1.366774,0.757185,0.257980,1.344956,0.798078,-0.110481,1.060956,0.674484,0.296495,1.042675,0.855022
799,26.652640,14,0.090539,-0.142286,1.213000,0.058785,0.794476,0.658197,-0.025096,0.914501,0.558437,0.284119,0.788105,0.823183,-0.098948,1.367121,0.756675,0.258304,1.345134,0.797726,-0.109943,1.061425,0.673500,0.296819,1.042853,0.854670
800,26.685990,14,0.090769,-0.142243,1.213000,0.059018,0.794509,0.658199,-0.024119,0.914807,0.557461,0.284461,0.788207,0.822753,-0.098588,1.367284,0.756122,0.258647,1.345236,0.797297,-0.109227,1.061751,0.672305,0.297161,1.042954,0.854240
801,26.719350,14,0.091235,-0.142371,1.213000,0.059477,0.794361,0.658214,-0.022817,0.914926,0.556445,0.284958,0.788203,0.822142,-0.098084,1.367266,0.755447,0.259144,1.345232,0.796687,-0.108241,1.061877,0.671045,0.297659,1.042950,0.853630
802,26.752710,14,0.091767,-0.142736,1.213000,0.059993,0.793975,0.658243,-0.021368,0.914771,0.555527,0.285507,0.788049,0.821844,-0.097510,1.367053,0.754546,0.259717,1.345052,0.795808,-0.107142,1.061725,0.669860,0.298223,1.042829,0.853064
803,26.786070,14,0.092284,-0.143268,1.213000,0.060486,0.793422,0.658281,-0.019880,0.914376,0.554836,0.286020,0.787778,0.821719,-0.096838,1.366757,0.753338,0.260385,1.344738,0.794631,-0.106003,1.061354,0.668876,0.298810,1.042612,0.852455
804,26.819420,14,0.092592,-0.143984,1.213000,0.060763,0.792695,0.658325,-0.018576,0.913692,0.554500,0.286282,0.787322,0.821720,-0.096161,1.366395,0.751831,0.261042,1.344230,0.793221,-0.105005,1.060753,0.668202,0.299248,1.042225,0.851813
805,26.852780,14,0.092596,-0.144842,1.213000,0.060729,0.791838,0.658371,-0.017578,0.912731,0.554627,0.286182,0.786664,0.821828,-0.095522,1.366002,0.750137,0.261636,1.343519,0.791732,-0.104240,1.059976,0.667913,0.299450,1.041635,0.851199
806,26.886140,14,0.092298,-0.145721,1.213000,0.060394,0.790974,0.658414,-0.016912,0.911593,0.555269,0.285724,0.785874,0.822023,-0.094940,1.365661,0.748452,0.262150,1.342684,0.790361,-0.103723,1.059160,0.668019,0.299407,1.040903,0.850694
807,26.919490,14,0.091749,-0.146461,1.213000,0.059813,0.790260,0.658444,-0.016564,0.910434,0.556378,0.284981,0.785100,0.822265,-0.094468,1.365462,0.746982,0.262537,1.341880,0.789280,-0.103455,1.058478,0.668439,0.299141,1.040168,0.850353
808,26.952850,14,0.091124,-0.146980,1.213000,0.059167,0.789768,0.658461,-0.016409,0.909351,0.557788,0.284159,0.784455,0.822514,-0.094105,1.365413,0.745871,0.262811,1.341221,0.788572,-0.103341,1.058014,0.668996,0.298778,1.039542,0.850189
809,26.986210,14,0.090512,-0.147140,1.213000,0.058548,0.789635,0.658459,-0.016403,0.908536,0.559231,0.283380,0.784158,0.822724,-0.093956,1.365594,0.745137,0.262885,1.340919,0.788194,-0.103374,1.057904,0.669458,0.298349,1.039252,0.850152
810,27.019570,14,0.090056,-0.146970,1.213000,0.058100,0.789823,0.658441,-0.016434,0.908027,0.560411,0.282809,0.784277,0.822872,-0.094045,1.365944,0.744679,0.262746,1.341033,0.788009,-0.103480,1.058105,0.669611,0.297945,1.039375,0.850165
811,27.052920,14,0.089878,-0.146535,1.213000,0.057941,0.790265,0.658414,-0.016396,0.907838,0.561085,0.282570,0.784833,0.822956,-0.094353,1.366395,0.744322,0.262421,1.341570,0.787837,-0.103577,1.058533,0.669324,0.297645,1.039946,0.850143
812,27.086280,14,0.089939,-0.145918,1.213000,0.058029,0.790879,0.658382,-0.016338,0.907954,0.561121,0.282614,0.785808,0.822995,-0.094947,1.366890,0.743875,0.261842,1.342499,0.787514,-0.103726,1.059087,0.668579,0.297391,1.040955,0.850024
813,27.119640,14,0.090270,-0.145309,1.213000,0.058385,0.791472,0.658355,-0.016244,0.908208,0.560552,0.282945,0.787018,0.823021,-0.095752,1.367267,0.743216,0.261076,1.343630,0.786956,-0.103908,1.059555,0.667482,0.297210,1.042222,0.849787
814,27.153000,14,0.090785,-0.144754,1.213000,0.058924,0.792003,0.658334,-0.016199,0.908528,0.559566,0.283457,0.788382,0.823057,-0.096740,1.367517,0.742308,0.260138,1.344880,0.786162,-0.104191,1.059872,0.666232,0.297047,1.043661,0.849448
815,27.186350,14,0.091342,-0.144377,1.213000,0.059497,0.792356,0.658324,-0.016339,0.908724,0.558488,0.283991,0.789698,0.823118,-0.097902,1.367555,0.741216,0.259029,1.346057,0.785217,-0.104682,1.059905,0.665093,0.296814,1.045064,0.849055
816,27.219710,14,0.091971,-0.144139,1.213000,0.060136,0.792567,0.658322,-0.016586,0.908738,0.557683,0.284574,0.790896,0.823205,-0.099025,1.367445,0.740067,0.257953,1.347105,0.784242,-0.105268,1.059688,0.664334,0.296619,1.046348,0.848663
817,27.253070,14,0.092586,-0.143969,1.213000,0.060757,0.792710,0.658324,-0.016931,0.908568,0.557453,0.285128,0.791941,0.823306,-0.100009,1.367293,0.738993,0.257004,1.348006,0.783355,-0.105904,1.059310,0.664156,0.296464,1.047469,0.848321
818,27.286430,14,0.093143,-0.143835,1.213000,0.061319,0.792820,0.658327,-0.017283,0.908232,0.557924,0.285617,0.792784,0.823410,-0.100743,1.367167,0.738085,0.256291,1.348728,0.782636,-0.106479,1.058853,0.664612,0.296381,1.048373,0.848057
819,27.319780,14,0.093621,-0.143617,1.213000,0.061807,0.793017,0.658323,-0.017491,0.907894,0.558988,0.286030,0.793500,0.823506,-0.101148,1.367209,0.737367,0.255893,1.349353,0.782098,-0.106850,1.058503,0.665556,0.296402,1.049132,0.847873
820,27.353140,14,0.094161,-0.143259,1.213000,0.062361,0.793351,0.658314,-0.017261,0.907696,0.560345,0.286511,0.794141,0.823595,-0.101058,1.367488,0.736805,0.255977,1.349936,0.781708,-0.106756,1.058397,0.666669,0.296681,1.049801,0.847753
821,27.386500,9,0.094580,-0.141479,1.202200,0.063024,0.794518,0.647443,-0.020829,0.902704,0.567490,0.273612,0.789673,0.829627,-0.110918,1.364036,0.736284,0.241674,1.346554,0.808192,-0.115862,1.054780,0.666820,0.279681,1.044167,0.864915
822,27.419860,9,0.093090,-0.138590,1.182900,0.061959,0.796408,0.627991,-0.026717,0.903022,0.562393,0.287724,0.791520,0.790988,-0.107942,1.363452,0.737969,0.249718,1.348293,0.778556,-0.114747,1.053999,0.669544,0.294889,1.045680,0.828406
823,27.453210,14,0.094295,-0.138545,1.188250,0.063082,0.796694,0.633351,-0.022263,0.904339,0.563551,0.287200,0.792266,0.798619,-0.105784,1.365204,0.737181,0.251397,1.349059,0.781442,-0.111632,1.055656,0.669104,0.294941,1.046685,0.834112
824,27.486570,14,0.095398,-0.138222,1.190925,0.064156,0.797115,0.636024,-0.018543,0.905316,0.564025,0.287138,0.792765,0.802824,-0.103931,1.366464,0.736466,0.252899,1.349576,0.783210,-0.108989,1.056942,0.668208,0.295300,1.047302,0.837365
825,27.519930,14,0.096449,-0.137761,1.192263,0.065205,0.797604,0.637354,-0.015488,0.906069,0.564229,0.287426,0.793307,0.805168,-0.102480,1.367433,0.735722,0.254110,1.350122,0.784116,-0.106921,1.057973,0.667139,0.295813,1.047911,0.839159
826,27.553290,14,0.097474,-0.137231,1.192931,0.066243,0.798126,0.638011,-0.013051,0.906653,0.564580,0.287940,0.793933,0.806517,-0.101342,1.368225,0.734979,0.255084,1.350738,0.784501,-0.105407,1.058771,0.666341,0.296403,1.048584,0.840140
827,27.586640,14,0.098337,-0.136515,1.193266,0.067130,0.798822,0.638321,-0.011295,0.907279,0.565349,0.288445,0.794722,0.807333,-0.100471,1.369078,0.734328,0.255836,1.351516,0.784675,-0.104460,1.059511,0.666198,0.296921,1.049404,0.840716
828,27.620000,14,0.098919,-0.135558,1.193433,0.067750,0.799761,0.638447,-0.010159,0.908115,0.566582,0.288758,0.795642,0.807859,-0.099760,1.370141,0.733876,0.256447,1.352439,0.784873,-0.103954,1.060332,0.666869,0.297292,1.050336,0.841134
829,27.653360,14,0.099159,-0.134329,1.193516,0.068043,0.800981,0.638468,-0.009416,0.909310,0.568081,0.288787,0.796643,0.808219,-0.099083,1.371510,0.733685,0.257030,1.353472,0.785227,-0.103627,1.061380,0.668201,0.297507,1.051327,0.841526
830,27.686710,14,0.098980,-0.132864,1.193558,0.067926,0.802452,0.638428,-0.008862,0.910919,0.569459,0.288436,0.797679,0.808470,-0.098450,1.373183,0.733743,0.257565,1.354569,0.785750,-0.103278,1.062746,0.669757,0.297503,1.052330,0.841933
831,27.720070,14,0.098490,-0.131332,1.193579,0.067503,0.804003,0.638357,-0.008247,0.912786,0.570292,0.287803,0.798649,0.808655,-0.097853,1.374982,0.733959,0.258063,1.355618,0.786369,-0.102691,1.064340,0.670974,0.297335,1.053253,0.842343
832,27.753430,14,0.097845,-0.129966,1.193590,0.066918,0.805394,0.638282,-0.007476,0.914604,0.570299,0.287029,0.799456,0.808805,-0.097394,1.376622,0.734192,0.258427,1.356502,0.786956,-0.101840,1.065938,0.671386,0.297036,1.054012,0.842717
833,27.786790,14,0.097172,-0.129033,1.193595,0.066287,0.806353,0.638225,-0.006633,0.915987,0.569473,0.286225,0.800003,0.808955,-0.097288,1.377768,0.734288,0.258453,1.357102,0.787383,-0.100907,1.067211,0.670807,0.296569,1.054526,0.843016
834,27.820140,14,0.096686,-0.128717,1.193597,0.065815,0.806690,0.638202,-0.005787,0.916622,0.568080,0.285590,0.800247,0.809138,-0.097629,1.378164,0.734137,0.258055,1.357358,0.787565,-0.100072,1.067856,0.669391,0.296001,1.054764,0.843220
835,27.853500,14,0.096443,-0.129158,1.193599,0.065553,0.806260,0.638223,-0.005201,0.916278,0.566539,0.285167,0.800115,0.809377,-0.098524,1.377630,0.733696,0.257127,1.357188,0.787481,-0.099654,1.067611,0.667545,0.295305,1.054660,0.843334
836,27.886860,14,0.096572,-0.130229,1.193599,0.065635,0.805186,0.638284,-0.004979,0.915038,0.565258,0.285083,0.799702,0.809673,-0.099796,1.376293,0.732989,0.255841,1.356688,0.787167,-0.099753,1.066504,0.665760,0.294625,1.054304,0.843375
837,27.920220,14,0.097036,-0.131715,1.193600,0.066034,0.803684,0.638372,-0.005215,0.913140,0.564514,0.285304,0.799114,0.810016,-0.101254,1.374413,0.732089,0.254381,1.355976,0.786695,-0.100414,1.064715,0.664450,0.294028,1.053791,0.843371
838,27.953580,14,0.097818,-0.133357,1.193600,0.066744,0.802012,0.638475,-0.005765,0.910933,0.564387,0.285822,0.798461,0.810388,-0.102599,1.372316,0.731082,0.253031,1.355177,0.786143,-0.101434,1.062534,0.663834,0.293638,1.053219,0.843348
839,27.986930,14,0.098809,-0.134879,1.193600,0.067668,0.800452,0.638575,-0.006413,0.908834,0.564728,0.286541,0.797900,0.810765,-0.103658,1.370348,0.730040,0.251957,1.354465,0.785570,-0.102552,1.060331,0.663878,0.293482,1.052735,0.843319
840,28.020290,14,0.099954,-0.136189,1.193600,0.068755,0.799096,0.638666,-0.006838,0.907074,0.565206,0.287421,0.797449,0.811132,-0.104336,1.368635,0.729022,0.251255,1.353871,0.785018,-0.103423,1.058310,0.664324,0.293582,1.052354,0.843293
841,28.053650,14,0.101177,-0.137145,1.193600,0.069935,0.798091,0.638739,-0.006784,0.905903,0.565389,0.288401,0.797243,0.811464,-0.104697,1.367322,0.728071,0.250863,1.353534,0.784506,-0.103786,1.056712,0.664747,0.293882,1.052209,0.843265
842,28.087000,14,0.102339,-0.137872,1.193600,0.071064,0.797316,0.638799,-0.006193,0.905230,0.564888,0.289352,0.797193,0.811750,-0.104984,1.366250,0.727236,0.250549,1.353361,0.784054,-0.103594,1.055483,0.664698,0.294208,1.052211,0.843236
843,28.120360,14,0.103469,-0.138436,1.193600,0.072169,0.796705,0.638850,-0.004986,0.904951,0.563490,0.290318,0.797275,0.811975,-0.105294,1.365312,0.726561,0.250222,1.353322,0.783678,-0.102785,1.054591,0.663831,0.294545,1.052336,0.843204
844,28.153720,14,0.104435,-0.138968,1.193600,0.073110,0.796134,0.638896,-0.003345,0.904858,0.561270,0.291164,0.797390,0.812137,-0.105839,1.364356,0.726073,0.249675,1.353311,0.783388,-0.101579,1.053918,0.662047,0.294729,1.052485,0.843171
845,28.187080,14,0.105167,-0.139484,1.193600,0.073819,0.795588,0.638937,-0.001425,0.904853,0.558576,0.291823,0.797510,0.812236,-0.106653,1.363381,0.725771,0.248874,1.353304,0.783187,-0.100178,1.053445,0.659538,0.294706,1.052629,0.843138
846,28.220430,14,0.105684,-0.139992,1.193600,0.074313,0.795059,0.638973,0.000683,0.904859,0.555920,0.292302,0.797571,0.812283,-0.107573,1.362427,0.725637,0.247976,1.353249,0.783074,-0.098705,1.053136,0.656722,0.294550,1.052706,0.843112
847,28.253790,14,0.105942,-0.140396,1.193600,0.074553,0.794645,0.639000,0.002828,0.904935,0.553789,0.292553,0.797589,0.812290,-0.108415,1.361669,0.725639,0.247156,1.353179,0.783044,-0.097313,1.053050,0.654081,0.294313,1.052730,0.843100
848,28.287150,14,0.105921,-0.140498,1.193600,0.074528,0.794544,0.639005,0.004919,0.905278,0.552495,0.292549,0.797679,0.812264,-0.108968,1.361385,0.725726,0.246619,1.353228,0.783079,-0.096078,1.053348,0.651994,0.294071,1.052818,0.843099
849,28.320510,14,0.105661,-0.140199,1.193600,0.074281,0.794853,0.638984,0.006970,0.906023,0.552114,0.292323,0.797883,0.812219,-0.109028,1.361733,0.725848,0.246562,1.353452,0.783160,-0.094963,1.054107,0.650633,0.293927,1.053014,0.843109
850,28.353860,14,0.105230,-0.139400,1.193600,0.073886,0.795669,0.638933,0.009059,0.907324,0.552491,0.291934,0.798293,0.812167,-0.108486,1.362828,0.725949,0.247091,1.353944,0.783256,-0.093873,1.055421,0.649944,0.293960,1.053413,0.843125
851,28.387220,14,0.104615,-0.138150,1.193600,0.073326,0.796942,0.638855,0.011166,0.909181,0.553329,0.291353,0.798911,0.812124,-0.107463,1.364591,0.725976,0.248079,1.354693,0.783337,-0.092805,1.057250,0.649718,0.294092,1.054017,0.843143
852,28.420580,14,0.103958,-0.136475,1.193600,0.072741,0.798641,0.638753,0.013382,0.911582,0.554299,0.290711,0.799798,0.812102,-0.106042,1.366920,0.725904,0.249441,1.355737,0.783393,-0.091632,1.059552,0.649703,0.294354,1.054888,0.843165
853,28.453940,14,0.103279,-0.134537,1.193600,0.072148,0.800603,0.638636,0.015618,0.914332,0.555160,0.290017,0.800898,0.812113,-0.104491,1.369558,0.725750,0.250912,1.356996,0.783447,-0.090392,1.062133,0.649721,0.294627,1.055968,0.843209
854,28.487290,14,0.102589,-0.132519,1.193600,0.071547,0.802646,0.638515,0.017742,0.917180,0.555815,0.289277,0.802116,0.812167,-0.103074,1.372231,0.725576,0.252233,1.358357,0.783556,-0.089162,1.064756,0.649718,0.294797,1.057163,0.843306
855,28.520650,14,0.102045,-0.130459,1.193600,0.071092,0.804723,0.638394,0.019775,0.919986,0.556297,0.288650,0.803453,0.812257,-0.101822,1.374827,0.725469,0.253384,1.359818,0.783790,-0.087867,1.067325,0.649729,0.294942,1.058471,0.843484
856,28.554010,14,0.101622,-0.128430,1.193600,0.070758,0.806766,0.638277,0.021608,0.922600,0.556716,0.288127,0.804853,0.812371,-0.100837,1.377244,0.725512,0.254268,1.361320,0.784202,-0.086596,1.069748,0.649798,0.295017,1.059836,0.843758
857,28.587360,14,0.101311,-0.126565,1.193600,0.070528,0.808640,0.638171,0.023204,0.924836,0.557175,0.287708,0.806172,0.812494,-0.100128,1.379346,0.725752,0.254886,1.362725,0.784804,-0.085412,1.071907,0.649899,0.295026,1.061113,0.844125
858,28.620720,14,0.101156,-0.124932,1.193600,0.070444,0.810275,0.638080,0.024638,0.926615,0.557710,0.287455,0.807334,0.812606,-0.099594,1.381087,0.726174,0.255343,1.363960,0.785543,-0.084305,1.073780,0.649898,0.295056,1.062229,0.844545
859,28.654080,14,0.101078,-0.123616,1.193600,0.070423,0.811591,0.638007,0.025893,0.927885,0.558286,0.287303,0.808271,0.812690,-0.099255,1.382420,0.726688,0.255624,1.364954,0.786299,-0.083385,1.075344,0.649605,0.295069,1.063120,0.844953
860,28.687440,14,0.101089,-0.122658,1.193600,0.070476,0.812547,0.637956,0.027025,0.928657,0.558824,0.287270,0.808974,0.812740,-0.099063,1.383336,0.727154,0.255782,1.365694,0.786918,-0.082670,1.076594,0.648862,0.295102,1.063786,0.845274
861,28.720790,14,0.101144,-0.122029,1.193600,0.070559,0.813172,0.637923,0.027978,0.929017,0.559241,0.287311,0.809517,0.812757,-0.099046,1.383897,0.727404,0.255786,1.366249,0.787243,-0.082232,1.077557,0.647640,0.295116,1.064311,0.845438
862,28.754150,14,0.101222,-0.121715,1.193600,0.070650,0.813482,0.637907,0.028647,0.929017,0.559477,0.287390,0.809954,0.812759,-0.099223,1.384144,0.727285,0.255612,1.366668,0.787155,-0.082119,1.078197,0.646087,0.295075,1.064757,0.845400
863,28.787510,14,0.101311,-0.121607,1.193600,0.070744,0.813585,0.637903,0.028905,0.928774,0.559507,0.287476,0.810408,0.812771,-0.099592,1.384201,0.726691,0.255254,1.367070,0.786600,-0.082345,1.078532,0.644483,0.294955,1.065250,0.845154
864,28.820870,14,0.101406,-0.121654,1.193600,0.070836,0.813535,0.637907,0.028676,0.928332,0.559364,0.287537,0.810912,0.812823,-0.100122,1.384134,0.725604,0.254730,1.367490,0.785613,-0.082876,1.078527,0.643165,0.294740,1.065821,0.844735
865,28.854220,14,0.101503,-0.121727,1.193600,0.070930,0.813458,0.637913,0.027990,0.927809,0.559130,0.287554,0.811530,0.812933,-0.100746,1.384070,0.724107,0.254098,1.367999,0.784317,-0.083616,1.078261,0.642395,0.294440,1.066527,0.844211
866,28.887580,14,0.101601,-0.121763,1.193600,0.071027,0.813417,0.637917,0.026986,0.927278,0.558923,0.287520,0.812229,0.813105,-0.101371,1.384070,0.722382,0.253445,1.368576,0.782907,-0.084423,1.077826,0.642279,0.294088,1.067320,0.843674
867,28.920940,14,0.101601,-0.121682,1.193600,0.071030,0.813499,0.637912,0.025774,0.926856,0.558837,0.287346,0.812983,0.813322,-0.101989,1.384213,0.720673,0.252780,1.369216,0.781598,-0.085234,1.077402,0.642730,0.293644,1.068161,0.843214
868,28.954300,14,0.101600,-0.121541,1.193600,0.071035,0.813639,0.637905,0.024663,0.926516,0.558919,0.287156,0.813631,0.813557,-0.102414,1.384428,0.719242,0.252296,1.369773,0.780595,-0.085820,1.077052,0.643520,0.293269,1.068876,0.842905
869,28.987650,14,0.101500,-0.121370,1.193600,0.070943,0.813814,0.637894,0.023722,0.926262,0.559150,0.286883,0.814083,0.813767,-0.102696,1.384679,0.718281,0.251953,1.370173,0.780018,-0.086208,1.076860,0.644359,0.292918,1.069369,0.842777
870,29.021010,14,0.101400,-0.121185,1.193600,0.070851,0.814003,0.637882,0.023149,0.926097,0.559472,0.286660,0.814316,0.813916,-0.102747,1.384936,0.717874,0.251854,1.370397,0.779881,-0.086302,1.076866,0.644995,0.292719,1.069614,0.842811
871,29.054370,14,0.101300,-0.120993,1.193600,0.070759,0.814199,0.637870,0.022951,0.926022,0.559815,0.286508,0.814371,0.813979,-0.102624,1.385183,0.717963,0.251949,1.370476,0.780089,-0.086170,1.077071,0.645265,0.292665,1.069659,0.842948
872,29.087730,14,0.101200,-0.120796,1.193600,0.070668,0.814399,0.637857,0.023056,0.926030,0.560105,0.286427,0.814331,0.813953,-0.102414,1.385415,0.718376,0.252155,1.370478,0.780470,-0.085917,1.077442,0.645101,0.292719,1.069595,0.843108
873,29.121080,14,0.101100,-0.120698,1.193600,0.070572,0.814501,0.637850,0.023336,0.926012,0.560281,0.286397,0.814188,0.813866,-0.102200,1.385538,0.718884,0.252385,1.370379,0.780834,-0.085659,1.077827,0.644526,0.292824,1.069426,0.843220
874,29.154440,14,0.101050,-0.120649,1.193600,0.070524,0.814552,0.637847,0.023709,0.925998,0.560295,0.286440,0.814063,0.813750,-0.101973,1.385619,0.719258,0.252638,1.370284,0.781016,-0.085418,1.078216,0.643637,0.292987,1.069283,0.843229
875,29.187800,14,0.101025,-0.120675,1.193600,0.070498,0.814528,0.637848,0.024054,0.925947,0.560136,0.286502,0.813966,0.813643,-0.101757,1.385657,0.719333,0.252879,1.370198,0.780915,-0.085239,1.078531,0.642587,0.293153,1.069184,0.843113
876,29.221160,14,0.101013,-0.120737,1.193600,0.070483,0.814466,0.637851,0.024324,0.925876,0.559841,0.286548,0.813932,0.813571,-0.101525,1.385712,0.719037,0.253127,1.370156,0.780504,-0.085094,1.078766,0.641557,0.293308,1.069166,0.842878
877,29.254510,14,0.101006,-0.120869,1.193600,0.070471,0.814335,0.637858,0.024533,0.925733,0.559484,0.286561,0.813903,0.813547,-0.101238,1.385764,0.718386,0.253415,1.370103,0.779820,-0.084918,1.078862,0.640706,0.293453,1.069168,0.842548
878,29.287870,14,0.100953,-0.121034,1.193600,0.070411,0.814172,0.637866,0.024671,0.925532,0.559157,0.286492,0.813884,0.813567,-0.100932,1.385842,0.717459,0.253707,1.370051,0.778937,-0.084706,1.078848,0.640125,0.293548,1.069192,0.842155
879,29.321230,14,0.100927,-0.121317,1.193600,0.070372,0.813891,0.637881,0.024823,0.925158,0.558945,0.286421,0.813776,0.813621,-0.100575,1.385831,0.716375,0.254042,1.369901,0.777947,-0.084385,1.078637,0.639833,0.293655,1.069132,0.841734
880,29.354590,14,0.100913,-0.121609,1.193600,0.070346,0.813601,0.637896,0.024938,0.924693,0.558893,0.286354,0.813695,0.813687,-0.100266,1.385798,0.715237,0.254326,1.369769,0.776923,-0.084036,1.078337,0.639783,0.293739,1.069100,0.841304
881,29.387940,14,0.100957,-0.121904,1.193600,0.070377,0.813304,0.637913,0.024964,0.924121,0.559010,0.286347,0.813664,0.813749,-0.100078,1.385698,0.714137,0.254497,1.369677,0.775929,-0.083743,1.077940,0.639926,0.293804,1.069119,0.840886
882,29.421300,14,0.101028,-0.122152,1.193600,0.070437,0.813054,0.637927,0.024755,0.923500,0.559258,0.286380,0.813751,0.813797,-0.100122,1.385550,0.713141,0.254445,1.369694,0.775017,-0.083675,1.077490,0.640220,0.293791,1.069253,0.840496
883,29.454660,14,0.101114,-0.122276,1.193600,0.070518,0.812927,0.637936,0.024201,0.922942,0.559551,0.286440,0.814021,0.813828,-0.100426,1.385420,0.712299,0.254145,1.369885,0.774237,-0.083960,1.077072,0.640606,0.293680,1.069566,0.840157
884,29.488020,14,0.101257,-0.122238,1.193600,0.070662,0.812959,0.637936,0.023298,0.922538,0.559767,0.286568,0.814468,0.813846,-0.100875,1.385357,0.711656,0.253706,1.370255,0.773642,-0.084605,1.076763,0.640986,0.293543,1.070049,0.839895
885,29.521370,14,0.101329,-0.121969,1.193600,0.070745,0.813224,0.637923,0.021933,0.922424,0.559774,0.286634,0.815101,0.813850,-0.101463,1.385472,0.711248,0.253130,1.370822,0.773274,-0.085722,1.076705,0.641215,0.293311,1.070707,0.839730
886,29.554730,14,0.101364,-0.121635,1.193600,0.070795,0.813556,0.637905,0.020189,0.922472,0.559497,0.286669,0.815689,0.813849,-0.102008,1.385640,0.711108,0.252595,1.371368,0.773163,-0.087209,1.076803,0.641181,0.293080,1.071307,0.839680
887,29.588090,14,0.101232,-0.121417,1.193600,0.070673,0.813778,0.637891,0.017980,0.922511,0.558941,0.286543,0.816014,0.813838,-0.102523,1.385725,0.711238,0.252089,1.371680,0.773294,-0.089118,1.076927,0.640860,0.292779,1.071630,0.839735
888,29.621450,14,0.100966,-0.121559,1.193600,0.070401,0.813649,0.637894,0.015340,0.922272,0.558208,0.286293,0.815827,0.813814,-0.102916,1.385511,0.711610,0.251708,1.371510,0.773611,-0.091358,1.076837,0.640369,0.292474,1.071429,0.839864
889,29.654800,14,0.100533,-0.122379,1.193600,0.069933,0.812848,0.637931,0.012170,0.921389,0.557467,0.285886,0.814834,0.813777,-0.103227,1.384690,0.712174,0.251414,1.370557,0.774040,-0.093969,1.076166,0.639950,0.292135,1.070412,0.840034
890,29.688160,14,0.100067,-0.124040,1.193600,0.069395,0.811212,0.638012,0.008494,0.919649,0.556917,0.285455,0.812905,0.813731,-0.103376,1.383090,0.712885,0.251294,1.368685,0.774526,-0.096892,1.074675,0.639897,0.291874,1.068456,0.840219
891,29.721520,14,0.099633,-0.126520,1.193600,0.068854,0.808756,0.638139,0.004253,0.917038,0.556740,0.285063,0.810088,0.813678,-0.103369,1.380703,0.713738,0.251340,1.365936,0.775066,-0.100184,1.072303,0.640472,0.291720,1.065606,0.840420
892,29.754880,14,0.099417,-0.129560,1.193600,0.068506,0.805733,0.638299,-0.000495,0.913792,0.557071,0.284897,0.806642,0.813616,-0.103103,1.377746,0.714790,0.251656,1.362570,0.775733,-0.103801,1.069259,0.641822,0.291822,1.062120,0.840671
893,29.788230,14,0.099558,-0.132880,1.193600,0.068503,0.802414,0.638481,-0.005724,0.910173,0.557960,0.285107,0.802833,0.813536,-0.102516,1.374443,0.716169,0.252302,1.358854,0.776656,-0.107721,1.065822,0.643954,0.292286,1.058258,0.841025
894,29.821590,14,0.100079,-0.136090,1.193600,0.068884,0.799190,0.638663,-0.011491,0.906546,0.559357,0.285738,0.799035,0.813409,-0.101657,1.371132,0.718021,0.253237,1.355167,0.777961,-0.111950,1.062422,0.646739,0.293120,1.054385,0.841523
895,29.854950,14,0.100990,-0.138845,1.193600,0.069674,0.796403,0.638828,-0.017790,0.903227,0.561132,0.286835,0.795577,0.813189,-0.100556,1.368116,0.720473,0.254439,1.351838,0.779730,-0.116389,1.059457,0.649990,0.294344,1.050827,0.842177
896,29.888310,14,0.102195,-0.141073,1.193600,0.070781,0.794129,0.638970,-0.023924,0.900177,0.563745,0.288334,0.792532,0.812837,-0.099311,1.365451,0.723590,0.255818,1.348937,0.781975,-0.120707,1.057044,0.653472,0.295887,1.047648,0.842965
897,29.921670,14,0.103547,-0.142686,1.193600,0.072062,0.792462,0.639081,-0.030582,0.897602,0.566330,0.290114,0.789998,0.812312,-0.098024,1.363233,0.727345,0.257277,1.346550,0.784620,-0.125045,1.055309,0.657050,0.297647,1.044947,0.843829
898,29.955020,14,0.104974,-0.143793,1.193600,0.073439,0.791297,0.639166,-0.038583,0.895346,0.568723,0.292105,0.787887,0.811605,-0.096703,1.361386,0.731631,0.258809,1.344580,0.787541,-0.129736,1.054146,0.660911,0.299584,1.042637,0.844703
0,0.000000,15,0.023700,0.059400,1.221500,0.000646,0.998985,0.654608,-0.290845,1.061001,0.728198,0.742537,1.506723,0.937564,-0.176734,1.548971,0.823578,0.180431,1.532556,0.867865,-0.271627,1.246696,0.812893,0.487755,1.518432,0.905972
1,0.033401,15,0.025400,0.039400,1.225350,0.001416,0.979171,0.659561,-0.286857,1.041372,0.714586,0.717902,1.405772,0.996071,-0.180082,1.530353,0.820050,0.176716,1.516158,0.867923,-0.266980,1.226075,0.801274,0.472602,1.455806,0.937987
2,0.066803,15,0.027700,0.019400,1.228425,0.002798,0.959289,0.663752,-0.278378,1.020731,0.697045,0.669717,1.303289,1.056245,-0.184758,1.510670,0.816400,0.171326,1.499257,0.869988,-0.260411,1.204281,0.786553,0.443815,1.392114,0.971822
3,0.100205,15,0.029850,-0.000600,1.226213,0.004111,0.939125,0.662661,-0.268970,0.995796,0.685482,0.601648,1.201786,1.104260,-0.190833,1.488489,0.813310,0.164133,1.479597,0.874281,-0.254630,1.180596,0.773051,0.403339,1.327708,1.000019
4,0.133607,11,0.031475,-0.020600,1.215106,0.005037,0.918497,0.652681,-0.266777,0.967437,0.677827,0.519303,1.100015,1.127350,-0.198645,1.462979,0.809372,0.154846,1.456094,0.878617,-0.252258,1.154352,0.760755,0.354108,1.261412,1.014608
5,0.167010,8,0.030088,-0.040600,1.235106,0.002474,0.899698,0.673704,-0.303803,0.950378,0.744099,0.500505,1.087419,1.052118,-0.198562,1.457009,0.780888,0.160992,1.466254,0.801711,-0.271477,1.148543,0.785463,0.346616,1.259131,0.938618
6,0.200413,8,0.033194,-0.060600,1.255106,0.004400,0.880708,0.694807,-0.306943,0.939531,0.759594,0.488087,1.037501,0.988715,-0.190674,1.446443,0.761062,0.169282,1.454331,0.773993,-0.270361,1.140206,0.779994,0.343584,1.226434,0.891389
7,0.233817,0,0.033747,-0.080600,1.235106,0.004392,0.859638,0.675929,-0.280793,0.910721,0.715217,0.413295,0.945831,0.972170,-0.193381,1.419063,0.778055,0.166162,1.426176,0.799885,-0.260183,1.109709,0.759982,0.301279,1.163553,0.894079
8,0.267221,0,0.034423,-0.100600,1.224053,0.004370,0.839053,0.665985,-0.267280,0.887791,0.693256,0.335767,0.878053,0.940589,-0.196473,1.394260,0.783912,0.162807,1.401889,0.809557,-0.255617,1.084835,0.748597,0.257370,1.115488,0.881197
9,0.300625,0,0.035412,-0.120600,1.218527,0.004574,0.818757,0.661565,-0.260356,0.866720,0.682586,0.272062,0.830081,0.894749,-0.198379,1.371722,0.786223,0.160776,1.380061,0.813348,-0.253386,1.062576,0.742725,0.221620,1.079366,0.857853
10,0.334030,0,0.036806,-0.140600,1.215763,0.005140,0.798594,0.659910,-0.256175,0.846342,0.677804,0.243875,0.800764,0.866705,-0.198767,1.350502,0.787660,0.160347,1.359210,0.815221,-0.251613,1.041561,0.740203,0.206015,1.053887,0.843369
11,0.367435,0,0.038603,-0.160600,1.214382,0.006088,0.778490,0.659643,-0.252837,0.826240,0.676490,0.232777,0.777135,0.851990,-0.197762,1.329956,0.789377,0.161353,1.338526,0.816971,-0.249498,1.021131,0.739981,0.200403,1.031593,0.836117
12,0.400841,0,0.040601,-0.180600,1.213691,0.007226,0.758416,0.660069,-0.249716,0.806240,0.677320,0.229141,0.755159,0.845704,-0.195815,1.309731,0.791692,0.163317,1.317703,0.819232,-0.246991,1.000968,0.741343,0.199305,1.010139,0.833705
13,0.434247,0,0.042701,-0.200600,1.213345,0.008460,0.738356,0.660841,-0.246631,0.786274,0.679378,0.228952,0.733665,0.844152,-0.193312,1.289653,0.794476,0.165840,1.296707,0.822011,-0.244212,0.980920,0.743660,0.200346,0.988871,0.834117
14,0.467653,0,0.044700,-0.214100,1.213173,0.009874,0.724793,0.661432,-0.243481,0.772817,0.681583,0.230482,0.718859,0.844632,-0.190447,1.276139,0.797038,0.168718,1.282131,0.824662,-0.241211,0.967422,0.745992,0.202487,0.974169,0.835580
15,0.501060,0,0.046400,-0.218750,1.213086,0.011371,0.720078,0.661628,-0.240440,0.768229,0.683241,0.232705,0.713094,0.845560,-0.187549,1.271524,0.798877,0.171617,1.276478,0.826673,-0.238246,0.962815,0.747714,0.205016,0.968455,0.836999
16,0.534467,0,0.047700,-0.219425,1.213043,0.012641,0.719346,0.661644,-0.237917,0.767668,0.684235,0.234806,0.711583,0.846335,-0.185103,1.270947,0.799969,0.174057,1.275021,0.827989,-0.235763,0.962242,0.748744,0.207270,0.966969,0.838019
17,0.567875,0,0.048600,-0.218613,1.213022,0.013576,0.720118,0.661595,-0.236086,0.768654,0.684523,0.236414,0.711892,0.846647,-0.183316,1.271924,0.800315,0.175833,1.275357,0.828573,-0.233954,0.963222,0.749053,0.208955,0.967290,0.838455
18,0.601283,0,0.049100,-0.217506,1.213011,0.014124,0.721199,0.661533,-0.235015,0.769982,0.684181,0.237368,0.712827,0.846422,-0.182267,1.273246,0.800007,0.176867,1.276304,0.828485,-0.232894,0.964546,0.748722,0.209945,0.968230,0.838292
19,0.634692,0,0.049300,-0.216553,1.213005,0.014365,0.722141,0.661480,-0.234599,0.771169,0.683380,0.237722,0.713882,0.845753,-0.181861,1.274429,0.799224,0.177260,1.277366,0.827886,-0.232483,0.965730,0.747929,0.210317,0.969288,0.837654
20,0.668100,0,0.049350,-0.215927,1.213003,0.014442,0.722764,0.661444,-0.234653,0.771992,0.682346,0.237634,0.714800,0.844827,-0.181918,1.275251,0.798196,0.177191,1.278287,0.826995,-0.232539,0.966552,0.746896,0.210237,0.970207,0.836745
21,0.701510,0,0.049375,-0.215513,1.213001,0.014485,0.723175,0.661421,-0.234981,0.772528,0.681279,0.237284,0.715603,0.843838,-0.182247,1.275786,0.797131,0.176852,1.279091,0.826024,-0.232867,0.967088,0.745831,0.209893,0.971011,0.835763
22,0.734919,0,0.049388,-0.215307,1.213001,0.014506,0.723381,0.661409,-0.235473,0.772777,0.680337,0.236775,0.716218,0.842943,-0.182740,1.276036,0.796189,0.176351,1.279708,0.825137,-0.233360,0.967337,0.744888,0.209387,0.971627,0.834872
23,0.768330,0,0.049444,-0.215203,1.213000,0.014567,0.723482,0.661404,-0.235928,0.772871,0.679601,0.236309,0.716675,0.842234,-0.183197,1.276130,0.795453,0.175888,1.280166,0.824432,-0.233816,0.967431,0.744152,0.208922,0.972085,0.834165
24,0.801740,0,0.049522,-0.215152,1.213000,0.014647,0.723530,0.661403,-0.236196,0.772918,0.679086,0.236033,0.716970,0.841736,-0.183466,1.276176,0.794940,0.175614,1.280461,0.823936,-0.234084,0.967478,0.743638,0.208647,0.972380,0.833668
25,0.835151,8,0.049561,-0.215076,1.213000,0.014690,0.723604,0.661399,-0.221283,0.772324,0.674351,0.236057,0.717139,0.841426,-0.183442,1.276320,0.794620,0.175637,1.280629,0.823628,-0.225784,0.967526,0.736809,0.208671,0.972548,0.833359
26,0.868563,10,0.049430,-0.214988,1.213000,0.014563,0.723697,0.661392,-0.212555,0.772558,0.670730,0.236358,0.717155,0.841259,-0.183143,1.276608,0.794440,0.175938,1.280646,0.823461,-0.220860,0.968314,0.731025,0.208972,0.972564,0.833192
27,0.901974,10,0.049115,-0.214944,1.213000,0.014250,0.723754,0.661384,-0.208584,0.772969,0.668728,0.236924,0.716979,0.841178,-0.182581,1.276999,0.794339,0.176505,1.280469,0.823377,-0.217989,0.969202,0.727285,0.209538,0.972388,0.833110
28,0.935386,10,0.048608,-0.214922,1.213000,0.013744,0.723798,0.661374,-0.206819,0.773691,0.666678,0.237631,0.716685,0.841109,-0.181877,1.277492,0.794246,0.177214,1.280176,0.823302,-0.216227,0.970280,0.724030,0.210246,0.972095,0.833038
29,0.968798,10,0.047904,-0.214961,1.213000,0.013039,0.723789,0.661364,-0.206110,0.774674,0.664004,0.238250,0.716327,0.840962,-0.181263,1.277984,0.794081,0.177833,1.279817,0.823152,-0.215216,0.971479,0.720660,0.210865,0.971736,0.832889
30,1.002159,10,0.047152,-0.215181,1.213000,0.012279,0.723602,0.661362,-0.205949,0.775716,0.660527,0.238641,0.715891,0.840640,-0.180876,1.278275,0.793755,0.178222,1.279381,0.822830,-0.214809,0.972595,0.716964,0.211255,0.971300,0.832568
31,1.035505,10,0.046326,-0.215640,1.213000,0.011434,0.723178,0.661372,-0.206425,0.776651,0.656269,0.238508,0.715430,0.840042,-0.181014,1.278238,0.793176,0.178086,1.278921,0.822236,-0.215174,0.973476,0.712912,0.211121,0.970840,0.831971
32,1.068851,10,0.045613,-0.216470,1.213000,0.010685,0.722381,0.661404,-0.207639,0.777240,0.651360,0.237857,0.714884,0.839100,-0.181670,1.277693,0.792276,0.177433,1.278374,0.821299,-0.216259,0.973911,0.708557,0.210469,0.970293,0.831032
33,1.102197,10,0.045056,-0.217685,1.213000,0.010077,0.721192,0.661460,-0.209894,0.777404,0.645920,0.236690,0.714252,0.837788,-0.182838,1.276617,0.791027,0.176269,1.277743,0.819990,-0.218044,0.973850,0.703954,0.209303,0.969662,0.829721
34,1.135543,10,0.044778,-0.219293,1.213000,0.009729,0.719601,0.661542,-0.213308,0.777145,0.639998,0.235247,0.713475,0.836136,-0.184278,1.275028,0.789452,0.174831,1.276967,0.818336,-0.220272,0.973311,0.699118,0.207863,0.968885,0.828068
35,1.168889,10,0.044739,-0.221146,1.213000,0.009609,0.717753,0.661641,-0.217877,0.776707,0.633554,0.233737,0.712603,0.834205,-0.185782,1.273140,0.787608,0.173328,1.276095,0.816401,-0.222695,0.972531,0.694009,0.206356,0.968013,0.826135
36,1.202235,10,0.044970,-0.223073,1.213000,0.009756,0.715821,0.661749,-0.223130,0.776426,0.626512,0.232508,0.711689,0.832065,-0.187007,1.271207,0.785565,0.172101,1.275181,0.814261,-0.224898,0.971801,0.688564,0.205127,0.967099,0.823996
37,1.235580,10,0.045435,-0.224937,1.213000,0.010140,0.713942,0.661858,-0.228308,0.776604,0.618825,0.231835,0.710764,0.829783,-0.187684,1.269457,0.783384,0.171422,1.274255,0.811982,-0.226520,0.971376,0.682746,0.204452,0.966174,0.821714
38,1.268925,10,0.045967,-0.226568,1.213000,0.010601,0.712292,0.661956,-0.232670,0.777494,0.610551,0.231782,0.709927,0.827387,-0.187753,1.268135,0.781094,0.171354,1.273417,0.809592,-0.227409,0.971498,0.676580,0.204392,0.965336,0.819321
39,1.302271,10,0.046434,-0.227934,1.213000,0.011007,0.710909,0.662038,-0.235670,0.779084,0.601898,0.232322,0.709185,0.824895,-0.187242,1.267313,0.778707,0.171871,1.272673,0.807104,-0.227530,0.972207,0.670178,0.204922,0.964593,0.816831
40,1.335616,10,0.046717,-0.229017,1.213000,0.011243,0.709817,0.662101,-0.237168,0.781238,0.593185,0.233317,0.708562,0.822312,-0.186284,1.267004,0.776229,0.172843,1.272047,0.804521,-0.227008,0.973456,0.663713,0.205906,0.963968,0.814248
41,1.368960,10,0.046758,-0.229909,1.213000,0.011246,0.708926,0.662150,-0.237315,0.783655,0.584775,0.234577,0.707998,0.819654,-0.185064,1.267070,0.773674,0.174080,1.271480,0.801856,-0.226077,0.975038,0.657379,0.207156,0.963403,0.811587
42,1.402305,10,0.046479,-0.230604,1.213000,0.010937,0.708244,0.662183,-0.236424,0.786124,0.576996,0.235826,0.707549,0.816934,-0.183850,1.267443,0.771059,0.175311,1.271029,0.799127,-0.225111,0.976835,0.651335,0.208397,0.962953,0.808863
43,1.435650,10,0.045940,-0.231252,1.213000,0.010370,0.707620,0.662208,-0.234780,0.788335,0.570048,0.236906,0.707119,0.814176,-0.182798,1.267896,0.768403,0.176380,1.270597,0.796363,-0.224385,0.978595,0.645664,0.209472,0.962522,0.806102
44,1.468995,10,0.045220,-0.231826,1.213000,0.009626,0.707078,0.662226,-0.232751,0.790276,0.563888,0.237721,0.706783,0.811370,-0.182002,1.268392,0.765694,0.177189,1.270261,0.793556,-0.224096,0.980298,0.640318,0.210284,0.962187,0.803296
45,1.502339,10,0.044410,-0.232363,1.213000,0.008793,0.706577,0.662241,-0.230748,0.792010,0.558201,0.238246,0.706550,0.808470,-0.181491,1.268862,0.762877,0.177709,1.270027,0.790660,-0.224307,0.981926,0.635113,0.210807,0.961953,0.800397
46,1.535683,10,0.043605,-0.232832,1.213000,0.007969,0.706144,0.662252,-0.229125,0.793762,0.552454,0.238532,0.706482,0.805381,-0.181219,1.269332,0.759856,0.177987,1.269958,0.787579,-0.224922,0.983582,0.629757,0.211089,0.961885,0.797312
47,1.569027,10,0.042852,-0.233316,1.213000,0.007196,0.705693,0.662265,-0.228188,0.795674,0.546042,0.238640,0.706510,0.802006,-0.181129,1.269738,0.756534,0.178080,1.269986,0.784214,-0.225762,0.985285,0.623930,0.211190,0.961913,0.793942
48,1.602371,10,0.042176,-0.233808,1.213000,0.006499,0.705231,0.662279,-0.228127,0.797940,0.538467,0.238633,0.706639,0.798283,-0.181160,1.270101,0.752860,0.178052,1.270113,0.780505,-0.226609,0.987129,0.617397,0.211174,0.962041,0.790225
49,1.635715,10,0.041588,-0.234404,1.213000,0.005886,0.704661,0.662301,-0.228954,0.800556,0.529539,0.238547,0.706749,0.794256,-0.181276,1.270323,0.748887,0.177939,1.270221,0.776494,-0.227289,0.989044,0.610128,0.211075,0.962150,0.786205
50,1.669059,10,0.041044,-0.235152,1.213000,0.005310,0.703938,0.662332,-0.230501,0.803431,0.519508,0.238166,0.706813,0.792246,-0.181529,1.270323,0.744786,0.177690,1.270227,0.772340,-0.227781,0.990924,0.602357,0.210754,0.962188,0.783224
51,1.702403,10,0.040522,-0.236026,1.213000,0.004751,0.703088,0.662370,-0.232388,0.806388,0.509044,0.237700,0.706819,0.791226,-0.181976,1.270081,0.740805,0.177249,1.270120,0.768288,-0.228163,0.992663,0.594535,0.210300,0.962142,0.780830
52,1.735746,10,0.040061,-0.236963,1.213000,0.004249,0.702173,0.662412,-0.234172,0.809171,0.499019,0.237256,0.706785,0.790694,-0.182602,1.269619,0.737184,0.176629,1.269929,0.764582,-0.228539,0.994160,0.587181,0.209776,0.962037,0.778859
53,1.769089,10,0.039681,-0.237982,1.213000,0.003825,0.701173,0.662460,-0.235588,0.811452,0.490179,0.236873,0.706646,0.790412,-0.183359,1.268920,0.734052,0.175878,1.269606,0.761361,-0.229033,0.995272,0.580690,0.209226,0.961815,0.777244
54,1.802433,10,0.039390,-0.238941,1.213000,0.003493,0.700229,0.662507,-0.236465,0.813173,0.482911,0.236569,0.706497,0.790259,-0.184102,1.268179,0.731353,0.175140,1.269269,0.758584,-0.229675,0.996103,0.575191,0.208726,0.961580,0.775902
55,1.835776,10,0.039245,-0.239720,1.213000,0.003315,0.699457,0.662547,-0.236569,0.814413,0.477204,0.236407,0.706415,0.790176,-0.184569,1.267612,0.728878,0.174676,1.269011,0.756055,-0.230313,0.996827,0.570535,0.208427,0.961418,0.774711
56,1.869118,10,0.039223,-0.240260,1.213000,0.003269,0.698920,0.662575,-0.235801,0.815364,0.472705,0.236367,0.706424,0.790135,-0.184551,1.267388,0.726355,0.174696,1.268869,0.753515,-0.230747,0.997632,0.566396,0.208414,0.961359,0.773537
57,1.902461,10,0.039311,-0.240430,1.213000,0.003350,0.698746,0.662586,-0.234262,0.816413,0.468846,0.236446,0.706633,0.790113,-0.183886,1.267714,0.723562,0.175359,1.268957,0.750747,-0.230732,0.998781,0.562411,0.208757,0.961514,0.772270
58,1.935804,10,0.039506,-0.240215,1.213000,0.003553,0.698953,0.662578,-0.232227,0.817835,0.465059,0.236641,0.707064,0.790098,-0.182545,1.268621,0.720417,0.176697,1.269287,0.747666,-0.230091,1.000381,0.558318,0.209471,0.961898,0.770865
59,1.969146,10,0.039753,-0.239708,1.213000,0.003822,0.699448,0.662555,-0.228065,0.820236,0.461418,0.232438,0.704546,0.798073,-0.178572,1.270628,0.717196,0.179505,1.267560,0.756813,-0.226737,1.002980,0.554304,0.208445,0.959739,0.779372
60,2.002489,10,0.040026,-0.238954,1.213000,0.004128,0.700189,0.662519,-0.226106,0.822549,0.456848,0.231818,0.704975,0.799597,-0.176543,1.272235,0.713709,0.181237,1.268015,0.755821,-0.225038,1.005224,0.549873,0.208892,0.960180,0.779755
61,2.035848,10,0.040263,-0.238127,1.213000,0.004401,0.701004,0.662479,-0.225239,0.824897,0.451692,0.232602,0.706476,0.798677,-0.175273,1.273672,0.710102,0.182654,1.269249,0.750924,-0.223831,1.007294,0.545257,0.209963,0.961560,0.777032
62,2.069197,10,0.040432,-0.237313,1.213000,0.004604,0.701808,0.662438,-0.224871,0.827238,0.446311,0.233735,0.708239,0.797023,-0.174375,1.274972,0.706588,0.183820,1.270636,0.744998,-0.222720,1.009201,0.540705,0.211111,0.963152,0.773442
63,2.102546,10,0.040566,-0.236657,1.213000,0.004767,0.702457,0.662404,-0.224619,0.829339,0.441063,0.234826,0.709854,0.795347,-0.173701,1.276024,0.703277,0.184750,1.271845,0.739242,-0.221610,1.010801,0.536392,0.212128,0.964584,0.769916
64,2.135895,10,0.040583,-0.236278,1.213000,0.004800,0.702834,0.662384,-0.224372,0.830945,0.436247,0.235644,0.711138,0.793905,-0.173322,1.276719,0.700180,0.185335,1.272721,0.734051,-0.220666,1.011948,0.532419,0.212841,0.965682,0.766776
65,2.169243,10,0.040541,-0.236139,1.213000,0.004765,0.702975,0.662376,-0.223960,0.831970,0.432055,0.236226,0.712134,0.792750,-0.173183,1.277098,0.697256,0.185629,1.273314,0.729461,-0.219931,1.012656,0.528810,0.213292,0.966496,0.764064
66,2.202592,10,0.040421,-0.236170,1.213000,0.004643,0.702949,0.662376,-0.223364,0.832430,0.428539,0.236572,0.712939,0.791853,-0.173297,1.277239,0.694435,0.185630,1.273717,0.725363,-0.219482,1.012995,0.525524,0.213482,0.967119,0.761716
67,2.235940,10,0.040310,-0.236385,1.213000,0.004524,0.702739,0.662385,-0.222517,0.832333,0.425599,0.236801,0.713556,0.791170,-0.173551,1.277138,0.691641,0.185461,1.273926,0.721609,-0.219228,1.012972,0.522468,0.213530,0.967551,0.759641
68,2.269289,10,0.040205,-0.236742,1.213000,0.004403,0.702387,0.662403,-0.221467,0.831816,0.423015,0.236937,0.714047,0.790651,-0.173911,1.276850,0.688786,0.185163,1.273990,0.718040,-0.219107,1.012675,0.519501,0.213469,0.967849,0.757739
69,2.302637,10,0.040103,-0.237171,1.213000,0.004282,0.701964,0.662424,-0.220245,0.831070,0.420511,0.237002,0.714496,0.790251,-0.174337,1.276463,0.685787,0.184783,1.273983,0.714513,-0.219012,1.012223,0.516463,0.213333,0.968091,0.755922
70,2.335985,10,0.039951,-0.237686,1.213000,0.004108,0.701457,0.662449,-0.218907,0.830181,0.417845,0.236963,0.714900,0.789939,-0.174848,1.275974,0.682571,0.184304,1.273891,0.710911,-0.218881,1.011643,0.513222,0.213094,0.968270,0.754118
71,2.369333,10,0.039726,-0.238243,1.213000,0.003859,0.700911,0.662475,-0.217476,0.829248,0.414870,0.236807,0.715312,0.789689,-0.175455,1.275428,0.679099,0.183721,1.273757,0.707160,-0.218657,1.010992,0.509700,0.212745,0.968435,0.752282
72,2.402681,10,0.039413,-0.238771,1.213000,0.003523,0.700397,0.662498,-0.215991,0.828338,0.411563,0.236534,0.715813,0.789478,-0.176178,1.274889,0.675366,0.183015,1.273654,0.703232,-0.218337,1.010326,0.505902,0.212276,0.968661,0.750386
73,2.436029,10,0.039056,-0.239186,1.213000,0.003149,0.699999,0.662514,-0.214477,0.827481,0.408028,0.236196,0.716495,0.789292,-0.177010,1.274423,0.671409,0.182195,1.273672,0.699143,-0.217935,1.009686,0.501914,0.211719,0.969043,0.748431
74,2.469377,10,0.038728,-0.239443,1.213000,0.002810,0.699756,0.662522,-0.212965,0.826623,0.404466,0.235871,0.717412,0.789118,-0.177937,1.274044,0.667290,0.181275,1.273864,0.694938,-0.217499,1.009049,0.497875,0.211124,0.969631,0.746430
75,2.502725,10,0.038564,-0.239421,1.213000,0.002647,0.699784,0.662518,-0.211421,0.825774,0.401105,0.235701,0.718694,0.788945,-0.178886,1.273844,0.663072,0.180330,1.274359,0.690666,-0.217038,1.008466,0.493934,0.210604,0.970556,0.744399
76,2.536072,10,0.038582,-0.239161,1.213000,0.002676,0.700044,0.662504,-0.209904,0.824807,0.398153,0.235706,0.720312,0.788766,-0.179892,1.273764,0.658811,0.179325,1.275131,0.686369,-0.216670,1.007848,0.490214,0.210150,0.971791,0.742353
77,2.569420,10,0.038841,-0.238680,1.213000,0.002956,0.700512,0.662483,-0.208378,0.823661,0.395755,0.235944,0.722241,0.788579,-0.180914,1.273773,0.654563,0.178300,1.276160,0.682088,-0.216419,1.007162,0.486792,0.209816,0.973312,0.740311
78,2.602767,10,0.039321,-0.238040,1.213000,0.003463,0.701130,0.662457,-0.206831,0.822313,0.393975,0.236395,0.724395,0.788381,-0.181939,1.273825,0.650391,0.177267,1.277371,0.677882,-0.216322,1.006386,0.483709,0.209595,0.975039,0.738296
79,2.636115,10,0.039960,-0.237370,1.213000,0.004131,0.701771,0.662432,-0.205235,0.820744,0.392811,0.236998,0.726592,0.788180,-0.182944,1.273825,0.646393,0.176251,1.278611,0.673841,-0.216381,1.005480,0.480978,0.209464,0.976802,0.736354
80,2.669462,10,0.040630,-0.236785,1.213000,0.004826,0.702326,0.662413,-0.203602,0.819005,0.392204,0.237623,0.728649,0.787984,-0.183944,1.273708,0.642687,0.175237,1.279735,0.670084,-0.216611,1.004453,0.478603,0.209345,0.978436,0.734545
81,2.702809,10,0.041265,-0.236393,1.213000,0.005477,0.702691,0.662403,-0.201885,0.817163,0.392061,0.238204,0.730387,0.787808,-0.184886,1.273420,0.639390,0.174278,1.280607,0.666732,-0.216945,1.003324,0.476574,0.209229,0.979781,0.732929
82,2.736156,10,0.041933,-0.236146,1.213000,0.006154,0.702908,0.662401,-0.199931,0.815400,0.392281,0.238816,0.731796,0.787659,-0.185615,1.273046,0.636579,0.173531,1.281253,0.663871,-0.217200,1.002232,0.474868,0.209225,0.980844,0.731550
83,2.769503,10,0.042716,-0.235973,1.213000,0.006945,0.703048,0.662406,-0.197628,0.813857,0.392767,0.239547,0.732928,0.787542,-0.186010,1.272676,0.634271,0.173118,1.281741,0.661525,-0.217227,1.001292,0.473446,0.209437,0.981684,0.730423
84,2.802850,10,0.043608,-0.235837,1.213000,0.007842,0.703146,0.662414,-0.195027,0.812573,0.393438,0.240388,0.733837,0.787458,-0.186099,1.272344,0.632415,0.173012,1.282120,0.659648,-0.217028,1.000530,0.472260,0.209848,0.982353,0.729526
85,2.836197,10,0.044704,-0.235668,1.213000,0.008944,0.703267,0.662425,-0.192142,0.811562,0.394215,0.241434,0.734633,0.787403,-0.185837,1.272097,0.630906,0.173257,1.282476,0.658139,-0.216544,0.999962,0.471253,0.210532,0.982950,0.728813
86,2.869543,10,0.045902,-0.235484,1.213000,0.010148,0.703400,0.662436,-0.189242,0.810740,0.395009,0.242583,0.735355,0.787370,-0.185383,1.271898,0.629618,0.173694,1.282815,0.656868,-0.215928,0.999507,0.470374,0.211358,0.983498,0.728219
87,2.902890,10,0.047101,-0.235292,1.213000,0.011354,0.703541,0.662447,-0.186610,0.810030,0.395718,0.243732,0.736040,0.787347,-0.184872,1.271729,0.628427,0.174188,1.283144,0.655704,-0.215315,0.999097,0.469575,0.212210,0.984022,0.727678
88,2.936237,10,0.048101,-0.235246,1.213000,0.012355,0.703544,0.662462,-0.184595,0.809232,0.396260,0.244677,0.736564,0.787328,-0.184512,1.271438,0.627245,0.174530,1.283317,0.654549,-0.214908,0.998544,0.468835,0.212882,0.984387,0.727144
89,2.969583,10,0.048750,-0.235373,1.213000,0.012998,0.703390,0.662480,-0.183417,0.808282,0.396594,0.245274,0.736910,0.787300,-0.184433,1.271009,0.626024,0.174594,1.283306,0.653341,-0.214825,0.997802,0.468153,0.213238,0.984571,0.726581
90,3.002929,10,0.048925,-0.235837,1.213000,0.013153,0.702920,0.662509,-0.183194,0.806994,0.396757,0.245395,0.736911,0.787264,-0.184742,1.270294,0.624770,0.174273,1.282947,0.652077,-0.215151,0.996703,0.467568,0.213158,0.984409,0.725989
91,3.036276,10,0.048563,-0.236668,1.213000,0.012755,0.702106,0.662547,-0.183918,0.805315,0.396844,0.244979,0.736527,0.787217,-0.185499,1.269267,0.623521,0.173510,1.282209,0.650786,-0.215921,0.995209,0.467137,0.212585,0.983864,0.725378
92,3.069634,10,0.047681,-0.237784,1.213000,0.011826,0.701030,0.662592,-0.185454,0.803319,0.396966,0.244050,0.735839,0.787154,-0.186699,1.268010,0.622325,0.172307,1.281180,0.649516,-0.217106,0.993402,0.466907,0.211531,0.983022,0.724768
93,3.102983,10,0.046441,-0.239042,1.213000,0.010532,0.699828,0.662638,-0.187522,0.801155,0.397188,0.242771,0.734982,0.787075,-0.188211,1.266649,0.621232,0.170796,1.280009,0.648314,-0.218553,0.991428,0.466888,0.210147,0.982023,0.724180
94,3.136333,10,0.045070,-0.240321,1.213000,0.009107,0.698610,0.662682,-0.189778,0.798984,0.397485,0.241373,0.734071,0.786983,-0.189824,1.265291,0.620270,0.169187,1.278813,0.647218,-0.220032,0.989438,0.467032,0.208654,0.980982,0.723633
95,3.169683,10,0.043685,-0.241461,1.213000,0.007674,0.697532,0.662719,-0.192006,0.797047,0.397729,0.239976,0.733254,0.786878,-0.191410,1.264094,0.619446,0.167607,1.277748,0.646243,-0.221403,0.987652,0.467233,0.207174,0.980053,0.723133
96,3.203033,10,0.042393,-0.242330,1.213000,0.006345,0.696720,0.662743,-0.194004,0.795571,0.397754,0.238692,0.732637,0.786762,-0.192809,1.263202,0.618750,0.166218,1.276926,0.645389,-0.222502,0.986274,0.467362,0.205842,0.979343,0.722683
97,3.236383,10,0.041296,-0.242815,1.213000,0.005229,0.696283,0.662750,-0.195584,0.794752,0.397428,0.237629,0.732302,0.786639,-0.193833,1.262750,0.618163,0.165206,1.276438,0.644652,-0.223157,0.985488,0.467317,0.204802,0.978939,0.722281
98,3.269733,10,0.040398,-0.242958,1.213000,0.004326,0.696179,0.662742,-0.196672,0.794584,0.396736,0.236790,0.732174,0.786517,-0.194401,1.262726,0.617672,0.164655,1.276217,0.644026,-0.223316,0.985291,0.467065,0.204094,0.978769,0.721932
99,3.303082,10,0.039649,-0.242729,1.213000,0.003587,0.696439,0.662716,-0.197276,0.795068,0.395776,0.236125,0.732268,0.786401,-0.194508,1.263176,0.617254,0.164570,1.276279,0.643502,-0.223013,0.985700,0.466644,0.203692,0.978848,0.721630
100,3.336432,10,0.039025,-0.242164,1.213000,0.002988,0.697028,0.662675,-0.197435,0.796076,0.394734,0.235606,0.732559,0.786295,-0.194196,1.264057,0.616889,0.164908,1.276595,0.643064,-0.222328,0.986617,0.466143,0.203561,0.979150,0.721374
101,3.369781,10,0.038462,-0.241332,1.213000,0.002462,0.697882,0.662620,-0.197293,0.797412,0.393797,0.235159,0.733028,0.786202,-0.193632,1.265267,0.616560,0.165498,1.277125,0.642697,-0.221447,0.987878,0.465661,0.203584,0.979647,0.721157
102,3.403131,10,0.037931,-0.240266,1.213000,0.001978,0.698969,0.662553,-0.197013,0.798921,0.393083,0.234742,0.733719,0.786121,-0.193027,1.266709,0.616254,0.166125,1.277889,0.642388,-0.220571,0.989340,0.465268,0.203640,0.980371,0.720972
103,3.436480,10,0.037416,-0.239133,1.213000,0.001512,0.700121,0.662482,-0.196763,0.800350,0.392622,0.234321,0.734556,0.786054,-0.192621,1.268143,0.615982,0.166546,1.278783,0.642136,-0.219900,0.990749,0.464994,0.203601,0.981234,0.720822
104,3.469829,10,0.037008,-0.237917,1.213000,0.001158,0.701352,0.662409,-0.196563,0.801668,0.392357,0.233980,0.735634,0.785997,-0.192525,1.269515,0.615752,0.166647,1.279880,0.641940,-0.219482,0.992060,0.464819,0.203461,0.982321,0.720702
105,3.503179,10,0.036704,-0.236758,1.213000,0.000905,0.702520,0.662342,-0.196470,0.802727,0.392224,0.233707,0.736865,0.785949,-0.192881,1.270640,0.615581,0.166286,1.281076,0.641806,-0.219404,0.993106,0.464715,0.203148,0.983536,0.720615
106,3.536528,10,0.036502,-0.235779,1.213000,0.000745,0.703506,0.662285,-0.196451,0.803414,0.392212,0.233496,0.738135,0.785911,-0.193715,1.271391,0.615477,0.165438,1.282258,0.641731,-0.219665,0.993772,0.464667,0.202648,0.984766,0.720560
107,3.569877,10,0.036451,-0.235040,1.213000,0.000727,0.704245,0.662244,-0.196358,0.803679,0.392379,0.233401,0.739343,0.785881,-0.194880,1.271737,0.615437,0.164249,1.283330,0.641708,-0.220142,0.994022,0.464688,0.202057,0.985912,0.720533
108,3.603226,10,0.036475,-0.234620,1.213000,0.000769,0.704663,0.662222,-0.196150,0.803467,0.392820,0.233355,0.740336,0.785863,-0.196255,1.271667,0.615447,0.162843,1.284156,0.641722,-0.220779,0.993824,0.464811,0.201394,0.986829,0.720529
109,3.636575,10,0.036588,-0.234610,1.213000,0.000882,0.704668,0.662223,-0.195737,0.802739,0.393595,0.233378,0.740925,0.785862,-0.197588,1.271171,0.615490,0.161478,1.284574,0.641760,-0.221411,0.993154,0.465065,0.200788,0.987341,0.720546
110,3.669924,10,0.036694,-0.234905,1.213000,0.000975,0.704369,0.662241,-0.195197,0.801680,0.394652,0.233395,0.741127,0.785877,-0.198730,1.270441,0.615539,0.160307,1.284624,0.641800,-0.221975,0.992200,0.465437,0.200266,0.987474,0.720572
111,3.703272,10,0.036897,-0.235453,1.213000,0.001154,0.703815,0.662274,-0.194488,0.800446,0.395817,0.233519,0.740920,0.785908,-0.199398,1.269586,0.615571,0.159617,1.284307,0.641831,-0.222241,0.991097,0.465868,0.200022,0.987217,0.720603
112,3.736621,10,0.037098,-0.236126,1.213000,0.001326,0.703134,0.662314,-0.193815,0.799276,0.396810,0.233662,0.740402,0.785954,-0.199598,1.268769,0.615564,0.159405,1.283730,0.641836,-0.222221,0.990053,0.466252,0.200004,0.986672,0.720631
113,3.769970,10,0.037349,-0.236763,1.213000,0.001549,0.702488,0.662353,-0.193250,0.798421,0.397320,0.233879,0.739737,0.786009,-0.199282,1.268148,0.615504,0.159722,1.283056,0.641807,-0.221832,0.989282,0.466461,0.200267,0.986003,0.720647
114,3.803318,10,0.037675,-0.237182,1.213000,0.001856,0.702057,0.662382,-0.192864,0.798121,0.397091,0.234198,0.739144,0.786063,-0.198513,1.267869,0.615389,0.160499,1.282493,0.641740,-0.221070,0.988981,0.466387,0.200793,0.985424,0.720647
115,3.836667,10,0.038087,-0.237241,1.213000,0.002266,0.701980,0.662392,-0.192695,0.798518,0.395999,0.234627,0.738827,0.786109,-0.197438,1.268013,0.615229,0.161586,1.282227,0.641644,-0.220002,0.989263,0.465971,0.201520,0.985130,0.720629
116,3.870015,10,0.038544,-0.236870,1.213000,0.002738,0.702330,0.662380,-0.192766,0.799626,0.394121,0.235115,0.738936,0.786139,-0.196303,1.268583,0.615047,0.162731,1.282388,0.641536,-0.218803,0.990126,0.465232,0.202306,0.985263,0.720596
117,3.903364,10,0.039072,-0.236135,1.213000,0.003297,0.703041,0.662350,-0.192964,0.801245,0.391745,0.235676,0.739487,0.786153,-0.195292,1.269441,0.614879,0.163747,1.282971,0.641445,-0.217613,0.991392,0.464280,0.203073,0.985828,0.720562
118,3.936712,10,0.039636,-0.235118,1.213000,0.003905,0.704032,0.662305,-0.193196,0.803106,0.389310,0.236263,0.740462,0.786152,-0.194613,1.270450,0.614754,0.164423,1.283943,0.641391,-0.216633,0.992851,0.463285,0.203700,0.986801,0.720537
119,3.970060,10,0.040268,-0.234009,1.213000,0.004584,0.705112,0.662256,-0.193301,0.804816,0.387282,0.236896,0.741701,0.786144,-0.194329,1.271390,0.614697,0.164692,1.285137,0.641394,-0.215954,0.994192,0.462438,0.204169,0.988021,0.720534
120,4.003408,10,0.040884,-0.232954,1.213000,0.005245,0.706137,0.662210,-0.193263,0.806087,0.386009,0.237486,0.743059,0.786133,-0.194517,1.272121,0.614710,0.164479,1.286407,0.641455,-0.215700,0.995203,0.461883,0.204395,0.989339,0.720555
121,4.036756,10,0.041392,-0.232077,1.213000,0.005791,0.706991,0.662172,-0.193142,0.806771,0.385594,0.237942,0.744376,0.786123,-0.195163,1.272562,0.614778,0.163801,1.287601,0.641558,-0.215908,0.995766,0.461670,0.204336,0.990600,0.720597
122,4.070105,10,0.041796,-0.231489,1.213000,0.006220,0.707561,0.662147,-0.192972,0.806855,0.385868,0.238273,0.745475,0.786122,-0.196088,1.272659,0.614870,0.162837,1.288553,0.641676,-0.216442,0.995847,0.461737,0.204080,0.991632,0.720650
123,4.103461,10,0.042048,-0.231144,1.213000,0.006487,0.707893,0.662133,-0.192896,0.806578,0.386443,0.238444,0.746330,0.786126,-0.197139,1.272525,0.614939,0.161746,1.289254,0.641766,-0.217171,0.995624,0.461924,0.203679,0.992417,0.720693
124,4.136813,10,0.042124,-0.230972,1.213000,0.006570,0.708062,0.662125,-0.193056,0.806234,0.386852,0.238444,0.746947,0.786133,-0.198161,1.272295,0.614947,0.160689,1.289727,0.641795,-0.217947,0.995316,0.462041,0.203201,0.992969,0.720710
125,4.170165,10,0.042012,-0.230836,1.213000,0.006464,0.708202,0.662116,-0.193558,0.806134,0.386724,0.238277,0.747417,0.786135,-0.199043,1.272149,0.614883,0.159781,1.290078,0.641752,-0.218654,0.995179,0.461938,0.202697,0.993385,0.720692
126,4.203517,10,0.041756,-0.230718,1.213000,0.006214,0.708331,0.662105,-0.194393,0.806384,0.385911,0.237991,0.747728,0.786132,-0.199690,1.272125,0.614775,0.159119,1.290312,0.641663,-0.219192,0.995291,0.461570,0.202241,0.993661,0.720650
127,4.236868,10,0.041478,-0.230609,1.213000,0.005941,0.708452,0.662094,-0.195383,0.806973,0.384540,0.237710,0.747880,0.786126,-0.199996,1.272226,0.614679,0.158812,1.290439,0.641581,-0.219453,0.995648,0.461008,0.201948,0.993802,0.720609
128,4.270220,10,0.041239,-0.230555,1.213000,0.005704,0.708516,0.662087,-0.196334,0.807736,0.382963,0.237490,0.747837,0.786122,-0.199963,1.272388,0.614658,0.158852,1.290431,0.641564,-0.219443,0.996131,0.460413,0.201847,0.993774,0.720599
129,4.303572,10,0.041020,-0.230577,1.213000,0.005484,0.708503,0.662084,-0.197089,0.808468,0.381635,0.237307,0.747603,0.786119,-0.199697,1.272559,0.614751,0.159134,1.290288,0.641651,-0.219272,0.996605,0.459977,0.201874,0.993582,0.720637
130,4.336923,10,0.040860,-0.230839,1.213000,0.005313,0.708249,0.662096,-0.197456,0.808810,0.380969,0.237188,0.747052,0.786127,-0.199251,1.272547,0.614970,0.159602,1.289872,0.641850,-0.218988,0.996793,0.459860,0.202021,0.993092,0.720732
131,4.370275,10,0.040730,-0.231319,1.213000,0.005163,0.707775,0.662119,-0.197369,0.808628,0.381201,0.237097,0.746242,0.786143,-0.198725,1.272341,0.615270,0.160151,1.289220,0.642119,-0.218687,0.996619,0.460130,0.202220,0.992354,0.720862
132,4.403626,10,0.040465,-0.232010,1.213000,0.004868,0.707097,0.662152,-0.196997,0.807878,0.382335,0.236866,0.745227,0.786162,-0.198336,1.271932,0.615576,0.160564,1.288362,0.642384,-0.218571,0.996055,0.460750,0.202281,0.991410,0.720993
133,4.436978,10,0.040032,-0.232905,1.213000,0.004397,0.706223,0.662192,-0.196463,0.806598,0.384179,0.236459,0.744043,0.786178,-0.198148,1.271310,0.615811,0.160775,1.287309,0.642570,-0.218690,0.995108,0.461605,0.202154,0.990285,0.721086
134,4.470329,10,0.039366,-0.233802,1.213000,0.003693,0.705356,0.662229,-0.195966,0.805097,0.386400,0.235815,0.742915,0.786181,-0.198237,1.270668,0.615901,0.160708,1.286269,0.642605,-0.219101,0.994027,0.462526,0.201772,0.989197,0.721103
135,4.503680,10,0.038533,-0.234701,1.213000,0.002821,0.704495,0.662263,-0.195595,0.803507,0.388655,0.235000,0.741852,0.786170,-0.198548,1.269997,0.615825,0.160416,1.285246,0.642471,-0.219734,0.992877,0.463364,0.201194,0.988152,0.721037
136,4.537032,10,0.037567,-0.235451,1.213000,0.001823,0.703788,0.662286,-0.195438,0.802098,0.390657,0.234052,0.741001,0.786143,-0.199053,1.269446,0.615601,0.159928,1.284390,0.642191,-0.220543,0.991872,0.464010,0.200454,0.987299,0.720895
137,4.570383,10,0.036583,-0.236025,1.213000,0.000816,0.703257,0.662300,-0.195460,0.800982,0.392242,0.233088,0.740370,0.786106,-0.199643,1.269036,0.615297,0.159353,1.283728,0.641834,-0.221404,0.991088,0.464433,0.199666,0.986654,0.720713
138,4.603734,10,0.035692,-0.236413,1.213000,-0.000092,0.702908,0.662305,-0.195589,0.800221,0.393361,0.232215,0.739951,0.786067,-0.200215,1.268782,0.615008,0.158792,1.283273,0.641500,-0.222200,0.990571,0.464661,0.198935,0.986218,0.720540
139,4.637085,10,0.034996,-0.236656,1.213000,-0.000797,0.702695,0.662306,-0.195732,0.799788,0.394054,0.231535,0.739676,0.786038,-0.200673,1.268641,0.614832,0.158342,1.282982,0.641293,-0.222822,0.990289,0.464770,0.198359,0.985936,0.720430
140,4.670436,10,0.034498,-0.236728,1.213000,-0.001298,0.702644,0.662301,-0.195885,0.799711,0.394394,0.231051,0.739559,0.786022,-0.201012,1.268649,0.614836,0.158009,1.282885,0.641279,-0.223261,0.990274,0.464831,0.197944,0.985828,0.720415
141,4.703787,10,0.034199,-0.236764,1.213000,-0.001598,0.702621,0.662297,-0.196068,0.799829,0.394455,0.230759,0.739455,0.786027,-0.201229,1.268672,0.615045,0.157795,1.282846,0.641486,-0.223530,0.990376,0.464903,0.197687,0.985754,0.720512
142,4.737138,10,0.034049,-0.236732,1.213000,-0.001746,0.702659,0.662293,-0.196351,0.800138,0.394284,0.230612,0.739405,0.786047,-0.201359,1.268748,0.615414,0.157665,1.282893,0.641864,-0.223696,0.990605,0.464993,0.197548,0.985748,0.720694
143,4.770489,10,0.034025,-0.236666,1.213000,-0.001768,0.702726,0.662289,-0.196785,0.800550,0.393912,0.230586,0.739388,0.786076,-0.201412,1.268840,0.615849,0.157610,1.282984,0.642317,-0.223809,0.990893,0.465075,0.197509,0.985780,0.720915
144,4.803840,10,0.034012,-0.236633,1.213000,-0.001779,0.702760,0.662287,-0.197488,0.800943,0.393364,0.230567,0.739361,0.786106,-0.201485,1.268884,0.616236,0.157536,1.283049,0.642724,-0.224006,0.991140,0.465107,0.197465,0.985795,0.721117
145,4.837191,10,0.034006,-0.236567,1.213000,-0.001782,0.702826,0.662283,-0.198432,0.801328,0.392680,0.230555,0.739405,0.786126,-0.201561,1.268944,0.616472,0.157456,1.283145,0.642978,-0.224295,0.991377,0.465049,0.197422,0.985862,0.721242
146,4.870542,10,0.034003,-0.236583,1.213000,-0.001786,0.702810,0.662284,-0.199540,0.801554,0.391928,0.230544,0.739404,0.786136,-0.201632,1.268908,0.616522,0.157383,1.283150,0.643039,-0.224656,0.991472,0.464903,0.197383,0.985864,0.721275
147,4.903893,10,0.034002,-0.236642,1.213000,-0.001790,0.702751,0.662287,-0.200674,0.801650,0.391203,0.230535,0.739388,0.786136,-0.201677,1.268826,0.616406,0.157337,1.283099,0.642926,-0.225034,0.991464,0.464701,0.197357,0.985832,0.721224
148,4.937243,10,0.034051,-0.236721,1.213000,-0.001744,0.702671,0.662292,-0.201602,0.801636,0.390639,0.230581,0.739350,0.786128,-0.201625,1.268730,0.616206,0.157388,1.283010,0.642722,-0.225301,0.991386,0.464519,0.197405,0.985771,0.721128
149,4.970594,10,0.034225,-0.236910,1.213000,-0.001578,0.702474,0.662306,-0.202062,0.801431,0.390389,0.230752,0.739162,0.786129,-0.201382,1.268545,0.616034,0.157633,1.282785,0.642543,-0.225309,0.991165,0.464452,0.197610,0.985566,0.721047
150,5.003944,10,0.034463,-0.237155,1.213000,-0.001351,0.702220,0.662323,-0.201968,0.801106,0.390561,0.230991,0.738854,0.786140,-0.200984,1.268345,0.615974,0.158036,1.282480,0.642480,-0.225056,0.990882,0.464569,0.197923,0.985259,0.721024
151,5.037295,10,0.034881,-0.237378,1.213000,-0.000943,0.701980,0.662342,-0.201142,0.800756,0.391182,0.231417,0.738481,0.786164,-0.200290,1.268212,0.616068,0.158737,1.282162,0.642576,-0.224396,0.990628,0.464889,0.198474,0.984911,0.721081
152,5.070645,10,0.035341,-0.237539,1.213000,-0.000491,0.701800,0.662359,-0.199795,0.800454,0.392159,0.231893,0.738090,0.786199,-0.199440,1.268190,0.616301,0.159597,1.281877,0.642819,-0.223480,0.990465,0.465371,0.199124,0.984568,0.721210
153,5.103996,10,0.035870,-0.237619,1.213000,0.000035,0.701697,0.662373,-0.198092,0.800255,0.393303,0.232446,0.737718,0.786239,-0.198422,1.268284,0.616619,0.160625,1.281646,0.643155,-0.222344,0.990419,0.465927,0.199892,0.984260,0.721385
154,5.137352,10,0.036335,-0.237560,1.213000,0.000502,0.701736,0.662378,-0.196432,0.800255,0.394377,0.232942,0.737464,0.786276,-0.197418,1.268538,0.616952,0.161641,1.281545,0.643512,-0.221222,0.990559,0.466453,0.200624,0.984076,0.721566
155,5.170717,10,0.036718,-0.237380,1.213000,0.000891,0.701899,0.662375,-0.195106,0.800453,0.395193,0.233357,0.737348,0.786305,-0.196513,1.268905,0.617256,0.162556,1.281573,0.643842,-0.220264,0.990857,0.466875,0.201265,0.984025,0.721732
156,5.204083,10,0.036959,-0.237040,1.213000,0.001147,0.702228,0.662361,-0.194375,0.800887,0.395664,0.233632,0.737445,0.786320,-0.195843,1.269400,0.617523,0.163233,1.281793,0.644133,-0.219652,0.991340,0.467175,0.201723,0.984178,0.721872
157,5.237448,10,0.036979,-0.236620,1.213000,0.001186,0.702647,0.662339,-0.194404,0.801458,0.395831,0.233681,0.737697,0.786326,-0.195557,1.269927,0.617788,0.163524,1.282151,0.644419,-0.219557,0.991907,0.467395,0.201881,0.984478,0.722005
158,5.270814,10,0.036890,-0.236260,1.213000,0.001112,0.703009,0.662318,-0.195026,0.801998,0.395824,0.233608,0.737961,0.786332,-0.195579,1.270335,0.618119,0.163503,1.282510,0.644766,-0.219880,0.992400,0.467618,0.201832,0.984785,0.722166
159,5.304180,10,0.036745,-0.236030,1.213000,0.000977,0.703245,0.662303,-0.196000,0.802423,0.395792,0.233466,0.738142,0.786346,-0.195830,1.270567,0.618574,0.163249,1.282794,0.645232,-0.220484,0.992748,0.467916,0.201639,0.985012,0.722385
160,5.337547,10,0.036672,-0.236065,1.213000,0.000903,0.703213,0.662303,-0.196935,0.802592,0.395854,0.233382,0.738060,0.786379,-0.196104,1.270512,0.619180,0.162971,1.282836,0.645844,-0.221079,0.992827,0.468330,0.201468,0.984987,0.722680
161,5.370913,10,0.036736,-0.236433,1.213000,0.000951,0.702844,0.662324,-0.197495,0.802442,0.396065,0.233425,0.737601,0.786434,-0.196211,1.270142,0.619905,0.162862,1.282530,0.646570,-0.221405,0.992591,0.468843,0.201441,0.984597,0.723039
162,5.404280,10,0.036968,-0.237216,1.213000,0.001149,0.702052,0.662371,-0.197447,0.801882,0.396445,0.233630,0.736648,0.786513,-0.195991,1.269410,0.620655,0.163084,1.281751,0.647320,-0.221280,0.991974,0.469398,0.201654,0.983723,0.723422
163,5.437646,10,0.037434,-0.238308,1.213000,0.001567,0.700943,0.662438,-0.196636,0.800983,0.396995,0.234069,0.735295,0.786607,-0.195280,1.268445,0.621290,0.163802,1.280572,0.647956,-0.220578,0.991073,0.469916,0.202220,0.982449,0.723762
164,5.471013,10,0.038017,-0.239604,1.213000,0.002093,0.699625,0.662518,-0.195222,0.799794,0.397720,0.234632,0.733670,0.786703,-0.194163,1.267353,0.621669,0.164931,1.279093,0.648337,-0.219471,0.989966,0.470326,0.203039,0.980890,0.723987
165,5.504380,10,0.038709,-0.241002,1.213000,0.002723,0.698201,0.662606,-0.193376,0.798360,0.398611,0.235311,0.731915,0.786791,-0.192696,1.266214,0.621701,0.166415,1.277427,0.648373,-0.218105,0.988708,0.470592,0.204083,0.979175,0.724051
166,5.537748,10,0.039404,-0.242351,1.213000,0.003359,0.696826,0.662691,-0.191425,0.796818,0.399611,0.236000,0.730228,0.786861,-0.191080,1.265145,0.621375,0.168049,1.275759,0.648053,-0.216735,0.987422,0.470706,0.205201,0.977496,0.723944
167,5.571115,10,0.040052,-0.243476,1.213000,0.003958,0.695677,0.662764,-0.189660,0.795380,0.400599,0.236650,0.728816,0.786907,-0.189483,1.264287,0.620770,0.169663,1.274302,0.647456,-0.215529,0.986279,0.470694,0.206287,0.976065,0.723699
168,5.604483,10,0.040576,-0.244238,1.213000,0.004448,0.694894,0.662814,-0.188351,0.794266,0.401414,0.237184,0.727833,0.786929,-0.188085,1.263753,0.620031,0.171074,1.273234,0.646728,-0.214604,0.985445,0.470598,0.207219,0.975043,0.723381
169,5.637850,10,0.040938,-0.244669,1.213000,0.004791,0.694449,0.662844,-0.187658,0.793540,0.401905,0.237561,0.727241,0.786933,-0.187001,1.263503,0.619333,0.172168,1.272551,0.646045,-0.213977,0.984931,0.470474,0.207921,0.974410,0.723074
170,5.671218,10,0.041219,-0.244734,1.213000,0.005069,0.694371,0.662852,-0.187525,0.793308,0.401982,0.237861,0.727054,0.786928,-0.186176,1.263568,0.618813,0.172999,1.272298,0.645541,-0.213509,0.984810,0.470368,0.208462,0.974192,0.722843
171,5.704586,10,0.041410,-0.244567,1.213000,0.005266,0.694530,0.662847,-0.187903,0.793476,0.401652,0.238071,0.727119,0.786924,-0.185617,1.263828,0.618548,0.173562,1.272343,0.645295,-0.213155,0.984976,0.470318,0.208832,0.974249,0.722729
172,5.737955,10,0.041555,-0.244234,1.213000,0.005426,0.694856,0.662831,-0.188621,0.793971,0.401009,0.238235,0.727357,0.786923,-0.185248,1.264226,0.618540,0.173933,1.272609,0.645310,-0.212841,0.985367,0.470334,0.209089,0.974499,0.722735
173,5.771323,10,0.041677,-0.243817,1.213000,0.005566,0.695267,0.662811,-0.189501,0.794668,0.400214,0.238374,0.727676,0.786930,-0.185007,1.264688,0.618746,0.174174,1.272998,0.645540,-0.212553,0.985887,0.470420,0.209275,0.974850,0.722843
174,5.804692,10,0.041789,-0.243508,1.213000,0.005691,0.695570,0.662796,-0.190370,0.795312,0.399477,0.238494,0.727883,0.786950,-0.184854,1.265029,0.619112,0.174326,1.273305,0.645930,-0.212317,0.986326,0.470588,0.209409,0.975103,0.723031
175,5.838061,10,0.041844,-0.243254,1.213000,0.005758,0.695821,0.662783,-0.191107,0.795872,0.399025,0.238554,0.728035,0.786975,-0.184808,1.265311,0.619589,0.174370,1.273577,0.646428,-0.212211,0.986708,0.470866,0.209462,0.975309,0.723270
176,5.871429,10,0.041872,-0.243127,1.213000,0.005791,0.695947,0.662777,-0.191553,0.796183,0.399115,0.238582,0.728055,0.787007,-0.184830,1.265463,0.620170,0.174347,1.273736,0.647027,-0.212246,0.986923,0.471331,0.209467,0.975392,0.723559
177,5.904799,10,0.041936,-0.243014,1.213000,0.005860,0.696057,0.662772,-0.191559,0.796273,0.399974,0.238646,0.728046,0.787041,-0.184844,1.265597,0.620866,0.174332,1.273890,0.647732,-0.212378,0.987040,0.472081,0.209495,0.975457,0.723897
178,5.938168,10,0.042018,-0.242807,1.213000,0.005950,0.696260,0.662762,-0.191137,0.796194,0.401739,0.238736,0.728114,0.787068,-0.184862,1.265824,0.621681,0.174314,1.274146,0.648545,-0.212630,0.987131,0.473196,0.209536,0.975610,0.724281
179,5.971537,10,0.042159,-0.242503,1.213000,0.006104,0.696557,0.662748,-0.190339,0.795951,0.404370,0.238893,0.728260,0.787087,-0.184832,1.266145,0.622600,0.174344,1.274500,0.649448,-0.212951,0.987181,0.474691,0.209635,0.975850,0.724700
180,6.004907,10,0.042380,-0.242052,1.213000,0.006344,0.696998,0.662728,-0.189322,0.795668,0.407601,0.239141,0.728543,0.787092,-0.184722,1.266612,0.623562,0.174455,1.275000,0.650382,-0.213289,0.987259,0.476472,0.209821,0.976232,0.725126
181,6.038277,10,0.042690,-0.241526,1.213000,0.006677,0.697509,0.662705,-0.188288,0.795383,0.411003,0.239485,0.728904,0.787084,-0.184519,1.267144,0.624489,0.174660,1.275567,0.651268,-0.213591,0.987342,0.478356,0.210102,0.976686,0.725524
182,6.071647,10,0.042995,-0.241063,1.213000,0.007002,0.697958,0.662686,-0.187512,0.795089,0.414099,0.239824,0.729228,0.787070,-0.184328,1.267604,0.625311,0.174854,1.276069,0.652041,-0.213903,0.987363,0.480122,0.210376,0.977091,0.725866
183,6.105017,10,0.043197,-0.240832,1.213000,0.007214,0.698181,0.662677,-0.187180,0.794727,0.416505,0.240051,0.729365,0.787056,-0.184265,1.267821,0.625993,0.174920,1.276345,0.652670,-0.214277,0.987227,0.481579,0.210529,0.977291,0.726144
184,6.138387,10,0.043249,-0.240966,1.213000,0.007260,0.698045,0.662685,-0.187324,0.794234,0.418015,0.240107,0.729187,0.787055,-0.184397,1.267660,0.626547,0.174789,1.276269,0.653174,-0.214717,0.986851,0.482617,0.210501,0.977159,0.726372
185,6.171745,10,0.043124,-0.241483,1.213000,0.007113,0.697534,0.662710,-0.187871,0.793620,0.418617,0.239967,0.728671,0.787070,-0.184758,1.267105,0.627017,0.174429,1.275826,0.653599,-0.215215,0.986245,0.483215,0.210261,0.976676,0.726573
186,6.205099,10,0.042812,-0.242291,1.213000,0.006766,0.696741,0.662749,-0.188694,0.792954,0.418481,0.239620,0.727895,0.787102,-0.185353,1.266253,0.627455,0.173833,1.275111,0.654002,-0.215766,0.985492,0.483451,0.209801,0.975927,0.726773
187,6.238454,10,0.042406,-0.243346,1.213000,0.006315,0.695706,0.662798,-0.189582,0.792198,0.417916,0.239165,0.726887,0.787153,-0.186078,1.265151,0.627905,0.173106,1.274161,0.654426,-0.216294,0.984589,0.483471,0.209223,0.974946,0.726993
188,6.271808,10,0.042003,-0.244373,1.213000,0.005867,0.694699,0.662847,-0.190359,0.791496,0.417297,0.238710,0.725909,0.787208,-0.186810,1.264071,0.628358,0.172372,1.273242,0.654864,-0.216752,0.983726,0.483449,0.208641,0.973995,0.727221
189,6.305162,10,0.041652,-0.245286,1.213000,0.005477,0.693802,0.662890,-0.190953,0.790780,0.417005,0.238308,0.725044,0.787263,-0.187479,1.263104,0.628785,0.171699,1.272432,0.655284,-0.217167,0.982895,0.483558,0.208117,0.973154,0.727442
190,6.338516,10,0.041376,-0.245943,1.213000,0.005173,0.693159,0.662920,-0.191355,0.790064,0.417331,0.237992,0.724434,0.787309,-0.188035,1.262394,0.629136,0.171139,1.271866,0.655636,-0.217589,0.982162,0.483928,0.207690,0.972564,0.727627
191,6.371869,10,0.041138,-0.246272,1.213000,0.004921,0.692841,0.662934,-0.191624,0.789361,0.418427,0.237728,0.724145,0.787339,-0.188482,1.262024,0.629379,0.170689,1.271608,0.655888,-0.218095,0.981564,0.484623,0.207341,0.972290,0.727757
192,6.405223,10,0.040969,-0.246336,1.213000,0.004749,0.692784,0.662934,-0.191738,0.788638,0.420283,0.237545,0.724093,0.787358,-0.188752,1.261943,0.629537,0.170415,1.271583,0.656064,-0.218645,0.981065,0.485652,0.207118,0.972250,0.727848
193,6.438577,10,0.040834,-0.246218,1.213000,0.004620,0.692908,0.662926,-0.191706,0.787936,0.422754,0.237409,0.724163,0.787375,-0.188841,1.262089,0.629690,0.170325,1.271697,0.656245,-0.219205,0.980666,0.486974,0.207002,0.972340,0.727939
194,6.471931,10,0.040617,-0.245959,1.213000,0.004414,0.693175,0.662908,-0.191592,0.787383,0.425602,0.237204,0.724278,0.787396,-0.188831,1.262447,0.629952,0.170336,1.271906,0.656546,-0.219785,0.980443,0.488513,0.206895,0.972498,0.728087
195,6.505285,10,0.040359,-0.245580,1.213000,0.004172,0.693565,0.662883,-0.191300,0.787115,0.428561,0.236970,0.724385,0.787426,-0.188667,1.263004,0.630449,0.170504,1.272184,0.657091,-0.220228,0.980482,0.490184,0.206843,0.972682,0.728350
196,6.538639,10,0.040029,-0.245140,1.213000,0.003863,0.694017,0.662853,-0.190839,0.787184,0.431376,0.236677,0.724412,0.787469,-0.188397,1.263700,0.631262,0.170780,1.272476,0.657958,-0.220473,0.980794,0.491891,0.206808,0.972829,0.728767
197,6.571992,10,0.039715,-0.244570,1.213000,0.003573,0.694599,0.662817,-0.190166,0.787699,0.433804,0.236411,0.724452,0.787520,-0.187993,1.264579,0.632396,0.171191,1.272865,0.659148,-0.220395,0.981464,0.493525,0.206849,0.973027,0.729334
198,6.605346,10,0.039457,-0.243885,1.213000,0.003346,0.695294,0.662775,-0.189366,0.788616,0.435650,0.236209,0.724547,0.787574,-0.187520,1.265582,0.633772,0.171672,1.273360,0.660576,-0.219995,0.982439,0.494976,0.206957,0.973304,0.730010
199,6.638700,10,0.039329,-0.243043,1.213000,0.003254,0.696140,0.662727,-0.188557,0.789889,0.436776,0.236138,0.724827,0.787618,-0.187043,1.266693,0.635242,0.172155,1.274042,0.662089,-0.219328,0.983677,0.496143,0.207137,0.973766,0.730720
200,6.672054,10,0.039314,-0.242121,1.213000,0.003279,0.697059,0.662677,-0.187976,0.791328,0.437139,0.236174,0.725310,0.787647,-0.186728,1.267777,0.636643,0.172473,1.274876,0.663518,-0.218595,0.984998,0.496967,0.207301,0.974408,0.731384
201,6.705407,10,0.039407,-0.241161,1.213000,0.003414,0.698013,0.662627,-0.187824,0.792785,0.436796,0.236303,0.726035,0.787659,-0.186706,1.268750,0.637849,0.172494,1.275861,0.664739,-0.218006,0.986267,0.497448,0.207381,0.975251,0.731944
202,6.738761,10,0.039604,-0.240280,1.213000,0.003648,0.698883,0.662583,-0.188215,0.794056,0.435925,0.236513,0.726917,0.787657,-0.187043,1.269472,0.638819,0.172149,1.276895,0.665712,-0.217729,0.987298,0.497662,0.207340,0.976202,0.732384
203,6.772115,10,0.039802,-0.239490,1.213000,0.003881,0.699663,0.662544,-0.189236,0.795098,0.434780,0.236702,0.727930,0.787647,-0.187820,1.269948,0.639603,0.171361,1.277966,0.666489,-0.217942,0.988066,0.497743,0.207085,0.977241,0.732731
204,6.805468,10,0.039951,-0.238895,1.213000,0.004055,0.700250,0.662514,-0.190795,0.795812,0.433652,0.236817,0.728900,0.787641,-0.188980,1.270114,0.640322,0.170182,1.278939,0.667199,-0.218667,0.988494,0.497850,0.206614,0.978212,0.733050
205,6.838822,10,0.040025,-0.238498,1.213000,0.004147,0.700644,0.662494,-0.192668,0.796235,0.432788,0.236840,0.729729,0.787648,-0.190383,1.270030,0.641105,0.168757,1.279758,0.667975,-0.219800,0.988644,0.498116,0.205980,0.979037,0.733404
206,6.872175,10,0.040013,-0.238299,1.213000,0.004143,0.700843,0.662483,-0.194581,0.796424,0.432336,0.236768,0.730322,0.787673,-0.191848,1.269762,0.642028,0.167267,1.280368,0.668896,-0.221161,0.988589,0.498600,0.205266,0.979637,0.733836
207,6.905529,10,0.040006,-0.238149,1.213000,0.004143,0.700992,0.662475,-0.196164,0.796564,0.432331,0.236707,0.730754,0.787711,-0.193104,1.269514,0.643075,0.165988,1.280863,0.669950,-0.222450,0.988535,0.499274,0.204652,0.980098,0.734335
208,6.938882,10,0.040003,-0.237975,1.213000,0.004148,0.701166,0.662466,-0.197230,0.796749,0.432725,0.236662,0.731071,0.787758,-0.194035,1.269399,0.644155,0.165037,1.281288,0.671052,-0.223503,0.988585,0.500057,0.204197,0.980464,0.734859
209,6.972235,10,0.040102,-0.237737,1.213000,0.004256,0.701399,0.662455,-0.197602,0.797003,0.433436,0.236737,0.731313,0.787808,-0.194501,1.269463,0.645162,0.164559,1.281666,0.672092,-0.224134,0.988772,0.500859,0.204021,0.980767,0.735358
210,7.005589,10,0.040251,-0.237419,1.213000,0.004419,0.701711,0.662440,-0.197364,0.797339,0.434373,0.236878,0.731525,0.787857,-0.194584,1.269715,0.646042,0.164468,1.282032,0.673016,-0.224383,0.989099,0.501627,0.204057,0.981049,0.735804
211,7.038942,10,0.040475,-0.237059,1.213000,0.004659,0.702059,0.662425,-0.196616,0.797718,0.435468,0.237106,0.731694,0.787907,-0.194356,1.270082,0.646847,0.164694,1.282368,0.673872,-0.224274,0.989506,0.502379,0.204284,0.981294,0.736219
212,7.072295,10,0.040738,-0.236680,1.213000,0.004938,0.702427,0.662409,-0.195579,0.798155,0.436644,0.237377,0.731822,0.787961,-0.193980,1.270508,0.647719,0.165068,1.282690,0.674799,-0.223935,0.989974,0.503177,0.204602,0.981510,0.736669
213,7.105649,10,0.040969,-0.236290,1.213000,0.005185,0.702806,0.662392,-0.194533,0.798695,0.437810,0.237619,0.731915,0.788022,-0.193654,1.270942,0.648838,0.165394,1.283020,0.675971,-0.223529,0.990504,0.504095,0.204882,0.981711,0.737234
214,7.139002,10,0.041184,-0.235995,1.213000,0.005414,0.703091,0.662380,-0.193666,0.799278,0.438868,0.237840,0.731878,0.788097,-0.193466,1.271248,0.650347,0.165581,1.283278,0.677526,-0.223132,0.991003,0.505185,0.205088,0.981807,0.737979
215,7.172355,10,0.041342,-0.235748,1.213000,0.005582,0.703331,0.662369,-0.193165,0.799969,0.439716,0.238000,0.731777,0.788180,-0.193508,1.271452,0.652269,0.165535,1.283523,0.679485,-0.222846,0.991522,0.506436,0.205154,0.981863,0.738913
216,7.205713,10,0.041471,-0.235524,1.213000,0.005720,0.703549,0.662359,-0.193059,0.800766,0.440301,0.238127,0.731655,0.788267,-0.193749,1.271572,0.654506,0.165287,1.283775,0.681747,-0.222667,0.992063,0.507784,0.205111,0.981911,0.739985
217,7.239071,10,0.041586,-0.235312,1.213000,0.005844,0.703755,0.662350,-0.193289,0.801618,0.440635,0.238238,0.731545,0.788351,-0.194123,1.271631,0.656862,0.164904,1.284036,0.684119,-0.222572,0.992601,0.509139,0.204999,0.981969,0.741107
218,7.272425,10,0.041693,-0.235106,1.213000,0.005960,0.703956,0.662341,-0.193723,0.802449,0.440793,0.238342,0.731466,0.788426,-0.194537,1.271662,0.659110,0.164482,1.284295,0.686378,-0.222515,0.993104,0.510410,0.204864,0.982043,0.742172
219,7.305780,10,0.041796,-0.234853,1.213000,0.006074,0.704204,0.662329,-0.194200,0.803242,0.440876,0.238445,0.731472,0.788487,-0.194890,1.271753,0.661065,0.164121,1.284587,0.688344,-0.222438,0.993597,0.511534,0.204757,0.982178,0.743096
220,7.339134,10,0.041898,-0.234577,1.213000,0.006188,0.704476,0.662316,-0.194591,0.803941,0.440979,0.238551,0.731525,0.788535,-0.195104,1.271910,0.662651,0.163901,1.284875,0.689944,-0.222288,0.994053,0.512498,0.204715,0.982338,0.743848
221,7.372488,10,0.041999,-0.234288,1.213000,0.006301,0.704759,0.662302,-0.194847,0.804552,0.441142,0.238661,0.731589,0.788574,-0.195147,1.272135,0.663918,0.163855,1.285138,0.691229,-0.222040,0.994483,0.513335,0.204754,0.982492,0.744451
222,7.405843,10,0.042050,-0.234044,1.213000,0.006363,0.705001,0.662290,-0.195059,0.805087,0.441347,0.238724,0.731585,0.788611,-0.195089,1.272371,0.665015,0.163914,1.285323,0.692345,-0.221750,0.994872,0.514109,0.204815,0.982574,0.744977
223,7.439197,10,0.042025,-0.233822,1.213000,0.006347,0.705223,0.662277,-0.195343,0.805641,0.441541,0.238715,0.731523,0.788648,-0.195012,1.272620,0.666117,0.163993,1.285460,0.693468,-0.221478,0.995278,0.514888,0.204846,0.982602,0.745506
224,7.472551,10,0.041962,-0.233661,1.213000,0.006292,0.705386,0.662268,-0.195748,0.806217,0.441694,0.238667,0.731362,0.788690,-0.194956,1.272813,0.667362,0.164052,1.285522,0.694733,-0.221241,0.995674,0.515730,0.204847,0.982542,0.746103
225,7.505905,10,0.041881,-0.233581,1.213000,0.006214,0.705470,0.662262,-0.196279,0.806774,0.441856,0.238597,0.731101,0.788741,-0.194969,1.272905,0.668791,0.164041,1.285505,0.696181,-0.221080,0.996015,0.516675,0.204804,0.982391,0.746787
226,7.539259,10,0.041791,-0.233540,1.213000,0.006126,0.705514,0.662258,-0.196863,0.807269,0.442147,0.238513,0.730809,0.788797,-0.195074,1.272923,0.670336,0.163937,1.285459,0.697746,-0.221031,0.996288,0.517732,0.204710,0.982211,0.747527
227,7.572613,10,0.041745,-0.233570,1.213000,0.006079,0.705486,0.662259,-0.197327,0.807555,0.442740,0.238466,0.730476,0.788858,-0.195209,1.272840,0.671868,0.163802,1.285358,0.699302,-0.221064,0.996399,0.518894,0.204623,0.981984,0.748266
228,7.605967,10,0.041773,-0.233685,1.213000,0.006101,0.705370,0.662265,-0.197503,0.807524,0.443775,0.238483,0.730098,0.788925,-0.195296,1.272661,0.673250,0.163712,1.285181,0.700714,-0.221146,0.996296,0.520137,0.204592,0.981697,0.748942
229,7.639321,10,0.041836,-0.233843,1.213000,0.006158,0.705211,0.662275,-0.197337,0.807196,0.445288,0.238532,0.729708,0.788994,-0.195295,1.272458,0.674386,0.163711,1.284959,0.701890,-0.221268,0.996025,0.521418,0.204619,0.981382,0.749513
230,7.672675,10,0.041918,-0.234021,1.213000,0.006232,0.705029,0.662286,-0.196847,0.806656,0.447180,0.238599,0.729298,0.789062,-0.195146,1.272284,0.675260,0.163859,1.284693,0.702813,-0.221384,0.995657,0.522688,0.204722,0.981038,0.749969
231,7.706029,10,0.042009,-0.234211,1.213000,0.006315,0.704836,0.662298,-0.196136,0.806040,0.449235,0.238679,0.728850,0.789128,-0.194811,1.272165,0.675929,0.164196,1.284381,0.703536,-0.221428,0.995277,0.523897,0.204918,0.980652,0.750333
232,7.739383,10,0.042005,-0.234305,1.213000,0.006306,0.704742,0.662303,-0.195471,0.805593,0.451172,0.238673,0.728450,0.789186,-0.194389,1.272210,0.676482,0.164625,1.284125,0.704145,-0.221449,0.995067,0.524995,0.205109,0.980317,0.750640
233,7.772737,10,0.041952,-0.234303,1.213000,0.006254,0.704747,0.662302,-0.194985,0.805411,0.452750,0.238630,0.728102,0.789234,-0.193888,1.272396,0.677021,0.165134,1.283933,0.704735,-0.221384,0.995067,0.525954,0.205317,0.980039,0.750934
234,7.806091,10,0.041876,-0.234151,1.213000,0.006185,0.704901,0.662293,-0.194773,0.805572,0.453834,0.238573,0.727883,0.789269,-0.193386,1.272736,0.677616,0.165645,1.283880,0.705372,-0.221239,0.995323,0.526767,0.205518,0.979896,0.751241
235,7.839445,10,0.041838,-0.233826,1.213000,0.006161,0.705227,0.662274,-0.194803,0.806059,0.454440,0.238563,0.727861,0.789288,-0.192943,1.273207,0.678295,0.166096,1.284021,0.706080,-0.221022,0.995814,0.527452,0.205716,0.979947,0.751573
236,7.872799,10,0.041869,-0.233413,1.213000,0.006210,0.705638,0.662253,-0.194980,0.806691,0.454734,0.238621,0.727995,0.789298,-0.192648,1.273681,0.679057,0.166396,1.284301,0.706857,-0.220804,0.996378,0.528064,0.205884,0.980148,0.751930
237,7.906153,10,0.042085,-0.233056,1.213000,0.006440,0.705984,0.662237,-0.195087,0.807207,0.454972,0.238854,0.728176,0.789307,-0.192472,1.273982,0.679891,0.166571,1.284596,0.707693,-0.220577,0.996791,0.528683,0.206091,0.980381,0.752314
238,7.939506,10,0.042492,-0.232828,1.213000,0.006858,0.706195,0.662232,-0.195017,0.807436,0.455410,0.239265,0.728347,0.789321,-0.192446,1.274027,0.680792,0.166592,1.284845,0.708588,-0.220418,0.996923,0.529399,0.206325,0.980587,0.752728
239,7.972860,10,0.043096,-0.232764,1.213000,0.007464,0.706233,0.662239,-0.194725,0.807290,0.456224,0.239854,0.728462,0.789347,-0.192553,1.273782,0.681779,0.166474,1.285004,0.709563,-0.220372,0.996713,0.530292,0.206593,0.980722,0.753184
240,8.006214,10,0.043798,-0.232932,1.213000,0.008157,0.706035,0.662261,-0.194340,0.806723,0.457455,0.240521,0.728427,0.789389,-0.192841,1.273198,0.682894,0.166168,1.284991,0.710667,-0.220536,0.996114,0.531413,0.206819,0.980697,0.753707
241,8.039568,10,0.044549,-0.233266,1.213000,0.008893,0.705670,0.662292,-0.193982,0.805871,0.458994,0.241222,0.728271,0.789446,-0.193282,1.272368,0.684165,0.165705,1.284847,0.711928,-0.220893,0.995242,0.532748,0.206993,0.980547,0.754310
242,8.072921,10,0.045175,-0.233733,1.213000,0.009498,0.705178,0.662329,-0.193903,0.804868,0.460630,0.241788,0.727996,0.789514,-0.193949,1.271365,0.685582,0.165011,1.284585,0.713342,-0.221506,0.994200,0.534225,0.206988,0.980277,0.754988
243,8.106275,10,0.045637,-0.234167,1.213000,0.009941,0.704726,0.662360,-0.194158,0.803957,0.462144,0.242191,0.727739,0.789583,-0.194767,1.270397,0.687073,0.164165,1.284347,0.714834,-0.222268,0.993219,0.535728,0.206825,0.980029,0.755702
244,8.139629,10,0.045869,-0.234533,1.213000,0.010156,0.704350,0.662384,-0.194758,0.803207,0.463403,0.242370,0.727518,0.789646,-0.195696,1.269542,0.688516,0.163210,1.284151,0.716285,-0.223110,0.992373,0.537140,0.206490,0.979819,0.756394
245,8.172982,10,0.045884,-0.234767,1.213000,0.010162,0.704117,0.662397,-0.195536,0.802671,0.464404,0.242345,0.727388,0.789696,-0.196618,1.268911,0.689776,0.162265,1.284050,0.717555,-0.223908,0.991742,0.538376,0.206048,0.979702,0.756997
246,8.206336,10,0.045692,-0.234883,1.213000,0.009965,0.704008,0.662400,-0.196285,0.802288,0.465272,0.242127,0.727325,0.789729,-0.197449,1.268522,0.690746,0.161418,1.284017,0.718537,-0.224592,0.991305,0.539410,0.205544,0.979653,0.757460
247,8.239689,10,0.045346,-0.234842,1.213000,0.009621,0.704065,0.662391,-0.196761,0.802050,0.466183,0.241773,0.727360,0.789743,-0.198093,1.268435,0.691383,0.160766,1.284090,0.719186,-0.225092,0.991085,0.540265,0.205055,0.979705,0.757762
248,8.273047,10,0.045023,-0.234721,1.213000,0.009303,0.704199,0.662379,-0.196684,0.801842,0.467292,0.241456,0.727403,0.789746,-0.198386,1.268560,0.691727,0.160474,1.284182,0.719540,-0.225270,0.990983,0.541006,0.204750,0.979770,0.757924
249,8.306402,10,0.044812,-0.234510,1.213000,0.009101,0.704418,0.662364,-0.196008,0.801678,0.468642,0.241264,0.727470,0.789740,-0.198305,1.268875,0.691870,0.160562,1.284308,0.719692,-0.225117,0.990998,0.541688,0.204685,0.979864,0.757990
250,8.339756,10,0.044756,-0.234205,1.213000,0.009059,0.704725,0.662347,-0.194867,0.801593,0.470160,0.241237,0.727586,0.789728,-0.197927,1.269332,0.691928,0.160951,1.284494,0.719756,-0.224705,0.991127,0.542349,0.204847,0.980012,0.758012
251,8.373110,10,0.044878,-0.233903,1.213000,0.009194,0.705021,0.662332,-0.193511,0.801511,0.471715,0.241389,0.727695,0.789718,-0.197390,1.269771,0.692013,0.161499,1.284672,0.719843,-0.224159,0.991254,0.543014,0.205178,0.980152,0.758046
252,8.406465,10,0.045239,-0.233601,1.213000,0.009568,0.705307,0.662323,-0.192154,0.801431,0.473185,0.241775,0.727845,0.789710,-0.196788,1.270129,0.692194,0.162107,1.284878,0.720020,-0.223561,0.991341,0.543703,0.205664,0.980327,0.758122
253,8.439819,10,0.045669,-0.233351,1.213000,0.010009,0.705538,0.662317,-0.191160,0.801278,0.474518,0.242220,0.728037,0.789702,-0.196411,1.270321,0.692496,0.162484,1.285097,0.720309,-0.223196,0.991303,0.544440,0.206079,0.980531,0.758249
254,8.473174,10,0.046135,-0.233175,1.213000,0.010481,0.705693,0.662315,-0.190627,0.800988,0.475743,0.242688,0.728267,0.789697,-0.196337,1.270308,0.692909,0.162551,1.285319,0.720701,-0.223149,0.991082,0.545252,0.206365,0.980758,0.758424
255,8.506528,10,0.046467,-0.233088,1.213000,0.010817,0.705767,0.662317,-0.190661,0.800535,0.476918,0.243011,0.728519,0.789690,-0.196687,1.270103,0.693399,0.162185,1.285529,0.721163,-0.223551,0.990667,0.546148,0.206375,0.980991,0.758630
256,8.539882,10,0.046584,-0.233144,1.213000,0.010931,0.705706,0.662322,-0.191202,0.799883,0.478091,0.243105,0.728698,0.789687,-0.197426,1.269698,0.693929,0.161425,1.285645,0.721663,-0.224377,0.990041,0.547115,0.206083,0.981142,0.758854
257,8.573237,10,0.046392,-0.233322,1.213000,0.010732,0.705536,0.662328,-0.192174,0.799110,0.479256,0.242886,0.728771,0.789686,-0.198486,1.269181,0.694461,0.160344,1.285653,0.722168,-0.225561,0.989293,0.548110,0.205473,0.981185,0.759082
258,8.606591,10,0.045946,-0.233611,1.213000,0.010274,0.705267,0.662336,-0.193366,0.798296,0.480371,0.242410,0.728687,0.789692,-0.199658,1.268617,0.694975,0.159154,1.285521,0.722662,-0.226891,0.988509,0.549076,0.204673,0.981079,0.759310
259,8.639945,10,0.045273,-0.233906,1.213000,0.009589,0.705002,0.662339,-0.194630,0.797608,0.481368,0.241714,0.728511,0.789701,-0.200813,1.268148,0.695463,0.157986,1.285331,0.723140,-0.228213,0.987853,0.549954,0.203763,0.980896,0.759531
260,8.673299,10,0.044536,-0.234203,1.213000,0.008840,0.704736,0.662342,-0.195743,0.797072,0.482201,0.240960,0.728230,0.789715,-0.201779,1.267773,0.695940,0.157014,1.285072,0.723619,-0.229316,0.987345,0.550714,0.202911,0.980626,0.759756
261,8.706654,10,0.043868,-0.234351,1.213000,0.008166,0.704617,0.662339,-0.196565,0.796825,0.482843,0.240287,0.728019,0.789726,-0.202498,1.267607,0.696424,0.156294,1.284911,0.724111,-0.230096,0.987111,0.551340,0.202216,0.980438,0.759985
262,8.740008,10,0.043434,-0.234376,1.213000,0.007731,0.704611,0.662332,-0.197001,0.796789,0.483306,0.239854,0.727903,0.789737,-0.202946,1.267565,0.696938,0.155846,1.284853,0.724634,-0.230494,0.987064,0.551855,0.201776,0.980347,0.760229
263,8.773362,10,0.043317,-0.234188,1.213000,0.007622,0.704803,0.662320,-0.197092,0.796980,0.483612,0.239743,0.728028,0.789740,-0.203193,1.267671,0.697483,0.155596,1.285020,0.725185,-0.230571,0.987212,0.552286,0.201602,0.980492,0.760480
264,8.806716,10,0.043509,-0.233894,1.213000,0.007826,0.705088,0.662308,-0.197014,0.797228,0.483795,0.239939,0.728341,0.789739,-0.203367,1.267777,0.698053,0.155411,1.285341,0.725752,-0.230485,0.987386,0.552676,0.201626,0.980808,0.760736
265,8.840070,10,0.043904,-0.233497,1.213000,0.008239,0.705467,0.662293,-0.197019,0.797487,0.483880,0.240334,0.728867,0.789729,-0.203617,1.267870,0.698618,0.155143,1.285831,0.726306,-0.230440,0.987548,0.553054,0.201720,0.981318,0.760982
266,8.873424,10,0.044452,-0.233149,1.213000,0.008801,0.705792,0.662284,-0.197252,0.797590,0.483902,0.240871,0.729450,0.789719,-0.203965,1.267816,0.699152,0.154768,1.286333,0.726822,-0.230522,0.987540,0.553450,0.201844,0.981864,0.761210
267,8.906778,10,0.044976,-0.232824,1.213000,0.009339,0.706093,0.662276,-0.197881,0.797570,0.483900,0.241377,0.730088,0.789706,-0.204490,1.267682,0.699625,0.154210,1.286858,0.727272,-0.230863,0.987413,0.553875,0.201867,0.982451,0.761407
268,8.940132,10,0.045438,-0.232662,1.213000,0.009807,0.706235,0.662275,-0.198840,0.797302,0.483951,0.241810,0.730601,0.789698,-0.205125,1.267376,0.700024,0.153540,1.287241,0.727649,-0.231415,0.987058,0.554353,0.201800,0.982905,0.761573
269,8.973486,10,0.045769,-0.232631,1.213000,0.010139,0.706252,0.662280,-0.200025,0.796838,0.484126,0.242106,0.730987,0.789696,-0.205847,1.266966,0.700347,0.152782,1.287492,0.727953,-0.232138,0.986537,0.554891,0.201619,0.983230,0.761711
270,9.006840,10,0.045935,-0.232666,1.213000,0.010303,0.706211,0.662284,-0.201273,0.796259,0.484479,0.242236,0.731288,0.789697,-0.206643,1.266536,0.700611,0.151951,1.287666,0.728203,-0.232969,0.985937,0.555489,0.201313,0.983474,0.761824
271,9.040194,10,0.046067,-0.232683,1.213000,0.010435,0.706188,0.662288,-0.202288,0.795662,0.485030,0.242334,0.731575,0.789699,-0.207381,1.266160,0.700851,0.151182,1.287836,0.728434,-0.233708,0.985348,0.556142,0.201018,0.983707,0.761930
272,9.073548,10,0.046134,-0.232641,1.213000,0.010503,0.706226,0.662287,-0.203002,0.795109,0.485762,0.242371,0.731893,0.789700,-0.208123,1.265865,0.701108,0.150409,1.288049,0.728686,-0.234359,0.984820,0.556835,0.200688,0.983978,0.762045
273,9.106902,10,0.046267,-0.232471,1.213000,0.010644,0.706391,0.662280,-0.203256,0.794687,0.486632,0.242481,0.732312,0.789697,-0.208764,1.265701,0.701418,0.149738,1.288372,0.728993,-0.234781,0.984427,0.557554,0.200444,0.984353,0.762182
274,9.140256,10,0.046483,-0.232185,1.213000,0.010872,0.706666,0.662268,-0.203077,0.794405,0.487593,0.242680,0.732812,0.789693,-0.209286,1.265654,0.701799,0.149186,1.288788,0.729373,-0.234967,0.984169,0.558286,0.200303,0.984816,0.762352
275,9.173610,10,0.046792,-0.231793,1.213000,0.011197,0.707045,0.662252,-0.202556,0.794287,0.488577,0.242979,0.733370,0.789688,-0.209640,1.265732,0.702244,0.148805,1.289281,0.729821,-0.234918,0.984067,0.559014,0.200293,0.985344,0.762553
276,9.206963,10,0.047146,-0.231296,1.213000,0.011573,0.707525,0.662232,-0.201866,0.794368,0.489506,0.243333,0.733959,0.789683,-0.209797,1.265965,0.702727,0.148627,1.289832,0.730313,-0.234677,0.984157,0.559710,0.200406,0.985915,0.762773
277,9.240317,10,0.047423,-0.230848,1.213000,0.011869,0.707960,0.662213,-0.201260,0.794535,0.490306,0.243618,0.734403,0.789683,-0.209800,1.266244,0.703219,0.148610,1.290279,0.730820,-0.234364,0.984332,0.560351,0.200554,0.986361,0.763003
278,9.273671,10,0.047611,-0.230474,1.213000,0.012074,0.708325,0.662196,-0.200825,0.794788,0.490930,0.243821,0.734656,0.789692,-0.209599,1.266572,0.703696,0.148812,1.290583,0.731321,-0.233976,0.984597,0.560920,0.200757,0.986637,0.763235
279,9.307028,10,0.047656,-0.230237,1.213000,0.012128,0.708560,0.662184,-0.200632,0.795069,0.491395,0.243886,0.734646,0.789711,-0.209225,1.266897,0.704166,0.149199,1.290678,0.731825,-0.233567,0.984897,0.561435,0.200968,0.986675,0.763474
280,9.340382,10,0.047528,-0.230119,1.213000,0.012005,0.708684,0.662175,-0.200639,0.795375,0.491791,0.243786,0.734392,0.789738,-0.208729,1.267227,0.704670,0.149719,1.290584,0.732369,-0.233168,0.985230,0.561948,0.201149,0.986493,0.763735
281,9.373736,10,0.047214,-0.230159,1.213000,0.011690,0.708656,0.662172,-0.200750,0.795628,0.492262,0.243503,0.733869,0.789775,-0.208195,1.267487,0.705282,0.150286,1.290267,0.733025,-0.232819,0.985515,0.562542,0.201251,0.986063,0.764053
282,9.407090,10,0.046857,-0.230330,1.213000,0.011326,0.708502,0.662175,-0.200713,0.795799,0.492945,0.243179,0.733126,0.789821,-0.207583,1.267654,0.706076,0.150938,1.289767,0.733862,-0.232420,0.985721,0.563297,0.201369,0.985430,0.764457
283,9.440444,10,0.046528,-0.230615,1.213000,0.010986,0.708231,0.662184,-0.200400,0.795850,0.493916,0.242882,0.732218,0.789872,-0.206936,1.267689,0.707089,0.151623,1.289120,0.734911,-0.231960,0.985804,0.564248,0.201518,0.984641,0.764960
284,9.473798,10,0.046314,-0.230957,1.213000,0.010757,0.707898,0.662199,-0.199746,0.795792,0.495153,0.242698,0.731249,0.789924,-0.206275,1.267606,0.708289,0.152318,1.288410,0.736137,-0.231413,0.985771,0.565369,0.201732,0.983789,0.765544
285,9.507152,10,0.046257,-0.231279,1.213000,0.010686,0.707580,0.662215,-0.198791,0.795675,0.496554,0.242669,0.730349,0.789969,-0.205625,1.267461,0.709578,0.152998,1.287743,0.737437,-0.230786,0.985671,0.566574,0.202024,0.982995,0.766158
286,9.540506,10,0.046379,-0.231539,1.213000,0.010796,0.707315,0.662231,-0.197637,0.795524,0.497980,0.242815,0.729588,0.790006,-0.204974,1.267300,0.710819,0.153672,1.287179,0.738677,-0.230077,0.985535,0.567755,0.202410,0.982323,0.766741
287,9.573859,10,0.046639,-0.231620,1.213000,0.011053,0.707224,0.662240,-0.196437,0.795470,0.499299,0.243104,0.729093,0.790028,-0.204302,1.267276,0.711882,0.154362,1.286842,0.739734,-0.229302,0.985501,0.568819,0.202880,0.981900,0.767232
288,9.607213,10,0.046870,-0.231410,1.213000,0.011292,0.707423,0.662233,-0.195449,0.795656,0.500426,0.243369,0.728949,0.790032,-0.203668,1.267554,0.712688,0.155011,1.286831,0.740538,-0.228580,0.985726,0.569715,0.203319,0.981816,0.767598
289,9.640567,10,0.046885,-0.230905,1.213000,0.011329,0.707926,0.662206,-0.194908,0.796143,0.501331,0.243427,0.729113,0.790023,-0.203131,1.268196,0.713245,0.155566,1.287124,0.741108,-0.228029,0.986275,0.570452,0.203603,0.982039,0.767852
290,9.673921,10,0.046592,-0.230053,1.213000,0.011074,0.708789,0.662155,-0.194916,0.797050,0.502010,0.243191,0.729572,0.790004,-0.202666,1.269293,0.713635,0.156053,1.287736,0.741537,-0.227676,0.987264,0.571076,0.203694,0.982567,0.768036
291,9.707274,10,0.045996,-0.228826,1.213000,0.010532,0.710038,0.662078,-0.195445,0.798470,0.502468,0.242666,0.730297,0.789980,-0.202210,1.270881,0.713997,0.156537,1.288657,0.741969,-0.227471,0.988770,0.571643,0.203627,0.983381,0.768218
292,9.740628,10,0.045098,-0.227413,1.213000,0.009696,0.711486,0.661986,-0.196463,0.800277,0.502703,0.241845,0.731075,0.789964,-0.201785,1.272752,0.714482,0.156995,1.289682,0.742557,-0.227410,0.990637,0.572203,0.203386,0.984271,0.768476
293,9.773982,10,0.044099,-0.225907,1.213000,0.008763,0.713031,0.661887,-0.197733,0.802389,0.502700,0.240925,0.731824,0.789962,-0.201292,1.274755,0.715206,0.157522,1.290721,0.743409,-0.227328,0.992752,0.572780,0.203122,0.985151,0.768861
294,9.807335,10,0.043250,-0.224503,1.213000,0.007976,0.714467,0.661796,-0.198972,0.804567,0.502485,0.240145,0.732396,0.789981,-0.200652,1.276617,0.716223,0.158194,1.291601,0.744569,-0.227055,0.994853,0.573390,0.203000,0.985863,0.769397
295,9.840689,10,0.042725,-0.223302,1.213000,0.007504,0.715688,0.661722,-0.199972,0.806614,0.502140,0.239676,0.732772,0.790018,-0.199879,1.278165,0.717510,0.158991,1.292273,0.745996,-0.226526,0.996742,0.574052,0.203104,0.986373,0.770065
296,9.874042,10,0.042662,-0.222401,1.213000,0.007480,0.716590,0.661672,-0.200559,0.808290,0.501818,0.239649,0.732939,0.790070,-0.199006,1.279243,0.718983,0.159879,1.292691,0.747593,-0.225724,0.998200,0.574795,0.203492,0.986654,0.770816
297,9.907396,10,0.043031,-0.221800,1.213000,0.007875,0.717173,0.661646,-0.200728,0.809452,0.501696,0.240037,0.732971,0.790126,-0.198169,1.279827,0.720524,0.160722,1.292905,0.749228,-0.224787,0.999128,0.575650,0.204086,0.986768,0.771588
298,9.940750,10,0.043816,-0.221450,1.213000,0.008674,0.717489,0.661641,-0.200473,0.810045,0.501917,0.240826,0.732956,0.790177,-0.197407,1.279971,0.722016,0.161482,1.292993,0.750777,-0.223802,0.999514,0.576632,0.204862,0.986800,0.772319
299,9.974103,10,0.044758,-0.221225,1.213000,0.009625,0.717674,0.661646,-0.200058,0.810175,0.502515,0.241768,0.733028,0.790212,-0.196922,1.279838,0.723362,0.161956,1.293091,0.752145,-0.223047,0.999494,0.577713,0.205592,0.986884,0.772958
300,10.007460,10,0.045779,-0.221113,1.213000,0.010650,0.717742,0.661658,-0.199594,0.809906,0.503415,0.242783,0.733170,0.790233,-0.196689,1.279489,0.724515,0.162174,1.293193,0.753290,-0.222571,0.999139,0.578835,0.206246,0.987008,0.773488
301,10.040810,10,0.046639,-0.221006,1.213000,0.011514,0.717812,0.661667,-0.199344,0.809470,0.504428,0.243638,0.733445,0.790234,-0.196810,1.279089,0.725450,0.162031,1.293384,0.754197,-0.222524,0.998660,0.579892,0.206649,0.987245,0.773900
302,10.074160,10,0.047320,-0.220953,1.213000,0.012196,0.717836,0.661677,-0.199318,0.808953,0.505345,0.244310,0.733752,0.790226,-0.197176,1.278642,0.726170,0.161642,1.293578,0.754879,-0.222799,0.998117,0.580780,0.206840,0.987500,0.774205
303,10.107520,10,0.047710,-0.220977,1.213000,0.012584,0.717796,0.661685,-0.199568,0.808450,0.505994,0.244689,0.734018,0.790214,-0.197781,1.278172,0.726683,0.161015,1.293725,0.755353,-0.223359,0.997583,0.581409,0.206762,0.987713,0.774413
304,10.140870,10,0.047905,-0.221188,1.213000,0.012770,0.717576,0.661700,-0.199915,0.807907,0.506299,0.244865,0.734091,0.790209,-0.198449,1.277595,0.727005,0.160325,1.293687,0.755638,-0.223976,0.996997,0.581740,0.206546,0.987735,0.774540
305,10.174220,10,0.047902,-0.221544,1.213000,0.012752,0.717221,0.661719,-0.200291,0.807382,0.506270,0.244839,0.733993,0.790210,-0.199133,1.276975,0.727142,0.159624,1.293492,0.755745,-0.224558,0.996415,0.581784,0.206214,0.987593,0.774589
306,10.207580,10,0.047801,-0.222122,1.213000,0.012626,0.716649,0.661748,-0.200604,0.806767,0.505978,0.244707,0.733630,0.790222,-0.199724,1.276233,0.727121,0.159022,1.293053,0.755698,-0.224985,0.995741,0.581604,0.205869,0.987195,0.774573
307,10.240930,10,0.047651,-0.222761,1.213000,0.012448,0.716018,0.661780,-0.200887,0.806181,0.505506,0.244528,0.733160,0.790234,-0.200180,1.275517,0.726972,0.158558,1.292528,0.755523,-0.225245,0.995099,0.581280,0.205561,0.986701,0.774501
308,10.274280,10,0.047475,-0.223431,1.213000,0.012243,0.715358,0.661813,-0.201260,0.805617,0.504940,0.244327,0.732614,0.790246,-0.200513,1.274837,0.726758,0.158223,1.291946,0.755280,-0.225408,0.994482,0.580914,0.205299,0.986138,0.774397
309,10.307640,10,0.047288,-0.223965,1.213000,0.012033,0.714832,0.661839,-0.201819,0.805206,0.504379,0.244124,0.732157,0.790249,-0.200752,1.274326,0.726558,0.157985,1.291469,0.755049,-0.225564,0.994019,0.580610,0.205080,0.985672,0.774294
310,10.340990,10,0.047044,-0.224383,1.213000,0.011771,0.714426,0.661857,-0.202621,0.804902,0.503961,0.243874,0.731771,0.790243,-0.200990,1.273942,0.726473,0.157750,1.291079,0.754930,-0.225850,0.993665,0.580473,0.204837,0.985284,0.774237
311,10.374350,10,0.046822,-0.224591,1.213000,0.011540,0.714228,0.661864,-0.203457,0.804753,0.503854,0.243657,0.731542,0.790229,-0.201186,1.273744,0.726583,0.157558,1.290859,0.755005,-0.226233,0.993480,0.580591,0.204631,0.985060,0.774264
312,10.407700,10,0.046561,-0.224746,1.213000,0.011273,0.714085,0.661868,-0.204177,0.804566,0.504221,0.243405,0.731321,0.790216,-0.201435,1.273568,0.726932,0.157313,1.290660,0.755322,-0.226773,0.993289,0.581018,0.204382,0.984848,0.774400
313,10.441060,10,0.046330,-0.224873,1.213000,0.011037,0.713968,0.661871,-0.204499,0.804281,0.505138,0.243184,0.731088,0.790207,-0.201681,1.273381,0.727499,0.157070,1.290457,0.755863,-0.227357,0.993049,0.581747,0.204152,0.984629,0.774640
314,10.474410,10,0.046165,-0.224986,1.213000,0.010867,0.713861,0.661874,-0.204299,0.803891,0.506542,0.243028,0.730842,0.790204,-0.201890,1.273175,0.728221,0.156862,1.290246,0.756563,-0.227886,0.992750,0.582704,0.203972,0.984399,0.774956
315,10.507770,10,0.046033,-0.225243,1.213000,0.010724,0.713611,0.661885,-0.203692,0.803293,0.508234,0.242896,0.730443,0.790214,-0.202097,1.272806,0.729029,0.156656,1.289882,0.757356,-0.228339,0.992264,0.583781,0.203807,0.984016,0.775321
316,10.541120,10,0.045866,-0.225572,1.213000,0.010543,0.713290,0.661900,-0.202965,0.802646,0.509910,0.242726,0.729974,0.790230,-0.202354,1.272357,0.729865,0.156399,1.289446,0.758182,-0.228737,0.991713,0.584841,0.203597,0.983562,0.775704
317,10.574480,10,0.045733,-0.225936,1.213000,0.010394,0.712933,0.661917,-0.202343,0.802072,0.511260,0.242585,0.729465,0.790252,-0.202582,1.271868,0.730712,0.156171,1.288971,0.759022,-0.228995,0.991182,0.585774,0.203417,0.983068,0.776097
318,10.607830,10,0.045567,-0.226268,1.213000,0.010214,0.712608,0.661932,-0.202152,0.801708,0.512052,0.242411,0.728981,0.790275,-0.202834,1.271411,0.731574,0.155919,1.288521,0.759885,-0.229186,0.990786,0.586508,0.203207,0.982600,0.776501
319,10.641180,10,0.045383,-0.226484,1.213000,0.010021,0.712401,0.661941,-0.202533,0.801666,0.512186,0.242223,0.728596,0.790297,-0.203079,1.271072,0.732466,0.155673,1.288174,0.760786,-0.229311,0.990627,0.587031,0.202993,0.982232,0.776921
320,10.674540,10,0.045192,-0.226592,1.213000,0.009825,0.712301,0.661943,-0.203492,0.801920,0.511740,0.242030,0.728297,0.790320,-0.203303,1.270844,0.733397,0.155449,1.287918,0.761736,-0.229389,0.990682,0.587391,0.202786,0.981952,0.777364
321,10.707890,10,0.045096,-0.226596,1.213000,0.009729,0.712301,0.661942,-0.204784,0.802393,0.510947,0.241934,0.728076,0.790345,-0.203399,1.270720,0.734360,0.155353,1.287745,0.762727,-0.229346,0.990897,0.587682,0.202690,0.981753,0.777827
322,10.741250,10,0.045098,-0.226548,1.213000,0.009733,0.712349,0.661939,-0.206130,0.802912,0.510174,0.241937,0.727888,0.790374,-0.203371,1.270650,0.735331,0.155382,1.287609,0.763734,-0.229204,0.991141,0.588034,0.202705,0.981589,0.778299
323,10.774600,10,0.045249,-0.226474,1.213000,0.009887,0.712416,0.661938,-0.207130,0.803291,0.509831,0.242088,0.727720,0.790407,-0.203182,1.270605,0.736280,0.155571,1.287492,0.764723,-0.228938,0.991302,0.588579,0.202873,0.981444,0.778765
324,10.807960,10,0.045474,-0.226437,1.213000,0.010114,0.712444,0.661940,-0.207538,0.803330,0.510254,0.242311,0.727529,0.790441,-0.202931,1.270521,0.737177,0.155822,1.287345,0.765660,-0.228649,0.991247,0.589417,0.203109,0.981272,0.779209
325,10.841310,10,0.045737,-0.226519,1.213000,0.010373,0.712351,0.661949,-0.207186,0.802881,0.511595,0.242568,0.727251,0.790476,-0.202686,1.270312,0.738010,0.156066,1.287101,0.766524,-0.228387,0.990865,0.590573,0.203360,0.981010,0.779620
326,10.874670,10,0.046069,-0.226709,1.213000,0.010696,0.712147,0.661965,-0.206022,0.802002,0.513729,0.242889,0.726907,0.790510,-0.202440,1.269976,0.738771,0.156310,1.286777,0.767304,-0.228114,0.990192,0.591970,0.203646,0.980675,0.779992
327,10.908020,10,0.046334,-0.227055,1.213000,0.010946,0.711791,0.661988,-0.204349,0.800810,0.516291,0.243141,0.726467,0.790541,-0.202349,1.269466,0.739466,0.156397,1.286339,0.768003,-0.227937,0.989269,0.593440,0.203823,0.980236,0.780325
328,10.941370,10,0.046617,-0.227527,1.213000,0.011208,0.711307,0.662019,-0.202388,0.799526,0.518787,0.243407,0.725954,0.790567,-0.202342,1.268799,0.740115,0.156399,1.285809,0.768639,-0.227736,0.988227,0.594776,0.203970,0.979715,0.780628
329,10.974730,10,0.046859,-0.228014,1.213000,0.011428,0.710812,0.662050,-0.200528,0.798424,0.520776,0.243634,0.725474,0.790584,-0.202465,1.268088,0.740742,0.156268,1.285296,0.769240,-0.227542,0.987275,0.595815,0.204034,0.979220,0.780910
330,11.008080,10,0.047079,-0.228507,1.213000,0.011627,0.710311,0.662080,-0.199019,0.797578,0.522046,0.243842,0.725014,0.790594,-0.202674,1.267343,0.741385,0.156050,1.284792,0.769846,-0.227335,0.986465,0.596511,0.204049,0.978740,0.781190
331,11.041440,10,0.047240,-0.228853,1.213000,0.011773,0.709958,0.662102,-0.198021,0.797110,0.522661,0.243997,0.724701,0.790592,-0.202954,1.266733,0.742061,0.155762,1.284433,0.770480,-0.227168,0.985942,0.596944,0.204003,0.978407,0.781476
332,11.074790,10,0.047370,-0.229077,1.213000,0.011893,0.709730,0.662116,-0.197487,0.796886,0.522924,0.244129,0.724484,0.790585,-0.203208,1.266261,0.742766,0.155500,1.284177,0.771145,-0.227041,0.985622,0.597292,0.203957,0.978172,0.781774
333,11.108150,10,0.047435,-0.229138,1.213000,0.011955,0.709665,0.662121,-0.197337,0.796813,0.523217,0.244203,0.724379,0.790573,-0.203398,1.265999,0.743457,0.155306,1.284052,0.771805,-0.227013,0.985469,0.597737,0.203909,0.978058,0.782066
334,11.141500,10,0.047417,-0.229069,1.213000,0.011941,0.709735,0.662117,-0.197445,0.796757,0.523833,0.244200,0.724344,0.790561,-0.203479,1.265954,0.744062,0.155225,1.284025,0.772393,-0.227109,0.985401,0.598389,0.203871,0.978027,0.782326
335,11.174850,10,0.047259,-0.228935,1.213000,0.011788,0.709876,0.662106,-0.197763,0.796632,0.524855,0.244056,0.724315,0.790553,-0.203475,1.266087,0.744518,0.155236,1.284035,0.772848,-0.227374,0.985351,0.599241,0.203797,0.978016,0.782528
336,11.208210,10,0.046979,-0.228717,1.213000,0.011518,0.710105,0.662090,-0.198211,0.796518,0.526134,0.243794,0.724315,0.790548,-0.203361,1.266420,0.744794,0.155361,1.284106,0.773141,-0.227742,0.985383,0.600182,0.203711,0.978047,0.782658
337,11.241560,10,0.046590,-0.228459,1.213000,0.011140,0.710379,0.662069,-0.198767,0.796492,0.527385,0.243422,0.724309,0.790547,-0.203165,1.266894,0.744923,0.155574,1.284197,0.773300,-0.228145,0.985529,0.601053,0.203604,0.978086,0.782730
338,11.274920,10,0.046145,-0.228279,1.213000,0.010704,0.710577,0.662051,-0.199373,0.796540,0.528335,0.242991,0.724188,0.790555,-0.202905,1.267345,0.744998,0.155852,1.284189,0.773412,-0.228475,0.985726,0.601729,0.203494,0.978015,0.782785
339,11.308270,10,0.045672,-0.228090,1.213000,0.010240,0.710787,0.662033,-0.199952,0.796797,0.528858,0.242532,0.724052,0.790563,-0.202640,1.267813,0.745121,0.156136,1.284173,0.773576,-0.228667,0.986075,0.602169,0.203372,0.977934,0.782864
340,11.341630,10,0.045236,-0.227995,1.213000,0.009809,0.710900,0.662020,-0.200335,0.797109,0.529068,0.242106,0.723811,0.790575,-0.202399,1.268140,0.745395,0.156395,1.284047,0.773887,-0.228655,0.986414,0.602460,0.203256,0.977745,0.783011
341,11.374980,10,0.044818,-0.227897,1.213000,0.009395,0.711015,0.662007,-0.200399,0.797454,0.529245,0.241700,0.723583,0.790583,-0.202264,1.268391,0.745865,0.156544,1.283918,0.774384,-0.228478,0.986749,0.602758,0.203102,0.977562,0.783241
342,11.408330,10,0.044509,-0.227849,1.213000,0.009088,0.711076,0.661999,-0.199959,0.797634,0.529732,0.241404,0.723328,0.790588,-0.202180,1.268499,0.746530,0.156639,1.283741,0.775064,-0.228100,0.986919,0.603246,0.202983,0.977343,0.783552
343,11.441690,10,0.044305,-0.227824,1.213000,0.008885,0.711109,0.661994,-0.199031,0.797568,0.530760,0.241213,0.723079,0.790588,-0.202147,1.268498,0.747339,0.156681,1.283549,0.775876,-0.227588,0.986882,0.604041,0.202897,0.977119,0.783919
344,11.475040,10,0.044152,-0.227812,1.213000,0.008734,0.711128,0.661991,-0.197802,0.797241,0.532375,0.241074,0.722852,0.790583,-0.202180,1.268425,0.748216,0.156653,1.283361,0.776746,-0.227067,0.986637,0.605161,0.202809,0.976910,0.784311
345,11.508400,10,0.044026,-0.227856,1.213000,0.008606,0.711089,0.661991,-0.196539,0.796662,0.534418,0.240960,0.722600,0.790577,-0.202257,1.268271,0.749087,0.156580,1.283136,0.777603,-0.226636,0.986187,0.606526,0.202714,0.976670,0.784696
346,11.541750,10,0.043863,-0.227928,1.213000,0.008440,0.711025,0.661992,-0.195548,0.795964,0.536612,0.240807,0.722346,0.790572,-0.202387,1.268095,0.749879,0.156453,1.282904,0.778381,-0.226409,0.985642,0.607993,0.202572,0.976426,0.785046
347,11.575110,10,0.043682,-0.228064,1.213000,0.008252,0.710897,0.661996,-0.194996,0.795215,0.538668,0.240630,0.722046,0.790573,-0.202510,1.267888,0.750536,0.156334,1.282626,0.779031,-0.226396,0.985047,0.609401,0.202421,0.976136,0.785341
348,11.608460,10,0.043491,-0.228232,1.213000,0.008055,0.710737,0.662002,-0.194938,0.794523,0.540381,0.240437,0.721731,0.790582,-0.202589,1.267699,0.751013,0.156258,1.282338,0.779511,-0.226583,0.984495,0.610623,0.202282,0.975833,0.785564
349,11.641810,10,0.043295,-0.228416,1.213000,0.007851,0.710562,0.662008,-0.195309,0.793934,0.541674,0.240235,0.721416,0.790599,-0.202613,1.267548,0.751291,0.156239,1.282056,0.779804,-0.226927,0.984031,0.611592,0.202163,0.975533,0.785706
350,11.675170,10,0.043098,-0.228558,1.213000,0.007648,0.710429,0.662012,-0.195958,0.793496,0.542591,0.240028,0.721162,0.790620,-0.202587,1.267488,0.751381,0.156269,1.281839,0.779920,-0.227361,0.983704,0.612306,0.202063,0.975296,0.785770
351,11.708520,10,0.042949,-0.228629,1.213000,0.007496,0.710364,0.662013,-0.196662,0.793209,0.543241,0.239869,0.720991,0.790642,-0.202477,1.267529,0.751333,0.156383,1.281709,0.779904,-0.227761,0.983516,0.612819,0.202028,0.975144,0.785775
352,11.741880,10,0.042824,-0.228615,1.213000,0.007372,0.710384,0.662010,-0.197302,0.793056,0.543748,0.239737,0.720910,0.790662,-0.202321,1.267672,0.751222,0.156544,1.281669,0.779829,-0.228084,0.983456,0.613212,0.202029,0.975082,0.785752
353,11.775230,10,0.042712,-0.228457,1.213000,0.007267,0.710546,0.662000,-0.197819,0.793077,0.544207,0.239625,0.720958,0.790674,-0.202132,1.267956,0.751138,0.156737,1.281761,0.779780,-0.228299,0.983563,0.613570,0.202055,0.975149,0.785736
354,11.808580,10,0.042656,-0.228179,1.213000,0.007223,0.710826,0.661984,-0.198163,0.793247,0.544685,0.239576,0.721088,0.790679,-0.201859,1.268348,0.751169,0.157016,1.281940,0.779843,-0.228353,0.983806,0.613972,0.202155,0.975301,0.785767
355,11.841940,10,0.042678,-0.227839,1.213000,0.007260,0.711164,0.661966,-0.198365,0.793511,0.545217,0.239612,0.721217,0.790679,-0.201467,1.268780,0.751391,0.157414,1.282127,0.780092,-0.228249,0.984127,0.614481,0.202355,0.975457,0.785880
356,11.875290,10,0.042689,-0.227470,1.213000,0.007287,0.711532,0.661946,-0.198593,0.793852,0.545812,0.239641,0.721304,0.790676,-0.201038,1.269222,0.751850,0.157852,1.282283,0.780575,-0.228115,0.984504,0.615133,0.202569,0.975575,0.786098
357,11.908640,10,0.042745,-0.227135,1.213000,0.007357,0.711864,0.661929,-0.198854,0.794202,0.546480,0.239717,0.721281,0.790676,-0.200525,1.269600,0.752567,0.158374,1.282338,0.781315,-0.227944,0.984865,0.615954,0.202847,0.975587,0.786433
358,11.942000,10,0.042772,-0.226867,1.213000,0.007396,0.712129,0.661915,-0.199238,0.794512,0.547237,0.239763,0.721132,0.790679,-0.200027,1.269878,0.753517,0.158883,1.282271,0.782289,-0.227843,0.985162,0.616945,0.203103,0.975475,0.786876
359,11.975350,10,0.042786,-0.226684,1.213000,0.007418,0.712312,0.661906,-0.199672,0.794726,0.548130,0.239792,0.720869,0.790687,-0.199560,1.270041,0.754635,0.159360,1.282089,0.783431,-0.227808,0.985354,0.618091,0.203335,0.975249,0.787398
360,12.008710,10,0.042793,-0.226592,1.213000,0.007429,0.712403,0.661901,-0.200030,0.794784,0.549214,0.239809,0.720522,0.790699,-0.199145,1.270086,0.755801,0.159784,1.281813,0.784621,-0.227824,0.985397,0.619350,0.203537,0.974934,0.787944
361,12.042060,10,0.042697,-0.226596,1.213000,0.007332,0.712403,0.661899,-0.200280,0.794637,0.550533,0.239717,0.720127,0.790714,-0.198890,1.270034,0.756871,0.160046,1.281479,0.785716,-0.227964,0.985268,0.620666,0.203605,0.974567,0.788449
362,12.075410,10,0.042548,-0.226698,1.213000,0.007180,0.712308,0.661902,-0.200288,0.794257,0.552097,0.239566,0.719708,0.790733,-0.198736,1.269908,0.757713,0.160205,1.281112,0.786581,-0.228156,0.984955,0.621975,0.203595,0.974172,0.788851
363,12.108770,10,0.042324,-0.226849,1.213000,0.006949,0.712167,0.661906,-0.200098,0.793706,0.553847,0.239337,0.719324,0.790749,-0.198682,1.269781,0.758247,0.160265,1.280772,0.787134,-0.228410,0.984524,0.623215,0.203496,0.973808,0.789110
364,12.142120,10,0.042112,-0.227025,1.213000,0.006730,0.712001,0.661912,-0.199737,0.793051,0.555677,0.239118,0.718982,0.790763,-0.198605,1.269686,0.758474,0.160347,1.280473,0.787374,-0.228635,0.984031,0.624353,0.203414,0.973485,0.789227
365,12.175480,10,0.041856,-0.227162,1.213000,0.006468,0.711874,0.661915,-0.199423,0.792423,0.557457,0.238858,0.718710,0.790770,-0.198520,1.269687,0.758476,0.160438,1.280250,0.787382,-0.228879,0.983588,0.625380,0.203313,0.973235,0.789234
366,12.208830,10,0.041628,-0.227231,1.213000,0.006237,0.711815,0.661915,-0.199208,0.791919,0.559096,0.238631,0.718486,0.790772,-0.198312,1.269804,0.758390,0.160654,1.280088,0.787299,-0.229051,0.983268,0.626324,0.203287,0.973039,0.789198
367,12.242180,10,0.041414,-0.227066,1.213000,0.006031,0.711989,0.661902,-0.199103,0.791755,0.560562,0.238429,0.718422,0.790762,-0.197937,1.270195,0.758355,0.161039,1.280105,0.787269,-0.229111,0.983277,0.627224,0.203351,0.973012,0.789179
368,12.275530,10,0.041207,-0.226683,1.213000,0.005841,0.712380,0.661878,-0.198983,0.791942,0.561922,0.238243,0.718452,0.790748,-0.197354,1.270841,0.758487,0.161635,1.280243,0.787417,-0.228997,0.983618,0.628139,0.203519,0.973091,0.789238
369,12.308890,10,0.041004,-0.226041,1.213000,0.005665,0.713028,0.661839,-0.198620,0.792523,0.563292,0.238068,0.718583,0.790733,-0.196519,1.271788,0.758838,0.162484,1.280515,0.787804,-0.228630,0.984336,0.629112,0.203808,0.973286,0.789405
370,12.342240,10,0.040752,-0.225171,1.213000,0.005451,0.713908,0.661788,-0.197843,0.793449,0.564804,0.237848,0.718779,0.790721,-0.195463,1.273017,0.759408,0.163554,1.280885,0.788436,-0.228006,0.985392,0.630173,0.204173,0.973561,0.789685
371,12.375600,10,0.040426,-0.224085,1.213000,0.005173,0.715004,0.661723,-0.196576,0.794677,0.566523,0.237553,0.719042,0.790715,-0.194230,1.274513,0.760151,0.164801,1.281353,0.789269,-0.227146,0.986749,0.631320,0.204577,0.973917,0.790060
372,12.408950,10,0.040013,-0.222893,1.213000,0.004812,0.716212,0.661652,-0.194919,0.796065,0.568434,0.237166,0.719306,0.790717,-0.192891,1.276161,0.761000,0.166151,1.281841,0.790234,-0.226119,0.988272,0.632530,0.204977,0.974282,0.790499
373,12.442310,10,0.039606,-0.221696,1.213000,0.004458,0.717423,0.661580,-0.193036,0.797476,0.570435,0.236775,0.719522,0.790730,-0.191449,1.277833,0.761880,0.167600,1.282286,0.791247,-0.224953,0.989821,0.633757,0.205421,0.974602,0.790964
374,12.475660,10,0.039153,-0.220648,1.213000,0.004051,0.718487,0.661515,-0.191328,0.798729,0.572375,0.236326,0.719610,0.790754,-0.190071,1.279358,0.762710,0.168979,1.282594,0.792215,-0.223853,0.991217,0.634950,0.205800,0.974790,0.791416
375,12.509020,10,0.038727,-0.219824,1.213000,0.003661,0.719328,0.661463,-0.190045,0.799718,0.574112,0.235891,0.719554,0.790787,-0.188796,1.280635,0.763416,0.170251,1.282738,0.793056,-0.222901,0.992352,0.636063,0.206139,0.974824,0.791815
376,12.542370,10,0.038263,-0.219212,1.213000,0.003224,0.719958,0.661422,-0.189452,0.800436,0.575554,0.235411,0.719421,0.790824,-0.187772,1.281660,0.763944,0.171269,1.282774,0.793706,-0.222275,0.993216,0.637065,0.206338,0.974768,0.792130
377,12.575720,10,0.037832,-0.218806,1.213000,0.002811,0.720381,0.661392,-0.189527,0.800874,0.576684,0.234957,0.719237,0.790863,-0.186985,1.282423,0.764284,0.172049,1.282727,0.794154,-0.221968,0.993796,0.637952,0.206443,0.974646,0.792354
378,12.609080,10,0.037416,-0.218603,1.213000,0.002404,0.720602,0.661374,-0.190182,0.801042,0.577552,0.234514,0.719005,0.790904,-0.186471,1.282913,0.764482,0.172556,1.282598,0.794445,-0.221993,0.994092,0.638748,0.206431,0.974461,0.792509
379,12.642430,10,0.037058,-0.218452,1.213000,0.002053,0.720768,0.661359,-0.191163,0.801105,0.578235,0.234132,0.718847,0.790941,-0.186170,1.283270,0.764623,0.172849,1.282513,0.794667,-0.222239,0.994259,0.639480,0.206355,0.974336,0.792630
380,12.675790,10,0.036729,-0.218276,1.213000,0.001732,0.720957,0.661344,-0.192257,0.801164,0.578813,0.233784,0.718802,0.790971,-0.186075,1.283561,0.764807,0.172937,1.282514,0.794921,-0.222638,0.994390,0.640180,0.206204,0.974312,0.792761
381,12.709140,10,0.036464,-0.218038,1.213000,0.001479,0.721206,0.661326,-0.193224,0.801280,0.579334,0.233507,0.718869,0.790991,-0.186104,1.283826,0.765112,0.172903,1.282604,0.795287,-0.223051,0.994541,0.640862,0.206037,0.974389,0.792938
382,12.742500,10,0.036232,-0.217719,1.213000,0.001260,0.721534,0.661305,-0.193992,0.801488,0.579813,0.233270,0.719043,0.791000,-0.186238,1.284095,0.765557,0.172764,1.282785,0.795781,-0.223433,0.994751,0.641519,0.205845,0.974566,0.793167
383,12.775850,10,0.036116,-0.217360,1.213000,0.001160,0.721897,0.661284,-0.194470,0.801750,0.580247,0.233157,0.719268,0.791000,-0.186346,1.284349,0.766111,0.172653,1.283005,0.796370,-0.223659,0.994992,0.642138,0.205733,0.974789,0.793434
384,12.809210,10,0.036008,-0.216880,1.213000,0.001073,0.722381,0.661256,-0.194848,0.802147,0.580614,0.233062,0.719624,0.790982,-0.186486,1.284699,0.766706,0.172512,1.283350,0.796984,-0.223825,0.995357,0.642705,0.205617,0.975140,0.793702
385,12.842560,10,0.036004,-0.216390,1.213000,0.001090,0.722869,0.661229,-0.195161,0.802556,0.580921,0.233078,0.719992,0.790955,-0.186520,1.285055,0.767294,0.172477,1.283705,0.797575,-0.223851,0.995736,0.643238,0.205610,0.975502,0.793956
386,12.875910,10,0.036002,-0.215845,1.213000,0.001112,0.723413,0.661200,-0.195617,0.803013,0.581194,0.233103,0.720405,0.790918,-0.186503,1.285487,0.767845,0.172495,1.284111,0.798116,-0.223846,0.996176,0.643775,0.205632,0.975912,0.794180
387,12.909270,10,0.036051,-0.215273,1.213000,0.001186,0.723982,0.661170,-0.196213,0.803476,0.581508,0.233182,0.720817,0.790875,-0.186342,1.285982,0.768357,0.172657,1.284524,0.798612,-0.223766,0.996642,0.644379,0.205748,0.976324,0.794382
388,12.942620,10,0.036076,-0.214686,1.213000,0.001236,0.724566,0.661139,-0.196993,0.803911,0.581977,0.233236,0.721200,0.790831,-0.186078,1.286542,0.768827,0.172922,1.284923,0.799066,-0.223686,0.997109,0.645120,0.205898,0.976714,0.794564
389,12.975980,10,0.036088,-0.214193,1.213000,0.001269,0.725057,0.661112,-0.197837,0.804185,0.582749,0.233269,0.721440,0.790798,-0.185681,1.287068,0.769245,0.173318,1.285195,0.799476,-0.223601,0.997452,0.646064,0.206095,0.976969,0.794732
390,13.009330,10,0.036094,-0.213797,1.213000,0.001293,0.725453,0.661091,-0.198599,0.804265,0.583942,0.233287,0.721543,0.790779,-0.185153,1.287563,0.769581,0.173844,1.285346,0.799818,-0.223519,0.997647,0.647247,0.206343,0.977094,0.794876
391,13.042690,10,0.036097,-0.213498,1.213000,0.001309,0.725750,0.661075,-0.199134,0.804132,0.585620,0.233291,0.721527,0.790774,-0.184523,1.288017,0.769807,0.174469,1.285391,0.800063,-0.223455,0.997674,0.648668,0.206629,0.977105,0.794984
392,13.076040,10,0.036148,-0.213349,1.213000,0.001367,0.725897,0.661068,-0.199271,0.803738,0.587766,0.233333,0.721365,0.790786,-0.183800,1.288360,0.769914,0.175186,1.285297,0.800199,-0.223376,0.997477,0.650292,0.206977,0.976975,0.795053
393,13.109400,10,0.036224,-0.213325,1.213000,0.001443,0.725918,0.661068,-0.198950,0.803137,0.590281,0.233392,0.721110,0.790807,-0.183078,1.288592,0.769923,0.175902,1.285109,0.800243,-0.223312,0.997086,0.652049,0.207334,0.976750,0.795084
394,13.142750,10,0.036362,-0.213412,1.213000,0.001577,0.725825,0.661075,-0.198104,0.802388,0.593004,0.233510,0.720787,0.790834,-0.182382,1.288690,0.769890,0.176591,1.284844,0.800239,-0.223219,0.996532,0.653852,0.207711,0.976453,0.795097
395,13.176100,10,0.036481,-0.213556,1.213000,0.001690,0.725676,0.661085,-0.196859,0.801606,0.595750,0.233612,0.720462,0.790856,-0.181846,1.288683,0.769887,0.177123,1.284563,0.800254,-0.223169,0.995897,0.655615,0.208008,0.976148,0.795116
396,13.209460,10,0.036591,-0.213728,1.213000,0.001792,0.725500,0.661096,-0.195342,0.800868,0.598333,0.233710,0.720163,0.790869,-0.181497,1.288570,0.769987,0.177470,1.284287,0.800359,-0.223166,0.995233,0.657265,0.208218,0.975859,0.795170
397,13.242810,10,0.036695,-0.213864,1.213000,0.001890,0.725360,0.661105,-0.193761,0.800267,0.600591,0.233811,0.719951,0.790870,-0.181354,1.288398,0.770238,0.177613,1.284075,0.800599,-0.223241,0.994623,0.658742,0.208339,0.975647,0.795280
398,13.276170,10,0.036748,-0.214032,1.213000,0.001935,0.725190,0.661115,-0.192406,0.799748,0.602411,0.233865,0.719763,0.790864,-0.181477,1.288095,0.770648,0.177493,1.283863,0.800987,-0.223501,0.994016,0.660011,0.208314,0.975448,0.795453
399,13.309520,10,0.036724,-0.214166,1.213000,0.001906,0.725057,0.661122,-0.191489,0.799364,0.603736,0.233848,0.719672,0.790850,-0.181878,1.287742,0.771164,0.177097,1.283725,0.801475,-0.224016,0.993483,0.661050,0.208125,0.975336,0.795666
400,13.342870,10,0.036712,-0.214283,1.213000,0.001889,0.724941,0.661128,-0.191000,0.799070,0.604606,0.233845,0.719661,0.790836,-0.182428,1.287349,0.771690,0.176553,1.283649,0.801973,-0.224710,0.993004,0.661864,0.207876,0.975296,0.795884
401,13.376230,10,0.036756,-0.214442,1.213000,0.001926,0.724781,0.661138,-0.190844,0.798775,0.605136,0.233895,0.719665,0.790829,-0.183004,1.286908,0.772107,0.175983,1.283582,0.802368,-0.225491,0.992516,0.662483,0.207645,0.975268,0.796059
402,13.409580,10,0.036828,-0.214621,1.213000,0.001990,0.724599,0.661148,-0.190886,0.798474,0.605482,0.233969,0.719681,0.790830,-0.183517,1.286498,0.772310,0.175474,1.283533,0.802557,-0.226270,0.992049,0.662944,0.207455,0.975254,0.796145
403,13.442940,10,0.036864,-0.214760,1.213000,0.002020,0.724459,0.661157,-0.190996,0.798218,0.605780,0.234004,0.719730,0.790836,-0.183905,1.286233,0.772247,0.175088,1.283540,0.802490,-0.226943,0.991679,0.663277,0.207300,0.975284,0.796118
404,13.476290,10,0.036832,-0.214830,1.213000,0.001985,0.724390,0.661160,-0.191069,0.798044,0.606096,0.233970,0.719794,0.790842,-0.184096,1.286171,0.771955,0.174897,1.283594,0.802201,-0.227383,0.991464,0.663497,0.207194,0.975343,0.795991
405,13.509650,10,0.036716,-0.214865,1.213000,0.001868,0.724360,0.661160,-0.191121,0.797936,0.606397,0.233849,0.719796,0.790850,-0.184069,1.286269,0.771550,0.174923,1.283620,0.801803,-0.227517,0.991399,0.663602,0.207140,0.975356,0.795815
406,13.543000,10,0.036458,-0.214833,1.213000,0.001611,0.724404,0.661153,-0.191333,0.797950,0.606574,0.233586,0.719752,0.790852,-0.183914,1.286520,0.771177,0.175076,1.283626,0.801442,-0.227416,0.991531,0.663575,0.207065,0.975335,0.795652
407,13.576350,10,0.036179,-0.214716,1.213000,0.001338,0.724532,0.661142,-0.191773,0.798117,0.606497,0.233304,0.719688,0.790849,-0.183614,1.286877,0.770962,0.175371,1.283625,0.801237,-0.227091,0.991864,0.663414,0.207045,0.975300,0.795557
408,13.609710,10,0.035840,-0.214558,1.213000,0.001005,0.724704,0.661127,-0.192615,0.798403,0.606097,0.232963,0.719613,0.790840,-0.183354,1.287243,0.770950,0.175627,1.283611,0.801235,-0.226784,0.992320,0.663137,0.206975,0.975252,0.795552
409,13.643060,10,0.035620,-0.214379,1.213000,0.000794,0.724892,0.661114,-0.193662,0.798765,0.605428,0.232744,0.719567,0.790829,-0.183091,1.287555,0.771094,0.175886,1.283611,0.801384,-0.226525,0.992811,0.662796,0.206972,0.975227,0.795613
410,13.676420,10,0.035510,-0.214240,1.213000,0.000690,0.725036,0.661104,-0.194759,0.799100,0.604655,0.232637,0.719561,0.790820,-0.182933,1.287750,0.771265,0.176042,1.283627,0.801557,-0.226469,0.993209,0.662455,0.206985,0.975231,0.795687
411,13.709770,10,0.035555,-0.214220,1.213000,0.000736,0.725053,0.661104,-0.195619,0.799265,0.603990,0.232684,0.719562,0.790817,-0.182875,1.287760,0.771320,0.176100,1.283628,0.801608,-0.226618,0.993376,0.662172,0.207037,0.975232,0.795708
412,13.743130,10,0.035727,-0.214260,1.213000,0.000906,0.725006,0.661109,-0.196085,0.799269,0.603574,0.232861,0.719653,0.790817,-0.182934,1.287673,0.771147,0.176044,1.283699,0.801425,-0.226938,0.993340,0.661964,0.207108,0.975314,0.795625
413,13.776480,10,0.035964,-0.214480,1.213000,0.001133,0.724776,0.661125,-0.196181,0.798970,0.603432,0.233099,0.719707,0.790824,-0.183140,1.287387,0.770727,0.175842,1.283717,0.800988,-0.227379,0.992986,0.661822,0.207147,0.975352,0.795431
414,13.809840,10,0.036182,-0.214740,1.213000,0.001339,0.724508,0.661143,-0.196094,0.798517,0.603456,0.233321,0.719837,0.790829,-0.183527,1.287048,0.770106,0.175462,1.283797,0.800342,-0.227882,0.992485,0.661689,0.207096,0.975459,0.795141
415,13.843190,10,0.036441,-0.215070,1.213000,0.001584,0.724168,0.661166,-0.195948,0.797900,0.603509,0.233585,0.719969,0.790833,-0.183996,1.286613,0.769398,0.175000,1.283866,0.799601,-0.228286,0.991843,0.661519,0.207030,0.975563,0.794807
416,13.876540,10,0.036620,-0.215435,1.213000,0.001747,0.723796,0.661189,-0.196010,0.797185,0.603479,0.233770,0.720099,0.790832,-0.184634,1.286110,0.768727,0.174370,1.283921,0.798888,-0.228650,0.991137,0.661291,0.206846,0.975659,0.794483
417,13.909900,10,0.036760,-0.215718,1.213000,0.001875,0.723508,0.661207,-0.196262,0.796517,0.603347,0.233921,0.720302,0.790821,-0.185357,1.285645,0.768192,0.173653,1.284040,0.798306,-0.228916,0.990504,0.661031,0.206604,0.975823,0.794214
418,13.943250,10,0.036830,-0.215859,1.213000,0.001938,0.723364,0.661215,-0.196628,0.795982,0.603188,0.234007,0.720600,0.790799,-0.186145,1.285281,0.767862,0.172872,1.284249,0.797926,-0.229119,0.990014,0.660813,0.206297,0.976081,0.794030
419,13.976610,10,0.036815,-0.215929,1.213000,0.001920,0.723294,0.661219,-0.196954,0.795534,0.603139,0.234010,0.720890,0.790773,-0.186952,1.284966,0.767768,0.172070,1.284453,0.797785,-0.229292,0.989600,0.660736,0.205935,0.976332,0.793951
420,14.009960,10,0.036708,-0.215865,1.213000,0.001816,0.723363,0.661213,-0.197091,0.795260,0.603311,0.233921,0.721209,0.790743,-0.187712,1.284789,0.767892,0.171313,1.284697,0.797871,-0.229446,0.989337,0.660861,0.205543,0.976617,0.793974
421,14.043310,10,0.036454,-0.215732,1.213000,0.001568,0.723506,0.661202,-0.197035,0.795119,0.603739,0.233684,0.721472,0.790715,-0.188412,1.284719,0.768195,0.170615,1.284904,0.798151,-0.229631,0.989184,0.661194,0.205097,0.976855,0.794086
422,14.076670,10,0.036127,-0.215516,1.213000,0.001251,0.723736,0.661184,-0.196761,0.795151,0.604346,0.233369,0.721684,0.790694,-0.188928,1.284798,0.768613,0.170099,1.285088,0.798565,-0.229754,0.989191,0.661660,0.204691,0.977054,0.794262
423,14.110020,10,0.035713,-0.215258,1.213000,0.000849,0.724011,0.661163,-0.196415,0.795341,0.604974,0.232960,0.721815,0.790682,-0.189255,1.285008,0.769063,0.169771,1.285221,0.799034,-0.229816,0.989358,0.662130,0.204319,0.977186,0.794467
424,14.143380,10,0.035257,-0.214979,1.213000,0.000405,0.724309,0.661140,-0.196125,0.795671,0.605450,0.232501,0.721873,0.790681,-0.189373,1.285336,0.769456,0.169650,1.285310,0.799464,-0.229778,0.989687,0.662462,0.204013,0.977258,0.794662
425,14.176730,10,0.034828,-0.214740,1.213000,-0.000013,0.724566,0.661119,-0.195979,0.796058,0.605658,0.232063,0.721842,0.790693,-0.189278,1.285713,0.769710,0.169741,1.285333,0.799770,-0.229610,0.990108,0.662566,0.203814,0.977251,0.794807
426,14.210090,10,0.034464,-0.214570,1.213000,-0.000369,0.724751,0.661104,-0.196056,0.796424,0.605582,0.231682,0.721746,0.790714,-0.189035,1.286085,0.769772,0.169977,1.285304,0.799889,-0.229353,0.990547,0.662436,0.203714,0.977186,0.794873
427,14.243440,10,0.034232,-0.214535,1.213000,-0.000599,0.724795,0.661098,-0.196340,0.796640,0.605304,0.231429,0.721572,0.790744,-0.188694,1.286347,0.769633,0.170314,1.285196,0.799805,-0.229042,0.990867,0.662151,0.203728,0.977042,0.794851
428,14.276790,10,0.034066,-0.214617,1.213000,-0.000769,0.724720,0.661099,-0.196886,0.796669,0.604964,0.231242,0.721376,0.790773,-0.188427,1.286475,0.769335,0.170576,1.285053,0.799547,-0.228849,0.991010,0.661841,0.203745,0.976870,0.794750
429,14.310150,10,0.034033,-0.214909,1.213000,-0.000814,0.724431,0.661114,-0.197573,0.796378,0.604712,0.231189,0.721079,0.790802,-0.188252,1.286333,0.768970,0.170749,1.284786,0.799202,-0.228795,0.990823,0.661645,0.203794,0.976586,0.794609
430,14.343500,10,0.034067,-0.215354,1.213000,-0.000800,0.723985,0.661139,-0.198385,0.795817,0.604623,0.231205,0.720729,0.790825,-0.188275,1.285940,0.768651,0.170726,1.284437,0.798879,-0.228980,0.990336,0.661646,0.203792,0.976237,0.794476
431,14.376850,10,0.034133,-0.215877,1.213000,-0.000756,0.723460,0.661168,-0.199264,0.795095,0.604689,0.231261,0.720376,0.790837,-0.188522,1.285355,0.768490,0.170483,1.284054,0.798690,-0.229406,0.989641,0.661857,0.203712,0.975870,0.794396
432,14.410210,10,0.034217,-0.216439,1.213000,-0.000697,0.722897,0.661200,-0.200129,0.794303,0.604824,0.231339,0.720015,0.790839,-0.188957,1.284616,0.768575,0.170053,1.283638,0.798728,-0.230002,0.988825,0.662219,0.203560,0.975484,0.794415
433,14.443560,10,0.034358,-0.216919,1.213000,-0.000577,0.722411,0.661229,-0.200841,0.793623,0.604904,0.231482,0.719719,0.790832,-0.189445,1.283864,0.768929,0.169570,1.283269,0.799029,-0.230585,0.988070,0.662616,0.203419,0.975155,0.794547
434,14.476920,10,0.034529,-0.217310,1.213000,-0.000423,0.722015,0.661253,-0.201332,0.793120,0.604824,0.231657,0.719458,0.790821,-0.189906,1.283152,0.769518,0.169113,1.282930,0.799567,-0.231036,0.987457,0.662924,0.203308,0.974859,0.794785
435,14.510270,10,0.034765,-0.217505,1.213000,-0.000196,0.721810,0.661268,-0.201469,0.792928,0.604543,0.231899,0.719309,0.790809,-0.190186,1.282638,0.770241,0.168836,1.282712,0.800254,-0.231186,0.987142,0.663049,0.203315,0.974678,0.795090
436,14.543630,10,0.035082,-0.217502,1.213000,0.000121,0.721799,0.661273,-0.201159,0.793051,0.604117,0.232222,0.719257,0.790803,-0.190169,1.282384,0.770973,0.168855,1.282613,0.800974,-0.230934,0.987149,0.662974,0.203500,0.974605,0.795413
437,14.576980,10,0.035441,-0.217301,1.213000,0.000488,0.721984,0.661269,-0.200384,0.793458,0.603700,0.232584,0.719299,0.790806,-0.189813,1.282442,0.771595,0.169209,1.282642,0.801611,-0.230292,0.987473,0.662767,0.203858,0.974641,0.795704
438,14.610340,10,0.035821,-0.217001,1.213000,0.000880,0.722268,0.661259,-0.199147,0.794004,0.603503,0.232958,0.719331,0.790823,-0.189089,1.282751,0.772030,0.169929,1.282704,0.802091,-0.229304,0.987982,0.662563,0.204390,0.974687,0.795930
439,14.643690,10,0.036160,-0.216550,1.213000,0.001239,0.722703,0.661241,-0.197527,0.794691,0.603713,0.233288,0.719402,0.790849,-0.188026,1.283378,0.772246,0.170986,1.282851,0.802377,-0.228081,0.988688,0.662506,0.205049,0.974793,0.796074
440,14.677040,10,0.036380,-0.216075,1.213000,0.001480,0.723167,0.661219,-0.195687,0.795371,0.604429,0.233489,0.719392,0.790884,-0.186719,1.284191,0.772273,0.172284,1.282960,0.802493,-0.226777,0.989441,0.662700,0.205747,0.974836,0.796146
441,14.710400,10,0.036540,-0.215588,1.213000,0.001660,0.723647,0.661196,-0.193707,0.796035,0.605579,0.233625,0.719300,0.790922,-0.185172,1.285142,0.772177,0.173819,1.283018,0.802493,-0.225414,0.990215,0.663146,0.206517,0.974813,0.796167
442,14.743750,10,0.036520,-0.215194,1.213000,0.001658,0.724041,0.661174,-0.191918,0.796609,0.606927,0.233576,0.719064,0.790960,-0.183638,1.286068,0.772037,0.175338,1.282948,0.802445,-0.224205,0.990915,0.663740,0.207179,0.974652,0.796166
443,14.777110,10,0.036410,-0.214947,1.213000,0.001558,0.724292,0.661159,-0.190466,0.797062,0.608146,0.233434,0.718691,0.790996,-0.182213,1.286839,0.771920,0.176746,1.282735,0.802405,-0.223160,0.991493,0.664297,0.207740,0.974351,0.796167
444,14.810460,10,0.036205,-0.214873,1.213000,0.001357,0.724374,0.661151,-0.189575,0.797377,0.608921,0.233199,0.718234,0.791024,-0.181109,1.287356,0.771859,0.177835,1.282410,0.802400,-0.222395,0.991914,0.664628,0.208104,0.973954,0.796180
445,14.843810,10,0.036003,-0.214987,1.213000,0.001150,0.724269,0.661154,-0.189292,0.797522,0.609065,0.232971,0.717753,0.791045,-0.180413,1.287546,0.771850,0.178520,1.282018,0.802420,-0.221916,0.992137,0.664614,0.208291,0.973513,0.796201
446,14.877170,10,0.035801,-0.215243,1.213000,0.000937,0.724022,0.661164,-0.189654,0.797510,0.608555,0.232754,0.717344,0.791056,-0.180233,1.287425,0.771860,0.178696,1.281647,0.802431,-0.221804,0.992166,0.664237,0.208251,0.973122,0.796212
447,14.910520,10,0.035651,-0.215572,1.213000,0.000773,0.723701,0.661179,-0.190534,0.797378,0.607532,0.232599,0.717089,0.791058,-0.180527,1.287069,0.771843,0.178405,1.281379,0.802393,-0.222035,0.992033,0.663583,0.208035,0.972861,0.796196
448,14.943880,10,0.035575,-0.215936,1.213000,0.000682,0.723341,0.661197,-0.191741,0.797131,0.606242,0.232527,0.716989,0.791054,-0.181178,1.286546,0.771771,0.177762,1.281226,0.802285,-0.222545,0.991750,0.662807,0.207704,0.972737,0.796145
449,14.977230,10,0.035588,-0.216218,1.213000,0.000682,0.723059,0.661213,-0.193048,0.796871,0.604961,0.232553,0.717096,0.791043,-0.182012,1.286024,0.771635,0.176940,1.281254,0.802107,-0.223226,0.991429,0.662069,0.207345,0.972808,0.796058
450,15.010580,10,0.035694,-0.216459,1.213000,0.000777,0.722814,0.661228,-0.194236,0.796559,0.603924,0.232673,0.717288,0.791032,-0.182845,1.285514,0.771459,0.176118,1.281356,0.801890,-0.223951,0.991048,0.661508,0.207039,0.972959,0.795954
451,15.043940,10,0.035897,-0.216580,1.213000,0.000975,0.722685,0.661238,-0.195113,0.796294,0.603260,0.232893,0.717572,0.791020,-0.183519,1.285137,0.771277,0.175453,1.281555,0.801672,-0.224586,0.990718,0.661187,0.206857,0.973204,0.795848
452,15.077290,10,0.036198,-0.216640,1.213000,0.001274,0.722612,0.661246,-0.195565,0.796051,0.602983,0.233208,0.717839,0.791011,-0.183940,1.284858,0.771132,0.175039,1.281749,0.801498,-0.225028,0.990418,0.661107,0.206842,0.973438,0.795764
453,15.110650,10,0.036549,-0.216620,1.213000,0.001625,0.722617,0.661251,-0.195600,0.795887,0.603010,0.233572,0.718091,0.791004,-0.184125,1.284704,0.771047,0.174859,1.281947,0.801393,-0.225263,0.990204,0.661201,0.206960,0.973666,0.795713
454,15.144000,10,0.036925,-0.216610,1.213000,0.002000,0.722611,0.661258,-0.195278,0.795739,0.603225,0.233955,0.718247,0.791001,-0.184122,1.284579,0.771030,0.174865,1.282064,0.801363,-0.225305,0.990008,0.661389,0.207172,0.973804,0.795698
455,15.177350,10,0.037262,-0.216605,1.213000,0.002338,0.722601,0.661263,-0.194747,0.795623,0.603518,0.234298,0.718340,0.791001,-0.184039,1.284481,0.771058,0.174950,1.282130,0.801381,-0.225236,0.989846,0.661596,0.207398,0.973885,0.795706
456,15.210710,10,0.037531,-0.216603,1.213000,0.002606,0.722592,0.661268,-0.194150,0.795533,0.603821,0.234571,0.718403,0.791000,-0.183954,1.284406,0.771087,0.175036,1.282173,0.801402,-0.225139,0.989713,0.661778,0.207586,0.973939,0.795715
457,15.244060,10,0.037666,-0.216651,1.213000,0.002739,0.722538,0.661273,-0.193674,0.795408,0.604099,0.234707,0.718419,0.791001,-0.183974,1.284306,0.771068,0.175017,1.282173,0.801377,-0.225144,0.989551,0.661919,0.207652,0.973947,0.795704
458,15.277420,10,0.037733,-0.216676,1.213000,0.002805,0.722511,0.661275,-0.193360,0.795307,0.604327,0.234776,0.718482,0.791000,-0.184055,1.284253,0.770950,0.174937,1.282222,0.801252,-0.225242,0.989424,0.662010,0.207653,0.974005,0.795647
459,15.310770,10,0.037766,-0.216688,1.213000,0.002838,0.722497,0.661277,-0.193270,0.795215,0.604472,0.234814,0.718593,0.790997,-0.184180,1.284235,0.770704,0.174814,1.282320,0.800998,-0.225454,0.989315,0.662041,0.207618,0.974109,0.795531
460,15.344120,10,0.037733,-0.216744,1.213000,0.002802,0.722443,0.661279,-0.193503,0.795086,0.604495,0.234783,0.718699,0.790997,-0.184393,1.284193,0.770339,0.174602,1.282414,0.800625,-0.225846,0.989179,0.662000,0.207505,0.974210,0.795361
461,15.377480,10,0.037667,-0.216772,1.213000,0.002734,0.722418,0.661279,-0.194032,0.795005,0.604361,0.234720,0.718862,0.790993,-0.184662,1.284187,0.769895,0.174335,1.282562,0.800172,-0.226385,0.989093,0.661879,0.207349,0.974366,0.795153
462,15.410830,10,0.037633,-0.216786,1.213000,0.002700,0.722405,0.661280,-0.194742,0.794969,0.604079,0.234691,0.719044,0.790988,-0.184918,1.284184,0.769461,0.174080,1.282727,0.799728,-0.226982,0.989044,0.661701,0.207219,0.974540,0.794950
463,15.444180,10,0.037667,-0.216743,1.213000,0.002736,0.722446,0.661278,-0.195483,0.795026,0.603706,0.234732,0.719256,0.790982,-0.185112,1.284210,0.769141,0.173888,1.282919,0.799397,-0.227548,0.989074,0.661519,0.207154,0.974744,0.794796
464,15.477540,10,0.037683,-0.216622,1.213000,0.002758,0.722567,0.661272,-0.196188,0.795194,0.603351,0.234758,0.719491,0.790970,-0.185300,1.284281,0.769026,0.173701,1.283133,0.799273,-0.228097,0.989193,0.661415,0.207083,0.974969,0.794734
465,15.510890,10,0.037742,-0.216411,1.213000,0.002825,0.722775,0.661261,-0.196652,0.795465,0.603150,0.234829,0.719731,0.790955,-0.185391,1.284408,0.769162,0.173611,1.283354,0.799404,-0.228508,0.989393,0.661477,0.207081,0.975200,0.794785
466,15.544250,10,0.037771,-0.216105,1.213000,0.002867,0.723078,0.661245,-0.196835,0.795824,0.603223,0.234872,0.719975,0.790937,-0.185411,1.284618,0.769520,0.173590,1.283584,0.799760,-0.228802,0.989668,0.661767,0.207095,0.975438,0.794936
467,15.577600,10,0.037785,-0.215703,1.213000,0.002900,0.723479,0.661224,-0.196665,0.796253,0.603640,0.234901,0.720231,0.790916,-0.185310,1.284947,0.769994,0.173691,1.283840,0.800240,-0.228940,0.990014,0.662292,0.207157,0.975694,0.795143
468,15.610960,10,0.037693,-0.215301,1.213000,0.002824,0.723884,0.661201,-0.196245,0.796651,0.604389,0.234820,0.720428,0.790898,-0.185158,1.285335,0.770447,0.173842,1.284055,0.800704,-0.229012,0.990343,0.662998,0.207181,0.975899,0.795343
469,15.644310,10,0.037546,-0.214951,1.213000,0.002693,0.724240,0.661179,-0.195579,0.796976,0.605375,0.234680,0.720546,0.790887,-0.184907,1.285754,0.770755,0.174090,1.284208,0.801030,-0.228973,0.990623,0.663775,0.207217,0.976033,0.795484
470,15.677660,10,0.037273,-0.214775,1.213000,0.002428,0.724426,0.661165,-0.194842,0.797122,0.606441,0.234403,0.720495,0.790886,-0.184678,1.286082,0.770864,0.174315,1.284208,0.801161,-0.228915,0.990756,0.664494,0.207168,0.976005,0.795543
471,15.711020,10,0.036887,-0.214788,1.213000,0.002041,0.724430,0.661158,-0.194144,0.797092,0.607419,0.234006,0.720289,0.790893,-0.184537,1.286273,0.770802,0.174453,1.284060,0.801119,-0.228860,0.990740,0.665043,0.207013,0.975825,0.795528
472,15.744370,10,0.036493,-0.215044,1.213000,0.001637,0.724191,0.661165,-0.193520,0.796827,0.608180,0.233593,0.719887,0.790909,-0.184478,1.286214,0.770671,0.174509,1.283710,0.801001,-0.228751,0.990510,0.665371,0.206812,0.975447,0.795484
473,15.777730,10,0.036047,-0.215472,1.213000,0.001173,0.723783,0.661180,-0.193154,0.796392,0.608643,0.233125,0.719374,0.790926,-0.184632,1.285928,0.770586,0.174353,1.283231,0.800920,-0.228689,0.990124,0.665477,0.206486,0.974949,0.795456
474,15.811080,10,0.035673,-0.216036,1.213000,0.000775,0.723237,0.661204,-0.193034,0.795808,0.608795,0.232731,0.718773,0.790943,-0.184912,1.285414,0.770643,0.174074,1.282642,0.800966,-0.228599,0.989597,0.665417,0.206144,0.974354,0.795486
475,15.844440,10,0.035337,-0.216668,1.213000,0.000411,0.722620,0.661233,-0.193261,0.795142,0.608674,0.232376,0.718135,0.790955,-0.185324,1.284742,0.770877,0.173664,1.281994,0.801176,-0.228536,0.988994,0.665261,0.205764,0.973711,0.795588
476,15.877790,10,0.035068,-0.217284,1.213000,0.000117,0.722017,0.661261,-0.193787,0.794487,0.608355,0.232092,0.717510,0.790963,-0.185745,1.284029,0.771255,0.173246,1.281349,0.801523,-0.228454,0.988409,0.665076,0.205420,0.973078,0.795749
477,15.911140,10,0.034884,-0.217742,1.213000,-0.000087,0.721568,0.661282,-0.194491,0.794002,0.607940,0.231900,0.717005,0.790961,-0.186032,1.283468,0.771702,0.172962,1.280827,0.801939,-0.228290,0.988004,0.664912,0.205185,0.972564,0.795937
478,15.944500,10,0.034792,-0.218071,1.213000,-0.000194,0.721244,0.661299,-0.195192,0.793670,0.607562,0.231802,0.716565,0.790958,-0.186076,1.283083,0.772132,0.172920,1.280385,0.802343,-0.227992,0.987762,0.664812,0.205113,0.972123,0.796119
479,15.977850,10,0.034746,-0.218186,1.213000,-0.000244,0.721132,0.661304,-0.195729,0.793578,0.607347,0.231755,0.716274,0.790951,-0.185868,1.282992,0.772466,0.173128,1.280113,0.802659,-0.227581,0.987766,0.664806,0.205181,0.971842,0.796258
480,16.011210,10,0.034723,-0.218193,1.213000,-0.000268,0.721125,0.661304,-0.195954,0.793596,0.607405,0.231730,0.716048,0.790945,-0.185465,1.283087,0.772662,0.173529,1.279928,0.802848,-0.227108,0.987879,0.664926,0.205350,0.971634,0.796340
481,16.044560,10,0.034712,-0.218146,1.213000,-0.000277,0.721172,0.661301,-0.195791,0.793647,0.607776,0.231716,0.715875,0.790941,-0.184979,1.283283,0.772727,0.174012,1.279804,0.802911,-0.226653,0.988011,0.665180,0.205561,0.971483,0.796367
482,16.077920,10,0.034706,-0.218073,1.213000,-0.000280,0.721245,0.661297,-0.195270,0.793684,0.608411,0.231709,0.715778,0.790938,-0.184557,1.283501,0.772701,0.174432,1.279751,0.802887,-0.226320,0.988096,0.665552,0.205747,0.971406,0.796354
483,16.111270,10,0.034703,-0.218037,1.213000,-0.000281,0.721282,0.661295,-0.194505,0.793642,0.609204,0.231706,0.715732,0.790936,-0.184336,1.283618,0.772658,0.174651,1.279729,0.802844,-0.226204,0.988046,0.666012,0.205845,0.971371,0.796333
484,16.144620,10,0.034751,-0.218018,1.213000,-0.000232,0.721298,0.661295,-0.193583,0.793542,0.610044,0.231757,0.715774,0.790934,-0.184358,1.283607,0.772676,0.174630,1.279763,0.802859,-0.226318,0.987867,0.666535,0.205863,0.971409,0.796339
485,16.177980,10,0.034826,-0.218009,1.213000,-0.000157,0.721304,0.661296,-0.192638,0.793406,0.610870,0.231837,0.715905,0.790930,-0.184665,1.283459,0.772824,0.174325,1.279852,0.803001,-0.226703,0.987570,0.667129,0.205769,0.971521,0.796402
486,16.211330,10,0.034963,-0.218055,1.213000,-0.000022,0.721253,0.661301,-0.191693,0.793197,0.611683,0.231979,0.716048,0.790930,-0.185172,1.283135,0.773142,0.173823,1.279921,0.803313,-0.227283,0.987121,0.667827,0.205619,0.971631,0.796543
487,16.244680,10,0.035131,-0.218127,1.213000,0.000143,0.721173,0.661308,-0.190797,0.792952,0.612511,0.232152,0.716187,0.790932,-0.185803,1.282696,0.773627,0.173196,1.279967,0.803795,-0.228000,0.986573,0.668654,0.205429,0.971727,0.796762
488,16.278040,10,0.035316,-0.218214,1.213000,0.000323,0.721079,0.661316,-0.189977,0.792693,0.613361,0.232339,0.716296,0.790937,-0.186456,1.282204,0.774241,0.172546,1.279974,0.804410,-0.228750,0.985978,0.669599,0.205237,0.971790,0.797044
489,16.311390,10,0.035458,-0.218307,1.213000,0.000461,0.720980,0.661323,-0.189318,0.792432,0.614194,0.232480,0.716357,0.790943,-0.187083,1.281714,0.774920,0.171921,1.279936,0.805093,-0.229466,0.985390,0.670589,0.205031,0.971806,0.797357
490,16.344750,10,0.035629,-0.218353,1.213000,0.000630,0.720927,0.661329,-0.188791,0.792221,0.614927,0.232652,0.716410,0.790948,-0.187549,1.281312,0.775594,0.171457,1.279903,0.805772,-0.229968,0.984907,0.671507,0.204915,0.971820,0.797667
491,16.378100,10,0.035764,-0.218377,1.213000,0.000765,0.720898,0.661332,-0.188504,0.792033,0.615464,0.232789,0.716445,0.790948,-0.187908,1.280994,0.776200,0.171099,1.279868,0.806380,-0.230262,0.984541,0.672224,0.204827,0.971823,0.797943
492,16.411460,10,0.035882,-0.218338,1.213000,0.000884,0.720931,0.661332,-0.188450,0.791899,0.615742,0.232913,0.716527,0.790942,-0.188175,1.280797,0.776686,0.170832,1.279893,0.806861,-0.230331,0.984338,0.672648,0.204774,0.971880,0.798157
493,16.444810,10,0.036041,-0.218219,1.213000,0.001048,0.721043,0.661329,-0.188556,0.791830,0.615755,0.233085,0.716710,0.790927,-0.188351,1.280728,0.777001,0.170658,1.280029,0.807161,-0.230185,0.984294,0.672764,0.204789,0.972041,0.798285
494,16.478160,10,0.036171,-0.218060,1.213000,0.001184,0.721197,0.661322,-0.188857,0.791779,0.615574,0.233232,0.716991,0.790906,-0.188571,1.280738,0.777106,0.170441,1.280267,0.807244,-0.230007,0.984328,0.672641,0.204771,0.972303,0.798311
495,16.511520,10,0.036335,-0.217880,1.213000,0.001356,0.721369,0.661316,-0.189280,0.791704,0.615309,0.233416,0.717370,0.790883,-0.188818,1.280792,0.776986,0.170196,1.280601,0.807098,-0.229856,0.984366,0.672409,0.204761,0.972662,0.798233
496,16.544870,10,0.036468,-0.217790,1.213000,0.001492,0.721453,0.661313,-0.189942,0.791478,0.615075,0.233566,0.717741,0.790865,-0.189189,1.280765,0.776684,0.169827,1.280922,0.806770,-0.229902,0.984257,0.672211,0.204675,0.973010,0.798074
497,16.578220,10,0.036634,-0.217795,1.213000,0.001658,0.721441,0.661316,-0.190867,0.791077,0.614930,0.233744,0.718072,0.790856,-0.189620,1.280629,0.776299,0.169398,1.281196,0.806361,-0.230116,0.983975,0.672157,0.204578,0.973315,0.797884
498,16.611600,10,0.036817,-0.218048,1.213000,0.001830,0.721181,0.661333,-0.192172,0.790353,0.614872,0.233926,0.718175,0.790863,-0.190118,1.280210,0.775972,0.168901,1.281230,0.806015,-0.230500,0.983376,0.672302,0.204453,0.973387,0.797731
499,16.644970,10,0.037058,-0.218474,1.213000,0.002053,0.720746,0.661360,-0.193838,0.789404,0.614844,0.234158,0.718078,0.790882,-0.190605,1.279567,0.775823,0.168413,1.281055,0.805852,-0.230940,0.982563,0.672619,0.204358,0.973255,0.797667
500,16.678340,10,0.037279,-0.219137,1.213000,0.002245,0.720075,0.661400,-0.195864,0.788215,0.614787,0.234358,0.717694,0.790912,-0.191125,1.278639,0.775919,0.167892,1.280585,0.805933,-0.231434,0.981519,0.673040,0.204231,0.972831,0.797720
501,16.711710,10,0.037540,-0.219918,1.213000,0.002471,0.719284,0.661447,-0.197993,0.786955,0.614664,0.234593,0.717125,0.790946,-0.191569,1.277561,0.776231,0.167447,1.279927,0.806229,-0.231857,0.980394,0.673479,0.204158,0.972222,0.797873
502,16.745080,10,0.037820,-0.220709,1.213000,0.002716,0.718483,0.661495,-0.199987,0.785778,0.614483,0.234849,0.716484,0.790977,-0.191911,1.276475,0.776670,0.167104,1.279204,0.806646,-0.232200,0.979323,0.673876,0.204143,0.971544,0.798079
503,16.778460,10,0.038110,-0.221405,1.213000,0.002976,0.717777,0.661537,-0.201607,0.784809,0.614304,0.235121,0.715888,0.791000,-0.192125,1.275519,0.777122,0.166890,1.278538,0.807070,-0.232477,0.978413,0.674218,0.204195,0.970916,0.798284
504,16.811830,10,0.038355,-0.221952,1.213000,0.003197,0.717220,0.661571,-0.202737,0.784099,0.614220,0.235356,0.715402,0.791010,-0.192243,1.274773,0.777495,0.166773,1.278000,0.807410,-0.232766,0.977707,0.674543,0.204270,0.970407,0.798444
505,16.845200,10,0.038527,-0.222276,1.213000,0.003355,0.716890,0.661592,-0.203354,0.783694,0.614311,0.235528,0.715114,0.791006,-0.192287,1.274325,0.777739,0.166731,1.277679,0.807618,-0.233111,0.977260,0.674906,0.204345,0.970104,0.798536
506,16.878570,10,0.038614,-0.222438,1.213000,0.003434,0.716725,0.661602,-0.203561,0.783498,0.614616,0.235621,0.714967,0.790993,-0.192289,1.274109,0.777855,0.166731,1.277519,0.807699,-0.233529,0.976985,0.675358,0.204396,0.969951,0.798565
507,16.911950,10,0.038607,-0.222369,1.213000,0.003431,0.716794,0.661598,-0.203549,0.783547,0.615090,0.235629,0.715035,0.790968,-0.192279,1.274180,0.777868,0.166744,1.277587,0.807679,-0.233988,0.976943,0.675888,0.204406,0.970019,0.798542
508,16.945320,10,0.038553,-0.222235,1.213000,0.003383,0.716930,0.661590,-0.203519,0.783651,0.615623,0.235591,0.715154,0.790942,-0.192249,1.274350,0.777830,0.166777,1.277715,0.807613,-0.234391,0.976974,0.676435,0.204400,0.970142,0.798498
509,16.978690,10,0.038427,-0.222117,1.213000,0.003262,0.717053,0.661582,-0.203730,0.783720,0.616055,0.235478,0.715241,0.790918,-0.192252,1.274521,0.777787,0.166776,1.277818,0.807546,-0.234701,0.977025,0.676874,0.204338,0.970236,0.798455
510,17.012070,10,0.038263,-0.222059,1.213000,0.003101,0.717118,0.661575,-0.204304,0.783724,0.616223,0.235324,0.715252,0.790899,-0.192265,1.274639,0.777774,0.166766,1.277846,0.807513,-0.234836,0.977090,0.677070,0.204249,0.970255,0.798429
511,17.045440,10,0.038082,-0.222129,1.213000,0.002916,0.717055,0.661576,-0.205254,0.783632,0.616010,0.235145,0.715110,0.790887,-0.192270,1.274631,0.777813,0.166763,1.277725,0.807533,-0.234771,0.977133,0.676928,0.204150,0.970122,0.798432
512,17.078810,10,0.037941,-0.222465,1.213000,0.002761,0.716727,0.661592,-0.206407,0.783362,0.615389,0.234996,0.714673,0.790891,-0.192202,1.274363,0.777914,0.166834,1.277313,0.807617,-0.234490,0.977033,0.676447,0.204100,0.969697,0.798473
513,17.112190,10,0.037870,-0.222982,1.213000,0.002668,0.716213,0.661619,-0.207491,0.783038,0.614436,0.234908,0.714019,0.790906,-0.192014,1.273922,0.778063,0.167025,1.276689,0.807748,-0.234031,0.976859,0.675705,0.204139,0.969057,0.798540
514,17.145560,10,0.037885,-0.223741,1.213000,0.002650,0.715456,0.661660,-0.208216,0.782608,0.613333,0.234896,0.713087,0.790933,-0.191681,1.273257,0.778250,0.167362,1.275794,0.807916,-0.233469,0.976520,0.674856,0.204285,0.968141,0.798631
515,17.178930,10,0.037993,-0.224671,1.213000,0.002717,0.714524,0.661712,-0.208373,0.782108,0.612299,0.234969,0.711946,0.790970,-0.191193,1.272435,0.778475,0.167853,1.274698,0.808119,-0.232874,0.976040,0.674065,0.204548,0.967020,0.798743
516,17.212310,10,0.038196,-0.225635,1.213000,0.002879,0.713553,0.661767,-0.207919,0.781618,0.611501,0.235138,0.710734,0.791008,-0.190558,1.271583,0.778750,0.168492,1.273535,0.808368,-0.232286,0.975507,0.673456,0.204930,0.965831,0.798877
517,17.245680,10,0.038448,-0.226618,1.213000,0.003087,0.712562,0.661825,-0.207043,0.781109,0.610995,0.235356,0.709477,0.791044,-0.189856,1.270700,0.779105,0.169198,1.272327,0.808693,-0.231766,0.974909,0.673086,0.205369,0.964596,0.799044
518,17.279060,10,0.038724,-0.227509,1.213000,0.003324,0.711662,0.661878,-0.206030,0.780654,0.610716,0.235604,0.708297,0.791070,-0.189150,1.269876,0.779563,0.169908,1.271189,0.809115,-0.231315,0.974341,0.672934,0.205826,0.963435,0.799249
519,17.312430,10,0.039062,-0.228254,1.213000,0.003630,0.710903,0.661924,-0.205113,0.780282,0.610541,0.235922,0.707264,0.791085,-0.188443,1.269149,0.780120,0.170620,1.270186,0.809629,-0.230863,0.973854,0.672927,0.206323,0.962416,0.799491
520,17.345810,10,0.039381,-0.228877,1.213000,0.003921,0.710268,0.661964,-0.204565,0.779962,0.610349,0.280389,0.714160,0.812337,-0.187852,1.268494,0.780739,0.171216,1.269320,0.810199,-0.230472,0.973435,0.672976,0.218154,0.963221,0.824353
521,17.379180,26,0.039691,-0.229289,1.213000,0.004213,0.709845,0.661991,-0.204410,0.779782,0.610067,0.303355,0.722482,0.812964,-0.187378,1.268009,0.781347,0.171694,1.268700,0.810754,-0.230119,0.973181,0.673000,0.218670,0.963651,0.839704
522,17.412560,90,0.039995,-0.229544,1.213000,0.004506,0.709577,0.662010,-0.204527,0.779700,0.609688,0.316527,0.732438,0.794790,-0.187012,1.267656,0.781880,0.172064,1.268287,0.811233,-0.229800,0.973048,0.672956,0.217680,0.963788,0.847284
523,17.445940,90,0.040248,-0.229672,1.213000,0.004752,0.709438,0.662022,-0.204734,0.779714,0.609258,0.319378,0.743391,0.767314,-0.186775,1.267426,0.782300,0.172305,1.268054,0.811603,-0.229559,0.973017,0.672838,0.216768,0.963763,0.850719
524,17.479310,90,0.040374,-0.229686,1.213000,0.004878,0.709419,0.662025,-0.204830,0.779833,0.608862,0.308719,0.747899,0.747764,-0.186707,1.267319,0.782620,0.172377,1.267977,0.811882,-0.229459,0.973085,0.672677,0.216133,0.963732,0.852134
525,17.512690,122,0.040337,-0.229643,1.213000,0.004843,0.709464,0.662022,-0.204624,0.780016,0.608602,0.291656,0.748881,0.733861,-0.186813,1.267278,0.782897,0.172273,1.267975,0.812130,-0.229522,0.973192,0.672541,0.215730,0.963730,0.852706
526,17.546070,122,0.040168,-0.229622,1.213000,0.004675,0.709492,0.662018,-0.203965,0.780187,0.608580,0.271327,0.748250,0.724522,-0.187042,1.267219,0.783201,0.172046,1.267943,0.812418,-0.229716,0.973252,0.672516,0.215522,0.963705,0.853028
527,17.579440,122,0.039884,-0.229611,1.213000,0.004392,0.709515,0.662012,-0.202853,0.780348,0.608864,0.249167,0.746976,0.719303,-0.187369,1.267146,0.783565,0.171719,1.267881,0.812775,-0.230045,0.973258,0.672671,0.215427,0.963665,0.853304
528,17.612800,122,0.039492,-0.229705,1.213000,0.003996,0.709438,0.662010,-0.201446,0.780394,0.609473,0.226021,0.745325,0.718121,-0.187801,1.266967,0.783969,0.171287,1.267704,0.813179,-0.230558,0.973100,0.673051,0.215322,0.963510,0.853509
529,17.646160,122,0.039096,-0.229853,1.213000,0.003594,0.709307,0.662011,-0.199891,0.780368,0.610346,0.202786,0.743444,0.721018,-0.188254,1.266740,0.784337,0.170833,1.267490,0.813549,-0.231219,0.972819,0.673639,0.215190,0.963296,0.853533
530,17.679520,122,0.038748,-0.230026,1.213000,0.003239,0.709149,0.662014,-0.198411,0.780298,0.611339,0.187939,0.742078,0.724947,-0.188699,1.266499,0.784574,0.170389,1.267294,0.813787,-0.232033,0.972452,0.674357,0.214987,0.963076,0.853311
531,17.712870,122,0.038624,-0.230113,1.213000,0.003111,0.709068,0.662017,-0.197040,0.780310,0.612260,0.180362,0.740842,0.728350,-0.188968,1.266360,0.784617,0.170120,1.267245,0.813828,-0.232829,0.972138,0.675078,0.214853,0.962987,0.852894
532,17.746230,122,0.038712,-0.230057,1.213000,0.003202,0.709120,0.662015,-0.195883,0.780488,0.612925,0.176750,0.739317,0.731922,-0.189057,1.266382,0.784471,0.170030,1.267390,0.813684,-0.233545,0.971987,0.675654,0.214798,0.963097,0.852437
533,17.779590,122,0.039006,-0.229678,1.213000,0.003512,0.709485,0.662000,-0.194894,0.781035,0.613229,0.175557,0.737534,0.736322,-0.188911,1.266743,0.784215,0.170175,1.267867,0.813439,-0.234033,0.972233,0.675972,0.214907,0.963561,0.852133
534,17.812940,10,0.039453,-0.228939,1.213000,0.003990,0.710204,0.661968,-0.193965,0.782003,0.613193,0.175421,0.738787,0.735446,-0.188487,1.267486,0.783988,0.170596,1.268647,0.813241,-0.234144,0.972961,0.676007,0.215231,0.964339,0.852025
535,17.846300,10,0.039877,-0.227820,1.213000,0.004462,0.711302,0.661915,-0.193055,0.783413,0.612961,0.175787,0.740061,0.735098,-0.187840,1.268647,0.783926,0.171239,1.269683,0.813232,-0.233858,0.974218,0.675838,0.215826,0.965373,0.852061
536,17.879660,10,0.040138,-0.226360,1.213000,0.004787,0.712748,0.661841,-0.192092,0.785209,0.612757,0.176487,0.741378,0.735198,-0.186994,1.270214,0.784117,0.172079,1.270880,0.813502,-0.233169,0.975958,0.675623,0.216641,0.966570,0.852353
537,17.913020,10,0.040169,-0.224730,1.213000,0.004889,0.714372,0.661754,-0.191012,0.787187,0.612808,0.177439,0.742610,0.735670,-0.185964,1.272038,0.784569,0.173102,1.272053,0.814056,-0.232109,0.977976,0.675541,0.217651,0.967742,0.852919
538,17.946380,10,0.039935,-0.223065,1.213000,0.004727,0.716043,0.661660,-0.189803,0.789175,0.613267,0.178547,0.743679,0.736395,-0.184806,1.273995,0.785216,0.174249,1.273093,0.814820,-0.230783,0.980084,0.675713,0.218789,0.968782,0.853691
539,17.979730,10,0.039517,-0.221633,1.213000,0.004372,0.717490,0.661575,-0.188420,0.790873,0.614175,0.179756,0.744396,0.737233,-0.183563,1.275800,0.785952,0.175478,1.273796,0.815675,-0.229287,0.981953,0.676170,0.220013,0.969484,0.854551
540,18.013090,10,0.038959,-0.220466,1.213000,0.003865,0.718677,0.661502,-0.186878,0.792244,0.615445,0.180917,0.744826,0.738032,-0.182373,1.277385,0.786647,0.176650,1.274219,0.816481,-0.227813,0.983503,0.676840,0.221182,0.969908,0.855360
541,18.046450,10,0.038379,-0.219633,1.213000,0.003322,0.719533,0.661447,-0.185118,0.793241,0.616921,0.181948,0.744995,0.738676,-0.181318,1.278634,0.787199,0.177686,1.274384,0.817130,-0.226494,0.984634,0.677598,0.222217,0.970073,0.856010
542,18.079810,10,0.037890,-0.219117,1.213000,0.002855,0.720069,0.661410,-0.183085,0.793926,0.618422,0.182792,0.744989,0.739101,-0.180456,1.279520,0.787550,0.178529,1.274376,0.817559,-0.225432,0.985353,0.678318,0.223062,0.970065,0.856439
543,18.113160,10,0.037495,-0.218758,1.213000,0.002477,0.720443,0.661384,-0.180850,0.794509,0.619778,0.183367,0.744998,0.739295,-0.179868,1.280173,0.787688,0.179103,1.274384,0.817758,-0.224750,0.985830,0.678891,0.223637,0.970073,0.856636
544,18.146520,10,0.037147,-0.218529,1.213000,0.002139,0.720687,0.661365,-0.178594,0.795065,0.620860,0.183622,0.745046,0.739301,-0.179605,1.280616,0.787651,0.179356,1.274431,0.817768,-0.224522,0.986126,0.679266,0.223891,0.970120,0.856644
545,18.179880,10,0.036924,-0.218315,1.213000,0.001925,0.720910,0.661350,-0.176403,0.795714,0.621600,0.183714,0.745200,0.739187,-0.179507,1.280971,0.787499,0.179446,1.274584,0.817657,-0.224596,0.986391,0.679431,0.223983,0.970273,0.856531
546,18.213240,10,0.036762,-0.218107,1.213000,0.001773,0.721124,0.661336,-0.174469,0.796441,0.622008,0.183707,0.745409,0.739024,-0.179511,1.281274,0.787302,0.179438,1.274793,0.817496,-0.224885,0.986669,0.679423,0.223975,0.970481,0.856369
547,18.246600,10,0.036681,-0.217854,1.213000,0.001703,0.721380,0.661320,-0.172802,0.797254,0.622166,0.183752,0.745670,0.738863,-0.179462,1.281610,0.787108,0.179483,1.275053,0.817336,-0.225190,0.987035,0.679293,0.224020,0.970742,0.856209
548,18.279950,10,0.036640,-0.217577,1.213000,0.001674,0.721658,0.661305,-0.171352,0.798090,0.622201,0.183904,0.745922,0.738731,-0.179306,1.281981,0.786941,0.179634,1.275306,0.817205,-0.225402,0.987473,0.679103,0.224171,0.970995,0.856077
549,18.313310,10,0.036720,-0.217288,1.213000,0.001767,0.721943,0.661291,-0.169862,0.798914,0.622238,0.184269,0.746142,0.738634,-0.178934,1.282381,0.786810,0.179999,1.275526,0.817107,-0.225355,0.987952,0.678895,0.224536,0.971215,0.855980
550,18.346670,0,0.036910,-0.216994,1.213000,0.001969,0.722228,0.661278,-0.161393,0.805845,0.617237,0.184794,0.746340,0.738566,-0.178403,1.282792,0.786712,0.180524,1.275723,0.817038,-0.229141,0.985526,0.689001,0.225062,0.971412,0.855911
551,18.380030,0,0.037205,-0.216747,1.213000,0.002274,0.722462,0.661270,-0.165470,0.814295,0.604110,0.185374,0.746493,0.738527,-0.177816,1.283128,0.786652,0.181105,1.275877,0.817000,-0.232735,0.983900,0.697570,0.225642,0.971566,0.855873
552,18.413380,0,0.037603,-0.216524,1.213000,0.002681,0.722668,0.661265,-0.167851,0.819514,0.591710,0.185890,0.746665,0.738520,-0.177299,1.283372,0.786635,0.181620,1.276048,0.816993,-0.231008,0.984461,0.695771,0.226158,0.971737,0.855866
553,18.446740,0,0.038101,-0.216262,1.213000,0.003191,0.722908,0.661260,-0.172136,0.824797,0.579670,0.186240,0.746947,0.738547,-0.176950,1.283553,0.786665,0.181971,1.276330,0.817020,-0.229641,0.985067,0.693827,0.226508,0.972019,0.855893
554,18.480100,0,0.038651,-0.216031,1.213000,0.003750,0.723115,0.661257,-0.183605,0.831425,0.568466,0.186311,0.747293,0.738610,-0.176887,1.283582,0.786743,0.182041,1.276677,0.817083,-0.230571,0.984475,0.696509,0.226579,0.972365,0.855956
555,18.513460,0,0.039225,-0.215865,1.213000,0.004331,0.723256,0.661258,-0.200894,0.837878,0.559485,0.186064,0.747676,0.738697,-0.177146,1.283426,0.786856,0.181795,1.277059,0.817168,-0.232388,0.983527,0.700268,0.226332,0.972748,0.856042
556,18.546810,0,0.039763,-0.215833,1.213000,0.004869,0.723265,0.661266,-0.210133,0.840543,0.554743,0.185471,0.748024,0.738789,-0.177755,1.283036,0.786983,0.181202,1.277408,0.817257,-0.233010,0.983204,0.700172,0.225739,0.973097,0.856133
557,18.580170,0,0.040231,-0.215866,1.213000,0.005336,0.723212,0.661276,-0.214962,0.841370,0.551137,0.184575,0.748385,0.738858,-0.178666,1.282509,0.787092,0.180307,1.277770,0.817322,-0.233096,0.983177,0.698062,0.224844,0.973459,0.856200
558,18.613530,0,0.040666,-0.216083,1.213000,0.005760,0.722977,0.661296,-0.218400,0.840464,0.551491,0.183505,0.748616,0.738891,-0.179751,1.281762,0.787171,0.179238,1.278001,0.817353,-0.234541,0.982374,0.698549,0.223774,0.973690,0.856232
559,18.646890,0,0.041083,-0.216392,1.213000,0.006163,0.722652,0.661320,-0.219539,0.839383,0.549953,0.182394,0.748773,0.738875,-0.180873,1.280927,0.787199,0.178128,1.278158,0.817335,-0.234895,0.982070,0.696341,0.222664,0.973847,0.856216
560,18.680240,0,0.041441,-0.216696,1.213000,0.006508,0.722333,0.661342,-0.219900,0.839163,0.544020,0.181327,0.748916,0.738801,-0.181950,1.280142,0.787169,0.177061,1.278301,0.817262,-0.233245,0.982948,0.689529,0.221596,0.973991,0.856142
561,18.713600,0,0.041721,-0.217048,1.213000,0.006772,0.721970,0.661366,-0.220150,0.839051,0.539812,0.180389,0.748961,0.738679,-0.182894,1.279394,0.787084,0.176123,1.278346,0.817141,-0.232066,0.983363,0.684923,0.220659,0.974035,0.856020
562,18.746960,0,0.041910,-0.217274,1.213000,0.006952,0.721736,0.661382,-0.220899,0.838631,0.539330,0.179661,0.749054,0.738511,-0.183626,1.278884,0.786946,0.175395,1.278438,0.816977,-0.232448,0.982883,0.684530,0.219930,0.974127,0.855854
563,18.780320,0,0.041955,-0.217437,1.213000,0.006990,0.721572,0.661391,-0.222179,0.838560,0.540465,0.179122,0.749117,0.738328,-0.184168,1.278559,0.786784,0.174854,1.278502,0.816796,-0.233826,0.981973,0.686486,0.219391,0.974190,0.855672
564,18.813670,0,0.041928,-0.217469,1.213000,0.006961,0.721541,0.661393,-0.223210,0.838900,0.540870,0.178836,0.749213,0.738156,-0.184456,1.278476,0.786625,0.174567,1.278596,0.816627,-0.234573,0.981506,0.687702,0.219104,0.974285,0.855501
565,18.847030,0,0.041814,-0.217434,1.213000,0.006848,0.721580,0.661389,-0.224455,0.838811,0.543502,0.178730,0.749284,0.738028,-0.184563,1.278543,0.786504,0.174461,1.278668,0.816500,-0.236200,0.980723,0.690974,0.218998,0.974357,0.855373
566,18.880390,0,0.041707,-0.217317,1.213000,0.006747,0.721702,0.661381,-0.225908,0.838688,0.547664,0.178821,0.749367,0.737952,-0.184473,1.278745,0.786431,0.174551,1.278751,0.816424,-0.238451,0.979800,0.695836,0.219089,0.974439,0.855297
567,18.913740,0,0.041553,-0.217159,1.213000,0.006600,0.721867,0.661369,-0.226952,0.838578,0.551357,0.178977,0.749449,0.737911,-0.184317,1.279020,0.786391,0.174707,1.278832,0.816384,-0.240152,0.979188,0.699949,0.219244,0.974521,0.855257
568,18.947100,0,0.041377,-0.217029,1.213000,0.006429,0.722003,0.661359,-0.228255,0.838312,0.555186,0.179167,0.749483,0.737875,-0.184126,1.279287,0.786354,0.174897,1.278867,0.816348,-0.241713,0.978627,0.704033,0.219435,0.974555,0.855221
569,18.980460,0,0.041238,-0.216865,1.213000,0.006298,0.722173,0.661348,-0.229174,0.838133,0.558501,0.179438,0.749547,0.737807,-0.183854,1.279608,0.786279,0.175169,1.278931,0.816280,-0.242924,0.978298,0.707463,0.219706,0.974619,0.855153
570,19.013810,0,0.041069,-0.216682,1.213000,0.006137,0.722362,0.661335,-0.229882,0.838160,0.560999,0.179731,0.749628,0.737688,-0.183560,1.279979,0.786148,0.175461,1.279011,0.816160,-0.243690,0.978166,0.710106,0.219999,0.974700,0.855034
571,19.047170,0,0.040885,-0.216491,1.213000,0.005961,0.722561,0.661321,-0.230873,0.838252,0.563254,0.180085,0.749708,0.737522,-0.183203,1.280397,0.785964,0.175815,1.279091,0.815994,-0.244100,0.978080,0.712579,0.220353,0.974780,0.854868
572,19.080530,0,0.040692,-0.216296,1.213000,0.005778,0.722764,0.661308,-0.231851,0.838479,0.565337,0.180527,0.749769,0.737330,-0.182758,1.280857,0.785750,0.176257,1.279153,0.815801,-0.244275,0.978044,0.714978,0.220795,0.974842,0.854675
573,19.113890,0,0.040546,-0.216148,1.213000,0.005638,0.722918,0.661297,-0.232084,0.838520,0.566744,0.181103,0.749753,0.737141,-0.182178,1.281298,0.785538,0.176833,1.279136,0.815612,-0.244131,0.978222,0.716288,0.221371,0.974825,0.854486
574,19.147240,0,0.040373,-0.216124,1.213000,0.005466,0.722949,0.661293,-0.231416,0.838727,0.566525,0.181697,0.749590,0.736985,-0.181579,1.281626,0.785362,0.177427,1.278974,0.815455,-0.243474,0.978581,0.715925,0.221965,0.974663,0.854329
575,19.180600,0,0.040287,-0.216262,1.213000,0.005374,0.722815,0.661298,-0.230426,0.838778,0.566177,0.182359,0.749251,0.736885,-0.180913,1.281772,0.785249,0.178088,1.278635,0.815355,-0.242798,0.978827,0.715369,0.222626,0.974324,0.854230
576,19.213960,0,0.040343,-0.216531,1.213000,0.005419,0.722544,0.661314,-0.229099,0.838168,0.566007,0.183073,0.748783,0.736861,-0.180193,1.281736,0.785220,0.178804,1.278167,0.815331,-0.242162,0.979033,0.714370,0.223341,0.973856,0.854206
577,19.247310,0,0.040522,-0.216866,1.213000,0.005582,0.722203,0.661335,-0.227711,0.836906,0.566236,0.183772,0.748264,0.736920,-0.179490,1.281565,0.785280,0.179503,1.277647,0.815391,-0.241614,0.979194,0.713157,0.224040,0.973336,0.854265
578,19.280670,0,0.040811,-0.217233,1.213000,0.005855,0.721824,0.661360,-0.226684,0.835416,0.566753,0.184430,0.747733,0.737057,-0.178829,1.281289,0.785420,0.180161,1.277117,0.815529,-0.241021,0.979205,0.712164,0.224698,0.972805,0.854402
579,19.314030,0,0.041155,-0.217466,1.213000,0.006189,0.721576,0.661379,-0.226500,0.833467,0.568797,0.184960,0.747373,0.737136,-0.178231,1.281092,0.785600,0.180757,1.276742,0.815707,-0.240997,0.979136,0.712308,0.225256,0.972418,0.854524
580,19.347380,0,0.041478,-0.217533,1.213000,0.006508,0.721496,0.661388,-0.227185,0.831571,0.571806,0.185379,0.747205,0.737182,-0.177718,1.281041,0.785766,0.181268,1.276556,0.815877,-0.241422,0.979034,0.713500,0.225713,0.972215,0.854624
581,19.380740,0,0.041689,-0.217467,1.213000,0.006722,0.721553,0.661388,-0.227773,0.830221,0.574073,0.185645,0.747188,0.737206,-0.177323,1.281138,0.785857,0.181661,1.276529,0.815980,-0.241680,0.979098,0.714312,0.226029,0.972171,0.854683
582,19.414100,0,0.041694,-0.217333,1.213000,0.006734,0.721686,0.661381,-0.228374,0.829411,0.575433,0.185684,0.747258,0.737214,-0.177116,1.281340,0.785825,0.181864,1.276603,0.815967,-0.241738,0.979260,0.714688,0.226135,0.972233,0.854683
583,19.447450,0,0.041547,-0.217267,1.213000,0.006589,0.721759,0.661375,-0.229017,0.828870,0.576617,0.185557,0.747287,0.737214,-0.177068,1.281512,0.785659,0.181909,1.276655,0.815820,-0.242117,0.979365,0.715199,0.226076,0.972281,0.854623
584,19.480810,0,0.041274,-0.217333,1.213000,0.006313,0.721704,0.661374,-0.230059,0.828438,0.577784,0.185290,0.747224,0.737208,-0.177209,1.281562,0.785382,0.181766,1.276631,0.815557,-0.242700,0.979246,0.716067,0.225859,0.972265,0.854509
585,19.514170,0,0.040937,-0.217567,1.213000,0.005967,0.721486,0.661380,-0.231285,0.827688,0.579213,0.184947,0.747047,0.737200,-0.177540,1.281425,0.785044,0.181434,1.276502,0.815224,-0.243728,0.978973,0.716992,0.225520,0.972159,0.854363
586,19.547530,0,0.040668,-0.217933,1.213000,0.005683,0.721131,0.661396,-0.232499,0.827122,0.580259,0.184661,0.746786,0.737192,-0.177961,1.281103,0.784707,0.181016,1.276290,0.814877,-0.244666,0.978466,0.717998,0.225181,0.971984,0.854210
587,19.580880,0,0.040534,-0.218367,1.213000,0.005530,0.720705,0.661416,-0.233808,0.826734,0.581550,0.184502,0.746492,0.737185,-0.178382,1.280657,0.784418,0.180600,1.276039,0.814562,-0.245779,0.977748,0.719667,0.224919,0.971778,0.854068
588,19.614240,0,0.040567,-0.218733,1.213000,0.005547,0.720338,0.661437,-0.235050,0.826444,0.582739,0.184511,0.746267,0.737175,-0.178688,1.280237,0.784198,0.180300,1.275848,0.814308,-0.246488,0.977008,0.721392,0.224806,0.971631,0.853950
589,19.647600,0,0.040734,-0.218917,1.213000,0.005705,0.720148,0.661450,-0.236095,0.826257,0.583648,0.184665,0.746194,0.737160,-0.178806,1.279990,0.784054,0.180187,1.275797,0.814126,-0.246558,0.976434,0.722796,0.224855,0.971616,0.853859
590,19.680960,0,0.041017,-0.218908,1.213000,0.005988,0.720144,0.661454,-0.236791,0.826281,0.584507,0.184948,0.746253,0.737144,-0.178668,1.279955,0.783982,0.180329,1.275867,0.814021,-0.246304,0.976096,0.724114,0.225085,0.971706,0.853802
591,19.714310,0,0.041258,-0.218704,1.213000,0.006238,0.720337,0.661448,-0.237544,0.826489,0.584636,0.185203,0.746446,0.737126,-0.178402,1.280155,0.783969,0.180597,1.276063,0.813987,-0.244870,0.975901,0.724805,0.225351,0.971902,0.853774
592,19.747670,0,0.041429,-0.218452,1.213000,0.006420,0.720581,0.661437,-0.238105,0.827064,0.583333,0.185393,0.746640,0.737113,-0.178079,1.280437,0.784002,0.180920,1.276253,0.814012,-0.242455,0.975837,0.724305,0.225600,0.972078,0.853776
593,19.781030,0,0.041515,-0.218176,1.213000,0.006517,0.720853,0.661424,-0.238629,0.827760,0.581744,0.185498,0.746846,0.737104,-0.177803,1.280753,0.784054,0.181194,1.276450,0.814067,-0.240077,0.975897,0.723442,0.225776,0.972256,0.853795
594,19.814380,0,0.041507,-0.217988,1.213000,0.006518,0.721041,0.661413,-0.238555,0.828538,0.579975,0.185502,0.746990,0.737101,-0.177692,1.280965,0.784098,0.181303,1.276587,0.814118,-0.238710,0.976096,0.722283,0.225822,0.972380,0.853816
595,19.847740,0,0.041404,-0.217944,1.213000,0.006417,0.721089,0.661409,-0.238812,0.828694,0.578826,0.185397,0.747049,0.737101,-0.177838,1.280996,0.784108,0.181157,1.276644,0.814136,-0.237952,0.976167,0.721220,0.225698,0.972438,0.853825
596,19.881100,0,0.041352,-0.218072,1.213000,0.006359,0.720964,0.661415,-0.238810,0.828392,0.578045,0.185329,0.747003,0.737106,-0.178128,1.280802,0.784076,0.180868,1.276601,0.814104,-0.238009,0.976143,0.720150,0.225536,0.972417,0.853814
597,19.914460,0,0.041326,-0.218236,1.213000,0.006326,0.720801,0.661423,-0.239081,0.827697,0.578070,0.185279,0.746981,0.737104,-0.178558,1.280528,0.783997,0.180443,1.276589,0.814015,-0.238568,0.975992,0.719609,0.225329,0.972443,0.853774
598,19.947810,0,0.041413,-0.218418,1.213000,0.006405,0.720616,0.661435,-0.239259,0.826810,0.578924,0.185339,0.746971,0.737099,-0.178966,1.280207,0.783889,0.180040,1.276592,0.813887,-0.239780,0.975777,0.719756,0.225197,0.972495,0.853714
599,19.981170,0,0.041556,-0.218559,1.213000,0.006543,0.720469,0.661445,-0.240056,0.825478,0.579869,0.185459,0.747002,0.737090,-0.179315,1.279927,0.783773,0.179695,1.276637,0.813745,-0.240212,0.975534,0.719541,0.225125,0.972591,0.853645
600,20.014530,0,0.041728,-0.218630,1.213000,0.006711,0.720392,0.661452,-0.240518,0.824313,0.580292,0.185613,0.747073,0.737077,-0.179549,1.279739,0.783669,0.179466,1.276721,0.813616,-0.240424,0.975488,0.718752,0.225123,0.972716,0.853579
601,20.047890,0,0.041864,-0.218615,1.213000,0.006847,0.720401,0.661454,-0.240984,0.823356,0.580853,0.185741,0.747178,0.737064,-0.179671,1.279679,0.783595,0.179348,1.276835,0.813521,-0.240485,0.975510,0.718236,0.225151,0.972859,0.853530
602,20.081250,0,0.041832,-0.218507,1.213000,0.006820,0.720509,0.661447,-0.241369,0.822465,0.581650,0.185712,0.747319,0.737051,-0.179780,1.279768,0.783555,0.179240,1.276980,0.813471,-0.240741,0.975710,0.717813,0.225090,0.973014,0.853499
603,20.114600,0,0.041666,-0.218304,1.213000,0.006663,0.720719,0.661433,-0.241851,0.821839,0.582513,0.185559,0.747495,0.737039,-0.179833,1.280012,0.783544,0.179186,1.277156,0.813464,-0.240814,0.975993,0.717644,0.224979,0.973181,0.853490
604,20.147960,0,0.041283,-0.218102,1.213000,0.006289,0.720937,0.661416,-0.242192,0.821558,0.582884,0.185196,0.747618,0.737031,-0.179930,1.280316,0.783552,0.179086,1.277278,0.813487,-0.240811,0.976360,0.717269,0.224724,0.973278,0.853497
605,20.181320,0,0.040792,-0.217951,1.213000,0.005805,0.721108,0.661399,-0.242725,0.821532,0.582913,0.184726,0.747653,0.737027,-0.180011,1.280616,0.783561,0.179001,1.277312,0.813518,-0.240326,0.976618,0.716956,0.224413,0.973275,0.853510
606,20.214680,0,0.040296,-0.217976,1.213000,0.005308,0.721105,0.661391,-0.243409,0.821485,0.582811,0.184247,0.747503,0.737030,-0.180063,1.280759,0.783556,0.178945,1.277165,0.813535,-0.239524,0.976639,0.716740,0.224109,0.973091,0.853522
607,20.248030,0,0.039948,-0.218188,1.213000,0.004952,0.720908,0.661396,-0.243901,0.821391,0.582622,0.183905,0.747198,0.737039,-0.180072,1.280684,0.783530,0.178932,1.276866,0.813518,-0.238816,0.976444,0.716629,0.223905,0.972766,0.853521
608,20.281390,0,0.039924,-0.218644,1.213000,0.004908,0.720454,0.661421,-0.244222,0.820946,0.582392,0.183868,0.746726,0.737053,-0.180025,1.280274,0.783489,0.178979,1.276406,0.813464,-0.238186,0.975963,0.716401,0.223907,0.972303,0.853504
609,20.314750,0,0.040312,-0.219322,1.213000,0.005266,0.719761,0.661464,-0.244528,0.820251,0.582036,0.184219,0.746152,0.737071,-0.179978,1.279499,0.783441,0.179032,1.275844,0.813375,-0.237517,0.975106,0.716185,0.224141,0.971776,0.853472
610,20.348100,0,0.041156,-0.220161,1.213000,0.006073,0.718888,0.661524,-0.244838,0.819287,0.582397,0.185002,0.745557,0.737090,-0.179954,1.278390,0.783390,0.179066,1.275261,0.813256,-0.237312,0.973790,0.716923,0.224621,0.971269,0.853424
611,20.381460,0,0.042378,-0.220931,1.213000,0.007260,0.718069,0.661588,-0.244905,0.818329,0.581864,0.186148,0.745159,0.737101,-0.179982,1.277194,0.783321,0.179052,1.274873,0.813102,-0.237037,0.972579,0.716661,0.225292,0.970995,0.853355
612,20.414820,0,0.043789,-0.221515,1.213000,0.008644,0.717425,0.661644,-0.245195,0.817608,0.579642,0.187477,0.745029,0.737103,-0.180086,1.276084,0.783223,0.178961,1.274749,0.812913,-0.236008,0.971712,0.714523,0.226037,0.971013,0.853264
613,20.448180,0,0.045145,-0.221758,1.213000,0.009988,0.717126,0.661681,-0.245640,0.817340,0.575858,0.188760,0.745254,0.737090,-0.180265,1.275304,0.783093,0.178791,1.274976,0.812705,-0.234699,0.971578,0.710454,0.226718,0.971387,0.853159
614,20.481530,0,0.046272,-0.221579,1.213000,0.011122,0.717256,0.661692,-0.245930,0.817634,0.571213,0.189838,0.745828,0.737067,-0.180428,1.275021,0.782963,0.178632,1.275548,0.812524,-0.233408,0.972320,0.705155,0.227280,0.972085,0.853062
615,20.514890,0,0.047036,-0.220989,1.213000,0.011911,0.717812,0.661674,-0.246147,0.818571,0.566446,0.190585,0.746667,0.737039,-0.180497,1.275290,0.782902,0.178562,1.276376,0.812449,-0.232048,0.973810,0.699589,0.227681,0.972992,0.853013
616,20.548250,0,0.047368,-0.220145,1.213000,0.012279,0.718640,0.661634,-0.246073,0.820108,0.562591,0.190933,0.747567,0.737021,-0.180428,1.275985,0.783003,0.178629,1.277249,0.812577,-0.230757,0.975515,0.695404,0.227903,0.973879,0.853060
617,20.581610,0,0.047334,-0.219172,1.213000,0.012287,0.719612,0.661581,-0.245714,0.821870,0.560714,0.190943,0.748388,0.737021,-0.180150,1.276963,0.783346,0.178902,1.278017,0.812983,-0.229698,0.976919,0.693862,0.228011,0.974591,0.853241
618,20.614970,0,0.047117,-0.218286,1.213000,0.012109,0.720505,0.661529,-0.244806,0.823475,0.560421,0.190786,0.748934,0.737051,-0.179580,1.277967,0.783965,0.179466,1.278481,0.813694,-0.228890,0.977957,0.694238,0.228140,0.974935,0.853572
619,20.648320,0,0.046809,-0.217543,1.213000,0.011833,0.721259,0.661483,-0.243573,0.824786,0.560261,0.190543,0.749206,0.737107,-0.178792,1.278889,0.784818,0.180245,1.278643,0.814653,-0.227944,0.979082,0.694326,0.228308,0.974933,0.854026
620,20.681680,0,0.046654,-0.217022,1.213000,0.011702,0.721786,0.661453,-0.241414,0.825852,0.560763,0.190449,0.749194,0.737185,-0.177736,1.279595,0.785800,0.181290,1.278503,0.815746,-0.227160,0.979817,0.695361,0.228674,0.974613,0.854550
621,20.715040,0,0.046677,-0.216711,1.213000,0.011738,0.722095,0.661436,-0.238985,0.826707,0.561032,0.190519,0.748988,0.737272,-0.176570,1.280066,0.786770,0.182444,1.278167,0.816820,-0.226257,0.980405,0.696088,0.229180,0.974106,0.855069
622,20.748390,0,0.046989,-0.216605,1.213000,0.012054,0.722187,0.661436,-0.235872,0.827005,0.561074,0.190862,0.748651,0.737360,-0.175320,1.280286,0.787596,0.183683,1.277718,0.817735,-0.225297,0.980936,0.696051,0.229882,0.973517,0.855520
623,20.781750,0,0.047544,-0.216653,1.213000,0.012607,0.722116,0.661448,-0.232320,0.827095,0.561510,0.191432,0.748274,0.737439,-0.174100,1.280307,0.788191,0.184893,1.277259,0.818401,-0.224757,0.981075,0.696632,0.230707,0.972960,0.855857
624,20.815110,0,0.048222,-0.216676,1.213000,0.013283,0.722064,0.661462,-0.228264,0.826860,0.561732,0.192116,0.748040,0.737496,-0.173029,1.280311,0.788535,0.185957,1.276978,0.818798,-0.224344,0.981366,0.696406,0.231539,0.972620,0.856065
625,20.848470,0,0.049061,-0.216588,1.213000,0.014125,0.722116,0.661472,-0.225326,0.826196,0.563723,0.192958,0.748012,0.737533,-0.172021,1.280386,0.788691,0.186961,1.276927,0.818991,-0.224674,0.981308,0.697756,0.232441,0.972544,0.856172
626,20.881820,0,0.049881,-0.216344,1.213000,0.014954,0.722325,0.661473,-0.221849,0.825600,0.566501,0.193781,0.748206,0.737553,-0.171200,1.280571,0.788781,0.187779,1.277107,0.819108,-0.226185,0.981348,0.699726,0.233256,0.972717,0.856237
627,20.915180,0,0.050690,-0.215822,1.213000,0.015785,0.722811,0.661459,-0.218797,0.824795,0.569022,0.194601,0.748714,0.737559,-0.170523,1.280967,0.788941,0.188455,1.277586,0.819291,-0.227099,0.981856,0.700506,0.234009,0.973195,0.856321
628,20.948540,0,0.051445,-0.215061,1.213000,0.016573,0.723538,0.661432,-0.217227,0.823717,0.571792,0.195368,0.749488,0.737562,-0.170054,1.281503,0.789282,0.188924,1.278300,0.819655,-0.227655,0.982549,0.700976,0.234643,0.973909,0.856480
629,20.981900,0,0.052123,-0.214131,1.213000,0.017290,0.724438,0.661394,-0.216386,0.823087,0.574298,0.196055,0.750471,0.737568,-0.169867,1.282089,0.789836,0.189112,1.279187,0.820236,-0.228341,0.983261,0.701681,0.235111,0.974799,0.856734
630,21.015250,0,0.052761,-0.213115,1.213000,0.017972,0.725424,0.661350,-0.216177,0.822791,0.576178,0.196694,0.751597,0.737577,-0.169962,1.282639,0.790547,0.189017,1.280188,0.820976,-0.228830,0.983919,0.702283,0.235432,0.975813,0.857056
631,21.048610,0,0.053381,-0.212158,1.213000,0.018632,0.726353,0.661309,-0.217064,0.822153,0.577226,0.197300,0.752737,0.737589,-0.170311,1.283045,0.791284,0.188669,1.281194,0.821742,-0.228409,0.984522,0.701856,0.235626,0.976852,0.857392
632,21.081970,0,0.053940,-0.211329,1.213000,0.019227,0.727155,0.661275,-0.215176,0.822593,0.578530,0.197882,0.753108,0.737735,-0.168913,1.283908,0.792157,0.190041,1.281419,0.822874,-0.227129,0.985509,0.702387,0.236481,0.976935,0.857986
633,21.115330,0,0.054420,-0.210664,1.213000,0.019735,0.727798,0.661247,-0.213295,0.823694,0.580875,0.198391,0.753336,0.737845,-0.167517,1.284694,0.792788,0.191415,1.281542,0.823707,-0.227983,0.986137,0.705059,0.237307,0.976930,0.858427
634,21.148680,0,0.054760,-0.210182,1.213000,0.020096,0.728264,0.661227,-0.211377,0.824658,0.583181,0.198745,0.753548,0.737923,-0.166578,1.285290,0.793045,0.192336,1.281706,0.824125,-0.229866,0.986727,0.707345,0.237864,0.977019,0.858668
635,21.182040,0,0.054930,-0.209791,1.213000,0.020283,0.728647,0.661209,-0.208571,0.825448,0.583957,0.198910,0.753797,0.738001,-0.166047,1.285810,0.792934,0.192848,1.281959,0.824206,-0.230887,0.987502,0.707511,0.238130,0.977238,0.858769
636,21.215400,0,0.054965,-0.209396,1.213000,0.020335,0.729040,0.661188,-0.205576,0.826356,0.583325,0.198923,0.754096,0.738102,-0.165704,1.286385,0.792552,0.193164,1.282297,0.824091,-0.230888,0.988379,0.706342,0.238209,0.977558,0.858810
637,21.248760,112,0.054933,-0.208898,1.213000,0.020324,0.729538,0.661161,-0.203590,0.827282,0.582428,0.203903,0.741494,0.772409,-0.165358,1.287117,0.792035,0.193476,1.282735,0.823925,-0.230461,0.989297,0.705124,0.238073,0.978739,0.865127
638,21.282110,112,0.054916,-0.208249,1.213000,0.020336,0.730187,0.661126,-0.201633,0.827978,0.581167,0.206837,0.736942,0.789452,-0.164921,1.288019,0.791520,0.193870,1.283279,0.823834,-0.229143,0.990445,0.703121,0.238090,0.979643,0.867991
639,21.315470,112,0.054958,-0.207474,1.213000,0.020411,0.730957,0.661085,-0.200092,0.828972,0.579241,0.208362,0.735265,0.797643,-0.164462,1.289000,0.791124,0.194281,1.283910,0.823910,-0.227179,0.991599,0.701076,0.238177,0.980361,0.868975
640,21.348830,120,0.055229,-0.206637,1.213000,0.020718,0.731781,0.661044,-0.182854,0.836245,0.566882,0.209132,0.734679,0.801547,-0.163967,1.289922,0.790927,0.194728,1.284594,0.824197,-0.218325,0.992989,0.694154,0.238262,0.980953,0.868999
641,21.382190,122,0.055815,-0.205769,1.213000,0.021341,0.732623,0.661008,-0.173182,0.842800,0.556972,0.209501,0.734588,0.803524,-0.163475,1.290704,0.790961,0.195178,1.285336,0.824678,-0.211543,0.994142,0.689822,0.238274,0.981518,0.868690
642,21.415540,126,0.056607,-0.204884,1.213000,0.022171,0.733471,0.660974,-0.174001,0.848763,0.548479,0.209528,0.734850,0.804696,-0.163126,1.291328,0.791206,0.195497,1.286157,0.825279,-0.207940,0.994907,0.688175,0.238099,0.982157,0.868509
643,21.448900,126,0.057654,-0.204042,1.213000,0.023253,0.734267,0.660947,-0.180388,0.854035,0.541260,0.209385,0.735433,0.805451,-0.162806,1.291766,0.791622,0.195802,1.287000,0.825911,-0.205759,0.995458,0.687482,0.237900,0.982875,0.868761
644,21.482260,126,0.058777,-0.203271,1.213000,0.024409,0.734988,0.660925,-0.184926,0.857217,0.537377,0.208994,0.736365,0.805721,-0.162545,1.292057,0.792161,0.196064,1.287817,0.826500,-0.204189,0.995872,0.687139,0.237680,0.983654,0.869551
645,21.515620,126,0.059938,-0.202486,1.213000,0.025603,0.735722,0.660904,-0.186596,0.858989,0.535603,0.208383,0.737753,0.805238,-0.162206,1.292350,0.792786,0.196421,1.288652,0.827007,-0.202741,0.996295,0.686968,0.237576,0.984531,0.870792
646,21.548970,126,0.060919,-0.201693,1.213000,0.026617,0.736472,0.660878,-0.186809,0.860118,0.534833,0.207394,0.739562,0.803767,-0.161863,1.292706,0.793463,0.196792,1.289464,0.827431,-0.201396,0.996764,0.686952,0.237489,0.985433,0.872255
647,21.582330,126,0.061710,-0.200896,1.213000,0.027441,0.737232,0.660849,-0.186358,0.861003,0.534595,0.206092,0.741692,0.801295,-0.161452,1.293154,0.794155,0.197238,1.290225,0.827789,-0.200117,0.997289,0.687113,0.237459,0.986289,0.873668
648,21.615690,126,0.062255,-0.200048,1.213000,0.028023,0.738055,0.660813,-0.185830,0.861913,0.534628,0.204533,0.744038,0.798121,-0.161031,1.293759,0.794797,0.197693,1.290987,0.828081,-0.199030,0.997921,0.687444,0.237432,0.987115,0.874802
649,21.649050,126,0.062627,-0.199224,1.213000,0.028431,0.738862,0.660775,-0.185531,0.862860,0.534777,0.202922,0.746308,0.794846,-0.160601,1.294436,0.795328,0.198151,1.291700,0.828301,-0.198198,0.998572,0.687901,0.237439,0.987852,0.875556
650,21.682400,126,0.062864,-0.198412,1.213000,0.028702,0.739662,0.660736,-0.185643,0.863859,0.534940,0.201445,0.748265,0.792229,-0.160224,1.295171,0.795700,0.198550,1.292410,0.828429,-0.197707,0.999249,0.688397,0.237470,0.988558,0.875958
651,21.715760,126,0.063032,-0.197706,1.213000,0.028901,0.740359,0.660700,-0.186183,0.864761,0.535071,0.200302,0.749579,0.790982,-0.159924,1.295843,0.795913,0.198866,1.293050,0.828464,-0.197556,0.999856,0.688840,0.237538,0.989187,0.876131
652,21.749120,126,0.063216,-0.197103,1.213000,0.029111,0.740953,0.660671,-0.187028,0.865488,0.535166,0.199666,0.750099,0.791550,-0.159670,1.296423,0.796004,0.199133,1.293629,0.828425,-0.197649,1.000401,0.689149,0.237671,0.989766,0.876194
653,21.782480,126,0.063458,-0.196602,1.213000,0.029374,0.741443,0.660648,-0.188030,0.865964,0.535251,0.199576,0.749813,0.793966,-0.159437,1.296890,0.796030,0.199374,1.294140,0.828356,-0.197869,1.000892,0.689272,0.237838,0.990278,0.876195
654,21.815830,126,0.063829,-0.196201,1.213000,0.029762,0.741827,0.660633,-0.188991,0.866126,0.535370,0.199976,0.748857,0.797811,-0.159149,1.297232,0.796047,0.199667,1.294561,0.828315,-0.198040,1.001326,0.689201,0.238017,0.990674,0.876085
655,21.849190,14,0.064264,-0.195850,1.213000,0.030213,0.742158,0.660622,-0.189861,0.865988,0.535564,0.200756,0.749379,0.797097,-0.158861,1.297500,0.796069,0.199956,1.294930,0.828343,-0.198124,1.001741,0.688952,0.238437,0.991043,0.876013
656,21.882550,14,0.064832,-0.195475,1.213000,0.030796,0.742508,0.660612,-0.190462,0.865618,0.535853,0.201357,0.749842,0.796831,-0.158497,1.297773,0.796069,0.200311,1.295315,0.828448,-0.197966,1.002185,0.688556,0.238857,0.991430,0.876067
657,21.915910,14,0.065516,-0.195138,1.213000,0.031494,0.742815,0.660606,-0.190699,0.864989,0.536230,0.201875,0.750233,0.796800,-0.158084,1.298000,0.795996,0.200705,1.295667,0.828601,-0.197525,1.002563,0.688059,0.239283,0.991782,0.876197
658,21.949260,14,0.066308,-0.194869,1.213000,0.032297,0.743050,0.660606,-0.190425,0.864159,0.536646,0.202366,0.750558,0.796847,-0.157623,1.298167,0.795790,0.201134,1.295973,0.828742,-0.196760,1.002816,0.687507,0.239729,0.992088,0.876324
659,21.982620,14,0.067204,-0.194784,1.213000,0.033195,0.743096,0.660617,-0.189470,0.863139,0.537036,0.202893,0.750724,0.796854,-0.157089,1.298182,0.795417,0.201630,1.296129,0.828795,-0.195640,1.002819,0.686958,0.240233,0.992244,0.876371
660,22.015980,14,0.068202,-0.194942,1.213000,0.034185,0.742896,0.660643,-0.187702,0.862006,0.537345,0.203546,0.750676,0.796727,-0.156412,1.298011,0.794880,0.202268,1.296076,0.828691,-0.194152,1.002526,0.686469,0.240875,0.992191,0.876265
661,22.049340,14,0.069151,-0.195521,1.213000,0.035108,0.742278,0.660691,-0.185255,0.860686,0.537566,0.204277,0.750231,0.796402,-0.155655,1.297510,0.794206,0.202991,1.295628,0.828378,-0.192476,1.001801,0.686091,0.241600,0.991743,0.875950
662,22.082690,14,0.070026,-0.196511,1.213000,0.035939,0.741254,0.660760,-0.182291,0.859234,0.537718,0.205146,0.749389,0.795833,-0.154770,1.296709,0.793424,0.203855,1.294786,0.827815,-0.190725,1.000696,0.685848,0.242466,0.990900,0.875385
663,22.116050,14,0.070763,-0.197855,1.213000,0.036617,0.739881,0.660846,-0.179137,0.857696,0.537826,0.206106,0.748207,0.795003,-0.153809,1.295662,0.792548,0.204810,1.293603,0.826987,-0.189108,0.999297,0.685727,0.243423,0.989718,0.874558
664,22.149410,14,0.071381,-0.199428,1.213000,0.037167,0.738286,0.660942,-0.176096,0.856150,0.537892,0.207101,0.746824,0.793939,-0.152824,1.294467,0.791580,0.205803,1.292220,0.825925,-0.187787,0.997728,0.685690,0.244417,0.988335,0.873495
665,22.182760,14,0.071891,-0.201064,1.213000,0.037604,0.736632,0.661039,-0.173455,0.854690,0.537906,0.208005,0.745418,0.792723,-0.151936,1.293235,0.790528,0.206705,1.290814,0.824709,-0.186919,0.996126,0.685688,0.245320,0.986929,0.872279
666,22.216120,14,0.072295,-0.202532,1.213000,0.037945,0.735151,0.661126,-0.171399,0.853473,0.537853,0.208683,0.744225,0.791479,-0.151272,1.292139,0.789423,0.207382,1.289620,0.823466,-0.186586,0.994683,0.685684,0.245997,0.985735,0.871036
667,22.249480,14,0.072648,-0.203666,1.213000,0.038247,0.734004,0.661193,-0.169927,0.852599,0.537745,0.209101,0.743392,0.790348,-0.150856,1.291298,0.788325,0.207801,1.288788,0.822336,-0.186713,0.993533,0.685667,0.246416,0.984903,0.869905
668,22.282840,14,0.072974,-0.204433,1.213000,0.038540,0.733225,0.661240,-0.168934,0.852052,0.537626,0.209284,0.742922,0.789442,-0.150663,1.290726,0.787317,0.207985,1.288317,0.821430,-0.187143,0.992692,0.685660,0.246599,0.984433,0.869000
669,22.316190,14,0.073337,-0.204867,1.213000,0.038884,0.732777,0.661270,-0.168181,0.851772,0.537555,0.209374,0.742744,0.788802,-0.150553,1.290395,0.786473,0.208077,1.288139,0.820790,-0.187609,0.992134,0.685697,0.246690,0.984254,0.868360
670,22.349550,14,0.073718,-0.205033,1.213000,0.039258,0.732595,0.661286,-0.167466,0.851684,0.537578,0.209478,0.742766,0.788389,-0.150426,1.290275,0.785834,0.208183,1.288161,0.820377,-0.187905,0.991816,0.685802,0.246795,0.984276,0.867946
671,22.382910,14,0.074109,-0.205017,1.213000,0.039649,0.732595,0.661292,-0.166603,0.851714,0.537715,0.209711,0.742895,0.788110,-0.150177,1.290325,0.785398,0.208417,1.288291,0.820098,-0.187862,0.991690,0.685971,0.247029,0.984405,0.867668
672,22.416270,14,0.074505,-0.204908,1.213000,0.040049,0.732686,0.661293,-0.165475,0.851783,0.537944,0.210140,0.743050,0.787858,-0.149746,1.290490,0.785118,0.208845,1.288445,0.819846,-0.187396,0.991692,0.686166,0.247457,0.984560,0.867416
673,22.449620,14,0.074952,-0.204704,1.213000,0.040505,0.732871,0.661290,-0.164013,0.851902,0.538213,0.210804,0.743259,0.787547,-0.149091,1.290788,0.784909,0.209510,1.288655,0.819534,-0.186481,0.991833,0.686333,0.248121,0.984770,0.867104
674,22.482980,0,0.075426,-0.204502,1.213000,0.040987,0.733052,0.661287,-0.162352,0.845571,0.547264,0.211586,0.743463,0.787147,-0.148325,1.291115,0.784684,0.210292,1.288858,0.819134,-0.188537,0.991706,0.688628,0.248903,0.984973,0.866704
675,22.516340,0,0.075913,-0.204201,1.213000,0.041486,0.733332,0.661280,-0.152218,0.840117,0.553969,0.212346,0.743794,0.786679,-0.147581,1.291543,0.784380,0.211051,1.289189,0.818665,-0.186503,0.992461,0.686787,0.249663,0.985304,0.866235
676,22.549690,0,0.076357,-0.203851,1.213000,0.041944,0.733662,0.661269,-0.146224,0.837073,0.557722,0.212904,0.744223,0.786212,-0.147030,1.291988,0.783990,0.211609,1.289618,0.818198,-0.184572,0.993229,0.684881,0.250221,0.985733,0.865768
677,22.583050,0,0.076828,-0.203475,1.213000,0.042432,0.734017,0.661257,-0.142513,0.838077,0.557482,0.213270,0.744719,0.785829,-0.146660,1.292393,0.783569,0.211976,1.290114,0.817816,-0.184082,0.993662,0.684330,0.250587,0.986229,0.865386
678,22.616410,0,0.077364,-0.203038,1.213000,0.042986,0.734431,0.661243,-0.139702,0.838620,0.557714,0.213502,0.745295,0.785586,-0.146416,1.292781,0.783191,0.212208,1.290690,0.817573,-0.183777,0.994064,0.683886,0.250819,0.986805,0.865143
679,22.649770,0,0.077932,-0.202569,1.213000,0.043574,0.734874,0.661228,-0.137511,0.839960,0.556924,0.213658,0.745891,0.785493,-0.146244,1.293139,0.782921,0.212364,1.291287,0.817479,-0.183574,0.994429,0.683584,0.250975,0.987401,0.865050
680,22.683120,0,0.078566,-0.202184,1.213000,0.044224,0.735231,0.661218,-0.135587,0.840502,0.557035,0.213901,0.746361,0.785518,-0.145986,1.293389,0.782789,0.212608,1.291757,0.817505,-0.183301,0.994683,0.683434,0.251219,0.987871,0.865075
681,22.716480,0,0.079233,-0.201792,1.213000,0.044907,0.735593,0.661209,-0.133341,0.840429,0.558133,0.214337,0.746777,0.785587,-0.145541,1.293674,0.782760,0.213044,1.292172,0.817574,-0.182849,0.994970,0.683397,0.251655,0.988287,0.865144
682,22.749840,0,0.079917,-0.201446,1.213000,0.045605,0.735910,0.661202,-0.131149,0.840472,0.559075,0.215035,0.747079,0.785630,-0.144841,1.293988,0.782770,0.213741,1.292475,0.817617,-0.182144,0.995285,0.683403,0.252352,0.988589,0.865187
683,22.783200,0,0.080558,-0.201123,1.213000,0.046260,0.736205,0.661196,-0.128971,0.841476,0.558802,0.215948,0.747305,0.785592,-0.143928,1.294376,0.782739,0.214655,1.292701,0.817579,-0.181229,0.995673,0.683371,0.253266,0.988815,0.865149
684,22.816550,0,0.081129,-0.200662,1.213000,0.046850,0.736641,0.661181,-0.126876,0.843266,0.557661,0.216970,0.747648,0.785445,-0.142905,1.294988,0.782595,0.215676,1.293043,0.817431,-0.180205,0.996285,0.683225,0.254288,0.989158,0.865002
685,22.849910,10,0.081665,-0.200081,1.213000,0.047411,0.737197,0.661160,-0.128463,0.850436,0.548910,0.217962,0.748134,0.785208,-0.141908,1.295749,0.782314,0.216668,1.293529,0.817194,-0.177383,0.996372,0.684315,0.255279,0.989644,0.864765
686,22.883270,14,0.082282,-0.199240,1.213000,0.048064,0.738010,0.661125,-0.132454,0.854873,0.543287,0.218822,0.748954,0.784921,-0.141036,1.296715,0.781911,0.217527,1.294349,0.816907,-0.175878,0.997110,0.684382,0.256139,0.990464,0.864477
687,22.916630,14,0.083041,-0.198120,1.213000,0.048871,0.739095,0.661078,-0.134836,0.856974,0.540982,0.219390,0.750178,0.784634,-0.140450,1.297815,0.781448,0.218096,1.295574,0.816621,-0.175204,0.998166,0.684022,0.256708,0.991689,0.864191
688,22.949980,14,0.084021,-0.196760,1.213000,0.049908,0.740410,0.661022,-0.136411,0.857894,0.540304,0.219594,0.751800,0.784386,-0.140229,1.298936,0.781007,0.218301,1.297195,0.816372,-0.175059,0.999282,0.683625,0.256912,0.993310,0.863943
689,22.983340,14,0.085260,-0.195280,1.213000,0.051211,0.741834,0.660964,-0.137626,0.858212,0.540433,0.219429,0.753705,0.784186,-0.140380,1.299925,0.780660,0.218139,1.299101,0.816167,-0.175213,1.000226,0.683417,0.256748,0.995216,0.863740
690,23.016700,14,0.086680,-0.193740,1.213000,0.052696,0.743310,0.660906,-0.138621,0.858343,0.540885,0.218909,0.755814,0.784002,-0.140895,1.300744,0.780441,0.217622,1.301210,0.815975,-0.175510,1.000929,0.683480,0.256230,0.997326,0.863553
691,23.050060,14,0.088190,-0.192320,1.213000,0.054266,0.744662,0.660856,-0.139323,0.858450,0.541350,0.218141,0.757897,0.783798,-0.141668,1.301286,0.780350,0.216856,1.303293,0.815761,-0.175788,1.001277,0.683813,0.255463,0.999410,0.863344
692,23.083410,14,0.089695,-0.191210,1.213000,0.055818,0.745705,0.660823,-0.139620,0.858572,0.541648,0.217284,0.759695,0.783554,-0.142536,1.301463,0.780360,0.216001,1.305092,0.815509,-0.175910,1.001199,0.684356,0.254606,1.001209,0.863097
693,23.116770,14,0.090998,-0.190455,1.213000,0.057152,0.746403,0.660806,-0.139576,0.858763,0.541717,0.216397,0.761096,0.783278,-0.143438,1.301340,0.780423,0.215114,1.306493,0.815231,-0.175912,1.000789,0.685012,0.253719,1.002610,0.862820
694,23.150130,14,0.091949,-0.190128,1.213000,0.058116,0.746689,0.660805,-0.139326,0.858916,0.541605,0.215532,0.761965,0.783018,-0.144317,1.300938,0.780506,0.214247,1.307363,0.814975,-0.175869,1.000107,0.685669,0.252853,1.003479,0.862562
695,23.183490,14,0.092524,-0.190214,1.213000,0.058687,0.746579,0.660820,-0.138959,0.858896,0.541416,0.214786,0.762275,0.782829,-0.145073,1.300326,0.780591,0.213499,1.307671,0.814795,-0.175803,0.999269,0.686201,0.252107,1.003787,0.862377
696,23.216840,14,0.092812,-0.190507,1.213000,0.058962,0.746274,0.660841,-0.138473,0.858712,0.541263,0.214306,0.762208,0.782735,-0.145559,1.299731,0.780660,0.213016,1.307604,0.814709,-0.175651,0.998541,0.686490,0.251625,1.003720,0.862287
697,23.250200,14,0.092806,-0.190853,1.213000,0.058941,0.745929,0.660859,-0.137945,0.858339,0.541248,0.214084,0.761928,0.782714,-0.145785,1.299305,0.780697,0.212792,1.307324,0.814695,-0.175458,0.998096,0.686458,0.251402,1.003439,0.862268
698,23.283560,14,0.092653,-0.191077,1.213000,0.058778,0.745712,0.660869,-0.137269,0.857831,0.541443,0.214224,0.761635,0.782699,-0.145650,1.299207,0.780673,0.212931,1.307031,0.814682,-0.175113,0.998085,0.686087,0.251542,1.003146,0.862254
699,23.316920,14,0.092427,-0.191088,1.213000,0.058552,0.745710,0.660865,-0.136405,0.857248,0.541879,0.214713,0.761462,0.782602,-0.145168,1.299491,0.780552,0.213420,1.306857,0.814585,-0.174593,0.998538,0.685420,0.252031,1.002972,0.862157
700,23.350270,14,0.092213,-0.190794,1.213000,0.058351,0.746013,0.660845,-0.135307,0.856733,0.542528,0.214892,0.761543,0.782524,-0.144386,1.300205,0.780295,0.214214,1.306950,0.814327,-0.173891,0.999459,0.684534,0.252484,1.003037,0.861998
701,23.383630,14,0.092107,-0.190197,1.213000,0.058271,0.746613,0.660811,-0.133952,0.856396,0.543304,0.215028,0.761928,0.782438,-0.143383,1.301282,0.779883,0.215232,1.307357,0.813878,-0.173037,1.000741,0.683525,0.253018,1.003415,0.861748
702,23.416990,14,0.092003,-0.189449,1.213000,0.058200,0.747364,0.660769,-0.132535,0.856230,0.544087,0.215089,0.762519,0.782348,-0.142457,1.302503,0.779335,0.216173,1.307976,0.813278,-0.172281,1.002133,0.682498,0.253477,1.004018,0.861427
703,23.450340,14,0.091952,-0.188624,1.213000,0.058184,0.748189,0.660724,-0.131091,0.856286,0.544760,0.215146,0.763264,0.782268,-0.141721,1.303722,0.778711,0.216919,1.308751,0.812623,-0.171698,1.003469,0.681557,0.253844,1.004798,0.861089
704,23.483700,14,0.091926,-0.187862,1.213000,0.058192,0.748950,0.660682,-0.129696,0.856515,0.545260,0.215177,0.764025,0.782221,-0.141299,1.304751,0.778106,0.217342,1.309541,0.812040,-0.171370,1.004556,0.680804,0.254044,1.005609,0.860808
705,23.517060,14,0.091913,-0.187281,1.213000,0.058204,0.749530,0.660651,-0.128354,0.856825,0.545594,0.215171,0.764663,0.782219,-0.141213,1.305453,0.777624,0.217419,1.310199,0.811652,-0.171278,1.005260,0.680315,0.254057,1.006295,0.860645
706,23.550420,14,0.091906,-0.186891,1.213000,0.058214,0.749920,0.660629,-0.127002,0.857175,0.545821,0.215132,0.765129,0.782259,-0.141394,1.305827,0.777351,0.217223,1.310675,0.811529,-0.171307,1.005597,0.680108,0.253921,1.006796,0.860628
707,23.583770,14,0.091953,-0.186695,1.213000,0.058270,0.750113,0.660620,-0.125498,0.857489,0.546017,0.215124,0.765384,0.782325,-0.141677,1.305901,0.777330,0.216921,1.310926,0.811677,-0.171249,1.005620,0.680141,0.253753,1.007059,0.860749
708,23.617130,14,0.092077,-0.186698,1.213000,0.058393,0.750106,0.660622,-0.123739,0.857682,0.546231,0.215192,0.765406,0.782397,-0.141931,1.305712,0.777544,0.216650,1.310934,0.812035,-0.170946,1.005389,0.680318,0.253644,1.007063,0.860962
709,23.650490,14,0.092338,-0.186749,1.213000,0.058652,0.750043,0.660629,-0.121652,0.857828,0.546465,0.215414,0.765349,0.782452,-0.142027,1.305448,0.777903,0.216544,1.310856,0.812483,-0.170275,1.005103,0.680521,0.253705,1.006971,0.861200
710,23.683850,14,0.092669,-0.186774,1.213000,0.058981,0.750004,0.660637,-0.119391,0.857949,0.546688,0.215726,0.765318,0.782481,-0.142030,1.305212,0.778273,0.216534,1.310805,0.812883,-0.169354,1.004857,0.680653,0.253870,1.006910,0.861396
711,23.717200,14,0.093035,-0.186737,1.213000,0.059348,0.750025,0.660641,-0.117165,0.858043,0.546869,0.216086,0.765392,0.782488,-0.142024,1.305052,0.778512,0.216538,1.310866,0.813116,-0.168354,1.004683,0.680665,0.254074,1.006975,0.861502
712,23.750560,14,0.093417,-0.186619,1.213000,0.059735,0.750127,0.660641,-0.115191,0.858094,0.547000,0.216464,0.765622,0.782484,-0.142083,1.304993,0.778513,0.216476,1.311097,0.813106,-0.167461,1.004580,0.680546,0.254259,1.007237,0.861494
713,23.783920,14,0.093759,-0.186359,1.213000,0.060088,0.750372,0.660633,-0.113691,0.858129,0.547109,0.216796,0.766082,0.782475,-0.142290,1.305092,0.778227,0.216260,1.311572,0.812832,-0.166873,1.004595,0.680317,0.254345,1.007773,0.861370
714,23.817280,14,0.094029,-0.185980,1.213000,0.060375,0.750739,0.660618,-0.112775,0.858100,0.547267,0.217048,0.766737,0.782467,-0.142655,1.305331,0.777692,0.215883,1.312253,0.812340,-0.166681,1.004709,0.680026,0.254309,1.008541,0.861153
715,23.850630,14,0.094215,-0.185490,1.213000,0.060581,0.751219,0.660595,-0.112437,0.857991,0.547562,0.217211,0.767540,0.782455,-0.143130,1.305701,0.777009,0.215393,1.313087,0.811718,-0.166883,1.004931,0.679734,0.254171,1.009476,0.860878
716,23.883990,14,0.094357,-0.184995,1.213000,0.060745,0.751707,0.660570,-0.112534,0.857720,0.548056,0.217334,0.768341,0.782443,-0.143600,1.306098,0.776305,0.214908,1.313919,0.811074,-0.167353,1.005178,0.679495,0.254011,1.010408,0.860592
717,23.917350,14,0.094479,-0.184498,1.213000,0.060888,0.752198,0.660546,-0.112891,0.857341,0.548739,0.217442,0.769104,0.782425,-0.143991,1.306518,0.775674,0.214504,1.314709,0.810493,-0.167952,1.005468,0.679321,0.253882,1.011286,0.860331
718,23.950700,14,0.094689,-0.184049,1.213000,0.061118,0.752637,0.660525,-0.113250,0.856871,0.549523,0.217642,0.769762,0.782413,-0.144189,1.306901,0.775156,0.214295,1.315388,0.810019,-0.168464,1.005758,0.679173,0.253891,1.012036,0.860119
719,23.984060,14,0.094945,-0.183674,1.213000,0.061389,0.753000,0.660510,-0.113536,0.856354,0.550267,0.217877,0.770301,0.782418,-0.144279,1.307215,0.774727,0.214192,1.315944,0.809658,-0.168852,1.006026,0.678965,0.253962,1.012650,0.859969
720,24.017420,14,0.095322,-0.183387,1.213000,0.061779,0.753270,0.660501,-0.113595,0.855817,0.550834,0.218209,0.770728,0.782461,-0.144247,1.307432,0.774331,0.214206,1.316382,0.809398,-0.168992,1.006242,0.678617,0.254127,1.013139,0.859892
721,24.050780,14,0.095761,-0.183194,1.213000,0.062226,0.753444,0.660498,-0.113456,0.855281,0.551146,0.218561,0.771054,0.782558,-0.144210,1.307537,0.773922,0.214212,1.316719,0.809232,-0.168931,1.006380,0.678097,0.254280,1.013524,0.859899
722,24.084130,14,0.096231,-0.182997,1.213000,0.062703,0.753621,0.660496,-0.113127,0.854852,0.551201,0.218899,0.771383,0.782713,-0.144226,1.307617,0.773491,0.214153,1.317055,0.809173,-0.168696,1.006511,0.677441,0.254373,1.013906,0.859997
723,24.117490,14,0.096715,-0.182848,1.213000,0.063194,0.753748,0.660496,-0.112612,0.854483,0.551078,0.219210,0.771653,0.782922,-0.144306,1.307612,0.773097,0.214017,1.317327,0.809263,-0.168318,1.006564,0.676749,0.254396,1.014219,0.860205
724,24.150850,14,0.097208,-0.182624,1.213000,0.063695,0.753951,0.660493,-0.111894,0.854298,0.550888,0.219511,0.771968,0.783157,-0.144415,1.307640,0.772827,0.213845,1.317636,0.809540,-0.167808,1.006655,0.676132,0.254387,1.014555,0.860516
725,24.184200,14,0.097654,-0.182362,1.213000,0.064152,0.754193,0.660487,-0.111005,0.854266,0.550746,0.219774,0.772271,0.783389,-0.144550,1.307667,0.772782,0.213648,1.317921,0.810026,-0.167225,1.006754,0.675693,0.254349,1.014848,0.860915
726,24.217560,14,0.098027,-0.182081,1.213000,0.064537,0.754458,0.660478,-0.109955,0.854379,0.550731,0.220001,0.772530,0.783580,-0.144673,1.307688,0.773029,0.213474,1.318151,0.810705,-0.166589,1.006862,0.675498,0.254320,1.015059,0.861367
727,24.250920,14,0.098263,-0.181741,1.213000,0.064788,0.754788,0.660464,-0.108807,0.854694,0.550867,0.220156,0.772782,0.783698,-0.144779,1.307770,0.773562,0.213335,1.318366,0.811504,-0.165949,1.007042,0.675566,0.254299,1.015231,0.861814
728,24.284280,14,0.098432,-0.181420,1.213000,0.064970,0.755100,0.660450,-0.107516,0.855139,0.551135,0.220314,0.772954,0.783735,-0.144746,1.307869,0.774313,0.213360,1.318495,0.812328,-0.165219,1.007233,0.675886,0.254387,1.015296,0.862207
729,24.317630,14,0.098416,-0.181060,1.213000,0.064970,0.755460,0.660430,-0.106238,0.855779,0.551472,0.220356,0.773122,0.783689,-0.144650,1.308089,0.775147,0.213469,1.318623,0.813059,-0.164502,1.007519,0.676392,0.254481,1.015350,0.862493
730,24.350990,14,0.098308,-0.180730,1.213000,0.064877,0.755794,0.660410,-0.104958,0.856515,0.551799,0.220349,0.773237,0.783592,-0.144407,1.308388,0.775909,0.213741,1.318706,0.813607,-0.163729,1.007838,0.676989,0.254639,1.015356,0.862659
731,24.384350,14,0.098154,-0.180465,1.213000,0.064734,0.756065,0.660393,-0.103727,0.857269,0.552033,0.220304,0.773287,0.783483,-0.144021,1.308741,0.776453,0.214161,1.318738,0.813918,-0.162912,1.008157,0.677552,0.254844,1.015318,0.862712
732,24.417700,126,0.098027,-0.180233,1.213000,0.064618,0.756302,0.660379,-0.102571,0.858023,0.552095,0.224399,0.766049,0.807005,-0.143508,1.309166,0.776677,0.214701,1.318779,0.813985,-0.162067,1.008501,0.677958,0.254511,1.015187,0.862435
733,24.451060,126,0.098063,-0.180066,1.213000,0.064661,0.756466,0.660370,-0.101436,0.858699,0.551935,0.229282,0.763495,0.817951,-0.142839,1.309587,0.776563,0.215382,1.318807,0.813852,-0.161148,1.008814,0.678129,0.254886,1.015254,0.862792
734,24.484420,126,0.098332,-0.179933,1.213000,0.064935,0.756588,0.660368,-0.100281,0.859316,0.551535,0.233308,0.762526,0.822948,-0.142037,1.309987,0.776177,0.216180,1.318857,0.813594,-0.160137,1.009099,0.678056,0.255614,1.015388,0.863103
735,24.517770,126,0.098816,-0.179867,1.213000,0.065422,0.756634,0.660373,-0.099095,0.859858,0.550919,0.236454,0.762051,0.825302,-0.141167,1.310285,0.775658,0.217033,1.318885,0.813303,-0.159041,1.009298,0.677802,0.256480,1.015465,0.863106
736,24.551130,126,0.099458,-0.179783,1.213000,0.066067,0.756689,0.660380,-0.097860,0.860440,0.550129,0.238800,0.761753,0.826674,-0.140285,1.310533,0.775165,0.217893,1.318952,0.813055,-0.157851,1.009477,0.677464,0.257372,1.015525,0.862788
737,24.584490,126,0.100179,-0.179742,1.213000,0.066789,0.756700,0.660390,-0.096563,0.861031,0.549236,0.240418,0.761434,0.827840,-0.139434,1.310663,0.774836,0.218727,1.318976,0.812904,-0.156558,1.009579,0.677140,0.258228,1.015493,0.862277
738,24.617840,126,0.100840,-0.179721,1.213000,0.067449,0.756693,0.660401,-0.095258,0.861658,0.548309,0.241403,0.761089,0.829069,-0.138698,1.310706,0.774736,0.219459,1.318965,0.812856,-0.155219,1.009641,0.676881,0.258954,1.015400,0.861728
739,24.651200,126,0.101420,-0.179710,1.213000,0.068029,0.756679,0.660411,-0.093911,0.862288,0.547430,0.242047,0.760741,0.830383,-0.138043,1.310699,0.774844,0.220125,1.318925,0.812876,-0.153816,1.009690,0.676694,0.259569,1.015276,0.861264
740,24.684560,126,0.101860,-0.179705,1.213000,0.068469,0.756665,0.660418,-0.092573,0.862854,0.546696,0.242616,0.760416,0.831732,-0.137494,1.310683,0.775063,0.220695,1.318872,0.812900,-0.152427,1.009744,0.676566,0.260023,1.015156,0.860957
741,24.717920,126,0.102130,-0.179703,1.213000,0.068739,0.756656,0.660423,-0.091299,0.863265,0.546213,0.243336,0.760138,0.833079,-0.137070,1.310688,0.775273,0.221147,1.318826,0.812859,-0.151150,1.009806,0.676478,0.260283,1.015072,0.860834
742,24.751270,126,0.102265,-0.179701,1.213000,0.068874,0.756652,0.660425,-0.090102,0.863434,0.546073,0.244373,0.759925,0.834425,-0.136748,1.310734,0.775369,0.221496,1.318805,0.812708,-0.150046,1.009868,0.676415,0.260380,1.015055,0.860911
743,24.784630,126,0.102333,-0.179701,1.213000,0.068942,0.756650,0.660426,-0.088971,0.863312,0.546318,0.245772,0.759802,0.835784,-0.136487,1.310818,0.775298,0.221780,1.318819,0.812431,-0.149143,1.009921,0.676357,0.260390,1.015124,0.861203
744,24.817990,126,0.102316,-0.179750,1.213000,0.068923,0.756601,0.660429,-0.087964,0.862863,0.546906,0.247368,0.759752,0.837146,-0.136339,1.310881,0.775060,0.221944,1.318826,0.812044,-0.148524,1.009917,0.676262,0.260323,1.015247,0.861714
745,24.851340,126,0.102208,-0.179825,1.213000,0.068812,0.756531,0.660431,-0.087112,0.862200,0.547682,0.248919,0.759825,0.838424,-0.136348,1.310927,0.774685,0.221946,1.318854,0.811566,-0.148204,1.009895,0.676052,0.260195,1.015455,0.862415
746,24.884700,126,0.102054,-0.179813,1.213000,0.068659,0.756550,0.660427,-0.086363,0.861579,0.548384,0.250210,0.760140,0.839440,-0.136499,1.311042,0.774216,0.221803,1.319017,0.811018,-0.148082,1.009984,0.675631,0.260054,1.015848,0.863224
747,24.918060,126,0.101827,-0.179706,1.213000,0.068436,0.756665,0.660417,-0.085713,0.861189,0.548711,0.250973,0.760690,0.839963,-0.136843,1.311217,0.773700,0.221463,1.319319,0.810429,-0.148079,1.010211,0.674917,0.259835,1.016408,0.864022
748,24.951420,126,0.101614,-0.179403,1.213000,0.068236,0.756977,0.660397,-0.085021,0.861283,0.548404,0.251128,0.761534,0.839774,-0.137293,1.311537,0.773179,0.221015,1.319850,0.809837,-0.147977,1.010686,0.673864,0.259569,1.017185,0.864676
749,24.984770,126,0.101407,-0.178752,1.213000,0.068058,0.757636,0.660359,-0.084219,0.862100,0.547360,0.250610,0.762762,0.838769,-0.137821,1.312156,0.772700,0.220487,1.320736,0.809299,-0.147659,1.011572,0.672494,0.259200,1.018266,0.865094
750,25.018130,126,0.101303,-0.177676,1.213000,0.068002,0.758713,0.660299,-0.083140,0.863699,0.545704,0.249596,0.764377,0.837056,-0.138255,1.313160,0.772312,0.220049,1.322009,0.808891,-0.146962,1.012938,0.670922,0.258830,1.019656,0.865271
751,25.051490,126,0.101302,-0.176088,1.213000,0.068069,0.760297,0.660213,-0.081724,0.866063,0.543761,0.248326,0.766396,0.834984,-0.138482,1.314668,0.772058,0.219813,1.323709,0.808677,-0.145872,1.014866,0.669331,0.258550,1.021396,0.865304
752,25.084840,126,0.101451,-0.173994,1.213000,0.068309,0.762380,0.660102,-0.079886,0.869024,0.541964,0.247218,0.768749,0.833094,-0.138325,1.316717,0.771962,0.219958,1.325783,0.808695,-0.144381,1.017331,0.667941,0.258571,1.023462,0.865364
753,25.118200,126,0.101875,-0.171497,1.213000,0.068841,0.764853,0.659975,-0.077493,0.872298,0.540719,0.246808,0.771272,0.831990,-0.137557,1.319240,0.772021,0.220711,1.328097,0.808942,-0.142434,1.020203,0.666940,0.259190,1.025761,0.865619
754,25.151560,126,0.102538,-0.168799,1.213000,0.069620,0.767517,0.659841,-0.074630,0.875544,0.540285,0.247378,0.773731,0.832138,-0.136187,1.322063,0.772188,0.222066,1.330459,0.809360,-0.140161,1.023249,0.666437,0.260469,1.028134,0.866146
755,25.184920,126,0.103419,-0.166049,1.213000,0.070620,0.770222,0.659708,-0.071431,0.878534,0.540701,0.249017,0.775984,0.833700,-0.134303,1.325030,0.772376,0.223935,1.332764,0.809846,-0.137684,1.026279,0.666428,0.262354,1.030485,0.866870
756,25.218270,126,0.104459,-0.163575,1.213000,0.071767,0.772646,0.659593,-0.068167,0.880959,0.541780,0.251494,0.777785,0.836443,-0.132135,1.327785,0.772489,0.226083,1.334764,0.810293,-0.135195,1.028927,0.666832,0.264599,1.032552,0.867603
757,25.251630,14,0.105580,-0.161537,1.213000,0.072974,0.774631,0.659503,-0.065175,0.882761,0.543149,0.253826,0.779385,0.836402,-0.129978,1.330111,0.772429,0.228214,1.336389,0.810596,-0.132906,1.030992,0.667508,0.266730,1.034142,0.867725
758,25.284990,14,0.106640,-0.160069,1.213000,0.074097,0.776051,0.659443,-0.062820,0.883970,0.544393,0.255715,0.780566,0.836326,-0.128157,1.331832,0.772139,0.230003,1.337582,0.810693,-0.131067,1.032332,0.668312,0.268517,1.035318,0.867730
759,25.318350,14,0.107520,-0.159084,1.213000,0.075019,0.776996,0.659405,-0.061315,0.884814,0.545201,0.257006,0.781439,0.836114,-0.126880,1.333003,0.771621,0.231242,1.338461,0.810569,-0.129847,1.033048,0.669117,0.269757,1.036189,0.867560
760,25.351700,14,0.108160,-0.158542,1.213000,0.075682,0.777509,0.659387,-0.060646,0.885413,0.545485,0.257699,0.782022,0.835774,-0.126172,1.333664,0.770953,0.231910,1.339048,0.810274,-0.129268,1.033239,0.669837,0.270425,1.036771,0.867241
761,25.385060,14,0.108530,-0.158271,1.213000,0.076063,0.777764,0.659379,-0.060627,0.885926,0.545346,0.257915,0.782426,0.835366,-0.125933,1.334004,0.770256,0.232113,1.339454,0.809889,-0.129238,1.033159,0.670406,0.270628,1.037174,0.866844
762,25.418420,14,0.108765,-0.158136,1.213000,0.076304,0.777889,0.659376,-0.060856,0.886410,0.544982,0.257960,0.782710,0.834964,-0.125869,1.334184,0.769656,0.232153,1.339738,0.809498,-0.129452,1.033020,0.670780,0.270668,1.037458,0.866446
763,25.451770,14,0.108933,-0.158068,1.213000,0.076474,0.777950,0.659375,-0.061032,0.886832,0.544584,0.258035,0.782890,0.834613,-0.125788,1.334295,0.769238,0.232225,1.339918,0.809153,-0.129673,1.032948,0.670931,0.270739,1.037637,0.866098
764,25.485130,14,0.109116,-0.158034,1.213000,0.076659,0.777976,0.659377,-0.060937,0.887129,0.544277,0.258268,0.782982,0.834311,-0.125564,1.334380,0.769011,0.232457,1.340011,0.808854,-0.129704,1.032989,0.670851,0.270971,1.037730,0.865798
765,25.518490,14,0.109408,-0.157967,1.213000,0.076954,0.778030,0.659378,-0.060452,0.887300,0.544106,0.258715,0.783076,0.834007,-0.125140,1.334504,0.768898,0.232902,1.340104,0.808551,-0.129412,1.033173,0.670559,0.271417,1.037823,0.865494
766,25.551850,14,0.109754,-0.157934,1.213000,0.077301,0.778049,0.659383,-0.059688,0.887259,0.544067,0.259226,0.783148,0.833635,-0.124657,1.334596,0.768781,0.233413,1.340177,0.808179,-0.128886,1.033372,0.670113,0.271927,1.037896,0.865123
767,25.585210,14,0.110077,-0.157867,1.213000,0.077626,0.778102,0.659385,-0.058792,0.887100,0.544138,0.259646,0.783306,0.833141,-0.124264,1.334721,0.768539,0.233833,1.340335,0.807686,-0.128270,1.033584,0.669598,0.272348,1.038053,0.864629
768,25.618560,14,0.110289,-0.157783,1.213000,0.077841,0.778176,0.659384,-0.057897,0.886864,0.544335,0.259874,0.783538,0.832526,-0.124056,1.334877,0.768108,0.234061,1.340567,0.807072,-0.127725,1.033747,0.669133,0.272575,1.038285,0.864014
769,25.651920,14,0.110244,-0.157642,1.213000,0.077803,0.778319,0.659376,-0.057131,0.886662,0.544727,0.259848,0.783853,0.831851,-0.124089,1.335138,0.767506,0.234034,1.340881,0.806396,-0.127426,1.033902,0.668840,0.272549,1.038600,0.863339
770,25.685280,14,0.109872,-0.157371,1.213000,0.077443,0.778605,0.659354,-0.056498,0.886627,0.545423,0.259667,0.784248,0.831222,-0.124267,1.335617,0.766829,0.233853,1.341277,0.805767,-0.127423,1.034164,0.668823,0.272367,1.038995,0.862710
771,25.718630,14,0.109236,-0.156935,1.213000,0.076827,0.779066,0.659320,-0.055845,0.886827,0.546537,0.259593,0.784668,0.830767,-0.124331,1.336388,0.766221,0.233778,1.341697,0.805311,-0.127579,1.034638,0.669139,0.272293,1.039415,0.862255
772,25.751990,14,0.108418,-0.156218,1.213000,0.076041,0.779817,0.659266,-0.055000,0.887399,0.548117,0.259869,0.785156,0.830582,-0.124039,1.337595,0.765810,0.234055,1.342185,0.805122,-0.127713,1.035516,0.669769,0.272570,1.039904,0.862067
773,25.785350,14,0.107509,-0.155159,1.213000,0.075179,0.780912,0.659193,-0.053818,0.888427,0.550099,0.260649,0.785739,0.830699,-0.123240,1.339296,0.765667,0.234838,1.342767,0.805232,-0.127643,1.036910,0.670630,0.273351,1.040487,0.862181
774,25.818710,14,0.106555,-0.153829,1.213000,0.074283,0.782279,0.659104,-0.052245,0.889886,0.552280,0.261919,0.786366,0.831075,-0.121947,1.341398,0.765781,0.236115,1.343394,0.805598,-0.127265,1.038764,0.671580,0.274624,1.041114,0.862553
775,25.852060,14,0.105577,-0.152265,1.213000,0.073375,0.783882,0.659003,-0.050294,0.891823,0.554325,0.263552,0.787070,0.831584,-0.120287,1.343825,0.766049,0.237755,1.344098,0.806097,-0.126534,1.041025,0.672440,0.276261,1.041818,0.863057
776,25.885420,14,0.104389,-0.150682,1.213000,0.072256,0.785511,0.658896,-0.048238,0.894127,0.555839,0.265157,0.787740,0.832061,-0.118652,1.346326,0.766319,0.239364,1.344768,0.806566,-0.125667,1.043445,0.673030,0.277867,1.042489,0.863530
777,25.918780,14,0.102944,-0.149191,1.213000,0.070878,0.787060,0.658790,-0.046247,0.896766,0.556479,0.266496,0.788370,0.832334,-0.117283,1.348761,0.766430,0.240702,1.345398,0.806836,-0.124777,1.045870,0.673210,0.279206,1.043120,0.863802
778,25.952140,14,0.101072,-0.148046,1.213000,0.069057,0.788282,0.658695,-0.044676,0.899498,0.556092,0.267236,0.788795,0.832291,-0.116514,1.350857,0.766271,0.241439,1.345823,0.806794,-0.124160,1.048004,0.672939,0.279945,1.043544,0.863759
779,25.985490,14,0.098836,-0.147323,1.213000,0.066855,0.789098,0.658616,-0.043674,0.902135,0.554797,0.267349,0.788974,0.831898,-0.116376,1.352512,0.765813,0.241545,1.346002,0.806406,-0.123910,1.049709,0.672309,0.280055,1.043723,0.863369
780,26.018850,14,0.096418,-0.147061,1.213000,0.064451,0.789462,0.658559,-0.043278,0.904423,0.552982,0.266988,0.788859,0.831219,-0.116717,1.353664,0.765113,0.241176,1.345886,0.805732,-0.124020,1.050876,0.671546,0.279690,1.043608,0.862692
781,26.052210,14,0.093959,-0.147181,1.213000,0.061989,0.789447,0.658522,-0.043522,0.906179,0.551178,0.266324,0.788484,0.830371,-0.117360,1.354381,0.764275,0.240508,1.345511,0.804891,-0.124508,1.051517,0.670942,0.279024,1.043232,0.861847
782,26.085560,14,0.091780,-0.147490,1.213000,0.059799,0.789231,0.658500,-0.044178,0.907340,0.549899,0.265752,0.787969,0.829495,-0.117911,1.354839,0.763413,0.239933,1.344997,0.804020,-0.125169,1.051771,0.670751,0.278451,1.042718,0.860973
783,26.118920,14,0.089990,-0.147795,1.213000,0.057998,0.789003,0.658485,-0.045120,0.907942,0.549487,0.265466,0.787451,0.828701,-0.118170,1.355239,0.762608,0.239646,1.344479,0.803229,-0.125932,1.051834,0.671099,0.278164,1.042199,0.860181
784,26.152280,14,0.088695,-0.147948,1.213000,0.056698,0.788906,0.658470,-0.046106,0.908096,0.550026,0.265639,0.787032,0.828059,-0.117960,1.355736,0.761903,0.239820,1.344060,0.802589,-0.126641,1.051897,0.671929,0.278338,1.041781,0.859540
785,26.185640,14,0.087897,-0.147874,1.213000,0.055904,0.789014,0.658452,-0.046890,0.907961,0.551352,0.266307,0.786772,0.827589,-0.117244,1.356413,0.761301,0.240489,1.343800,0.802119,-0.127143,1.052112,0.673029,0.279006,1.041521,0.859070
786,26.218990,14,0.087549,-0.147537,1.213000,0.055571,0.789365,0.658427,-0.047210,0.907749,0.553122,0.267422,0.786715,0.827269,-0.116069,1.357311,0.760783,0.241606,1.343743,0.801799,-0.127262,1.052599,0.674098,0.280122,1.041463,0.858749
787,26.252350,14,0.087524,-0.147069,1.213000,0.055567,0.789833,0.658402,-0.046892,0.907542,0.554939,0.268836,0.786753,0.827057,-0.114589,1.358302,0.760333,0.243021,1.343781,0.801587,-0.126892,1.053288,0.674868,0.281537,1.041501,0.858538
788,26.285710,14,0.087762,-0.146534,1.213000,0.055827,0.790356,0.658377,-0.045787,0.907471,0.556477,0.270463,0.786845,0.826900,-0.112895,1.359318,0.759942,0.244650,1.343874,0.801431,-0.125919,1.054133,0.675195,0.283164,1.041594,0.858381
789,26.319070,14,0.088231,-0.146067,1.213000,0.056316,0.790802,0.658360,-0.043855,0.907547,0.557576,0.272260,0.786876,0.826752,-0.111038,1.360221,0.759623,0.246447,1.343904,0.801285,-0.124307,1.054981,0.675117,0.284961,1.041624,0.858234
790,26.352420,14,0.088816,-0.145684,1.213000,0.056916,0.791160,0.658350,-0.041274,0.907827,0.558251,0.274120,0.786842,0.826576,-0.109132,1.361001,0.759384,0.248308,1.343870,0.801109,-0.122209,1.055770,0.674815,0.286822,1.041590,0.858058
791,26.385780,14,0.089458,-0.145392,1.213000,0.057571,0.791423,0.658345,-0.038272,0.908294,0.558651,0.276006,0.786736,0.826342,-0.107216,1.361659,0.759221,0.250194,1.343765,0.800877,-0.119813,1.056442,0.674531,0.288708,1.041484,0.857825
792,26.419140,14,0.090029,-0.145046,1.213000,0.058156,0.791744,0.658337,-0.035211,0.909025,0.558947,0.277812,0.786707,0.826030,-0.105395,1.362356,0.759100,0.252001,1.343736,0.800567,-0.117416,1.057105,0.674445,0.290514,1.041455,0.857514
793,26.452490,14,0.090464,-0.144673,1.213000,0.058608,0.792098,0.658324,-0.032406,0.909896,0.559260,0.279469,0.786732,0.825646,-0.103732,1.363075,0.758975,0.253657,1.343761,0.800183,-0.115260,1.057723,0.674618,0.292171,1.041480,0.857130
794,26.485850,14,0.090732,-0.144237,1.213000,0.058894,0.792522,0.658306,-0.030084,0.910845,0.559598,0.280912,0.786853,0.825206,-0.102282,1.363858,0.758791,0.255099,1.343882,0.799744,-0.113505,1.058349,0.674960,0.293613,1.041601,0.856691
795,26.519210,14,0.090816,-0.143768,1.213000,0.058998,0.792985,0.658282,-0.028367,0.911774,0.559878,0.282067,0.787054,0.824747,-0.101114,1.364665,0.758516,0.256254,1.344082,0.799286,-0.112235,1.058988,0.675287,0.294769,1.041801,0.856232
796,26.552560,14,0.090708,-0.143284,1.213000,0.058911,0.793473,0.658254,-0.027255,0.912643,0.559968,0.282864,0.787331,0.824301,-0.100294,1.365466,0.758137,0.257051,1.344359,0.798841,-0.111448,1.059660,0.675392,0.295565,1.042078,0.855786
797,26.585920,14,0.090554,-0.142842,1.213000,0.058777,0.793920,0.658227,-0.026504,0.913402,0.559767,0.283403,0.787631,0.823897,-0.099725,1.366184,0.757681,0.257589,1.344660,0.798438,-0.110935,1.060325,0.675137,0.296104,1.042379,0.855383
798,26.619280,14,0.090477,-0.142471,1.213000,0.058716,0.794294,0.658206,-0.025850,0.914050,0.559241,0.283795,0.787928,0.823536,-0.099301,1.366774,0.757185,0.257980,1.344956,0.798078,-0.110481,1.060956,0.674484,0.296495,1.042675,0.855022
799,26.652640,14,0.090539,-0.142286,1.213000,0.058785,0.794476,0.658197,-0.025096,0.914501,0.558437,0.284119,0.788105,0.823183,-0.098948,1.367121,0.756675,0.258304,1.345134,0.797726,-0.109943,1.061425,0.673500,0.296819,1.042853,0.854670
800,26.685990,14,0.090769,-0.142243,1.213000,0.059018,0.794509,0.658199,-0.024119,0.914807,0.557461,0.284461,0.788207,0.822753,-0.098588,1.367284,0.756122,0.258647,1.345236,0.797297,-0.109227,1.061751,0.672305,0.297161,1.042954,0.854240
801,26.719350,14,0.091235,-0.142371,1.213000,0.059477,0.794361,0.658214,-0.022817,0.914926,0.556445,0.284958,0.788203,0.822142,-0.098084,1.367266,0.755447,0.259144,1.345232,0.796687,-0.108241,1.061877,0.671045,0.297659,1.042950,0.853630
802,26.752710,14,0.091767,-0.142736,1.213000,0.059993,0.793975,0.658243,-0.021368,0.914771,0.555527,0.285507,0.788049,0.821844,-0.097510,1.367053,0.754546,0.259717,1.345052,0.795808,-0.107142,1.061725,0.669860,0.298223,1.042829,0.853064
803,26.786070,14,0.092284,-0.143268,1.213000,0.060486,0.793422,0.658281,-0.019880,0.914376,0.554836,0.286020,0.787778,0.821719,-0.096838,1.366757,0.753338,0.260385,1.344738,0.794631,-0.106003,1.061354,0.668876,0.298810,1.042612,0.852455
804,26.819420,14,0.092592,-0.143984,1.213000,0.060763,0.792695,0.658325,-0.018576,0.913692,0.554500,0.286282,0.787322,0.821720,-0.096161,1.366395,0.751831,0.261042,1.344230,0.793221,-0.105005,1.060753,0.668202,0.299248,1.042225,0.851813
805,26.852780,14,0.092596,-0.144842,1.213000,0.060729,0.791838,0.658371,-0.017578,0.912731,0.554627,0.286182,0.786664,0.821828,-0.095522,1.366002,0.750137,0.261636,1.343519,0.791732,-0.104240,1.059976,0.667913,0.299450,1.041635,0.851199
806,26.886140,14,0.092298,-0.145721,1.213000,0.060394,0.790974,0.658414,-0.016912,0.911593,0.555269,0.285724,0.785874,0.822023,-0.094940,1.365661,0.748452,0.262150,1.342684,0.790361,-0.103723,1.059160,0.668019,0.299407,1.040903,0.850694
807,26.919490,14,0.091749,-0.146461,1.213000,0.059813,0.790260,0.658444,-0.016564,0.910434,0.556378,0.284981,0.785100,0.822265,-0.094468,1.365462,0.746982,0.262537,1.341880,0.789280,-0.103455,1.058478,0.668439,0.299141,1.040168,0.850353
808,26.952850,14,0.091124,-0.146980,1.213000,0.059167,0.789768,0.658461,-0.016409,0.909351,0.557788,0.284159,0.784455,0.822514,-0.094105,1.365413,0.745871,0.262811,1.341221,0.788572,-0.103341,1.058014,0.668996,0.298778,1.039542,0.850189
809,26.986210,14,0.090512,-0.147140,1.213000,0.058548,0.789635,0.658459,-0.016403,0.908536,0.559231,0.283380,0.784158,0.822724,-0.093956,1.365594,0.745137,0.262885,1.340919,0.788194,-0.103374,1.057904,0.669458,0.298349,1.039252,0.850152
810,27.019570,14,0.090056,-0.146970,1.213000,0.058100,0.789823,0.658441,-0.016434,0.908027,0.560411,0.282809,0.784277,0.822872,-0.094045,1.365944,0.744679,0.262746,1.341033,0.788009,-0.103480,1.058105,0.669611,0.297945,1.039375,0.850165
811,27.052920,14,0.089878,-0.146535,1.213000,0.057941,0.790265,0.658414,-0.016396,0.907838,0.561085,0.282570,0.784833,0.822956,-0.094353,1.366395,0.744322,0.262421,1.341570,0.787837,-0.103577,1.058533,0.669324,0.297645,1.039946,0.850143
812,27.086280,14,0.089939,-0.145918,1.213000,0.058029,0.790879,0.658382,-0.016338,0.907954,0.561121,0.282614,0.785808,0.822995,-0.094947,1.366890,0.743875,0.261842,1.342499,0.787514,-0.103726,1.059087,0.668579,0.297391,1.040955,0.850024
813,27.119640,14,0.090270,-0.145309,1.213000,0.058385,0.791472,0.658355,-0.016244,0.908208,0.560552,0.282945,0.787018,0.823021,-0.095752,1.367267,0.743216,0.261076,1.343630,0.786956,-0.103908,1.059555,0.667482,0.297210,1.042222,0.849787
814,27.153000,14,0.090785,-0.144754,1.213000,0.058924,0.792003,0.658334,-0.016199,0.908528,0.559566,0.283457,0.788382,0.823057,-0.096740,1.367517,0.742308,0.260138,1.344880,0.786162,-0.104191,1.059872,0.666232,0.297047,1.043661,0.849448
815,27.186350,14,0.091342,-0.144377,1.213000,0.059497,0.792356,0.658324,-0.016339,0.908724,0.558488,0.283991,0.789698,0.823118,-0.097902,1.367555,0.741216,0.259029,1.346057,0.785217,-0.104682,1.059905,0.665093,0.296814,1.045064,0.849055
816,27.219710,14,0.091971,-0.144139,1.213000,0.060136,0.792567,0.658322,-0.016586,0.908738,0.557683,0.284574,0.790896,0.823205,-0.099025,1.367445,0.740067,0.257953,1.347105,0.784242,-0.105268,1.059688,0.664334,0.296619,1.046348,0.848663
817,27.253070,14,0.092586,-0.143969,1.213000,0.060757,0.792710,0.658324,-0.016931,0.908568,0.557453,0.285128,0.791941,0.823306,-0.100009,1.367293,0.738993,0.257004,1.348006,0.783355,-0.105904,1.059310,0.664156,0.296464,1.047469,0.848321
818,27.286430,14,0.093143,-0.143835,1.213000,0.061319,0.792820,0.658327,-0.017283,0.908232,0.557924,0.285617,0.792784,0.823410,-0.100743,1.367167,0.738085,0.256291,1.348728,0.782636,-0.106479,1.058853,0.664612,0.296381,1.048373,0.848057
819,27.319780,14,0.093621,-0.143617,1.213000,0.061807,0.793017,0.658323,-0.017491,0.907894,0.558988,0.286030,0.793500,0.823506,-0.101148,1.367209,0.737367,0.255893,1.349353,0.782098,-0.106850,1.058503,0.665556,0.296402,1.049132,0.847873
820,27.353140,14,0.094161,-0.143259,1.213000,0.062361,0.793351,0.658314,-0.017261,0.907696,0.560345,0.286511,0.794141,0.823595,-0.101058,1.367488,0.736805,0.255977,1.349936,0.781708,-0.106756,1.058397,0.666669,0.296681,1.049801,0.847753
821,27.386500,9,0.094580,-0.141479,1.202200,0.063024,0.794518,0.647443,-0.020829,0.902704,0.567490,0.273612,0.789673,0.829627,-0.110918,1.364036,0.736284,0.241674,1.346554,0.808192,-0.115862,1.054780,0.666820,0.279681,1.044167,0.864915
822,27.419860,9,0.093090,-0.138590,1.182900,0.061959,0.796408,0.627991,-0.026717,0.903022,0.562393,0.287724,0.791520,0.790988,-0.107942,1.363452,0.737969,0.249718,1.348293,0.778556,-0.114747,1.053999,0.669544,0.294889,1.045680,0.828406
823,27.453210,14,0.094295,-0.138545,1.188250,0.063082,0.796694,0.633351,-0.022263,0.904339,0.563551,0.287200,0.792266,0.798619,-0.105784,1.365204,0.737181,0.251397,1.349059,0.781442,-0.111632,1.055656,0.669104,0.294941,1.046685,0.834112
824,27.486570,14,0.095398,-0.138222,1.190925,0.064156,0.797115,0.636024,-0.018543,0.905316,0.564025,0.287138,0.792765,0.802824,-0.103931,1.366464,0.736466,0.252899,1.349576,0.783210,-0.108989,1.056942,0.668208,0.295300,1.047302,0.837365
825,27.519930,14,0.096449,-0.137761,1.192263,0.065205,0.797604,0.637354,-0.015488,0.906069,0.564229,0.287426,0.793307,0.805168,-0.102480,1.367433,0.735722,0.254110,1.350122,0.784116,-0.106921,1.057973,0.667139,0.295813,1.047911,0.839159
826,27.553290,14,0.097474,-0.137231,1.192931,0.066243,0.798126,0.638011,-0.013051,0.906653,0.564580,0.287940,0.793933,0.806517,-0.101342,1.368225,0.734979,0.255084,1.350738,0.784501,-0.105407,1.058771,0.666341,0.296403,1.048584,0.840140
827,27.586640,14,0.098337,-0.136515,1.193266,0.067130,0.798822,0.638321,-0.011295,0.907279,0.565349,0.288445,0.794722,0.807333,-0.100471,1.369078,0.734328,0.255836,1.351516,0.784675,-0.104460,1.059511,0.666198,0.296921,1.049404,0.840716
828,27.620000,14,0.098919,-0.135558,1.193433,0.067750,0.799761,0.638447,-0.010159,0.908115,0.566582,0.288758,0.795642,0.807859,-0.099760,1.370141,0.733876,0.256447,1.352439,0.784873,-0.103954,1.060332,0.666869,0.297292,1.050336,0.841134
829,27.653360,14,0.099159,-0.134329,1.193516,0.068043,0.800981,0.638468,-0.009416,0.909310,0.568081,0.288787,0.796643,0.808219,-0.099083,1.371510,0.733685,0.257030,1.353472,0.785227,-0.103627,1.061380,0.668201,0.297507,1.051327,0.841526
830,27.686710,14,0.098980,-0.132864,1.193558,0.067926,0.802452,0.638428,-0.008862,0.910919,0.569459,0.288436,0.797679,0.808470,-0.098450,1.373183,0.733743,0.257565,1.354569,0.785750,-0.103278,1.062746,0.669757,0.297503,1.052330,0.841933
831,27.720070,14,0.098490,-0.131332,1.193579,0.067503,0.804003,0.638357,-0.008247,0.912786,0.570292,0.287803,0.798649,0.808655,-0.097853,1.374982,0.733959,0.258063,1.355618,0.786369,-0.102691,1.064340,0.670974,0.297335,1.053253,0.842343
832,27.753430,14,0.097845,-0.129966,1.193590,0.066918,0.805394,0.638282,-0.007476,0.914604,0.570299,0.287029,0.799456,0.808805,-0.097394,1.376622,0.734192,0.258427,1.356502,0.786956,-0.101840,1.065938,0.671386,0.297036,1.054012,0.842717
833,27.786790,14,0.097172,-0.129033,1.193595,0.066287,0.806353,0.638225,-0.006633,0.915987,0.569473,0.286225,0.800003,0.808955,-0.097288,1.377768,0.734288,0.258453,1.357102,0.787383,-0.100907,1.067211,0.670807,0.296569,1.054526,0.843016
834,27.820140,14,0.096686,-0.128717,1.193597,0.065815,0.806690,0.638202,-0.005787,0.916622,0.568080,0.285590,0.800247,0.809138,-0.097629,1.378164,0.734137,0.258055,1.357358,0.787565,-0.100072,1.067856,0.669391,0.296001,1.054764,0.843220
835,27.853500,14,0.096443,-0.129158,1.193599,0.065553,0.806260,0.638223,-0.005201,0.916278,0.566539,0.285167,0.800115,0.809377,-0.098524,1.377630,0.733696,0.257127,1.357188,0.787481,-0.099654,1.067611,0.667545,0.295305,1.054660,0.843334
836,27.886860,14,0.096572,-0.130229,1.193599,0.065635,0.805186,0.638284,-0.004979,0.915038,0.565258,0.285083,0.799702,0.809673,-0.099796,1.376293,0.732989,0.255841,1.356688,0.787167,-0.099753,1.066504,0.665760,0.294625,1.054304,0.843375
837,27.920220,14,0.097036,-0.131715,1.193600,0.066034,0.803684,0.638372,-0.005215,0.913140,0.564514,0.285304,0.799114,0.810016,-0.101254,1.374413,0.732089,0.254381,1.355976,0.786695,-0.100414,1.064715,0.664450,0.294028,1.053791,0.843371
838,27.953580,14,0.097818,-0.133357,1.193600,0.066744,0.802012,0.638475,-0.005765,0.910933,0.564387,0.285822,0.798461,0.810388,-0.102599,1.372316,0.731082,0.253031,1.355177,0.786143,-0.101434,1.062534,0.663834,0.293638,1.053219,0.843348
839,27.986930,14,0.098809,-0.134879,1.193600,0.067668,0.800452,0.638575,-0.006413,0.908834,0.564728,0.286541,0.797900,0.810765,-0.103658,1.370348,0.730040,0.251957,1.354465,0.785570,-0.102552,1.060331,0.663878,0.293482,1.052735,0.843319
840,28.020290,14,0.099954,-0.136189,1.193600,0.068755,0.799096,0.638666,-0.006838,0.907074,0.565206,0.287421,0.797449,0.811132,-0.104336,1.368635,0.729022,0.251255,1.353871,0.785018,-0.103423,1.058310,0.664324,0.293582,1.052354,0.843293
841,28.053650,14,0.101177,-0.137145,1.193600,0.069935,0.798091,0.638739,-0.006784,0.905903,0.565389,0.288401,0.797243,0.811464,-0.104697,1.367322,0.728071,0.250863,1.353534,0.784506,-0.103786,1.056712,0.664747,0.293882,1.052209,0.843265
842,28.087000,14,0.102339,-0.137872,1.193600,0.071064,0.797316,0.638799,-0.006193,0.905230,0.564888,0.289352,0.797193,0.811750,-0.104984,1.366250,0.727236,0.250549,1.353361,0.784054,-0.103594,1.055483,0.664698,0.294208,1.052211,0.843236
843,28.120360,14,0.103469,-0.138436,1.193600,0.072169,0.796705,0.638850,-0.004986,0.904951,0.563490,0.290318,0.797275,0.811975,-0.105294,1.365312,0.726561,0.250222,1.353322,0.783678,-0.102785,1.054591,0.663831,0.294545,1.052336,0.843204
844,28.153720,14,0.104435,-0.138968,1.193600,0.073110,0.796134,0.638896,-0.003345,0.904858,0.561270,0.291164,0.797390,0.812137,-0.105839,1.364356,0.726073,0.249675,1.353311,0.783388,-0.101579,1.053918,0.662047,0.294729,1.052485,0.843171
845,28.187080,14,0.105167,-0.139484,1.193600,0.073819,0.795588,0.638937,-0.001425,0.904853,0.558576,0.291823,0.797510,0.812236,-0.106653,1.363381,0.725771,0.248874,1.353304,0.783187,-0.100178,1.053445,0.659538,0.294706,1.052629,0.843138
846,28.220430,14,0.105684,-0.139992,1.193600,0.074313,0.795059,0.638973,0.000683,0.904859,0.555920,0.292302,0.797571,0.812283,-0.107573,1.362427,0.725637,0.247976,1.353249,0.783074,-0.098705,1.053136,0.656722,0.294550,1.052706,0.843112
847,28.253790,14,0.105942,-0.140396,1.193600,0.074553,0.794645,0.639000,0.002828,0.904935,0.553789,0.292553,0.797589,0.812290,-0.108415,1.361669,0.725639,0.247156,1.353179,0.783044,-0.097313,1.053050,0.654081,0.294313,1.052730,0.843100
848,28.287150,14,0.105921,-0.140498,1.193600,0.074528,0.794544,0.639005,0.004919,0.905278,0.552495,0.292549,0.797679,0.812264,-0.108968,1.361385,0.725726,0.246619,1.353228,0.783079,-0.096078,1.053348,0.651994,0.294071,1.052818,0.843099
849,28.320510,14,0.105661,-0.140199,1.193600,0.074281,0.794853,0.638984,0.006970,0.906023,0.552114,0.292323,0.797883,0.812219,-0.109028,1.361733,0.725848,0.246562,1.353452,0.783160,-0.094963,1.054107,0.650633,0.293927,1.053014,0.843109
850,28.353860,14,0.105230,-0.139400,1.193600,0.073886,0.795669,0.638933,0.009059,0.907324,0.552491,0.291934,0.798293,0.812167,-0.108486,1.362828,0.725949,0.247091,1.353944,0.783256,-0.093873,1.055421,0.649944,0.293960,1.053413,0.843125
851,28.387220,14,0.104615,-0.138150,1.193600,0.073326,0.796942,0.638855,0.011166,0.909181,0.553329,0.291353,0.798911,0.812124,-0.107463,1.364591,0.725976,0.248079,1.354693,0.783337,-0.092805,1.057250,0.649718,0.294092,1.054017,0.843143
852,28.420580,14,0.103958,-0.136475,1.193600,0.072741,0.798641,0.638753,0.013382,0.911582,0.554299,0.290711,0.799798,0.812102,-0.106042,1.366920,0.725904,0.249441,1.355737,0.783393,-0.091632,1.059552,0.649703,0.294354,1.054888,0.843165
853,28.453940,14,0.103279,-0.134537,1.193600,0.072148,0.800603,0.638636,0.015618,0.914332,0.555160,0.290017,0.800898,0.812113,-0.104491,1.369558,0.725750,0.250912,1.356996,0.783447,-0.090392,1.062133,0.649721,0.294627,1.055968,0.843209
854,28.487290,14,0.102589,-0.132519,1.193600,0.071547,0.802646,0.638515,0.017742,0.917180,0.555815,0.289277,0.802116,0.812167,-0.103074,1.372231,0.725576,0.252233,1.358357,0.783556,-0.089162,1.064756,0.649718,0.294797,1.057163,0.843306
855,28.520650,14,0.102045,-0.130459,1.193600,0.071092,0.804723,0.638394,0.019775,0.919986,0.556297,0.288650,0.803453,0.812257,-0.101822,1.374827,0.725469,0.253384,1.359818,0.783790,-0.087867,1.067325,0.649729,0.294942,1.058471,0.843484
856,28.554010,14,0.101622,-0.128430,1.193600,0.070758,0.806766,0.638277,0.021608,0.922600,0.556716,0.288127,0.804853,0.812371,-0.100837,1.377244,0.725512,0.254268,1.361320,0.784202,-0.086596,1.069748,0.649798,0.295017,1.059836,0.843758
857,28.587360,14,0.101311,-0.126565,1.193600,0.070528,0.808640,0.638171,0.023204,0.924836,0.557175,0.287708,0.806172,0.812494,-0.100128,1.379346,0.725752,0.254886,1.362725,0.784804,-0.085412,1.071907,0.649899,0.295026,1.061113,0.844125
858,28.620720,14,0.101156,-0.124932,1.193600,0.070444,0.810275,0.638080,0.024638,0.926615,0.557710,0.287455,0.807334,0.812606,-0.099594,1.381087,0.726174,0.255343,1.363960,0.785543,-0.084305,1.073780,0.649898,0.295056,1.062229,0.844545
859,28.654080,14,0.101078,-0.123616,1.193600,0.070423,0.811591,0.638007,0.025893,0.927885,0.558286,0.287303,0.808271,0.812690,-0.099255,1.382420,0.726688,0.255624,1.364954,0.786299,-0.083385,1.075344,0.649605,0.295069,1.063120,0.844953
860,28.687440,14,0.101089,-0.122658,1.193600,0.070476,0.812547,0.637956,0.027025,0.928657,0.558824,0.287270,0.808974,0.812740,-0.099063,1.383336,0.727154,0.255782,1.365694,0.786918,-0.082670,1.076594,0.648862,0.295102,1.063786,0.845274
861,28.720790,14,0.101144,-0.122029,1.193600,0.070559,0.813172,0.637923,0.027978,0.929017,0.559241,0.287311,0.809517,0.812757,-0.099046,1.383897,0.727404,0.255786,1.366249,0.787243,-0.082232,1.077557,0.647640,0.295116,1.064311,0.845438
862,28.754150,14,0.101222,-0.121715,1.193600,0.070650,0.813482,0.637907,0.028647,0.929017,0.559477,0.287390,0.809954,0.812759,-0.099223,1.384144,0.727285,0.255612,1.366668,0.787155,-0.082119,1.078197,0.646087,0.295075,1.064757,0.845400
863,28.787510,14,0.101311,-0.121607,1.193600,0.070744,0.813585,0.637903,0.028905,0.928774,0.559507,0.287476,0.810408,0.812771,-0.099592,1.384201,0.726691,0.255254,1.367070,0.786600,-0.082345,1.078532,0.644483,0.294955,1.065250,0.845154
864,28.820870,14,0.101406,-0.121654,1.193600,0.070836,0.813535,0.637907,0.028676,0.928332,0.559364,0.287537,0.810912,0.812823,-0.100122,1.384134,0.725604,0.254730,1.367490,0.785613,-0.082876,1.078527,0.643165,0.294740,1.065821,0.844735
865,28.854220,14,0.101503,-0.121727,1.193600,0.070930,0.813458,0.637913,0.027990,0.927809,0.559130,0.287554,0.811530,0.812933,-0.100746,1.384070,0.724107,0.254098,1.367999,0.784317,-0.083616,1.078261,0.642395,0.294440,1.066527,0.844211
866,28.887580,14,0.101601,-0.121763,1.193600,0.071027,0.813417,0.637917,0.026986,0.927278,0.558923,0.287520,0.812229,0.813105,-0.101371,1.384070,0.722382,0.253445,1.368576,0.782907,-0.084423,1.077826,0.642279,0.294088,1.067320,0.843674
867,28.920940,14,0.101601,-0.121682,1.193600,0.071030,0.813499,0.637912,0.025774,0.926856,0.558837,0.287346,0.812983,0.813322,-0.101989,1.384213,0.720673,0.252780,1.369216,0.781598,-0.085234,1.077402,0.642730,0.293644,1.068161,0.843214
868,28.954300,14,0.101600,-0.121541,1.193600,0.071035,0.813639,0.637905,0.024663,0.926516,0.558919,0.287156,0.813631,0.813557,-0.102414,1.384428,0.719242,0.252296,1.369773,0.780595,-0.085820,1.077052,0.643520,0.293269,1.068876,0.842905
869,28.987650,14,0.101500,-0.121370,1.193600,0.070943,0.813814,0.637894,0.023722,0.926262,0.559150,0.286883,0.814083,0.813767,-0.102696,1.384679,0.718281,0.251953,1.370173,0.780018,-0.086208,1.076860,0.644359,0.292918,1.069369,0.842777
870,29.021010,14,0.101400,-0.121185,1.193600,0.070851,0.814003,0.637882,0.023149,0.926097,0.559472,0.286660,0.814316,0.813916,-0.102747,1.384936,0.717874,0.251854,1.370397,0.779881,-0.086302,1.076866,0.644995,0.292719,1.069614,0.842811
871,29.054370,14,0.101300,-0.120993,1.193600,0.070759,0.814199,0.637870,0.022951,0.926022,0.559815,0.286508,0.814371,0.813979,-0.102624,1.385183,0.717963,0.251949,1.370476,0.780089,-0.086170,1.077071,0.645265,0.292665,1.069659,0.842948
872,29.087730,14,0.101200,-0.120796,1.193600,0.070668,0.814399,0.637857,0.023056,0.926030,0.560105,0.286427,0.814331,0.813953,-0.102414,1.385415,0.718376,0.252155,1.370478,0.780470,-0.085917,1.077442,0.645101,0.292719,1.069595,0.843108
873,29.121080,14,0.101100,-0.120698,1.193600,0.070572,0.814501,0.637850,0.023336,0.926012,0.560281,0.286397,0.814188,0.813866,-0.102200,1.385538,0.718884,0.252385,1.370379,0.780834,-0.085659,1.077827,0.644526,0.292824,1.069426,0.843220
874,29.154440,14,0.101050,-0.120649,1.193600,0.070524,0.814552,0.637847,0.023709,0.925998,0.560295,0.286440,0.814063,0.813750,-0.101973,1.385619,0.719258,0.252638,1.370284,0.781016,-0.085418,1.078216,0.643637,0.292987,1.069283,0.843229
875,29.187800,14,0.101025,-0.120675,1.193600,0.070498,0.814528,0.637848,0.024054,0.925947,0.560136,0.286502,0.813966,0.813643,-0.101757,1.385657,0.719333,0.252879,1.370198,0.780915,-0.085239,1.078531,0.642587,0.293153,1.069184,0.843113
876,29.221160,14,0.101013,-0.120737,1.193600,0.070483,0.814466,0.637851,0.024324,0.925876,0.559841,0.286548,0.813932,0.813571,-0.101525,1.385712,0.719037,0.253127,1.370156,0.780504,-0.085094,1.078766,0.641557,0.293308,1.069166,0.842878
877,29.254510,14,0.101006,-0.120869,1.193600,0.070471,0.814335,0.637858,0.024533,0.925733,0.559484,0.286561,0.813903,0.813547,-0.101238,1.385764,0.718386,0.253415,1.370103,0.779820,-0.084918,1.078862,0.640706,0.293453,1.069168,0.842548
878,29.287870,14,0.100953,-0.121034,1.193600,0.070411,0.814172,0.637866,0.024671,0.925532,0.559157,0.286492,0.813884,0.813567,-0.100932,1.385842,0.717459,0.253707,1.370051,0.778937,-0.084706,1.078848,0.640125,0.293548,1.069192,0.842155
879,29.321230,14,0.100927,-0.121317,1.193600,0.070372,0.813891,0.637881,0.024823,0.925158,0.558945,0.286421,0.813776,0.813621,-0.100575,1.385831,0.716375,0.254042,1.369901,0.777947,-0.084385,1.078637,0.639833,0.293655,1.069132,0.841734
880,29.354590,14,0.100913,-0.121609,1.193600,0.070346,0.813601,0.637896,0.024938,0.924693,0.558893,0.286354,0.813695,0.813687,-0.100266,1.385798,0.715237,0.254326,1.369769,0.776923,-0.084036,1.078337,0.639783,0.293739,1.069100,0.841304
881,29.387940,14,0.100957,-0.121904,1.193600,0.070377,0.813304,0.637913,0.024964,0.924121,0.559010,0.286347,0.813664,0.813749,-0.100078,1.385698,0.714137,0.254497,1.369677,0.775929,-0.083743,1.077940,0.639926,0.293804,1.069119,0.840886
882,29.421300,14,0.101028,-0.122152,1.193600,0.070437,0.813054,0.637927,0.024755,0.923500,0.559258,0.286380,0.813751,0.813797,-0.100122,1.385550,0.713141,0.254445,1.369694,0.775017,-0.083675,1.077490,0.640220,0.293791,1.069253,0.840496
883,29.454660,14,0.101114,-0.122276,1.193600,0.070518,0.812927,0.637936,0.024201,0.922942,0.559551,0.286440,0.814021,0.813828,-0.100426,1.385420,0.712299,0.254145,1.369885,0.774237,-0.083960,1.077072,0.640606,0.293680,1.069566,0.840157
884,29.488020,14,0.101257,-0.122238,1.193600,0.070662,0.812959,0.637936,0.023298,0.922538,0.559767,0.286568,0.814468,0.813846,-0.100875,1.385357,0.711656,0.253706,1.370255,0.773642,-0.084605,1.076763,0.640986,0.293543,1.070049,0.839895
885,29.521370,14,0.101329,-0.121969,1.193600,0.070745,0.813224,0.637923,0.021933,0.922424,0.559774,0.286634,0.815101,0.813850,-0.101463,1.385472,0.711248,0.253130,1.370822,0.773274,-0.085722,1.076705,0.641215,0.293311,1.070707,0.839730
886,29.554730,14,0.101364,-0.121635,1.193600,0.070795,0.813556,0.637905,0.020189,0.922472,0.559497,0.286669,0.815689,0.813849,-0.102008,1.385640,0.711108,0.252595,1.371368,0.773163,-0.087209,1.076803,0.641181,0.293080,1.071307,0.839680
887,29.588090,14,0.101232,-0.121417,1.193600,0.070673,0.813778,0.637891,0.017980,0.922511,0.558941,0.286543,0.816014,0.813838,-0.102523,1.385725,0.711238,0.252089,1.371680,0.773294,-0.089118,1.076927,0.640860,0.292779,1.071630,0.839735
888,29.621450,14,0.100966,-0.121559,1.193600,0.070401,0.813649,0.637894,0.015340,0.922272,0.558208,0.286293,0.815827,0.813814,-0.102916,1.385511,0.711610,0.251708,1.371510,0.773611,-0.091358,1.076837,0.640369,0.292474,1.071429,0.839864
889,29.654800,14,0.100533,-0.122379,1.193600,0.069933,0.812848,0.637931,0.012170,0.921389,0.557467,0.285886,0.814834,0.813777,-0.103227,1.384690,0.712174,0.251414,1.370557,0.774040,-0.093969,1.076166,0.639950,0.292135,1.070412,0.840034
890,29.688160,14,0.100067,-0.124040,1.193600,0.069395,0.811212,0.638012,0.008494,0.919649,0.556917,0.285455,0.812905,0.813731,-0.103376,1.383090,0.712885,0.251294,1.368685,0.774526,-0.096892,1.074675,0.639897,0.291874,1.068456,0.840219
891,29.721520,14,0.099633,-0.126520,1.193600,0.068854,0.808756,0.638139,0.004253,0.917038,0.556740,0.285063,0.810088,0.813678,-0.103369,1.380703,0.713738,0.251340,1.365936,0.775066,-0.100184,1.072303,0.640472,0.291720,1.065606,0.840420
892,29.754880,14,0.099417,-0.129560,1.193600,0.068506,0.805733,0.638299,-0.000495,0.913792,0.557071,0.284897,0.806642,0.813616,-0.103103,1.377746,0.714790,0.251656,1.362570,0.775733,-0.103801,1.069259,0.641822,0.291822,1.062120,0.840671
893,29.788230,14,0.099558,-0.132880,1.193600,0.068503,0.802414,0.638481,-0.005724,0.910173,0.557960,0.285107,0.802833,0.813536,-0.102516,1.374443,0.716169,0.252302,1.358854,0.776656,-0.107721,1.065822,0.643954,0.292286,1.058258,0.841025
894,29.821590,14,0.100079,-0.136090,1.193600,0.068884,0.799190,0.638663,-0.011491,0.906546,0.559357,0.285738,0.799035,0.813409,-0.101657,1.371132,0.718021,0.253237,1.355167,0.777961,-0.111950,1.062422,0.646739,0.293120,1.054385,0.841523
895,29.854950,14,0.100990,-0.138845,1.193600,0.069674,0.796403,0.638828,-0.017790,0.903227,0.561132,0.286835,0.795577,0.813189,-0.100556,1.368116,0.720473,0.254439,1.351838,0.779730,-0.116389,1.059457,0.649990,0.294344,1.050827,0.842177
896,29.888310,14,0.102195,-0.141073,1.193600,0.070781,0.794129,0.638970,-0.023924,0.900177,0.563745,0.288334,0.792532,0.812837,-0.099311,1.365451,0.723590,0.255818,1.348937,0.781975,-0.120707,1.057044,0.653472,0.295887,1.047648,0.842965
897,29.921670,14,0.103547,-0.142686,1.193600,0.072062,0.792462,0.639081,-0.030582,0.897602,0.566330,0.290114,0.789998,0.812312,-0.098024,1.363233,0.727345,0.257277,1.346550,0.784620,-0.125045,1.055309,0.657050,0.297647,1.044947,0.843829
898,29.955020,14,0.104974,-0.143793,1.193600,0.073439,0.791297,0.639166,-0.038583,0.895346,0.568723,0.292105,0.787887,0.811605,-0.096703,1.361386,0.731631,0.258809,1.344580,0.787541,-0.129736,1.054146,0.660911,0.299584,1.042637,0.844703
0,0.000000,15,0.023700,0.059400,1.221500,0.000646,0.998985,0.654608,-0.290845,1.061001,0.728198,0.742537,1.506723,0.937564,-0.176734,1.548971,0.823578,0.180431,1.532556,0.867865,-0.271627,1.246696,0.812893,0.487755,1.518432,0.905972
1,0.033401,15,0.025400,0.039400,1.225350,0.001416,0.979171,0.659561,-0.286857,1.041372,0.714586,0.717902,1.405772,0.996071,-0.180082,1.530353,0.820050,0.176716,1.516158,0.867923,-0.266980,1.226075,0.801274,0.472602,1.455806,0.937987
2,0.066803,15,0.027700,0.019400,1.228425,0.002798,0.959289,0.663752,-0.278378,1.020731,0.697045,0.669717,1.303289,1.056245,-0.184758,1.510670,0.816400,0.171326,1.499257,0.869988,-0.260411,1.204281,0.786553,0.443815,1.392114,0.971822
3,0.100205,15,0.029850,-0.000600,1.226213,0.004111,0.939125,0.662661,-0.268970,0.995796,0.685482,0.601648,1.201786,1.104260,-0.190833,1.488489,0.813310,0.164133,1.479597,0.874281,-0.254630,1.180596,0.773051,0.403339,1.327708,1.000019
4,0.133607,11,0.031475,-0.020600,1.215106,0.005037,0.918497,0.652681,-0.266777,0.967437,0.677827,0.519303,1.100015,1.127350,-0.198645,1.462979,0.809372,0.154846,1.456094,0.878617,-0.252258,1.154352,0.760755,0.354108,1.261412,1.014608
5,0.167010,8,0.030088,-0.040600,1.235106,0.002474,0.899698,0.673704,-0.303803,0.950378,0.744099,0.500505,1.087419,1.052118,-0.198562,1.457009,0.780888,0.160992,1.466254,0.801711,-0.271477,1.148543,0.785463,0.346616,1.259131,0.938618
6,0.200413,8,0.033194,-0.060600,1.255106,0.004400,0.880708,0.694807,-0.306943,0.939531,0.759594,0.488087,1.037501,0.988715,-0.190674,1.446443,0.761062,0.169282,1.454331,0.773993,-0.270361,1.140206,0.779994,0.343584,1.226434,0.891389
7,0.233817,0,0.033747,-0.080600,1.235106,0.004392,0.859638,0.675929,-0.280793,0.910721,0.715217,0.413295,0.945831,0.972170,-0.193381,1.419063,0.778055,0.166162,1.426176,0.799885,-0.260183,1.109709,0.759982,0.301279,1.163553,0.894079
8,0.267221,0,0.034423,-0.100600,1.224053,0.004370,0.839053,0.665985,-0.267280,0.887791,0.693256,0.335767,0.878053,0.940589,-0.196473,1.394260,0.783912,0.162807,1.401889,0.809557,-0.255617,1.084835,0.748597,0.257370,1.115488,0.881197
9,0.300625,0,0.035412,-0.120600,1.218527,0.004574,0.818757,0.661565,-0.260356,0.866720,0.682586,0.272062,0.830081,0.894749,-0.198379,1.371722,0.786223,0.160776,1.380061,0.813348,-0.253386,1.062576,0.742725,0.221620,1.079366,0.857853
10,0.334030,0,0.036806,-0.140600,1.215763,0.005140,0.798594,0.659910,-0.256175,0.846342,0.677804,0.243875,0.800764,0.866705,-0.198767,1.350502,0.787660,0.160347,1.359210,0.815221,-0.251613,1.041561,0.740203,0.206015,1.053887,0.843369
11,0.367435,0,0.038603,-0.160600,1.214382,0.006088,0.778490,0.659643,-0.252837,0.826240,0.676490,0.232777,0.777135,0.851990,-0.197762,1.329956,0.789377,0.161353,1.338526,0.816971,-0.249498,1.021131,0.739981,0.200403,1.031593,0.836117
12,0.400841,0,0.040601,-0.180600,1.213691,0.007226,0.758416,0.660069,-0.249716,0.806240,0.677320,0.229141,0.755159,0.845704,-0.195815,1.309731,0.791692,0.163317,1.317703,0.819232,-0.246991,1.000968,0.741343,0.199305,1.010139,0.833705
13,0.434247,0,0.042701,-0.200600,1.213345,0.008460,0.738356,0.660841,-0.246631,0.786274,0.679378,0.228952,0.733665,0.844152,-0.193312,1.289653,0.794476,0.165840,1.296707,0.822011,-0.244212,0.980920,0.743660,0.200346,0.988871,0.834117
14,0.467653,0,0.044700,-0.214100,1.213173,0.009874,0.724793,0.661432,-0.243481,0.772817,0.681583,0.230482,0.718859,0.844632,-0.190447,1.276139,0.797038,0.168718,1.282131,0.824662,-0.241211,0.967422,0.745992,0.202487,0.974169,0.835580
15,0.501060,0,0.046400,-0.218750,1.213086,0.011371,0.720078,0.661628,-0.240440,0.768229,0.683241,0.232705,0.713094,0.845560,-0.187549,1.271524,0.798877,0.171617,1.276478,0.826673,-0.238246,0.962815,0.747714,0.205016,0.968455,0.836999
16,0.534467,0,0.047700,-0.219425,1.213043,0.012641,0.719346,0.661644,-0.237917,0.767668,0.684235,0.234806,0.711583,0.846335,-0.185103,1.270947,0.799969,0.174057,1.275021,0.827989,-0.235763,0.962242,0.748744,0.207270,0.966969,0.838019
17,0.567875,0,0.048600,-0.218613,1.213022,0.013576,0.720118,0.661595,-0.236086,0.768654,0.684523,0.236414,0.711892,0.846647,-0.183316,1.271924,0.800315,0.175833,1.275357,0.828573,-0.233954,0.963222,0.749053,0.208955,0.967290,0.838455
18,0.601283,0,0.049100,-0.217506,1.213011,0.014124,0.721199,0.661533,-0.235015,0.769982,0.684181,0.237368,0.712827,0.846422,-0.182267,1.273246,0.800007,0.176867,1.276304,0.828485,-0.232894,0.964546,0.748722,0.209945,0.968230,0.838292
19,0.634692,0,0.049300,-0.216553,1.213005,0.014365,0.722141,0.661480,-0.234599,0.771169,0.683380,0.237722,0.713882,0.845753,-0.181861,1.274429,0.799224,0.177260,1.277366,0.827886,-0.232483,0.965730,0.747929,0.210317,0.969288,0.837654
20,0.668100,0,0.049350,-0.215927,1.213003,0.014442,0.722764,0.661444,-0.234653,0.771992,0.682346,0.237634,0.714800,0.844827,-0.181918,1.275251,0.798196,0.177191,1.278287,0.826995,-0.232539,0.966552,0.746896,0.210237,0.970207,0.836745
21,0.701510,0,0.049375,-0.215513,1.213001,0.014485,0.723175,0.661421,-0.234981,0.772528,0.681279,0.237284,0.715603,0.843838,-0.182247,1.275786,0.797131,0.176852,1.279091,0.826024,-0.232867,0.967088,0.745831,0.209893,0.971011,0.835763
22,0.734919,0,0.049388,-0.215307,1.213001,0.014506,0.723381,0.661409,-0.235473,0.772777,0.680337,0.236775,0.716218,0.842943,-0.182740,1.276036,0.796189,0.176351,1.279708,0.825137,-0.233360,0.967337,0.744888,0.209387,0.971627,0.834872
23,0.768330,0,0.049444,-0.215203,1.213000,0.014567,0.723482,0.661404,-0.235928,0.772871,0.679601,0.236309,0.716675,0.842234,-0.183197,1.276130,0.795453,0.175888,1.280166,0.824432,-0.233816,0.967431,0.744152,0.208922,0.972085,0.834165
24,0.801740,0,0.049522,-0.215152,1.213000,0.014647,0.723530,0.661403,-0.236196,0.772918,0.679086,0.236033,0.716970,0.841736,-0.183466,1.276176,0.794940,0.175614,1.280461,0.823936,-0.234084,0.967478,0.743638,0.208647,0.972380,0.833668
25,0.835151,8,0.049561,-0.215076,1.213000,0.014690,0.723604,0.661399,-0.221283,0.772324,0.674351,0.236057,0.717139,0.841426,-0.183442,1.276320,0.794620,0.175637,1.280629,0.823628,-0.225784,0.967526,0.736809,0.208671,0.972548,0.833359
26,0.868563,10,0.049430,-0.214988,1.213000,0.014563,0.723697,0.661392,-0.212555,0.772558,0.670730,0.236358,0.717155,0.841259,-0.183143,1.276608,0.794440,0.175938,1.280646,0.823461,-0.220860,0.968314,0.731025,0.208972,0.972564,0.833192
