frame,time_s,has_pose,left_shoulder_x,left_shoulder_y,left_shoulder_z,left_shoulder_vis,right_shoulder_x,right_shoulder_y,right_shoulder_z,right_shoulder_vis,left_elbow_x,left_elbow_y,left_elbow_z,left_elbow_vis,right_elbow_x,right_elbow_y,right_elbow_z,right_elbow_vis,left_wrist_x,left_wrist_y,left_wrist_z,left_wrist_vis,right_wrist_x,right_wrist_y,right_wrist_z,right_wrist_vis,left_hip_x,left_hip_y,left_hip_z,left_hip_vis,right_hip_x,right_hip_y,right_hip_z,right_hip_vis
0,0.0,1,0.19,-0.2,1.7,1.0,-0.19,-0.2,1.7,1.0,0.5,-0.2,1.7,1.0,-0.5,-0.2,1.7,1.0,0.78,-0.2,1.7,1.0,-0.49999999999999994,-0.2,1.42,1.0,0.15,0.3,1.7,1.0,-0.15,0.3,1.7,1.0
1,0.0333,1,0.1899876065657486,-0.2,1.6978298959890548,1.0,-0.1899876065657486,-0.2,1.7021701040109452,1.0,0.4999673856993384,-0.2,1.6942891999711966,1.0,-0.49975388018458033,-0.2,1.7142057065427267,1.0,0.779949121690968,-0.2,1.6910911519550669,1.0,-0.5179244292613959,-0.2,1.43479591582979,1.0,0.1499902157098015,0.3,1.698286759991359,1.0,-0.1499902157098015,0.3,1.701713240008641,1.0
2,0.0667,1,0.18995046184676492,-0.2,1.6956615620091209,1.0,-0.18995046184676492,-0.2,1.704338437990879,1.0,0.49986963643885507,-0.2,1.6885830579187393,1.0,-0.4990165488254667,-0.2,1.728383268613563,1.0,0.779796632844614,-0.2,1.6821895703532332,1.0,-0.5352671663459458,-0.2,1.450739805284451,1.0,0.14996089093165652,0.3,1.6965749173756217,1.0,-0.14996089093165652,0.3,1.7034250826243782,1.0
3,0.1,1,0.1898886724789326,-0.2,1.6934967650981478,1.0,-0.1898886724789326,-0.2,1.706503234901852,1.0,0.4997070328392963,-0.2,1.6828862239424944,1.0,-0.4977910829651242,-0.2,1.7425047017718662,1.0,0.7795429712293023,-0.2,1.6733025093502913,1.0,-0.5519417279910246,-0.2,1.4677908367353907,1.0,0.14991210985178888,0.3,1.6948658671827483,1.0,-0.14991210985178888,0.3,1.7051341328172516,1.0
4,0.1333,1,0.18980241580448193,-0.2,1.6913372663216195,1.0,-0.18980241580448193,-0.2,1.7086627336783804,1.0,0.49948004159074194,-0.2,1.6772033324253144,1.0,-0.4960825870262278,-0.2,1.7565423401552305,1.0,0.7791888648815575,-0.2,1.6644371985834903,1.0,-0.5678654848531514,-0.2,1.4859001121501212,1.0,0.14984401247722257,0.3,1.6931609997275943,1.0,-0.14984401247722257,0.3,1.7068390002724056,1.0
5,0.1667,1,0.18969193929743436,-0.2,1.6891848178203748,1.0,-0.18969193929743436,-0.2,1.7108151821796251,1.0,0.4991893139406167,-0.2,1.671538994264144,1.0,-0.49389815712452456,-0.2,1.7704689920775432,1.0,0.7787353297473621,-0.2,1.6556008310520647,1.0,-0.5829605041017317,-0.2,1.505011088916022,1.0,0.14975679418218502,0.3,1.6914616982792432,1.0,-0.14975679418218502,0.3,1.7085383017207567,1.0
6,0.2,1,0.18955755976282698,-0.2,1.6870411598990391,1.0,-0.18955755976282698,-0.2,1.7129588401009608,1.0,0.4988356835863868,-0.2,1.6658977892079976,1.0,-0.49124683167229505,-0.2,1.784258091252253,1.0,0.7781836663947634,-0.2,1.6468005511644763,1.0,-0.5971543371607692,-0.2,1.525060096890397,1.0,0.14965070507591605,0.3,1.6897693367623992,1.0,-0.14965070507591605,0.3,1.7102306632376008,1.0
7,0.2333,1,0.18939966231328872,-0.2,1.6849080181681728,1.0,-0.18939966231328872,-0.2,1.715091981831827,1.0,0.49842016398233874,-0.2,1.660284258337297,1.0,-0.4881395288272759,-0.2,1.7978838422723629,1.0,0.7775354558124484,-0.2,1.6380434430061832,1.0,-0.6103807408198125,-0.2,1.5459769426237115,1.0,0.1495260491947016,0.3,1.688085277501189,1.0,-0.1495260491947016,0.3,1.711914722498811,1.0
8,0.2667,1,0.18921869912751457,-0.2,1.6827871007528912,1.0,-0.18921869912751457,-0.2,1.7172128992471087,1.0,0.49794394507240675,-0.2,1.654702896718135,1.0,-0.4845889714855576,-0.2,1.8113213590535229,1.0,0.7767925543129546,-0.2,1.6293365188802904,1.0,-0.6225803212123373,-0.2,1.5676855911527863,1.0,0.14938318352172203,0.3,1.6864108690154405,1.0,-0.14938318352172203,0.3,1.7135891309845594,1.0
9,0.3,1,0.18901518799612937,-0.2,1.6806800955802603,1.0,-0.18901518799612937,-0.2,1.7193199044197396,1.0,0.49740838946349836,-0.2,1.6491581462638432,1.0,-0.4806096006498708,-0.2,1.824546795037678,1.0,0.7759570875630575,-0.2,1.6206867081715954,1.0,-0.6337010916487469,-0.2,1.590104914428131,1.0,0.1492225168390495,0.3,1.684747443879153,1.0,-0.1492225168390495,0.3,1.715252556120847,1.0
10,0.3333,1,0.18878971066133513,-0.2,1.6785886677572512,1.0,-0.18878971066133513,-0.2,1.7214113322427487,1.0,0.496815028056145,-0.2,1.6436543888348716,1.0,-0.4762174781248803,-0.2,1.8375374640603641,1.0,0.7750314437675863,-0.2,1.6121008465823998,1.0,-0.643698936953041,-0.2,1.6131494943543412,1.0,0.1490445084168435,0.3,1.6830963166504616,1.0,-0.1490445084168435,0.3,1.7169036833495384,1.0
11,0.3667,1,0.18854291095759584,-0.2,1.6765144570504302,1.0,-0.18854291095759584,-0.2,1.7234855429495697,1.0,0.496165555151568,-0.2,1.6381959396063954,1.0,-0.4714301795969355,-0.2,1.8502719509031593,1.0,0.7740182660364461,-0.2,1.6035856657859768,1.0,-0.6525379787436111,-0.2,1.636730467607179,1.0,0.1488496665454704,0.3,1.6814587818819187,1.0,-0.1488496665454704,0.3,1.7185412181180812,1.0
12,0.4,1,0.18827549276142158,-0.2,1.6744590754778943,1.0,-0.18827549276142158,-0.2,1.7255409245221056,1.0,0.49546182305637254,-0.2,1.632787040731301,1.0,-0.46626667924575926,-0.2,1.8627302106818862,1.0,0.7729204439679412,-0.2,1.5951477835408296,1.0,-0.6601908379733662,-0.2,1.6607563988601801,1.0,0.14863854691691175,0.3,1.6798361122193903,1.0,-0.14863854691691175,0.3,1.7201638877806096,1.0
13,0.4333,1,0.1879882177590645,-0.2,1.6724241050232171,1.0,-0.1879882177590645,-0.2,1.7275758949767828,1.0,0.4947058362080644,-0.2,1.627431855324256,1.0,-0.4607472271086888,-0.2,1.8748936563588086,1.0,0.7717411044845806,-0.2,1.5867936943058392,1.0,-0.6666387929550981,-0.2,1.6851341688138803,1.0,0.1484117508624193,0.3,1.6782295565972767,1.0,-0.1484117508624193,0.3,1.7217704434027232,1.0
14,0.4667,1,0.18768190304163165,-0.2,1.6704110954803735,1.0,-0.18768190304163165,-0.2,1.7295889045196264,1.0,0.4938997448463991,-0.2,1.6221344617904563,1.0,-0.4548932204735351,-0.2,1.886745233810898,1.0,0.7704836019603826,-0.2,1.5785297603931119,1.0,-0.6718718329973679,-0.2,1.7097698634701854,1.0,0.14816992345391972,0.3,1.676640338537137,1.0,-0.14816992345391972,0.3,1.723359661462863,1.0
15,0.5,1,0.1873574185377446,-0.2,1.668421562437758,1.0,-0.1873574185377446,-0.2,1.7315784375622418,1.0,0.4930458382572226,-0.2,1.6168988485204163,1.0,-0.44872707061342315,-0.2,1.8982694840339667,1.0,0.7691515076812673,-0.2,1.5703622036918494,1.0,-0.6758886096187858,-0.2,1.7345696514234379,1.0,0.14791375147716676,0.3,1.6750696545561248,1.0,-0.14791375147716676,0.3,1.7249303454438751,1.0
16,0.5333,1,0.1870156842944343,-0.2,1.6664569854085163,1.0,-0.1870156842944343,-0.2,1.7335430145914836,1.0,0.49214653761693233,-0.2,1.61172890896978,1.0,-0.442272066196013,-0.2,1.9094525922116785,1.0,0.7677485986824145,-0.2,1.5622970979928565,1.0,-0.678696289051782,-0.2,1.7594406365313207,1.0,0.1476439612850797,0.3,1.673518672690934,1.0,-0.1476439612850797,0.3,1.726481327309066,1.0
17,0.5667,1,0.18665766761744712,-0.2,1.6645188061134544,1.0,-0.18665766761744712,-0.2,1.7354811938865455,1.0,0.4912043884669661,-0.2,1.6066284371406696,1.0,-0.4355522347004291,-0.2,1.9202824235268672,1.0,0.7662788460084672,-0.2,1.5543403619394447,1.0,-0.6803103113526077,-0.2,1.7842916741593964,1.0,0.14736131654008983,0.3,1.671988531142201,1.0,-0.14736131654008983,0.3,1.728011468857799,1.0
18,0.6,1,0.18628438008255205,-0.2,1.662608426921841,1.0,-0.18628438008255205,-0.2,1.7373915730781588,1.0,0.49022205284882114,-0.2,1.6016011234785292,1.0,-0.42859220315860574,-0.2,1.9307485457379103,1.0,0.764746402444161,-0.2,1.5464977526265056,1.0,-0.6807540628692919,-0.2,1.8090341402336796,1.0,0.14706661585464634,0.3,1.6704803370435588,1.0,-0.14706661585464634,0.3,1.729519662956441,1.0
19,0.6333,1,0.1858968744297793,-0.2,1.6607272094543961,1.0,-0.1858968744297793,-0.2,1.7392727905456038,1.0,0.48920230113099816,-0.2,1.5966505511957794,1.0,-0.42141705950430774,-0.2,1.9408422386831128,1.0,0.7631555897643572,-0.2,1.5387748598654158,1.0,-0.6800584700565808,-0.2,1.8335826435527443,1.0,0.14676069033929945,0.3,1.6689951653587338,1.0,-0.14676069033929945,0.3,1.731004834641266,1.0
20,0.6667,1,0.18549624135278733,-0.2,1.6588764733517605,1.0,-0.18549624135278733,-0.2,1.7411235266482394,1.0,0.4881480035599667,-0.2,1.5917801930309485,1.0,-0.41405221576392576,-0.2,1.9505564910090942,1.0,0.7615108855535481,-0.2,1.5311771011282795,1.0,-0.6782615236460221,-0.2,1.8578556731676978,1.0,0.14644440106799,0.3,1.6675340579092846,1.0,-0.14644440106799,0.3,1.7324659420907154,1.0
21,0.7,1,0.1850836061957444,-0.2,1.6570574952107051,1.0,-0.1850836061957444,-0.2,1.7429425047892948,1.0,0.4870621215677484,-0.2,1.586993408449224,1.0,-0.40652327425950846,-0.2,1.9598859845433771,1.0,0.7598169096456876,-0.2,1.5237097171807896,1.0,-0.6754077429666774,-0.2,1.8817761740963947,1.0,0.14611863647032453,0.3,1.6660980225347672,1.0,-0.14611863647032453,0.3,1.7339019774652327,1.0
22,0.7333,1,0.18466012557022954,-0.2,1.6552715076893145,1.0,-0.18466012557022954,-0.2,1.7447284923106854,1.0,0.4859476988690251,-0.2,1.5822934412876697,1.0,-0.3988558979178918,-0.2,1.9688270668451713,1.0,0.7580784102356792,-0.2,1.5163777684087647,1.0,-0.6715475907606946,-0.2,1.9052720461581598,1.0,0.14578430966070752,0.3,1.664688032386301,1.0,-0.14578430966070752,0.3,1.735311967613699,1.0
23,0.7667,1,0.18422698390470257,-0.2,1.6535196987813496,1.0,-0.18422698390470257,-0.2,1.7464803012186503,1.0,0.4848078523807962,-0.2,1.577683417845657,1.0,-0.391075685691852,-0.2,1.977377712570469,1.0,0.7563002497140421,-0.2,1.509186131839225,1.0,-0.6667368491480723,-0.2,1.928276562258454,1.0,0.14544235571423886,0.3,1.6633050253536972,1.0,-0.14544235571423886,0.3,1.7366949746463027,1.0
24,0.8,1,0.18378538993906524,-0.2,1.651803211258988,1.0,-0.18378538993906524,-0.2,1.748196788741012,1.0,0.4836457629975401,-0.2,1.5731663454183895,1.0,-0.3832080540016954,-0.2,1.9855374743770051,1.0,0.7544873902761625,-0.2,1.5021394988526877,1.0,-0.661035967472622,-0.2,1.9507287039823,1.0,0.14509372889926203,0.3,1.6619499036255168,1.0,-0.14509372889926203,0.3,1.7380500963744832,1.0
25,0.8333,1,0.18333657317674518,-0.2,1.6501231422821367,1.0,-0.18333657317674518,-0.2,1.7498768577178632,1.0,0.48246466625459256,-0.2,1.5687451112687811,1.0,-0.3752781250004643,-0.2,1.9933074241706046,1.0,0.7526448793571644,-0.2,1.4952423735792986,1.0,-0.6545093926183152,-0.2,1.972573413836658,1.0,0.14473939987637777,0.3,1.6606235333806343,1.0,-0.14473939987637777,0.3,1.7393764666193656,1.0
26,0.8667,1,0.18288178030657312,-0.2,1.648480543171552,1.0,-0.18288178030657312,-0.2,1.751519456828448,1.0,0.48126784291203456,-0.2,1.5644224820303998,1.0,-0.3673106223548626,-0.2,2.0006900855564886,1.0,0.750777834942774,-0.2,1.4884990719674238,1.0,-0.6472248920387542,-0.2,1.9937617648845225,1.0,0.14438035287361037,0.3,1.65932674460912,1.0,-0.14438035287361037,0.3,1.74067325539088,1.0
27,0.9,1,0.18242227160650787,-0.2,1.6468764193420522,1.0,-0.18242227160650787,-0.2,1.7531235806579477,1.0,0.48005860949081014,-0.2,1.5602011035317165,1.0,-0.3593297751189643,-0.2,2.00768935840702,1.0,0.7488914308056639,-0.2,1.4819137215094775,1.0,-0.639252879213502,-0.2,2.014251049810813,1.0,0.14401758284724303,0.3,1.658060331059515,1.0,-0.14401758284724303,0.3,1.741939668940485,1.0
28,0.9333,1,0.1819593173409849,-0.2,1.6453117303912186,1.0,-0.1819593173409849,-0.2,1.7546882696087813,1.0,0.4788403087920655,-0.2,1.5560835010295229,1.0,-0.35135923016062803,-0.2,2.0143104364911517,1.0,0.7469908817156222,-0.2,1.4754902616060557,1.0,-0.6306657505576032,-0.2,2.0340047926302605,1.0,0.14365209263761966,0.3,1.6568250503088569,1.0,-0.14365209263761966,0.3,1.743174949691143,1.0
29,0.9667,1,0.18149419416334,-0.2,1.6437873903381115,1.0,-0.18149419416334,-0.2,1.7562126096618884,1.0,0.4776163004298421,-0.2,1.5520720798371355,1.0,-0.34342197348308845,-0.2,2.020559719130812,1.0,0.7450814286705537,-0.2,1.4692324445459313,1.0,-0.621537241991402,-0.2,2.052992687273562,1.0,0.14328489012895262,0.3,1.6556216239511405,1.0,-0.14328489012895262,0.3,1.7443783760488594,1.0
30,1.0,1,0.18102818153438,-0.2,1.6423042680057218,1.0,-0.18102818153438,-0.2,1.757695731994278,1.0,0.4763899514062631,-0.2,1.548169126330847,1.0,-0.33554026066808856,-0.2,2.0264447178561387,1.0,0.7431683241937704,-0.2,1.4631438370761214,1.0,-0.6119418124544217,-0.2,2.0711904681583406,1.0,0.14291698542187892,0.3,1.6544507378992541,1.0,-0.14291698542187892,0.3,1.7455492621007458,1.0
31,1.0333,1,0.18056255816775854,-0.2,1.6408631875401216,1.0,-0.18056255816775854,-0.2,1.7591368124598783,1.0,0.47516462675725935,-0.2,1.5443768093161099,1.0,-0.32773555655376874,-0.2,2.0319739590255015,1.0,0.7412568177413246,-0.2,1.4572278225331314,1.0,-0.6019540606479286,-0.2,2.088579718558973,1.0,0.1425493880271778,0.3,1.6533130427948328,1.0,-0.1425493880271778,0.3,1.746686957205167,1.0
32,1.0667,1,0.1800985985123586,-0.2,1.6394649290585674,1.0,-0.1800985985123586,-0.2,1.7605350709414325,1.0,0.4739436802956805,-0.2,1.5406971817330724,1.0,-0.3200284841517086,-0.2,2.0371568833585996,1.0,0.7393521412612616,-0.2,1.4514876035035928,1.0,-0.5916481802435724,-0.2,2.1051476231322157,1.0,0.14218310408870416,0.3,1.6522091545199218,1.0,-0.14218310408870416,0.3,1.7477908454800781,1.0
33,1.1,1,0.17963756928139737,-0.2,1.638110229418173,1.0,-0.17963756928139737,-0.2,1.7618897705818268,1.0,0.4727304454773615,-0.2,1.5371321826794029,1.0,-0.31243878270430964,-0.2,2.042003743302579,1.0,0.737459494944684,-0.2,1.4459262049798687,1.0,-0.5810974577268344,-0.2,2.1208866713360983,1.0,0.14181913364320844,0.3,1.6511396548038209,1.0,-0.14181913364320844,0.3,1.748860345196179,1.0
34,1.1333,1,0.1791807260374584,-0.2,1.636799783096185,1.0,-0.1791807260374584,-0.2,1.763200216903815,1.0,0.47152822641436426,-0.2,1.5336836397268026,1.0,-0.30498527468718495,-0.2,2.046525499113219,1.0,0.7355840332064083,-0.2,1.4405464779738117,1.0,-0.5703738159787246,-0.2,2.1357943187040975,1.0,0.14145846792430927,0.3,1.6501050919180407,1.0,-0.14145846792430927,0.3,1.7498949080819592,1.0
35,1.1667,1,0.17872930984212315,-0.2,1.635534243172376,1.0,-0.17872930984212315,-0.2,1.7644657568276239,1.0,0.47034028905821884,-0.2,1.5303532715062529,1.0,-0.2976858414722857,-0.2,2.0507337144870905,1.0,0.7337308509308215,-0.2,1.4353511035497544,1.0,-0.5595474056597097,-0.2,2.149872613014942,1.0,0.14110208671746566,0.3,1.6491059814518758,1.0,-0.14110208671746566,0.3,1.750894018548124,1.0
36,1.2,1,0.17828454397832708,-0.2,1.6343142224036287,1.0,-0.17828454397832708,-0.2,1.7656857775963712,1.0,0.4691698525745449,-0.2,1.5271426905358647,1.0,-0.29055740728685575,-0.2,2.054640452527414,1.0,0.7319049700162901,-0.2,1.4303425972359491,1.0,-0.5486862454660217,-0.2,2.163127792343053,1.0,0.14075095577236346,0.3,1.6481428071607593,1.0,-0.14075095577236346,0.3,1.7518571928392406,1.0
37,1.2333,1,0.17784763075301083,-0.2,1.6331402943803914,1.0,-0.17784763075301083,-0.2,1.7668597056196085,1.0,0.46802008092897585,-0.2,1.524053406264188,1.0,-0.28361593103150107,-0.2,2.0582581727676,1.0,0.7301113262492024,-0.2,1.4255233137721333,1.0,-0.5378559113970418,-0.2,2.1755698618004047,1.0,0.14040602427869275,0.3,1.6472160218792564,1.0,-0.14040602427869275,0.3,1.7527839781207435,1.0
38,1.2667,1,0.17741974838707603,-0.2,1.6320129947543898,1.0,-0.17741974838707603,-0.2,1.7679870052456101,1.0,0.4668940747028316,-0.2,1.5210868283010255,1.0,-0.2768764054580356,-0.2,2.0615996299133337,1.0,0.7283547565364173,-0.2,1.4208954521495998,1.0,-0.5271192743170781,-0.2,2.1872121555037225,1.0,0.14006822241084949,0.3,1.6463260484903077,1.0,-0.14006822241084949,0.3,1.7536739515096922,1.0
39,1.3,1,0.1770020479990963,-0.2,1.6309328225267197,1.0,-0.1770020479990963,-0.2,1.7690671774732802,1.0,0.4657948631555166,-0.2,1.5182442698071568,1.0,-0.27035286315450807,-0.2,2.0646777748980347,1.0,0.726639986522606,-0.2,1.4164610608991648,1.0,-0.5165362843260576,-0.2,2.1980708899387724,1.0,0.139738458946655,0.3,1.645473280942147,1.0,-0.139738458946655,0.3,1.7545267190578528,1.0
40,1.3333,1,0.17659565068868377,-0.2,1.6299002413852914,1.0,-0.17659565068868377,-0.2,1.7700997586147085,1.0,0.4647253965491678,-0.2,1.515526951013925,1.0,-0.26405838874095455,-0.2,2.067505658778777,1.0,0.7249716186167018,-0.2,1.4122220435817232,1.0,-0.5061637997789376,-0.2,2.20816471446354,1.0,0.13941761896475033,0.3,1.6446580853041775,1.0,-0.13941761896475033,0.3,1.7553419146958225,1.0
41,1.3667,1,0.17620164472486638,-0.2,1.6289156810804803,1.0,-0.17620164472486638,-0.2,1.7710843189195196,1.0,0.4636885387496484,-0.2,1.5129360028433694,1.0,-0.25800513664481917,-0.2,2.0700963399315553,1.0,0.7233541204494515,-0.2,1.4081801644356564,1.0,-0.4960554582175021,-0.2,2.217514264211957,1.0,0.13910656162489451,0.3,1.6438808008530108,1.0,-0.13910656162489451,0.3,1.756119199146989,1.0
42,1.4,1,0.17582108284430667,-0.2,1.6279795388278062,1.0,-0.17582108284430667,-0.2,1.7720204611721937,1.0,0.4626870601165965,-0.2,1.5104724705994903,1.0,-0.25220435379942613,-0.2,2.0724627949372554,1.0,0.7217918137818905,-0.2,1.404337054135205,1.0,-0.4862615860026225,-0.2,2.2261417201462086,1.0,0.13880611803497894,0.3,1.643141741179847,1.0,-0.13880611803497894,0.3,1.756858258820153,1.0
43,1.4333,1,0.1754549796636822,-0.2,1.6270921807265033,1.0,-0.1754549796636822,-0.2,1.7729078192734966,1.0,0.46172363069390054,-0.2,1.5081373177013244,1.0,-0.24666640659198277,-0.2,2.0746178334838894,1.0,0.7202888638824849,-0.2,1.400694215614066,1.0,-0.47682914305947977,-0.2,2.234070380474502,1.0,0.13851708920817016,0.3,1.6424411953103972,1.0,-0.13851708920817016,0.3,1.7575588046896027,1.0
44,1.4667,1,0.17510430921006406,-0.2,1.6262539431829315,1.0,-0.17510430921006406,-0.2,1.7737460568170684,1.0,0.46080081371069487,-0.2,1.5059314294287673,1.0,-0.2414008113789266,-0.2,2.0765740175475367,1.0,0.718849269388684,-0.2,1.397253029908877,1.0,-0.4678016988701856,-0.2,2.2413242471169377,1.0,0.13824024411320845,0.3,1.6417794288286303,1.0,-0.13824024411320845,0.3,1.7582205711713697,1.0
45,1.5,1,0.17477000257266415,-0.2,1.6254651343279471,1.0,-0.17477000257266415,-0.2,1.7745348656720528,1.0,0.4599210594017477,-0.2,1.5038556166524923,1.0,-0.2364162678854298,-0.2,2.0783435850548053,1.0,0.7174768526667265,-0.2,1.394014761977888,1.0,-0.45921943566339873,-0.2,2.247927630377773,1.0,0.1379763178205243,0.3,1.6411566849957477,1.0,-0.1379763178205243,0.3,1.7588433150042522,1.0
46,1.5333,1,0.17445294567889302,-0.2,1.624726035417568,1.0,-0.17445294567889302,-0.2,1.7752739645824318,1.0,0.4590866991549816,-0.2,1.5019106195199161,1.0,-0.2317206948120421,-0.2,2.079938378174211,1.0,0.7161752506817713,-0.2,1.3909805664510693,1.0,-0.4511191746534288,-0.2,2.2539047744790395,1.0,0.1377260097464945,0.3,1.640573185855975,1.0,-0.1377260097464945,0.3,1.759426814144025,1.0
47,1.5667,1,0.17415397719726203,-0.2,1.6240369022065613,1.0,-0.17415397719726203,-0.2,1.7759630977934386,1.0,0.45829993999279484,-0.2,1.500097111069898,1.0,-0.2273212669840871,-0.2,2.081369776333257,1.0,0.7149479063887599,-0.2,1.3881514932690409,1.0,-0.4435344211652482,-0.2,2.259279506137541,1.0,0.13748998199783843,0.3,1.6400291333209693,1.0,-0.13748998199783843,0.3,1.7599708666790306,1.0
48,1.6,1,0.17387388656929245,-0.2,1.6233979662849032,1.0,-0.17387388656929245,-0.2,1.7766020337150967,1.0,0.4575628593928749,-0.2,1.4984157007497454,1.0,-0.22322445339795752,-0.2,2.0826486340126484,1.0,0.7137980606528849,-0.2,1.3855284931696028,1.0,-0.4364954245396072,-0.2,2.2640749079321045,1.0,0.13726885781786247,0.3,1.6395247102249235,1.0,-0.13726885781786247,0.3,1.7604752897750764,1.0
49,1.6333,1,0.1736134121722527,-0.2,1.622809436367471,1.0,-0.1736134121722527,-0.2,1.777190563632529,1.0,0.45687740045329656,-0.2,1.4968669378091344,1.0,-0.21943605554221207,-0.2,2.0837852233293175,1.0,0.7127287447071426,-0.2,1.3831124229822496,1.0,-0.4300292488363927,-0.2,2.2683130178161095,1.0,0.13706322013598896,0.3,1.6390600813427403,1.0,-0.13706322013598896,0.3,1.7609399186572596,1.0
50,1.6667,1,0.17337323961423773,-0.2,1.622271499527753,1.0,-0.17337323961423773,-0.2,1.777728500472247,1.0,0.4562453674058887,-0.2,1.495451314546718,1.0,-0.21596124539974598,-0.2,2.084789181385993,1.0,0.7117427731531865,-0.2,1.3809040506928805,1.0,-0.4241598505367382,-0.2,2.272014555785434,1.0,0.1368736102217666,0.3,1.6386353943640155,1.0,-0.1368736102217666,0.3,1.7613646056359844,1.0
51,1.7,1,0.17315400016282914,-0.2,1.621784322366862,1.0,-0.17315400016282914,-0.2,1.778215677633138,1.0,0.45566842148112935,-0.2,1.494169269386479,1.0,-0.21280460256966233,-0.2,2.0856694623370755,1.0,0.7108427375105618,-0.2,1.3789040602429072,1.0,-0.4189081596775347,-0.2,2.2751986784159746,1.0,0.1367005264443388,0.3,1.6382507808159437,1.0,-0.1367005264443388,0.3,1.7617492191840562,1.0
52,1.7333,1,0.17295626930833355,-0.2,1.62134805210967,1.0,-0.17295626930833355,-0.2,1.77865194789033,1.0,0.4551480771271935,-0.2,1.4930211897622891,1.0,-0.20997014998326308,-0.2,2.0864342940984617,1.0,0.7100310003184219,-0.2,1.3771130560291711,1.0,-0.41429216112856393,-0.2,2.2778827617380317,1.0,0.13654442313815804,0.3,1.6379063569286867,1.0,-0.13654442313815804,0.3,1.7620936430713132,1.0
53,1.7667,1,0.17278056546238518,-0.2,1.620962817620449,1.0,-0.17278056546238518,-0.2,1.779037182379551,1.0,0.4546856985852242,-0.2,1.492007414790655,1.0,-0.2074613877272404,-0.2,2.08709113961275,1.0,0.7093096897929497,-0.2,1.3755315670734216,1.0,-0.41032697303554044,-0.2,2.28008221271594,1.0,0.13640570957556725,0.3,1.6376022244371964,1.0,-0.13640570957556725,0.3,1.7623977755628035,1.0
54,1.8,1,0.17262734879252245,-0.2,1.6206287303310272,1.0,-0.17262734879252245,-0.2,1.7793712696689727,1.0,0.4542824968224275,-0.2,1.4911282377132296,1.0,-0.20528132452822162,-0.2,2.0876466625705996,1.0,0.7086806950429869,-0.2,1.374160050832638,1.0,-0.40702491979553046,-0.2,2.281810309447713,1.0,0.13628474904672824,0.3,1.637338471313969,1.0,-0.13628474904672824,0.3,1.762661528686031,1.0
55,1.8333,1,0.1724970201931943,-0.2,1.620345885075103,1.0,-0.1724970201931943,-0.2,1.779654114924897,1.0,0.4539395268241955,-0.2,1.490383908092376,1.0,-0.20343250649583647,-0.2,2.0881066974837386,1.0,0.708145661845745,-0.2,1.3729988966241065,1.0,-0.4043955972986344,-0.2,2.2830780700874787,1.0,0.13618185804725866,0.3,1.6371151724277129,1.0,-0.13618185804725866,0.3,1.762884827572287,1.0
56,1.8667,1,0.17238992039353318,-0.2,1.6201143608230408,1.0,-0.17238992039353318,-0.2,1.779885639176959,1.0,0.4536576852461399,-0.2,1.4897746337448445,1.0,-0.2019170427660683,-0.2,2.088476224004814,1.0,0.7077059889839783,-0.2,1.3720484286419574,1.0,-0.40244592855626127,-0.2,2.283894150418292,1.0,0.13609730557384198,0.3,1.6369323901234534,1.0,-0.13609730557384198,0.3,1.7630676098765465,1.0
57,1.9,1,0.1723063292021304,-0.2,1.6199342213121795,1.0,-0.1723063292021304,-0.2,1.7800657786878205,1.0,0.453437708426659,-0.2,1.4893005824004721,1.0,-0.20073662773247272,-0.2,2.0887593453935027,1.0,0.707362825145588,-0.2,1.3713089085447367,1.0,-0.401180208237056,-0.2,2.2842647699589165,1.0,0.1360313125279977,0.3,1.6367901747201417,1.0,-0.1360313125279977,0.3,1.7632098252798583,1.0
58,1.9333,1,0.1722464648889766,-0.2,1.6198055155683972,1.0,-0.1722464648889766,-0.2,1.7801944844316027,1.0,0.45328017076046473,-0.2,1.48896188307473,1.0,-0.1998925595996286,-0.2,2.0889592710366323,1.0,0.707117066386325,-0.2,1.3707805375965787,1.0,-0.40060013504236647,-0.2,2.2841936664691427,1.0,0.13598405122813942,0.3,1.636688564922419,1.0,-0.13598405122813942,0.3,1.763311435077581,1.0
59,1.9667,1,0.1722104837046708,-0.2,1.619728278315441,1.0,-0.1722104837046708,-0.2,1.780271721684559,1.0,0.4531854834333442,-0.2,1.488758627145897,1.0,-0.1993857550406663,-0.2,2.0890783029418487,1.0,0.7069693541560169,-0.2,1.3704634583475994,1.0,-0.40070483127023515,-0.2,2.283682078717328,1.0,0.13595564503000326,0.3,1.636627588143769,1.0,-0.13595564503000326,0.3,1.7633724118562308,1.0
60,2.0,1,0.17219847953696352,-0.2,1.6197025302692671,1.0,-0.17219847953696352,-0.2,1.7802974697307328,1.0,0.453153893518325,-0.2,1.4886908691296503,1.0,-0.19921675978873765,-0.2,2.089117826139174,1.0,0.706920073888587,-0.2,1.3703577558422544,1.0,-0.40149084933682566,-0.2,2.2827287573840085,1.0,0.1359461680554975,0.3,1.636607260738895,1.0,-0.1359461680554975,0.3,1.7633927392611048,1.0
61,2.0333,1,0.1722104837046708,-0.2,1.619728278315441,1.0,-0.1722104837046708,-0.2,1.780271721684559,1.0,0.4531854834333442,-0.2,1.488758627145897,1.0,-0.1993857550406663,-0.2,2.0890783029418487,1.0,0.7069693541560169,-0.2,1.3704634583475994,1.0,-0.4029521654436071,-0.2,2.2813300039893596,1.0,0.13595564503000326,0.3,1.636627588143769,1.0,-0.13595564503000326,0.3,1.7633724118562308,1.0
62,2.0667,1,0.1722464648889766,-0.2,1.6198055155683972,1.0,-0.1722464648889766,-0.2,1.7801944844316027,1.0,0.45328017076046473,-0.2,1.48896188307473,1.0,-0.1998925595996286,-0.2,2.0889592710366323,1.0,0.707117066386325,-0.2,1.3707805375965787,1.0,-0.4050801609943239,-0.2,2.279479737742684,1.0,0.13598405122813942,0.3,1.636688564922419,1.0,-0.13598405122813942,0.3,1.763311435077581,1.0
63,2.1,1,0.1723063292021304,-0.2,1.6199342213121795,1.0,-0.1723063292021304,-0.2,1.7800657786878205,1.0,0.453437708426659,-0.2,1.4893005824004721,1.0,-0.20073662773247272,-0.2,2.0887593453935027,1.0,0.707362825145588,-0.2,1.3713089085447367,1.0,-0.40786359277451134,-0.2,2.277169590211756,1.0,0.1360313125279977,0.3,1.6367901747201417,1.0,-0.1360313125279977,0.3,1.7632098252798583,1.0
64,2.1333,1,0.17238992039353318,-0.2,1.6201143608230408,1.0,-0.17238992039353318,-0.2,1.779885639176959,1.0,0.4536576852461399,-0.2,1.4897746337448445,1.0,-0.20191704276606826,-0.2,2.088476224004814,1.0,0.7077059889839783,-0.2,1.3720484286419574,1.0,-0.41128855330459824,-0.2,2.274389027691957,1.0,0.13609730557384198,0.3,1.6369323901234534,1.0,-0.13609730557384198,0.3,1.7630676098765465,1.0
65,2.1667,1,0.1724970201931943,-0.2,1.620345885075103,1.0,-0.1724970201931943,-0.2,1.779654114924897,1.0,0.4539395268241955,-0.2,1.490383908092376,1.0,-0.20343250649583647,-0.2,2.0881066974837386,1.0,0.708145661845745,-0.2,1.3729988966241065,1.0,-0.4153384231617906,-0.2,2.2711255011132065,1.0,0.13618185804725866,0.3,1.6371151724277129,1.0,-0.13618185804725866,0.3,1.762884827572287,1.0
66,2.2,1,0.17262734879252245,-0.2,1.6206287303310272,1.0,-0.17262734879252245,-0.2,1.7793712696689727,1.0,0.4542824968224275,-0.2,1.4911282377132296,1.0,-0.20528132452822162,-0.2,2.0876466625705996,1.0,0.7086806950429869,-0.2,1.374160050832638,1.0,-0.41999381743182496,-0.2,2.2673646232509945,1.0,0.13628474904672824,0.3,1.637338471313969,1.0,-0.13628474904672824,0.3,1.762661528686031,1.0
67,2.2333,1,0.17278056546238518,-0.2,1.620962817620449,1.0,-0.17278056546238518,-0.2,1.779037182379551,1.0,0.4546856985852242,-0.2,1.492007414790655,1.0,-0.20746138772724032,-0.2,2.08709113961275,1.0,0.7093096897929497,-0.2,1.3755315670734216,1.0,-0.42523252879480444,-0.2,2.263090372901225,1.0,0.13640570957556725,0.3,1.6376022244371964,1.0,-0.13640570957556725,0.3,1.7623977755628035,1.0
68,2.2667,1,0.17295626930833355,-0.2,1.62134805210967,1.0,-0.17295626930833355,-0.2,1.77865194789033,1.0,0.4551480771271935,-0.2,1.4930211897622891,1.0,-0.20997014998326308,-0.2,2.0864342940984617,1.0,0.7100310003184219,-0.2,1.3771130560291711,1.0,-0.4310294700647003,-0.2,2.2582853255330524,1.0,0.13654442313815804,0.3,1.6379063569286867,1.0,-0.13654442313815804,0.3,1.7620936430713132,1.0
69,2.3,1,0.17315400016282914,-0.2,1.621784322366862,1.0,-0.17315400016282914,-0.2,1.778215677633138,1.0,0.45566842148112935,-0.2,1.494169269386479,1.0,-0.21280460256966227,-0.2,2.0856694623370755,1.0,0.7108427375105618,-0.2,1.3789040602429072,1.0,-0.43735661928417247,-0.2,2.2529309097463526,1.0,0.1367005264443388,0.3,1.6382507808159437,1.0,-0.1367005264443388,0.3,1.7617492191840562,1.0
70,2.3333,1,0.17337323961423773,-0.2,1.622271499527753,1.0,-0.17337323961423773,-0.2,1.777728500472247,1.0,0.4562453674058887,-0.2,1.495451314546718,1.0,-0.21596124539974598,-0.2,2.084789181385993,1.0,0.7117427731531865,-0.2,1.3809040506928805,1.0,-0.44418297071927526,-0.2,2.247007688629086,1.0,0.1368736102217666,0.3,1.6386353943640155,1.0,-0.1368736102217666,0.3,1.7613646056359844,1.0
71,2.3667,1,0.1736134121722527,-0.2,1.622809436367471,1.0,-0.1736134121722527,-0.2,1.777190563632529,1.0,0.45687740045329656,-0.2,1.4968669378091344,1.0,-0.21943605554221207,-0.2,2.0837852233293175,1.0,0.7127287447071426,-0.2,1.3831124229822496,1.0,-0.45147449529594663,-0.2,2.2404956648341914,1.0,0.13706322013598896,0.3,1.6390600813427403,1.0,-0.13706322013598896,0.3,1.7609399186572596,1.0
72,2.4,1,0.17387388656929245,-0.2,1.6233979662849032,1.0,-0.17387388656929245,-0.2,1.7766020337150967,1.0,0.4575628593928749,-0.2,1.4984157007497454,1.0,-0.22322445339795752,-0.2,2.0826486340126484,1.0,0.7137980606528849,-0.2,1.3855284931696028,1.0,-0.4591941141654143,-0.2,2.2333746078767818,1.0,0.13726885781786247,0.3,1.6395247102249235,1.0,-0.13726885781786247,0.3,1.7604752897750764,1.0
73,2.4333,1,0.17415397719726203,-0.2,1.6240369022065613,1.0,-0.17415397719726203,-0.2,1.7759630977934386,1.0,0.45829993999279484,-0.2,1.500097111069898,1.0,-0.2273212669840871,-0.2,2.081369776333257,1.0,0.7149479063887599,-0.2,1.3881514932690409,1.0,-0.4673016891719627,-0.2,2.225624401792994,1.0,0.13748998199783843,0.3,1.6400291333209693,1.0,-0.13748998199783843,0.3,1.7599708666790306,1.0
74,2.4667,1,0.17445294567889302,-0.2,1.624726035417568,1.0,-0.17445294567889302,-0.2,1.7752739645824318,1.0,0.4590866991549816,-0.2,1.5019106195199161,1.0,-0.2317206948120421,-0.2,2.079938378174211,1.0,0.7161752506817713,-0.2,1.3909805664510693,1.0,-0.47575403401729366,-0.2,2.2172254109061287,1.0,0.1377260097464945,0.3,1.640573185855975,1.0,-0.1377260097464945,0.3,1.759426814144025,1.0
75,2.5,1,0.17477000257266415,-0.2,1.6254651343279471,1.0,-0.17477000257266415,-0.2,1.7745348656720528,1.0,0.4599210594017477,-0.2,1.5038556166524923,1.0,-0.2364162678854298,-0.2,2.0783435850548053,1.0,0.7174768526667265,-0.2,1.394014761977888,1.0,-0.48450494986451664,-0.2,2.2081588610198457,1.0,0.1379763178205243,0.3,1.6411566849957477,1.0,-0.1379763178205243,0.3,1.7588433150042522,1.0
76,2.5333,1,0.17510430921006406,-0.2,1.6262539431829315,1.0,-0.17510430921006406,-0.2,1.7737460568170684,1.0,0.46080081371069487,-0.2,1.5059314294287673,1.0,-0.2414008113789266,-0.2,2.0765740175475367,1.0,0.718849269388684,-0.2,1.397253029908877,1.0,-0.4935052889958289,-0.2,2.1984072329098048,1.0,0.13824024411320845,0.3,1.6417794288286303,1.0,-0.13824024411320845,0.3,1.7582205711713697,1.0
77,2.5667,1,0.1754549796636822,-0.2,1.6270921807265033,1.0,-0.1754549796636822,-0.2,1.7729078192734966,1.0,0.46172363069390054,-0.2,1.5081373177013244,1.0,-0.24666640659198277,-0.2,2.0746178334838894,1.0,0.7202888638824849,-0.2,1.400694215614066,1.0,-0.5027030499261187,-0.2,2.1879546645238848,1.0,0.13851708920817016,0.3,1.6424411953103972,1.0,-0.13851708920817016,0.3,1.7575588046896027,1.0
78,2.6,1,0.17582108284430661,-0.2,1.6279795388278062,1.0,-0.17582108284430661,-0.2,1.7720204611721937,1.0,0.4626870601165964,-0.2,1.51047247059949,1.0,-0.25220435379942585,-0.2,2.0724627949372554,1.0,0.7217918137818904,-0.2,1.4043370541352047,1.0,-0.5120435070761971,-0.2,2.1767873578379007,1.0,0.13880611803497891,0.3,1.643141741179847,1.0,-0.13880611803497891,0.3,1.756858258820153,1.0
79,2.6333,1,0.17620164472486638,-0.2,1.6289156810804803,1.0,-0.17620164472486638,-0.2,1.7710843189195196,1.0,0.4636885387496484,-0.2,1.5129360028433694,1.0,-0.25800513664481917,-0.2,2.0700963399315553,1.0,0.7233541204494515,-0.2,1.4081801644356564,1.0,-0.5214693777216682,-0.2,2.1648939858611884,1.0,0.13910656162489451,0.3,1.6438808008530108,1.0,-0.13910656162489451,0.3,1.756119199146989,1.0
80,2.6667,1,0.17659565068868377,-0.2,1.6299002413852914,1.0,-0.17659565068868377,-0.2,1.7700997586147085,1.0,0.4647253965491678,-0.2,1.515526951013925,1.0,-0.26405838874095455,-0.2,2.067505658778777,1.0,0.7249716186167018,-0.2,1.4122220435817232,1.0,-0.5309210284558716,-0.2,2.1522660948582732,1.0,0.13941761896475033,0.3,1.6446580853041775,1.0,-0.13941761896475033,0.3,1.7553419146958225,1.0
81,2.7,1,0.1770020479990963,-0.2,1.6309328225267197,1.0,-0.1770020479990963,-0.2,1.7690671774732802,1.0,0.4657948631555166,-0.2,1.5182442698071568,1.0,-0.27035286315450807,-0.2,2.0646777748980347,1.0,0.726639986522606,-0.2,1.4164610608991648,1.0,-0.5403367228392417,-0.2,2.1388984964637405,1.0,0.139738458946655,0.3,1.645473280942147,1.0,-0.139738458946655,0.3,1.7545267190578528,1.0
82,2.7333,1,0.17741974838707603,-0.2,1.6320129947543898,1.0,-0.17741974838707603,-0.2,1.7679870052456101,1.0,0.4668940747028316,-0.2,1.5210868283010255,1.0,-0.2768764054580356,-0.2,2.0615996299133337,1.0,0.7283547565364173,-0.2,1.4208954521495998,1.0,-0.5496529112564293,-0.2,2.124789644032804,1.0,0.14006822241084949,0.3,1.6463260484903077,1.0,-0.14006822241084949,0.3,1.7536739515096922,1.0
83,2.7667,1,0.17784763075301083,-0.2,1.6331402943803914,1.0,-0.17784763075301083,-0.2,1.7668597056196085,1.0,0.46802008092897585,-0.2,1.524053406264188,1.0,-0.283615931031501,-0.2,2.0582581727676,1.0,0.7301113262492024,-0.2,1.4255233137721333,1.0,-0.5588045632727813,-0.2,2.109941987305359,1.0,0.14040602427869275,0.3,1.6472160218792564,1.0,-0.14040602427869275,0.3,1.7527839781207435,1.0
84,2.8,1,0.17828454397832708,-0.2,1.6343142224036287,1.0,-0.17828454397832708,-0.2,1.7656857775963712,1.0,0.4691698525745449,-0.2,1.5271426905358647,1.0,-0.29055740728685575,-0.2,2.054640452527414,1.0,0.7319049700162901,-0.2,1.4303425972359491,1.0,-0.5677255419820495,-0.2,2.094362299281901,1.0,0.14075095577236346,0.3,1.6481428071607593,1.0,-0.14075095577236346,0.3,1.7518571928392406,1.0
85,2.8333,1,0.17872930984212315,-0.2,1.635534243172376,1.0,-0.17872930984212315,-0.2,1.7644657568276239,1.0,0.47034028905821884,-0.2,1.5303532715062529,1.0,-0.2976858414722857,-0.2,2.0507337144870905,1.0,0.7337308509308215,-0.2,1.4353511035497544,1.0,-0.5763490189790549,-0.2,2.078061969130058,1.0,0.14110208671746566,0.3,1.6491059814518758,1.0,-0.14110208671746566,0.3,1.750894018548124,1.0
86,2.8667,1,0.1791807260374584,-0.2,1.636799783096185,1.0,-0.1791807260374584,-0.2,1.763200216903815,1.0,0.47152822641436426,-0.2,1.5336836397268026,1.0,-0.30498527468718495,-0.2,2.046525499113219,1.0,0.7355840332064083,-0.2,1.4405464779738117,1.0,-0.5846079276886985,-0.2,2.0610572549739263,1.0,0.14145846792430927,0.3,1.6501050919180407,1.0,-0.14145846792430927,0.3,1.7498949080819592,1.0
87,2.9,1,0.17963756928139737,-0.2,1.638110229418173,1.0,-0.17963756928139737,-0.2,1.7618897705818268,1.0,0.4727304454773615,-0.2,1.5371321826794029,1.0,-0.31243878270430964,-0.2,2.042003743302579,1.0,0.737459494944684,-0.2,1.4459262049798687,1.0,-0.5924354518530408,-0.2,2.043369490576394,1.0,0.14181913364320844,0.3,1.6511396548038209,1.0,-0.14181913364320844,0.3,1.748860345196179,1.0
88,2.9333,1,0.1800985985123586,-0.2,1.6394649290585674,1.0,-0.1800985985123586,-0.2,1.7605350709414325,1.0,0.4739436802956805,-0.2,1.5406971817330724,1.0,-0.3200284841517085,-0.2,2.0371568833585996,1.0,0.7393521412612616,-0.2,1.4514876035035928,1.0,-0.5997655450404379,-0.2,2.0250252402161677,1.0,0.14218310408870416,0.3,1.6522091545199218,1.0,-0.14218310408870416,0.3,1.7477908454800781,1.0
89,2.9667,1,0.18056255816775854,-0.2,1.6408631875401216,1.0,-0.18056255816775854,-0.2,1.7591368124598783,1.0,0.47516462675725935,-0.2,1.5443768093161099,1.0,-0.32773555655376874,-0.2,2.0319739590255015,1.0,0.7412568177413246,-0.2,1.4572278225331314,1.0,-0.6065334761162141,-0.2,2.0060563964924945,1.0,0.1425493880271778,0.3,1.6533130427948328,1.0,-0.1425493880271778,0.3,1.746686957205167,1.0
90,3.0,1,0.18102818153438,-0.2,1.6423042680057218,1.0,-0.18102818153438,-0.2,1.757695731994278,1.0,0.4763899514062631,-0.2,1.548169126330847,1.0,-0.33554026066808856,-0.2,2.0264447178561387,1.0,0.7431683241937704,-0.2,1.4631438370761214,1.0,-0.612676394726024,-0.2,1.9865002163644174,1.0,0.14291698542187892,0.3,1.6544507378992541,1.0,-0.14291698542187892,0.3,1.7455492621007458,1.0
91,3.0333,1,0.18149419416334,-0.2,1.6437873903381115,1.0,-0.18149419416334,-0.2,1.7562126096618884,1.0,0.4776163004298421,-0.2,1.5520720798371355,1.0,-0.34342197348308845,-0.2,2.020559719130812,1.0,0.7450814286705537,-0.2,1.4692324445459313,1.0,-0.6181339100149272,-0.2,1.96639929144669,1.0,0.14328489012895262,0.3,1.6556216239511405,1.0,-0.14328489012895262,0.3,1.7443783760488594,1.0
92,3.0667,1,0.1819593173409849,-0.2,1.6453117303912186,1.0,-0.1819593173409849,-0.2,1.7546882696087813,1.0,0.4788403087920655,-0.2,1.5560835010295229,1.0,-0.35135923016062803,-0.2,2.0143104364911517,1.0,0.7469908817156222,-0.2,1.4754902616060557,1.0,-0.6228486750617347,-0.2,1.9458014494362474,1.0,0.14365209263761966,0.3,1.6568250503088569,1.0,-0.14365209263761966,0.3,1.743174949691143,1.0
93,3.1,1,0.18242227160650787,-0.2,1.6468764193420522,1.0,-0.18242227160650787,-0.2,1.7531235806579477,1.0,0.48005860949081014,-0.2,1.5602011035317165,1.0,-0.3593297751189642,-0.2,2.0076893584070206,1.0,0.7488914308056639,-0.2,1.4819137215094775,1.0,-0.6267669688735982,-0.2,1.9247595845218444,1.0,0.14401758284724303,0.3,1.658060331059515,1.0,-0.14401758284724303,0.3,1.741939668940485,1.0
94,3.1333,1,0.18288178030657315,-0.2,1.648480543171552,1.0,-0.18288178030657315,-0.2,1.751519456828448,1.0,0.4812678429120346,-0.2,1.5644224820304,1.0,-0.3673106223548628,-0.2,2.0006900855564886,1.0,0.7507778349427741,-0.2,1.488499071967424,1.0,-0.6298392672832512,-0.2,1.903331415721367,1.0,0.14438035287361037,0.3,1.65932674460912,1.0,-0.14438035287361037,0.3,1.74067325539088,1.0
95,3.1667,1,0.18333657317674518,-0.2,1.6501231422821367,1.0,-0.18333657317674518,-0.2,1.7498768577178632,1.0,0.48246466625459256,-0.2,1.5687451112687811,1.0,-0.3752781250004643,-0.2,1.9933074241706046,1.0,0.7526448793571644,-0.2,1.4952423735792986,1.0,-0.632020793742058,-0.2,1.8815791732783427,1.0,0.14473939987637777,0.3,1.6606235333806343,1.0,-0.14473939987637777,0.3,1.7393764666193656,1.0
96,3.2,1,0.18378538993906524,-0.2,1.651803211258988,1.0,-0.18378538993906524,-0.2,1.748196788741012,1.0,0.4836457629975401,-0.2,1.5731663454183895,1.0,-0.38320805400169533,-0.2,1.9855374743770051,1.0,0.7544873902761625,-0.2,1.5021394988526877,1.0,-0.6332720408247415,-0.2,1.8595692145090392,1.0,0.14509372889926203,0.3,1.6619499036255168,1.0,-0.14509372889926203,0.3,1.7380500963744832,1.0
97,3.2333,1,0.18422698390470257,-0.2,1.6535196987813496,1.0,-0.18422698390470257,-0.2,1.7464803012186503,1.0,0.4848078523807962,-0.2,1.577683417845657,1.0,-0.391075685691852,-0.2,1.977377712570469,1.0,0.7563002497140421,-0.2,1.509186131839225,1.0,-0.6335592532714822,-0.2,1.8373715717985193,1.0,0.14544235571423886,0.3,1.6633050253536972,1.0,-0.14544235571423886,0.3,1.7366949746463027,1.0
98,3.2667,1,0.18466012557022954,-0.2,1.6552715076893145,1.0,-0.18466012557022954,-0.2,1.7447284923106854,1.0,0.4859476988690251,-0.2,1.5822934412876697,1.0,-0.3988558979178916,-0.2,1.9688270668451713,1.0,0.7580784102356792,-0.2,1.5163777684087647,1.0,-0.6328548636010052,-0.2,1.81505943676903,1.0,0.14578430966070752,0.3,1.664688032386301,1.0,-0.14578430966070752,0.3,1.735311967613699,1.0
99,3.3,1,0.1850836061957444,-0.2,1.6570574952107051,1.0,-0.1850836061957444,-0.2,1.7429425047892948,1.0,0.4870621215677484,-0.2,1.586993408449224,1.0,-0.40652327425950846,-0.2,1.9598859845433774,1.0,0.7598169096456876,-0.2,1.5237097171807896,1.0,-0.6311378717404391,-0.2,1.7927085859558902,1.0,0.14611863647032453,0.3,1.6660980225347672,1.0,-0.14611863647032453,0.3,1.7339019774652327,1.0
100,3.3333,1,0.18549624135278733,-0.2,1.6588764733517605,1.0,-0.18549624135278733,-0.2,1.7411235266482394,1.0,0.4881480035599667,-0.2,1.5917801930309485,1.0,-0.41405221576392576,-0.2,1.9505564910090942,1.0,0.7615108855535481,-0.2,1.5311771011282795,1.0,-0.6283941607349668,-0.2,1.7703967545915715,1.0,0.14644440106799,0.3,1.6675340579092846,1.0,-0.14644440106799,0.3,1.7324659420907154,1.0
101,3.3667,1,0.1858968744297793,-0.2,1.6607272094543961,1.0,-0.1858968744297793,-0.2,1.7392727905456038,1.0,0.48920230113099816,-0.2,1.5966505511957794,1.0,-0.42141705950430763,-0.2,1.9408422386831128,1.0,0.7631555897643572,-0.2,1.5387748598654158,1.0,-0.6246167414177184,-0.2,1.7482029662844434,1.0,0.14676069033929945,0.3,1.6689951653587338,1.0,-0.14676069033929945,0.3,1.731004834641266,1.0
102,3.4,1,0.18628438008255205,-0.2,1.662608426921841,1.0,-0.18628438008255205,-0.2,1.7373915730781588,1.0,0.49022205284882114,-0.2,1.6016011234785292,1.0,-0.42859220315860574,-0.2,1.9307485457379103,1.0,0.764746402444161,-0.2,1.5464977526265056,1.0,-0.6198059199272218,-0.2,1.726206827451563,1.0,0.14706661585464634,0.3,1.6704803370435588,1.0,-0.14706661585464634,0.3,1.729519662956441,1.0
103,3.4333,1,0.18665766761744712,-0.2,1.6645188061134544,1.0,-0.18665766761744712,-0.2,1.7354811938865455,1.0,0.4912043884669661,-0.2,1.6066284371406696,1.0,-0.4355522347004291,-0.2,1.9202824235268674,1.0,0.7662788460084672,-0.2,1.5543403619394447,1.0,-0.6139693831394654,-0.2,1.70448779629328,1.0,0.14736131654008983,0.3,1.671988531142201,1.0,-0.14736131654008983,0.3,1.728011468857799,1.0
104,3.4667,1,0.1870156842944343,-0.2,1.6664569854085163,1.0,-0.1870156842944343,-0.2,1.7335430145914836,1.0,0.49214653761693233,-0.2,1.61172890896978,1.0,-0.442272066196013,-0.2,1.9094525922116785,1.0,0.7677485986824145,-0.2,1.5622970979928565,1.0,-0.607122198411994,-0.2,1.683124436852312,1.0,0.1476439612850797,0.3,1.673518672690934,1.0,-0.1476439612850797,0.3,1.726481327309066,1.0
105,3.5,1,0.1873574185377446,-0.2,1.668421562437758,1.0,-0.1873574185377446,-0.2,1.7315784375622418,1.0,0.4930458382572226,-0.2,1.6168988485204163,1.0,-0.44872707061342315,-0.2,1.8982694840339667,1.0,0.7691515076812673,-0.2,1.5703622036918494,1.0,-0.5992867254911102,-0.2,1.6621936692559345,1.0,0.14791375147716676,0.3,1.6750696545561248,1.0,-0.14791375147716676,0.3,1.7249303454438751,1.0
106,3.5333,1,0.18768190304163163,-0.2,1.6704110954803733,1.0,-0.18768190304163163,-0.2,1.7295889045196267,1.0,0.49389974484639904,-0.2,1.622134461790456,1.0,-0.45489322047353487,-0.2,1.8867452338108983,1.0,0.7704836019603826,-0.2,1.5785297603931117,1.0,-0.5904924399782328,-0.2,1.6417700275762332,1.0,0.14816992345391972,0.3,1.676640338537137,1.0,-0.14816992345391972,0.3,1.723359661462863,1.0
107,3.5667,1,0.1879882177590645,-0.2,1.6724241050232171,1.0,-0.1879882177590645,-0.2,1.7275758949767828,1.0,0.4947058362080644,-0.2,1.627431855324256,1.0,-0.4607472271086889,-0.2,1.8748936563588086,1.0,0.7717411044845806,-0.2,1.5867936943058392,1.0,-0.5807756693522053,-0.2,1.6219249368447255,1.0,0.1484117508624193,0.3,1.6782295565972767,1.0,-0.1484117508624193,0.3,1.7217704434027232,1.0
108,3.6,1,0.18827549276142158,-0.2,1.6744590754778943,1.0,-0.18827549276142158,-0.2,1.7255409245221056,1.0,0.49546182305637254,-0.2,1.632787040731301,1.0,-0.46626667924575926,-0.2,1.8627302106818862,1.0,0.7729204439679412,-0.2,1.5951477835408296,1.0,-0.5701792441625084,-0.2,1.6027260206148366,1.0,0.14863854691691175,0.3,1.6798361122193903,1.0,-0.14863854691691175,0.3,1.7201638877806096,1.0
109,3.6333,1,0.18854291095759584,-0.2,1.6765144570504302,1.0,-0.18854291095759584,-0.2,1.7234855429495697,1.0,0.496165555151568,-0.2,1.6381959396063954,1.0,-0.4714301795969355,-0.2,1.8502719509031593,1.0,0.7740182660364461,-0.2,1.6035856657859768,1.0,-0.5587520686040754,-0.2,1.5842364500762496,1.0,0.1488496665454704,0.3,1.6814587818819187,1.0,-0.1488496665454704,0.3,1.7185412181180812,1.0
110,3.6667,1,0.18878971066133513,-0.2,1.6785886677572512,1.0,-0.18878971066133513,-0.2,1.7214113322427487,1.0,0.496815028056145,-0.2,1.6436543888348716,1.0,-0.47621747812488024,-0.2,1.8375374640603643,1.0,0.7750314437675863,-0.2,1.6121008465823998,1.0,-0.5465486162175236,-0.2,1.5665143450933774,1.0,0.1490445084168435,0.3,1.6830963166504616,1.0,-0.1490445084168435,0.3,1.7169036833495384,1.0
111,3.7,1,0.18901518799612937,-0.2,1.6806800955802603,1.0,-0.18901518799612937,-0.2,1.7193199044197396,1.0,0.49740838946349836,-0.2,1.6491581462638432,1.0,-0.4806096006498708,-0.2,1.824546795037678,1.0,0.7759570875630575,-0.2,1.6206867081715954,1.0,-0.5336283578898189,-0.2,1.5496122366774538,1.0,0.1492225168390495,0.3,1.684747443879153,1.0,-0.1492225168390495,0.3,1.715252556120847,1.0
112,3.7333,1,0.18921869912751457,-0.2,1.6827871007528912,1.0,-0.18921869912751457,-0.2,1.7172128992471087,1.0,0.49794394507240675,-0.2,1.654702896718135,1.0,-0.4845889714855576,-0.2,1.8113213590535229,1.0,0.7767925543129546,-0.2,1.6293365188802904,1.0,-0.5200551306226423,-0.2,1.5335765993260657,1.0,0.14938318352172203,0.3,1.6864108690154405,1.0,-0.14938318352172203,0.3,1.7135891309845594,1.0
113,3.7667,1,0.18939966231328872,-0.2,1.6849080181681728,1.0,-0.18939966231328872,-0.2,1.715091981831827,1.0,0.49842016398233874,-0.2,1.660284258337297,1.0,-0.48813952882727585,-0.2,1.797883842272363,1.0,0.7775354558124484,-0.2,1.6380434430061832,1.0,-0.5058964566553317,-0.2,1.5184474603996563,1.0,0.1495260491947016,0.3,1.688085277501189,1.0,-0.1495260491947016,0.3,1.711914722498811,1.0
114,3.8,1,0.18955755976282698,-0.2,1.6870411598990391,1.0,-0.18955755976282698,-0.2,1.7129588401009608,1.0,0.4988356835863868,-0.2,1.6658977892079976,1.0,-0.49124683167229505,-0.2,1.7842580912522532,1.0,0.7781836663947634,-0.2,1.6468005511644763,1.0,-0.4912228234471525,-0.2,1.5042580922815296,1.0,0.14965070507591605,0.3,1.6897693367623992,1.0,-0.14965070507591605,0.3,1.7102306632376008,1.0
115,3.8333,1,0.18969193929743436,-0.2,1.6891848178203748,1.0,-0.18969193929743436,-0.2,1.7108151821796251,1.0,0.4991893139406167,-0.2,1.671538994264144,1.0,-0.49389815712452456,-0.2,1.7704689920775432,1.0,0.7787353297473621,-0.2,1.6556008310520647,1.0,-0.47610693571617896,-0.2,1.4910347915207764,1.0,0.14975679418218502,0.3,1.6914616982792432,1.0,-0.14975679418218502,0.3,1.7085383017207567,1.0
116,3.8667,1,0.18980241580448193,-0.2,1.6913372663216195,1.0,-0.18980241580448193,-0.2,1.7086627336783804,1.0,0.49948004159074194,-0.2,1.6772033324253144,1.0,-0.4960825870262278,-0.2,1.7565423401552305,1.0,0.7791888648815575,-0.2,1.6644371985834903,1.0,-0.46062295118187785,-0.2,1.4787967475245172,1.0,0.14984401247722257,0.3,1.6931609997275943,1.0,-0.14984401247722257,0.3,1.7068390002724056,1.0
117,3.9,1,0.1898886724789326,-0.2,1.6934967650981478,1.0,-0.1898886724789326,-0.2,1.706503234901852,1.0,0.4997070328392963,-0.2,1.6828862239424944,1.0,-0.4977910829651242,-0.2,1.7425047017718662,1.0,0.7795429712293023,-0.2,1.6733025093502913,1.0,-0.44484571185518124,-0.2,1.4675560016875953,1.0,0.14991210985178888,0.3,1.6948658671827483,1.0,-0.14991210985178888,0.3,1.7051341328172516,1.0
118,3.9333,1,0.18995046184676492,-0.2,1.6956615620091209,1.0,-0.18995046184676492,-0.2,1.704338437990879,1.0,0.49986963643885507,-0.2,1.688583057918739,1.0,-0.4990165488254667,-0.2,1.7283832686135632,1.0,0.779796632844614,-0.2,1.682189570353233,1.0,-0.4288499826600306,-0.2,1.4573174961660786,1.0,0.14996089093165652,0.3,1.6965749173756217,1.0,-0.14996089093165652,0.3,1.7034250826243782,1.0
119,3.9667,1,0.1899876065657486,-0.2,1.6978298959890548,1.0,-0.1899876065657486,-0.2,1.7021701040109452,1.0,0.4999673856993384,-0.2,1.6942891999711966,1.0,-0.49975388018458033,-0.2,1.7142057065427265,1.0,0.779949121690968,-0.2,1.6910911519550669,1.0,-0.41270970885808295,-0.2,1.448079209857253,1.0,0.1499902157098015,0.3,1.698286759991359,1.0,-0.1499902157098015,0.3,1.701713240008641,1.0
120,4.0,1,0.19,-0.2,1.7,1.0,-0.19,-0.2,1.7,1.0,0.5,-0.2,1.7,1.0,-0.5,-0.2,1.7,1.0,0.78,-0.2,1.7,1.0,-0.3964973031944771,-0.2,1.439832377583251,1.0,0.15,0.3,1.7,1.0,-0.15,0.3,1.7,1.0
121,4.0333,1,0.1899876065657486,-0.2,1.7021701040109452,1.0,-0.1899876065657486,-0.2,1.6978298959890548,1.0,0.4999673856993384,-0.2,1.7057108000288033,1.0,-0.49975388018458033,-0.2,1.6857942934572734,1.0,0.779949121690968,-0.2,1.7089088480449333,1.0,-0.3802829729049056,-0.2,1.4325617870253948,1.0,0.1499902157098015,0.3,1.701713240008641,1.0,-0.1499902157098015,0.3,1.698286759991359,1.0
122,4.0667,1,0.18995046184676492,-0.2,1.704338437990879,1.0,-0.18995046184676492,-0.2,1.6956615620091209,1.0,0.49986963643885507,-0.2,1.7114169420812608,1.0,-0.4990165488254667,-0.2,1.671616731386437,1.0,0.779796632844614,-0.2,1.7178104296467667,1.0,-0.36413409574637823,-0.2,1.4262461466551626,1.0,0.14996089093165652,0.3,1.7034250826243782,1.0,-0.14996089093165652,0.3,1.6965749173756217,1.0
123,4.1,1,0.1898886724789326,-0.2,1.7065032349018519,1.0,-0.1898886724789326,-0.2,1.693496765098148,1.0,0.4997070328392963,-0.2,1.7171137760575053,1.0,-0.4977910829651243,-0.2,1.6574952982281341,1.0,0.7795429712293023,-0.2,1.7266974906497081,1.0,-0.34811465306467704,-0.2,1.420858516783963,1.0,0.14991210985178888,0.3,1.7051341328172516,1.0,-0.14991210985178888,0.3,1.6948658671827483,1.0
124,4.1333,1,0.18980241580448193,-0.2,1.7086627336783806,1.0,-0.18980241580448193,-0.2,1.6913372663216193,1.0,0.4994800415907419,-0.2,1.7227966675746857,1.0,-0.49608258702622776,-0.2,1.6434576598447694,1.0,0.7791888648815574,-0.2,1.7355628014165096,1.0,-0.3322847266234863,-0.2,1.4163667949305592,1.0,0.14984401247722257,0.3,1.7068390002724056,1.0,-0.14984401247722257,0.3,1.6931609997275943,1.0
125,4.1667,1,0.18969193929743433,-0.2,1.7108151821796254,1.0,-0.18969193929743433,-0.2,1.6891848178203746,1.0,0.49918931394061666,-0.2,1.728461005735856,1.0,-0.4938981571245245,-0.2,1.6295310079224565,1.0,0.778735329747362,-0.2,1.7443991689479355,1.0,-0.31670006452929916,-0.2,1.4127342459987278,1.0,0.149756794182185,0.3,1.7085383017207567,1.0,-0.149756794182185,0.3,1.6914616982792432,1.0
126,4.2,1,0.189557559762827,-0.2,1.7129588401009608,1.0,-0.189557559762827,-0.2,1.6870411598990391,1.0,0.49883568358638686,-0.2,1.7341022107920023,1.0,-0.4912468316722951,-0.2,1.615741908747747,1.0,0.7781836663947636,-0.2,1.7531994488355236,1.0,-0.30141172013001427,-0.2,1.4099200672786507,1.0,0.14965070507591605,0.3,1.7102306632376005,1.0,-0.14965070507591605,0.3,1.6897693367623994,1.0
127,4.2333,1,0.18939966231328872,-0.2,1.715091981831827,1.0,-0.18939966231328872,-0.2,1.6849080181681728,1.0,0.49842016398233874,-0.2,1.7397157416627032,1.0,-0.4881395288272759,-0.2,1.6021161577276368,1.0,0.7775354558124484,-0.2,1.761956556993817,1.0,-0.2864657662817625,-0.2,1.4078799780371993,1.0,0.1495260491947016,0.3,1.711914722498811,1.0,-0.1495260491947016,0.3,1.688085277501189,1.0
128,4.2667,1,0.1892186991275146,-0.2,1.7172128992471087,1.0,-0.1892186991275146,-0.2,1.6827871007528912,1.0,0.4979439450724068,-0.2,1.745297103281865,1.0,-0.4845889714855577,-0.2,1.5886786409464773,1.0,0.7767925543129547,-0.2,1.7706634811197093,1.0,-0.2719030859053122,-0.2,1.4065668234415531,1.0,0.14938318352172203,0.3,1.7135891309845594,1.0,-0.14938318352172203,0.3,1.6864108690154405,1.0
129,4.3,1,0.18901518799612935,-0.2,1.7193199044197396,1.0,-0.18901518799612935,-0.2,1.6806800955802603,1.0,0.4974083894634983,-0.2,1.750841853736157,1.0,-0.48060960064987074,-0.2,1.575453204962322,1.0,0.7759570875630574,-0.2,1.7793132918284047,1.0,-0.2577592383260139,-0.2,1.4059311827583447,1.0,0.1492225168390495,0.3,1.715252556120847,1.0,-0.1492225168390495,0.3,1.684747443879153,1.0
130,4.3333,1,0.18878971066133513,-0.2,1.7214113322427487,1.0,-0.18878971066133513,-0.2,1.6785886677572512,1.0,0.496815028056145,-0.2,1.7563456111651283,1.0,-0.4762174781248803,-0.2,1.5624625359396358,1.0,0.7750314437675863,-0.2,1.7878991534176003,1.0,-0.24406439954245812,-0.2,1.4059219721719536,1.0,0.1490445084168435,0.3,1.7169036833495386,1.0,-0.1490445084168435,0.3,1.6830963166504613,1.0
131,4.3667,1,0.18854291095759584,-0.2,1.7234855429495697,1.0,-0.18854291095759584,-0.2,1.6765144570504302,1.0,0.496165555151568,-0.2,1.7618040603936047,1.0,-0.47143017959693556,-0.2,1.5497280490968406,1.0,0.7740182660364461,-0.2,1.7964143342140233,1.0,-0.2308433733278062,-0.2,1.4064870331509167,1.0,0.1488496665454704,0.3,1.7185412181180815,1.0,-0.1488496665454704,0.3,1.6814587818819184,1.0
132,4.4,1,0.18827549276142158,-0.2,1.7255409245221056,1.0,-0.18827549276142158,-0.2,1.6744590754778943,1.0,0.49546182305637254,-0.2,1.767212959268699,1.0,-0.4662666792457592,-0.2,1.5372697893181135,1.0,0.7729204439679412,-0.2,1.8048522164591705,1.0,-0.21811566895885703,-0.2,1.4075736980370355,1.0,0.14863854691691175,0.3,1.7201638877806096,1.0,-0.14863854691691175,0.3,1.6798361122193903,1.0
133,4.4333,1,0.1879882177590645,-0.2,1.7275758949767828,1.0,-0.1879882177590645,-0.2,1.6724241050232171,1.0,0.4947058362080644,-0.2,1.7725681446757442,1.0,-0.4607472271086888,-0.2,1.5251063436411911,1.0,0.7717411044845806,-0.2,1.813206305694161,1.0,-0.20589564041091113,-0.2,1.4091293254107455,1.0,0.1484117508624193,0.3,1.7217704434027232,1.0,-0.1484117508624193,0.3,1.6782295565972767,1.0
134,4.4667,1,0.18768190304163163,-0.2,1.7295889045196267,1.0,-0.18768190304163163,-0.2,1.6704110954803733,1.0,0.49389974484639904,-0.2,1.7778655382095438,1.0,-0.45489322047353487,-0.2,1.5132547661891014,1.0,0.7704836019603826,-0.2,1.8214702396068885,1.0,-0.19419268106589038,-0.2,1.4111017987698276,1.0,0.14816992345391972,0.3,1.7233596614628632,1.0,-0.14816992345391972,0.3,1.6766403385371367,1.0
135,4.5,1,0.1873574185377446,-0.2,1.7315784375622418,1.0,-0.1873574185377446,-0.2,1.668421562437758,1.0,0.4930458382572226,-0.2,1.7831011514795836,1.0,-0.44872707061342326,-0.2,1.5017305159660335,1.0,0.7691515076812673,-0.2,1.8296377963081505,1.0,-0.18301146736598078,-0.2,1.4134399831165383,1.0,0.14791375147716676,0.3,1.7249303454438751,1.0,-0.14791375147716676,0.3,1.6750696545561248,1.0
136,4.5333,1,0.1870156842944343,-0.2,1.7335430145914836,1.0,-0.1870156842944343,-0.2,1.6664569854085163,1.0,0.49214653761693233,-0.2,1.7882710910302202,1.0,-0.44227206619601306,-0.2,1.4905474077883214,1.0,0.7677485986824145,-0.2,1.8377029020071434,1.0,-0.1723522444089694,-0.2,1.4160941351507093,1.0,0.1476439612850797,0.3,1.726481327309066,1.0,-0.1476439612850797,0.3,1.673518672690934,1.0
137,4.5667,1,0.18665766761744712,-0.2,1.7354811938865455,1.0,-0.18665766761744712,-0.2,1.6645188061134544,1.0,0.49120438846696607,-0.2,1.7933715628593303,1.0,-0.43555223470042914,-0.2,1.4797175764731325,1.0,0.7662788460084671,-0.2,1.8456596380605554,1.0,-0.1622111462231313,-0.2,1.4190162638839796,1.0,0.14736131654008983,0.3,1.728011468857799,1.0,-0.14736131654008983,0.3,1.671988531142201,1.0
138,4.6,1,0.18628438008255202,-0.2,1.7373915730781588,1.0,-0.18628438008255202,-0.2,1.662608426921841,1.0,0.4902220528488211,-0.2,1.7983988765214707,1.0,-0.42859220315860574,-0.2,1.4692514542620898,1.0,0.7647464024441609,-0.2,1.8535022473734943,1.0,-0.15258054337286758,-0.2,1.422160439595575,1.0,0.1470666158546463,0.3,1.729519662956441,1.0,-0.1470666158546463,0.3,1.6704803370435588,1.0
139,4.6333,1,0.18589687442977929,-0.2,1.7392727905456038,1.0,-0.18589687442977929,-0.2,1.6607272094543961,1.0,0.4892023011309981,-0.2,1.8033494488042205,1.0,-0.42141705950430763,-0.2,1.4591577613168871,1.0,0.763155589764357,-0.2,1.8612251401345843,1.0,-0.1434494106211197,-0.2,1.4254830501176388,1.0,0.14676069033929942,0.3,1.731004834641266,1.0,-0.14676069033929942,0.3,1.6689951653587338,1.0
140,4.6667,1,0.18549624135278733,-0.2,1.7411235266482394,1.0,-0.18549624135278733,-0.2,1.6588764733517605,1.0,0.4881480035599667,-0.2,1.8082198069690514,1.0,-0.4140522157639258,-0.2,1.449443508990906,1.0,0.7615108855535481,-0.2,1.8688228988717202,1.0,-0.13480370759709903,-0.2,1.4289430044458533,1.0,0.14644440106799,0.3,1.7324659420907154,1.0,-0.14644440106799,0.3,1.6675340579092846,1.0
141,4.7,1,0.18508360619574438,-0.2,1.7429425047892948,1.0,-0.18508360619574438,-0.2,1.6570574952107051,1.0,0.48706212156774836,-0.2,1.8130065915507758,1.0,-0.40652327425950846,-0.2,1.4401140154566225,1.0,0.7598169096456875,-0.2,1.8762902828192103,1.0,-0.1266267657714203,-0.2,1.4325018846000497,1.0,0.1461186364703245,0.3,1.7339019774652327,1.0,-0.1461186364703245,0.3,1.6660980225347672,1.0
142,4.7333,1,0.18466012557022954,-0.2,1.7447284923106856,1.0,-0.18466012557022954,-0.2,1.6552715076893143,1.0,0.4859476988690251,-0.2,1.8177065587123304,1.0,-0.39885589791789167,-0.2,1.4311729331548286,1.0,0.7580784102356792,-0.2,1.8836222315912354,1.0,-0.11889967550660943,-0.2,1.436124047494522,1.0,0.14578430966070752,0.3,1.735311967613699,1.0,-0.14578430966070752,0.3,1.664688032386301,1.0
143,4.7667,1,0.18422698390470255,-0.2,1.7464803012186503,1.0,-0.18422698390470255,-0.2,1.6535196987813496,1.0,0.48480785238079616,-0.2,1.822316582154343,1.0,-0.3910756856918519,-0.2,1.422622287429531,1.0,0.7563002497140421,-0.2,1.8908138681607751,1.0,-0.11160166750894802,-0.2,1.4397766793074696,1.0,0.14544235571423883,0.3,1.736694974646303,1.0,-0.14544235571423883,0.3,1.663305025353697,1.0
144,4.8,1,0.18378538993906524,-0.2,1.748196788741012,1.0,-0.18378538993906524,-0.2,1.651803211258988,1.0,0.4836457629975401,-0.2,1.8268336545816106,1.0,-0.38320805400169533,-0.2,1.4144625256229948,1.0,0.7544873902761625,-0.2,1.8978605011473124,1.0,-0.10471048363691632,-0.2,1.4434298054558505,1.0,0.14509372889926203,0.3,1.7380500963744832,1.0,-0.14509372889926203,0.3,1.6619499036255168,1.0
145,4.8333,1,0.18333657317674515,-0.2,1.7498768577178632,1.0,-0.18333657317674515,-0.2,1.6501231422821367,1.0,0.4824646662545925,-0.2,1.8312548887312188,1.0,-0.3752781250004643,-0.2,1.4066925758293953,1.0,0.7526448793571643,-0.2,1.9047576264207016,1.0,-0.09820273270124724,-0.2,1.4470562597821144,1.0,0.14473939987637774,0.3,1.7393764666193656,1.0,-0.14473939987637774,0.3,1.6606235333806343,1.0
146,4.8667,1,0.18288178030657312,-0.2,1.751519456828448,1.0,-0.18288178030657312,-0.2,1.648480543171552,1.0,0.48126784291203456,-0.2,1.8355775179696,1.0,-0.3673106223548628,-0.2,1.3993099144435115,1.0,0.750777834942774,-0.2,1.9115009280325759,1.0,-0.09205422760151097,-0.2,1.450631616942425,1.0,0.14438035287361037,0.3,1.74067325539088,1.0,-0.14438035287361037,0.3,1.65932674460912,1.0
147,4.9,1,0.1824222716065078,-0.2,1.753123580657948,1.0,-0.1824222716065078,-0.2,1.646876419342052,1.0,0.48005860949081003,-0.2,1.8397988964682839,1.0,-0.35932977511896397,-0.2,1.3923106415929793,1.0,0.7488914308056637,-0.2,1.9180862784905228,1.0,-0.08624030086510026,-0.2,1.4541340922549113,1.0,0.144017582847243,0.3,1.7419396689404851,1.0,-0.144017582847243,0.3,1.6580603310595148,1.0
148,4.9333,1,0.1819593173409849,-0.2,1.7546882696087813,1.0,-0.1819593173409849,-0.2,1.6453117303912186,1.0,0.4788403087920655,-0.2,1.843916498970477,1.0,-0.3513592301606281,-0.2,1.3856895635088484,1.0,0.7469908817156222,-0.2,1.9245097383939442,1.0,-0.08073609636885892,-0.2,1.4575444134267366,1.0,0.14365209263761966,0.3,1.743174949691143,1.0,-0.14365209263761966,0.3,1.6568250503088569,1.0
149,4.9667,1,0.18149419416334,-0.2,1.7562126096618884,1.0,-0.18149419416334,-0.2,1.6437873903381115,1.0,0.4776163004298421,-0.2,1.8479279201628644,1.0,-0.34342197348308845,-0.2,1.3794402808691884,1.0,0.7450814286705537,-0.2,1.9307675554540686,1.0,-0.07551683571569077,-0.2,1.4608456686382523,1.0,0.14328489012895262,0.3,1.7443783760488594,1.0,-0.14328489012895262,0.3,1.6556216239511405,1.0
150,5.0,1,0.18102818153438,-0.2,1.757695731994278,1.0,-0.18102818153438,-0.2,1.6423042680057218,1.0,0.4763899514062631,-0.2,1.8518308736691529,1.0,-0.3355402606680885,-0.2,1.3735552821438612,1.0,0.7431683241937704,-0.2,1.9368561629238785,1.0,-0.07055805839474932,-0.2,1.464023135430933,1.0,0.14291698542187892,0.3,1.7455492621007458,1.0,-0.14291698542187892,0.3,1.6544507378992541,1.0
151,5.0333,1,0.18056255816775854,-0.2,1.7591368124598783,1.0,-0.18056255816775854,-0.2,1.6408631875401216,1.0,0.4751646267572593,-0.2,1.8556231906838903,1.0,-0.3277355565537688,-0.2,1.3680260409744984,1.0,0.7412568177413246,-0.2,1.9427721774668687,1.0,-0.06583583546290378,-0.2,1.4670640947342888,1.0,0.1425493880271778,0.3,1.746686957205167,1.0,-0.1425493880271778,0.3,1.6533130427948328,1.0
152,5.0667,1,0.1800985985123586,-0.2,1.7605350709414325,1.0,-0.1800985985123586,-0.2,1.6394649290585674,1.0,0.4739436802956805,-0.2,1.8593028182669276,1.0,-0.3200284841517086,-0.2,1.3628431166414003,1.0,0.7393521412612616,-0.2,1.9485123964964073,1.0,-0.06132695703819789,-0.2,1.4699576341875178,1.0,0.14218310408870416,0.3,1.7477908454800783,1.0,-0.14218310408870416,0.3,1.6522091545199216,1.0
153,5.1,1,0.17963756928139737,-0.2,1.7618897705818268,1.0,-0.17963756928139737,-0.2,1.638110229418173,1.0,0.47273044547736154,-0.2,1.8628678173205968,1.0,-0.31243878270430986,-0.2,1.3579962566974213,1.0,0.737459494944684,-0.2,1.9540737950201312,1.0,-0.05700909438626933,-0.2,1.4726944446767816,1.0,0.14181913364320844,0.3,1.748860345196179,1.0,-0.14181913364320844,0.3,1.6511396548038209,1.0
154,5.1333,1,0.17918072603745844,-0.2,1.763200216903815,1.0,-0.17918072603745844,-0.2,1.636799783096185,1.0,0.4715282264143643,-0.2,1.8663163602731974,1.0,-0.30498527468718495,-0.2,1.3534745008867806,1.0,0.7355840332064083,-0.2,1.959453522026188,1.0,-0.052860937803756725,-0.2,1.4752666137311337,1.0,0.1414584679243093,0.3,1.7498949080819592,1.0,-0.1414584679243093,0.3,1.6501050919180407,1.0
155,5.1667,1,0.17872930984212315,-0.2,1.7644657568276239,1.0,-0.17872930984212315,-0.2,1.635534243172376,1.0,0.4703402890582188,-0.2,1.8696467284937472,1.0,-0.2976858414722857,-0.2,1.3492662855129094,1.0,0.7337308509308214,-0.2,1.9646488964502455,1.0,-0.048862311856223584,-0.2,1.4776674191115062,1.0,0.14110208671746563,0.3,1.750894018548124,1.0,-0.14110208671746563,0.3,1.6491059814518758,1.0
156,5.2,1,0.17828454397832705,-0.2,1.7656857775963715,1.0,-0.17828454397832705,-0.2,1.6343142224036284,1.0,0.46916985257454485,-0.2,1.8728573094641354,1.0,-0.29055740728685564,-0.2,1.3453595474725861,1.0,0.73190497001629,-0.2,1.9696574027640512,1.0,-0.044994269811505394,-0.2,1.4798911255992928,1.0,0.14075095577236346,0.3,1.7518571928392406,1.0,-0.14075095577236346,0.3,1.6481428071607593,1.0
157,5.2333,1,0.1778476307530108,-0.2,1.7668597056196085,1.0,-0.1778476307530108,-0.2,1.6331402943803914,1.0,0.4680200809289758,-0.2,1.8759465937358122,1.0,-0.28361593103150096,-0.2,1.3417418272323998,1.0,0.7301113262492023,-0.2,1.9744766862278669,1.0,-0.04123916932380289,-0.2,1.4819327876545674,1.0,0.14040602427869273,0.3,1.7527839781207437,1.0,-0.14040602427869273,0.3,1.6472160218792562,1.0
158,5.2667,1,0.177419748387076,-0.2,1.7679870052456104,1.0,-0.177419748387076,-0.2,1.6320129947543895,1.0,0.46689407470283156,-0.2,1.8789131716989744,1.0,-0.27687640545803544,-0.2,1.338400370086666,1.0,0.7283547565364172,-0.2,1.9791045478504001,1.0,-0.03758073157171303,-0.2,1.483788060278411,1.0,0.14006822241084946,0.3,1.7536739515096924,1.0,-0.14006822241084946,0.3,1.6463260484903075,1.0
159,5.3,1,0.1770020479990963,-0.2,1.7690671774732805,1.0,-0.1770020479990963,-0.2,1.6309328225267195,1.0,0.46579486315551655,-0.2,1.8817557301928431,1.0,-0.27035286315450807,-0.2,1.3353222251019652,1.0,0.7266399865226059,-0.2,1.9835389391008353,1.0,-0.034004086138344214,-0.2,1.4854530200874168,1.0,0.13973845894665496,0.3,1.7545267190578528,1.0,-0.13973845894665496,0.3,1.645473280942147,1.0
160,5.3333,1,0.1765956506886838,-0.2,1.7700997586147083,1.0,-0.1765956506886838,-0.2,1.6299002413852917,1.0,0.4647253965491679,-0.2,1.8844730489860746,1.0,-0.2640583887409549,-0.2,1.3324943412212233,1.0,0.7249716186167019,-0.2,1.9877779564182763,1.0,-0.03049580394812157,-0.2,1.4869239982981286,1.0,0.13941761896475036,0.3,1.7553419146958222,1.0,-0.13941761896475036,0.3,1.6446580853041777,1.0
161,5.3667,1,0.17620164472486638,-0.2,1.7710843189195196,1.0,-0.17620164472486638,-0.2,1.6289156810804803,1.0,0.4636885387496484,-0.2,1.8870639971566303,1.0,-0.2580051366448193,-0.2,1.3299036600684446,1.0,0.7233541204494515,-0.2,1.9918198355643433,1.0,-0.02704392054790848,-0.2,1.4881974270304954,1.0,0.13910656162489451,0.3,1.756119199146989,1.0,-0.13910656162489451,0.3,1.6438808008530108,1.0
162,5.4,1,0.17582108284430664,-0.2,1.7720204611721937,1.0,-0.17582108284430664,-0.2,1.6279795388278062,1.0,0.46268706011659644,-0.2,1.8895275294005096,1.0,-0.252204353799426,-0.2,1.3275372050627445,1.0,0.7217918137818905,-0.2,1.9956629458647952,1.0,-0.02363795194508511,-0.2,1.4892697000764552,1.0,0.13880611803497891,0.3,1.756858258820153,1.0,-0.13880611803497891,0.3,1.643141741179847,1.0
163,5.4333,1,0.17545497966368218,-0.2,1.7729078192734968,1.0,-0.17545497966368218,-0.2,1.627092180726503,1.0,0.4617236306939005,-0.2,1.8918626822986757,1.0,-0.24666640659198272,-0.2,1.3253821665161105,1.0,0.7202888638824848,-0.2,1.999305784385934,1.0,-0.020268905097841586,-0.2,1.4901370490453103,1.0,0.13851708920817013,0.3,1.7575588046896027,1.0,-0.13851708920817013,0.3,1.6424411953103972,1.0
164,5.4667,1,0.17510430921006404,-0.2,1.7737460568170684,1.0,-0.17510430921006404,-0.2,1.6262539431829315,1.0,0.4608008137106948,-0.2,1.8940685705712328,1.0,-0.2414008113789265,-0.2,1.3234259824524632,1.0,0.718849269388684,-0.2,2.002746970091123,1.0,-0.016929284998781116,-0.2,1.490795435593016,1.0,0.13824024411320843,0.3,1.7582205711713699,1.0,-0.13824024411320843,0.3,1.64177942882863,1.0
165,5.5,1,0.17477000257266412,-0.2,1.774534865672053,1.0,-0.17477000257266412,-0.2,1.625465134327947,1.0,0.45992105940174766,-0.2,1.8961443833475078,1.0,-0.23641626788542974,-0.2,1.3216564149451946,1.0,0.7174768526667263,-0.2,2.005985238022112,1.0,-0.013613100107460946,-0.2,1.491240460268162,1.0,0.1379763178205243,0.3,1.7588433150042522,1.0,-0.1379763178205243,0.3,1.6411566849957477,1.0
166,5.5333,1,0.17445294567889305,-0.2,1.7752739645824318,1.0,-0.17445294567889305,-0.2,1.624726035417568,1.0,0.4590866991549817,-0.2,1.8980893804800836,1.0,-0.23172069481204224,-0.2,1.320061621825789,1.0,0.7161752506817715,-0.2,2.0090194335489304,1.0,-0.010315867675986995,-0.2,1.4914672883623814,1.0,0.1377260097464945,0.3,1.759426814144025,1.0,-0.1377260097464945,0.3,1.640573185855975,1.0
167,5.5667,1,0.17415397719726208,-0.2,1.7759630977934386,1.0,-0.17415397719726208,-0.2,1.6240369022065613,1.0,0.45829993999279495,-0.2,1.8999028889301015,1.0,-0.2273212669840874,-0.2,1.3186302236667433,1.0,0.7149479063887602,-0.2,2.0118485067309586,1.0,-0.00703462027911253,-0.2,1.4914705930353536,1.0,0.1374899819978385,0.3,1.7599708666790304,1.0,-0.1374899819978385,0.3,1.6400291333209696,1.0
168,5.6,1,0.17387388656929245,-0.2,1.7766020337150967,1.0,-0.17387388656929245,-0.2,1.6233979662849032,1.0,0.45756285939287483,-0.2,1.9015842992502547,1.0,-0.2232244533979574,-0.2,1.3173513659873515,1.0,0.7137980606528848,-0.2,2.014471506830397,1.0,-0.0037679146110632666,-0.2,1.491244515891758,1.0,0.13726885781786244,0.3,1.7604752897750764,1.0,-0.13726885781786244,0.3,1.6395247102249235,1.0
169,5.6333,1,0.17361341217225268,-0.2,1.777190563632529,1.0,-0.17361341217225268,-0.2,1.622809436367471,1.0,0.4568774004532965,-0.2,1.9031330621908658,1.0,-0.21943605554221196,-0.2,1.3162147766706824,1.0,0.7127287447071425,-0.2,2.0168875770177506,1.0,-0.000515843349693082,-0.2,1.490782645116117,1.0,0.13706322013598896,0.3,1.7609399186572596,1.0,-0.13706322013598896,0.3,1.6390600813427403,1.0
170,5.6667,1,0.1733732396142377,-0.2,1.777728500472247,1.0,-0.1733732396142377,-0.2,1.622271499527753,1.0,0.45624536740588867,-0.2,1.9045486854532818,1.0,-0.21596124539974587,-0.2,1.3152108186140066,1.0,0.7117427731531863,-0.2,2.0190959493071197,1.0,0.0027199493816151554,-0.2,1.490078011217412,1.0,0.13687361022176658,0.3,1.7613646056359844,1.0,-0.13687361022176658,0.3,1.6386353943640155,1.0
171,5.7,1,0.17315400016282917,-0.2,1.778215677633138,1.0,-0.17315400016282917,-0.2,1.621784322366862,1.0,0.4556684214811294,-0.2,1.905830730613521,1.0,-0.2128046025696623,-0.2,1.3143305376629244,1.0,0.7108427375105619,-0.2,2.0210959397570925,1.0,0.005936248699133617,-0.2,1.4891231003943017,1.0,0.1367005264443388,0.3,1.7617492191840562,1.0,-0.1367005264443388,0.3,1.6382507808159437,1.0
172,5.7333,1,0.17295626930833352,-0.2,1.7786519478903302,1.0,-0.17295626930833352,-0.2,1.6213480521096697,1.0,0.45514807712719346,-0.2,1.9069788102377108,1.0,-0.209970149983263,-0.2,1.3135657059015384,1.0,0.7100310003184218,-0.2,2.022886943970829,1.0,0.009128245813001132,-0.2,1.487909885498976,1.0,0.13654442313815804,0.3,1.7620936430713132,1.0,-0.13654442313815804,0.3,1.6379063569286867,1.0
173,5.7667,1,0.17278056546238516,-0.2,1.7790371823795512,1.0,-0.17278056546238516,-0.2,1.6209628176204487,1.0,0.4546856985852241,-0.2,1.9079925852093451,1.0,-0.2074613877272403,-0.2,1.31290886038725,1.0,0.7093096897929496,-0.2,2.0244684329265783,1.0,0.012289511348357096,-0.2,1.4864298745482634,1.0,0.13640570957556722,0.3,1.7623977755628035,1.0,-0.13640570957556722,0.3,1.6376022244371964,1.0
174,5.8,1,0.17262734879252242,-0.2,1.7793712696689727,1.0,-0.17262734879252242,-0.2,1.6206287303310272,1.0,0.45428249682242744,-0.2,1.9088717622867706,1.0,-0.2052813245282215,-0.2,1.3123533374294003,1.0,0.7086806950429868,-0.2,2.025839949167362,1.0,0.015411965703216221,-0.2,1.4846741766997056,1.0,0.13628474904672822,0.3,1.7626615286860312,1.0,-0.13628474904672822,0.3,1.6373384713139687,1.0
175,5.8333,1,0.1724970201931943,-0.2,1.779654114924897,1.0,-0.1724970201931943,-0.2,1.620345885075103,1.0,0.45393952682419547,-0.2,1.909616091907624,1.0,-0.20343250649583636,-0.2,1.3118933025162611,1.0,0.708145661845745,-0.2,2.0270011033758935,1.0,0.018485847278014833,-0.2,1.482633585573025,1.0,0.13618185804725863,0.3,1.7628848275722873,1.0,-0.13618185804725863,0.3,1.6371151724277127,1.0
176,5.8667,1,0.17238992039353315,-0.2,1.779885639176959,1.0,-0.17238992039353315,-0.2,1.6201143608230408,1.0,0.45365768524613986,-0.2,1.9102253662551554,1.0,-0.20191704276606826,-0.2,1.311523775995186,1.0,0.7077059889839782,-0.2,2.0279515713580425,1.0,0.021499679667188867,-0.2,1.4802986797492128,1.0,0.13609730557384195,0.3,1.7630676098765465,1.0,-0.13609730557384195,0.3,1.6369323901234534,1.0
177,5.9,1,0.1723063292021304,-0.2,1.7800657786878205,1.0,-0.1723063292021304,-0.2,1.6199342213121795,1.0,0.4534377084266589,-0.2,1.9106994175995278,1.0,-0.2007366277324726,-0.2,1.311240654606497,1.0,0.7073628251455879,-0.2,2.0286910914552636,1.0,0.024440239146025375,-0.2,1.4776599402160175,1.0,0.13603131252799766,0.3,1.7632098252798583,1.0,-0.13603131252799766,0.3,1.6367901747201417,1.0
178,5.9333,1,0.17224646488897663,-0.2,1.7801944844316024,1.0,-0.17224646488897663,-0.2,1.6198055155683975,1.0,0.4532801707604648,-0.2,1.91103811692527,1.0,-0.19989255959962868,-0.2,1.3110407289633674,1.0,0.7071170663863251,-0.2,2.029219462403421,1.0,0.02729252401324113,-0.2,1.4747078844461137,1.0,0.13598405122813942,0.3,1.763311435077581,1.0,-0.13598405122813942,0.3,1.636688564922419,1.0
179,5.9667,1,0.17221048370467076,-0.2,1.7802717216845592,1.0,-0.17221048370467076,-0.2,1.6197282783154408,1.0,0.45318548343334414,-0.2,1.911241372854103,1.0,-0.1993857550406662,-0.2,1.3109216970581512,1.0,0.7069693541560169,-0.2,2.0295365416524005,1.0,0.030039727558066442,-0.2,1.4714332166894182,1.0,0.13595564503000324,0.3,1.7633724118562308,1.0,-0.13595564503000324,0.3,1.636627588143769,1.0
180,6.0,1,0.1721984795369635,-0.2,1.7802974697307328,1.0,-0.1721984795369635,-0.2,1.6197025302692671,1.0,0.45315389351832497,-0.2,1.9113091308703498,1.0,-0.1992167597887375,-0.2,1.310882173860826,1.0,0.706920073888587,-0.2,2.0296422441577455,1.0,0.032663216606499706,-0.2,1.4678269939312705,1.0,0.13594616805549747,0.3,1.7633927392611048,1.0,-0.13594616805549747,0.3,1.636607260738895,1.0
181,6.0333,1,0.17221048370467076,-0.2,1.7802717216845592,1.0,-0.17221048370467076,-0.2,1.6197282783154408,1.0,0.45318548343334414,-0.2,1.911241372854103,1.0,-0.1993857550406662,-0.2,1.3109216970581512,1.0,0.7069693541560169,-0.2,2.0295365416524005,1.0,0.03514251776115408,-0.2,1.4638808068116895,1.0,0.13595564503000324,0.3,1.7633724118562308,1.0,-0.13595564503000324,0.3,1.636627588143769,1.0
182,6.0667,1,0.17224646488897663,-0.2,1.7801944844316024,1.0,-0.17224646488897663,-0.2,1.6198055155683975,1.0,0.4532801707604648,-0.2,1.91103811692527,1.0,-0.19989255959962868,-0.2,1.3110407289633674,1.0,0.7071170663863251,-0.2,2.029219462403421,1.0,0.03745531357874311,-0.2,1.4595869746167112,1.0,0.13598405122813942,0.3,1.763311435077581,1.0,-0.13598405122813942,0.3,1.636688564922419,1.0
183,6.1,1,0.1723063292021304,-0.2,1.7800657786878205,1.0,-0.1723063292021304,-0.2,1.6199342213121795,1.0,0.4534377084266589,-0.2,1.9106994175995278,1.0,-0.2007366277324726,-0.2,1.311240654606497,1.0,0.7073628251455879,-0.2,2.0286910914552636,1.0,0.0395774510246104,-0.2,1.4549387532408717,1.0,0.13603131252799766,0.3,1.7632098252798583,1.0,-0.13603131252799766,0.3,1.6367901747201417,1.0
184,6.1333,1,0.17238992039353315,-0.2,1.779885639176959,1.0,-0.17238992039353315,-0.2,1.6201143608230408,1.0,0.45365768524613986,-0.2,1.9102253662551554,1.0,-0.20191704276606826,-0.2,1.311523775995186,1.0,0.7077059889839782,-0.2,2.0279515713580425,1.0,0.04148296460052441,-0.2,1.4499305547812797,1.0,0.13609730557384195,0.3,1.7630676098765465,1.0,-0.13609730557384195,0.3,1.6369323901234534,1.0
185,6.1667,1,0.1724970201931943,-0.2,1.779654114924897,1.0,-0.1724970201931943,-0.2,1.620345885075103,1.0,0.45393952682419547,-0.2,1.909616091907624,1.0,-0.20343250649583636,-0.2,1.3118933025162611,1.0,0.708145661845745,-0.2,2.0270011033758935,1.0,0.043144116555936037,-0.2,1.4445581771605474,1.0,0.13618185804725863,0.3,1.7628848275722873,1.0,-0.13618185804725863,0.3,1.6371151724277127,1.0
186,6.2,1,0.17262734879252242,-0.2,1.7793712696689727,1.0,-0.17262734879252242,-0.2,1.6206287303310272,1.0,0.45428249682242744,-0.2,1.9088717622867706,1.0,-0.2052813245282215,-0.2,1.3123533374294003,1.0,0.7086806950429868,-0.2,2.025839949167362,1.0,0.04453145655981541,-0.2,1.4388190418913633,1.0,0.13628474904672822,0.3,1.7626615286860312,1.0,-0.13628474904672822,0.3,1.6373384713139687,1.0
187,6.2333,1,0.17278056546238516,-0.2,1.7790371823795512,1.0,-0.17278056546238516,-0.2,1.6209628176204487,1.0,0.4546856985852241,-0.2,1.9079925852093451,1.0,-0.2074613877272402,-0.2,1.31290886038725,1.0,0.7093096897929496,-0.2,2.0244684329265783,1.0,0.04561390312609184,-0.2,1.4327124377941929,1.0,0.13640570957556722,0.3,1.7623977755628035,1.0,-0.13640570957556722,0.3,1.6376022244371964,1.0
188,6.2667,1,0.17295626930833352,-0.2,1.7786519478903302,1.0,-0.17295626930833352,-0.2,1.6213480521096697,1.0,0.45514807712719346,-0.2,1.9069788102377108,1.0,-0.209970149983263,-0.2,1.3135657059015384,1.0,0.7100310003184218,-0.2,2.022886943970829,1.0,0.046358848947027506,-0.2,1.4262397681669736,1.0,0.13654442313815804,0.3,1.7620936430713132,1.0,-0.13654442313815804,0.3,1.6379063569286867,1.0
189,6.3,1,0.17315400016282917,-0.2,1.778215677633138,1.0,-0.17315400016282917,-0.2,1.621784322366862,1.0,0.4556684214811294,-0.2,1.905830730613521,1.0,-0.2128046025696623,-0.2,1.3143305376629244,1.0,0.7108427375105619,-0.2,2.0210959397570925,1.0,0.04673229209259737,-0.2,1.4194047985885723,1.0,0.1367005264443388,0.3,1.7617492191840562,1.0,-0.1367005264443388,0.3,1.6382507808159437,1.0
190,6.3333,1,0.1733732396142377,-0.2,1.777728500472247,1.0,-0.1733732396142377,-0.2,1.622271499527753,1.0,0.45624536740588867,-0.2,1.9045486854532818,1.0,-0.21596124539974576,-0.2,1.3152108186140066,1.0,0.7117427731531863,-0.2,2.0190959493071197,1.0,0.04669899477789918,-0.2,1.4122139022238687,1.0,0.13687361022176658,0.3,1.7613646056359844,1.0,-0.13687361022176658,0.3,1.6386353943640155,1.0
191,6.3667,1,0.17361341217225268,-0.2,1.777190563632529,1.0,-0.17361341217225268,-0.2,1.622809436367471,1.0,0.4568774004532965,-0.2,1.9031330621908658,1.0,-0.21943605554221196,-0.2,1.3162147766706824,1.0,0.7127287447071425,-0.2,2.0168875770177506,1.0,0.04622267108356483,-0.2,1.4046762991964157,1.0,0.13706322013598896,0.3,1.7609399186572596,1.0,-0.13706322013598896,0.3,1.6390600813427403,1.0
192,6.4,1,0.17387388656929245,-0.2,1.7766020337150967,1.0,-0.17387388656929245,-0.2,1.6233979662849032,1.0,0.45756285939287483,-0.2,1.9015842992502547,1.0,-0.2232244533979574,-0.2,1.3173513659873515,1.0,0.7137980606528848,-0.2,2.014471506830397,1.0,0.0452662046360498,-0.2,1.3968042863142078,1.0,0.13726885781786244,0.3,1.7604752897750764,1.0,-0.13726885781786244,0.3,1.6395247102249235,1.0
193,6.4333,1,0.17415397719726203,-0.2,1.7759630977934386,1.0,-0.17415397719726203,-0.2,1.6240369022065613,1.0,0.45829993999279484,-0.2,1.8999028889301017,1.0,-0.22732126698408717,-0.2,1.318630223666743,1.0,0.7149479063887599,-0.2,2.011848506730959,1.0,0.0437918968168394,-0.2,1.3886134531853354,1.0,0.13748998199783843,0.3,1.7599708666790306,1.0,-0.13748998199783843,0.3,1.6400291333209693,1.0
194,6.4667,1,0.17445294567889305,-0.2,1.7752739645824318,1.0,-0.17445294567889305,-0.2,1.624726035417568,1.0,0.4590866991549817,-0.2,1.8980893804800836,1.0,-0.23172069481204222,-0.2,1.320061621825789,1.0,0.7161752506817715,-0.2,2.0090194335489304,1.0,0.04176174557492533,-0.2,1.3801228805537642,1.0,0.1377260097464945,0.3,1.759426814144025,1.0,-0.1377260097464945,0.3,1.640573185855975,1.0
195,6.5,1,0.17477000257266412,-0.2,1.774534865672053,1.0,-0.17477000257266412,-0.2,1.625465134327947,1.0,0.45992105940174766,-0.2,1.8961443833475078,1.0,-0.23641626788542972,-0.2,1.3216564149451944,1.0,0.7174768526667263,-0.2,2.005985238022112,1.0,0.039137754369886354,-0.2,1.3713553165318166,1.0,0.1379763178205243,0.3,1.7588433150042522,1.0,-0.1379763178205243,0.3,1.6411566849957477,1.0
196,6.5333,1,0.17510430921006404,-0.2,1.7737460568170684,1.0,-0.17510430921006404,-0.2,1.6262539431829315,1.0,0.4608008137106948,-0.2,1.8940685705712328,1.0,-0.24140081137892638,-0.2,1.3234259824524632,1.0,0.718849269388684,-0.2,2.002746970091123,1.0,0.035882270179901116,-0.2,1.3623373263156686,1.0,0.13824024411320843,0.3,1.7582205711713699,1.0,-0.13824024411320843,0.3,1.64177942882863,1.0
197,6.5667,1,0.17545497966368218,-0.2,1.7729078192734968,1.0,-0.17545497966368218,-0.2,1.627092180726503,1.0,0.4617236306939005,-0.2,1.8918626822986757,1.0,-0.24666640659198272,-0.2,1.3253821665161105,1.0,0.7202888638824848,-0.2,1.999305784385934,1.0,0.03195834887818412,-0.2,1.3530994109532788,1.0,0.13851708920817013,0.3,1.7575588046896027,1.0,-0.13851708920817013,0.3,1.6424411953103972,1.0
198,6.6,1,0.17582108284430661,-0.2,1.7720204611721937,1.0,-0.17582108284430661,-0.2,1.6279795388278062,1.0,0.4626870601165963,-0.2,1.8895275294005098,1.0,-0.25220435379942563,-0.2,1.3275372050627443,1.0,0.7217918137818903,-0.2,1.9956629458647954,1.0,0.027330145622677562,-0.2,1.3436760907998135,1.0,0.1388061180349789,0.3,1.756858258820153,1.0,-0.1388061180349789,0.3,1.643141741179847,1.0
199,6.6333,1,0.17620164472486638,-0.2,1.7710843189195196,1.0,-0.17620164472486638,-0.2,1.6289156810804803,1.0,0.4636885387496484,-0.2,1.8870639971566303,1.0,-0.2580051366448192,-0.2,1.3299036600684446,1.0,0.7233541204494515,-0.2,1.9918198355643433,1.0,0.021963327229131593,-0.2,1.3341059494516576,1.0,0.13910656162489451,0.3,1.756119199146989,1.0,-0.13910656162489451,0.3,1.6438808008530108,1.0
200,6.6667,1,0.17659565068868377,-0.2,1.7700997586147085,1.0,-0.17659565068868377,-0.2,1.6299002413852914,1.0,0.4647253965491678,-0.2,1.8844730489860746,1.0,-0.2640583887409546,-0.2,1.3324943412212231,1.0,0.7249716186167018,-0.2,1.9877779564182765,1.0,0.015825502820416115,-0.2,1.324431634202928,1.0,0.13941761896475033,0.3,1.7553419146958225,1.0,-0.13941761896475033,0.3,1.6446580853041775,1.0
201,6.7,1,0.1770020479990963,-0.2,1.7690671774732805,1.0,-0.1770020479990963,-0.2,1.6309328225267195,1.0,0.46579486315551655,-0.2,1.8817557301928431,1.0,-0.270352863154508,-0.2,1.3353222251019652,1.0,0.7266399865226059,-0.2,1.9835389391008353,1.0,0.008886668379862461,-0.2,1.3146998094222895,1.0,0.13973845894665496,0.3,1.7545267190578528,1.0,-0.13973845894665496,0.3,1.645473280942147,1.0
202,6.7333,1,0.17741974838707597,-0.2,1.7679870052456104,1.0,-0.17741974838707597,-0.2,1.6320129947543895,1.0,0.4668940747028315,-0.2,1.8789131716989746,1.0,-0.2768764054580352,-0.2,1.3384003700866658,1.0,0.7283547565364171,-0.2,1.9791045478504006,1.0,0.001119660199734085,-0.2,1.3049610597050019,1.0,0.14006822241084946,0.3,1.7536739515096924,1.0,-0.14006822241084946,0.3,1.6463260484903075,1.0
203,6.7667,1,0.1778476307530108,-0.2,1.7668597056196085,1.0,-0.1778476307530108,-0.2,1.6331402943803914,1.0,0.4680200809289758,-0.2,1.8759465937358122,1.0,-0.2836159310315009,-0.2,1.3417418272323998,1.0,0.7301113262492023,-0.2,1.9744766862278669,1.0,-0.007499388375606764,-0.2,1.2952697402149673,1.0,0.14040602427869273,0.3,1.7527839781207437,1.0,-0.14040602427869273,0.3,1.6472160218792562,1.0
204,6.8,1,0.17828454397832705,-0.2,1.7656857775963715,1.0,-0.17828454397832705,-0.2,1.6343142224036284,1.0,0.46916985257454485,-0.2,1.8728573094641354,1.0,-0.29055740728685564,-0.2,1.3453595474725861,1.0,0.73190497001629,-0.2,1.9696574027640512,1.0,-0.016990593041302904,-0.2,1.2856837722908654,1.0,0.14075095577236346,0.3,1.7518571928392406,1.0,-0.14075095577236346,0.3,1.6481428071607593,1.0
205,6.8333,1,0.17872930984212315,-0.2,1.7644657568276239,1.0,-0.17872930984212315,-0.2,1.635534243172376,1.0,0.4703402890582188,-0.2,1.8696467284937472,1.0,-0.2976858414722856,-0.2,1.3492662855129094,1.0,0.7337308509308214,-0.2,1.9646488964502455,1.0,-0.027369874037184355,-0.2,1.2762643831430036,1.0,0.14110208671746563,0.3,1.750894018548124,1.0,-0.14110208671746563,0.3,1.6491059814518758,1.0
206,6.8667,1,0.17918072603745844,-0.2,1.763200216903815,1.0,-0.17918072603745844,-0.2,1.636799783096185,1.0,0.4715282264143643,-0.2,1.8663163602731974,1.0,-0.3049852746871849,-0.2,1.3534745008867806,1.0,0.7355840332064083,-0.2,1.959453522026188,1.0,-0.03864852799826399,-0.2,1.2670757893040168,1.0,0.1414584679243093,0.3,1.7498949080819592,1.0,-0.1414584679243093,0.3,1.6501050919180407,1.0
207,6.9,1,0.17963756928139735,-0.2,1.7618897705818268,1.0,-0.17963756928139735,-0.2,1.638110229418173,1.0,0.4727304454773614,-0.2,1.862867817320597,1.0,-0.3124387827043096,-0.2,1.357996256697421,1.0,0.7374594949446839,-0.2,1.9540737950201315,1.0,-0.05083282332325864,-0.2,1.2581848244047227,1.0,0.14181913364320842,0.3,1.748860345196179,1.0,-0.14181913364320842,0.3,1.6511396548038209,1.0
208,6.9333,1,0.1800985985123586,-0.2,1.7605350709414325,1.0,-0.1800985985123586,-0.2,1.6394649290585674,1.0,0.4739436802956805,-0.2,1.8593028182669276,1.0,-0.3200284841517086,-0.2,1.3628431166414003,1.0,0.7393521412612616,-0.2,1.9485123964964073,1.0,-0.06392362634893817,-0.2,1.2496605128110292,1.0,0.14218310408870416,0.3,1.7477908454800783,1.0,-0.14218310408870416,0.3,1.6522091545199216,1.0
209,6.9667,1,0.18056255816775854,-0.2,1.7591368124598783,1.0,-0.18056255816775854,-0.2,1.6408631875401216,1.0,0.4751646267572593,-0.2,1.8556231906838903,1.0,-0.32773555655376857,-0.2,1.3680260409744982,1.0,0.7412568177413246,-0.2,1.9427721774668687,1.0,-0.07791606559561029,-0.2,1.2415735916609056,1.0,0.1425493880271778,0.3,1.746686957205167,1.0,-0.1425493880271778,0.3,1.6533130427948328,1.0
210,7.0,1,0.18102818153438,-0.2,1.757695731994278,1.0,-0.18102818153438,-0.2,1.6423042680057218,1.0,0.4763899514062631,-0.2,1.8518308736691529,1.0,-0.3355402606680885,-0.2,1.3735552821438612,1.0,0.7431683241937704,-0.2,1.9368561629238785,1.0,-0.09279924117995622,-0.2,1.2339959848618018,1.0,0.14291698542187892,0.3,1.7455492621007458,1.0,-0.14291698542187892,0.3,1.6544507378992541,1.0
211,7.0333,1,0.18149419416334,-0.2,1.7562126096618884,1.0,-0.18149419416334,-0.2,1.6437873903381115,1.0,0.4776163004298421,-0.2,1.8479279201628644,1.0,-0.34342197348308845,-0.2,1.3794402808691884,1.0,0.7450814286705537,-0.2,1.9307675554540686,1.0,-0.10855598616996404,-0.2,1.2270002336262433,1.0,0.14328489012895262,0.3,1.7443783760488594,1.0,-0.14328489012895262,0.3,1.6556216239511405,1.0
212,7.0667,1,0.18195931734098486,-0.2,1.7546882696087813,1.0,-0.18195931734098486,-0.2,1.6453117303912186,1.0,0.4788403087920654,-0.2,1.8439164989704775,1.0,-0.35135923016062764,-0.2,1.385689563508848,1.0,0.7469908817156221,-0.2,1.9245097383939447,1.0,-0.12516268618065546,-0.2,1.2206588891130967,1.0,0.1436520926376196,0.3,1.7431749496911433,1.0,-0.1436520926376196,0.3,1.6568250503088566,1.0
213,7.1,1,0.1824222716065078,-0.2,1.753123580657948,1.0,-0.1824222716065078,-0.2,1.646876419342052,1.0,0.48005860949081003,-0.2,1.8397988964682839,1.0,-0.3593297751189639,-0.2,1.3923106415929793,1.0,0.7488914308056637,-0.2,1.9180862784905228,1.0,-0.1425891628803319,-0.2,1.2150438736796927,1.0,0.144017582847243,0.3,1.7419396689404851,1.0,-0.144017582847243,0.3,1.6580603310595148,1.0
214,7.1333,1,0.18288178030657312,-0.2,1.751519456828448,1.0,-0.18288178030657312,-0.2,1.648480543171552,1.0,0.48126784291203456,-0.2,1.8355775179696,1.0,-0.3673106223548628,-0.2,1.3993099144435115,1.0,0.750777834942774,-0.2,1.9115009280325759,1.0,-0.1607986263009829,-0.2,1.2102258181111063,1.0,0.14438035287361037,0.3,1.74067325539088,1.0,-0.14438035287361037,0.3,1.65932674460912,1.0
215,7.1667,1,0.18333657317674515,-0.2,1.7498768577178632,1.0,-0.18333657317674515,-0.2,1.6501231422821367,1.0,0.4824646662545925,-0.2,1.8312548887312188,1.0,-0.3752781250004642,-0.2,1.4066925758293953,1.0,0.7526448793571643,-0.2,1.9047576264207016,1.0,-0.17974769993327167,-0.2,1.206273382953456,1.0,0.14473939987637774,0.3,1.7393764666193656,1.0,-0.14473939987637774,0.3,1.6606235333806343,1.0
216,7.2,1,0.18378538993906524,-0.2,1.748196788741012,1.0,-0.18378538993906524,-0.2,1.651803211258988,1.0,0.4836457629975401,-0.2,1.8268336545816106,1.0,-0.3832080540016953,-0.2,1.4144625256229946,1.0,0.7544873902761625,-0.2,1.8978605011473124,1.0,-0.1993865215501791,-0.2,1.2032525727155234,1.0,0.14509372889926203,0.3,1.7380500963744832,1.0,-0.14509372889926203,0.3,1.6619499036255168,1.0
217,7.2333,1,0.18422698390470255,-0.2,1.7464803012186503,1.0,-0.18422698390470255,-0.2,1.6535196987813496,1.0,0.48480785238079616,-0.2,1.822316582154343,1.0,-0.3910756856918519,-0.2,1.422622287429531,1.0,0.7563002497140421,-0.2,1.8908138681607751,1.0,-0.21965892156190822,-0.2,1.2012260521968168,1.0,0.14544235571423883,0.3,1.736694974646303,1.0,-0.14544235571423883,0.3,1.663305025353697,1.0
218,7.2667,1,0.18466012557022954,-0.2,1.7447284923106856,1.0,-0.18466012557022954,-0.2,1.6552715076893143,1.0,0.4859476988690251,-0.2,1.8177065587123304,1.0,-0.3988558979178917,-0.2,1.4311729331548286,1.0,0.7580784102356792,-0.2,1.8836222315912354,1.0,-0.24050267947968224,-0.2,1.2002524745326857,1.0,0.14578430966070752,0.3,1.735311967613699,1.0,-0.14578430966070752,0.3,1.664688032386301,1.0
219,7.3,1,0.18508360619574435,-0.2,1.7429425047892948,1.0,-0.18508360619574435,-0.2,1.6570574952107051,1.0,0.4870621215677483,-0.2,1.813006591550776,1.0,-0.4065232742595081,-0.2,1.4401140154566223,1.0,0.7598169096456874,-0.2,1.8762902828192107,1.0,-0.2618498577820929,-0.2,1.2003858307040731,1.0,0.1461186364703245,0.3,1.733901977465233,1.0,-0.1461186364703245,0.3,1.666098022534767,1.0
220,7.3333,1,0.18549624135278733,-0.2,1.7411235266482394,1.0,-0.18549624135278733,-0.2,1.6588764733517605,1.0,0.4881480035599667,-0.2,1.8082198069690514,1.0,-0.4140522157639257,-0.2,1.4494435089909057,1.0,0.7615108855535481,-0.2,1.8688228988717202,1.0,-0.2836272111619739,-0.2,1.201674830230694,1.0,0.14644440106799,0.3,1.7324659420907154,1.0,-0.14644440106799,0.3,1.6675340579092846,1.0
221,7.3667,1,0.18589687442977929,-0.2,1.7392727905456038,1.0,-0.18589687442977929,-0.2,1.6607272094543961,1.0,0.4892023011309981,-0.2,1.8033494488042205,1.0,-0.4214170595043075,-0.2,1.4591577613168871,1.0,0.763155589764357,-0.2,1.8612251401345843,1.0,-0.30575666781319183,-0.2,1.2041623225461953,1.0,0.14676069033929942,0.3,1.731004834641266,1.0,-0.14676069033929942,0.3,1.6689951653587338,1.0
222,7.4,1,0.18628438008255202,-0.2,1.7373915730781588,1.0,-0.18628438008255202,-0.2,1.662608426921841,1.0,0.4902220528488211,-0.2,1.7983988765214707,1.0,-0.42859220315860563,-0.2,1.4692514542620896,1.0,0.7647464024441609,-0.2,1.8535022473734943,1.0,-0.32815587812533653,-0.2,1.207884768141208,1.0,0.1470666158546463,0.3,1.729519662956441,1.0,-0.1470666158546463,0.3,1.6704803370435588,1.0
223,7.4333,1,0.18665766761744712,-0.2,1.7354811938865455,1.0,-0.18665766761744712,-0.2,1.6645188061134544,1.0,0.49120438846696607,-0.2,1.7933715628593303,1.0,-0.43555223470042903,-0.2,1.4797175764731325,1.0,0.7662788460084671,-0.2,1.8456596380605554,1.0,-0.35073882491998065,-0.2,1.212871767959276,1.0,0.14736131654008983,0.3,1.728011468857799,1.0,-0.14736131654008983,0.3,1.671988531142201,1.0
224,7.4667,1,0.1870156842944343,-0.2,1.7335430145914836,1.0,-0.1870156842944343,-0.2,1.6664569854085163,1.0,0.49214653761693233,-0.2,1.7882710910302202,1.0,-0.442272066196013,-0.2,1.4905474077883212,1.0,0.7677485986824145,-0.2,1.8377029020071434,1.0,-0.37341648821447926,-0.2,1.2191456587504255,1.0,0.1476439612850797,0.3,1.726481327309066,1.0,-0.1476439612850797,0.3,1.673518672690934,1.0
225,7.5,1,0.18735741853774457,-0.2,1.7315784375622418,1.0,-0.18735741853774457,-0.2,1.668421562437758,1.0,0.49304583825722254,-0.2,1.7831011514795838,1.0,-0.448727070613423,-0.2,1.501730515966033,1.0,0.7691515076812672,-0.2,1.8296377963081507,1.0,-0.39609755646582745,-0.2,1.2267211811415801,1.0,0.14791375147716676,0.3,1.7249303454438751,1.0,-0.14791375147716676,0.3,1.6750696545561248,1.0
226,7.5333,1,0.18768190304163163,-0.2,1.7295889045196267,1.0,-0.18768190304163163,-0.2,1.6704110954803733,1.0,0.49389974484639904,-0.2,1.7778655382095438,1.0,-0.4548932204735348,-0.2,1.5132547661891014,1.0,0.7704836019603826,-0.2,1.8214702396068885,1.0,-0.4186891753532661,-0.2,1.2356052260905637,1.0,0.14816992345391972,0.3,1.7233596614628632,1.0,-0.14816992345391972,0.3,1.6766403385371367,1.0
227,7.5667,1,0.1879882177590645,-0.2,1.7275758949767828,1.0,-0.1879882177590645,-0.2,1.6724241050232171,1.0,0.4947058362080644,-0.2,1.7725681446757442,1.0,-0.46074722710868876,-0.2,1.5251063436411911,1.0,0.7717411044845806,-0.2,1.813206305694161,1.0,-0.4410977244260952,-0.2,1.2457966641735314,1.0,0.1484117508624193,0.3,1.7217704434027232,1.0,-0.1484117508624193,0.3,1.6782295565972767,1.0
228,7.6,1,0.18827549276142158,-0.2,1.7255409245221056,1.0,-0.18827549276142158,-0.2,1.6744590754778943,1.0,0.49546182305637254,-0.2,1.767212959268699,1.0,-0.46626667924575926,-0.2,1.5372697893181135,1.0,0.7729204439679412,-0.2,1.8048522164591705,1.0,-0.46322961139080787,-0.2,1.2572862608403754,1.0,0.14863854691691175,0.3,1.7201638877806096,1.0,-0.14863854691691175,0.3,1.6798361122193903,1.0
229,7.6333,1,0.18854291095759584,-0.2,1.7234855429495697,1.0,-0.18854291095759584,-0.2,1.6765144570504302,1.0,0.496165555151568,-0.2,1.7618040603936047,1.0,-0.4714301795969355,-0.2,1.5497280490968404,1.0,0.7740182660364461,-0.2,1.7964143342140233,1.0,-0.484992073452693,-0.2,1.2700566793875954,1.0,0.1488496665454704,0.3,1.7185412181180815,1.0,-0.1488496665454704,0.3,1.6814587818819184,1.0
230,7.6667,1,0.18878971066133513,-0.2,1.7214113322427487,1.0,-0.18878971066133513,-0.2,1.6785886677572512,1.0,0.496815028056145,-0.2,1.7563456111651283,1.0,-0.47621747812488024,-0.2,1.5624625359396356,1.0,0.7750314437675863,-0.2,1.7878991534176003,1.0,-0.5062939749703951,-0.2,1.2840825719740123,1.0,0.1490445084168435,0.3,1.7169036833495386,1.0,-0.1490445084168435,0.3,1.6830963166504613,1.0
231,7.7,1,0.18901518799612935,-0.2,1.7193199044197396,1.0,-0.18901518799612935,-0.2,1.6806800955802603,1.0,0.4974083894634983,-0.2,1.750841853736157,1.0,-0.4806096006498708,-0.2,1.575453204962322,1.0,0.7759570875630574,-0.2,1.7793132918284047,1.0,-0.5270465907310764,-0.2,1.2993307575731283,1.0,0.1492225168390495,0.3,1.715252556120847,1.0,-0.1492225168390495,0.3,1.684747443879153,1.0
232,7.7333,1,0.1892186991275146,-0.2,1.7172128992471087,1.0,-0.1892186991275146,-0.2,1.6827871007528912,1.0,0.4979439450724068,-0.2,1.745297103281865,1.0,-0.4845889714855576,-0.2,1.588678640946477,1.0,0.7767925543129547,-0.2,1.7706634811197093,1.0,-0.5471643644071691,-0.2,1.3157604843487416,1.0,0.14938318352172203,0.3,1.7135891309845594,1.0,-0.14938318352172203,0.3,1.6864108690154405,1.0
233,7.7667,1,0.18939966231328872,-0.2,1.715091981831827,1.0,-0.18939966231328872,-0.2,1.6849080181681728,1.0,0.49842016398233874,-0.2,1.7397157416627032,1.0,-0.4881395288272758,-0.2,1.6021161577276368,1.0,0.7775354558124484,-0.2,1.761956556993817,1.0,-0.5665656322064239,-0.2,1.3333237725885425,1.0,0.1495260491947016,0.3,1.711914722498811,1.0,-0.1495260491947016,0.3,1.688085277501189,1.0
234,7.8,1,0.18955755976282698,-0.2,1.712958840100961,1.0,-0.18955755976282698,-0.2,1.687041159899039,1.0,0.4988356835863868,-0.2,1.7341022107920026,1.0,-0.49124683167229494,-0.2,1.6157419087477467,1.0,0.7781836663947634,-0.2,1.7531994488355238,1.0,-0.5851733023632272,-0.2,1.351965833063189,1.0,0.14965070507591605,0.3,1.7102306632376008,1.0,-0.14965070507591605,0.3,1.6897693367623992,1.0
235,7.8333,1,0.18969193929743433,-0.2,1.7108151821796254,1.0,-0.18969193929743433,-0.2,1.6891848178203746,1.0,0.49918931394061666,-0.2,1.728461005735856,1.0,-0.4938981571245245,-0.2,1.6295310079224565,1.0,0.778735329747362,-0.2,1.7443991689479355,1.0,-0.6029154819247053,-0.2,1.371625554522549,1.0,0.149756794182185,0.3,1.7085383017207567,1.0,-0.149756794182185,0.3,1.6914616982792432,1.0
236,7.8667,1,0.18980241580448193,-0.2,1.7086627336783806,1.0,-0.18980241580448193,-0.2,1.6913372663216193,1.0,0.4994800415907419,-0.2,1.722796667574686,1.0,-0.49608258702622776,-0.2,1.643457659844769,1.0,0.7791888648815574,-0.2,1.73556280141651,1.0,-0.619726043239593,-0.2,1.3922360530200102,1.0,0.14984401247722257,0.3,1.7068390002724056,1.0,-0.14984401247722257,0.3,1.6931609997275943,1.0
237,7.9,1,0.1898886724789326,-0.2,1.7065032349018519,1.0,-0.1898886724789326,-0.2,1.693496765098148,1.0,0.4997070328392963,-0.2,1.7171137760575053,1.0,-0.4977910829651243,-0.2,1.6574952982281341,1.0,0.7795429712293023,-0.2,1.7266974906497081,1.0,-0.635545123637565,-0.2,1.4137252748897104,1.0,0.14991210985178888,0.3,1.7051341328172516,1.0,-0.14991210985178888,0.3,1.6948658671827483,1.0
238,7.9333,1,0.18995046184676492,-0.2,1.704338437990879,1.0,-0.18995046184676492,-0.2,1.6956615620091209,1.0,0.49986963643885507,-0.2,1.7114169420812608,1.0,-0.4990165488254667,-0.2,1.671616731386437,1.0,0.779796632844614,-0.2,1.7178104296467667,1.0,-0.6503195529654159,-0.2,1.4360166445056666,1.0,0.14996089093165652,0.3,1.7034250826243782,1.0,-0.14996089093165652,0.3,1.6965749173756217,1.0
239,7.9667,1,0.1899876065657486,-0.2,1.7021701040109454,1.0,-0.1899876065657486,-0.2,1.6978298959890545,1.0,0.4999673856993384,-0.2,1.7057108000288035,1.0,-0.49975388018458033,-0.2,1.6857942934572727,1.0,0.779949121690968,-0.2,1.7089088480449335,1.0,-0.6640032048961094,-0.2,1.459029747436942,1.0,0.1499902157098015,0.3,1.701713240008641,1.0,-0.1499902157098015,0.3,1.698286759991359,1.0
240,8.0,1,0.19,-0.2,1.7,1.0,-0.19,-0.2,1.7,1.0,0.5,-0.2,1.7,1.0,-0.5,-0.2,1.7,1.0,0.78,-0.2,1.7,1.0,-0.6765572692181762,-0.2,1.4826810392850625,1.0,0.15,0.3,1.7,1.0,-0.15,0.3,1.7,1.0
241,8.0333,1,0.19,-0.19998825877006893,1.696573472300626,1.0,-0.19,-0.19998825877006893,1.696573472300626,1.0,0.5,-0.19998825877006893,1.696573472300626,1.0,-0.49988353383663686,-0.20848485022216873,1.6965152433213446,1.0,0.78,-0.19998825877006893,1.696573472300626,1.0,-0.6798214332483853,-0.2119487215760984,1.4820150010125515,1.0,0.15,0.3,1.7,1.0,-0.15,0.3,1.7,1.0
242,8.0667,1,0.19,-0.1999530678127155,1.6931494536966532,1.0,-0.19,-0.1999530678127155,1.6931494536966532,1.0,0.5,-0.1999530678127155,1.6931494536966532,1.0,-0.49953454194439223,-0.21693285612044505,1.6929167902057938,1.0,0.78,-0.1999530678127155,1.6931494536966532,1.0,-0.6825349534697593,-0.22407120376790918,1.4811152477789022,1.0,0.15,0.3,1.7,1.0,-0.15,0.3,1.7,1.0
243,8.1,1,0.19,-0.19989452522948392,1.6897304505654387,1.0,-0.19,-0.19989452522948392,1.6897304505654387,1.0,0.5,-0.19989452522948392,1.6897304505654387,1.0,-0.498954241979754,-0.22533078490373531,1.68920790248185,1.0,0.78,-0.19989452522948392,1.6897304505654387,1.0,-0.6846946015035672,-0.23633086018328547,1.479972348170904,1.0,0.15,0.3,1.7,1.0,-0.15,0.3,1.7,1.0
244,8.1333,1,0.19,-0.19981279420402753,1.6863189638564013,1.0,-0.19,-0.19981279420402753,1.6863189638564013,1.0,0.5,-0.19981279420402753,1.6863189638564013,1.0,-0.49814465626543347,-0.23366559574800044,1.6853923341125134,1.0,0.78,-0.19981279420402753,1.6863189638564013,1.0,-0.6862995121883111,-0.2486908170415994,1.4785784252047236,1.0,0.15,0.3,1.7,1.0,-0.15,0.3,1.7,1.0
245,8.1667,1,0.19,-0.19970810252488008,1.6829174863973724,1.0,-0.19,-0.19970810252488008,1.6829174863973724,1.0,0.5,-0.19970810252488008,1.6829174863973726,1.0,-0.49710860119849054,-0.24192450146076355,1.681474319465653,1.0,0.78,-0.19970810252488008,1.6829174863973726,1.0,-0.687351141732435,-0.26111413594012406,1.476927176489421,1.0,0.15,0.3,1.7,1.0,-0.15,0.3,1.7,1.0
246,8.2,1,0.19,-0.19958074191963265,1.6795285002252056,1.0,-0.19,-0.19958074191963265,1.6795285002252056,1.0,0.5,-0.19958074191963265,1.6795285002252056,1.0,-0.49584967255142426,-0.25009502841300585,1.677458558136166,1.0,0.78,-0.19958074191963265,1.6795285002252056,1.0,-0.6878532103926605,-0.2735640293949954,1.4750138806330113,1.0,0.15,0.3,1.7,1.0,-0.15,0.3,1.7,1.0
247,8.2333,1,0.19,-0.19943106720280007,1.6761544739485112,1.0,-0.19,-0.19943106720280007,1.6761544739485112,1.0,0.5,-0.19943106720280007,1.6761544739485112,1.0,-0.4943722267939887,-0.25816507425387986,1.6733501964671582,1.0,0.78,-0.19943106720280007,1.6761544739485112,1.0,-0.6878116309073925,-0.28600406730431943,1.4728353905245823,1.0,0.15,0.3,1.7,1.0,-0.15,0.3,1.7,1.0
248,8.2667,1,0.19,-0.19925949524029302,1.6727978601502043,1.0,-0.19,-0.19925949524029302,1.672797860150204,1.0,0.5,-0.19925949524029302,1.6727978601502043,1.0,-0.49268135859724715,-0.2661229629475846,1.669154805953427,1.0,0.78,-0.19925949524029302,1.6727978601502043,1.0,-0.6872344240171503,-0.2983983726971197,1.4703901142669542,1.0,0.15,0.3,1.7,1.0,-0.15,0.3,1.7,1.0
249,8.3,1,0.19,-0.199066503734031,1.669461092837326,1.0,-0.19,-0.199066503734031,1.669461092837326,1.0,0.5,-0.199066503734031,1.669461092837326,1.0,-0.4907828747131201,-0.2739574967007476,1.6648783587439355,1.0,0.78,-0.199066503734031,1.669461092837326,1.0,-0.6861316224793482,-0.31071180536070625,1.4676779846542927,1.0,0.15,0.3,1.7,1.0,-0.15,0.3,1.7,1.0
250,8.3333,1,0.19,-0.19885262983083113,1.6661465849453299,1.0,-0.19,-0.19885262983083113,1.6661465849453299,1.0,0.5,-0.19885262983083113,1.6661465849453299,1.0,-0.4886832644520442,-0.28165800438234306,1.6605272004902445,1.0,0.78,-0.19885262983083113,1.6661465849453299,1.0,-0.6845151650333422,-0.32291013217566517,1.4647004181870058,1.0,0.15,0.3,1.7,1.0,-0.15,0.3,1.7,1.0
251,8.3667,1,0.19,-0.19861846856028964,1.662856725903719,1.0,-0.19,-0.19861846856028964,1.662856725903719,1.0,0.5,-0.19861846856028964,1.662856725903719,1.0,-0.4863896670080011,-0.2892143860759628,1.6561080208146257,1.0,0.78,-0.19861846856028964,1.6628567259037192,1.0,-0.6823987817944135,-0.3349601832270735,1.461460264691786,1.0,0.15,0.3,1.7,1.0,-0.15,0.3,1.7,1.0
252,8.4,1,0.19,-0.19836467110692946,1.6595938792695706,1.0,-0.19,-0.19836467110692946,1.6595938792695704,1.0,0.5,-0.19836467110692946,1.6595938792695706,1.0,-0.4839098359037864,-0.29661715344564327,1.6516278216944527,1.0,0.78,-0.19836467110692946,1.6595938792695706,1.0,-0.6797978725536438,-0.3468299929982101,1.4579617486678838,1.0,0.15,0.3,1.7,1.0,-0.15,0.3,1.7,1.0
253,8.4333,1,0.19,-0.19809194292241988,1.6563603804351044,1.0,-0.19,-0.19809194292241988,1.6563603804351044,1.0,0.5,-0.19809194292241988,1.6563603804351046,1.0,-0.4812521008497336,-0.30385746564075894,1.6470938840781666,1.0,0.78,-0.19809194292241988,1.6563603804351046,1.0,-0.6767293794362979,-0.3584889261846474,1.4542104035122243,1.0,0.15,0.3,1.7,1.0,-0.15,0.3,1.7,1.0
254,8.4667,1,0.19,-0.19780104168417845,1.6531585344150415,1.0,-0.19,-0.19780104168417845,1.6531585344150415,1.0,0.5,-0.19780104168417845,1.6531585344150415,1.0,-0.4784253273259767,-0.31092716051209207,1.642513733062457,1.0,0.78,-0.19780104168417845,1.6531585344150417,1.0,-0.6732116553265073,-0.36990778788843354,1.4502129997867805,1.0,0.15,0.3,1.7,1.0,-0.15,0.3,1.7,1.0
255,8.5,1,0.19,-0.19749277510713886,1.649990613719045,1.0,-0.19,-0.19749277510713886,1.649990613719045,1.0,0.5,-0.19749277510713886,1.6499906137190452,1.0,-0.4754388742115774,-0.3178187809594028,1.6378951019701269,1.0,0.78,-0.19749277510713886,1.6499906137190452,1.0,-0.6692643294031904,-0.381058918160804,1.4459774686830524,1.0,0.15,0.3,1.7,1.0,-0.15,0.3,1.7,1.0
256,8.5333,1,0.19,-0.1971679986159125,1.646858856314076,1.0,-0.19,-0.1971679986159125,1.646858856314076,1.0,0.5,-0.1971679986159125,1.646858856314076,1.0,-0.4723025497933743,-0.32452559627995053,1.6332458956734066,1.0,0.78,-0.1971679986159125,1.646858856314076,1.0,-0.6649081710538622,-0.39191627105474963,1.4415128218122213,1.0,0.15,0.3,1.7,1.0,-0.15,0.3,1.7,1.0
257,8.5667,1,0.19,-0.19682761288497852,1.643765463680991,1.0,-0.19,-0.19682761288497852,1.643765463680991,1.0,0.5,-0.19682761288497852,1.643765463680991,1.0,-0.4690265664931786,-0.3310416184367951,1.6285741535082399,1.0,0.78,-0.19682761288497852,1.643765463680991,1.0,-0.6601649533420213,-0.402455478523634,1.4368290684074227,1.0,0.15,0.3,1.7,1.0,-0.15,0.3,1.7,1.0
258,8.6,1,0.19,-0.1964725612549128,1.6407125989692002,1.0,-0.19,-0.1964725612549128,1.6407125989692002,1.0,0.5,-0.1964725612549128,1.6407125989692004,1.0,-0.46562149465396857,-0.33736161321464814,1.623888012121394,1.0,0.78,-0.1964725612549128,1.6407125989692004,1.0,-0.6550573171029497,-0.41265389965727756,1.4319371309686388,1.0,0.15,0.3,1.7,1.0,-0.15,0.3,1.7,1.0
259,8.6333,1,0.19,-0.19610382703300394,1.6377023852526653,1.0,-0.19,-0.19610382703300394,1.637702385252665,1.0,0.5,-0.19610382703300394,1.6377023852526653,1.0,-0.4620982157240807,-0.343481106278924,1.6191956685843378,1.0,0.78,-0.19610382703300394,1.6377023852526653,1.0,-0.6496086366347736,-0.4224906558814217,1.4268487603130966,1.0,0.15,0.3,1.7,1.0,-0.15,0.3,1.7,1.0
260,8.6667,1,0.19,-0.1957224306869052,1.6347369038899742,1.0,-0.19,-0.1957224306869052,1.6347369038899742,1.0,0.5,-0.1957224306869052,1.6347369038899742,1.0,-0.45846787517317605,-0.3493963841998456,1.6145053440958663,1.0,0.78,-0.1957224306869052,1.6347369038899744,1.0,-0.6438428878392047,-0.4319466528597469,1.421576450916934,1.0,0.15,0.3,1.7,1.0,-0.15,0.3,1.7,1.0
261,8.7,1,0.19,-0.1953294269402362,1.631818192990672,1.0,-0.19,-0.1953294269402362,1.631818192990672,1.0,0.5,-0.1953294269402362,1.631818192990672,1.0,-0.4547418354651371,-0.355104490547453,1.6098252485797906,1.0,0.78,-0.1953294269402362,1.631818192990672,1.0,-0.6377845195520582,-0.44100458992955266,1.4161333573494115,1.0,0.15,0.3,1.7,1.0,-0.15,0.3,1.7,1.0
262,8.7333,1,0.19,-0.194925901779272,1.628948245989459,1.0,-0.19,-0.194925901779272,1.628948245989459,1.0,0.5,-0.194925901779272,1.628948245989459,1.0,-0.45093162940122605,-0.360603217204616,1.6051635464649263,1.0,0.78,-0.194925901779272,1.628948245989459,1.0,-0.6314583286898139,-0.4496489579732436,1.4105332125112127,1.0,0.15,0.3,1.7,1.0,-0.15,0.3,1.7,1.0
263,8.7667,1,0.19,-0.1945129693800483,1.6261290103293085,1.0,-0.19,-0.1945129693800483,1.6261290103293085,1.0,0.5,-0.1945129693800483,1.6261290103293085,1.0,-0.44704891413204695,-0.36589109108327517,1.600528323912544,1.0,0.78,-0.1945129693800483,1.6261290103293085,1.0,-0.6248893397272892,-0.45786602667869,1.4047902482953498,1.0,0.15,0.3,1.7,1.0,-0.15,0.3,1.7,1.0
264,8.8,1,0.19,-0.19409176896535785,1.6233623862539848,1.0,-0.19,-0.19409176896535785,1.6233623862539845,1.0,0.5,-0.19409176896535785,1.6233623862539848,1.0,-0.443105426119382,-0.3709673564636989,1.59592755773178,1.0,0.78,-0.19409176896535785,1.6233623862539848,1.0,-0.6181026889148818,-0.4656438221734292,1.3989191191947543,1.0,0.15,0.3,1.7,1.0,-0.15,0.3,1.7,1.0
265,8.8333,1,0.19,-0.19366346160122822,1.620650225709882,1.0,-0.19,-0.19366346160122822,1.620650225709882,1.0,0.5,-0.19366346160122822,1.620650225709882,1.0,-0.43911293730910267,-0.37583195320732227,1.591369086196682,1.0,0.78,-0.19366346160122822,1.620650225709882,1.0,-0.6111235135434413,-0.4729720960320298,1.392934829286424,1.0,0.15,0.3,1.7,1.0,-0.15,0.3,1.7,1.0
266,8.8667,1,0.19,-0.1932292269425458,1.617994331356554,1.0,-0.19,-0.1932292269425458,1.617994331356554,1.0,0.5,-0.1932292269425458,1.617994331356554,1.0,-0.4350832127544342,-0.38048549112043445,1.586860581950073,1.0,0.78,-0.1932292269425458,1.617994331356554,1.0,-0.6039768464720836,-0.4798422866542574,1.3868526629296036,1.0,0.15,0.3,1.7,1.0,-0.15,0.3,1.7,1.0
267,8.9,1,0.19,-0.19279025993753007,1.6153964556847555,1.0,-0.19,-0.19279025993753007,1.6153964556847555,1.0,0.5,-0.19279025993753007,1.6153964556847555,1.0,-0.43102796990518216,-0.38492922076850616,1.5824095271496639,1.0,0.78,-0.19279025993753007,1.6153964556847555,1.0,-0.5966875160502311,-0.48624747399585283,1.3806881194261016,1.0,0.15,0.3,1.7,1.0,-0.15,0.3,1.7,1.0
268,8.9333,1,0.19,-0.19234776750076754,1.6128583002402972,1.0,-0.19,-0.19234776750076754,1.6128583002402972,1.0,0.5,-0.19234776750076754,1.6128583002402972,1.0,-0.42695883975349314,-0.3891650010592039,1.578023190981357,1.0,0.78,-0.19234776750076754,1.6128583002402974,1.0,-0.5892800514907395,-0.4921823286055342,1.3744568518057354,1.0,0.15,0.3,1.7,1.0,-0.15,0.3,1.7,1.0
269,8.9667,1,0.19,-0.19190296516448319,1.6103815149514944,1.0,-0.19,-0.19190296516448319,1.6103815149514944,1.0,0.5,-0.19190296516448319,1.6103815149514944,1.0,-0.42288733000064205,-0.3931952639260973,1.573708609633847,1.0,0.78,-0.19190296516448319,1.6103815149514944,1.0,-0.5817785936867156,-0.4976430558832206,1.3681746098198888,1.0,0.15,0.3,1.7,1.0,-0.15,0.3,1.7,1.0
270,9.0,1,0.19,-0.1914570737176688,1.6079676975575103,1.0,-0.19,-0.1914570737176688,1.6079676975575101,1.0,0.5,-0.1914570737176688,1.6079676975575103,1.0,-0.41882479038258646,-0.39702297645484036,1.5694725687979245,1.0,0.78,-0.1914570737176688,1.6079676975575103,1.0,-0.5742068114108607,-0.5026273364273839,1.361857187152059,1.0,0.15,0.3,1.7,1.0,-0.15,0.3,1.7,1.0
271,9.0333,1,0.19,-0.1910113158425898,1.6056183931344217,1.0,-0.19,-0.1910113158425898,1.6056183931344217,1.0,0.5,-0.1910113158425898,1.6056183931344217,1.0,-0.4147823802649315,-0.40065160079926126,1.5653215887236829,1.0,0.78,-0.1910113158425898,1.605618393134422,1.0,-0.5665878227930071,-0.5071342632856535,1.3555203727866338,1.0,0.15,0.3,1.7,1.0,-0.15,0.3,1.7,1.0
272,9.0667,1,0.19,-0.19056691275807497,1.603335093715396,1.0,-0.19,-0.19056691275807497,1.6033350937153958,1.0,0.5,-0.19056691275807497,1.603335093715396,1.0,-0.41077103859085473,-0.40408505223656493,1.5612619118395326,1.0,0.78,-0.19056691275807497,1.603335093715396,1.0,-0.558944121938793,-0.5111642768642104,1.3491799064163774,1.0,0.15,0.3,1.7,1.0,-0.15,0.3,1.7,1.0
273,9.1,1,0.19,-0.19012508087883906,1.6011192380009567,1.0,-0.19,-0.19012508087883906,1.6011192380009565,1.0,0.5,-0.19012508087883906,1.6011192380009567,1.0,-0.4068014562387552,-0.40732765570892465,1.5572994929088617,1.0,0.78,-0.19012508087883906,1.6011192380009567,1.0,-0.5512975105298481,-0.5147190981896708,1.3428514377155114,1.0,0.15,0.3,1.7,1.0,-0.15,0.3,1.7,1.0
274,9.1333,1,0.19,-0.18968702849991537,1.5989722111549347,1.0,-0.19,-0.18968702849991537,1.5989722111549347,1.0,0.5,-0.18968702849991537,1.5989722111549347,1.0,-0.4028840508202197,-0.41038410119341745,1.553439991673636,1.0,0.78,-0.18968702849991537,1.5989722111549347,1.0,-0.5436690342329189,-0.5178016611536842,1.3365504892589994,1.0,0.15,0.3,1.7,1.0,-0.15,0.3,1.7,1.0
275,9.1667,1,0.19,-0.18925395251507482,1.5968953446813534,1.0,-0.19,-0.18925395251507482,1.5968953446813534,1.0,0.5,-0.18925395251507482,1.5968953446813534,1.0,-0.39902894392361776,-0.4132593982338357,1.5496887679095062,1.0,0.78,-0.18925395251507482,1.5968953446813536,1.0,-0.5360789237414055,-0.5204160443066599,1.3302924228297224,1.0,0.15,0.3,1.7,1.0,-0.15,0.3,1.7,1.0
276,9.2,1,0.19,-0.18882703517788768,1.5948899163771801,1.0,-0.19,-0.18882703517788768,1.5948899163771801,1.0,0.5,-0.18882703517788768,1.5948899163771801,1.0,-0.3952459407844966,-0.415958829956734,1.5460508787942489,1.0,0.78,-0.18882703517788768,1.5948899163771801,1.0,-0.5285465402770512,-0.5225674027041096,1.324092408823641,1.0,0.15,0.3,1.7,1.0,-0.15,0.3,1.7,1.0
277,9.2333,1,0.19,-0.18840744091384082,1.5929571503556026,1.0,-0.19,-0.18840744091384082,1.5929571503556024,1.0,0.5,-0.18840744091384082,1.5929571503556026,1.0,-0.3915445123411706,-0.4184879068804915,1.542531078470826,1.0,0.78,-0.18840744091384082,1.5929571503556026,1.0,-0.5210903253910888,-0.5242619002480435,1.317965398438643,1.0,0.15,0.3,1.7,1.0,-0.15,0.3,1.7,1.0
278,9.2667,1,0.19,-0.18799631319166793,1.5910982171342474,1.0,-0.19,-0.18799631319166793,1.5910982171342472,1.0,0.5,-0.18799631319166793,1.5910982171342474,1.0,-0.3879337796126908,-0.4208523208105746,1.5391338196681124,1.0,0.78,-0.18799631319166793,1.5910982171342474,1.0,-0.5137277549220993,-0.5255066429075208,1.311926098315416,1.0,0.15,0.3,1.7,1.0,-0.15,0.3,1.7,1.0
279,9.3,1,0.19,-0.1875947714617715,1.5893142337825554,1.0,-0.19,-0.1875947714617715,1.5893142337825552,1.0,0.5,-0.1875947714617715,1.5893142337825554,1.0,-0.3844225003168994,-0.42305789909692876,1.53586325722651,1.0,0.78,-0.1875947714617715,1.5893142337825554,1.0,-0.5064752969910796,-0.5263096131474345,1.3059889472881356,1.0,0.15,0.3,1.7,1.0,-0.15,0.3,1.7,1.0
280,9.3333,1,0.19,-0.18720390816932997,1.587606264122367,1.0,-0.19,-0.18720390816932997,1.587606264122367,1.0,0.5,-0.18720390816932997,1.587606264122367,1.0,-0.3810190576286628,-0.42511055951091153,1.5327232533622717,1.0,0.78,-0.18720390816932997,1.5876062641223672,1.0,-0.49934837394172005,-0.5266796058434409,1.3001680948987686,1.0,0.15,0.3,1.7,1.0,-0.15,0.3,1.7,1.0
281,9.3667,1,0.19000000000000003,-0.18682478584938067,1.5859753189756505,1.0,-0.18999999999999997,-0.18682478584938067,1.5859753189756505,1.0,0.5,-0.18682478584938067,1.5859753189756505,1.0,-0.37773145096275074,-0.42701626597974557,1.5297173844934386,1.0,0.78,-0.18682478584938067,1.5859753189756507,1.0,-0.4923613281645236,-0.5266261659138205,1.2944773813310726,1.0,0.15,0.3,1.7,1.0,-0.15,0.3,1.7,1.0
282,9.4,1,0.19000000000000003,-0.1864584343108605,1.5844223564532214,1.0,-0.18999999999999997,-0.1864584343108605,1.5844223564532212,1.0,0.5,-0.1864584343108605,1.5844223564532214,1.0,-0.37456728865225813,-0.42878098539649584,1.5268489494417923,1.0,0.78,-0.1864584343108605,1.5844223564532214,1.0,-0.4855273917760481,-0.5261595278562226,1.2889303184286303,1.0,0.15,0.3,1.7,1.0,-0.15,0.3,1.7,1.0
283,9.4333,1,0.19000000000000003,-0.18610584791626444,1.5829482822782612,1.0,-0.18999999999999997,-0.18610584791626444,1.5829482822782612,1.0,0.5,-0.18610584791626444,1.5829482822782612,1.0,-0.3715337823820116,-0.430410645703381,1.5241209788190977,1.0,0.78,-0.18610584791626444,1.5829482822782612,1.0,-0.4788586601581168,-0.5252905573386124,1.283540071475155,1.0,0.15,0.3,1.7,1.0,-0.15,0.3,1.7,1.0
284,9.4667,1,0.19000000000000003,-0.18576798296325997,1.581553950138445,1.0,-0.18999999999999997,-0.18576798296325997,1.581553950138445,1.0,0.5,-0.18576798296325997,1.581553950138445,1.0,-0.3686377432270961,-0.4319110954261352,1.5215362454021055,1.0,0.78,-0.18576798296325997,1.581553950138445,1.0,-0.4723660693952246,-0.5240306949592459,1.278319441434498,1.0,0.15,0.3,1.7,1.0,-0.15,0.3,1.7,1.0
285,9.5,1,0.19000000000000003,-0.1854457551742616,1.5802401620605186,1.0,-0.18999999999999997,-0.1854457551742616,1.5802401620605184,1.0,0.5,-0.1854457551742616,1.5802401620605186,1.0,-0.3658855791394688,-0.43328806481742727,1.519097275299139,1.0,0.78,-0.1854457551742616,1.5802401620605186,1.0,-0.4660593776805076,-0.5223919022598678,1.2732808473719344,1.0,0.15,0.3,1.7,1.0,-0.15,0.3,1.7,1.0
286,9.5333,1,0.19000000000000003,-0.18514003729963657,1.579007668801253,1.0,-0.18999999999999997,-0.18514003729963657,1.5790076688012529,1.0,0.5,-0.18514003729963657,1.579007668801253,1.0,-0.3632832937205931,-0.43454712874827334,1.51680635971154,1.0,0.78,-0.18514003729963657,1.579007668801253,1.0,-0.4599471507905291,-0.5203866100492756,1.2684363088069714,1.0,0.15,0.3,1.7,1.0,-0.15,0.3,1.7,1.0
287,9.5667,1,0.19000000000000003,-0.18485165683987603,1.5778571702488144,1.0,-0.18999999999999997,-0.18485165683987603,1.5778571702488144,1.0,0.5,-0.18485165683987603,1.5778571702488144,1.0,-0.3608364861150761,-0.43569367146817556,1.5146655670956313,1.0,0.78,-0.18485165683987603,1.5778571702488147,1.0,-0.45403675175581676,-0.5180276690705243,1.2637974277807478,1.0,0.15,0.3,1.7,1.0,-0.15,0.3,1.7,1.0
288,9.6,1,0.19000000000000003,-0.18458139389172834,1.5767893158287414,1.0,-0.18999999999999997,-0.18458139389172834,1.5767893158287414,1.0,0.5,-0.18458139389172834,1.5767893158287414,1.0,-0.3585503518593758,-0.43673285333756157,1.5126767555350127,1.0,0.78,-0.18458139389172834,1.5767893158287414,1.0,-0.4483343348766544,-0.5153283030239204,1.2593753704575676,1.0,0.15,0.3,1.7,1.0,-0.15,0.3,1.7,1.0
289,9.6333,1,0.19000000000000003,-0.1843299791229508,1.5758047049089134,1.0,-0.18999999999999997,-0.1843299791229508,1.5758047049089134,1.0,0.5,-0.1843299791229508,1.5758047049089137,1.0,-0.35642968452068113,-0.43766957962015646,1.5108415851388255,1.0,0.78,-0.1843299791229508,1.5758047049089137,1.0,-0.4428448442512889,-0.5123020639391365,1.2551808481198012,1.0,0.15,0.3,1.7,1.0,-0.15,0.3,1.7,1.0
290,9.6667,1,0.19000000000000003,-0.18409809188000237,1.5749038871981194,1.0,-0.18999999999999997,-0.18409809188000237,1.5749038871981194,1.0,0.5,-0.18409809188000237,1.5749038871981194,1.0,-0.3544788779639795,-0.4385084714083007,1.5091615302889123,1.0,0.78,-0.18409809188000237,1.5749038871981196,1.0,-0.4375720169957321,-0.5089627898728115,1.2512240974577096,1.0,0.15,0.3,1.7,1.0,-0.15,0.3,1.7,1.0
291,9.7,1,0.19000000000000003,-0.18388635843266005,1.5740873631330865,1.0,-0.18999999999999997,-0.18388635843266005,1.5740873631330863,1.0,0.5,-0.18388635843266005,1.5740873631330865,1.0,-0.3527019290900024,-0.4392538387410105,1.5076378915674218,1.0,0.78,-0.18388635843266005,1.5740873631330865,1.0,-0.4325183913400764,-0.5053245648924076,1.2475148601001762,1.0,0.15,0.3,1.7,1.0,-0.15,0.3,1.7,1.0
292,9.7333,1,0.19000000000000003,-0.1836953503592112,1.5733555842491271,1.0,-0.18999999999999997,-0.1836953503592112,1.5733555842491271,1.0,0.5,-0.1836953503592112,1.5733555842491271,1.0,-0.35110244089307974,-0.43990965596283976,1.506271807206222,1.0,0.78,-0.1836953503592112,1.5733555842491271,1.0,-0.42768531978519386,-0.5014016812925117,1.2440623613781765,1.0,0.15,0.3,1.7,1.0,-0.15,0.3,1.7,1.0
293,9.7667,1,0.19000000000000003,-0.18352558307553934,1.5727089535298742,1.0,-0.18999999999999997,-0.18352558307553934,1.5727089535298742,1.0,0.5,-0.18352558307553934,1.5727089535298742,1.0,-0.3496836256958154,-0.44047953936131784,1.5050642639103264,1.0,0.78,-0.18352558307553934,1.5727089535298742,1.0,-0.4230729874954325,-0.49720860397577976,1.240875288359466,1.0,0.15,0.3,1.7,1.0,-0.15,0.3,1.7,1.0
294,9.8,1,0.19000000000000003,-0.18337751451109574,1.5721478257319201,1.0,-0.18999999999999997,-0.18337751451109574,1.5721478257319201,1.0,0.5,-0.18337751451109574,1.5721478257319201,1.0,-0.34844830842680347,-0.4409667271119357,1.5040161069192857,1.0,0.78,-0.18337751451109574,1.5721478257319201,1.0,-0.41868043608720285,-0.4927599369170759,1.2379617672396366,1.0,0.15,0.3,1.7,1.0,-0.15,0.3,1.7,1.0
295,9.8333,1,0.19000000000000003,-0.18325154393442084,1.57167250768055,1.0,-0.18999999999999997,-0.18325154393442084,1.5716725076805498,1.0,0.5,-0.18325154393442084,1.57167250768055,1.0,-0.34739892981819176,-0.4413740615522537,1.5031280491830212,1.0,0.78,-0.18325154393442084,1.57167250768055,1.0,-0.4145055929499648,-0.4880703916157822,1.2353293402206424,1.0,0.15,0.3,1.7,1.0,-0.15,0.3,1.7,1.0
296,9.8667,1,0.19000000000000003,-0.18314801093055894,1.5712832585331475,1.0,-0.18999999999999997,-0.18314801093055894,1.5712832585331475,1.0,0.5,-0.18314801093055894,1.5712832585331475,1.0,-0.34653754941166426,-0.4417039738006577,1.5024006795417444,1.0,0.78,-0.18314801093055894,1.5712832585331478,1.0,-0.4105453062051447,-0.4831547574276422,1.2329849420523105,1.0,0.15,0.3,1.7,1.0,-0.15,0.3,1.7,1.0
297,9.9,1,0.19000000000000003,-0.1830671945323885,1.5709802900072725,1.0,-0.18999999999999997,-0.1830671945323885,1.5709802900072722,1.0,0.5,-0.1830671945323885,1.5709802900072725,1.0,-0.345865848274185,-0.4419584707304806,1.5018344698133377,1.0,0.78,-0.1830671945323885,1.5709802900072725,1.0,-0.40679538537000787,-0.47802787365381266,1.2309348764543901,1.0,0.15,0.3,1.7,1.0,-0.15,0.3,1.7,1.0
298,9.9333,1,0.19000000000000003,-0.1830093125075758,1.5707637665708296,1.0,-0.18999999999999997,-0.1830093125075758,1.5707637665708296,1.0,0.5,-0.1830093125075758,1.5707637665708296,1.0,-0.34538513133852533,-0.4421391243065434,1.5014297807057368,1.0,0.78,-0.1830093125075758,1.5707637665708296,1.0,-0.4032506477478149,-0.4727046032510313,1.2291847926755064,1.0,0.15,0.3,1.7,1.0,-0.15,0.3,1.7,1.0
299,9.9667,1,0.19000000000000003,-0.18297452080254323,1.5706338055922116,1.0,-0.18999999999999997,-0.18297452080254323,1.5706338055922113,1.0,0.5,-0.18297452080254323,1.5706338055922116,1.0,-0.3450963292980147,-0.44224706328846614,1.501186866486394,1.0,0.78,-0.18297452080254323,1.5706338055922116,1.0,-0.3999049705131553,-0.46719980801320266,1.227739662480114,1.0,0.15,0.3,1.7,1.0,-0.15,0.3,1.7,1.0
300,10.0,1,0.19000000000000003,-0.18296291314453417,1.5705904774487396,1.0,-0.18999999999999997,-0.18296291314453417,1.5705904774487396,1.0,0.5,-0.18296291314453417,1.5705904774487396,1.0,-0.34500000000000003,-0.4422829673032546,1.5011058783557154,1.0,0.78,-0.18296291314453417,1.5705904774487396,1.0,-0.3967513484027615,-0.46152832506140967,1.2266037578843854,1.0,0.15,0.3,1.7,1.0,-0.15,0.3,1.7,1.0
301,10.0333,1,0.19000000000000003,-0.18297452080254323,1.5706338055922116,1.0,-0.18999999999999997,-0.18297452080254323,1.5706338055922113,1.0,0.5,-0.18297452080254323,1.5706338055922116,1.0,-0.3450963292980147,-0.44224706328846614,1.501186866486394,1.0,0.78,-0.18297452080254323,1.5706338055922116,1.0,-0.39378195685816136,-0.4557049444668068,1.2257806299860847,1.0,0.15,0.3,1.7,1.0,-0.15,0.3,1.7,1.0
302,10.0667,1,0.19000000000000003,-0.1830093125075758,1.5707637665708296,1.0,-0.18999999999999997,-0.1830093125075758,1.5707637665708296,1.0,0.5,-0.1830093125075758,1.5707637665708296,1.0,-0.34538513133852533,-0.4421391243065434,1.5014297807057368,1.0,0.78,-0.1830093125075758,1.5707637665708296,1.0,-0.3909882203981345,-0.44974438781936993,1.22527308925119,1.0,0.15,0.3,1.7,1.0,-0.15,0.3,1.7,1.0
303,10.1,1,0.19000000000000003,-0.1830671945323885,1.5709802900072725,1.0,-0.18999999999999997,-0.1830671945323885,1.5709802900072722,1.0,0.5,-0.1830671945323885,1.5709802900072725,1.0,-0.345865848274185,-0.4419584707304806,1.5018344698133377,1.0,0.78,-0.1830671945323885,1.5709802900072725,1.0,-0.38836088592716284,-0.44366128754562567,1.2250831876306418,1.0,0.15,0.3,1.7,1.0,-0.15,0.3,1.7,1.0
304,10.1333,1,0.19000000000000003,-0.18314801093055894,1.5712832585331475,1.0,-0.18999999999999997,-0.18314801093055894,1.5712832585331475,1.0,0.5,-0.18314801093055894,1.5712832585331475,1.0,-0.34653754941166426,-0.4417039738006577,1.5024006795417444,1.0,0.78,-0.18314801093055894,1.5712832585331478,1.0,-0.3858901006121444,-0.43747016677075284,1.225212202883628,1.0,0.15,0.3,1.7,1.0,-0.15,0.3,1.7,1.0
305,10.1667,1,0.19000000000000003,-0.18325154393442084,1.57167250768055,1.0,-0.18999999999999997,-0.18325154393442084,1.5716725076805498,1.0,0.5,-0.18325154393442084,1.57167250768055,1.0,-0.34739892981819176,-0.4413740615522537,1.5031280491830212,1.0,0.78,-0.18325154393442084,1.57167250768055,1.0,-0.38356549388486466,-0.4311854195154053,1.225660625478803,1.0,0.15,0.3,1.7,1.0,-0.15,0.3,1.7,1.0
306,10.2,1,0.19000000000000003,-0.18337751451109569,1.5721478257319201,1.0,-0.18999999999999997,-0.18337751451109569,1.5721478257319201,1.0,0.5,-0.18337751451109569,1.5721478257319201,1.0,-0.3484483084268034,-0.4409667271119356,1.5040161069192857,1.0,0.78,-0.18337751451109569,1.5721478257319201,1.0,-0.38137626305357236,-0.4248212910158636,1.2264281484315926,1.0,0.15,0.3,1.7,1.0,-0.15,0.3,1.7,1.0
307,10.2333,1,0.19000000000000003,-0.18352558307553934,1.5727089535298742,1.0,-0.18999999999999997,-0.18352558307553934,1.5727089535298742,1.0,0.5,-0.18352558307553934,1.5727089535298742,1.0,-0.3496836256958154,-0.44047953936131784,1.5050642639103264,1.0,0.78,-0.18352558307553934,1.5727089535298742,1.0,-0.3793112619349614,-0.41839185795815853,1.227513660414111,1.0,0.15,0.3,1.7,1.0,-0.15,0.3,1.7,1.0
308,10.2667,1,0.19000000000000003,-0.1836953503592112,1.5733555842491271,1.0,-0.18999999999999997,-0.1836953503592112,1.5733555842491271,1.0,0.5,-0.1836953503592112,1.5733555842491271,1.0,-0.35110244089307974,-0.43990965596283976,1.506271807206222,1.0,0.78,-0.1836953503592112,1.5733555842491271,1.0,-0.377359091849543,-0.4119110084232532,1.2289152424443537,1.0,0.15,0.3,1.7,1.0,-0.15,0.3,1.7,1.0
309,10.3,1,0.19000000000000003,-0.18388635843266005,1.5740873631330865,1.0,-0.18999999999999997,-0.18388635843266005,1.5740873631330863,1.0,0.5,-0.18388635843266005,1.5740873631330865,1.0,-0.3527019290900024,-0.4392538387410105,1.5076378915674218,1.0,0.78,-0.18388635843266005,1.5740873631330865,1.0,-0.37550819426034493,-0.40539242135152226,1.2306301684235446,1.0,0.15,0.3,1.7,1.0,-0.15,0.3,1.7,1.0
310,10.3333,1,0.19000000000000003,-0.18409809188000237,1.5749038871981194,1.0,-0.18999999999999997,-0.18409809188000237,1.5749038871981194,1.0,0.5,-0.18409809188000237,1.5749038871981194,1.0,-0.3544788779639795,-0.4385084714083007,1.5091615302889123,1.0,0.78,-0.18409809188000237,1.5749038871981196,1.0,-0.37374694427876437,-0.39884954535113176,1.2326549097452424,1.0,0.15,0.3,1.7,1.0,-0.15,0.3,1.7,1.0
311,10.3667,1,0.19000000000000003,-0.1843299791229508,1.5758047049089134,1.0,-0.18999999999999997,-0.1843299791229508,1.5758047049089134,1.0,0.5,-0.1843299791229508,1.5758047049089137,1.0,-0.35642968452068113,-0.43766957962015646,1.5108415851388255,1.0,0.78,-0.1843299791229508,1.5758047049089137,1.0,-0.3720637442137081,-0.3922955766965946,1.23498514414785,1.0,0.15,0.3,1.7,1.0,-0.15,0.3,1.7,1.0
312,10.4,1,0.19000000000000003,-0.18458139389172834,1.5767893158287414,1.0,-0.18999999999999997,-0.18458139389172834,1.5767893158287414,1.0,0.5,-0.18458139389172834,1.5767893158287414,1.0,-0.3585503518593758,-0.43673285333756157,1.5126767555350127,1.0,0.78,-0.18458139389172834,1.5767893158287414,1.0,-0.3704471163024205,-0.3857434363909534,1.237615768924349,1.0,0.15,0.3,1.7,1.0,-0.15,0.3,1.7,1.0
313,10.4333,1,0.19000000000000003,-0.18485165683987603,1.5778571702488144,1.0,-0.18999999999999997,-0.18485165683987603,1.5778571702488144,1.0,0.5,-0.18485165683987603,1.5778571702488144,1.0,-0.3608364861150761,-0.43569367146817556,1.5146655670956313,1.0,0.78,-0.18485165683987603,1.5778571702488147,1.0,-0.3688857937349046,-0.3792057461975417,1.2405409185405247,1.0,0.15,0.3,1.7,1.0,-0.15,0.3,1.7,1.0
314,10.4667,1,0.19000000000000003,-0.18514003729963657,1.579007668801253,1.0,-0.18999999999999997,-0.18514003729963657,1.5790076688012529,1.0,0.5,-0.18514003729963657,1.579007668801253,1.0,-0.3632832937205931,-0.43454712874827334,1.51680635971154,1.0,0.78,-0.18514003729963657,1.579007668801253,1.0,-0.36736880906985414,-0.3726948035849716,1.243753986646913,1.0,0.15,0.3,1.7,1.0,-0.15,0.3,1.7,1.0
315,10.5,1,0.19000000000000003,-0.1854457551742616,1.5802401620605186,1.0,-0.18999999999999997,-0.1854457551742616,1.5802401620605184,1.0,0.5,-0.1854457551742616,1.5802401620605186,1.0,-0.3658855791394688,-0.43328806481742727,1.519097275299139,1.0,0.78,-0.1854457551742616,1.5802401620605186,1.0,-0.3658855791394688,-0.3662225555713177,1.2472476524015523,1.0,0.15,0.3,1.7,1.0,-0.15,0.3,1.7,1.0
316,10.5333,1,0.19000000000000003,-0.18576798296325997,1.581553950138445,1.0,-0.18999999999999997,-0.18576798296325997,1.581553950138445,1.0,0.5,-0.18576798296325997,1.581553950138445,1.0,-0.3686377432270961,-0.4319110954261352,1.5215362454021055,1.0,0.78,-0.18576798296325997,1.581553950138445,1.0,-0.36442598555420413,-0.3598005714998816,1.2510139109519052,1.0,0.15,0.3,1.7,1.0,-0.15,0.3,1.7,1.0
317,10.5667,1,0.19000000000000003,-0.18610584791626444,1.5829482822782612,1.0,-0.18999999999999997,-0.18610584791626444,1.5829482822782612,1.0,0.5,-0.18610584791626444,1.5829482822782612,1.0,-0.3715337823820116,-0.430410645703381,1.5241209788190977,1.0,0.78,-0.18610584791626444,1.5829482822782612,1.0,-0.3629804499469282,-0.3534400148285764,1.2550441078565613,1.0,0.15,0.3,1.7,1.0,-0.15,0.3,1.7,1.0
318,10.6,1,0.19000000000000003,-0.1864584343108605,1.5844223564532212,1.0,-0.18999999999999997,-0.1864584343108605,1.5844223564532212,1.0,0.5,-0.1864584343108605,1.5844223564532214,1.0,-0.3745672886522581,-0.42878098539649595,1.5268489494417923,1.0,0.78,-0.1864584343108605,1.5844223564532214,1.0,-0.36154000313926626,-0.3471516140668301,1.259328977162176,1.0,0.15,0.3,1.7,1.0,-0.15,0.3,1.7,1.0
319,10.6333,1,0.19000000000000003,-0.18682478584938067,1.5859753189756505,1.0,-0.18999999999999997,-0.18682478584938067,1.5859753189756505,1.0,0.5,-0.18682478584938067,1.5859753189756505,1.0,-0.37773145096275074,-0.42701626597974557,1.5297173844934386,1.0,0.78,-0.18682478584938067,1.5859753189756505,1.0,-0.3600963474710687,-0.3409456330468888,1.2638586827901181,1.0,0.15,0.3,1.7,1.0,-0.15,0.3,1.7,1.0
320,10.6667,1,0.19,-0.18720390816932997,1.587606264122367,1.0,-0.19,-0.18720390816932997,1.587606264122367,1.0,0.5,-0.18720390816932997,1.587606264122367,1.0,-0.3810190576286628,-0.42511055951091153,1.5327232533622717,1.0,0.78,-0.18720390816932997,1.5876062641223672,1.0,-0.35864191160640707,-0.3348318407691107,1.2686228628320084,1.0,0.15,0.3,1.7,1.0,-0.15,0.3,1.7,1.0
321,10.7,1,0.19,-0.1875947714617715,1.5893142337825554,1.0,-0.19,-0.1875947714617715,1.5893142337825552,1.0,0.5,-0.1875947714617715,1.5893142337825554,1.0,-0.3844225003168994,-0.42305789909692876,1.53586325722651,1.0,0.78,-0.1875947714617715,1.5893142337825554,1.0,-0.3571698972155836,-0.32881948111194287,1.2736106763051982,1.0,0.15,0.3,1.7,1.0,-0.15,0.3,1.7,1.0
322,10.7333,1,0.19,-0.18799631319166793,1.5910982171342474,1.0,-0.19,-0.18799631319166793,1.5910982171342472,1.0,0.5,-0.18799631319166793,1.5910982171342474,1.0,-0.3879337796126907,-0.4208523208105746,1.5391338196681124,1.0,0.78,-0.18799631319166793,1.5910982171342474,1.0,-0.3556743170311576,-0.32291724274525885,1.2788108518794612,1.0,0.15,0.3,1.7,1.0,-0.15,0.3,1.7,1.0
323,10.7667,1,0.19,-0.18840744091384082,1.5929571503556026,1.0,-0.19,-0.18840744091384082,1.5929571503556024,1.0,0.5,-0.18840744091384082,1.5929571503556026,1.0,-0.3915445123411706,-0.4184879068804915,1.542531078470826,1.0,0.78,-0.18840744091384082,1.5929571503556026,1.0,-0.3541500238855095,-0.3171332296290614,1.2842117380559088,1.0,0.15,0.3,1.7,1.0,-0.15,0.3,1.7,1.0
324,10.8,1,0.19,-0.18882703517788768,1.5948899163771801,1.0,-0.19,-0.18882703517788768,1.5948899163771801,1.0,0.5,-0.18882703517788768,1.5948899163771801,1.0,-0.39524594078449654,-0.415958829956734,1.5460508787942489,1.0,0.78,-0.18882703517788768,1.5948899163771801,1.0,-0.35259273045626865,-0.31147493251680686,1.2898013542591604,1.0,0.15,0.3,1.7,1.0,-0.15,0.3,1.7,1.0
325,10.8333,1,0.19,-0.18925395251507482,1.5968953446813534,1.0,-0.19,-0.18925395251507482,1.5968953446813534,1.0,0.5,-0.18925395251507482,1.5968953446813534,1.0,-0.39902894392361776,-0.4132593982338357,1.5496887679095062,1.0,0.78,-0.18925395251507482,1.5968953446813536,1.0,-0.35099901957194185,-0.3059492019122641,1.2955674422947556,1.0,0.15,0.3,1.7,1.0,-0.15,0.3,1.7,1.0
326,10.8667,1,0.19,-0.18968702849991537,1.5989722111549347,1.0,-0.19,-0.18968702849991537,1.5989722111549347,1.0,0.5,-0.18968702849991537,1.5989722111549347,1.0,-0.4028840508202196,-0.41038410119341756,1.553439991673636,1.0,0.78,-0.18968702849991537,1.5989722111549347,1.0,-0.34936634506109215,-0.30056222294965157,1.301497517625906,1.0,0.15,0.3,1.7,1.0,-0.15,0.3,1.7,1.0
327,10.9,1,0.19,-0.19012508087883906,1.6011192380009567,1.0,-0.19,-0.19012508087883906,1.6011192380009565,1.0,0.5,-0.19012508087883906,1.6011192380009567,1.0,-0.4068014562387552,-0.40732765570892465,1.5572994929088617,1.0,0.78,-0.19012508087883906,1.6011192380009567,1.0,-0.34769302326195783,-0.2953194926776012,1.307578919937038,1.0,0.15,0.3,1.7,1.0,-0.15,0.3,1.7,1.0
328,10.9333,1,0.19,-0.19056691275807497,1.603335093715396,1.0,-0.19,-0.19056691275807497,1.6033350937153958,1.0,0.5,-0.19056691275807497,1.603335093715396,1.0,-0.41077103859085473,-0.40408505223656493,1.5612619118395326,1.0,0.78,-0.19056691275807497,1.603335093715396,1.0,-0.3459782154428847,-0.29022580022736205,1.3137988624757524,1.0,0.15,0.3,1.7,1.0,-0.15,0.3,1.7,1.0
329,10.9667,1,0.19,-0.1910113158425898,1.6056183931344217,1.0,-0.19,-0.1910113158425898,1.6056183931344217,1.0,0.5,-0.1910113158425898,1.6056183931344217,1.0,-0.4147823802649315,-0.40065160079926126,1.5653215887236829,1.0,0.78,-0.1910113158425898,1.605618393134422,1.0,-0.3442219015147629,-0.2852852103339087,1.320144479699323,1.0,0.15,0.3,1.7,1.0,-0.15,0.3,1.7,1.0
330,11.0,1,0.19,-0.19145707371766874,1.6079676975575103,1.0,-0.19,-0.19145707371766874,1.6079676975575101,1.0,0.5,-0.19145707371766874,1.6079676975575103,1.0,-0.41882479038258646,-0.39702297645484025,1.5694725687979245,1.0,0.78,-0.19145707371766874,1.6079676975575103,1.0,-0.3424248455420829,-0.28050105065484005,1.3266028727956707,1.0,0.15,0.3,1.7,1.0,-0.15,0.3,1.7,1.0
331,11.0333,1,0.19,-0.19190296516448319,1.6103815149514944,1.0,-0.19,-0.19190296516448319,1.6103815149514942,1.0,0.5,-0.19190296516448319,1.6103815149514944,1.0,-0.42288733000064205,-0.39319526392609744,1.5737086096338468,1.0,0.78,-0.19190296516448319,1.6103815149514944,1.0,-0.3405885536767292,-0.27587590329609885,1.3331611527008023,1.0,0.15,0.3,1.7,1.0,-0.15,0.3,1.7,1.0
332,11.0667,1,0.19,-0.19234776750076754,1.6128583002402972,1.0,-0.19,-0.19234776750076754,1.6128583002402972,1.0,0.5,-0.19234776750076754,1.6128583002402972,1.0,-0.42695883975349314,-0.3891650010592039,1.578023190981357,1.0,0.78,-0.19234776750076754,1.6128583002402974,1.0,-0.3387152252456849,-0.27141160090586064,1.339806480293538,1.0,0.15,0.3,1.7,1.0,-0.15,0.3,1.7,1.0
333,11.1,1,0.19,-0.19279025993753007,1.6153964556847555,1.0,-0.19,-0.19279025993753007,1.6153964556847555,1.0,0.5,-0.19279025993753007,1.6153964556847555,1.0,-0.4310279699051821,-0.3849292207685063,1.5824095271496639,1.0,0.78,-0.19279025993753007,1.6153964556847555,1.0,-0.33680769781815706,-0.2671092276390294,1.346526103512442,1.0,0.15,0.3,1.7,1.0,-0.15,0.3,1.7,1.0
334,11.1333,1,0.19,-0.1932292269425458,1.617994331356554,1.0,-0.19,-0.1932292269425458,1.617994331356554,1.0,0.5,-0.1932292269425458,1.617994331356554,1.0,-0.4350832127544342,-0.38048549112043445,1.586860581950073,1.0,0.78,-0.1932292269425458,1.617994331356554,1.0,-0.33486938715725295,-0.26296912522563315,1.3533073912074565,1.0,0.15,0.3,1.7,1.0,-0.15,0.3,1.7,1.0
335,11.1667,1,0.19,-0.19366346160122822,1.620650225709882,1.0,-0.19,-0.19366346160122822,1.620650225709882,1.0,0.5,-0.19366346160122822,1.620650225709882,1.0,-0.4391129373091026,-0.3758319532073224,1.5913690861966818,1.0,0.78,-0.19366346160122822,1.620650225709882,1.0,-0.33290422302446254,-0.2589909042982416,1.3601378636080586,1.0,0.15,0.3,1.7,1.0,-0.15,0.3,1.7,1.0
336,11.2,1,0.19,-0.19409176896535785,1.6233623862539848,1.0,-0.19,-0.19409176896535785,1.6233623862539845,1.0,0.5,-0.19409176896535785,1.6233623862539848,1.0,-0.443105426119382,-0.3709673564636989,1.59592755773178,1.0,0.78,-0.19409176896535785,1.6233623862539848,1.0,-0.33091658185053885,-0.2551734610480128,1.3670052193589544,1.0,0.15,0.3,1.7,1.0,-0.15,0.3,1.7,1.0
337,11.2333,1,0.19,-0.1945129693800483,1.6261290103293085,1.0,-0.19,-0.1945129693800483,1.6261290103293085,1.0,0.5,-0.1945129693800483,1.6261290103293085,1.0,-0.44704891413204695,-0.36589109108327517,1.600528323912544,1.0,0.78,-0.1945129693800483,1.6261290103293085,1.0,-0.3289112173128929,-0.2515149991878645,1.3738973591416235,1.0,0.15,0.3,1.7,1.0,-0.15,0.3,1.7,1.0
338,11.2667,1,0.19,-0.194925901779272,1.628948245989459,1.0,-0.19,-0.194925901779272,1.628948245989459,1.0,0.5,-0.194925901779272,1.628948245989459,1.0,-0.45093162940122605,-0.360603217204616,1.6051635464649263,1.0,0.78,-0.194925901779272,1.628948245989459,1.0,-0.32689318986685345,-0.24801305710673033,1.3808024059637016,1.0,0.15,0.3,1.7,1.0,-0.15,0.3,1.7,1.0
339,11.3,1,0.19,-0.1953294269402362,1.631818192990672,1.0,-0.19,-0.1953294269402362,1.6318181929906719,1.0,0.5,-0.1953294269402362,1.631818192990672,1.0,-0.4547418354651371,-0.355104490547453,1.6098252485797906,1.0,0.78,-0.1953294269402362,1.631818192990672,1.0,-0.32486779626594936,-0.24466454000306875,1.3877087222566873,1.0,0.15,0.3,1.7,1.0,-0.15,0.3,1.7,1.0
340,11.3333,1,0.19,-0.1957224306869052,1.6347369038899742,1.0,-0.19,-0.1957224306869052,1.6347369038899742,1.0,0.5,-0.1957224306869052,1.6347369038899742,1.0,-0.45846787517317605,-0.3493963841998456,1.6145053440958663,1.0,0.78,-0.1957224306869052,1.6347369038899744,1.0,-0.32284050007514503,-0.24146575669112352,1.3946049239744132,1.0,0.15,0.3,1.7,1.0,-0.15,0.3,1.7,1.0
341,11.3667,1,0.19,-0.19610382703300394,1.637702385252665,1.0,-0.19,-0.19610382703300394,1.637702385252665,1.0,0.5,-0.19610382703300394,1.6377023852526653,1.0,-0.46209821572408066,-0.343481106278924,1.6191956685843376,1.0,0.78,-0.19610382703300394,1.6377023852526653,1.0,-0.32081686413149296,-0.2384124606822881,1.4014798919289466,1.0,0.15,0.3,1.7,1.0,-0.15,0.3,1.7,1.0
342,11.4,1,0.19,-0.1964725612549128,1.6407125989692002,1.0,-0.19,-0.1964725612549128,1.6407125989692002,1.0,0.5,-0.1964725612549128,1.6407125989692004,1.0,-0.46562149465396857,-0.33736161321464814,1.623888012121394,1.0,0.78,-0.1964725612549128,1.6407125989692004,1.0,-0.3188024858401798,-0.23549989505859298,1.4083227806362748,1.0,0.15,0.3,1.7,1.0,-0.15,0.3,1.7,1.0
343,11.4333,1,0.19,-0.19682761288497852,1.643765463680991,1.0,-0.19,-0.19682761288497852,1.643765463680991,1.0,0.5,-0.19682761288497852,1.643765463680991,1.0,-0.46902656649317853,-0.3310416184367952,1.6285741535082396,1.0,0.78,-0.19682761288497852,1.643765463680991,1.0,-0.31680293611207405,-0.232722840578161,1.4151230249706248,1.0,0.15,0.3,1.7,1.0,-0.15,0.3,1.7,1.0
344,11.4667,1,0.19,-0.1971679986159125,1.646858856314076,1.0,-0.19,-0.1971679986159125,1.646858856314076,1.0,0.5,-0.1971679986159125,1.646858856314076,1.0,-0.4723025497933743,-0.32452559627995053,1.6332458956734066,1.0,0.78,-0.1971679986159125,1.646858856314076,1.0,-0.31482370265358106,-0.2300756663854216,1.4218703449433372,1.0,0.15,0.3,1.7,1.0,-0.15,0.3,1.7,1.0
345,11.5,1,0.19,-0.19749277510713886,1.649990613719045,1.0,-0.19,-0.19749277510713886,1.649990613719045,1.0,0.5,-0.19749277510713886,1.649990613719045,1.0,-0.4754388742115774,-0.3178187809594029,1.6378951019701267,1.0,0.78,-0.19749277510713886,1.6499906137190452,1.0,-0.3128701382131691,-0.2275523826439229,1.4285547489298422,1.0,0.15,0.3,1.7,1.0,-0.15,0.3,1.7,1.0
346,11.5333,1,0.19,-0.19780104168417845,1.6531585344150415,1.0,-0.19,-0.19780104168417845,1.6531585344150415,1.0,0.5,-0.19780104168417845,1.6531585344150415,1.0,-0.47842532732597665,-0.3109271605120922,1.642513733062457,1.0,0.78,-0.19780104168417845,1.6531585344150415,1.0,-0.31094741427383665,-0.22514669436815476,1.435166535666812,1.0,0.15,0.3,1.7,1.0,-0.15,0.3,1.7,1.0
347,11.5667,1,0.19,-0.19809194292241988,1.6563603804351044,1.0,-0.19,-0.19809194292241988,1.6563603804351044,1.0,0.5,-0.19809194292241988,1.6563603804351046,1.0,-0.4812521008497336,-0.30385746564075894,1.6470938840781666,1.0,0.78,-0.19809194292241988,1.6563603804351046,1.0,-0.3090604805597299,-0.22285205570421313,1.4416962953315717,1.0,0.15,0.3,1.7,1.0,-0.15,0.3,1.7,1.0
348,11.6,1,0.19,-0.19836467110692946,1.6595938792695706,1.0,-0.19,-0.19836467110692946,1.6595938792695704,1.0,0.5,-0.19836467110692946,1.6595938792695706,1.0,-0.48390983590378633,-0.29661715344564327,1.6516278216944527,1.0,0.78,-0.19836467110692946,1.6595938792695706,1.0,-0.307214030600904,-0.22066172389818822,1.4481349099981788,1.0,0.15,0.3,1.7,1.0,-0.15,0.3,1.7,1.0
349,11.6333,1,0.19,-0.19861846856028964,1.662856725903719,1.0,-0.19,-0.19861846856028964,1.662856725903719,1.0,0.5,-0.19861846856028964,1.662856725903719,1.0,-0.4863896670080011,-0.2892143860759628,1.6561080208146257,1.0,0.78,-0.19861846856028964,1.662856725903719,1.0,-0.30541247347561445,-0.2185688121962714,1.454473553740293,1.0,0.15,0.3,1.7,1.0,-0.15,0.3,1.7,1.0
350,11.6667,1,0.19,-0.19885262983083113,1.6661465849453299,1.0,-0.19,-0.19885262983083113,1.6661465849453296,1.0,0.5,-0.19885262983083113,1.6661465849453299,1.0,-0.4886832644520442,-0.28165800438234306,1.6605272004902445,1.0,0.78,-0.19885262983083113,1.6661465849453299,1.0,-0.30365991172737233,-0.2165663409418031,1.4607036926212624,1.0,0.15,0.3,1.7,1.0,-0.15,0.3,1.7,1.0
351,11.7,1,0.19,-0.199066503734031,1.669461092837326,1.0,-0.19,-0.199066503734031,1.669461092837326,1.0,0.5,-0.199066503734031,1.669461092837326,1.0,-0.4907828747131201,-0.2739574967007476,1.6648783587439355,1.0,0.78,-0.199066503734031,1.669461092837326,1.0,-0.3019601253369007,-0.21464728617137657,1.4668170847781066,1.0,0.15,0.3,1.7,1.0,-0.15,0.3,1.7,1.0
352,11.7333,1,0.19,-0.19925949524029302,1.672797860150204,1.0,-0.19,-0.19925949524029302,1.672797860150204,1.0,0.5,-0.19925949524029302,1.6727978601502043,1.0,-0.49268135859724715,-0.2661229629475846,1.6691548059534267,1.0,0.78,-0.19925949524029302,1.6727978601502043,1.0,-0.3003165615196338,-0.21280462506387293,1.4728057807696817,1.0,0.15,0.3,1.7,1.0,-0.15,0.3,1.7,1.0
353,11.7667,1,0.19,-0.19943106720280007,1.6761544739485112,1.0,-0.19,-0.19943106720280007,1.6761544739485112,1.0,0.5,-0.19943106720280007,1.6761544739485112,1.0,-0.4943722267939887,-0.25816507425387986,1.6733501964671582,1.0,0.78,-0.19943106720280007,1.6761544739485112,1.0,-0.2987323300197477,-0.21103137766173802,1.4786621243216767,1.0,0.15,0.3,1.7,1.0,-0.15,0.3,1.7,1.0
354,11.8,1,0.19,-0.19958074191963265,1.6795285002252056,1.0,-0.19,-0.19958074191963265,1.6795285002252056,1.0,0.5,-0.19958074191963265,1.6795285002252056,1.0,-0.49584967255142426,-0.25009502841300585,1.677458558136166,1.0,0.78,-0.19958074191963265,1.6795285002252056,1.0,-0.2972102034838541,-0.20932064436133796,1.4843787535636501,1.0,0.15,0.3,1.7,1.0,-0.15,0.3,1.7,1.0
355,11.8333,1,0.19,-0.19970810252488008,1.6829174863973724,1.0,-0.19,-0.19970810252488008,1.6829174863973724,1.0,0.5,-0.19970810252488008,1.6829174863973726,1.0,-0.49710860119849054,-0.24192450146076355,1.681474319465653,1.0,0.78,-0.19970810252488008,1.6829174863973726,1.0,-0.2957526224231197,-0.20766563875701888,1.4899486028173177,1.0,0.15,0.3,1.7,1.0,-0.15,0.3,1.7,1.0
356,11.8667,1,0.19,-0.19981279420402753,1.6863189638564013,1.0,-0.19,-0.19981279420402753,1.6863189638564013,1.0,0.5,-0.19981279420402753,1.6863189638564013,1.0,-0.4981446562654334,-0.23366559574800044,1.6853923341125134,1.0,0.78,-0.19981279420402753,1.6863189638564013,1.0,-0.2943617042129234,-0.20605971551942065,1.4953649049619568,1.0,0.15,0.3,1.7,1.0,-0.15,0.3,1.7,1.0
357,11.9,1,0.19,-0.19989452522948392,1.6897304505654387,1.0,-0.19,-0.19989452522948392,1.6897304505654387,1.0,0.5,-0.19989452522948392,1.6897304505654387,1.0,-0.498954241979754,-0.22533078490373531,1.68920790248185,1.0,0.78,-0.19989452522948392,1.689730450565439,1.0,-0.293039255535167,-0.20449639309035877,1.500621194373107,1.0,0.15,0.3,1.7,1.0,-0.15,0.3,1.7,1.0
358,11.9333,1,0.19,-0.1999530678127155,1.6931494536966532,1.0,-0.19,-0.1999530678127155,1.693149453696653,1.0,0.5,-0.1999530678127155,1.6931494536966532,1.0,-0.49953454194439223,-0.21693285612044505,1.6929167902057938,1.0,0.78,-0.1999530678127155,1.6931494536966532,1.0,-0.2917867876404807,-0.20296937108176966,1.5057113104055049,1.0,0.15,0.3,1.7,1.0,-0.15,0.3,1.7,1.0
359,11.9667,1,0.19,-0.19998825877006893,1.696573472300626,1.0,-0.19,-0.19998825877006893,1.696573472300626,1.0,0.5,-0.19998825877006893,1.696573472300626,1.0,-0.49988353383663686,-0.20848485022216862,1.6965152433213446,1.0,0.78,-0.19998825877006893,1.696573472300626,1.0,-0.29060553379592996,-0.20147254237233542,1.51062940137102,1.0,0.15,0.3,1.7,1.0,-0.15,0.3,1.7,1.0
360,12.0,1,0.19,-0.2,1.7,1.0,-0.19,-0.2,1.7,1.0,0.5,-0.2,1.7,1.0,-0.5,-0.2,1.7,1.0,0.78,-0.2,1.7,1.0,-0.2894964682881203,-0.2,1.515369928947569,1.0,0.15,0.3,1.7,1.0,-0.15,0.3,1.7,1.0
361,12.0333,1,0.19,-0.19998825877006893,1.7034265276993739,1.0,-0.19,-0.19998825877006893,1.7034265276993739,1.0,0.5,-0.19998825877006893,1.7034265276993739,1.0,-0.49988353383663686,-0.1914916673179693,1.7033682987200924,1.0,0.78,-0.19998825877006893,1.7034265276993739,1.0,-0.2884603263711487,-0.19854603904927243,1.5199276729457516,1.0,0.15,0.3,1.7,1.0,-0.15,0.3,1.7,1.0
362,12.0667,1,0.19,-0.1999530678127155,1.7068505463033468,1.0,-0.19,-0.1999530678127155,1.7068505463033468,1.0,0.5,-0.1999530678127155,1.706850546303347,1.0,-0.49953454194439223,-0.18297327950498593,1.7066178828124874,1.0,0.78,-0.1999530678127155,1.706850546303347,1.0,-0.2874976245826436,-0.19710515382674848,1.5242977363560937,1.0,0.15,0.3,1.7,1.0,-0.15,0.3,1.7,1.0
363,12.1,1,0.19,-0.19989452522948392,1.7102695494345612,1.0,-0.19,-0.19989452522948392,1.7102695494345612,1.0,0.5,-0.19989452522948392,1.7102695494345612,1.0,-0.498954241979754,-0.17445826555523264,1.7097470013509726,1.0,0.78,-0.19989452522948392,1.7102695494345612,1.0,-0.2866086808978273,-0.19567203070463407,1.528475550601033,1.0,0.15,0.3,1.7,1.0,-0.15,0.3,1.7,1.0
364,12.1333,1,0.19,-0.19981279420402753,1.7136810361435986,1.0,-0.19,-0.19981279420402753,1.7136810361435986,1.0,0.5,-0.19981279420402753,1.7136810361435986,1.0,-0.49814465626543347,-0.16595999266005473,1.7127544063997107,1.0,0.78,-0.19981279420402753,1.7136810361435988,1.0,-0.2857936342495304,-0.19424153708842523,1.532456880921551,1.0,0.15,0.3,1.7,1.0,-0.15,0.3,1.7,1.0
365,12.1667,1,0.19,-0.19970810252488008,1.7170825136026275,1.0,-0.19,-0.19970810252488008,1.7170825136026273,1.0,0.5,-0.19970810252488008,1.7170825136026275,1.0,-0.4971086011984906,-0.15749170358899667,1.715639346670908,1.0,0.78,-0.19970810252488008,1.7170825136026275,1.0,-0.28505246300954157,-0.19280870702981817,1.5362378318379768,1.0,0.15,0.3,1.7,1.0,-0.15,0.3,1.7,1.0
366,12.2,1,0.19,-0.19958074191963265,1.7204714997747943,1.0,-0.19,-0.19958074191963265,1.7204714997747943,1.0,0.5,-0.19958074191963265,1.7204714997747943,1.0,-0.49584967255142426,-0.14906645542625951,1.7184015576857548,1.0,0.78,-0.19958074191963265,1.7204714997747943,1.0,-0.28438500210159323,-0.1913687240582021,1.5398148526370996,1.0,0.15,0.3,1.7,1.0,-0.15,0.3,1.7,1.0
367,12.2333,1,0.19,-0.19943106720280007,1.7238455260514887,1.0,-0.19,-0.19943106720280007,1.7238455260514887,1.0,0.5,-0.19943106720280007,1.7238455260514887,1.0,-0.4943722267939887,-0.1406970601517203,1.7210412485701359,1.0,0.78,-0.19943106720280007,1.7238455260514887,1.0,-0.28379095849651614,-0.18991690184292914,1.5431847428524077,1.0,0.15,0.3,1.7,1.0,-0.15,0.3,1.7,1.0
368,12.2667,1,0.19,-0.19925949524029302,1.7272021398497959,1.0,-0.19,-0.19925949524029302,1.7272021398497956,1.0,0.5,-0.19925949524029302,1.7272021398497959,1.0,-0.49268135859724715,-0.1323960275330015,1.7235590856530185,1.0,0.78,-0.19925949524029302,1.7272021398497959,1.0,-0.2832699249234661,-0.18844866332348847,1.5463446577199897,1.0,0.15,0.3,1.7,1.0,-0.15,0.3,1.7,1.0
369,12.3,1,0.19,-0.199066503734031,1.730538907162674,1.0,-0.19,-0.199066503734031,1.730538907162674,1.0,0.5,-0.199066503734031,1.7305389071626742,1.0,-0.4907828747131201,-0.12417551076731453,1.7259561730692836,1.0,0.78,-0.199066503734031,1.7305389071626742,1.0,-0.2828213917153952,-0.18695951895564955,1.549292113608413,1.0,0.15,0.3,1.7,1.0,-0.15,0.3,1.7,1.0
370,12.3333,1,0.19,-0.19885262983083113,1.73385341505467,1.0,-0.19,-0.19885262983083113,1.73385341505467,1.0,0.5,-0.19885262983083113,1.7338534150546703,1.0,-0.4886832644520442,-0.11604725527931914,1.728234030599585,1.0,0.78,-0.19885262983083113,1.7338534150546703,1.0,-0.28244475678995273,-0.1854450447188251,1.5520249934356998,1.0,0.15,0.3,1.7,1.0,-0.15,0.3,1.7,1.0
371,12.3667,1,0.19,-0.19861846856028964,1.7371432740962809,1.0,-0.19,-0.19861846856028964,1.7371432740962809,1.0,0.5,-0.19861846856028964,1.7371432740962809,1.0,-0.4863896670080011,-0.1080225510446165,1.7303945690071876,1.0,0.78,-0.19861846856028964,1.7371432740962809,1.0,-0.28213933384665824,-0.18390086051393673,1.5545415520994343,1.0,0.15,0.3,1.7,1.0,-0.15,0.3,1.7,1.0
372,12.4,1,0.19,-0.19836467110692946,1.7404061207304296,1.0,-0.19,-0.19836467110692946,1.7404061207304293,1.0,0.5,-0.19836467110692946,1.7404061207304296,1.0,-0.4839098359037864,-0.1001121887682156,1.7324400631553116,1.0,0.78,-0.19836467110692946,1.7404061207304296,1.0,-0.28190435893552923,-0.1823226095528207,1.556840421956233,1.0,0.15,0.3,1.7,1.0,-0.15,0.3,1.7,1.0
373,12.4333,1,0.19,-0.19809194292241988,1.7436396195648955,1.0,-0.19,-0.19809194292241988,1.7436396195648953,1.0,0.5,-0.19809194292241988,1.7436396195648955,1.0,-0.4812521008497336,-0.092326420204081,1.7343731232079578,1.0,0.78,-0.19809194292241988,1.7436396195648955,1.0,-0.2817389956196066,-0.1807059393008601,1.558920618393537,1.0,0.15,0.3,1.7,1.0,-0.15,0.3,1.7,1.0
374,12.4667,1,0.19,-0.19780104168417845,1.7468414655849585,1.0,-0.19,-0.19780104168417845,1.7468414655849585,1.0,0.5,-0.19780104168417845,1.7468414655849585,1.0,-0.47842532732597665,-0.08467492285626477,1.736196664232374,1.0,0.78,-0.19780104168417845,1.7468414655849585,1.0,-0.2816423390124112,-0.17904648448544708,1.56078154553945,1.0,0.15,0.3,1.7,1.0,-0.15,0.3,1.7,1.0
375,12.5,1,0.19,-0.19749277510713886,1.750009386280955,1.0,-0.19,-0.19749277510713886,1.750009386280955,1.0,0.5,-0.19749277510713886,1.750009386280955,1.0,-0.47543887421157743,-0.07716676925487487,1.7379138745320366,1.0,0.78,-0.19749277510713886,1.750009386280955,1.0,-0.2816134190199644,-0.17733985262564067,1.562423002154703,1.0,0.15,0.3,1.7,1.0,-0.15,0.3,1.7,1.0
376,12.5333,1,0.19,-0.1971679986159125,1.7531411436859239,1.0,-0.19,-0.1971679986159125,1.7531411436859239,1.0,0.5,-0.1971679986159125,1.7531411436859239,1.0,-0.4723025497933744,-0.06981040095187452,1.7395281830452545,1.0,0.78,-0.1971679986159125,1.7531411436859239,1.0,-0.2816512031545598,-0.17558161247468151,1.563845187744616,1.0,0.15,0.3,1.7,1.0,-0.15,0.3,1.7,1.0
377,12.5667,1,0.19,-0.19682761288497852,1.7562345363190088,1.0,-0.19,-0.19682761288497852,1.7562345363190088,1.0,0.5,-0.19682761288497852,1.7562345363190088,1.0,-0.46902656649317864,-0.06261360733316196,1.7410432261462576,1.0,0.78,-0.19682761288497852,1.7562345363190088,1.0,-0.28175459931317093,-0.17376728569863892,1.5650487089181513,1.0,0.15,0.3,1.7,1.0,-0.15,0.3,1.7,1.0
378,12.6,1,0.19,-0.1964725612549128,1.7592874010307997,1.0,-0.19,-0.1964725612549128,1.7592874010307995,1.0,0.5,-0.1964725612549128,1.7592874010307997,1.0,-0.46562149465396857,-0.055583509295177524,1.7424628141829934,1.0,0.78,-0.1964725612549128,1.7592874010307997,1.0,-0.28192245892676865,-0.17189234204319753,1.5660345860059526,1.0,0.15,0.3,1.7,1.0,-0.15,0.3,1.7,1.0
379,12.6333,1,0.19,-0.19610382703300394,1.7622976147473348,1.0,-0.19,-0.19610382703300394,1.7622976147473346,1.0,0.5,-0.19610382703300394,1.7622976147473348,1.0,-0.4620982157240807,-0.04872654778708396,1.7437908980790073,1.0,0.78,-0.19610382703300394,1.7622976147473348,1.0,-0.28215358088767273,-0.1699521981682242,1.5668042599300742,1.0,0.15,0.3,1.7,1.0,-0.15,0.3,1.7,1.0
380,12.6667,1,0.19,-0.1957224306869052,1.7652630961100257,1.0,-0.19,-0.1957224306869052,1.7652630961100257,1.0,0.5,-0.1957224306869052,1.7652630961100257,1.0,-0.45846787517317605,-0.04204847717396476,1.7450315363159177,1.0,0.78,-0.1957224306869052,1.7652630961100257,1.0,-0.2824467166504929,-0.16794222025800792,1.567359599295404,1.0,0.15,0.3,1.7,1.0,-0.15,0.3,1.7,1.0
381,12.7,1,0.19,-0.1953294269402362,1.7681818070093278,1.0,-0.19,-0.1953294269402362,1.7681818070093278,1.0,0.5,-0.1953294269402362,1.768181807009328,1.0,-0.4547418354651371,-0.03555436333301942,1.7461888625984465,1.0,0.78,-0.1953294269402362,1.768181807009328,1.0,-0.2828005768786108,-0.16585773044552304,1.5677029076472921,1.0,0.15,0.3,1.7,1.0,-0.15,0.3,1.7,1.0
382,12.7333,1,0.19,-0.194925901779272,1.7710517540105408,1.0,-0.19,-0.194925901779272,1.7710517540105408,1.0,0.5,-0.194925901779272,1.7710517540105408,1.0,-0.45093162940122605,-0.02924858635392802,1.747267054486008,1.0,0.78,-0.194925901779272,1.771051754010541,1.0,-0.28321383997314464,-0.16369401702318886,1.5678369308124323,1.0,0.15,0.3,1.7,1.0,-0.15,0.3,1.7,1.0
383,12.7667,1,0.19,-0.1945129693800483,1.7738709896706915,1.0,-0.19,-0.1945129693800483,1.7738709896706915,1.0,0.5,-0.1945129693800483,1.7738709896706915,1.0,-0.44704891413204695,-0.02313484767682139,1.748270303253927,1.0,0.78,-0.1945129693800483,1.7738709896706915,1.0,-0.28368516277586475,-0.16144634835163135,1.5677648642114497,1.0,0.15,0.3,1.7,1.0,-0.15,0.3,1.7,1.0
384,12.8,1,0.19,-0.1940917689653579,1.7766376137460151,1.0,-0.19,-0.1940917689653579,1.7766376137460151,1.0,0.5,-0.1940917689653579,1.7766376137460154,1.0,-0.44310542611938203,-0.017216181467016922,1.7492027852238103,1.0,0.78,-0.1940917689653579,1.7766376137460154,1.0,-0.28421319368266384,-0.15910999032295836,1.5674903600029977,1.0,0.15,0.3,1.7,1.0,-0.15,0.3,1.7,1.0
385,12.8333,1,0.19,-0.19366346160122822,1.7793497742901179,1.0,-0.19,-0.19366346160122822,1.7793497742901179,1.0,0.5,-0.19366346160122822,1.7793497742901179,1.0,-0.43911293730910267,-0.011494969995134108,1.7500686347769179,1.0,0.78,-0.19366346160122822,1.779349774290118,1.0,-0.28479658834130994,-0.15668022718683527,1.5670175338913181,1.0,0.15,0.3,1.7,1.0,-0.15,0.3,1.7,1.0
386,12.8667,1,0.19,-0.1932292269425458,1.782005668643446,1.0,-0.19,-0.1932292269425458,1.782005668643446,1.0,0.5,-0.1932292269425458,1.782005668643446,1.0,-0.4350832127544342,-0.0059729627646572525,1.750871919236965,1.0,0.78,-0.1932292269425458,1.7820056686434462,1.0,-0.285434028037745,-0.15415238550679805,1.5663509714032944,1.0,0.15,0.3,1.7,1.0,-0.15,0.3,1.7,1.0
387,12.9,1,0.19,-0.19279025993753007,1.7846035443152444,1.0,-0.19,-0.19279025993753007,1.7846035443152444,1.0,0.5,-0.19279025993753007,1.7846035443152444,1.0,-0.43102796990518216,-0.0006512991065540374,1.7516166157801527,1.0,0.78,-0.19279025993753007,1.7846035443152446,1.0,-0.28612424080080195,-0.15152186098105103,1.5654957334178612,1.0,0.15,0.3,1.7,1.0,-0.15,0.3,1.7,1.0
388,12.9333,1,0.19,-0.19234776750076754,1.7871416997597027,1.0,-0.19,-0.19234776750076754,1.7871416997597027,1.0,0.5,-0.19234776750076754,1.7871416997597027,1.0,-0.42695883975349314,0.004469466057668736,1.7523065905007624,1.0,0.78,-0.19234776750076754,1.7871416997597027,1.0,-0.286866025177558,-0.14878414783660637,1.5644573607111858,1.0,0.15,0.3,1.7,1.0,-0.15,0.3,1.7,1.0
389,12.9667,1,0.19,-0.19190296516448319,1.7896184850485057,1.0,-0.19,-0.19190296516448319,1.7896184850485055,1.0,0.5,-0.19190296516448319,1.7896184850485057,1.0,-0.42288733000064205,0.009389333597130955,1.7529455797308582,1.0,0.78,-0.19190296516448319,1.7896184850485057,1.0,-0.28765827655239523,-0.14593487048782888,1.5632418772660277,1.0,0.15,0.3,1.7,1.0,-0.15,0.3,1.7,1.0
390,13.0,1,0.19,-0.1914570737176688,1.7920323024424898,1.0,-0.19,-0.1914570737176688,1.7920323024424896,1.0,0.5,-0.1914570737176688,1.7920323024424898,1.0,-0.41882479038258646,0.014108829019502778,1.753537173682904,1.0,0.78,-0.1914570737176688,1.7920323024424898,1.0,-0.28850001580397033,-0.1429698171399394,1.5618557920837783,1.0,0.15,0.3,1.7,1.0,-0.15,0.3,1.7,1.0
391,13.0333,1,0.19,-0.1910113158425898,1.7943816068655782,1.0,-0.19,-0.1910113158425898,1.7943816068655782,1.0,0.5,-0.1910113158425898,1.7943816068655782,1.0,-0.4147823802649316,0.018628969114081573,1.7540848024548392,1.0,0.78,-0.1910113158425898,1.7943816068655782,1.0,-0.28939042001742654,-0.13988497501421232,1.5603060992334061,1.0,0.15,0.3,1.7,1.0,-0.15,0.3,1.7,1.0
392,13.0667,1,0.19,-0.19056691275807497,1.796664906284604,1.0,-0.19,-0.19056691275807497,1.7966649062846038,1.0,0.5,-0.19056691275807497,1.796664906284604,1.0,-0.41077103859085473,0.02295122672041483,1.7545917244087406,1.0,0.78,-0.19056691275807497,1.796664906284604,1.0,-0.29032885489603283,-0.13667656687377977,1.558600275873168,1.0,0.15,0.3,1.7,1.0,-0.15,0.3,1.7,1.0
393,13.1,1,0.19,-0.19012508087883906,1.7988807619990435,1.0,-0.19,-0.19012508087883906,1.7988807619990432,1.0,0.5,-0.19012508087883906,1.7988807619990435,1.0,-0.4068014562387553,0.02707749395124648,1.7550610169069485,1.0,0.78,-0.19012508087883906,1.7988807619990435,1.0,-0.29131490844856206,-0.13334108853626236,1.5567462779887284,1.0,0.15,0.3,1.7,1.0,-0.15,0.3,1.7,1.0
394,13.1333,1,0.19,-0.18968702849991537,1.8010277888450652,1.0,-0.19,-0.18968702849991537,1.8010277888450652,1.0,0.5,-0.18968702849991537,1.8010277888450652,1.0,-0.4028840508202197,0.031010044193586717,1.7554955693637664,1.0,0.78,-0.18968702849991537,1.8010277888450652,1.0,-0.2923484254676276,-0.12987534707092335,1.5547525336051704,1.0,0.15,0.3,1.7,1.0,-0.15,0.3,1.7,1.0
395,13.1667,1,0.19,-0.18925395251507482,1.8031046553186465,1.0,-0.19,-0.18925395251507482,1.8031046553186465,1.0,0.5,-0.18925395251507482,1.8031046553186465,1.0,-0.3990289439236177,0.034751493203686146,1.755898078546799,1.0,0.78,-0.18925395251507482,1.8031046553186465,1.0,-0.2934295422611786,-0.12627649939269397,1.5526279332501642,1.0,0.15,0.3,1.7,1.0,-0.15,0.3,1.7,1.0
396,13.2,1,0.19,-0.18882703517788768,1.8051100836228198,1.0,-0.19,-0.18882703517788768,1.8051100836228198,1.0,0.5,-0.18882703517788768,1.8051100836228198,1.0,-0.39524594078449665,0.03830475960095858,1.7562710460398885,1.0,0.78,-0.18882703517788768,1.80511008362282,1.0,-0.29455872105556136,-0.1225420909821715,1.5503818174708706,1.0,0.15,0.3,1.7,1.0,-0.15,0.3,1.7,1.0
397,13.2333,1,0.19,-0.18840744091384082,1.8070428496443975,1.0,-0.19,-0.18840744091384082,1.8070428496443973,1.0,0.5,-0.18840744091384082,1.8070428496443975,1.0,-0.3915445123411706,0.04167302505280979,1.7566167777596209,1.0,0.78,-0.18840744091384082,1.8070428496443975,1.0,-0.29573678345494053,-0.11867009447852078,1.548023961237517,1.0,0.15,0.3,1.7,1.0,-0.15,0.3,1.7,1.0
398,13.2667,1,0.19,-0.18799631319166793,1.8089017828657525,1.0,-0.19,-0.18799631319166793,1.8089017828657525,1.0,0.5,-0.18799631319166793,1.8089017828657528,1.0,-0.3879337796126909,0.04485969442723864,1.7569373853996177,1.0,0.78,-0.18799631319166793,1.8089017828657528,1.0,-0.2969649423191741,-0.11465894791014114,1.5455645551013395,1.0,0.15,0.3,1.7,1.0,-0.15,0.3,1.7,1.0
399,13.3,1,0.19,-0.1875947714617715,1.8106857662174447,1.0,-0.19,-0.1875947714617715,1.8106857662174445,1.0,0.5,-0.1875947714617715,1.8106857662174447,1.0,-0.38442250031689945,0.047868356173385695,1.7572347896613993,1.0,0.78,-0.1875947714617715,1.8106857662174447,1.0,-0.2982448314109642,-0.11050759234503166,1.5430141830129478,1.0,0.15,0.3,1.7,1.0,-0.15,0.3,1.7,1.0
400,13.3333,1,0.19,-0.18720390816932997,1.812393735877633,1.0,-0.19,-0.18720390816932997,1.812393735877633,1.0,0.5,-0.18720390816932997,1.812393735877633,1.0,-0.3810190576286628,0.050702743172251596,1.7575107251175375,1.0,0.78,-0.18720390816932997,1.812393735877633,1.0,-0.29957853216357894,-0.1062155087582341,1.5403837967483192,1.0,0.15,0.3,1.7,1.0,-0.15,0.3,1.7,1.0
401,13.3667,1,0.18999999999999997,-0.18682478584938067,1.8140246810243494,1.0,-0.19000000000000003,-0.18682478584938067,1.8140246810243494,1.0,0.5,-0.18682478584938067,1.8140246810243494,1.0,-0.37773145096275074,0.0533666942809842,1.7577667465421376,1.0,0.78,-0.18682478584938067,1.8140246810243494,1.0,-0.30096859693269024,-0.10178275392683317,1.537684686932615,1.0,0.15,0.3,1.7,1.0,-0.15,0.3,1.7,1.0
402,13.4,1,0.18999999999999997,-0.1864584343108605,1.8155776435467788,1.0,-0.19000000000000003,-0.1864584343108605,1.8155776435467785,1.0,0.5,-0.1864584343108605,1.8155776435467788,1.0,-0.3745672886522582,0.05586411677477485,1.7580042365353497,1.0,0.78,-0.1864584343108605,1.8155776435467788,1.0,-0.3024180681197977,-0.09720999517321721,1.5349284506958911,1.0,0.15,0.3,1.7,1.0,-0.15,0.3,1.7,1.0
403,13.4333,1,0.18999999999999997,-0.18610584791626444,1.8170517177217387,1.0,-0.19000000000000003,-0.18610584791626444,1.8170517177217387,1.0,0.5,-0.18610584791626444,1.8170517177217387,1.0,-0.3715337823820116,0.058198949870852196,1.7582244142625751,1.0,0.78,-0.18610584791626444,1.817051717721739,1.0,-0.3039304925898803,-0.09249854378428707,1.532126956038604,1.0,0.15,0.3,1.7,1.0,-0.15,0.3,1.7,1.0
404,13.4667,1,0.18999999999999997,-0.18576798296325997,1.818446049861555,1.0,-0.19000000000000003,-0.18576798296325997,1.818446049861555,1.0,0.5,-0.18576798296325997,1.8184460498615551,1.0,-0.3686377432270961,0.06037512949961532,1.7584283451252156,1.0,0.78,-0.18576798296325997,1.8184460498615551,1.0,-0.3055099308518376,-0.08765038693780808,1.5292923030276262,1.0,0.15,0.3,1.7,1.0,-0.15,0.3,1.7,1.0
405,13.5,1,0.18999999999999997,-0.18544575517426165,1.8197598379394815,1.0,-0.19000000000000003,-0.18544575517426165,1.8197598379394813,1.0,0.5,-0.18544575517426165,1.8197598379394815,1.0,-0.36588557913946884,0.06239655446890388,1.7586169511781018,1.0,0.78,-0.18544575517426165,1.8197598379394815,1.0,-0.307160960526126,-0.08266821796712748,1.5264367819844347,1.0,0.15,0.3,1.7,1.0,-0.15,0.3,1.7,1.0
406,13.5333,1,0.18999999999999997,-0.18514003729963657,1.8209923311987468,1.0,-0.19000000000000003,-0.18514003729963657,1.8209923311987468,1.0,0.5,-0.18514003729963657,1.820992331198747,1.0,-0.3632832937205931,0.06426705414900014,1.7587910221090337,1.0,0.78,-0.18514003729963657,1.820992331198747,1.0,-0.30888867368889705,-0.07755546479213865,1.5235728288654036,1.0,0.15,0.3,1.7,1.0,-0.15,0.3,1.7,1.0
407,13.5667,1,0.18999999999999997,-0.18485165683987603,1.8221428297511855,1.0,-0.19000000000000003,-0.18485165683987603,1.8221428297511855,1.0,0.5,-0.18485165683987603,1.8221428297511855,1.0,-0.3608364861150761,0.06599035778842344,1.7589512265980023,1.0,0.78,-0.18485165683987603,1.8221428297511855,1.0,-0.31069866775481375,-0.07231631633796076,1.5207129780689899,1.0,0.15,0.3,1.7,1.0,-0.15,0.3,1.7,1.0
408,13.6,1,0.18999999999999997,-0.18458139389172834,1.8232106841712585,1.0,-0.19000000000000003,-0.18458139389172834,1.8232106841712585,1.0,0.5,-0.18458139389172834,1.8232106841712588,1.0,-0.3585503518593758,0.06757006555410477,1.75909812387753,1.0,0.78,-0.18458139389172834,1.8232106841712588,1.0,-0.3125970296403407,-0.06695574675379418,1.5178698129355233,1.0,0.15,0.3,1.7,1.0,-0.15,0.3,1.7,1.0
409,13.6333,1,0.18999999999999997,-0.1843299791229508,1.8241952950910865,1.0,-0.19000000000000003,-0.1843299791229508,1.8241952950910865,1.0,0.5,-0.1843299791229508,1.8241952950910865,1.0,-0.35642968452068113,0.0690096213742549,1.7592321753209985,1.0,0.78,-0.1843299791229508,1.8241952950910865,1.0,-0.31459031303444357,-0.061479537233326054,1.5150559142317555,1.0,0.15,0.3,1.7,1.0,-0.15,0.3,1.7,1.0
410,13.6667,1,0.18999999999999997,-0.18409809188000237,1.8250961128018806,1.0,-0.19000000000000003,-0.18409809188000237,1.8250961128018806,1.0,0.5,-0.18409809188000237,1.8250961128018806,1.0,-0.35447887796397953,0.07031228764829589,1.7593537558926733,1.0,0.78,-0.18409809188000237,1.8250961128018806,1.0,-0.31668550869285483,-0.055894295225655755,1.5122838069340498,1.0,0.15,0.3,1.7,1.0,-0.15,0.3,1.7,1.0
411,13.7,1,0.18999999999999997,-0.18388635843266005,1.8259126368669136,1.0,-0.19000000000000003,-0.18388635843266005,1.8259126368669134,1.0,0.5,-0.18388635843266005,1.8259126368669136,1.0,-0.3527019290900024,0.07148112187569039,1.759463165301249,1.0,0.78,-0.18388635843266005,1.8259126368669136,1.0,-0.3188900077640116,-0.05020747081268756,1.5095659056408695,1.0,0.15,0.3,1.7,1.0,-0.15,0.3,1.7,1.0
412,13.7333,1,0.18999999999999997,-0.1836953503592112,1.8266444157508728,1.0,-0.19000000000000003,-0.1836953503592112,1.8266444157508728,1.0,0.5,-0.1836953503592112,1.826644415750873,1.0,-0.3511024408930796,0.0725189552444174,1.7595606387079679,1.0,0.78,-0.1836953503592112,1.826644415750873,1.0,-0.3212115582479733,-0.044427370016178136,1.5069144589570374,1.0,0.15,0.3,1.7,1.0,-0.15,0.3,1.7,1.0
413,13.7667,1,0.18999999999999997,-0.18352558307553934,1.8272910464701257,1.0,-0.19000000000000003,-0.18352558307553934,1.8272910464701257,1.0,0.5,-0.18352558307553934,1.8272910464701257,1.0,-0.3496836256958154,0.07342837321023918,1.759646356850578,1.0,0.78,-0.18352558307553934,1.8272910464701257,1.0,-0.3236582147826423,-0.03856316478598065,1.5043414931992136,1.0,0.15,0.3,1.7,1.0,-0.15,0.3,1.7,1.0
414,13.8,1,0.18999999999999997,-0.18337751451109569,1.8278521742680798,1.0,-0.19000000000000003,-0.18337751451109569,1.8278521742680798,1.0,0.5,-0.18337751451109569,1.82785217426808,1.0,-0.3484483084268034,0.07421169808974423,1.7597204554554455,1.0,0.78,-0.18337751451109569,1.82785217426808,1.0,-0.32623828204306604,-0.03262489941131913,1.5018587557743381,1.0,0.15,0.3,1.7,1.0,-0.15,0.3,1.7,1.0
415,13.8333,1,0.18999999999999997,-0.18325154393442084,1.8283274923194501,1.0,-0.19000000000000003,-0.18325154393442084,1.82832749231945,1.0,0.5,-0.18325154393442084,1.8283274923194501,1.0,-0.34739892981819176,0.07487097368341211,1.7597830338219214,1.0,0.78,-0.18325154393442084,1.8283274923194501,1.0,-0.32896025212805546,-0.026623493090065897,1.4994776585808274,1.0,0.15,0.3,1.7,1.0,-0.15,0.3,1.7,1.0
416,13.8667,1,0.18999999999999997,-0.18314801093055894,1.8287167414668524,1.0,-0.19000000000000003,-0.18314801093055894,1.8287167414668524,1.0,0.5,-0.18314801093055894,1.8287167414668524,1.0,-0.34653754941166426,0.07540795193953978,1.759834162475449,1.0,0.78,-0.18314801093055894,1.8287167414668524,1.0,-0.331832736392578,-0.020570738387684584,1.4972092217764656,1.0,0.15,0.3,1.7,1.0,-0.15,0.3,1.7,1.0
417,13.9,1,0.18999999999999997,-0.1830671945323885,1.8290197099927277,1.0,-0.19000000000000003,-0.1830671945323885,1.8290197099927274,1.0,0.5,-0.1830671945323885,1.8290197099927277,1.0,-0.345865848274185,0.07582408166570359,1.759873889798793,1.0,0.78,-0.1830671945323885,1.8290197099927277,1.0,-0.3348643922631028,-0.014479295318515328,1.4950640182477453,1.0,0.15,0.3,1.7,1.0,-0.15,0.3,1.7,1.0
418,13.9333,1,0.18999999999999997,-0.1830093125075758,1.8292362334291703,1.0,-0.19000000000000003,-0.1830093125075758,1.8292362334291703,1.0,0.5,-0.1830093125075758,1.8292362334291705,1.0,-0.34538513133852533,0.07612049929139181,1.7599022475640778,1.0,0.78,-0.1830093125075758,1.8292362334291705,1.0,-0.338063845645206,-0.008362680787954935,1.493052119103405,1.0,0.15,0.3,1.7,1.0,-0.15,0.3,1.7,1.0
419,13.9667,1,0.18999999999999997,-0.18297452080254323,1.8293661944077886,1.0,-0.19000000000000003,-0.18297452080254323,1.8293661944077884,1.0,0.5,-0.18297452080254323,1.8293661944077886,1.0,-0.3450963292980147,0.07629802168337965,1.7599192553019711,1.0,0.78,-0.18297452080254323,1.8293661944077886,1.0,-0.34143960959725217,-0.0022352531453647684,1.4911830405007223,1.0,0.15,0.3,1.7,1.0,-0.15,0.3,1.7,1.0
420,14.0,1,0.18999999999999997,-0.18296291314453417,1.8294095225512603,1.0,-0.19000000000000003,-0.18296291314453417,1.8294095225512603,1.0,0.5,-0.18296291314453417,1.8294095225512603,1.0,-0.34500000000000003,0.07635714101418625,1.7599249234582361,1.0,0.78,-0.18296291314453417,1.8294095225512603,1.0,-0.3449999999999999,0.0038878083854803624,1.489465692097297,1.0,0.15,0.3,1.7,1.0,-0.15,0.3,1.7,1.0
421,14.0333,1,0.18999999999999997,-0.18297452080254323,1.8293661944077886,1.0,-0.19000000000000003,-0.18297452080254323,1.8293661944077884,1.0,0.5,-0.18297452080254323,1.8293661944077886,1.0,-0.3450963292980147,0.07629802168337965,1.7599192553019711,1.0,0.78,-0.18297452080254323,1.8293661944077886,1.0,-0.34875304899877696,0.009990529608697674,1.487908327404219,1.0,0.15,0.3,1.7,1.0,-0.15,0.3,1.7,1.0
422,14.0667,1,0.18999999999999997,-0.1830093125075758,1.8292362334291703,1.0,-0.19000000000000003,-0.1830093125075758,1.8292362334291703,1.0,0.5,-0.1830093125075758,1.8292362334291705,1.0,-0.34538513133852533,0.07612049929139181,1.7599022475640778,1.0,0.78,-0.1830093125075758,1.8292362334291705,1.0,-0.35270641703184447,0.01605617277279009,1.486518496299187,1.0,0.15,0.3,1.7,1.0,-0.15,0.3,1.7,1.0
423,14.1,1,0.18999999999999997,-0.1830671945323885,1.8290197099927277,1.0,-0.19000000000000003,-0.1830671945323885,1.8290197099927274,1.0,0.5,-0.1830671945323885,1.8290197099927277,1.0,-0.345865848274185,0.07582408166570359,1.759873889798793,1.0,0.78,-0.1830671945323885,1.8290197099927277,1.0,-0.356867304285267,0.022067273648099517,1.485302999940828,1.0,0.15,0.3,1.7,1.0,-0.15,0.3,1.7,1.0
424,14.1333,1,0.18999999999999997,-0.18314801093055894,1.8287167414668524,1.0,-0.19000000000000003,-0.18314801093055894,1.8287167414668524,1.0,0.5,-0.18314801093055894,1.8287167414668524,1.0,-0.34653754941166426,0.07540795193953978,1.759834162475449,1.0,0.78,-0.18314801093055894,1.8287167414668524,1.0,-0.3612423624307503,0.028005684371764594,1.4842678483085923,1.0,0.15,0.3,1.7,1.0,-0.15,0.3,1.7,1.0
425,14.1667,1,0.18999999999999997,-0.18325154393442084,1.8283274923194501,1.0,-0.19000000000000003,-0.18325154393442084,1.82832749231945,1.0,0.5,-0.18325154393442084,1.8283274923194501,1.0,-0.34739892981819176,0.07487097368341211,1.7597830338219214,1.0,0.78,-0.18325154393442084,1.8283274923194501,1.0,-0.3658376075083278,0.033852622121381126,1.4834182205765067,1.0,0.15,0.3,1.7,1.0,-0.15,0.3,1.7,1.0
426,14.2,1,0.18999999999999997,-0.18337751451109569,1.8278521742680798,1.0,-0.19000000000000003,-0.18337751451109569,1.8278521742680798,1.0,0.5,-0.18337751451109569,1.82785217426808,1.0,-0.3484483084268034,0.07421169808974423,1.7597204554554455,1.0,0.78,-0.18337751451109569,1.82785217426808,1.0,-0.3706583348105405,0.03958872362869764,1.482758428514019,1.0,0.15,0.3,1.7,1.0,-0.15,0.3,1.7,1.0
427,14.2333,1,0.18999999999999997,-0.18352558307553934,1.8272910464701257,1.0,-0.19000000000000003,-0.18352558307553934,1.8272910464701257,1.0,0.5,-0.18352558307553934,1.8272910464701257,1.0,-0.3496836256958154,0.07342837321023918,1.759646356850578,1.0,0.78,-0.18352558307553934,1.8272910464701257,1.0,-0.37570903660898824,0.04519410549095698,1.4822918830933365,1.0,0.15,0.3,1.7,1.0,-0.15,0.3,1.7,1.0
428,14.2667,1,0.18999999999999997,-0.1836953503592112,1.8266444157508728,1.0,-0.19000000000000003,-0.1836953503592112,1.8266444157508728,1.0,0.5,-0.1836953503592112,1.826644415750873,1.0,-0.3511024408930796,0.0725189552444174,1.7595606387079679,1.0,0.78,-0.1836953503592112,1.826644415750873,1.0,-0.3809933235381857,0.0506484301807687,1.4820210644701002,1.0,0.15,0.3,1.7,1.0,-0.15,0.3,1.7,1.0
429,14.3,1,0.18999999999999997,-0.18388635843266005,1.8259126368669136,1.0,-0.19000000000000003,-0.18388635843266005,1.8259126368669134,1.0,0.5,-0.18388635843266005,1.8259126368669136,1.0,-0.3527019290900024,0.07148112187569039,1.759463165301249,1.0,0.78,-0.18388635843266005,1.8259126368669136,1.0,-0.386513850415993,0.05593097759656346,1.4819474954929597,1.0,0.15,0.3,1.7,1.0,-0.15,0.3,1.7,1.0
430,14.3333,1,0.18999999999999997,-0.18409809188000237,1.8250961128018806,1.0,-0.19000000000000003,-0.18409809188000237,1.8250961128018806,1.0,0.5,-0.18409809188000237,1.8250961128018806,1.0,-0.3544788779639795,0.07031228764829595,1.7593537558926733,1.0,0.78,-0.18409809188000237,1.8250961128018806,1.0,-0.39227224723510395,0.06102072193570404,1.482071718887488,1.0,0.15,0.3,1.7,1.0,-0.15,0.3,1.7,1.0
431,14.3667,1,0.18999999999999997,-0.1843299791229508,1.8241952950910865,1.0,-0.19000000000000003,-0.1843299791229508,1.8241952950910865,1.0,0.5,-0.1843299791229508,1.8241952950910865,1.0,-0.35642968452068113,0.0690096213742549,1.7592321753209985,1.0,0.78,-0.1843299791229508,1.8241952950910865,1.0,-0.3982690560069185,0.06589641361227494,1.4823932782507576,1.0,0.15,0.3,1.7,1.0,-0.15,0.3,1.7,1.0
432,14.4,1,0.18999999999999997,-0.18458139389172834,1.8232106841712585,1.0,-0.19000000000000003,-0.18458139389172834,1.8232106841712585,1.0,0.5,-0.18458139389172834,1.8232106841712588,1.0,-0.3585503518593758,0.06757006555410477,1.75909812387753,1.0,0.78,-0.18458139389172834,1.8232106841712588,1.0,-0.40450367407841065,0.0705366658824213,1.4829107029845328,1.0,0.15,0.3,1.7,1.0,-0.15,0.3,1.7,1.0
433,14.4333,1,0.18999999999999997,-0.18485165683987603,1.8221428297511855,1.0,-0.19000000000000003,-0.18485165683987603,1.8221428297511855,1.0,0.5,-0.18485165683987603,1.8221428297511855,1.0,-0.3608364861150761,0.06599035778842344,1.7589512265980023,1.0,0.78,-0.18485165683987603,1.8221428297511855,1.0,-0.4109743044753383,0.0749200457830001,1.4836214972871398,1.0,0.15,0.3,1.7,1.0,-0.15,0.3,1.7,1.0
434,14.4667,1,0.18999999999999997,-0.18514003729963657,1.820992331198747,1.0,-0.19000000000000003,-0.18514003729963657,1.8209923311987468,1.0,0.5,-0.18514003729963657,1.820992331198747,1.0,-0.3632832937205931,0.06426705414900019,1.7587910221090337,1.0,0.78,-0.18514003729963657,1.820992331198747,1.0,-0.41767791375228885,0.07902516893512518,1.4845221333163618,1.0,0.15,0.3,1.7,1.0,-0.15,0.3,1.7,1.0
435,14.5,1,0.18999999999999997,-0.18544575517426165,1.8197598379394815,1.0,-0.19000000000000003,-0.18544575517426165,1.8197598379394813,1.0,0.5,-0.18544575517426165,1.8197598379394815,1.0,-0.36588557913946884,0.062396554468903936,1.7586169511781018,1.0,0.78,-0.18544575517426165,1.8197598379394815,1.0,-0.4246101977528115,0.08283079771401508,1.4856080486278056,1.0,0.15,0.3,1.7,1.0,-0.15,0.3,1.7,1.0
436,14.5333,1,0.18999999999999997,-0.18576798296325997,1.818446049861555,1.0,-0.19000000000000003,-0.18576798296325997,1.818446049861555,1.0,0.5,-0.18576798296325997,1.8184460498615551,1.0,-0.36863774322709597,0.060375129499615376,1.7584283451252156,1.0,0.78,-0.18576798296325997,1.8184460498615551,1.0,-0.4317655556023542,0.08631594224118266,1.486873647984803,1.0,0.15,0.3,1.7,1.0,-0.15,0.3,1.7,1.0
437,14.5667,1,0.18999999999999997,-0.18610584791626444,1.8170517177217387,1.0,-0.19000000000000003,-0.18610584791626444,1.8170517177217387,1.0,0.5,-0.18610584791626444,1.8170517177217387,1.0,-0.3715337823820116,0.058198949870852196,1.7582244142625751,1.0,0.78,-0.18610584791626444,1.817051717721739,1.0,-0.4391370721741427,0.08945996361523734,1.4883123096267243,1.0,0.15,0.3,1.7,1.0,-0.15,0.3,1.7,1.0
438,14.6,1,0.18999999999999997,-0.1864584343108605,1.8155776435467788,1.0,-0.19000000000000003,-0.1864584343108605,1.8155776435467788,1.0,0.5,-0.1864584343108605,1.8155776435467788,1.0,-0.3745672886522581,0.05586411677477485,1.7580042365353497,1.0,0.78,-0.1864584343108605,1.8155776435467788,1.0,-0.44671650918471834,0.09224267876410452,1.48991639607229,1.0,0.15,0.3,1.7,1.0,-0.15,0.3,1.7,1.0
439,14.6333,1,0.18999999999999997,-0.18682478584938067,1.8140246810243494,1.0,-0.19000000000000003,-0.18682478584938067,1.8140246810243494,1.0,0.5,-0.18682478584938067,1.8140246810243494,1.0,-0.37773145096275074,0.0533666942809842,1.7577667465421376,1.0,0.78,-0.18682478584938067,1.8140246810243497,1.0,-0.454494304992811,0.09464446627474868,1.4916772695228642,1.0,0.15,0.3,1.7,1.0,-0.15,0.3,1.7,1.0
440,14.6667,1,0.19,-0.1872039081693299,1.812393735877633,1.0,-0.19,-0.1872039081693299,1.812393735877633,1.0,0.5,-0.1872039081693299,1.812393735877633,1.0,-0.3810190576286627,0.05070274317225168,1.7575107251175375,1.0,0.78,-0.1872039081693299,1.812393735877633,1.0,-0.4624595830937464,0.09664637253700264,1.4935853119175855,1.0,0.15,0.3,1.7,1.0,-0.15,0.3,1.7,1.0
441,14.7,1,0.19,-0.1875947714617715,1.8106857662174447,1.0,-0.19,-0.1875947714617715,1.8106857662174445,1.0,0.5,-0.1875947714617715,1.8106857662174447,1.0,-0.3844225003168994,0.04786835617338575,1.7572347896613993,1.0,0.78,-0.1875947714617715,1.8106857662174447,1.0,-0.47060016922283443,0.09823021752598718,1.495629949677426,1.0,0.15,0.3,1.7,1.0,-0.15,0.3,1.7,1.0
442,14.7333,1,0.19,-0.18799631319166793,1.8089017828657528,1.0,-0.19,-0.18799631319166793,1.8089017828657525,1.0,0.5,-0.18799631319166793,1.8089017828657528,1.0,-0.3879337796126908,0.044859694427238694,1.7569373853996177,1.0,0.78,-0.18799631319166793,1.8089017828657528,1.0,-0.4789026169062074,0.09937869954297757,1.4977996831587903,1.0,0.15,0.3,1.7,1.0,-0.15,0.3,1.7,1.0
443,14.7667,1,0.19,-0.18840744091384082,1.8070428496443975,1.0,-0.19,-0.18840744091384082,1.8070428496443973,1.0,0.5,-0.18840744091384082,1.8070428496443975,1.0,-0.3915445123411706,0.04167302505280984,1.7566167777596209,1.0,0.78,-0.18840744091384082,1.8070428496443975,1.0,-0.48735224122740045,0.10007549823735065,1.5000821208190982,1.0,0.15,0.3,1.7,1.0,-0.15,0.3,1.7,1.0
444,14.8,1,0.19,-0.18882703517788768,1.8051100836228198,1.0,-0.19,-0.18882703517788768,1.8051100836228198,1.0,0.5,-0.18882703517788768,1.8051100836228198,1.0,-0.3952459407844966,0.03830475960095858,1.7562710460398885,1.0,0.78,-0.18882703517788768,1.80511008362282,1.0,-0.49593316051343167,0.1003053752421404,1.5024640180769664,1.0,0.15,0.3,1.7,1.0,-0.15,0.3,1.7,1.0
445,14.8333,1,0.19,-0.18925395251507482,1.8031046553186465,1.0,-0.19,-0.18925395251507482,1.8031046553186465,1.0,0.5,-0.18925395251507482,1.8031046553186465,1.0,-0.39902894392361765,0.034751493203686146,1.755898078546799,1.0,0.78,-0.18925395251507482,1.8031046553186467,1.0,-0.5046283455860565,0.10005427177240306,1.5049313208282915,1.0,0.15,0.3,1.7,1.0,-0.15,0.3,1.7,1.0
446,14.8667,1,0.19,-0.18968702849991537,1.8010277888450652,1.0,-0.19,-0.18968702849991537,1.8010277888450652,1.0,0.5,-0.18968702849991537,1.8010277888450652,1.0,-0.4028840508202196,0.031010044193586828,1.7554955693637664,1.0,0.78,-0.18968702849991537,1.8010277888450654,1.0,-0.5134196761728116,0.0993094025584812,1.507469213556858,1.0,0.15,0.3,1.7,1.0,-0.15,0.3,1.7,1.0
447,14.9,1,0.19,-0.19012508087883906,1.7988807619990435,1.0,-0.19,-0.19012508087883906,1.7988807619990432,1.0,0.5,-0.19012508087883906,1.7988807619990435,1.0,-0.4068014562387552,0.027077493951246534,1.7550610169069485,1.0,0.78,-0.19012508087883906,1.7988807619990435,1.0,-0.5222880040289483,0.09805934551473075,1.5100621719543181,1.0,0.15,0.3,1.7,1.0,-0.15,0.3,1.7,1.0
448,14.9333,1,0.19,-0.19056691275807497,1.796664906284604,1.0,-0.19,-0.19056691275807497,1.7966649062846038,1.0,0.5,-0.19056691275807497,1.796664906284604,1.0,-0.41077103859085473,0.02295122672041483,1.7545917244087406,1.0,0.78,-0.19056691275807497,1.796664906284604,1.0,-0.5312132222856766,0.09629412657758632,1.5126940199397572,1.0,0.15,0.3,1.7,1.0,-0.15,0.3,1.7,1.0
449,14.9667,1,0.19,-0.19101131584258974,1.7943816068655782,1.0,-0.19,-0.19101131584258974,1.7943816068655782,1.0,0.5,-0.19101131584258974,1.7943816068655782,1.0,-0.4147823802649314,0.018628969114081795,1.7540848024548392,1.0,0.78,-0.19101131584258974,1.7943816068655782,1.0,-0.5401743405124363,0.09400529918414907,1.5153479909438023,1.0,0.15,0.3,1.7,1.0,-0.15,0.3,1.7,1.0
450,15.0,1,0.19,-0.19145707371766874,1.7920323024424898,1.0,-0.19,-0.19145707371766874,1.7920323024424896,1.0,0.5,-0.19145707371766874,1.7920323024424898,1.0,-0.41882479038258646,0.014108829019502889,1.753537173682904,1.0,0.78,-0.19145707371766874,1.7920323024424898,1.0,-0.5491495649612025,0.0911860179029263,1.518006793296717,1.0,0.15,0.3,1.7,1.0,-0.15,0.3,1.7,1.0
451,15.0333,1,0.19,-0.19190296516448319,1.7896184850485055,1.0,-0.19,-0.19190296516448319,1.7896184850485055,1.0,0.5,-0.19190296516448319,1.7896184850485057,1.0,-0.42288733000064205,0.0093893335971309,1.7529455797308582,1.0,0.78,-0.19190296516448319,1.7896184850485057,1.0,-0.5581163834488888,0.0878311057709889,1.5206526795343267,1.0,0.15,0.3,1.7,1.0,-0.15,0.3,1.7,1.0
452,15.0667,1,0.19,-0.19234776750076749,1.7871416997597027,1.0,-0.19,-0.19234776750076749,1.7871416997597027,1.0,0.5,-0.19234776750076749,1.7871416997597027,1.0,-0.426958839753493,0.004469466057668958,1.7523065905007624,1.0,0.78,-0.19234776750076749,1.787141699759703,1.0,-0.5670516543294281,0.08393711493573211,1.523267519410292,1.0,0.15,0.3,1.7,1.0,-0.15,0.3,1.7,1.0
453,15.1,1,0.19,-0.19279025993753007,1.7846035443152444,1.0,-0.19,-0.19279025993753007,1.7846035443152444,1.0,0.5,-0.19279025993753007,1.7846035443152446,1.0,-0.4310279699051821,-0.0006512991065539264,1.7516166157801527,1.0,0.78,-0.19279025993753007,1.7846035443152446,1.0,-0.5759316990095622,0.07950238024374531,1.5258328763783662,1.0,0.15,0.3,1.7,1.0,-0.15,0.3,1.7,1.0
454,15.1333,1,0.19,-0.1932292269425458,1.782005668643446,1.0,-0.19,-0.1932292269425458,1.782005668643446,1.0,0.5,-0.1932292269425458,1.782005668643446,1.0,-0.4350832127544342,-0.0059729627646571415,1.750871919236965,1.0,0.78,-0.1932292269425458,1.7820056686434462,1.0,-0.5847323974711233,0.07452706546312157,1.5283300872840553,1.0,0.15,0.3,1.7,1.0,-0.15,0.3,1.7,1.0
455,15.1667,1,0.19,-0.19366346160122822,1.7793497742901179,1.0,-0.19,-0.19366346160122822,1.7793497742901179,1.0,0.5,-0.19366346160122822,1.7793497742901179,1.0,-0.4391129373091027,-0.011494969995134108,1.7500686347769179,1.0,0.78,-0.19366346160122822,1.779349774290118,1.0,-0.5934292862768954,0.06901320186812554,1.53074034498172,1.0,0.15,0.3,1.7,1.0,-0.15,0.3,1.7,1.0
456,15.2,1,0.19,-0.19409176896535785,1.7766376137460154,1.0,-0.19,-0.19409176896535785,1.7766376137460154,1.0,0.5,-0.19409176896535785,1.7766376137460154,1.0,-0.44310542611938186,-0.0172161814670167,1.7492027852238106,1.0,0.78,-0.19409176896535785,1.7766376137460154,1.0,-0.6019976585560999,0.06296471895578812,1.5330447835707042,1.0,0.15,0.3,1.7,1.0,-0.15,0.3,1.7,1.0
457,15.2333,1,0.19,-0.1945129693800483,1.7738709896706915,1.0,-0.19,-0.1945129693800483,1.7738709896706915,1.0,0.5,-0.1945129693800483,1.7738709896706915,1.0,-0.4470489141320469,-0.023134847676821335,1.748270303253927,1.0,0.78,-0.1945129693800483,1.7738709896706917,1.0,-0.610412665488229,0.056387467102133576,1.5352245659226387,1.0,0.15,0.3,1.7,1.0,-0.15,0.3,1.7,1.0
458,15.2667,1,0.19,-0.194925901779272,1.771051754010541,1.0,-0.19,-0.194925901779272,1.7710517540105408,1.0,0.5,-0.194925901779272,1.771051754010541,1.0,-0.450931629401226,-0.029248586353927908,1.7472670544860083,1.0,0.78,-0.194925901779272,1.771051754010541,1.0,-0.6186494188293072,0.04928923200094881,1.5372609731516471,1.0,0.15,0.3,1.7,1.0,-0.15,0.3,1.7,1.0
459,15.3,1,0.19,-0.1953294269402362,1.768181807009328,1.0,-0.19,-0.1953294269402362,1.7681818070093278,1.0,0.5,-0.1953294269402362,1.768181807009328,1.0,-0.4547418354651371,-0.03555436333301942,1.7461888625984465,1.0,0.78,-0.1953294269402362,1.768181807009328,1.0,-0.6266830940516633,0.04167974075996639,1.539135495659787,1.0,0.15,0.3,1.7,1.0,-0.15,0.3,1.7,1.0
460,15.3333,1,0.19,-0.1957224306869052,1.7652630961100257,1.0,-0.19,-0.1957224306869052,1.7652630961100257,1.0,0.5,-0.1957224306869052,1.7652630961100257,1.0,-0.45846787517317605,-0.04204847717396465,1.7450315363159177,1.0,0.78,-0.1957224306869052,1.7652630961100257,1.0,-0.6344890336958591,0.033570659557948745,1.5408299253716045,1.0,0.15,0.3,1.7,1.0,-0.15,0.3,1.7,1.0
461,15.3667,1,0.19,-0.19610382703300394,1.7622976147473348,1.0,-0.19,-0.19610382703300394,1.7622976147473346,1.0,0.5,-0.19610382703300394,1.7622976147473348,1.0,-0.4620982157240808,-0.04872654778708396,1.7437908980790073,1.0,0.78,-0.19610382703300394,1.7622976147473348,1.0,-0.6420428505604887,0.02497558279144635,1.5423264487541275,1.0,0.15,0.3,1.7,1.0,-0.15,0.3,1.7,1.0
462,15.4,1,0.19,-0.1964725612549128,1.7592874010307997,1.0,-0.19,-0.1964725612549128,1.7592874010307997,1.0,0.5,-0.1964725612549128,1.7592874010307997,1.0,-0.4656214946539685,-0.05558350929517736,1.7424628141829936,1.0,0.78,-0.1964725612549128,1.7592874010307997,1.0,-0.6493205303811682,0.015910013662154943,1.543607740201849,1.0,0.15,0.3,1.7,1.0,-0.15,0.3,1.7,1.0
463,15.4333,1,0.19,-0.19682761288497852,1.7562345363190088,1.0,-0.19,-0.19682761288497852,1.7562345363190088,1.0,0.5,-0.19682761288497852,1.7562345363190088,1.0,-0.46902656649317853,-0.06261360733316185,1.7410432261462576,1.0,0.78,-0.19682761288497852,1.756234536319009,1.0,-0.6562985336731861,0.00639133617517923,1.5446570553501935,1.0,0.15,0.3,1.7,1.0,-0.15,0.3,1.7,1.0
464,15.4667,1,0.19,-0.1971679986159125,1.7531411436859239,1.0,-0.19,-0.1971679986159125,1.7531411436859239,1.0,0.5,-0.1971679986159125,1.7531411436859239,1.0,-0.4723025497933743,-0.06981040095187441,1.7395281830452545,1.0,0.78,-0.1971679986159125,1.753141143685924,1.0,-0.6629538964321888,-0.003561221464362163,1.5454583238655304,1.0,0.15,0.3,1.7,1.0,-0.15,0.3,1.7,1.0
465,15.5,1,0.19,-0.19749277510713886,1.750009386280955,1.0,-0.19,-0.19749277510713886,1.750009386280955,1.0,0.5,-0.19749277510713886,1.750009386280955,1.0,-0.4754388742115773,-0.07716676925487465,1.7379138745320366,1.0,0.78,-0.19749277510713886,1.7500093862809551,1.0,-0.6692643294031903,-0.013926632053473387,1.5459962412449622,1.0,0.15,0.3,1.7,1.0,-0.15,0.3,1.7,1.0
466,15.5333,1,0.19,-0.19780104168417845,1.7468414655849585,1.0,-0.19,-0.19780104168417845,1.7468414655849585,1.0,0.5,-0.19780104168417845,1.7468414655849585,1.0,-0.4784253273259766,-0.08467492285626471,1.736196664232374,1.0,0.78,-0.19780104168417845,1.7468414655849585,1.0,-0.6752083156395421,-0.024682123174605664,1.5462563591448557,1.0,0.15,0.3,1.7,1.0,-0.15,0.3,1.7,1.0
467,15.5667,1,0.19,-0.19809194292241988,1.7436396195648955,1.0,-0.19,-0.19809194292241988,1.7436396195648955,1.0,0.5,-0.19809194292241988,1.7436396195648955,1.0,-0.4812521008497336,-0.09232642020408088,1.7343731232079578,1.0,0.78,-0.19809194292241988,1.7436396195648955,1.0,-0.6807652060798605,-0.035803239527989694,1.5462251737434731,1.0,0.15,0.3,1.7,1.0,-0.15,0.3,1.7,1.0
468,15.6,1,0.19,-0.19836467110692946,1.7404061207304293,1.0,-0.19,-0.19836467110692946,1.7404061207304293,1.0,0.5,-0.19836467110692946,1.7404061207304296,1.0,-0.4839098359037864,-0.10011218876821565,1.7324400631553116,1.0,0.78,-0.19836467110692946,1.7404061207304296,1.0,-0.6859153128720435,-0.047263913765284105,1.5458902116301991,1.0,0.15,0.3,1.7,1.0,-0.15,0.3,1.7,1.0
469,15.6333,1,0.19,-0.19861846856028964,1.7371432740962809,1.0,-0.19,-0.19861846856028964,1.7371432740962809,1.0,0.5,-0.19861846856028964,1.737143274096281,1.0,-0.48638966700800107,-0.10802255104461628,1.7303945690071876,1.0,0.78,-0.19861846856028964,1.737143274096281,1.0,-0.6906400001693438,-0.05903654575943962,1.5452401127019688,1.0,0.15,0.3,1.7,1.0,-0.15,0.3,1.7,1.0
470,15.6667,1,0.19,-0.19885262983083113,1.7338534150546703,1.0,-0.19,-0.19885262983083113,1.73385341505467,1.0,0.5,-0.19885262983083113,1.7338534150546703,1.0,-0.4886832644520442,-0.11604725527931903,1.728234030599585,1.0,0.78,-0.19885262983083113,1.7338534150546703,1.0,-0.6949217721141356,-0.07109209022547869,1.5442647095368178,1.0,0.15,0.3,1.7,1.0,-0.15,0.3,1.7,1.0
471,15.7,1,0.19,-0.199066503734031,1.7305389071626742,1.0,-0.19,-0.199066503734031,1.730538907162674,1.0,0.5,-0.199066503734031,1.7305389071626742,1.0,-0.4907828747131201,-0.12417551076731442,1.7259561730692838,1.0,0.78,-0.199066503734031,1.7305389071626742,1.0,-0.6987443577108451,-0.08340015258291222,1.5429551027054176,1.0,0.15,0.3,1.7,1.0,-0.15,0.3,1.7,1.0
472,15.7333,1,0.19,-0.19925949524029302,1.7272021398497959,1.0,-0.19,-0.19925949524029302,1.7272021398497956,1.0,0.5,-0.19925949524029302,1.7272021398497959,1.0,-0.49268135859724715,-0.1323960275330015,1.7235590856530185,1.0,0.78,-0.19925949524029302,1.7272021398497959,1.0,-0.7020927922710282,-0.09592909292195778,1.5413037314744225,1.0,0.15,0.3,1.7,1.0,-0.15,0.3,1.7,1.0
473,15.7667,1,0.19,-0.19943106720280007,1.7238455260514887,1.0,-0.19,-0.19943106720280007,1.7238455260514887,1.0,0.5,-0.19943106720280007,1.7238455260514889,1.0,-0.4943722267939887,-0.14069706015172018,1.7210412485701359,1.0,0.78,-0.19943106720280007,1.7238455260514889,1.0,-0.7049534950914612,-0.10864613790177335,1.5393044393509911,1.0,0.15,0.3,1.7,1.0,-0.15,0.3,1.7,1.0
474,15.8,1,0.19,-0.19958074191963265,1.7204714997747943,1.0,-0.19,-0.19958074191963265,1.7204714997747943,1.0,0.5,-0.19958074191963265,1.7204714997747943,1.0,-0.49584967255142426,-0.14906645542625951,1.7184015576857548,1.0,0.78,-0.19958074191963265,1.7204714997747943,1.0,-0.7073143430012554,-0.12151750036899917,1.53695253391655,1.0,0.15,0.3,1.7,1.0,-0.15,0.3,1.7,1.0
475,15.8333,1,0.19,-0.19970810252488008,1.7170825136026275,1.0,-0.19,-0.19970810252488008,1.7170825136026275,1.0,0.5,-0.19970810252488008,1.7170825136026275,1.0,-0.49710860119849054,-0.1574917035889964,1.715639346670908,1.0,0.78,-0.19970810252488008,1.7170825136026275,1.0,-0.7091647393874395,-0.13450850643855217,1.5342448404003672,1.0,0.15,0.3,1.7,1.0,-0.15,0.3,1.7,1.0
476,15.8667,1,0.19,-0.19981279420402753,1.7136810361435986,1.0,-0.19,-0.19981279420402753,1.7136810361435986,1.0,0.5,-0.19981279420402753,1.7136810361435988,1.0,-0.4981446562654334,-0.16595999266005462,1.7127544063997107,1.0,0.78,-0.19981279420402753,1.7136810361435988,1.0,-0.7104956782813365,-0.14758372972556166,1.531179748450525,1.0,0.15,0.3,1.7,1.0,-0.15,0.3,1.7,1.0
477,15.9,1,0.19,-0.19989452522948392,1.7102695494345612,1.0,-0.19,-0.19989452522948392,1.7102695494345612,1.0,0.5,-0.19989452522948392,1.7102695494345612,1.0,-0.498954241979754,-0.17445826555523253,1.7097470013509726,1.0,0.78,-0.19989452522948392,1.7102695494345612,1.0,-0.7112998030616808,-0.16070713235759376,1.5277572515720839,1.0,0.15,0.3,1.7,1.0,-0.15,0.3,1.7,1.0
478,15.9333,1,0.19,-0.1999530678127155,1.7068505463033468,1.0,-0.19,-0.1999530678127155,1.7068505463033468,1.0,0.5,-0.1999530678127155,1.706850546303347,1.0,-0.49953454194439223,-0.182973279504986,1.7066178828124874,1.0,0.78,-0.1999530678127155,1.706850546303347,1.0,-0.711571459306141,-0.1738422123300749,1.5239789787203575,1.0,0.15,0.3,1.7,1.0,-0.15,0.3,1.7,1.0
479,15.9667,1,0.19,-0.19998825877006893,1.7034265276993739,1.0,-0.19,-0.19998825877006893,1.7034265276993739,1.0,0.5,-0.19998825877006893,1.703426527699374,1.0,-0.49988353383663686,-0.19149166731796902,1.7033682987200924,1.0,0.78,-0.19998825877006893,1.703426527699374,1.0,-0.711306741302125,-0.1869521566955632,1.5198482175618873,1.0,0.15,0.3,1.7,1.0,-0.15,0.3,1.7,1.0
480,16.0,1,0.19,-0.2,1.7,1.0,-0.19,-0.2,1.7,1.0,0.5,-0.2,1.7,1.0,-0.5,-0.2,1.7,1.0,0.78,-0.2,1.7,1.0,-0.7105035317118797,-0.2,1.515369928947569,1.0,0.15,0.3,1.7,1.0,-0.15,0.3,1.7,1.0
481,16.0333,1,0.1934220660320003,-0.1986861782443068,1.7,1.0,-0.1865690106332521,-0.20129033929583112,1.7,1.0,0.503414786469443,-0.1965617310706948,1.7,1.0,-0.4965617310706948,-0.20341478646944305,1.7,1.0,0.7834082113806816,-0.1946428755590453,1.7,1.0,-0.7059600306314044,-0.19805548313369342,1.5141946448327208,1.0,0.14999647763102067,0.3010279583098122,1.7,1.0,-0.14999647763102067,0.29897204169018776,1.7,1.0
482,16.0667,1,0.19683271207217878,-0.19734986021744366,1.7,1.0,-0.183131619465485,-0.20255627540798732,1.7,1.0,0.5068036141160623,-0.19310252150936863,1.7,1.0,-0.4931025215093686,-0.20680361411606235,1.7,1.0,0.7867773320911831,-0.18926621557949436,1.7,1.0,-0.7013305820028796,-0.19597503716725678,1.5131208498939097,1.0,0.14998592034381464,0.30205516389100406,1.7,1.0,-0.14998592034381464,0.2979448361089959,1.7,1.0
483,16.1,1,0.20022946902176533,-0.19599209644435056,1.7,1.0,-0.17969037015264247,-0.20379695401461723,1.7,1.0,0.5101640746640453,-0.1896249757949225,1.7,1.0,-0.4896249757949225,-0.21016407466404535,1.7,1.0,0.7901050087925563,-0.1838740281115681,1.7,1.0,-0.6966177178003697,-0.1937513280930338,1.5121579745981688,1.0,0.14996835756884516,0.30308086483036845,1.7,1.0,-0.14996835756884516,0.29691913516963153,1.7,1.0
484,16.1333,1,0.2036098979411291,-0.19461400046946004,1.7,1.0,-0.17624782565393182,-0.20501158793859503,1.7,1.0,0.5134938303476262,-0.18613175806042886,1.7,1.0,-0.48613175806042885,-0.2134938303476262,1.7,1.0,0.7933889951018815,-0.17847037782001363,1.7,1.0,-0.6918238333932967,-0.19137819981490017,1.5113159544863481,1.0,0.14994383826120825,0.3041043108430796,1.7,1.0,-0.14994383826120825,0.2958956891569204,1.7,1.0
485,16.1667,1,0.2069715925620821,-0.19321674735588157,1.7,1.0,-0.17280656535682673,-0.20619945769387865,1.7,1.0,0.5167906161275078,-0.1826255889222524,1.7,1.0,-0.4826255889222524,-0.21679061612750777,1.7,1.0,0.7966271535414406,-0.17305938130478088,1.7,1.0,-0.6869511652281437,-0.18885077143712797,1.5106051110881211,1.0,0.14991243075746402,0.3051247540807883,1.7,1.0,-0.14991243075746402,0.29487524591921166,1.7,1.0
486,16.2,1,0.21031218170425475,-0.1918015720052108,1.7,1.0,-0.16936918215466606,-0.2073599118340545,1.7,1.0,0.520052241694427,-0.1791092421448383,1.7,1.0,-0.4791092421448383,-0.220052241694427,1.7,1.0,0.7998174571694213,-0.16764520227095348,1.7,1.0,-0.6820017673190119,-0.18616552033721384,1.5100360209300037,1.0,0.14987422257588978,0.3061414499324383,1.7,1.0,-0.14987422257588978,0.2938585500675617,1.7,1.0
487,16.2333,1,0.21362933158855296,-0.1903697673032343,1.7,1.0,-0.1659382794855751,-0.2084923671023659,1.7,1.0,0.523276593254289,-0.17558554115131114,1.7,1.0,-0.47558554115131113,-0.223276593254289,1.7,1.0,0.802957990887857,-0.16223204656247736,1.7,1.0,-0.6769774873600801,-0.18332034957229476,1.5096193744283062,1.0,0.14982932016084002,0.3071536578154467,1.7,1.0,-0.14982932016084002,0.2928463421845533,1.7,1.0
488,16.2667,1,0.21692074804110698,-0.18892268209737068,1.7,1.0,-0.1625164683415157,-0.20959630838321536,1.7,1.0,0.5264616350900886,-0.17205735539049738,1.7,1.0,-0.47205735539049737,-0.2264616350900886,1.7,1.0,0.8060469524246527,-0.15682415707461184,1.7,1.0,-0.6718799433337115,-0.1803146384091775,1.5093658266600438,1.0,0.1497778485720879,0.3081606419549387,1.7,1.0,-0.1497778485720879,0.2918393580450613,1.7,1.0
489,16.3,1,0.2201841785816059,-0.18746171901221487,1.7,1.0,-0.15910636425625765,-0.2106712884558472,1.7,1.0,0.5296054108967051,-0.1685275965713569,1.7,1.0,-0.4685275965713569,-0.2296054108967051,1.7,1.0,0.8090826529877625,-0.1514258085602594,1.7,1.0,-0.6667105015252359,-0.17714927503524913,1.5092858421759772,1.0,0.1497199511202093,0.30916167214880225,1.7,1.0,-0.1497199511202093,0.29083832785119773,1.7,1.0
490,16.3333,1,0.22341741439038582,-0.18598833211005655,1.7,1.0,-0.15571058428104584,-0.2117169275516057,1.7,1.0,0.5327060448855011,-0.16499921477616114,1.7,1.0,-0.46499921477616113,-0.23270604488550112,1.7,1.0,0.8120635175907666,-0.14604130234554596,1.7,1.0,-0.6614702568677628,-0.17382667079664615,1.5093895361572591,1.0,0.14965578894924933,0.310156024516401,1.7,1.0,-0.14965578894924933,0.28984397548359897,1.7,1.0
491,16.3667,1,0.22661829214919096,-0.1845040244037029,1.7,1.0,-0.15233174395662916,-0.2127329127168764,1.7,1.0,0.5357617426565705,-0.16147519446400876,1.7,1.0,-0.46147519446400875,-0.23576174265657052,1.7,1.0,0.8149880850503328,-0.1406749609700914,1.7,1.0,-0.6561600165265804,-0.1703507556152909,1.5096865143171656,1.0,0.14958554056808687,0.31114298222888426,1.7,1.0,-0.14958554056808687,0.2888570177711157,1.7,1.0
492,16.4,1,0.22978469575106247,-0.18301034522936632,1.7,1.0,-0.1489724542902039,-0.21371899698449254,1.7,1.0,0.5387707918373588,-0.15795855037650014,1.7,1.0,-0.45795855037650013,-0.23877079183735878,1.7,1.0,0.8178550076572392,-0.1353311227674598,1.7,1.0,-0.6507802875926367,-0.16672695455167497,1.5101857140094426,1.0,0.14950940133207882,0.31212183621912876,1.7,1.0,-0.14950940133207882,0.2878781637808712,1.7,1.0
493,16.4333,1,0.2329145578754151,-0.18150888748775956,1.7,1.0,-0.14563531874562402,-0.2146749983570802,1.7,1.0,0.5417315624873154,-0.15445232335752435,1.7,1.0,-0.45445232335752433,-0.24173156248731537,1.7,1.0,0.8206630505238706,-0.13001413640118287,1.7,1.0,-0.6453312696885425,-0.1629621457989674,1.5108952490228291,1.0,0.14942758287672595,0.3130918858694686,1.7,1.0,-0.14942758287672595,0.28690811413053136,1.7,1.0
494,16.4667,1,0.23600586142494612,-0.1800012847618943,1.7,1.0,-0.1423229302550295,-0.21560079860646258,1.7,1.0,0.5446425072691368,-0.15095957609922017,1.7,1.0,-0.45095957609922016,-0.24464250726913678,1.7,1.0,0.8234110906122767,-0.1247283553716435,1.7,1.0,-0.6398128531998506,-0.1590646007095235,1.5118222605162166,1.0,0.14934031250525354,0.31405243967548746,1.7,1.0,-0.14934031250525354,0.2859475603245125,1.7,1.0
495,16.5,1,0.2390566408216677,-0.178489208320376,1.7,1.0,-0.13903786825975786,-0.2164963418939017,1.7,1.0,0.5475021613880937,-0.14748338882618395,1.7,1.0,-0.44748338882618394,-0.24750216138809372,1.7,1.0,0.8260981154480915,-0.1194781325088492,1.7,1.0,-0.6342246237308007,-0.1550439067603096,1.5129727764803138,1.0,0.14924783253214166,0.31500281588428647,1.7,1.0,-0.14924783253214166,0.2849971841157135,1.7,1.0
496,16.5333,1,0.24206498315997088,-0.17697436401526134,1.7,1.0,-0.13578269578812263,-0.2173616332165637,1.7,1.0,0.5503091423018366,-0.14402685492998835,1.7,1.0,-0.44402685492998833,-0.2503091423018366,1.7,1.0,0.8287232215267477,-0.11426781446587081,1.7,1.0,-0.6285658732500526,-0.150910874652616,1.5143515820002742,1.0,0.14915039958477375,0.31594234310577723,1.7,1.0,-0.14915039958477375,0.28405765689422274,1.7,1.0
497,16.5667,1,0.24502902921530073,-0.17545848908375516,1.7,1.0,-0.13255995657728292,-0.21819673668620193,1.7,1.0,0.5530621492039874,-0.14059307656596964,1.7,1.0,-0.44059307656596963,-0.25306214920398745,1.7,1.0,0.8312856124195753,-0.10910173622732466,1.7,1.0,-0.6228356182412654,-0.14667743100731157,1.5159621024409864,1.0,0.14904828386549354,0.31687036089570264,1.7,1.0,-0.14904828386549354,0.28312963910429734,1.7,1.0
498,16.6,1,0.2479469743076667,-0.17394334886320884,1.7,1.0,-0.129372172246067,-0.21900177364661672,1.7,1.0,0.5557599622857127,-0.13718516022411292,1.7,1.0,-0.4371851602241129,-0.2557599622857127,1.7,1.0,0.8337845965884638,-0.103984215646865,1.7,1.0,-0.6170326250096256,-0.1423564983540488,1.5178063014851402,1.0,0.14894176837647383,0.31778622030924,1.7,1.0,-0.14894176837647383,0.28221377969076,1.7,1.0
499,16.6333,1,0.25081706901987627,-0.1724307334290167,1.7,1.0,-0.1262218395252067,-0.2197769206369911,1.7,1.0,0.5584014417803387,-0.1338062122856692,1.7,1.0,-0.4338062122856692,-0.2584014417803387,1.7,1.0,0.8362195849188209,-0.09891954802716169,1.7,1.0,-0.6111554421227686,-0.13796186431603602,1.5198845957270506,1.0,0.14883114810990117,0.3186892844242004,1.7,1.0,-0.14883114810990117,0.28131071557579956,1.7,1.0
500,16.6667,1,0.25363761977104987,-0.17092245416509538,1.7,1.0,-0.12311142755099808,-0.22052240720871502,1.7,1.0,0.560985526796931,-0.1304593345768793,1.7,1.0,-0.4304593345768793,-0.26098552679693104,1.7,1.0,0.8385900879815981,-0.09391200075526479,1.7,1.0,-0.6052024397874988,-0.13350804205686262,1.5221957872667353,1.0,0.14871672920607154,0.31957892883300776,1.7,1.0,-0.14871672920607154,0.2804210711669922,1.7,1.0
501,16.7,1,0.2564069892466177,-0.16942034027669156,1.7,1.0,-0.12004337522796184,-0.22123851360378083,1.7,1.0,0.5635112339495641,-0.12714761993090828,1.7,1.0,-0.4271476199309083,-0.26351123394956416,1.7,1.0,0.8408957130360964,-0.0889658080056846,1.7,1.0,-0.5991718557871697,-0.12901012417897123,1.5247370154637656,1.0,0.14859882808207084,0.3204545421027984,1.7,1.0,-0.14859882808207084,0.2795454578972016,1.7,1.0
502,16.7333,1,0.2591235966866644,-0.1679262352552664,1.7,1.0,-0.11702008866558232,-0.22192556830327764,1.7,1.0,0.5659776557898131,-0.12387414776873096,1.7,1.0,-0.42387414776873095,-0.2659776557898131,1.7,1.0,0.8431361607862055,-0.08408516552282796,1.7,1.0,-0.5930618474331505,-0.12448363234215726,1.5275037287044835,1.0,0.14847777053378158,0.3213155262031623,1.7,1.0,-0.14847777053378158,0.2786844737968377,1.7,1.0
503,16.7667,1,0.26178591803510975,-0.16644199330518566,1.7,1.0,-0.114043938693727,-0.22258394545491106,1.7,1.0,0.5683839590507397,-0.12064197970935703,1.7,1.0,-0.420641979709357,-0.2683839590507397,1.7,1.0,0.8453112219035669,-0.07927422549376983,1.7,1.0,-0.5868705488223718,-0.11994436490367266,1.5304896767152698,1.0,0.1483538908140145,0.3221612969012074,1.7,1.0,-0.1483538908140145,0.2778387030987926,1.7,1.0
504,16.8,1,0.26439248595285125,-0.16496947574187204,1.7,1.0,-0.1111172584608207,-0.2232140621888437,1.7,1.0,0.5707293827113731,-0.11745415521934255,1.7,1.0,-0.41745415521934254,-0.2707293827113731,1.7,1.0,0.8474207733319735,-0.074537091521574,1.7,1.0,-0.5805961325457916,-0.11540824486874074,1.5336869236250905,1.0,0.14822753068960734,0.32299128412380457,1.7,1.0,-0.14822753068960734,0.2770087158761954,1.7,1.0
505,16.8333,1,0.26694188969858457,-0.16351054737098353,1.7,1.0,-0.10824234111834892,-0.223816375831473,1.7,1.0,0.5730132358913461,-0.11431368731111047,1.7,1.0,-0.41431368731111046,-0.27301323589134613,1.7,1.0,0.8494647743880339,-0.06987781370864449,1.7,1.0,-0.5742368748639713,-0.1108911703825109,1.5370858816490067,1.0,0.14809903848036848,0.32380493228703533,1.7,1.0,-0.14809903848036848,0.27619506771296465,1.7,1.0
506,16.8667,1,0.2694327748816135,-0.1620670728580363,1.7,1.0,-0.10542143759472133,-0.2243913810270553,1.7,1.0,0.5752348955859918,-0.11122355829909975,1.7,1.0,-0.41122355829909973,-0.27523489558599185,1.7,1.0,0.8514432626738175,-0.0653003838587699,1.7,1.0,-0.5677912232592519,-0.10640886989357645,1.5406753649374036,1.0,0.14796876808276374,0.32460170059303384,1.7,1.0,-0.14796876808276374,0.27539829940696614,1.7,1.0
507,16.9,1,0.27186384309150574,-0.16064091309773731,1.7,1.0,-0.10265675446101713,-0.224939606777323,1.7,1.0,0.5773938042527744,-0.10818671562228582,1.7,1.0,-0.4081867156222858,-0.27739380425277443,1.7,1.0,0.8533563498177913,-0.060808730805749,1.7,1.0,-0.5612578651923347,-0.10197676397820654,1.5444426628197356,1.0,0.14783707798125903,0.3253810632945733,1.7,1.0,-0.14783707798125903,0.2746189367054267,1.7,1.0
508,16.9333,1,0.2742338514099944,-0.1592339215920805,1.7,1.0,-0.09995045189058893,-0.22546161340945453,1.7,1.0,0.5794894672604702,-0.10520606774106483,1.7,1.0,-0.4052060677410648,-0.27948946726047025,1.7,1.0,0.8552042170609001,-0.05640671587563123,1.7,1.0,-0.5546357968365268,-0.09760983563726433,1.5483736313728254,1.0,0.14770433025023025,0.32614250992791083,1.7,1.0,-0.14770433025023025,0.27385749007208915,1.7,1.0
509,16.9667,1,0.27654161181100917,-0.15784794084605114,1.7,1.0,-0.09730464171399812,-0.2259579894829153,1.7,1.0,0.5815214502129887,-0.10228448011597774,1.7,1.0,-0.4022844801159777,-0.28152145021298874,1.7,1.0,0.8569871107050995,-0.05209812848881462,1.7,1.0,-0.547924390537138,-0.09332251066926461,1.5524528019678647,1.0,0.14757088954934497,0.3268855455145516,1.7,1.0,-0.14757088954934497,0.27311445448544835,1.7,1.0
510,17.0,1,0.27878599045520386,-0.1564847987895227,1.7,1.0,-0.09472138557022441,-0.22642934864581493,1.7,1.0,0.5834893761601585,-0.09942477127517907,1.7,1.0,-0.39942477127517906,-0.2834893761601585,1.7,1.0,0.858705337442053,-0.04788668190738482,1.7,1.0,-0.5411234597469801,-0.08912854948846577,1.5566635052023816,1.0,0.14743712211530063,0.3276096907327469,1.7,1.0,-0.14743712211530063,0.27239030926725305,1.7,1.0
511,17.0333,1,0.28096590688576245,-0.15514630523366996,1.7,1.0,-0.0922026931546057,-0.2268763264515095,1.7,1.0,0.5853929227081681,-0.09662970897701134,1.7,1.0,-0.39662970897701133,-0.28539292270816813,1.7,1.0,0.8603592595800184,-0.04377600913228746,1.7,1.0,-0.5342333202216853,-0.08504095150241914,1.5609880084079242,1.0,0.1473033947527769,0.3283144820596735,1.7,1.0,-0.1473033947527769,0.27168551794032647,1.7,1.0
512,17.0667,1,0.2830803331326725,-0.15383424836992543,1.7,1.0,-0.0897505205634645,-0.22729957714622445,1.7,1.0,0.587231819042679,-0.09390200647347097,1.7,1.0,-0.39390200647347096,-0.28723181904267897,1.7,1.0,0.861949290187201,-0.039769658954092735,1.7,1.0,-0.5272548463194178,-0.08107187289515588,1.5654076647447126,1.0,0.14717007382742248,0.3289994718853812,1.7,1.0,-0.14717007382742248,0.2710005281146188,1.7,1.0
513,17.1,1,0.28512829273300233,-0.1525503913192025,1.7,1.0,-0.08736676873491535,-0.2276997704384756,1.7,1.0,0.5890058428778825,-0.09124431887979556,1.7,1.0,-0.39124431887979555,-0.2890058428778825,1.7,1.0,0.8634758881700324,-0.035871092160331186,1.7,1.0,-0.5201895213369538,-0.07723255838678927,1.569903071753646,1.0,0.14703752426365171,0.329664228599713,1.7,1.0,-0.14703752426365171,0.270335771400287,1.7,1.0
514,17.1333,1,0.2871088596750331,-0.15129646873879055,1.7,1.0,-0.08505328198490257,-0.22807758826104013,1.7,1.0,0.5907148173449807,-0.08865923965485012,1.7,1.0,-0.3886592396548501,-0.29071481734498067,1.7,1.0,0.8649395533049332,-0.03208367790161354,1.7,1.0,-0.5130394809254578,-0.07353328726411973,1.5744542371356103,1.0,0.1469061085499746,0.33030833665351955,1.7,1.0,-0.1469061085499746,0.2696916633464804,1.7,1.0
515,17.1667,1,0.28902115727437505,-0.1500741834939891,1.7,1.0,-0.0828118466370818,-0.22843372153616054,1.7,1.0,0.5923586078337214,-0.08614929719642822,1.7,1.0,-0.3861492971964282,-0.2923586078337214,1.7,1.0,0.8663408212421634,-0.02841069021798609,1.7,1.0,-0.5058075487615152,-0.06998333370612847,1.5790407494688221,1.0,0.14677618575452245,0.33093139659559395,1.7,1.0,-0.14677618575452245,0.269068603404406,1.7,1.0
516,17.2,1,0.2908643569904172,-0.14888520340121614,1.7,1.0,-0.08064418974477743,-0.22876886695455928,1.7,1.0,0.5939371188007075,-0.08371695155506781,1.7,1.0,-0.3837169515550678,-0.29393711880070755,1.7,1.0,0.8676802585003247,-0.024855304726288663,1.7,1.0,-0.4984972637986177,-0.06659094116900705,1.5836419515567208,1.0,0.1466481105533663,0.33153302508684596,1.7,1.0,-0.1466481105533663,0.268466974913154,1.7,1.0
517,17.2333,1,0.29263767719165706,-0.14773115804896975,1.7,1.0,-0.07855197790286193,-0.22908372377871195,1.7,1.0,0.5954502905582384,-0.08136459126944323,1.7,1.0,-0.3813645912694432,-0.2954502905582384,1.7,1.0,0.8689584574699892,-0.021420595468580605,1.7,1.0,-0.4911128985871024,-0.06336331035288273,1.5882371141207086,1.0,0.14652223227415223,0.33211285489331926,1.7,1.0,-0.14652223227415223,0.2678871451066807,1.7,1.0
518,17.2667,1,0.2943403818785864,-0.146613635702682,1.7,1.0,-0.07653681614708124,-0.22937899068065398,1.7,1.0,0.5968980960574206,-0.0790945303259154,1.7,1.0,-0.3790945303259154,-0.2968980960574206,1.7,1.0,0.8701760314447546,-0.018109531921093935,1.7,1.0,-0.48365946832252155,-0.06030660005157734,1.5928056076117645,1.0,0.1463988939575004,0.33267053485972575,1.7,1.0,-0.1463988939575004,0.2673294651402742,1.7,1.0
519,17.3,1,0.29597177937291785,-0.1455341802991425,1.7,1.0,-0.0746002469380285,-0.2296553626244005,1.7,1.0,0.5982805376792162,-0.07690900524432681,1.7,1.0,-0.3769090052443268,-0.2982805376792162,1.7,1.0,0.8713336096978082,-0.014924976162557835,1.7,1.0,-0.47614273045890015,-0.057425939991489205,1.597327070010047,1.0,0.14627843143853145,0.3332057298652334,1.7,1.0,-0.14627843143853145,0.2667942701347666,1.7,1.0
520,17.3333,1,0.29753122098197826,-0.14449428853582946,1.7,1.0,-0.07274374922671248,-0.22991352780283042,1.7,1.0,0.5995976440469628,-0.07481017229169706,1.7,1.0,-0.37481017229169705,-0.2995976440469628,1.7,1.0,0.8724318326217877,-0.011869680200222665,1.7,1.0,-0.4685691749001164,-0.05472545459934791,1.6017815686085048,1.0,0.146161172450799,0.3337181207632899,1.7,1.0,-0.146161172450799,0.2662818792367101,1.7,1.0
521,17.3667,1,0.2990180996471141,-0.14349540706012787,1.7,1.0,-0.0709687375984152,-0.23015416463863342,1.7,1.0,0.6008494668737301,-0.07280010482503119,1.7,1.0,-0.3728001048250312,-0.3008494668737301,1.7,1.0,0.8734713469493833,-0.008946283451395531,1.7,1.0,-0.4609460049552851,-0.05220829650345754,1.6061497539314444,1.0,0.1460474357548142,0.33420740430730483,1.7,1.0,-0.1460474357548142,0.26579259569269514,1.7,1.0
522,17.4,1,0.3004318485849056,-0.14253892976308463,1.7,1.0,-0.06927656149134835,-0.2303779388586364,1.7,1.0,0.6020360778576391,-0.07088079076408188,1.7,1.0,-0.37088079076408187,-0.30203607785763914,1.7,1.0,0.8744528010717211,-0.006157310377885861,1.7,1.0,-0.4532811094086064,-0.049876688470647634,1.6104130041174476,1.0,0.14593753029325815,0.3346732930640336,1.7,1.0,-0.14593753029325815,0.2653267069359664,1.7,1.0
523,17.4333,1,0.30177193992991924,-0.1416261951820037,1.7,1.0,-0.06766850448644174,-0.23058550065052513,1.7,1.0,0.6031575656380032,-0.06905413019452572,1.7,1.0,-0.3690541301945257,-0.30315756563800317,1.7,1.0,0.8753768404711113,-0.0035051682703520215,1.7,1.0,-0.44558302620687207,-0.047731972412066614,1.6145535582934558,1.0,0.14583175437487933,0.3351155153165216,1.7,1.0,-0.14583175437487933,0.26488448468347836,1.7,1.0
524,17.4667,1,0.3030378833875937,-0.14075848401586916,1.7,1.0,-0.06614578366448391,-0.2307774819106509,1.7,1.0,0.6042140328248149,-0.06732193310170514,1.7,1.0,-0.36732193310170513,-0.3042140328248149,1.7,1.0,0.8762441032842406,-0.0009921451792343494,1.7,1.0,-0.43786089840560305,-0.045774664054992475,1.6185546376783106,1.0,0.145730394888978,0.33553381495846646,1.7,1.0,-0.145730394888978,0.2644661850415335,1.7,1.0
525,17.5,1,0.3042292249057008,-0.13993701675725867,1.7,1.0,-0.06470954902673796,-0.23095449359126458,1.7,1.0,0.605205593113743,-0.06568591723478018,1.7,1.0,-0.36568591723478017,-0.305205593113743,1.7,1.0,0.8770552160113295,0.001379592011329478,1.7,1.0,-0.4301244231347231,-0.04400451187391724,1.6224005533748533,1.0,0.14563372655227846,0.3359279513818444,1.7,1.0,-0.14563372655227846,0.2640720486181556,1.7,1.0
526,17.5333,1,0.3053455453726089,-0.13916295144411267,1.7,1.0,-0.06336088297511488,-0.23111712315516036,1.7,1.0,0.6061323684983835,-0.06414770610088955,1.7,1.0,-0.36414770610088953,-0.3061323684983835,1.7,1.0,0.87781078938618,0.003607999370408843,1.7,1.0,-0.4223837944448675,-0.04242055890062435,1.6260768000349848,1.0,0.14554201118989094,0.33629769935962406,1.7,1.0,-0.14554201118989094,0.2637023006403759,1.7,1.0
527,17.5667,1,0.30638645935033837,-0.13843738153442553,1.7,1.0,-0.0621007998479674,-0.23126593214532648,1.7,1.0,0.6069944865910615,-0.06270882708869058,1.7,1.0,-0.36270882708869057,-0.3069944865910615,1.7,1.0,0.8785114144213921,0.005691157571973304,1.7,1.0,-0.41464964097407137,-0.041021206087376416,1.62957013480751,1.0,0.1454554970519628,0.3366428489253556,1.7,1.0,-0.1454554970519628,0.26335715107464436,1.7,1.0
528,17.6,1,0.30735161385011545,-0.13776133390665007,1.7,1.0,-0.060930245507598096,-0.2314014538768066,1.7,1.0,0.607792078062987,-0.06137070972046971,1.7,1.0,-0.3613707097204697,-0.307792078062987,1.7,1.0,0.879157658642355,0.007627273415435176,1.7,1.0,-0.40693295943104957,-0.039804275976856374,1.632868641199841,1.0,0.1453744181675185,0.3369632052513776,1.7,1.0,-0.1453744181675185,0.2630367947486224,1.7,1.0
529,17.6333,1,0.3082406871578077,-0.13713576698833796,1.7,1.0,-0.05985009697563484,-0.23152419125756368,1.7,1.0,0.6085252742140372,-0.06013468403186434,1.7,1.0,-0.3601346840318643,-0.30852527421403725,1.7,1.0,0.8797500625228898,0.009414681219144072,1.7,1.0,-0.3992450449250978,-0.03876707553380632,1.6359617776980178,1.0,0.14529899373688523,0.33725858852732593,1.7,1.0,-0.14529899373688523,0.26274141147267405,1.7,1.0
530,17.6667,1,0.30905338771628144,-0.1365615690152877,1.7,1.0,-0.05886116211252029,-0.23163461474471697,1.7,1.0,0.6091942046818829,-0.059001979078121713,1.7,1.0,-0.3590019790781217,-0.3091942046818829,1.7,1.0,0.8802891361346842,0.011051844090931351,1.7,1.0,-0.39159741918419894,-0.03790645711281582,1.6388404111917576,1.0,0.14522942756400067,0.33752883384056415,1.7,1.0,-0.14522942756400067,0.26247116615943583,1.7,1.0
531,17.7,1,0.3097894530713244,-0.1360395564232329,1.7,1.0,-0.05796417933749726,-0.2317331604420872,1.7,1.0,0.6097989952995736,-0.05797372156574648,1.7,1.0,-0.35797372156574647,-0.3097989952995736,1.7,1.0,0.8807753560218633,0.012537355079725143,1.7,1.0,-0.38400175769311345,-0.03721887667064411,1.641496835439515,1.0,0.145165907529798,0.33777379106007405,1.7,1.0,-0.145165907529798,0.26222620893992593,1.7,1.0
532,17.7333,1,0.31044864888737317,-0.13557047237387948,1.7,1.0,-0.05715981738562731,-0.2318202283445429,1.7,1.0,0.6103397661100841,-0.057050934608338266,1.7,1.0,-0.35705093460833826,-0.3103397661100841,1.7,1.0,0.8812091623112424,0.013869938212150601,1.7,1.0,-0.3764698167533111,-0.03670044847593795,1.6439247749807586,1.0,0.14510860510776336,0.3379933247252619,1.7,1.0,-0.14510860510776336,0.2620066752747381,1.7,1.0
533,17.7667,1,0.31103076803883073,-0.13515498541689153,1.7,1.0,-0.05644867509857915,-0.2318961807341871,1.7,1.0,0.6108166295456652,-0.056234536605413554,1.7,1.0,-0.35623453660541354,-0.3108166295456652,1.7,1.0,0.8815909560679672,0.015048449417856935,1.7,1.0,-0.36901336141853924,-0.036346995720434094,1.6461193750570848,1.0,0.1450576749226618,0.33818731394103774,1.7,1.0,-0.1450576749226618,0.26181268605896224,1.7,1.0
534,17.8,1,0.3115356297822962,-0.1347936882892254,1.7,1.0,-0.05583128124613654,-0.2319613407329661,1.7,1.0,0.6112296887791756,-0.055525340243015864,1.7,1.0,-0.35552534024301585,-0.3112296887791756,1.7,1.0,0.8819210969053892,0.016071877347108854,1.7,1.0,-0.3616440951955566,-0.036154096589952334,1.6480771782394397,1.0,0.1450132543533287,0.33835565228042397,1.7,1.0,-0.1450132543533287,0.261644347719576,1.7,1.0
535,17.8333,1,0.31196307901452996,-0.1344870968530299,1.7,1.0,-0.05530809437562989,-0.23201599101581188,1.7,1.0,0.6115790362538709,-0.05492405161497088,1.7,1.0,-0.35492405161497087,-0.3115790362538709,1.7,1.0,0.8821999008571466,0.01693934408392117,1.7,1.0,-0.35437359232178495,-0.03611712550722185,1.6497960885749752,1.0,0.14497546318032625,0.338498247695835,1.7,1.0,-0.14497546318032625,0.261501752304165,1.7,1.0
536,17.8667,1,0.3123129856204647,-0.13423564917315506,1.7,1.0,-0.054879502686760034,-0.2320603726879628,1.7,1.0,0.6118647523974112,-0.05443126946370658,1.7,1.0,-0.35443126946370657,-0.31186475239741124,1.7,1.0,0.8824276385185243,0.01765010575773074,1.7,1.0,-0.34721323334267984,-0.03623128940855247,1.6512753241639826,1.0,0.14494440327916766,0.3386150224400557,1.7,1.0,-0.14494440327916766,0.2613849775599443,1.7,1.0
537,17.9,1,0.31258524391503517,-0.13403970473515203,1.7,1.0,-0.054545823929580045,-0.23209468432962505,1.7,1.0,0.612086904525116,-0.05404748453966096,1.7,1.0,-0.35404748453966095,-0.31208690452511606,1.7,1.0,0.8826045334632537,0.018203553056266475,1.7,1.0,-0.340174144614576,-0.0364916590596534,1.6525153591552546,1.0,0.14492015835971656,0.33870591299781827,1.7,1.0,-0.14492015835971656,0.2612940870021817,1.7,1.0
538,17.9333,1,0.3127797721820492,-0.13389954380449104,1.7,1.0,-0.054307305323708394,-0.23211908121066055,1.7,1.0,0.6122455459367462,-0.053773079078405395,1.7,1.0,-0.3537730790784054,-0.3122455459367462,1.7,1.0,0.8827307609409887,0.01859921164193007,1.7,1.0,-0.33326714225603193,-0.03689319554993803,1.6535178562080313,1.0,0.14490279375227272,0.3387708700287511,1.7,1.0,-0.14490279375227272,0.26122912997124886,1.7,1.0
539,17.9667,1,0.31289651231275495,-0.1338153669275836,1.7,1.0,-0.05416412349717792,-0.23213367467750284,1.7,1.0,0.6123407152103317,-0.05360832639475471,1.7,1.0,-0.3536083263947547,-0.31234071521033174,1.7,1.0,0.882806446859756,0.018836742473606838,1.7,1.0,-0.32650268096543555,-0.03743077222723218,1.6542855905114264,1.0,0.14489235624076297,0.33880985832233657,1.7,1.0,-0.14489235624076297,0.2611901416776634,1.7,1.0
540,18.0,1,0.31293542954618336,-0.13378729457505523,1.7,1.0,-0.054116384443662624,-0.23213853171401305,1.7,1.0,0.6123724356957945,-0.0535533905932738,1.7,1.0,-0.3535533905932738,-0.3123724356957945,1.7,1.0,0.8828316670567337,0.01891594203543201,1.7,1.0,-0.3198908080170528,-0.038099192444148,1.6548223664793935,1.0,0.14488887394336025,0.3388228567653781,1.7,1.0,-0.14488887394336025,0.2611771432346219,1.7,1.0
541,18.0333,1,0.31289651231275495,-0.1338153669275836,1.7,1.0,-0.05416412349717792,-0.23213367467750284,1.7,1.0,0.6123407152103317,-0.05360832639475471,1.7,1.0,-0.3536083263947547,-0.31234071521033174,1.7,1.0,0.882806446859756,0.018836742473606838,1.7,1.0,-0.3134411226446483,-0.03889320358206211,1.655132928252394,1.0,0.14489235624076297,0.33880985832233657,1.7,1.0,-0.14489235624076297,0.2611901416776634,1.7,1.0
542,18.0667,1,0.3127797721820492,-0.13389954380449104,1.7,1.0,-0.054307305323708394,-0.23211908121066055,1.7,1.0,0.6122455459367462,-0.053773079078405395,1.7,1.0,-0.3537730790784054,-0.3122455459367462,1.7,1.0,0.8827307609409887,0.01859921164193007,1.7,1.0,-0.30716274092323204,-0.039807507897661465,1.6552228651377219,1.0,0.14490279375227272,0.3387708700287511,1.7,1.0,-0.14490279375227272,0.26122912997124886,1.7,1.0
543,18.1,1,0.31258524391503517,-0.13403970473515203,1.7,1.0,-0.054545823929580045,-0.23209468432962505,1.7,1.0,0.612086904525116,-0.05404748453966096,1.7,1.0,-0.35404748453966095,-0.31208690452511606,1.7,1.0,0.8826045334632537,0.018203553056266475,1.7,1.0,-0.3010642661675773,-0.04083677079969156,1.655098513110639,1.0,0.14492015835971656,0.33870591299781827,1.7,1.0,-0.14492015835971656,0.2612940870021817,1.7,1.0
544,18.1333,1,0.3123129856204647,-0.13423564917315506,1.7,1.0,-0.054879502686760034,-0.2320603726879628,1.7,1.0,0.6118647523974112,-0.05443126946370658,1.7,1.0,-0.35443126946370657,-0.31186475239741124,1.7,1.0,0.8824276385185243,0.01765010575773074,1.7,1.0,-0.2951537647824938,-0.04197562720957149,1.6547668534798723,1.0,0.14494440327916766,0.3386150224400557,1.7,1.0,-0.14494440327916766,0.2613849775599443,1.7,1.0
545,18.1667,1,0.31196307901452996,-0.1344870968530299,1.7,1.0,-0.05530809437562989,-0.23201599101581188,1.7,1.0,0.6115790362538709,-0.05492405161497088,1.7,1.0,-0.35492405161497087,-0.3115790362538709,1.7,1.0,0.8821999008571466,0.01693934408392117,1.7,1.0,-0.2894387474258087,-0.0432186866888809,1.6542354097952436,1.0,0.14497546318032625,0.338498247695835,1.7,1.0,-0.14497546318032625,0.261501752304165,1.7,1.0
546,18.2,1,0.3115356297822962,-0.13479368828922533,1.7,1.0,-0.05583128124613648,-0.23196134073296598,1.7,1.0,0.6112296887791755,-0.05552534024301581,1.7,1.0,-0.3555253402430158,-0.3112296887791755,1.7,1.0,0.8819210969053892,0.016071877347108965,1.7,1.0,-0.28392615528173365,-0.04456053802963328,1.6535121440438687,1.0,0.1450132543533287,0.33835565228042397,1.7,1.0,-0.1450132543533287,0.261644347719576,1.7,1.0
547,18.2333,1,0.31103076803883073,-0.13515498541689153,1.7,1.0,-0.05644867509857915,-0.2318961807341871,1.7,1.0,0.6108166295456652,-0.056234536605413554,1.7,1.0,-0.35623453660541354,-0.3108166295456652,1.7,1.0,0.8815909560679672,0.015048449417856935,1.7,1.0,-0.27862235119032497,-0.04599575400020617,1.6526053531458407,1.0,0.1450576749226618,0.33818731394103774,1.7,1.0,-0.1450576749226618,0.26181268605896224,1.7,1.0
548,18.2667,1,0.31044864888737317,-0.13557047237387948,1.7,1.0,-0.05715981738562731,-0.2318202283445429,1.7,1.0,0.6103397661100841,-0.057050934608338266,1.7,1.0,-0.35705093460833826,-0.3103397661100841,1.7,1.0,0.8812091623112424,0.013869938212150601,1.7,1.0,-0.2735331153386735,-0.04751889692145084,1.65152356672185,1.0,0.14510860510776336,0.3379933247252619,1.7,1.0,-0.14510860510776336,0.2620066752747381,1.7,1.0
549,18.3,1,0.3097894530713244,-0.1360395564232329,1.7,1.0,-0.05796417933749726,-0.2317331604420872,1.7,1.0,0.6097989952995736,-0.05797372156574648,1.7,1.0,-0.35797372156574647,-0.3097989952995736,1.7,1.0,0.8807753560218633,0.012537355079725143,1.7,1.0,-0.2686636451910764,-0.04912452571471898,1.6502754470648022,1.0,0.145165907529798,0.33777379106007405,1.7,1.0,-0.145165907529798,0.26222620893992593,1.7,1.0
550,18.3333,1,0.30905338771628144,-0.1365615690152877,1.7,1.0,-0.05886116211252029,-0.23163461474471697,1.7,1.0,0.6091942046818829,-0.059001979078121713,1.7,1.0,-0.3590019790781217,-0.3091942046818829,1.7,1.0,0.8802891361346842,0.011051844090931351,1.7,1.0,-0.26401855931876733,-0.05080720501722352,1.6488696922059567,1.0,0.14522942756400067,0.33752883384056415,1.7,1.0,-0.14522942756400067,0.26247116615943583,1.7,1.0
551,18.3667,1,0.3082406871578077,-0.13713576698833796,1.7,1.0,-0.05985009697563484,-0.23152419125756368,1.7,1.0,0.6085252742140372,-0.06013468403186434,1.7,1.0,-0.3601346840318643,-0.30852527421403725,1.7,1.0,0.8797500625228898,0.009414681219144072,1.7,1.0,-0.25960190478404005,-0.05256151690139571,1.6473149429239806,1.0,0.14529899373688523,0.33725858852732593,1.7,1.0,-0.14529899373688523,0.26274141147267405,1.7,1.0
552,18.4,1,0.30735161385011545,-0.13776133390665007,1.7,1.0,-0.06093024550759808,-0.2314014538768066,1.7,1.0,0.607792078062987,-0.06137070972046965,1.7,1.0,-0.36137070972046964,-0.307792078062987,1.7,1.0,0.879157658642355,0.007627273415435176,1.7,1.0,-0.2554171677381748,-0.05438207566479569,1.6456196945029289,1.0,0.1453744181675185,0.3369632052513776,1.7,1.0,-0.1453744181675185,0.2630367947486224,1.7,1.0
553,18.4333,1,0.30638645935033837,-0.13843738153442553,1.7,1.0,-0.0621007998479674,-0.23126593214532648,1.7,1.0,0.6069944865910615,-0.06270882708869058,1.7,1.0,-0.36270882708869057,-0.3069944865910615,1.7,1.0,0.8785114144213921,0.005691157571973304,1.7,1.0,-0.2514672869063428,-0.05626354607687467,1.6437922140025918,1.0,0.1454554970519628,0.3366428489253556,1.7,1.0,-0.1454554970519628,0.26335715107464436,1.7,1.0
554,18.4667,1,0.3053455453726089,-0.13916295144411267,1.7,1.0,-0.06336088297511488,-0.23111712315516036,1.7,1.0,0.6061323684983835,-0.06414770610088955,1.7,1.0,-0.36414770610088953,-0.3061323684983835,1.7,1.0,0.87781078938618,0.003607999370408843,1.7,1.0,-0.24775466965444562,-0.05820066537968788,1.6418404637618236,1.0,0.14554201118989094,0.33629769935962406,1.7,1.0,-0.14554201118989094,0.2637023006403759,1.7,1.0
555,18.5,1,0.3042292249057008,-0.13993701675725867,1.7,1.0,-0.06470954902673796,-0.23095449359126458,1.7,1.0,0.605205593113743,-0.06568591723478018,1.7,1.0,-0.36568591723478017,-0.305205593113743,1.7,1.0,0.8770552160113295,0.001379592011329478,1.7,1.0,-0.24428121036124484,-0.060188269242756165,1.6397720318120317,1.0,0.14563372655227846,0.3359279513818444,1.7,1.0,-0.14563372655227846,0.2640720486181556,1.7,1.0
556,18.5333,1,0.30303788338759374,-0.14075848401586916,1.7,1.0,-0.0661457836644839,-0.2307774819106509,1.7,1.0,0.6042140328248149,-0.06732193310170514,1.7,1.0,-0.36732193310170513,-0.3042140328248149,1.7,1.0,0.8762441032842406,-0.0009921451792343494,1.7,1.0,-0.24104831085270284,-0.062221321768938576,1.637594069833521,1.0,0.145730394888978,0.33553381495846646,1.7,1.0,-0.145730394888978,0.2644661850415335,1.7,1.0
557,18.5667,1,0.30177193992991924,-0.1416261951820037,1.7,1.0,-0.06766850448644172,-0.23058550065052513,1.7,1.0,0.6031575656380032,-0.06905413019452566,1.7,1.0,-0.36905413019452565,-0.30315756563800317,1.7,1.0,0.8753768404711113,-0.003505168270351966,1.7,1.0,-0.2380569026924812,-0.06429494953972542,1.635313239241214,1.0,0.14583175437487933,0.3351155153165216,1.7,1.0,-0.14583175437487933,0.26488448468347836,1.7,1.0
558,18.6,1,0.3004318485849056,-0.14253892976308463,1.7,1.0,-0.06927656149134835,-0.2303779388586364,1.7,1.0,0.6020360778576391,-0.07088079076408188,1.7,1.0,-0.37088079076408187,-0.30203607785763914,1.7,1.0,0.8744528010717211,-0.006157310377885861,1.7,1.0,-0.23530747116150535,-0.06640447957609097,1.6329356659376926,1.0,0.14593753029325815,0.3346732930640336,1.7,1.0,-0.14593753029325815,0.2653267069359664,1.7,1.0
559,18.6333,1,0.2990180996471141,-0.14349540706012787,1.7,1.0,-0.07096873759841518,-0.23015416463863342,1.7,1.0,0.6008494668737301,-0.07280010482503119,1.7,1.0,-0.3728001048250312,-0.3008494668737301,1.7,1.0,0.8734713469493833,-0.008946283451395476,1.7,1.0,-0.23280008079864628,-0.06854548097632723,1.6304669042197106,1.0,0.1460474357548142,0.33420740430730483,1.7,1.0,-0.1460474357548142,0.26579259569269514,1.7,1.0
560,18.6667,1,0.2975312209819783,-0.14449428853582946,1.7,1.0,-0.07274374922671246,-0.22991352780283053,1.7,1.0,0.5995976440469629,-0.07481017229169706,1.7,1.0,-0.37481017229169705,-0.29959764404696293,1.7,1.0,0.8724318326217877,-0.01186968020022261,1.7,1.0,-0.23053440241226042,-0.07071380987654546,1.6279119102684447,1.0,0.146161172450799,0.3337181207632899,1.7,1.0,-0.146161172450799,0.2662818792367101,1.7,1.0
561,18.7,1,0.29597177937291785,-0.1455341802991425,1.7,1.0,-0.0746002469380285,-0.2296553626244005,1.7,1.0,0.5982805376792162,-0.07690900524432681,1.7,1.0,-0.3769090052443268,-0.2982805376792162,1.7,1.0,0.8713336096978082,-0.014924976162557835,1.7,1.0,-0.2285097415069967,-0.07290565726419185,1.6252750255929662,1.0,0.14627843143853145,0.3332057298652334,1.7,1.0,-0.14627843143853145,0.2667942701347666,1.7,1.0
562,18.7333,1,0.2943403818785864,-0.146613635702682,1.7,1.0,-0.07653681614708123,-0.22937899068065398,1.7,1.0,0.5968980960574206,-0.0790945303259154,1.7,1.0,-0.3790945303259154,-0.2968980960574206,1.7,1.0,0.8701760314447546,-0.018109531921093935,1.7,1.0,-0.22672506810034468,-0.07511759906157445,1.6225599707298226,1.0,0.1463988939575004,0.33267053485972575,1.7,1.0,-0.1463988939575004,0.2673294651402742,1.7,1.0
563,18.7667,1,0.29263767719165706,-0.14773115804896975,1.7,1.0,-0.07855197790286193,-0.22908372377871195,1.7,1.0,0.5954502905582384,-0.08136459126944323,1.7,1.0,-0.3813645912694432,-0.2954502905582384,1.7,1.0,0.8689584574699892,-0.021420595468580605,1.7,1.0,-0.22517904792755034,-0.0773466477865617,1.6197698494285189,1.0,0.14652223227415223,0.33211285489331926,1.7,1.0,-0.14652223227415223,0.2678871451066807,1.7,1.0
564,18.8,1,0.29086435699041724,-0.14888520340121614,1.7,1.0,-0.08064418974477741,-0.22876886695455928,1.7,1.0,0.5939371188007075,-0.08371695155506781,1.7,1.0,-0.3837169515550678,-0.29393711880070755,1.7,1.0,0.8676802585003247,-0.024855304726288663,1.7,1.0,-0.22387007505040268,-0.07959030499305708,1.61690716347235,1.0,0.1466481105533663,0.33153302508684596,1.7,1.0,-0.1466481105533663,0.268466974913154,1.7,1.0
565,18.8333,1,0.28902115727437505,-0.1500741834939891,1.7,1.0,-0.0828118466370818,-0.22843372153616054,1.7,1.0,0.5923586078337214,-0.08614929719642822,1.7,1.0,-0.3861492971964282,-0.2923586078337214,1.7,1.0,0.8663408212421634,-0.02841069021798609,1.7,1.0,-0.22279630589405666,-0.08184661359625611,1.6139738381959727,1.0,0.14677618575452245,0.33093139659559395,1.7,1.0,-0.14677618575452245,0.269068603404406,1.7,1.0
566,18.8667,1,0.28710885967503313,-0.15129646873879055,1.7,1.0,-0.08505328198490253,-0.22807758826104013,1.7,1.0,0.5907148173449807,-0.08865923965485006,1.7,1.0,-0.38865923965485005,-0.29071481734498067,1.7,1.0,0.8649395533049333,-0.03208367790161348,1.7,1.0,-0.22195569473551835,-0.08411420909897505,1.6109712586649183,1.0,0.1469061085499746,0.33030833665351955,1.7,1.0,-0.1469061085499746,0.2696916633464804,1.7,1.0
567,18.9,1,0.28512829273300233,-0.1525503913192025,1.7,1.0,-0.08736676873491532,-0.2276997704384756,1.7,1.0,0.5890058428778826,-0.09124431887979556,1.7,1.0,-0.39124431887979555,-0.2890058428778826,1.7,1.0,0.8634758881700324,-0.035871092160331186,1.7,1.0,-0.22134603065716052,-0.08639236865736033,1.607900316377806,1.0,0.14703752426365171,0.32966422859971306,1.7,1.0,-0.14703752426365171,0.2703357714002869,1.7,1.0
568,18.9333,1,0.2830803331326725,-0.15383424836992543,1.7,1.0,-0.08975052056346448,-0.22729957714622445,1.7,1.0,0.587231819042679,-0.09390200647347097,1.7,1.0,-0.39390200647347096,-0.28723181904267897,1.7,1.0,0.861949290187201,-0.039769658954092735,1.7,1.0,-0.22096497595821046,-0.08868105685907196,1.6047614662393808,1.0,0.14717007382742248,0.3289994718853812,1.7,1.0,-0.14717007382742248,0.2710005281146188,1.7,1.0
569,18.9667,1,0.2809659068857625,-0.15514630523366996,1.7,1.0,-0.09220269315460568,-0.2268763264515095,1.7,1.0,0.5853929227081681,-0.09662970897701134,1.7,1.0,-0.39662970897701133,-0.28539292270816813,1.7,1.0,0.8603592595800184,-0.04377600913228741,1.7,1.0,-0.22081010598653233,-0.09098096703655434,1.601554793432037,1.0,0.1473033947527769,0.3283144820596735,1.7,1.0,-0.1473033947527769,0.27168551794032647,1.7,1.0
570,19.0,1,0.27878599045520386,-0.15648479878952265,1.7,1.0,-0.09472138557022437,-0.22642934864581482,1.7,1.0,0.5834893761601585,-0.09942477127517901,1.7,1.0,-0.399424771275179,-0.2834893761601585,1.7,1.0,0.8587053374420529,-0.04788668190738471,1.7,1.0,-0.22087895031239116,-0.09329355690433205,1.5982800896857987,1.0,0.1474371221153006,0.3276096907327469,1.7,1.0,-0.1474371221153006,0.27239030926725305,1.7,1.0
571,19.0333,1,0.27654161181100917,-0.15784794084605114,1.7,1.0,-0.09730464171399812,-0.2259579894829153,1.7,1.0,0.5815214502129887,-0.10228448011597774,1.7,1.0,-0.4022844801159777,-0.28152145021298874,1.7,1.0,0.8569871107050995,-0.05209812848881462,1.7,1.0,-0.22116903511577263,-0.09562107729434133,1.5949369383128136,1.0,0.14757088954934497,0.3268855455145516,1.7,1.0,-0.14757088954934497,0.27311445448544835,1.7,1.0
572,19.0667,1,0.2742338514099944,-0.1592339215920805,1.7,1.0,-0.09995045189058893,-0.22546161340945453,1.7,1.0,0.5794894672604702,-0.10520606774106483,1.7,1.0,-0.4052060677410648,-0.27948946726047025,1.7,1.0,0.8552042170609001,-0.05640671587563123,1.7,1.0,-0.2216779266000936,-0.09796659276909947,1.5915248072334975,1.0,0.14770433025023025,0.32614250992791083,1.7,1.0,-0.14770433025023025,0.27385749007208915,1.7,1.0
573,19.1,1,0.27186384309150574,-0.16064091309773731,1.7,1.0,-0.10265675446101713,-0.224939606777323,1.7,1.0,0.5773938042527744,-0.10818671562228582,1.7,1.0,-0.4081867156222858,-0.27739380425277443,1.7,1.0,0.8533563498177913,-0.060808730805749,1.7,1.0,-0.22240327517892494,-0.10033399292076561,1.5880431490792026,1.0,0.14783707798125903,0.3253810632945733,1.7,1.0,-0.14783707798125903,0.2746189367054267,1.7,1.0
574,19.1333,1,0.2694327748816135,-0.1620670728580363,1.7,1.0,-0.10542143759472133,-0.2243913810270553,1.7,1.0,0.5752348955859918,-0.11122355829909975,1.7,1.0,-0.41122355829909973,-0.27523489558599185,1.7,1.0,0.8514432626738175,-0.0653003838587699,1.7,1.0,-0.2233428601101635,-0.10272799321648168,1.5844915073126042,1.0,0.14796876808276374,0.32460170059303384,1.7,1.0,-0.14796876808276374,0.27539829940696614,1.7,1.0
575,19.1667,1,0.26694188969858457,-0.16351054737098347,1.7,1.0,-0.10824234111834889,-0.223816375831473,1.7,1.0,0.5730132358913461,-0.11431368731111041,1.7,1.0,-0.4143136873111104,-0.27301323589134613,1.7,1.0,0.8494647743880339,-0.06987781370864443,1.7,1.0,-0.22449463417572582,-0.1051541243281352,1.5808696271642044,1.0,0.14809903848036848,0.32380493228703533,1.7,1.0,-0.14809903848036848,0.27619506771296465,1.7,1.0
576,19.2,1,0.26439248595285125,-0.16496947574187204,1.7,1.0,-0.1111172584608207,-0.2232140621888437,1.7,1.0,0.5707293827113731,-0.11745415521934255,1.7,1.0,-0.41745415521934254,-0.2707293827113731,1.7,1.0,0.8474207733319735,-0.074537091521574,1.7,1.0,-0.2258567679263553,-0.10761870898884185,1.577177570044055,1.0,0.14822753068960734,0.32299128412380457,1.7,1.0,-0.14822753068960734,0.2770087158761954,1.7,1.0
577,19.2333,1,0.26178591803510975,-0.16644199330518555,1.7,1.0,-0.11404393869372699,-0.22258394545491106,1.7,1.0,0.5683839590507397,-0.12064197970935692,1.7,1.0,-0.4206419797093569,-0.2683839590507397,1.7,1.0,0.8453112219035668,-0.07927422549376978,1.7,1.0,-0.22742769293290604,-0.11012882554963438,1.5734158299548684,1.0,0.14835389081401448,0.32216129690120743,1.7,1.0,-0.14835389081401448,0.27783870309879255,1.7,1.0
578,19.2667,1,0.2591235966866644,-0.1679262352552664,1.7,1.0,-0.11702008866558232,-0.22192556830327764,1.7,1.0,0.5659776557898131,-0.12387414776873096,1.7,1.0,-0.42387414776873095,-0.2659776557898131,1.7,1.0,0.8431361607862055,-0.08408516552282796,1.7,1.0,-0.22920614341001,-0.11269225756814527,1.5695854503093394,1.0,0.14847777053378158,0.3213155262031623,1.7,1.0,-0.14847777053378158,0.2786844737968377,1.7,1.0
579,19.3,1,0.2564069892466177,-0.16942034027669156,1.7,1.0,-0.12004337522796181,-0.22123851360378083,1.7,1.0,0.5635112339495641,-0.12714761993090823,1.7,1.0,-0.4271476199309082,-0.26351123394956416,1.7,1.0,0.8408957130360964,-0.0889658080056846,1.7,1.0,-0.23119119550810086,-0.11531742894607844,1.5656881394439885,1.0,0.14859882808207084,0.3204545421027984,1.7,1.0,-0.14859882808207084,0.2795454578972016,1.7,1.0
580,19.3333,1,0.25363761977104987,-0.17092245416509538,1.7,1.0,-0.12311142755099808,-0.22052240720871502,1.7,1.0,0.560985526796931,-0.1304593345768793,1.7,1.0,-0.4304593345768793,-0.26098552679693104,1.7,1.0,0.8385900879815981,-0.09391200075526479,1.7,1.0,-0.2333823035081666,-0.1180133243428782,1.5617263830277843,1.0,0.14871672920607154,0.31957892883300776,1.7,1.0,-0.14871672920607154,0.2804210711669922,1.7,1.0
581,19.3667,1,0.25081706901987627,-0.1724307334290167,1.7,1.0,-0.1262218395252067,-0.2197769206369911,1.7,1.0,0.5584014417803387,-0.13380621228566913,1.7,1.0,-0.4338062122856691,-0.2584014417803387,1.7,1.0,0.8362195849188209,-0.09891954802716169,1.7,1.0,-0.2357793321032238,-0.12078939482751999,1.557703551489636,1.0,0.14883114810990117,0.3186892844242004,1.7,1.0,-0.14883114810990117,0.28131071557579956,1.7,1.0
582,19.4,1,0.24794697430766674,-0.17394334886320878,1.7,1.0,-0.12937217224606692,-0.21900177364661672,1.7,1.0,0.5557599622857127,-0.1371851602241128,1.7,1.0,-0.4371851602241128,-0.2557599622857127,1.7,1.0,0.8337845965884638,-0.10398421564686489,1.7,1.0,-0.238382583914146,-0.12365544898624142,1.5536240005382382,1.0,0.14894176837647383,0.31778622030924,1.7,1.0,-0.14894176837647383,0.28221377969076,1.7,1.0
583,19.4333,1,0.24502902921530073,-0.1754584890837551,1.7,1.0,-0.13255995657728292,-0.21819673668620193,1.7,1.0,0.5530621492039874,-0.1405930765659696,1.7,1.0,-0.4405930765659696,-0.25306214920398745,1.7,1.0,0.8312856124195753,-0.10910173622732461,1.7,1.0,-0.24119282136789677,-0.12662152997813603,1.5494931628239874,1.0,0.14904828386549354,0.31687036089570264,1.7,1.0,-0.14904828386549354,0.28312963910429734,1.7,1.0
584,19.4667,1,0.24206498315997094,-0.1769743640152613,1.7,1.0,-0.13578269578812258,-0.2173616332165637,1.7,1.0,0.5503091423018367,-0.14402685492998835,1.7,1.0,-0.44402685492998833,-0.2503091423018367,1.7,1.0,0.8287232215267477,-0.11426781446587081,1.7,1.0,-0.24421128206582302,-0.12969777931877308,1.5453176287990993,1.0,0.14915039958477375,0.31594234310577723,1.7,1.0,-0.14915039958477375,0.28405765689422274,1.7,1.0
585,19.5,1,0.23905664082166772,-0.178489208320376,1.7,1.0,-0.13903786825975784,-0.2164963418939017,1.7,1.0,0.5475021613880938,-0.14748338882618395,1.7,1.0,-0.44748338882618394,-0.24750216138809383,1.7,1.0,0.8260981154480916,-0.11947813250884914,1.7,1.0,-0.24743968679072378,-0.13289428846972662,1.5411052148713638,1.0,0.14924783253214166,0.31500281588428647,1.7,1.0,-0.14924783253214166,0.2849971841157135,1.7,1.0
586,19.5333,1,0.23600586142494612,-0.1800012847618943,1.7,1.0,-0.1423229302550295,-0.21560079860646258,1.7,1.0,0.5446425072691368,-0.15095957609922017,1.7,1.0,-0.45095957609922016,-0.24464250726913678,1.7,1.0,0.8234110906122767,-0.1247283553716435,1.7,1.0,-0.25088023934559195,-0.1362209396135231,1.5368650170217084,1.0,0.14934031250525354,0.31405243967548746,1.7,1.0,-0.14934031250525354,0.2859475603245125,1.7,1.0
587,19.5667,1,0.2329145578754151,-0.18150888748775956,1.7,1.0,-0.14563531874562402,-0.2146749983570802,1.7,1.0,0.5417315624873154,-0.15445232335752435,1.7,1.0,-0.45445232335752433,-0.24173156248731537,1.7,1.0,0.8206630505238706,-0.13001413640118287,1.7,1.0,-0.254535617485591,-0.13968723729305071,1.532607448167602,1.0,0.14942758287672595,0.3130918858694686,1.7,1.0,-0.14942758287672595,0.28690811413053136,1.7,1.0
588,19.6,1,0.22978469575106247,-0.18301034522936632,1.7,1.0,-0.1489724542902039,-0.21371899698449254,1.7,1.0,0.5387707918373588,-0.1579585503765002,1.7,1.0,-0.4579585503765002,-0.23877079183735878,1.7,1.0,0.8178550076572392,-0.1353311227674598,1.7,1.0,-0.2584089542985685,-0.14330213288515298,1.5283442577045503,1.0,0.14950940133207882,0.31212183621912876,1.7,1.0,-0.14950940133207882,0.2878781637808712,1.7,1.0
589,19.6333,1,0.226618292149191,-0.1845040244037029,1.7,1.0,-0.15233174395662913,-0.2127329127168764,1.7,1.0,0.5357617426565705,-0.1614751944640087,1.7,1.0,-0.4614751944640087,-0.23576174265657052,1.7,1.0,0.8149880850503328,-0.1406749609700914,1.7,1.0,-0.26250380950828034,-0.1470738441529243,1.5240885318468227,1.0,0.14958554056808687,0.31114298222888426,1.7,1.0,-0.14958554056808687,0.2888570177711157,1.7,1.0
590,19.6667,1,0.22341741439038584,-0.1859883321100565,1.7,1.0,-0.1557105842810458,-0.2117169275516057,1.7,1.0,0.5327060448855011,-0.16499921477616109,1.7,1.0,-0.4649992147761611,-0.23270604488550112,1.7,1.0,0.8120635175907666,-0.1460413023455459,1.7,1.0,-0.26682413031778784,-0.15100967237277407,1.519854673615499,1.0,0.14965578894924933,0.310156024516401,1.7,1.0,-0.14965578894924933,0.28984397548359897,1.7,1.0
591,19.7,1,0.2201841785816059,-0.18746171901221487,1.7,1.0,-0.15910636425625765,-0.2106712884558472,1.7,1.0,0.5296054108967051,-0.1685275965713569,1.7,1.0,-0.4685275965713569,-0.2296054108967051,1.7,1.0,0.8090826529877625,-0.1514258085602594,1.7,1.0,-0.2713742015766371,-0.15511581975312516,1.5156583615855648,1.0,0.1497199511202093,0.30916167214880225,1.7,1.0,-0.1497199511202093,0.29083832785119773,1.7,1.0
592,19.7333,1,0.216920748041107,-0.18892268209737068,1.7,1.0,-0.16251646834151567,-0.20959630838321536,1.7,1.0,0.5264616350900887,-0.17205735539049732,1.7,1.0,-0.4720573553904973,-0.2264616350900887,1.7,1.0,0.8060469524246529,-0.15682415707461178,1.7,1.0,-0.2761585852422321,-0.15939721004441182,1.5115164868013917,1.0,0.1497778485720879,0.3081606419549387,1.7,1.0,-0.1497778485720879,0.2918393580450613,1.7,1.0
593,19.7667,1,0.21362933158855296,-0.1903697673032343,1.7,1.0,-0.1659382794855751,-0.2084923671023659,1.7,1.0,0.523276593254289,-0.17558554115131114,1.7,1.0,-0.47558554115131113,-0.223276593254289,1.7,1.0,0.802957990887857,-0.16223204656247736,1.7,1.0,-0.28118204931009466,-0.16385731537772052,1.5074470675981035,1.0,0.14982932016084002,0.3071536578154467,1.7,1.0,-0.14982932016084002,0.2928463421845533,1.7,1.0
594,19.8,1,0.21031218170425475,-0.1918015720052108,1.7,1.0,-0.16936918215466606,-0.2073599118340545,1.7,1.0,0.520052241694427,-0.1791092421448383,1.7,1.0,-0.4791092421448383,-0.220052241694427,1.7,1.0,0.7998174571694213,-0.16764520227095348,1.7,1.0,-0.2864494866056564,-0.168497992455658,1.503469142420307,1.0,0.14987422257588978,0.3061414499324383,1.7,1.0,-0.14987422257588978,0.2938585500675617,1.7,1.0
595,19.8333,1,0.20697159256208209,-0.19321674735588157,1.7,1.0,-0.17280656535682676,-0.20619945769387865,1.7,1.0,0.5167906161275078,-0.1826255889222524,1.7,1.0,-0.4826255889222524,-0.21679061612750777,1.7,1.0,0.7966271535414406,-0.17305938130478093,1.7,1.0,-0.2919658240572435,-0.17331933124805737,1.4996026411038579,1.0,0.14991243075746402,0.30512475408078826,1.7,1.0,-0.14991243075746402,0.2948752459192117,1.7,1.0
596,19.8667,1,0.20360989794112913,-0.19461400046946004,1.7,1.0,-0.1762478256539318,-0.20501158793859503,1.7,1.0,0.5134938303476262,-0.18613175806042886,1.7,1.0,-0.48613175806042885,-0.2134938303476262,1.7,1.0,0.7933889951018815,-0.17847037782001363,1.7,1.0,-0.29773592330083853,-0.17831951931246298,1.4958682354741457,1.0,0.14994383826120825,0.3041043108430796,1.7,1.0,-0.14994383826120825,0.2958956891569204,1.7,1.0
597,19.9,1,0.2002294690217654,-0.19599209644435056,1.7,1.0,-0.17969037015264241,-0.20379695401461723,1.7,1.0,0.5101640746640453,-0.18962497579492243,1.7,1.0,-0.4896249757949224,-0.21016407466404535,1.7,1.0,0.7901050087925564,-0.183874028111568,1.7,1.0,-0.30376447369625703,-0.18349472476148143,1.4922871705083998,1.0,0.14996835756884516,0.30308086483036845,1.7,1.0,-0.14996835756884516,0.29691913516963153,1.7,1.0
598,19.9333,1,0.19683271207217878,-0.19734986021744366,1.7,1.0,-0.183131619465485,-0.20255627540798732,1.7,1.0,0.5068036141160623,-0.19310252150936857,1.7,1.0,-0.49310252150936856,-0.20680361411606235,1.7,1.0,0.7867773320911831,-0.1892662155794943,1.7,1.0,-0.3100558790555996,-0.1888390007342523,1.4888810777015848,1.0,0.14998592034381464,0.30205516389100406,1.7,1.0,-0.14998592034381464,0.2979448361089959,1.7,1.0
599,19.9667,1,0.19342206603200035,-0.19868617824430673,1.7,1.0,-0.18656901063325204,-0.20129033929583112,1.7,1.0,0.503414786469443,-0.1965617310706948,1.7,1.0,-0.4965617310706948,-0.20341478646944305,1.7,1.0,0.7834082113806816,-0.19464287555904525,1.7,1.0,-0.31661413959181284,-0.19434421399705826,1.4856717726570468,1.0,0.14999647763102067,0.3010279583098122,1.7,1.0,-0.14999647763102067,0.29897204169018776,1.7,1.0
600,20.0,1,0.19000000000000003,-0.2,1.7,1.0,-0.18999999999999997,-0.2,1.7,1.0,0.5,-0.2,1.7,1.0,-0.5,-0.2,1.7,1.0,0.78,-0.2,1.7,1.0,-0.32344273078182373,-0.19999999999999996,1.4826810392850627,1.0,0.15,0.3,1.7,1.0,-0.15,0.3,1.7,1.0
601,20.0333,1,0.1865690106332521,-0.20129033929583112,1.7,1.0,-0.1934220660320003,-0.1986861782443068,1.7,1.0,0.4965617310706948,-0.20341478646944305,1.7,1.0,-0.503414786469443,-0.1965617310706948,1.7,1.0,0.7765551559819334,-0.20533364198109255,1.7,1.0,-0.33054448099871975,-0.2057937463558271,1.4799304033260525,1.0,0.14999647763102067,0.29897204169018776,1.7,1.0,-0.14999647763102067,0.3010279583098122,1.7,1.0
602,20.0667,1,0.18313161946548503,-0.20255627540798732,1.7,1.0,-0.19683271207217876,-0.19734986021744366,1.7,1.0,0.4931025215093686,-0.20680361411606235,1.7,1.0,-0.5068036141160623,-0.19310252150936863,1.7,1.0,0.7730762394844892,-0.21063992004593662,1.7,1.0,-0.3379214498953159,-0.21171060628863175,1.4774408982113636,1.0,0.14998592034381464,0.2979448361089959,1.7,1.0,-0.14998592034381464,0.30205516389100406,1.7,1.0
603,20.1,1,0.17969037015264244,-0.20379695401461723,1.7,1.0,-0.20022946902176536,-0.19599209644435056,1.7,1.0,0.4896249757949225,-0.21016407466404535,1.7,1.0,-0.5101640746640453,-0.1896249757949225,1.7,1.0,0.7695659099234334,-0.21591502234739973,1.7,1.0,-0.34557480961197123,-0.21773354313091914,1.4752328265250108,1.0,0.14996835756884516,0.29691913516963153,1.7,1.0,-0.14996835756884516,0.30308086483036845,1.7,1.0
604,20.1333,1,0.17624782565393182,-0.20501158793859503,1.7,1.0,-0.2036098979411291,-0.19461400046946004,1.7,1.0,0.4861317580604289,-0.2134938303476262,1.7,1.0,-0.5134938303476262,-0.18613175806042892,1.7,1.0,0.7660269228146843,-0.22115521058804138,1.7,1.0,-0.35350473093046997,-0.22384340643617778,1.4733255205267446,1.0,0.14994383826120825,0.2958956891569204,1.7,1.0,-0.14994383826120825,0.3041043108430796,1.7,1.0
605,20.1667,1,0.17280656535682679,-0.20619945769387854,1.7,1.0,-0.20697159256208206,-0.19321674735588157,1.7,1.0,0.48262558892225244,-0.21679061612750777,1.7,1.0,-0.5167906161275078,-0.18262558892225245,1.7,1.0,0.7624621263361853,-0.22635682374497917,1.7,1.0,-0.36171027649990806,-0.23001903973056964,1.471737105333635,1.0,0.14991243075746402,0.2948752459192117,1.7,1.0,-0.14991243075746402,0.30512475408078826,1.7,1.0
606,20.2,1,0.16936918215466606,-0.2073599118340545,1.7,1.0,-0.21031218170425475,-0.1918015720052108,1.7,1.0,0.4791092421448383,-0.220052241694427,1.7,1.0,-0.520052241694427,-0.1791092421448383,1.7,1.0,0.7588744576198326,-0.23151628156831178,1.7,1.0,-0.3701893032175414,-0.2362374193630135,1.4704842684284973,1.0,0.14987422257588978,0.2938585500675617,1.7,1.0,-0.14987422257588978,0.3061414499324383,1.7,1.0
607,20.2333,1,0.16593827948557516,-0.2084923671023658,1.7,1.0,-0.2136293315885529,-0.1903697673032343,1.7,1.0,0.4755855411513112,-0.223276593254289,1.7,1.0,-0.523276593254289,-0.1755855411513112,1.7,1.0,0.7552669387848792,-0.23663008784312273,1.7,1.0,-0.3789383757567768,-0.24247382334028872,1.469582039164807,1.0,0.14982932016084002,0.2928463421845533,1.7,1.0,-0.14982932016084002,0.3071536578154467,1.7,1.0
608,20.2667,1,0.1625164683415157,-0.20959630838321536,1.7,1.0,-0.21692074804110698,-0.18892268209737068,1.7,1.0,0.47205735539049737,-0.2264616350900886,1.7,1.0,-0.5264616350900886,-0.17205735539049738,1.7,1.0,0.7516426727250616,-0.24169483340597425,1.7,1.0,-0.3879526930961137,-0.24870202846576067,1.469043581866847,1.0,0.1497778485720879,0.2918393580450613,1.7,1.0,-0.1497778485720879,0.3081606419549387,1.7,1.0
609,20.3,1,0.15910636425625768,-0.2106712884558472,1.7,1.0,-0.22018417858160588,-0.18746171901221487,1.7,1.0,0.4685275965713569,-0.2296054108967051,1.7,1.0,-0.5296054108967051,-0.1685275965713569,1.7,1.0,0.7480048386624143,-0.24670719890780263,1.7,1.0,-0.3972260297190131,-0.2548945335505122,1.4688800059799023,1.0,0.1497199511202093,0.2908383278511978,1.7,1.0,-0.1497199511202093,0.3091616721488022,1.7,1.0
610,20.3333,1,0.15571058428104584,-0.2117169275516057,1.7,1.0,-0.22341741439038582,-0.18598833211005655,1.7,1.0,0.46499921477616113,-0.23270604488550112,1.7,1.0,-0.5327060448855011,-0.16499921477616114,1.7,1.0,0.7443566874814266,-0.2516639573161163,1.7,1.0,-0.40675069292829835,-0.2610228059472633,1.46910019650952,1.0,0.14965578894924933,0.28984397548359897,1.7,1.0,-0.14965578894924933,0.310156024516401,1.7,1.0
611,20.3667,1,0.15233174395662918,-0.2127329127168764,1.7,1.0,-0.22661829214919094,-0.1845040244037029,1.7,1.0,0.46147519446400875,-0.23576174265657052,1.7,1.0,-0.5357617426565705,-0.16147519446400876,1.7,1.0,0.740701536857771,-0.25656197615048787,1.7,1.0,-0.4165174974545908,-0.2670575481835293,1.4697106677041765,1.0,0.14958554056808687,0.2888570177711157,1.7,1.0,-0.14958554056808687,0.31114298222888426,1.7,1.0
612,20.4,1,0.14897245429020395,-0.21371899698449254,1.7,1.0,-0.22978469575106242,-0.18301034522936632,1.7,1.0,0.4579585503765002,-0.23877079183735866,1.7,1.0,-0.5387707918373587,-0.1579585503765002,1.7,1.0,0.7370427661963806,-0.2613982194463991,1.7,1.0,-0.4265157582419519,-0.27296898105292994,1.4707154425869104,1.0,0.14950940133207882,0.2878781637808712,1.7,1.0,-0.14950940133207882,0.31212183621912876,1.7,1.0
613,20.4333,1,0.14563531874562408,-0.2146749983570802,1.7,1.0,-0.23291455787541504,-0.18150888748775962,1.7,1.0,0.4544523233575244,-0.24173156248731537,1.7,1.0,-0.5417315624873154,-0.1544523233575244,1.7,1.0,0.7333838113940796,-0.26616974944365684,1.7,1.0,-0.4367333019723366,-0.27872713917335384,1.472115960535253,1.0,0.14942758287672595,0.28690811413053136,1.7,1.0,-0.14942758287672595,0.3130918858694686,1.7,1.0
614,20.4667,1,0.14232293025502957,-0.21560079860646258,1.7,1.0,-0.23600586142494606,-0.1800012847618943,1.7,1.0,0.45095957609922016,-0.24464250726913667,1.7,1.0,-0.5446425072691367,-0.15095957609922017,1.7,1.0,0.7297281594423601,-0.27087372799671333,1.7,1.0,-0.4471564975511465,-0.28430217474692127,1.4739110146532077,1.0,0.14934031250525354,0.2859475603245125,1.7,1.0,-0.14934031250525354,0.31405243967548746,1.7,1.0
615,20.5,1,0.1390378682597579,-0.2164963418939017,1.7,1.0,-0.23905664082166767,-0.178489208320376,1.7,1.0,0.44748338882618394,-0.24750216138809372,1.7,1.0,-0.5475021613880937,-0.14748338882618395,1.7,1.0,0.7260793428861818,-0.27550741770542847,1.7,1.0,-0.45777030542755437,-0.2896646650668517,1.476096720183799,1.0,0.14924783253214166,0.2849971841157135,1.7,1.0,-0.14924783253214166,0.31500281588428647,1.7,1.0
616,20.5333,1,0.1357826957881226,-0.2173616332165637,1.7,1.0,-0.2420649831599709,-0.17697436401526134,1.7,1.0,0.44402685492998833,-0.2503091423018366,1.7,1.0,-0.5503091423018366,-0.14402685492998835,1.7,1.0,0.7224409341548994,-0.2800681827659542,1.7,1.0,-0.4685583452737617,-0.2947859192154875,1.4786665146864684,1.0,0.14915039958477375,0.28405765689422274,1.7,1.0,-0.14915039958477375,0.31594234310577723,1.7,1.0
617,20.5667,1,0.13255995657728295,-0.21819673668620193,1.7,1.0,-0.2450290292153007,-0.17545848908375516,1.7,1.0,0.44059307656596963,-0.25306214920398734,1.7,1.0,-0.5530621492039873,-0.14059307656596964,1.7,1.0,0.7188165397815576,-0.2845534895426323,1.7,1.0,-0.47950298120599566,-0.2996382793889217,1.4816111901620201,1.0,0.14904828386549354,0.28312963910429734,1.7,1.0,-0.14904828386549354,0.31687036089570264,1.7,1.0
618,20.6,1,0.12937217224606698,-0.21900177364661672,1.7,1.0,-0.24794697430766674,-0.17394334886320884,1.7,1.0,0.4371851602241129,-0.2557599622857127,1.7,1.0,-0.5557599622857127,-0.13718516022411292,1.7,1.0,0.7152097945268641,-0.28896090686296066,1.7,1.0,-0.4905854234050977,-0.3041954123672715,1.484918956760997,1.0,0.14894176837647383,0.28221377969076,1.7,1.0,-0.14894176837647383,0.31778622030924,1.7,1.0
619,20.6333,1,0.12622183952520674,-0.2197769206369911,1.7,1.0,-0.2508170690198762,-0.1724307334290167,1.7,1.0,0.4338062122856692,-0.2584014417803387,1.7,1.0,-0.5584014417803387,-0.1338062122856692,1.7,1.0,0.7116243554241514,-0.2932881060388462,1.7,1.0,-0.5017858446942829,-0.3084325868237701,1.4885755371716216,1.0,0.14883114810990117,0.28131071557579956,1.7,1.0,-0.14883114810990117,0.3186892844242004,1.7,1.0
620,20.6667,1,0.12311142755099812,-0.22052240720871502,1.7,1.0,-0.2536376197710498,-0.17092245416509538,1.7,1.0,0.43045933457687935,-0.26098552679693104,1.7,1.0,-0.560985526796931,-0.13045933457687936,1.7,1.0,0.7080638957615463,-0.2975328606185455,1.7,1.0,-0.5130835103634531,-0.3123269324261971,1.492564290262921,1.0,0.14871672920607154,0.2804210711669922,1.7,1.0,-0.14871672920607154,0.31957892883300776,1.7,1.0
621,20.7,1,0.12004337522796184,-0.22123851360378083,1.7,1.0,-0.2564069892466177,-0.16942034027669156,1.7,1.0,0.4271476199309083,-0.26351123394956416,1.7,1.0,-0.5635112339495641,-0.12714761993090828,1.7,1.0,0.7045320990174405,-0.3016930458747878,1.7,1.0,-0.5244569192994925,-0.31585767702408946,1.4968663620689533,1.0,0.14859882808207084,0.2795454578972016,1.7,1.0,-0.14859882808207084,0.3204545421027984,1.7,1.0
622,20.7333,1,0.11702008866558235,-0.22192556830327753,1.7,1.0,-0.2591235966866644,-0.1679262352552664,1.7,1.0,0.42387414776873095,-0.265977655789813,1.7,1.0,-0.565977655789813,-0.12387414776873096,1.7,1.0,0.7010326527651234,-0.30576663803571597,1.7,1.0,-0.5358839542959624,-0.319006358626215,1.5014608617519725,1.0,0.14847777053378158,0.2786844737968377,1.7,1.0,-0.14847777053378158,0.3213155262031623,1.7,1.0
623,20.7667,1,0.114043938693727,-0.22258394545491106,1.7,1.0,-0.26178591803510975,-0.16644199330518566,1.7,1.0,0.420641979709357,-0.2683839590507397,1.7,1.0,-0.5683839590507397,-0.12064197970935703,1.7,1.0,0.6975692425621841,-0.30975171326632683,1.7,1.0,-0.547342039277034,-0.32175700934445756,1.5063250597854496,1.0,0.1483538908140145,0.2778387030987926,1.7,1.0,-0.1483538908140145,0.3221612969012074,1.7,1.0
624,20.8,1,0.11111725846082075,-0.2232140621888437,1.7,1.0,-0.26439248595285125,-0.1649694757418721,1.7,1.0,0.41745415521934265,-0.2707293827113732,1.7,1.0,-0.5707293827113732,-0.11745415521934266,1.7,1.0,0.694145545839943,-0.3136464464091417,1.7,1.0,-0.558808301082311,-0.3240963090009042,1.5114346052603744,1.0,0.14822753068960737,0.2770087158761954,1.7,1.0,-0.14822753068960737,0.32299128412380457,1.7,1.0
625,20.8333,1,0.1082423411183489,-0.223816375831473,1.7,1.0,-0.26694188969858457,-0.16351054737098347,1.7,1.0,0.4143136873111104,-0.27301323589134613,1.7,1.0,-0.5730132358913461,-0.11431368731111041,1.7,1.0,0.6907652258077983,-0.31744910949381205,1.7,1.0,-0.5702597334222068,-0.3260137066516375,1.5167637589466183,1.0,0.14809903848036848,0.27619506771296465,1.7,1.0,-0.14809903848036848,0.32380493228703533,1.7,1.0
626,20.8667,1,0.10542143759472135,-0.2243913810270553,1.7,1.0,-0.2694327748816135,-0.1620670728580363,1.7,1.0,0.41122355829909973,-0.27523489558599185,1.7,1.0,-0.5752348955859918,-0.11122355829909975,1.7,1.0,0.6874319253869254,-0.32115807002632163,1.7,1.0,-0.5816733606275928,-0.32750150886006596,1.5222856385402228,1.0,0.14796876808276374,0.2753982994069662,1.7,1.0,-0.14796876808276374,0.3246017005930338,1.7,1.0
627,20.9,1,0.10265675446101717,-0.224939606777323,1.7,1.0,-0.2718638430915057,-0.16064091309773731,1.7,1.0,0.40818671562228587,-0.27739380425277443,1.7,1.0,-0.5773938042527744,-0.10818671562228588,1.7,1.0,0.6841492611873027,-0.3247717890693112,1.7,1.0,-0.5930263988805431,-0.3285549341408211,1.5279724723999935,1.0,0.14783707798125903,0.2746189367054267,1.7,1.0,-0.14783707798125903,0.3253810632945733,1.7,1.0
628,20.9333,1,0.09995045189058895,-0.22546161340945453,1.7,1.0,-0.2742338514099944,-0.1592339215920805,1.7,1.0,0.4052060677410648,-0.27948946726047025,1.7,1.0,-0.5794894672604702,-0.10520606774106483,1.7,1.0,0.6809208175414946,-0.32828881912590374,1.7,1.0,-0.6042964127222114,-0.32917213357874403,1.5337958580237827,1.0,0.14770433025023025,0.27385749007208915,1.7,1.0,-0.14770433025023025,0.32614250992791083,1.7,1.0
629,20.9667,1,0.09730464171399815,-0.2259579894829153,1.7,1.0,-0.2765416118110091,-0.15784794084605114,1.7,1.0,0.4022844801159777,-0.28152145021298874,1.7,1.0,-0.5815214502129887,-0.10228448011597774,1.7,1.0,0.6777501406080885,-0.33170780184015186,1.7,1.0,-0.6154614647848239,-0.32935417819320484,1.5397270215351926,1.0,0.14757088954934497,0.27311445448544835,1.7,1.0,-0.14757088954934497,0.3268855455145516,1.7,1.0
630,21.0,1,0.09472138557022441,-0.22642934864581493,1.7,1.0,-0.27878599045520386,-0.1564847987895227,1.7,1.0,0.39942477127517906,-0.2834893761601585,1.7,1.0,-0.5834893761601585,-0.09942477127517907,1.7,1.0,0.6746407325570736,-0.33502746552795276,1.7,1.0,-0.6265002568821997,-0.329105014153848,1.5457370745424877,1.0,0.14743712211530063,0.27239030926725305,1.7,1.0,-0.14743712211530063,0.3276096907327469,1.7,1.0
631,21.0333,1,0.0922026931546057,-0.2268763264515095,1.7,1.0,-0.28096590688576245,-0.15514630523366996,1.7,1.0,0.39662970897701133,-0.28539292270816813,1.7,1.0,-0.5853929227081681,-0.09662970897701134,1.7,1.0,0.6715960458488616,-0.338246622552892,1.7,1.0,-0.6373922608109744,-0.32843138744886874,1.5517972648886003,1.0,0.1473033947527769,0.27168551794032647,1.7,1.0,-0.1473033947527769,0.3283144820596735,1.7,1.0
632,21.0667,1,0.08975052056346453,-0.22729957714622445,1.7,1.0,-0.28308033313267245,-0.15383424836992549,1.7,1.0,0.39390200647347096,-0.28723181904267897,1.7,1.0,-0.587231819042679,-0.09390200647347097,1.7,1.0,0.668619477617993,-0.3413641665620572,1.7,1.0,-0.6481178374563648,-0.3273427400516678,1.557879218028461,1.0,0.14717007382742248,0.2710005281146188,1.7,1.0,-0.14717007382742248,0.3289994718853812,1.7,1.0
633,21.1,1,0.08736676873491533,-0.2276997704384756,1.7,1.0,-0.28512829273300233,-0.1525503913192025,1.7,1.0,0.39124431887979555,-0.2890058428778826,1.7,1.0,-0.5890058428778826,-0.09124431887979556,1.7,1.0,0.6657143641719454,-0.34437906959734693,1.7,1.0,-0.6586583430545534,-0.3258510800184345,1.5639551660401008,1.0,0.14703752426365171,0.2703357714002869,1.7,1.0,-0.14703752426365171,0.32966422859971306,1.7,1.0
634,21.1333,1,0.08505328198490257,-0.22807758826104013,1.7,1.0,-0.2871088596750331,-0.15129646873879055,1.7,1.0,0.3886592396548501,-0.29071481734498067,1.7,1.0,-0.5907148173449807,-0.08865923965485012,1.7,1.0,0.6628839756148027,-0.3472903790982172,1.7,1.0,-0.6689962217318783,-0.3239708282718992,1.5699981615909386,1.0,0.1469061085499746,0.2696916633464804,1.7,1.0,-0.1469061085499746,0.33030833665351955,1.7,1.0
635,21.1667,1,0.08281184663708183,-0.22843372153616054,1.7,1.0,-0.28902115727437505,-0.1500741834939891,1.7,1.0,0.3861492971964282,-0.2923586078337214,1.7,1.0,-0.5923586078337214,-0.08614929719642822,1.7,1.0,0.6601315106048702,-0.35009721481216355,1.7,1.0,-0.6791150837117774,-0.3217186450811264,1.575982274531427,1.0,0.14677618575452245,0.269068603404406,1.7,1.0,-0.14677618575452245,0.33093139659559395,1.7,1.0
636,21.2,1,0.08064418974477747,-0.22876886695455917,1.7,1.0,-0.29086435699041713,-0.14888520340121614,1.7,1.0,0.3837169515550678,-0.29393711880070755,1.7,1.0,-0.5939371188007075,-0.08371695155506781,1.7,1.0,0.657460091254685,-0.3527987656294867,1.7,1.0,-0.6889997688473339,-0.3191132394316259,1.5818827691653363,1.0,0.1466481105533663,0.268466974913154,1.7,1.0,-0.1466481105533663,0.33153302508684596,1.7,1.0
637,21.2333,1,0.07855197790286192,-0.22908372377871195,1.7,1.0,-0.2926376771916571,-0.14773115804896975,1.7,1.0,0.3813645912694432,-0.2954502905582384,1.7,1.0,-0.5954502905582384,-0.08136459126944323,1.7,1.0,0.6548727581811941,-0.35539428635910103,1.7,1.0,-0.6986363953942688,-0.316175164593911,1.5876762606400476,1.0,0.14652223227415223,0.2678871451066807,1.7,1.0,-0.14652223227415223,0.33211285489331926,1.7,1.0
638,21.2667,1,0.07653681614708124,-0.22937899068065398,1.7,1.0,-0.2943403818785864,-0.146613635702682,1.7,1.0,0.3790945303259154,-0.2968980960574206,1.7,1.0,-0.5968980960574206,-0.0790945303259154,1.7,1.0,0.6523724657132495,-0.35788309446224204,1.7,1.0,-0.708012394180643,-0.31292660324344196,1.59334084930173,1.0,0.1463988939575004,0.2673294651402742,1.7,1.0,-0.1463988939575004,0.33267053485972575,1.7,1.0
639,21.3,1,0.07460024693802851,-0.2296553626244005,1.7,1.0,-0.2959717793729178,-0.14553418029914256,1.7,1.0,0.37690900524432686,-0.2982805376792162,1.7,1.0,-0.5982805376792162,-0.07690900524432687,1.7,1.0,0.6499620772629189,-0.3602645667609852,1.7,1.0,-0.7171165285511805,-0.3093911454635682,1.5988562322604134,1.0,0.14627843143853145,0.2667942701347666,1.7,1.0,-0.14627843143853145,0.3332057298652334,1.7,1.0
640,21.3333,1,0.07274374922671252,-0.22991352780283042,1.7,1.0,-0.29753122098197826,-0.14449428853582946,1.7,1.0,0.3748101722916971,-0.2995976440469628,1.7,1.0,-0.5995976440469628,-0.07481017229169712,1.7,1.0,0.6476443608665219,-0.3625381361384373,1.7,1.0,-0.7259389006616517,-0.30559356288024514,1.6042037918001184,1.0,0.146161172450799,0.26628187923671015,1.7,1.0,-0.146161172450799,0.3337181207632898,1.7,1.0
641,21.3667,1,0.07096873759841518,-0.23015416463863342,1.7,1.0,-0.2990180996471141,-0.14349540706012787,1.7,1.0,0.3728001048250312,-0.3008494668737301,1.7,1.0,-0.6008494668737301,-0.07280010482503119,1.7,1.0,0.6454219849006844,-0.3647032882473658,1.7,1.0,-0.7344709448699711,-0.30155958203837957,1.6093666606420372,1.0,0.1460474357548142,0.26579259569269514,1.7,1.0,-0.1460474357548142,0.33420740430730483,1.7,1.0
642,21.4,1,0.06927656149134835,-0.2303779388586364,1.7,1.0,-0.3004318485849056,-0.14253892976308463,1.7,1.0,0.37088079076408187,-0.30203607785763914,1.7,1.0,-0.6020360778576391,-0.07088079076408188,1.7,1.0,0.6432975139781637,-0.36675955824383516,1.7,1.0,-0.7427054091130783,-0.29731565994144865,1.6143297644174104,1.0,0.14593753029325815,0.2653267069359664,1.7,1.0,-0.14593753029325815,0.3346732930640336,1.7,1.0
643,21.4333,1,0.06766850448644174,-0.23058550065052513,1.7,1.0,-0.30177193992991924,-0.1416261951820037,1.7,1.0,0.3690541301945257,-0.30315756563800317,1.7,1.0,-0.6031575656380032,-0.06905413019452572,1.7,1.0,0.6412734050276339,-0.36870652756217687,1.7,1.0,-0.7506363252718731,-0.2928887644455795,1.6190798420259067,1.0,0.14583175437487933,0.26488448468347836,1.7,1.0,-0.14583175437487933,0.3351155153165216,1.7,1.0
644,21.4667,1,0.06614578366448393,-0.2307774819106509,1.7,1.0,-0.3030378833875937,-0.14075848401586916,1.7,1.0,0.36732193310170513,-0.3042140328248149,1.7,1.0,-0.6042140328248149,-0.06732193310170514,1.7,1.0,0.6393520035611309,-0.3705438207472856,1.7,1.0,-0.7582589696099208,-0.2883061619345216,1.6236054448403672,1.0,0.145730394888978,0.2644661850415335,1.7,1.0,-0.145730394888978,0.33553381495846646,1.7,1.0
645,21.5,1,0.06470954902673802,-0.23095449359126458,1.7,1.0,-0.3042292249057008,-0.13993701675725873,1.7,1.0,0.3656859172347802,-0.305205593113743,1.7,1.0,-0.605205593113743,-0.06568591723478023,1.7,1.0,0.6375355401323668,-0.37227110235985267,1.7,1.0,-0.7655698144263872,-0.2835952144106428,1.6278969159667147,1.0,0.1456337265522785,0.2640720486181556,1.7,1.0,-0.1456337265522785,0.3359279513818444,1.7,1.0
646,21.5333,1,0.06336088297511488,-0.23111712315516036,1.7,1.0,-0.3053455453726089,-0.13916295144411267,1.7,1.0,0.36414770610088953,-0.3061323684983835,1.7,1.0,-0.6061323684983835,-0.06414770610088955,1.7,1.0,0.635826126988686,-0.3738880739696819,1.7,1.0,-0.7725664720909947,-0.2787831878272337,1.6319463509764234,1.0,0.14554201118989094,0.2637023006403759,1.7,1.0,-0.14554201118989094,0.33629769935962406,1.7,1.0
647,21.5667,1,0.0621007998479674,-0.23126593214532648,1.7,1.0,-0.30638645935033837,-0.13843738153442553,1.7,1.0,0.36270882708869057,-0.3069944865910615,1.7,1.0,-0.6069944865910615,-0.06270882708869058,1.7,1.0,0.6342257549190211,-0.37539447125172537,1.7,1.0,-0.779247632630775,-0.2738970731666854,1.6357475416974456,1.0,0.1454554970519628,0.26335715107464436,1.7,1.0,-0.1454554970519628,0.3366428489253556,1.7,1.0
648,21.6,1,0.060930245507598096,-0.2314014538768066,1.7,1.0,-0.30735161385011545,-0.13776133390665007,1.7,1.0,0.3613707097204697,-0.307792078062987,1.7,1.0,-0.607792078062987,-0.06137070972046971,1.7,1.0,0.6327362902998376,-0.37679006119889186,1.7,1.0,-0.7856129960176129,-0.26896342144476343,1.6392959047779438,1.0,0.1453744181675185,0.2630367947486224,1.7,1.0,-0.1453744181675185,0.3369632052513776,1.7,1.0
649,21.6333,1,0.05985009697563484,-0.23152419125756368,1.7,1.0,-0.3082406871578077,-0.13713576698833796,1.7,1.0,0.3601346840318643,-0.30852527421403725,1.7,1.0,-0.6085252742140372,-0.06013468403186434,1.7,1.0,0.6313594723407168,-0.37807463946504566,1.7,1.0,-0.7916632002648861,-0.26400819350003474,1.6425883968267248,1.0,0.14529899373688523,0.26274141147267405,1.7,1.0,-0.14529899373688523,0.33725858852732593,1.7,1.0
650,21.6667,1,0.05886116211252029,-0.23163461474471697,1.7,1.0,-0.30905338771628144,-0.1365615690152877,1.7,1.0,0.3590019790781217,-0.3091942046818829,1.7,1.0,-0.6091942046818829,-0.059001979078121713,1.7,1.0,0.630096910530923,-0.379248027850936,1.7,1.0,-0.7973997463841395,-0.25905662511549093,1.6456234179869396,1.0,0.14522942756400067,0.26247116615943583,1.7,1.0,-0.14522942756400067,0.33752883384056415,1.7,1.0
651,21.7,1,0.05796417933749726,-0.2317331604420872,1.7,1.0,-0.3097894530713244,-0.1360395564232329,1.7,1.0,0.35797372156574647,-0.3097989952995736,1.7,1.0,-0.6097989952995736,-0.05797372156574648,1.7,1.0,0.6289500822880362,-0.38031007194504524,1.7,1.0,-0.8028249211818834,-0.254133107721986,1.648400705817963,1.0,0.145165907529798,0.26222620893992593,1.7,1.0,-0.145165907529798,0.33777379106007405,1.7,1.0
652,21.7333,1,0.05715981738562731,-0.2318202283445429,1.7,1.0,-0.31044864888737317,-0.13557047237387948,1.7,1.0,0.35705093460833826,-0.3103397661100841,1.7,1.0,-0.6103397661100841,-0.057050934608338266,1.7,1.0,0.6279203308094965,-0.381260638930573,1.7,1.0,-0.8079417187956788,-0.24926108465469904,1.6509212213477606,1.0,0.14510860510776336,0.2620066752747381,1.7,1.0,-0.14510860510776336,0.3379933247252619,1.7,1.0
653,21.7667,1,0.05644867509857915,-0.2318961807341871,1.7,1.0,-0.31103076803883073,-0.13515498541689153,1.7,1.0,0.35623453660541354,-0.3108166295456652,1.7,1.0,-0.6108166295456652,-0.056234536605413554,1.7,1.0,0.6270088631277156,-0.3820996155689356,1.7,1.0,-0.8127537617808804,-0.24446296267816808,1.6531870291180868,1.0,0.1450576749226618,0.26181268605896224,1.7,1.0,-0.1450576749226618,0.33818731394103774,1.7,1.0
654,21.8,1,0.05583128124613648,-0.23196134073296598,1.7,1.0,-0.3115356297822962,-0.13479368828922533,1.7,1.0,0.3555253402430158,-0.3112296887791755,1.7,1.0,-0.6112296887791755,-0.05552534024301581,1.7,1.0,0.6262167483692294,-0.38282690636930033,1.7,1.0,-0.8172652224678181,-0.2397600382654254,1.6552011729815632,1.0,0.1450132543533287,0.261644347719576,1.7,1.0,-0.1450132543533287,0.33835565228042397,1.7,1.0
655,21.8333,1,0.05530809437562989,-0.23201599101581188,1.7,1.0,-0.31196307901452996,-0.1344870968530299,1.7,1.0,0.35492405161497087,-0.3115790362538709,1.7,1.0,-0.6115790362538709,-0.05492405161497088,1.7,1.0,0.6255449162182465,-0.383442431952763,1.7,1.0,-0.8214807452167162,-0.2351724379144386,1.6569675493271085,1.0,0.14497546318032625,0.261501752304165,1.7,1.0,-0.14497546318032625,0.338498247695835,1.7,1.0
656,21.8667,1,0.054879502686760034,-0.2320603726879628,1.7,1.0,-0.3123129856204647,-0.13423564917315506,1.7,1.0,0.35443126946370657,-0.31186475239741124,1.7,1.0,-0.6118647523974112,-0.05443126946370658,1.7,1.0,0.6249941555848195,-0.38394612761884855,1.7,1.0,-0.8254053701068345,-0.23071907161177646,1.6584907793125312,1.0,0.14494440327916766,0.2613849775599443,1.7,1.0,-0.14494440327916766,0.3386150224400557,1.7,1.0
657,21.9,1,0.054545823929580045,-0.23209468432962505,1.7,1.0,-0.31258524391503517,-0.13403970473515203,1.7,1.0,0.35404748453966095,-0.31208690452511606,1.7,1.0,-0.612086904525116,-0.05404748453966096,1.7,1.0,0.6245651134777985,-0.3843379421210435,1.7,1.0,-0.8290444585094355,-0.22641759840986203,1.6597760815743285,1.0,0.14492015835971656,0.2612940870021817,1.7,1.0,-0.14492015835971656,0.33870591299781827,1.7,1.0
658,21.9333,1,0.054307305323708394,-0.23211908121066055,1.7,1.0,-0.3127797721820492,-0.13389954380449104,1.7,1.0,0.3537730790784054,-0.3122455459367462,1.7,1.0,-0.6122455459367462,-0.053773079078405395,1.7,1.0,0.6242582940826478,-0.38461783665708166,1.7,1.0,-0.832403620913189,-0.22228440297031277,1.6608291467687555,1.0,0.14490279375227272,0.26122912997124886,1.7,1.0,-0.14490279375227272,0.3387708700287511,1.7,1.0
659,21.9667,1,0.05416412349717792,-0.23213367467750284,1.7,1.0,-0.31289651231275495,-0.1338153669275836,1.7,1.0,0.3536083263947547,-0.31234071521033174,1.7,1.0,-0.6123407152103317,-0.05360832639475471,1.7,1.0,0.6240740580441789,-0.3847857840786933,1.7,1.0,-0.8354886472969781,-0.21833458184137206,1.661656015178529,1.0,0.14489235624076297,0.2611901416776634,1.7,1.0,-0.14489235624076297,0.33880985832233657,1.7,1.0
660,22.0,1,0.054116384443662624,-0.23213853171401305,1.7,1.0,-0.31293542954618336,-0.13378729457505523,1.7,1.0,0.3535533905932738,-0.3123724356957945,1.7,1.0,-0.6123724356957945,-0.0535533905932738,1.7,1.0,0.6240126219542129,-0.3848417683245003,1.7,1.0,-0.8383054402801532,-0.2145819381811615,1.6622629584993798,1.0,0.14488887394336025,0.2611771432346219,1.7,1.0,-0.14488887394336025,0.3388228567653781,1.7,1.0
661,22.0333,1,0.05416412349717792,-0.23213367467750284,1.7,1.0,-0.31289651231275495,-0.1338153669275836,1.7,1.0,0.3536083263947547,-0.31234071521033174,1.7,1.0,-0.6123407152103317,-0.05360832639475471,1.7,1.0,0.6240740580441789,-0.3847857840786933,1.7,1.0,-0.8408599512246926,-0.21103898360943013,1.6626563668027847,1.0,0.14489235624076297,0.2611901416776634,1.7,1.0,-0.14489235624076297,0.33880985832233657,1.7,1.0
662,22.0667,1,0.054307305323708394,-0.23211908121066055,1.7,1.0,-0.3127797721820492,-0.13389954380449104,1.7,1.0,0.3537730790784054,-0.3122455459367462,1.7,1.0,-0.6122455459367462,-0.053773079078405395,1.7,1.0,0.6242582940826478,-0.38461783665708166,1.7,1.0,-0.8431581194182058,-0.20771694586686268,1.6628426415580007,1.0,0.14490279375227272,0.26122912997124886,1.7,1.0,-0.14490279375227272,0.3387708700287511,1.7,1.0
663,22.1,1,0.054545823929580045,-0.23209468432962505,1.7,1.0,-0.31258524391503517,-0.13403970473515203,1.7,1.0,0.35404748453966095,-0.31208690452511606,1.7,1.0,-0.612086904525116,-0.05404748453966096,1.7,1.0,0.6245651134777985,-0.3843379421210435,1.7,1.0,-0.8452058144312948,-0.20462578098121648,1.6628280954898194,1.0,0.14492015835971656,0.2612940870021817,1.7,1.0,-0.14492015835971656,0.33870591299781827,1.7,1.0
664,22.1333,1,0.054879502686760034,-0.2320603726879628,1.7,1.0,-0.3123129856204647,-0.13423564917315506,1.7,1.0,0.35443126946370657,-0.31186475239741124,1.7,1.0,-0.6118647523974112,-0.05443126946370658,1.7,1.0,0.6249941555848195,-0.38394612761884855,1.7,1.0,-0.8470087817174017,-0.20177418868175684,1.662618859949667,1.0,0.14494440327916766,0.2613849775599443,1.7,1.0,-0.14494440327916766,0.3386150224400557,1.7,1.0
665,22.1667,1,0.05530809437562986,-0.23201599101581188,1.7,1.0,-0.31196307901453,-0.13448709685302979,1.7,1.0,0.35492405161497076,-0.3115790362538709,1.7,1.0,-0.6115790362538709,-0.05492405161497077,1.7,1.0,0.6255449162182465,-0.383442431952763,1.7,1.0,-0.8485725915076119,-0.19916962986556402,1.6622208003877263,1.0,0.14497546318032625,0.26150175230416495,1.7,1.0,-0.14497546318032625,0.33849824769583503,1.7,1.0
666,22.2,1,0.05583128124613648,-0.23196134073296598,1.7,1.0,-0.3115356297822962,-0.13479368828922533,1.7,1.0,0.3555253402430158,-0.3112296887791755,1.7,1.0,-0.6112296887791755,-0.05552534024301581,1.7,1.0,0.6262167483692294,-0.38282690636930033,1.7,1.0,-0.8499025910462248,-0.1968183449995679,1.661639440433063,1.0,0.1450132543533287,0.261644347719576,1.7,1.0,-0.1450132543533287,0.33835565228042397,1.7,1.0
667,22.2333,1,0.05644867509857915,-0.2318961807341871,1.7,1.0,-0.31103076803883073,-0.13515498541689153,1.7,1.0,0.35623453660541354,-0.3108166295456652,1.7,1.0,-0.6108166295456652,-0.056234536605413554,1.7,1.0,0.6270088631277156,-0.3820996155689356,1.7,1.0,-0.851003860214587,-0.19472537243848215,1.6608798950173669,1.0,0.1450576749226618,0.26181268605896224,1.7,1.0,-0.1450576749226618,0.33818731394103774,1.7,1.0
668,22.2667,1,0.05715981738562731,-0.2318202283445429,1.7,1.0,-0.31044864888737317,-0.13557047237387948,1.7,1.0,0.35705093460833826,-0.3103397661100841,1.7,1.0,-0.6103397661100841,-0.057050934608338266,1.7,1.0,0.6279203308094965,-0.381260638930573,1.7,1.0,-0.8518811705995794,-0.19289456574947766,1.6599468129154231,1.0,0.14510860510776336,0.2620066752747381,1.7,1.0,-0.14510860510776336,0.3379933247252619,1.7,1.0
669,22.3,1,0.05796417933749726,-0.2317331604420872,1.7,1.0,-0.3097894530713244,-0.1360395564232329,1.7,1.0,0.35797372156574647,-0.3097989952995736,1.7,1.0,-0.6097989952995736,-0.05797372156574648,1.7,1.0,0.6289500822880362,-0.38031007194504524,1.7,1.0,-0.8525389480782477,-0.19132860925750134,1.6588443290210626,1.0,0.145165907529798,0.26222620893992593,1.7,1.0,-0.145165907529798,0.33777379106007405,1.7,1.0
670,22.3333,1,0.05886116211252029,-0.23163461474471697,1.7,1.0,-0.30905338771628144,-0.1365615690152877,1.7,1.0,0.3590019790781217,-0.3091942046818829,1.7,1.0,-0.6091942046818829,-0.059001979078121713,1.7,1.0,0.630096910530923,-0.379248027850936,1.7,1.0,-0.8529812390100299,-0.19002903115893882,1.6575760266300086,1.0,0.14522942756400067,0.26247116615943583,1.7,1.0,-0.14522942756400067,0.33752883384056415,1.7,1.0
671,22.3667,1,0.05985009697563484,-0.23152419125756368,1.7,1.0,-0.3082406871578077,-0.13713576698833796,1.7,1.0,0.3601346840318643,-0.30852527421403725,1.7,1.0,-0.6085252742140372,-0.06013468403186434,1.7,1.0,0.6313594723407168,-0.37807463946504566,1.7,1.0,-0.8532116801515526,-0.18899621369415898,1.6561449099593328,1.0,0.14529899373688523,0.26274141147267405,1.7,1.0,-0.14529899373688523,0.33725858852732593,1.7,1.0
672,22.4,1,0.060930245507598096,-0.2314014538768066,1.7,1.0,-0.30735161385011545,-0.13776133390665007,1.7,1.0,0.3613707097204697,-0.307792078062987,1.7,1.0,-0.607792078062987,-0.06137070972046971,1.7,1.0,0.6327362902998376,-0.37679006119889186,1.7,1.0,-0.8532334724346073,-0.18822940001967597,1.6545533870955724,1.0,0.1453744181675185,0.2630367947486224,1.7,1.0,-0.1453744181675185,0.3369632052513776,1.7,1.0
673,22.4333,1,0.06210079984796739,-0.23126593214532648,1.7,1.0,-0.30638645935033837,-0.13843738153442553,1.7,1.0,0.3627088270886905,-0.3069944865910615,1.7,1.0,-0.6069944865910615,-0.06270882708869052,1.7,1.0,0.6342257549190211,-0.3753944712517255,1.7,1.0,-0.8530493587741753,-0.1877266975766882,1.6528032635281018,1.0,0.1454554970519628,0.26335715107464436,1.7,1.0,-0.1454554970519628,0.3366428489253556,1.7,1.0
674,22.4667,1,0.06336088297511487,-0.23111712315516036,1.7,1.0,-0.3053455453726089,-0.13916295144411267,1.7,1.0,0.3641477061008895,-0.3061323684983835,1.7,1.0,-0.6061323684983835,-0.06414770610088949,1.7,1.0,0.635826126988686,-0.3738880739696819,1.7,1.0,-0.8526616060987781,-0.18748507791291108,1.6508957463892244,1.0,0.14554201118989094,0.26370230064037586,1.7,1.0,-0.14554201118989094,0.3362976993596241,1.7,1.0
675,22.5,1,0.064709549026738,-0.23095449359126458,1.7,1.0,-0.3042292249057008,-0.13993701675725873,1.7,1.0,0.3656859172347802,-0.305205593113743,1.7,1.0,-0.605205593113743,-0.06568591723478023,1.7,1.0,0.6375355401323668,-0.37227110235985267,1.7,1.0,-0.8520719918183987,-0.18750037307734813,1.6488314594856066,1.0,0.1456337265522785,0.2640720486181556,1.7,1.0,-0.1456337265522785,0.3359279513818444,1.7,1.0
676,22.5333,1,0.0661457836644839,-0.2307774819106509,1.7,1.0,-0.30303788338759374,-0.14075848401586916,1.7,1.0,0.36732193310170513,-0.3042140328248149,1.7,1.0,-0.6042140328248149,-0.06732193310170514,1.7,1.0,0.6393520035611308,-0.3705438207472857,1.7,1.0,-0.8512817949643087,-0.18776726887116507,1.6466104691651573,1.0,0.145730394888978,0.2644661850415335,1.7,1.0,-0.145730394888978,0.33553381495846646,1.7,1.0
677,22.5667,1,0.06766850448644172,-0.23058550065052513,1.7,1.0,-0.30177193992991924,-0.1416261951820037,1.7,1.0,0.36905413019452565,-0.30315756563800317,1.7,1.0,-0.6031575656380032,-0.06905413019452566,1.7,1.0,0.6412734050276339,-0.36870652756217687,1.7,1.0,-0.8502917922487998,-0.18827929540037952,1.644232321017274,1.0,0.14583175437487933,0.26488448468347836,1.7,1.0,-0.14583175437487933,0.3351155153165216,1.7,1.0
678,22.6,1,0.06927656149134834,-0.2303779388586364,1.7,1.0,-0.3004318485849057,-0.14253892976308463,1.7,1.0,0.37088079076408187,-0.30203607785763914,1.7,1.0,-0.6020360778576391,-0.07088079076408188,1.7,1.0,0.6432975139781637,-0.36675955824383527,1.7,1.0,-0.8491022592996791,-0.1890288155356894,1.6416960873507047,1.0,0.14593753029325815,0.2653267069359664,1.7,1.0,-0.14593753029325815,0.3346732930640336,1.7,1.0
679,22.6333,1,0.07096873759841517,-0.23015416463863353,1.7,1.0,-0.2990180996471142,-0.14349540706012787,1.7,1.0,0.3728001048250312,-0.3008494668737302,1.7,1.0,-0.6008494668737302,-0.07280010482503119,1.7,1.0,0.6454219849006844,-0.3647032882473659,1.7,1.0,-0.8477129773230979,-0.190007012039354,1.6390004253304333,1.0,0.1460474357548142,0.26579259569269514,1.7,1.0,-0.1460474357548142,0.33420740430730483,1.7,1.0
680,22.6667,1,0.07274374922671248,-0.22991352780283042,1.7,1.0,-0.29753122098197826,-0.14449428853582946,1.7,1.0,0.37481017229169705,-0.2995976440469628,1.7,1.0,-0.5995976440469628,-0.07481017229169706,1.7,1.0,0.6476443608665219,-0.3625381361384373,1.7,1.0,-0.846123245437612,-0.1912038742663295,1.6361436455815144,1.0,0.146161172450799,0.2662818792367101,1.7,1.0,-0.146161172450799,0.3337181207632899,1.7,1.0
681,22.7,1,0.0746002469380285,-0.2296553626244005,1.7,1.0,-0.29597177937291785,-0.1455341802991425,1.7,1.0,0.3769090052443268,-0.2982805376792162,1.7,1.0,-0.5982805376792162,-0.07690900524432681,1.7,1.0,0.6499620772629189,-0.3602645667609852,1.7,1.0,-0.8443318989012877,-0.19260818548438646,1.6331237909825633,1.0,0.14627843143853145,0.2667942701347666,1.7,1.0,-0.14627843143853145,0.3332057298652334,1.7,1.0
682,22.7333,1,0.07653681614708119,-0.22937899068065387,1.7,1.0,-0.2943403818785864,-0.14661363570268193,1.7,1.0,0.37909453032591534,-0.2968980960574205,1.7,1.0,-0.5968980960574205,-0.07909453032591535,1.7,1.0,0.6523724657132494,-0.35788309446224204,1.7,1.0,-0.8423373334212462,-0.19420751198306818,1.629938725273774,1.0,0.14639889395750036,0.2673294651402742,1.7,1.0,-0.14639889395750036,0.33267053485972575,1.7,1.0
683,22.7667,1,0.0785519779028619,-0.22908372377871195,1.7,1.0,-0.2926376771916571,-0.14773115804896975,1.7,1.0,0.3813645912694432,-0.2954502905582384,1.7,1.0,-0.5954502905582384,-0.08136459126944323,1.7,1.0,0.6548727581811941,-0.35539428635910114,1.7,1.0,-0.8401375356906658,-0.19598819525123173,1.6265862309935692,1.0,0.14652223227415223,0.2678871451066807,1.7,1.0,-0.14652223227415223,0.33211285489331926,1.7,1.0
684,22.8,1,0.08064418974477744,-0.22876886695455928,1.7,1.0,-0.2908643569904172,-0.14888520340121614,1.7,1.0,0.3837169515550678,-0.29393711880070755,1.7,1.0,-0.5939371188007075,-0.08371695155506781,1.7,1.0,0.6574600912546849,-0.3527987656294867,1.7,1.0,-0.8377301202415084,-0.19793534859462864,1.6230641161342843,1.0,0.1466481105533663,0.268466974913154,1.7,1.0,-0.1466481105533663,0.33153302508684596,1.7,1.0
685,22.8333,1,0.0828118466370818,-0.22843372153616054,1.7,1.0,-0.28902115727437505,-0.1500741834939891,1.7,1.0,0.3861492971964282,-0.2923586078337214,1.7,1.0,-0.5923586078337214,-0.08614929719642822,1.7,1.0,0.6601315106048701,-0.35009721481216355,1.7,1.0,-0.8351123726320404,-0.20003285963540746,1.619370328771292,1.0,0.14677618575452245,0.269068603404406,1.7,1.0,-0.14677618575452245,0.33093139659559395,1.7,1.0
686,22.8667,1,0.08505328198490253,-0.22807758826104013,1.7,1.0,-0.28710885967503313,-0.15129646873879055,1.7,1.0,0.38865923965485005,-0.29071481734498067,1.7,1.0,-0.5907148173449807,-0.08865923965485006,1.7,1.0,0.6628839756148026,-0.3472903790982172,1.7,1.0,-0.8322812989067895,-0.20226340018148364,1.6155030787727318,1.0,0.1469061085499746,0.2696916633464804,1.7,1.0,-0.1469061085499746,0.33030833665351955,1.7,1.0
687,22.9,1,0.0873667687349153,-0.2276997704384756,1.7,1.0,-0.28512829273300233,-0.1525503913192025,1.7,1.0,0.3912443188797955,-0.2890058428778826,1.7,1.0,-0.5890058428778826,-0.0912443188797955,1.7,1.0,0.6657143641719454,-0.34437906959734693,1.7,1.0,-0.8292336811735883,-0.2046084449723003,1.6114609655403052,1.0,0.14703752426365171,0.2703357714002869,1.7,1.0,-0.14703752426365171,0.32966422859971306,1.7,1.0
688,22.9333,1,0.08975052056346453,-0.22729957714622445,1.7,1.0,-0.28308033313267245,-0.15383424836992549,1.7,1.0,0.39390200647347096,-0.28723181904267897,1.7,1.0,-0.587231819042679,-0.09390200647347097,1.7,1.0,0.668619477617993,-0.3413641665620572,1.7,1.0,-0.8259661390387543,-0.20704830079566222,1.607243110567637,1.0,0.14717007382742248,0.2710005281146188,1.7,1.0,-0.14717007382742248,0.3289994718853812,1.7,1.0
689,22.9667,1,0.0922026931546057,-0.2268763264515095,1.7,1.0,-0.28096590688576245,-0.15514630523366996,1.7,1.0,0.39662970897701133,-0.28539292270816813,1.7,1.0,-0.5853929227081681,-0.09662970897701134,1.7,1.0,0.6715960458488616,-0.338246622552892,1.7,1.0,-0.8224751965287632,-0.20956214742528784,1.6028492934344654,1.0,0.1473033947527769,0.27168551794032647,1.7,1.0,-0.1473033947527769,0.3283144820596735,1.7,1.0
690,23.0,1,0.09472138557022436,-0.22642934864581482,1.7,1.0,-0.27878599045520386,-0.15648479878952265,1.7,1.0,0.39942477127517895,-0.2834893761601585,1.7,1.0,-0.5834893761601585,-0.09942477127517896,1.7,1.0,0.6746407325570735,-0.33502746552795276,1.7,1.0,-0.8187573540067902,-0.21212809174812558,1.5982800896857987,1.0,0.1474371221153006,0.27239030926725305,1.7,1.0,-0.1474371221153006,0.3276096907327469,1.7,1.0
691,23.0333,1,0.09730464171399807,-0.2259579894829154,1.7,1.0,-0.2765416118110092,-0.15784794084605114,1.7,1.0,0.40228448011597767,-0.28152145021298886,1.7,1.0,-0.5815214502129888,-0.10228448011597768,1.7,1.0,0.6777501406080884,-0.331707801840152,1.7,1.0,-0.8148091644676099,-0.2147232363323502,1.593537008879285,1.0,0.14757088954934497,0.2731144544854483,1.7,1.0,-0.14757088954934497,0.3268855455145517,1.7,1.0
692,23.0667,1,0.09995045189058883,-0.22546161340945453,1.7,1.0,-0.27423385140999446,-0.15923392159208044,1.7,1.0,0.40520606774106466,-0.27948946726047025,1.7,1.0,-0.5794894672604702,-0.10520606774106467,1.7,1.0,0.6809208175414945,-0.32828881912590385,1.7,1.0,-0.8106273134672112,-0.2173237635300011,1.5886226309258091,1.0,0.14770433025023025,0.27385749007208915,1.7,1.0,-0.14770433025023025,0.32614250992791083,1.7,1.0
693,23.1,1,0.10265675446101713,-0.224939606777323,1.7,1.0,-0.27186384309150574,-0.16064091309773731,1.7,1.0,0.4081867156222858,-0.27739380425277443,1.7,1.0,-0.5773938042527744,-0.10818671562228582,1.7,1.0,0.6841492611873027,-0.3247717890693112,1.7,1.0,-0.8062087018172834,-0.21990503601180772,1.583540738702809,1.0,0.14783707798125903,0.2746189367054267,1.7,1.0,-0.14783707798125903,0.3253810632945733,1.7,1.0
694,23.1333,1,0.10542143759472132,-0.2243913810270553,1.7,1.0,-0.2694327748816135,-0.1620670728580363,1.7,1.0,0.4112235582990997,-0.27523489558599185,1.7,1.0,-0.5752348955859918,-0.11122355829909969,1.7,1.0,0.6874319253869254,-0.32115807002632174,1.7,1.0,-0.8015505300528893,-0.22244171439615706,1.5782964447922072,1.0,0.14796876808276374,0.27539829940696614,1.7,1.0,-0.14796876808276374,0.32460170059303384,1.7,1.0
695,23.1667,1,0.10824234111834888,-0.223816375831473,1.7,1.0,-0.26694188969858457,-0.16351054737098347,1.7,1.0,0.4143136873111104,-0.27301323589134613,1.7,1.0,-0.5730132358913461,-0.11431368731111041,1.7,1.0,0.6907652258077983,-0.31744910949381216,1.7,1.0,-0.7966503835678673,-0.22490789236064584,1.5728963100906537,1.0,0.14809903848036848,0.27619506771296465,1.7,1.0,-0.14809903848036848,0.32380493228703533,1.7,1.0
696,23.2,1,0.11111725846082064,-0.2232140621888437,1.7,1.0,-0.2643924859528513,-0.16496947574187204,1.7,1.0,0.4174541552193425,-0.2707293827113732,1.7,1.0,-0.5707293827113732,-0.1174541552193425,1.7,1.0,0.6941455458399429,-0.3136464464091418,1.7,1.0,-0.7915063172107853,-0.22727724931551702,1.5673484519646108,1.0,0.14822753068960734,0.2770087158761954,1.7,1.0,-0.14822753068960734,0.32299128412380457,1.7,1.0
697,23.2333,1,0.11404393869372702,-0.22258394545491106,1.7,1.0,-0.2617859180351097,-0.16644199330518566,1.7,1.0,0.420641979709357,-0.2683839590507397,1.7,1.0,-0.5683839590507397,-0.12064197970935703,1.7,1.0,0.6975692425621841,-0.30975171326632683,1.7,1.0,-0.7861169380485094,-0.22952322037704703,1.5616626395819935,1.0,0.1483538908140145,0.2778387030987926,1.7,1.0,-0.1483538908140145,0.3221612969012074,1.7,1.0
698,23.2667,1,0.1170200886655823,-0.22192556830327764,1.7,1.0,-0.2591235966866644,-0.1679262352552664,1.7,1.0,0.4238741477687309,-0.2659776557898131,1.7,1.0,-0.5659776557898131,-0.1238741477687309,1.7,1.0,0.7010326527651233,-0.3057666380357161,1.7,1.0,-0.7804814849386937,-0.23161918301029477,1.5558503740509118,1.0,0.14847777053378158,0.2786844737968377,1.7,1.0,-0.14847777053378158,0.3213155262031623,1.7,1.0
699,23.3,1,0.1200433752279618,-0.22123851360378083,1.7,1.0,-0.25640698924661776,-0.16942034027669156,1.7,1.0,0.4271476199309082,-0.26351123394956416,1.7,1.0,-0.5635112339495641,-0.12714761993090823,1.7,1.0,0.7045320990174405,-0.3016930458747878,1.7,1.0,-0.7745999035104763,-0.23353865932049805,1.5499249510391324,1.0,0.14859882808207084,0.2795454578972016,1.7,1.0,-0.14859882808207084,0.3204545421027984,1.7,1.0
700,23.3333,1,0.12311142755099802,-0.22052240720871502,1.7,1.0,-0.2536376197710499,-0.17092245416509533,1.7,1.0,0.43045933457687924,-0.26098552679693116,1.7,1.0,-0.5609855267969311,-0.13045933457687925,1.7,1.0,0.7080638957615462,-0.2975328606185457,1.7,1.0,-0.7684729151379049,-0.23525553256792836,1.5439015036393275,1.0,0.14871672920607154,0.2804210711669922,1.7,1.0,-0.14871672920607154,0.31957892883300776,1.7,1.0
701,23.3667,1,0.12622183952520674,-0.2197769206369911,1.7,1.0,-0.2508170690198762,-0.1724307334290167,1.7,1.0,0.4338062122856692,-0.2584014417803387,1.7,1.0,-0.5584014417803387,-0.1338062122856692,1.7,1.0,0.7116243554241514,-0.2932881060388462,1.7,1.0,-0.7621020785060613,-0.23674427607045628,1.5377970233880576,1.0,0.14883114810990117,0.28131071557579956,1.7,1.0,-0.14883114810990117,0.3186892844242004,1.7,1.0
702,23.4,1,0.12937217224606698,-0.21900177364661672,1.7,1.0,-0.24794697430766674,-0.17394334886320884,1.7,1.0,0.4371851602241129,-0.2557599622857127,1.7,1.0,-0.5557599622857127,-0.13718516022411292,1.7,1.0,0.7152097945268641,-0.28896090686296066,1.7,1.0,-0.7554898424179923,-0.2379801922506833,1.5316303575429706,1.0,0.14894176837647383,0.28221377969076,1.7,1.0,-0.14894176837647383,0.31778622030924,1.7,1.0
703,23.4333,1,0.1325599565772829,-0.21819673668620193,1.7,1.0,-0.24502902921530076,-0.1754584890837551,1.7,1.0,0.4405930765659696,-0.25306214920398745,1.7,1.0,-0.5530621492039874,-0.1405930765659696,1.7,1.0,0.7188165397815576,-0.28455348954263243,1.7,1.0,-0.7486395885729036,-0.23893965919037313,1.5254221809736432,1.0,0.14904828386549354,0.28312963910429734,1.7,1.0,-0.14904828386549354,0.31687036089570264,1.7,1.0
704,23.4667,1,0.13578269578812258,-0.2173616332165637,1.7,1.0,-0.24206498315997094,-0.1769743640152613,1.7,1.0,0.4440268549299883,-0.2503091423018367,1.7,1.0,-0.5503091423018367,-0.1440268549299883,1.7,1.0,0.7224409341548994,-0.2800681827659542,1.7,1.0,-0.7415556631635296,-0.23960038168473513,1.519194941326417,1.0,0.14915039958477375,0.28405765689422274,1.7,1.0,-0.14915039958477375,0.31594234310577723,1.7,1.0
705,23.5,1,0.13903786825975778,-0.2164963418939017,1.7,1.0,-0.23905664082166778,-0.17848920832037596,1.7,1.0,0.4474833888261839,-0.24750216138809383,1.7,1.0,-0.5475021613880938,-0.1474833888261839,1.7,1.0,0.7260793428861817,-0.2755074177054287,1.7,1.0,-0.7342433962927106,-0.23994164345396823,1.5129727764803138,1.0,0.14924783253214166,0.2849971841157135,1.7,1.0,-0.14924783253214166,0.31500281588428647,1.7,1.0
706,23.5333,1,0.1423229302550295,-0.21560079860646258,1.7,1.0,-0.23600586142494612,-0.1800012847618943,1.7,1.0,0.4509595760992201,-0.24464250726913678,1.7,1.0,-0.5446425072691368,-0.15095957609922012,1.7,1.0,0.7297281594423601,-0.27087372799671344,1.7,1.0,-0.726709108394875,-0.2399445568803597,1.5067814037161495,1.0,0.14934031250525354,0.2859475603245125,1.7,1.0,-0.14934031250525354,0.31405243967548746,1.7,1.0
707,23.5667,1,0.14563531874562402,-0.2146749983570802,1.7,1.0,-0.2329145578754151,-0.18150888748775956,1.7,1.0,0.45445232335752433,-0.24173156248731548,1.7,1.0,-0.5417315624873155,-0.15445232335752435,1.7,1.0,0.7333838113940795,-0.26616974944365696,1.7,1.0,-0.7189601030646133,-0.23959230640701085,1.500647980468784,1.0,0.14942758287672595,0.2869081141305313,1.7,1.0,-0.14942758287672595,0.3130918858694687,1.7,1.0
708,23.6,1,0.14897245429020384,-0.21371899698449265,1.7,1.0,-0.22978469575106253,-0.18301034522936632,1.7,1.0,0.4579585503765001,-0.23877079183735878,1.7,1.0,-0.5387707918373588,-0.15795855037650008,1.7,1.0,0.7370427661963805,-0.26139821944639924,1.7,1.0,-0.7110046459384088,-0.2388703815689162,1.4946009370162847,1.0,0.14950940133207882,0.28787816378087117,1.7,1.0,-0.14950940133207882,0.3121218362191288,1.7,1.0
709,23.6333,1,0.15233174395662907,-0.2127329127168764,1.7,1.0,-0.22661829214919105,-0.1845040244037029,1.7,1.0,0.46147519446400864,-0.23576174265657063,1.7,1.0,-0.5357617426565706,-0.16147519446400865,1.7,1.0,0.740701536857771,-0.256561976150488,1.7,1.0,-0.7028519295419998,-0.23776679553777896,1.48866978197098,1.0,0.14958554056808687,0.2888570177711157,1.7,1.0,-0.14958554056808687,0.31114298222888426,1.7,1.0
710,23.6667,1,0.15571058428104584,-0.2117169275516057,1.7,1.0,-0.22341741439038582,-0.18598833211005655,1.7,1.0,0.46499921477616113,-0.23270604488550112,1.7,1.0,-0.5327060448855011,-0.16499921477616114,1.7,1.0,0.7443566874814266,-0.2516639573161163,1.7,1.0,-0.6945120242989238,-0.23627228505614256,1.4828848819659766,1.0,0.14965578894924933,0.28984397548359897,1.7,1.0,-0.14965578894924933,0.310156024516401,1.7,1.0
711,23.7,1,0.15910636425625763,-0.2106712884558472,1.7,1.0,-0.22018417858160594,-0.1874617190122148,1.7,1.0,0.46852759657135684,-0.2296054108967051,1.7,1.0,-0.5296054108967051,-0.16852759657135685,1.7,1.0,0.7480048386624142,-0.24670719890780263,1.7,1.0,-0.6859958161890084,-0.23438048772002312,1.4772772174655877,1.0,0.1497199511202093,0.29083832785119773,1.7,1.0,-0.1497199511202093,0.30916167214880225,1.7,1.0
712,23.7333,1,0.16251646834151567,-0.20959630838321536,1.7,1.0,-0.216920748041107,-0.18892268209737068,1.7,1.0,0.4720573553904973,-0.2264616350900887,1.7,1.0,-0.5264616350900887,-0.17205735539049732,1.7,1.0,0.7516426727250615,-0.24169483340597425,1.7,1.0,-0.6773149318410884,-0.23208809274594705,1.4718781171568236,1.0,0.1497778485720879,0.2918393580450613,1.7,1.0,-0.1497778485720879,0.3081606419549387,1.7,1.0
713,23.7667,1,0.16593827948557502,-0.2084923671023658,1.7,1.0,-0.213629331588553,-0.19036976730323418,1.7,1.0,0.475585541151311,-0.223276593254289,1.7,1.0,-0.523276593254289,-0.17558554115131103,1.7,1.0,0.7552669387848789,-0.23663008784312284,1.7,1.0,-0.6684816521344052,-0.22939496162948386,1.4667189738889481,1.0,0.14982932016084,0.2928463421845533,1.7,1.0,-0.14982932016084,0.3071536578154467,1.7,1.0
714,23.8,1,0.1693691821546661,-0.2073599118340545,1.7,1.0,-0.21031218170425472,-0.1918015720052108,1.7,1.0,0.4791092421448383,-0.220052241694427,1.7,1.0,-0.520052241694427,-0.1791092421448383,1.7,1.0,0.7588744576198326,-0.23151628156831178,1.7,1.0,-0.6595088156591927,-0.22630421546677632,1.4618309456055396,1.0,0.14987422257588978,0.2938585500675617,1.7,1.0,-0.14987422257588978,0.3061414499324383,1.7,1.0
715,23.8333,1,0.17280656535682673,-0.20619945769387865,1.7,1.0,-0.2069715925620821,-0.19321674735588157,1.7,1.0,0.4826255889222524,-0.21679061612750777,1.7,1.0,-0.5167906161275078,-0.1826255889222524,1.7,1.0,0.7624621263361853,-0.22635682374497929,1.7,1.0,-0.6504097136408747,-0.2228222861642694,1.4572446451454737,1.0,0.14991243075746402,0.29487524591921166,1.7,1.0,-0.14991243075746402,0.3051247540807883,1.7,1.0
716,23.8667,1,0.17624782565393177,-0.20501158793859503,1.7,1.0,-0.20360989794112916,-0.19461400046946004,1.7,1.0,0.48613175806042885,-0.2134938303476262,1.7,1.0,-0.5134938303476262,-0.18613175806042886,1.7,1.0,0.7660269228146842,-0.2211552105880415,1.7,1.0,-0.6411979781556413,-0.21895892929810062,1.4529898231627667,1.0,0.14994383826120825,0.2958956891569204,1.7,1.0,-0.14994383826120825,0.3041043108430796,1.7,1.0
717,23.9,1,0.1796903701526424,-0.20379695401461723,1.7,1.0,-0.20022946902176536,-0.1959920964443505,1.7,1.0,0.48962497579492237,-0.21016407466404535,1.7,1.0,-0.5101640746640453,-0.18962497579492238,1.7,1.0,0.7695659099234333,-0.21591502234739984,1.7,1.0,-0.6318874656506355,-0.21472719699407522,1.4490950487184548,1.0,0.14996835756884516,0.29691913516963153,1.7,1.0,-0.14996835756884516,0.30308086483036845,1.7,1.0
718,23.9333,1,0.18313161946548503,-0.20255627540798732,1.7,1.0,-0.19683271207217876,-0.19734986021744366,1.7,1.0,0.4931025215093686,-0.20680361411606235,1.7,1.0,-0.5068036141160623,-0.19310252150936863,1.7,1.0,0.7730762394844893,-0.21063992004593662,1.7,1.0,-0.6224921379226379,-0.2101433698697937,1.4455873923198528,1.0,0.14998592034381464,0.2979448361089959,1.7,1.0,-0.14998592034381464,0.30205516389100406,1.7,1.0
719,23.9667,1,0.1865690106332521,-0.20129033929583112,1.7,1.0,-0.1934220660320003,-0.1986861782443068,1.7,1.0,0.4965617310706948,-0.20341478646944305,1.7,1.0,-0.503414786469443,-0.1965617310706948,1.7,1.0,0.7765551559819334,-0.20533364198109255,1.7,1.0,-0.6130259427996213,-0.2052268477981704,1.4424921163147417,1.0,0.14999647763102067,0.29897204169018776,1.7,1.0,-0.14999647763102067,0.3010279583098122,1.7,1.0
720,24.0,1,0.25773748354093107,-0.16869114518837275,1.7,1.0,-0.11856438258086564,-0.22157692355319764,1.7,1.0,0.5647205848508179,-0.1255474838907525,1.7,1.0,-0.4255474838907525,-0.2647205848508179,1.7,1.0,0.8419956440984576,-0.08657901562193415,1.7,1.0,-0.5536460586251234,-0.09694943335560163,1.5160337099439356,1.0,0.14854021031123554,0.3208759651440098,1.7,1.0,-0.14854021031123554,0.2791240348559902,1.7,1.0
721,24.0333,1,0.2576573657672791,-0.16869083382460648,1.693551422276067,1.0,-0.11864270764266037,-0.2215420980895642,1.6957871810442955,1.0,0.5646390046017035,-0.12557532876635152,1.6917275138072492,1.0,-0.42369974220636597,-0.2758990511973655,1.7050352787965055,1.0,0.8419127429037642,-0.08663229193954053,1.6900801126096072,1.0,-0.5577819638924003,-0.10910202999404556,1.5244786075117358,1.0,0.14853950266181823,0.3208623411572202,1.6991174636441204,1.0,-0.14853950266181823,0.2791376588427798,1.7008825363558795,1.0
722,24.0667,1,0.257417493905417,-0.16869027509214946,1.687129107820363,1.0,-0.11887715347553349,-0.22143810091360622,1.6916018277484772,1.0,0.5643947062425083,-0.1256591540272768,1.6834803099842697,1.0,-0.4213300080141353,-0.2869437697338832,1.7098028753518324,1.0,0.8416644464179456,-0.08679233500094025,1.6801846216161853,1.0,-0.5611468248800502,-0.12114259748238076,1.532711856377095,1.0,0.14853736080826996,0.3208215101926803,1.6982344526599549,1.0,-0.14853736080826996,0.2791784898073197,1.701765547340045,1.0
723,24.1,1,0.2570193075316096,-0.1686905872620768,1.6807591848431143,1.0,-0.11926613821806695,-0.2212663599352062,1.687471222148628,1.0,0.5639890132747669,-0.12579982534452389,1.6752835754623001,1.0,-0.41847527639785825,-0.2977843488823177,1.7142833275712965,1.0,0.8412519733008444,-0.087059782322218,1.6703378637635002,1.0,-0.5637436984661631,-0.13297954015593205,1.5406847660264376,1.0,0.14853372858539865,0.3207535944762353,1.6973505115899286,1.0,-0.14853372858539865,0.2792464055237647,1.7026494884100714,1.0
724,24.1333,1,0.2564651900061489,-0.1686936082524439,1.6744675128823172,1.0,-0.1198070459846015,-0.22102922276309062,1.6834222812385624,1.0,0.5634241193670243,-0.12599876483586364,1.6671623071180122,1.0,-0.4151823566950642,-0.30835286237025,1.71846522330193,1.0,0.8406773458865247,-0.08743568045959765,1.6605640567502526,1.0,-0.5655887708347214,-0.14452290162517883,1.5483545106824175,1.0,0.14852851420687516,0.3206587952015711,1.6964652230172717,1.0,-0.14852851420687516,0.2793412047984289,1.7035347769827283,1.0
725,24.1667,1,0.2557584448156423,-0.1687018573531921,1.6682795520341847,1.0,-0.12049625733058182,-0.22072990906856554,1.6794813799010355,1.0,0.56270307025072,-0.12625792042749268,1.6591412187743855,1.0,-0.4115065810968937,-0.31858492851215864,1.7223461280178778,1.0,0.8399433770953062,-0.08792146126879646,1.6508872403461796,1.0,-0.56671022568741,-0.15568592884539678,1.5556855609559932,1.0,0.1485215929524569,0.3205373888350158,1.6955782258420324,1.0,-0.1485215929524569,0.27946261116498416,1.7044217741579675,1.0
726,24.2,1,0.2549032629296223,-0.16871848268019934,1.66222023634532,1.0,-0.121329191195863,-0.2203724453268791,1.6756741802135695,1.0,0.5618297386635708,-0.1265797236789606,1.651244650558064,1.0,-0.40751027153798036,-0.32842067758641474,1.725933196915133,1.0,0.8390536522297178,-0.08851890909719656,1.6413312182340907,1.0,-0.5671467596943366,-0.1663866044027611,1.5626507704981425,1.0,0.14851281083900733,0.3203897220973736,1.6946892326835856,1.0,-0.14851281083900733,0.2796102779026264,1.7053107673164143,1.0
727,24.2333,1,0.2539046816314988,-0.16874719537043936,1.6563138525622316,1.0,-0.12230035764347186,-0.21996158332567445,1.6720254689809346,1.0,0.5608087926189749,-0.12696703677537913,1.6434964812732897,1.0,-0.40326102867759833,-0.3378055655573527,1.7292434485313632,1.0,0.8380125057689533,-0.08923011933467961,1.6319195007542453,1.0,-0.5669458178421408,-0.17654909132911123,1.5692320760741665,1.0,0.14850198918748841,0.3202162057718033,1.693798046150512,1.0,-0.14850198918748841,0.27978379422819666,1.706201953849488,1.0
728,24.2667,1,0.25276853539150523,-0.16879219178149912,1.6505839252800112,1.0,-0.12340342055153561,-0.2195027041677346,1.66855900512719,1.0,0.5596456573450385,-0.12742308957167547,1.6359200443520494,1.0,-0.3988299123006391,-0.34669099921331176,1.7323036931112117,1.0,0.8368249933030685,-0.09005744886602829,1.6226752486751808,1.0,-0.566161632173612,-0.18610503947691298,1.5754207907289168,1.0,0.1484889299775161,0.3200173075208824,1.6929045737445345,1.0,-0.1484889299775161,0.27998269247911756,1.7070954262554654,1.0
729,24.3,1,0.25150139944075944,-0.16885806518334512,1.645053109352124,1.0,-0.1246312692803057,-0.21900170979137507,1.6652973783236877,1.0,0.5583464712921546,-0.12795140773995228,1.62853804782269,1.0,-0.394289584059182,-0.35503474667312,1.7351501244926555,1.0,0.8354968587708343,-0.09100345908140389,1.6136212180541694,1.0,-0.5648531533851756,-0.1949947100307432,1.5812174915317276,1.0,0.14847342186357834,0.3197935439242223,1.6920088411954353,1.0,-0.14847342186357834,0.28020645607577765,1.7079911588045646,1.0
730,24.3333,1,0.25011052677908674,-0.1689497086241079,1.6397430902248382,1.0,-0.12597609822721886,-0.21846490428016524,1.6622618799460653,1.0,0.5569180366526518,-0.12855573322048225,1.6213724986101532,1.0,-0.38971248126501573,-0.36280111758671735,1.7378275983007923,1.0,0.8340344971836138,-0.09207085221075584,1.604779706183986,1.0,-0.5630819656913765,-0.20316788450782625,1.586631524388411,1.0,0.14845524671301535,0.3195454719694963,1.6911110040574104,1.0,-0.14845524671301535,0.2804545280305037,1.7088889959425895,1.0
731,24.3667,1,0.24860377940387868,-0.16907221081160329,1.6346744926508603,1.0,-0.1274294931023277,-0.21789886742944448,1.6594723871541563,1.0,0.5553677648694682,-0.12923993830757496,1.61444463134554,1.0,-0.3851690848313136,-0.36996090856283564,1.740388630898676,1.0,0.832444913031936,-0.0932624018523236,1.5961724985536376,1.0,-0.5609102714670025,-0.21058453585086773,1.591680167316216,1.0,0.14843418651560777,0.31927368024388464,1.6902113574329094,1.0,-0.14843418651560777,0.28072631975611534,1.7097886425670905,1.0
732,24.4,1,0.24698955458303137,-0.16923074697606494,1.629866798025757,1.0,-0.12898252270444346,-0.21731032317721927,1.6569472605856634,1.0,0.5537036176333398,-0.13000793481196538,1.6077748417268862,1.0,-0.38072633606422546,-0.3764911207089002,1.7428921623091123,1.0,0.8307356745820055,-0.09458087866374643,1.5878208166827448,1.0,-0.5583990239421821,-0.21721525109038425,1.5963875093472089,1.0,0.14841003050821375,0.318978780079403,1.6893103437263528,1.0,-0.14841003050821375,0.281021219920597,1.710689656273647,1.0
733,24.4333,1,0.24527670701275087,-0.16943046676587725,1.625338270386015,1.0,-0.1306258349540176,-0.21670600558999137,1.654703255858709,1.0,0.5519340438803778,-0.13086357983041574,1.601382624342502,1.0,-0.37644624658442,-0.38237446700442584,1.7454021319180821,1.0,0.8289148642769442,-0.09602897227580537,1.5797452666257803,1.0,-0.5556062744113595,-0.22304140668288325,1.6007831140897828,1.0,0.14838258235530336,0.31866139690425554,1.688408558366042,1.0,-0.14838258235530336,0.28133860309574443,1.711591441633958,1.0
734,24.4667,1,0.24347446770247638,-0.16967638127653273,1.6211058909171483,1.0,-0.13234975594001153,-0.21609252511987848,1.652755448800871,1.0,0.5500679133055586,-0.13181057972011911,1.595286514748848,1.0,-0.3723847340455271,-0.38759869696543786,1.7479859182146364,1.0,0.8269910254631814,-0.09760921057239075,1.5719657878871576,1.0,-0.5525857859564299,-0.228055108205309,1.6049005444836255,1.0,0.14835166722729784,0.3183221620434259,1.6875067534669514,1.0,-0.14835166722729784,0.2816778379565741,1.7124932465330485,1.0
735,24.5,1,0.24159236041666718,-0.16997325132402236,1.61718530065121,1.0,-0.13414439076175347,-0.21547623781945974,1.6511171740725468,1.0,0.5481144469043261,-0.13285239391984965,1.5895040354916985,1.0,-0.36859070433434865,-0.3921557742265119,1.7507126933854633,1.0,0.8249731056673729,-0.0993238775547905,1.5645016024443976,1.0,-0.5493859496002822,-0.23225891492004386,1.6087758282898916,1.0,0.14831713862306078,0.3179617051955674,1.686605839438946,1.0,-0.14831713862306078,0.2820382948044326,1.7133941605610539,1.0
736,24.5333,1,0.23964011647966593,-0.1703254790484447,1.613590750891683,1.0,-0.13599972498925045,-0.21486312011772885,1.6497999766385971,1.0,0.5460831450464135,-0.1339921402813971,1.584051645677095,1.0,-0.36510538933578446,-0.39604094893955794,1.7536517407436971,1.0,0.8228703966550888,-0.10117493107245085,1.5573711635477898,1.0,-0.5460490221308547,-0.23566537631078194,1.612445942509648,1.0,0.14827888479036172,0.3175806477905069,1.6857068845735865,1.0,-0.14827888479036172,0.2824193522094931,1.7142931154264134,1.0
737,24.5667,1,0.2376275887184322,-0.1707370048733971,1.6103350607947176,1.0,-0.13790572562241504,-0.21425865162794594,1.6488135753703959,1.0,0.5439837135754392,-0.1352325035736336,1.5789446936408749,1.0,-0.36196193874580085,-0.3992517710796292,1.7568707783526272,1.0,0.8206924715108003,-0.10316392175449235,1.550592103953533,1.0,-0.5426106885341844,-0.23829641173206367,1.6159473896011851,1.0,0.14823683460822917,0.31717959740311136,1.6848111126674954,1.0,-0.14823683460822917,0.2828204025968886,1.7151888873325045,1.0
738,24.6,1,0.23556466528202186,-0.17121121175369408,1.6074295814626278,1.0,-0.1398524404967461,-0.21366770828046194,1.6481658379347914,1.0,0.5418259884173325,-0.1365756487976466,1.5741973722353364,1.0,-0.35918525528004513,-0.40178709280781316,1.7604343264980815,1.0,0.8184491189911616,-0.10529191451476505,1.5441811832558474,1.0,-0.5390999368941047,-0.24018256574514957,1.6193149296294571,1.0,0.1481909628074084,0.3167591433658294,1.683919898760988,1.0,-0.1481909628074084,0.2832408566341706,1.716080101239012,1.0
739,24.6333,1,0.23346118403945076,-0.17175083852037742,1.604884165870143,1.0,-0.14183009515585698,-0.21309446785560598,1.6478627660490783,1.0,0.5396198591724649,-0.13802314090479628,1.569822676250485,1.0,-0.35679205523984747,-0.40364610803362794,1.7644021505605583,1.0,0.8161502754216391,-0.10755941402620683,1.5381542340133747,1.0,-0.535539220442131,-0.24136217068309068,1.622580521003729,1.0,0.1481412944192004,0.31631985368495863,1.6830347630872622,1.0,-0.1481412944192004,0.28368014631504135,1.7169652369127377,1.0
740,24.6667,1,0.2313268482219779,-0.1723579039802604,1.6027071439464278,1.0,-0.143829186285923,-0.21254232973877346,1.6479084901516596,1.0,0.5373751921626339,-0.13957587244042086,1.565832361515844,1.0,-0.35479113087577185,-0.40482747539333025,1.768827804967265,1.0,0.8138059544316135,-0.10996629556572707,1.5325261064172522,1.0,-0.5319448706788371,-0.24188044485077304,1.6257725089759918,1.0,0.14808790835838193,0.3158622733257288,1.68215736334004,1.0,-0.14808790835838193,0.2841377266742712,1.71784263665996,1.0
741,24.7,1,0.22917114394434124,-0.1730336432498209,1.6009053021749238,1.0,-0.14584057088020486,-0.2120138504373275,1.6483052725543699,1.0,0.5351017534064709,-0.14123400054422347,1.562236905286428,1.0,-0.3531837872932779,-0.40532856721875604,1.773757298776339,1.0,0.8114261748561364,-0.11251174261658703,1.5273106113226256,1.0,-0.5283277174571792,-0.2417885500366384,1.6289150863283957,1.0,0.14803094006232081,0.3153869238898052,1.6812894853765343,1.0,-0.14803094006232081,0.28461307611019476,1.7187105146234656,1.0
742,24.7333,1,0.2270032602138667,-0.17377845760259136,1.599483867145691,1.0,-0.14785555037071763,-0.2115106960922694,1.6490535182002306,1.0,0.5328091320065539,-0.1429968946241698,1.5590454676011982,1.0,-0.351964424614833,-0.40514488194064874,1.7792278994187913,1.0,0.8090208871741423,-0.11519419257914387,1.522520461561011,1.0,-0.5246938667602586,-0.24114262632184053,1.6320280353968666,1.0,0.1479705831254938,0.31489430466697815,1.680433032478471,1.0,-0.1479705831254938,0.2851056953330218,1.7195669675215288,1.0
743,24.7667,1,0.22483201201777833,-0.17459187888772054,1.5984464925969526,1.0,-0.1498659490270726,-0.21103361289225703,1.650151792243836,1.0,0.5305066644491041,-0.14486309588401974,1.5562658534113374,1.0,-0.35112123550216845,-0.40426965097837403,1.785267088382385,1.0,0.8065998989032048,-0.11801129188067705,1.5181672115662657,1.0,-0.5210455846024098,-0.24000281620996328,1.6351267454427643,1.0,0.14790708988612536,0.3143848950017907,1.679590013297283,1.0,-0.14790708988612536,0.2856151049982093,1.720409986702717,1.0
744,24.8,1,0.22266576706767108,-0.17547254933755724,1.5977952496083971,1.0,-0.15186418597880022,-0.2105824159587168,1.6515968437934434,1.0,0.528203360342424,-0.14683028972555873,1.5539044754048068,1.0,-0.3506369886593014,-0.40269366372788157,1.7918916811721335,1.0,0.8041727994292976,-0.12095986168891487,1.5142611954789833,1.0,-0.5173822358761576,-0.23843228455745263,1.6382224850278897,1.0,0.14784077093939654,0.3138591578767735,1.678762528611166,1.0,-0.14784077093939654,0.2861408421232265,1.7212374713888339,1.0
745,24.8333,1,0.22051237677545577,-0.17641821732640522,1.5975306197521935,1.0,-0.15384334026719432,-0.21015599692369463,1.6533836352959226,1.0,0.5259078301523545,-0.14889529186545863,1.5519663175980987,1.0,-0.3504898702804572,-0.400405325966151,1.7991071235627012,1.0,0.8017488848153598,-0.12403587532008753,1.5108114640395616,1.0,-0.5137012297880876,-0.23649623629563893,1.641322896052297,1.0,0.14777199356946713,0.31331754457787736,1.6779527570222121,1.0,-0.14777199356946713,0.2866824554221226,1.7220472429777878,1.0
746,24.8667,1,0.21837911203571192,-0.17742574937367944,1.5976514911614506,1.0,-0.15579720837704258,-0.2097523500718163,1.6555053771992518,1.0,0.5236282155303275,-0.1510540488041468,1.5504548999200864,1.0,-0.35065435729875005,-0.39739095802353147,1.8069069766625538,1.0,0.7993370832028834,-0.12723444828973018,1.5078257207343382,1.0,-0.5099989284141716,-0.23426093102115603,1.6444326650122296,1.0,0.14770117911029784,0.31276050027558033,1.6771629397219205,1.0,-0.14770117911029784,0.28723949972441964,1.7228370602780794,1.0
747,24.9,1,0.21627260439323115,-0.1784911584053796,1.5981551576325688,1.0,-0.1577203537393414,-0.20936861656934053,1.6579535676831771,1.0,0.5213721228698035,-0.15330165306109567,1.5493722441702305,1.0,-0.3511020984997697,-0.3936353296144873,1.8152726042202414,1.0,0.7969458814938043,-0.13054984178238754,1.5053102578171507,1.0,-0.5062714814336665,-0.23179269255306395,1.6475543183092587,1.0,0.14762879926285757,0.31218847032787933,1.6763953644537073,1.0,-0.14762879926285757,0.28781152967212065,1.7236046355462926,1.0
748,24.9333,1,0.2141987931788371,-0.17960964800130014,1.5990373210300024,1.0,-0.1596081477357737,-0.2090011459618792,1.6607180373981991,1.0,0.5191465607670722,-0.15563237334924884,1.5487188418875262,1.0,-0.3518027819189409,-0.38912241845846246,1.8241730764315987,1.0,0.7945832540725749,-0.133975480115138,1.5032698929846444,1.0,-0.5025155578001316,-0.229156912673454,1.6506890825153517,1.0,0.14755537141366215,0.3116019070897022,1.6756523488020276,1.0,-0.14755537141366215,0.2883980929102978,1.7243476511979723,1.0
749,24.9667,1,0.2121628791982174,-0.18077567206528639,1.6002920974019872,1.0,-0.16145680177720506,-0.2086455737930924,1.6637869992879337,1.0,0.5169578820992199,-0.15803969960312886,1.54849362481082,1.0,-0.35272496933950725,-0.3838363699984629,1.8335653047403309,1.0,0.7922565943968997,-0.13750398254053492,1.5017079076317015,1.0,-0.49872895348479584,-0.22641705142178498,1.6538377477198318,1.0,0.1474814530166141,0.31100127699781815,1.6749362229397577,1.0,-0.1474814530166141,0.2889987230021818,1.7250637770602422,1.0
750,25.0,1,0.21016928555403705,-0.18198300906624598,1.6019120273369225,1.0,-0.16326339007484705,-0.2082969138848268,1.6671471036827907,1.0,0.5148117314618109,-0.1605164025037195,1.5486939387389773,1.0,-0.3538368811093891,-0.37776262592151494,1.8433944212760114,1.0,0.7899726503462519,-0.14112720947950208,1.5006259877472847,1.0,-0.49491106298610377,-0.2236336412099424,1.6570014726980262,1.0,0.14740763511666477,0.31038706769154506,1.674249311968736,1.0,-0.14740763511666477,0.2896129323084549,1.7257506880312639,1.0
751,25.0333,1,0.20822162616763681,-0.18322484971312653,1.6038880911862055,1.0,-0.1650258627770055,-0.20794966353013683,1.6707834989376595,1.0,0.5127129987277398,-0.16305460686240764,1.549315521704756,1.0,-0.35510711691197133,-0.3708891801519328,1.8535944142286618,1.0,0.7877374642658973,-0.1448363229972422,1.500024168624737,1.0,-0.491063210564121,-0.22086330815654848,1.6601824747552352,1.0,0.14733453510972722,0.3097597949277672,1.673593917992847,1.0,-0.14733453510972722,0.2902402050722328,1.726406082007153,1.0
752,25.0667,1,0.20632268253984998,-0.1844938966528598,1.606209729845318,1.0,-0.1667430492091979,-0.20759791958990598,1.674679897938232,1.0,0.5106657794930206,-0.16564587794105906,1.5503524874537302,1.0,-0.35650530060469415,-0.3632079129382793,1.8640890263228789,1.0,0.7855563186765296,-0.14862186104007769,1.4999007846484251,1.0,-0.4871888446969364,-0.21815783071564548,1.663384554646989,1.0,0.14726278884830837,0.30912000905409714,1.6729723020685865,1.0,-0.14726278884830837,0.29087999094590283,1.7270276979314134,1.0
753,25.1,1,0.20447438924811787,-0.18578247452195878,1.6088648718170009,1.0,-0.16841465103299533,-0.20723550325682766,1.6788186508166463,1.0,0.5086733431616576,-0.1682813195014078,1.5517973152646587,1.0,-0.358002639840367,-0.3547159470521181,1.8747929174893911,1.0,0.7834336886319515,-0.152473824644136,1.5002524254754463,1.0,-0.4832936057017301,-0.2155632620821632,1.6666134176841048,1.0,0.1471930422162289,0.3084683008163956,1.6723866661843505,1.0,-0.1471930422162289,0.2915316991836044,1.7276133338156494,1.0
754,25.1333,1,0.20267782861691722,-0.18708264844605982,1.611839967275961,1.0,-0.17004122523061702,-0.20685609106268504,1.6831808241960031,1.0,0.506738109387274,-0.1709516821009182,1.5536408471569791,1.0,-0.35957239396152185,-0.3454169654500752,1.8856130848870776,1.0,0.7813732016959835,-0.1563817770149839,1.5010738999527375,1.0,-0.4793852815363213,-0.21311914813081684,1.6698767654979942,1.0,0.1471259423082372,0.30780530629603625,1.6718391354262991,1.0,-0.1471259423082372,0.2921946937039637,1.7281608645737008,1.0
755,25.1667,1,0.20093323491914422,-0.18838634887346284,1.6151200298128219,1.0,-0.17162415692857474,-0.20645334956123657,1.6877462872255042,1.0,0.5048616335317571,-0.1736474798913316,1.5558722935024756,1.0,-0.3611902466319121,-0.3353224274959668,1.8964505238543725,1.0,0.7793776064721816,-0.1603349530687615,1.5023582090931307,1.0,-0.4754736703241584,-0.21085787596219768,1.6731841482384364,1.0,0.14706212836094168,0.30713171079780544,1.6713317404949937,1.0,-0.14706212836094168,0.29286828920219454,1.7286682595050062,1.0
756,25.2,1,0.19924000836711941,-0.18968550045484683,1.6186886864565795,1.0,-0.1731656221939722,-0.2060210710241483,1.692493804575658,1.0,0.5030446017195889,-0.17635911393778514,1.5584792479910154,1.0,-0.362834582821889,-0.3244526214111925,1.9072021026156887,1.0,0.7774487505540774,-0.16432237772882619,1.5040965293769577,1.0,-0.4715703700693267,-0.20880418879882118,1.6765465832670685,1.0,0.14700222258990456,0.3064482515405137,1.670866400742469,1.0,-0.14700222258990456,0.2935517484594863,1.729133599257531,1.0
757,25.2333,1,0.19759673903385377,-0.19097215254786548,1.6225282364619042,1.0,-0.17466854106987634,-0.20555330744513806,1.697401136440155,1.0,0.501286835960581,-0.17907699986851155,1.5614477127954367,1.0,-0.36448667302381493,-0.3128374943192121,1.9177626122663207,1.0,0.7755875686685927,-0.16833299099683702,1.5062782075483045,1.0,-0.4676885164100773,-0.20697490052542683,1.6799759626054758,1.0,0.14694682109357768,0.30575571903839704,1.6704449079033221,1.0,-0.14694682109357768,0.29424428096160293,1.7295550920966778,1.0
758,25.2667,1,0.19600124070989172,-0.19223860883770094,1.6266197192039444,1.0,-0.1761365212588502,-0.20504450016072223,1.7024451454428975,1.0,0.49958730968439174,-0.18179169749523627,1.5647621346405882,1.0,-0.3661307708145094,-0.3005172082085618,1.9280269424784602,1.0,0.7737940816613595,-0.17235577757301007,1.5088907679382018,1.0,-0.4638424882721454,-0.20537883742588098,1.6834842863296888,1.0,0.14689648498766128,0.30505495710119257,1.67006891069515,1.0,-0.14689648498766128,0.2949450428988074,1.7299310893048498,1.0
759,25.3,1,0.19445059455113417,-0.1934775535275885,1.6309429913539804,1.0,-0.1775737930127766,-0.2044896024663359,1.7076019101819142,1.0,0.49794417387958767,-0.18449403991966296,1.5684054523101396,1.0,-0.36775413293305065,-0.2875423802840385,1.9378923233661638,1.0,0.7720674068214167,-0.17637989859637537,1.5119199331737672,1.0,-0.4600475991910488,-0.20401702579490094,1.6870827716271048,1.0,0.14685173193312265,0.3043468614231898,1.6697399004626576,1.0,-0.14685173193312265,0.2956531385768102,1.7302600995373423,1.0
760,25.3333,1,0.19294120221230948,-0.1946821715703933,1.6354768133205688,1.0,-0.17898513593813836,-0.20388419273448039,1.7128468449639283,1.0,0.496354793861359,-0.18717525956811176,1.572359155927302,1.0,-0.3693469737032954,-0.27397397919677796,1.9472605658855962,1.0,0.7704057798669521,-0.1803948229208897,1.515349658926932,1.0,-0.45631978920359284,-0.20288313260387275,1.69078089633135,1.0,0.14681302821728204,0.30363237677529753,1.669459198035516,1.0,-0.14681302821728204,0.29636762322470245,1.730540801964484,1.0
761,25.3667,1,0.1914688479937254,-0.19584626048579357,1.640198944739994,1.0,-0.18037579857410793,-0.20322457572564684,1.718154825102315,1.0,0.49481579650958946,-0.1898271085795975,1.576603358128627,1.0,-0.370902367692941,-0.2598828639857857,1.9560402278306825,1.0,0.7688065887174667,-0.18439045524496878,1.5191621831248114,1.0,-0.4526753289184049,-0.2019641530968947,1.6945854406467646,1.0,0.1467807815399342,0.3029124928578368,1.6692279419622416,1.0,-0.1467807815399342,0.2970875071421632,1.7307720580377584,1.0
762,25.4,1,0.19002876936081187,-0.1969643314381868,1.645086248594624,1.0,-0.1817514117408428,-0.20250787002023246,1.723500316975306,1.0,0.49332312762795116,-0.1924419710159917,1.58111687702091,1.0,-0.37241611577459255,-0.24534896944556656,1.964148630569545,1.0,0.7672664189660126,-0.18835725837658968,1.5233380897930393,1.0,-0.44913054400979197,-0.20124132514862808,1.6984995910171288,1.0,0.14675533464538998,0.30218823891396535,1.6690470782707834,1.0,-0.14675533464538998,0.29781176108603463,1.7309529217292166,1.0
763,25.4333,1,0.18861573503228382,-0.1980316974370861,1.6501148033364,1.0,-0.18311789678206017,-0.20173207978589608,1.728857511878781,1.0,0.4918721188808276,-0.19501296446832006,1.5858773305781417,1.0,-0.3738865900933028,-0.23046015909290146,1.971513653593042,1.0,0.7657811107440284,-0.19228636694814427,1.5278563874416504,1.0,-0.4457015652390721,-0.2006912366287859,1.7025221656233702,1.0,0.14673695992671473,0.3014606772429513,1.6689173518911653,1.0,-0.14673695992671473,0.2985393227570487,1.7310826481088346,1.0
764,25.4667,1,0.18722412967921997,-0.19904454676169775,1.655260022203064,1.0,-0.1844813699341623,-0.20089614942367356,1.734200462566341,1.0,0.4904575635743476,-0.19753402880061222,1.5908612419067067,1.0,-0.37531457277049834,-0.21531078386189278,1.9780752398788755,1.0,0.7643458264473663,-0.19616968999705114,1.532694601639029,1.0,-0.44240410642038047,-0.20028708009868462,1.7066470121650343,1.0,0.14672585511054562,0.300730895787622,1.6688392998566013,1.0,-0.14672585511054562,0.29926910421237796,1.7311607001433986,1.0
765,25.5,1,0.18584804413942307,-0.2,1.6604967787446256,1.0,-0.18584804413942307,-0.2,1.7395032212553743,1.0,0.4890738003669028,-0.2,1.5960441545911201,1.0,-0.3767031014903771,-0.2,1.9837865548734581,1.0,0.7629551285723684,-0.2,1.5378288811621474,1.0,-0.43925327065005276,-0.2,1.7108626161321012,1.0,0.14672214011007084,0.3,1.668813246377336,1.0,-0.14672214011007084,0.3,1.731186753622664,1.0
766,25.5333,1,0.1844813699341623,-0.20089614942367356,1.665799537433659,1.0,-0.18722412967921997,-0.19904454676169775,1.7447399777969357,1.0,0.48771480382928994,-0.20240666738475904,1.6014007571373017,1.0,-0.37805733251555607,-0.18462991232347858,1.9886147551094702,1.0,0.7616030667023085,-0.20377100618832017,1.543234116869624,1.0,-0.4362633836511344,-0.19980047192732203,1.7151519427701896,1.0,0.14672585511054562,0.29926910421237796,1.6688392998566013,1.0,-0.14672585511054562,0.300730895787622,1.7311607001433986,1.0
767,25.5667,1,0.1831178967820602,-0.20173207978589608,1.671142488121219,1.0,-0.1886157350322838,-0.1980316974370861,1.7498851966636,1.0,0.48637428063060395,-0.20475081275466206,1.6069050153629607,1.0,-0.37938442834352637,-0.16930361813008082,1.992541338377861,1.0,0.7602832724938049,-0.20747741027483785,1.5488840722264694,1.0,-0.43344785220181614,-0.1996596521082949,1.7194925196625397,1.0,0.14673695992671473,0.2985393227570487,1.6689173518911653,1.0,-0.14673695992671473,0.3014606772429513,1.7310826481088346,1.0
768,25.6,1,0.18175141174084283,-0.20250787002023246,1.6764996830246939,1.0,-0.19002876936081184,-0.1969643314381868,1.7549137514053756,1.0,0.4850457700079821,-0.20703023044242747,1.61253031145098,1.0,-0.38069347339456155,-0.15412323201285272,1.9955620649996149,1.0,0.7589890613460435,-0.2111149430818295,1.5547515242231091,1.0,-0.4308190452059534,-0.19955063795901168,1.7238567506614815,1.0,0.14675533464538998,0.29781176108603463,1.6690470782707834,1.0,-0.14675533464538998,0.30218823891396535,1.7309529217292166,1.0
769,25.6333,1,0.18037579857410793,-0.20322457572564684,1.6818451748976848,1.0,-0.1914688479937254,-0.19584626048579357,1.7598010552600059,1.0,0.483722747089972,-0.2092437276318428,1.6182495882863175,1.0,-0.38199541711255847,-0.13918797222565477,1.9976864579883733,1.0,0.7577135392978491,-0.21468038096647152,1.5608084132825022,1.0,-0.4283881948729415,-0.199449587248322,1.7282124371133811,1.0,0.1467807815399342,0.2970875071421632,1.6692279419622416,1.0,-0.1467807815399342,0.3029124928578368,1.7307720580377584,1.0
770,25.6667,1,0.17898513593813836,-0.20388419273448039,1.6871531550360717,1.0,-0.19294120221230948,-0.1946821715703933,1.764523186679431,1.0,0.4823987275871879,-0.21139110473676198,1.6240354976428046,1.0,-0.3833030399774665,-0.12459238510809578,1.9989369076010988,1.0,0.756449713592781,-0.21817154138398404,1.5670260006424346,1.0,-0.4261653155405029,-0.19933665334256834,1.73252347006528,1.0,0.14681302821728204,0.29636762322470245,1.669459198035516,1.0,-0.14681302821728204,0.30363237677529753,1.730540801964484,1.0
771,25.7,1,0.1775737930127766,-0.2044896024663359,1.6923980898180857,1.0,-0.19445059455113417,-0.1934775535275885,1.7690570086460196,1.0,0.4810673723412301,-0.2134731160742614,1.6298605507742447,1.0,-0.3846309344714082,-0.11042477570988585,1.9993474218302691,1.0,0.7551906052830591,-0.22158725739754898,1.5733750316378725,1.0,-0.42415913775251574,-0.19919670628186348,1.7367506482630917,1.0,0.14685173193312265,0.2956531385768102,1.6697399004626576,1.0,-0.14685173193312265,0.3043468614231898,1.7302600995373423,1.0
772,25.7333,1,0.1761365212588502,-0.20504450016072212,1.6975548545571024,1.0,-0.19600124070989172,-0.19223860883770094,1.7733802807960555,1.0,0.47972259023335023,-0.2154914115031869,1.6356972699937462,1.0,-0.38599549026555086,-0.09676590078986141,1.9989620778316184,1.0,0.753929362210318,-0.22492733142541305,1.5798259032913597,1.0,-0.42237705518889324,-0.19901982296020865,1.7408525717406778,1.0,0.14689648498766128,0.2949450428988074,1.67006891069515,1.0,-0.14689648498766128,0.30505495710119257,1.7299310893048498,1.0
773,25.7667,1,0.17466854106987634,-0.20555330744513806,1.7025988635598448,1.0,-0.19759673903385377,-0.19097215254786548,1.7774717635380957,1.0,0.47835863799660355,-0.21744846012449187,1.6415183398933773,1.0,-0.3874148709877924,-0.08368796567379139,1.9978332393642615,1.0,0.7526593707046152,-0.22819246899616635,1.586348834646245,1.0,-0.4208250818812416,-0.1988015432977483,1.7447865597680485,1.0,0.14694682109357768,0.29424428096160293,1.6704449079033221,1.0,-0.14694682109357768,0.30575571903839704,1.7295550920966778,1.0
774,25.8,1,0.1731656221939722,-0.2060210710241483,1.707506195424342,1.0,-0.19924000836711941,-0.18968550045484683,1.7813113135434204,1.0,0.47697021554644164,-0.21934745754121004,1.647296756958778,1.0,-0.3889089689950362,-0.07125395006780261,1.9960196115834514,1.0,0.7513743643809302,-0.231384193750169,1.5929140383447202,1.0,-0.41950781683626415,-0.19854290193139673,1.7485095446280707,1.0,0.14700222258990456,0.2935517484594863,1.670866400742469,1.0,-0.14700222258990456,0.3064482515405137,1.729133599257531,1.0
775,25.8333,1,0.17162415692857474,-0.20645334956123657,1.7122537127744955,1.0,-0.20093323491914417,-0.18838634887346284,1.7848799701871783,1.0,0.4755525555411876,-0.22119221854336785,1.6530059764641492,1.0,-0.3904993246224815,-0.05951727093873266,1.9935842068160465,1.0,0.7500685284816121,-0.23450474536593796,1.5994918920548042,1.0,-0.4184284127760149,-0.1982502557137582,1.751978898574848,1.0,0.14706212836094168,0.29286828920219454,1.6713317404949937,1.0,-0.14706212836094168,0.30713171079780544,1.7286682595050062,1.0
776,25.8667,1,0.17004122523061704,-0.20685609106268493,1.7168191758039968,1.0,-0.2026778286169172,-0.18708264844605982,1.788160032724039,1.0,0.4741015060009739,-0.2229870574078266,1.658620055685015,1.0,-0.392208997347822,-0.0485217740586697,1.9905922934151135,1.0,0.7487365983096833,-0.23755696249376085,1.6060531084807734,1.0,-0.41758854527213923,-0.197934935554066,1.7551531596265524,1.0,0.1471259423082372,0.2921946937039637,1.6718391354262991,1.0,-0.1471259423082372,0.30780530629603625,1.7281608645737008,1.0
777,25.9,1,0.16841465103299535,-0.20723550325682766,1.7211813491833536,1.0,-0.20447438924811784,-0.18578247452195878,1.791135128182999,1.0,0.47261360494653504,-0.2247366582773786,1.6641137926310112,1.0,-0.3940623780554895,-0.038302030726668324,1.987109394855744,1.0,0.7473739504168291,-0.24054415313465044,1.6125689028417989,1.0,-0.4169883781998583,-0.19761275650235893,1.7579926316754755,1.0,0.1471930422162289,0.2915316991836044,1.6723866661843505,1.0,-0.1471930422162289,0.3084683008163956,1.7276133338156494,1.0
778,25.9333,1,0.1667430492091979,-0.20759791958990598,1.725320102061768,1.0,-0.20632268253984998,-0.1844938966528598,1.793790270154682,1.0,0.47108614616236855,-0.22644593830170673,1.6694628596701802,1.0,-0.3960849339353462,-0.02888390330448648,1.983199398539329,1.0,0.7459766853458775,-0.24346995520268805,1.6190111568648753,1.0,-0.41662652126683847,-0.1973034224050561,1.7604598448542335,1.0,0.14726278884830837,0.29087999094590283,1.6729723020685865,1.0,-0.14726278884830837,0.30912000905409714,1.7270276979314134,1.0
779,25.9667,1,0.1650258627770055,-0.20794966353013683,1.7292165010623404,1.0,-0.20822162616763681,-0.18322484971312653,1.7961119088137945,1.0,0.46951723533710843,-0.22811990638085572,1.674643931580891,1.0,-0.39830288030260264,-0.020285333091330626,1.9789228241047967,1.0,0.744541700875266,-0.24633819024602116,1.6253525785008722,1.0,-0.4164999754679505,-0.19702986114540216,1.7625198723446907,1.0,0.14733453510972722,0.2902402050722328,1.673593917992847,1.0,-0.14733453510972722,0.3097597949277672,1.726406082007153,1.0
780,26.0,1,0.16326339007484708,-0.2082969138848268,1.7328528963172092,1.0,-0.21016928555403702,-0.18198300906624604,1.7980879726630774,1.0,0.4679058359826209,-0.2297635204473532,1.6796348077192638,1.0,-0.4007427765885791,-0.012517297029557839,1.974335290256298,1.0,0.7430667548670619,-0.2491527134715707,1.6315668567275714,1.0,-0.41660406273987627,-0.19681752383520712,1.7641405091578775,1.0,0.14740763511666477,0.289612932308455,1.674249311968736,1.0,-0.14740763511666477,0.310387067691545,1.7257506880312639,1.0
781,26.0333,1,0.16145680177720506,-0.2086455737930924,1.7362130007120662,1.0,-0.2121628791982174,-0.18077567206528639,1.7997079025980127,1.0,0.4662518046782076,-0.23138154625524993,1.684414528120899,1.0,-0.40343104676051955,-0.005584875859915961,1.9694862080504099,1.0,0.7415505169758873,-0.25191726331784386,1.6376288109417805,1.0,-0.4169323368698568,-0.19669367689725403,1.7652923263314548,1.0,0.1474814530166141,0.2889987230021818,1.6749362229397577,1.0,-0.1474814530166141,0.31100127699781815,1.7250637770602422,1.0
782,26.0667,1,0.1596081477357737,-0.2090011459618792,1.7392819626018008,1.0,-0.2141987931788371,-0.17960964800130014,1.8009626789699975,1.0,0.46455591532400886,-0.23297842061393043,1.6889634834593243,1.0,-0.4063934273620043,0.0005116244952831916,1.9644177180033968,1.0,0.7399926086295116,-0.25463531384804133,1.6435145345564426,1.0,-0.4174764738496698,-0.19668671039472774,1.7659486201640622,1.0,0.14755537141366215,0.2883980929102978,1.6756523488020276,1.0,-0.14755537141366215,0.3116019070897022,1.7243476511979723,1.0
783,26.1,1,0.15772035373934143,-0.20936861656934053,1.7420464323168228,1.0,-0.21627260439323112,-0.1784911584053796,1.8018448423674311,1.0,0.46281987221591375,-0.23455812191362452,1.6932635188544842,1.0,-0.40965434915365945,0.005775554639767033,1.9591638789044952,1.0,0.7383936308399145,-0.2573099331923326,1.6492015325014044,1.0,-0.4182261413306571,-0.19682547985378568,1.7660852803985587,1.0,0.14762879926285757,0.28781152967212065,1.6763953644537073,1.0,-0.14762879926285757,0.31218847032787933,1.7236046355462926,1.0
784,26.1333,1,0.15579720837704258,-0.2097523500718163,1.744494622800748,1.0,-0.21837911203571192,-0.17742574937367944,1.8023485088385494,1.0,0.4610463118716581,-0.23612405064134895,1.697298031559384,1.0,-0.4132362609574194,0.010212858578035555,1.9537501083018514,1.0,0.7367551795442142,-0.2599436511557655,1.6546688523736357,1.0,-0.419168848577274,-0.19713869276565532,1.7656806037044885,1.0,0.14770117911029784,0.28723949972441964,1.6771629397219205,1.0,-0.14770117911029784,0.31276050027558033,1.7228370602780794,1.0
785,26.1667,1,0.15384334026719432,-0.21015599692369463,1.7466163647040773,1.0,-0.22051237677545577,-0.17641821732640522,1.8024693802478065,1.0,0.4592387936440931,-0.23767892238464122,1.7010520625499828,1.0,-0.4171589067887186,0.013831111716051225,1.9481928685145853,1.0,0.7350798483070984,-0.26253833893001227,1.6598972089914454,1.0,-0.4202897802680004,-0.19765434543115296,1.7647150795413833,1.0,0.14777199356946713,0.2866824554221226,1.6779527570222121,1.0,-0.14777199356946713,0.31331754457787736,1.7220472429777878,1.0
786,26.2,1,0.15186418597880025,-0.2105824159587168,1.7484031562065565,1.0,-0.22266576706767105,-0.17547254933755724,1.8022047503916028,1.0,0.45740177925355313,-0.2392246755707153,1.7045123820029664,1.0,-0.4214385697481723,0.01663869843160748,1.942499587770293,1.0,0.7333712183404267,-0.26509510360735916,1.6648691020771427,1.0,-0.421571619574953,-0.19839921119242054,1.763171174733563,1.0,0.14784077093939654,0.2861408421232265,1.678762528611166,1.0,-0.14784077093939654,0.3138591578767735,1.7212374713888339,1.0
787,26.2333,1,0.1498659490270726,-0.21103361289225703,1.749848207756164,1.0,-0.22483201201777833,-0.17459187888772054,1.8015535074030473,1.0,0.45554060145839836,-0.24076239589595777,1.7076675685705487,1.0,-0.4260872984928742,0.018644159198396626,1.9366688035415962,1.0,0.731633835912499,-0.2676141998993004,1.669568926725477,1.0,-0.4229943680807171,-0.19939837762662255,1.7610331411140137,1.0,0.14790708988612536,0.2856151049982093,1.679590013297283,1.0,-0.14790708988612536,0.3143848950017907,1.720409986702717,1.0
788,26.2667,1,0.14785555037071765,-0.2115106960922694,1.7509464817997693,1.0,-0.22700326021386666,-0.17377845760259136,1.800516132854309,1.0,0.4536614221634048,-0.2422922590706909,1.7105080822552765,1.0,-0.431112134457982,0.019855728245788018,1.9306905140728698,1.0,0.7298731773309933,-0.2700949611157168,1.6739830762150896,1.0,-0.4245351721695997,-0.20067482807309917,1.7582868676591719,1.0,0.1479705831254938,0.2851056953330218,1.680433032478471,1.0,-0.1479705831254938,0.31489430466697815,1.7195669675215288,1.0
789,26.3,1,0.14584057088020486,-0.2120138504373275,1.75169472744563,1.0,-0.22917114394434124,-0.1730336432498209,1.7990946978250761,1.0,0.45177118034233454,-0.24381349314292494,1.7130263305571343,1.0,-0.43651436035741426,0.02028107353160763,1.9245467240470453,1.0,0.7280956017920002,-0.2725357510705613,1.6781000365933318,1.0,-0.42616816746031677,-0.20224906193521958,1.754919794871128,1.0,0.14803094006232081,0.28461307611019476,1.6812894853765343,1.0,-0.14803094006232081,0.3153869238898052,1.7187105146234656,1.0
790,26.3333,1,0.14382918628592303,-0.21254232973877335,1.7520915098483403,1.0,-0.23132684822197788,-0.1723579039802604,1.7972928560535721,1.0,0.44987753022657906,-0.24532436127861296,1.7152167274177563,1.0,-0.44228879281182665,0.01992724167429638,1.9182121708691773,1.0,0.7263082924955587,-0.27493393815330675,1.6819104723191645,1.0,-0.4278643545192464,-0.20413874845109842,1.7509209049612704,1.0,0.14808790835838193,0.2841377266742712,1.68215736334004,1.0,-0.14808790835838193,0.3158622733257288,1.71784263665996,1.0
791,26.3667,1,0.141830095155857,-0.21309446785560598,1.7521372339509216,1.0,-0.23346118403945074,-0.17175083852037742,1.7951158341298572,1.0,0.4479887702888712,-0.24682216547118713,1.7170757443312634,1.0,-0.4484231441234411,0.018800801657644473,1.9116552186413371,1.0,0.7245191865380454,-0.27728589234977646,1.6854073020941531,1.0,-0.42959152038958603,-0.2063584098965469,1.7462807967985339,1.0,0.1481412944192004,0.28368014631504135,1.6830347630872622,1.0,-0.1481412944192004,0.31631985368495863,1.7169652369127377,1.0
792,26.4,1,0.1398524404967461,-0.21366770828046194,1.7518341620652085,1.0,-0.23556466528202186,-0.17121121175369408,1.792570418537372,1.0,0.4461137636320568,-0.24830327123650936,1.7186019528379173,1.0,-0.4548974800653208,0.016908172773657193,1.9048389071006624,1.0,0.7227368942058858,-0.27958700551939103,1.6885857638584283,1.0,-0.43131422126517793,-0.20891913224406594,1.7409918497184873,1.0,0.1481909628074084,0.2832408566341706,1.683919898760988,1.0,-0.1481909628074084,0.3167591433658294,1.716080101239012,1.0
793,26.4333,1,0.13790572562241507,-0.21425865162794594,1.751186424629604,1.0,-0.23762758871843218,-0.1707370048733971,1.7896649392052824,1.0,0.444261850479422,-0.2497631529277094,1.7197960574757614,1.0,-0.46168380184181795,0.014256114578286239,1.8977221421875137,1.0,0.7209706084147832,-0.2818317347468507,1.6914434677884194,1.0,-0.43299384179657047,-0.2118283038881335,1.735048475236458,1.0,0.14823683460822917,0.2828204025968886,1.6848111126674954,1.0,-0.14823683460822917,0.31717959740311136,1.7151888873325045,1.0
794,26.4667,1,0.13599972498925045,-0.21486312011772885,1.7502000233614028,1.0,-0.23964011647966593,-0.1703254790484447,1.786409249108317,1.0,0.44244275355599805,-0.25119645888477643,1.7206609181468149,1.0,-0.4687457808261999,0.010852349773384395,1.890261013213417,1.0,0.7192300051646734,-0.2840136680937227,1.6939804360175097,1.0,-0.4345887459112867,-0.2150893858703939,1.7284474505553429,1.0,0.14827888479036172,0.2824193522094931,1.6857068845735865,1.0,-0.14827888479036172,0.3175806477905069,1.7142931154264134,1.0
795,26.5,1,0.13414439076175347,-0.21547623781945974,1.7488828259274531,1.0,-0.24159236041666718,-0.16997325132402236,1.7828146993487899,1.0,0.44066647724941244,-0.25259709522363244,1.7212015607679414,1.0,-0.47603867398926236,0.006706285083029784,1.8824102186617062,1.0,0.7175251360124592,-0.2861256115886916,1.6961991277206405,1.0,-0.43605453254375304,-0.21870171980135794,1.7211883226087652,1.0,0.14831713862306078,0.2820382948044326,1.686605839438946,1.0,-0.14831713862306078,0.3179617051955674,1.7133941605610539,1.0
796,26.5333,1,0.13234975594001153,-0.21609252511987836,1.7472445511991288,1.0,-0.24347446770247638,-0.16967638127653273,1.7788941090828516,1.0,0.43894320154309374,-0.253958326676292,1.7214251750308285,1.0,-0.4835094458079919,0.001829790569026768,1.874124578496617,1.0,0.7158663137007165,-0.2881596958240204,1.698104448169138,1.0,-0.4373444072138545,-0.2226603820871364,1.7132738663676126,1.0,0.14835166722729784,0.2816778379565741,1.6875067534669514,1.0,-0.14835166722729784,0.3183221620434259,1.7124932465330485,1.0
797,26.5667,1,0.1306258349540176,-0.21670600558999137,1.745296744141291,1.0,-0.24527670701275087,-0.16943046676587725,1.7746617296139848,1.0,0.43728317182164456,-0.25527289252545277,1.721341098097778,1.0,-0.49109711864315325,-0.003762005351442721,1.865360605673358,1.0,0.7142639922182108,-0.2901075000800632,1.6997037403810562,1.0,-0.43840967692182525,-0.22695609486195129,1.7047105764407533,1.0,0.14838258235530336,0.28133860309574443,1.688408558366042,1.0,-0.14838258235530336,0.31866139690425554,1.711591441633958,1.0
798,26.6,1,0.12898252270444346,-0.21731032317721927,1.7430527394143365,1.0,-0.24698955458303137,-0.16923074697606494,1.7701332019742428,1.0,0.4356965857547519,-0.2565331353413188,1.7209607831154656,1.0,-0.49873336794281337,-0.010049949444384143,1.8560781036976919,1.0,0.7127286427034175,-0.29196019148953783,1.7010067580713242,1.0,-0.439200371357449,-0.2315752049686552,1.6955091668435374,1.0,0.14841003050821375,0.281021219920597,1.6893103437263528,1.0,-0.14841003050821375,0.318978780079403,1.710689656273647,1.0
799,26.6333,1,0.1274294931023277,-0.21789886742944448,1.7405276128458436,1.0,-0.24860377940387868,-0.16907221081160329,1.7653255073491396,1.0,0.4341934785679172,-0.2577311399334728,1.7202977515405233,1.0,-0.5063433711328645,-0.01701016967821195,1.8462417510936593,1.0,0.711270626730385,-0.29370867638872417,1.7020256187486211,1.0,-0.4396659880458766,-0.23649974224301223,1.685685050454937,1.0,0.14843418651560777,0.28072631975611534,1.6902113574329094,1.0,-0.14843418651560777,0.31927368024388464,1.7097886425670905,1.0
800,26.6667,1,0.12597609822721886,-0.21846490428016524,1.7377381200539348,1.0,-0.25011052677908674,-0.1689497086241079,1.7602569097751617,1.0,0.4327836081007839,-0.2588588796837909,1.7193675284392496,1.0,-0.5138469098168835,-0.024613495317555634,1.8358226281298888,1.0,0.709900068631746,-0.29534376069351725,1.7027747360130825,1.0,-0.4397563529500699,-0.24170756713482994,1.6752587674234345,1.0,0.14845524671301535,0.2804545280305037,1.6911110040574104,1.0,-0.14845524671301535,0.3195454719694963,1.7088889959425895,1.0
801,26.7,1,0.1246312692803057,-0.21900170979137507,1.7347026216763122,1.0,-0.25150139944075944,-0.16885806518334512,1.754946890647876,1.0,0.4314763411317009,-0.2599083672347679,1.7181875601468783,1.0,-0.5211597142196358,-0.032825028301600334,1.824799636816844,1.0,0.7086267286103806,-0.29685631589331624,1.7032707303783576,1.0,-0.4394225814903061,-0.24717261531406004,1.6642563308987086,1.0,0.14847342186357834,0.28020645607577765,1.6920088411954353,1.0,-0.14847342186357834,0.3197935439242223,1.7079911588045646,1.0
802,26.7333,1,0.12340342055153561,-0.2195027041677346,1.73144099487281,1.0,-0.25276853539150523,-0.16879219178149912,1.7494160747199887,1.0,0.43028054250506886,-0.2608718063775583,1.7167771139448482,1.0,-0.5281950271406087,-0.041603896735922075,1.8131607627040105,1.0,0.707459878463099,-0.2982374470832055,1.7035323182679796,1.0,-0.4386181182780746,-0.25286524342801425,1.6527094592114027,1.0,0.1484889299775161,0.27998269247911756,1.6929045737445345,1.0,-0.1484889299775161,0.3200173075208824,1.7070954262554654,1.0
803,26.7667,1,0.12230035764347186,-0.21996158332567445,1.7279745310190653,1.0,-0.2539046816314988,-0.16874719537043936,1.7436861474377683,1.0,0.42920446863094797,-0.26174174192073457,1.7151571597301234,1.0,-0.5348653526656253,-0.05090321313876106,1.800904126988197,1.0,0.7064081817809263,-0.2994786593614342,1.7035801792110792,1.0,-0.4372998275167906,-0.25875267575624944,1.6406556661779494,1.0,0.14850198918748841,0.27978379422819666,1.693798046150512,1.0,-0.14850198918748841,0.3202162057718033,1.706201953849488,1.0
804,26.8,1,0.121329191195863,-0.2203724453268791,1.7243258197864304,1.0,-0.2549032629296223,-0.16871848268019934,1.73777976365468,1.0,0.42825566692981154,-0.26251120432811786,1.7133502339991742,1.0,-0.5410843432717396,-0.06067025042066371,1.7880387803562432,1.0,0.7054795804959586,-0.3005720189098819,1.703436801675201,1.0,-0.43542910045804045,-0.2647995464018676,1.628138185647542,1.0,0.14851281083900733,0.2796102779026264,1.6946892326835856,1.0,-0.14851281083900733,0.3203897220973736,1.7053107673164143,1.0
805,26.8333,1,0.12049625733058182,-0.22072990906856554,1.7205186200989644,1.0,-0.2557584448156423,-0.1687018573531921,1.7317204479658153,1.0,0.42744088276565945,-0.263173845994265,1.7113802868391652,1.0,-0.5467687685819542,-0.07084683790959911,1.7745851960826575,1.0,0.7046811896102456,-0.30151030515296123,1.7031263084109594,1.0,-0.4329729419875696,-0.27096852618752504,1.6152057126775048,1.0,0.1485215929524569,0.27946261116498416,1.6955782258420324,1.0,-0.1485215929524569,0.3205373888350158,1.7044217741579675,1.0
806,26.8667,1,0.11980704598460151,-0.22102922276309062,1.7165777187614375,1.0,-0.2564651900061489,-0.1686936082524439,1.7255324871176827,1.0,0.42676597534547683,-0.26372406617967087,1.7092725129971325,1.0,-0.5518405007166115,-0.08136996864528434,1.7605754291810505,1.0,0.7040192018649771,-0.30228715055593686,1.702674262629373,1.0,-0.42990499578086777,-0.27722101797195525,1.601911951613883,1.0,0.14852851420687516,0.2793412047984289,1.6964652230172717,1.0,-0.14852851420687516,0.3206587952015711,1.7035347769827283,1.0
807,26.9,1,0.11926613821806695,-0.2212663599352062,1.7125287778513718,1.0,-0.2570193075316096,-0.1686905872620768,1.7192408151568859,1.0,0.42623584396122416,-0.26415712185275914,1.7070531684705577,1.0,-0.556228445711401,-0.09217259831496505,1.7460529205795543,1.0,0.7034988039873017,-0.30289716487506496,1.702107456771758,1.0,-0.42620646686260727,-0.28351789907414665,1.5883149705053183,1.0,0.14853372858539865,0.2792464055237647,1.6973505115899286,1.0,-0.14853372858539865,0.3207535944762353,1.7026494884100714,1.0
808,26.9333,1,0.11887715347553349,-0.22143810091360622,1.7083981722515227,1.0,-0.257417493905417,-0.16869027509214946,1.712870892179637,1.0,0.4258543658126247,-0.26446922197847883,1.7047493744154292,1.0,-0.5598703484440188,-0.10318460627187248,1.7310719397829921,1.0,0.7031241059880621,-0.3033360410048154,1.701453686047345,1.0,-0.42186690205228916,-0.289820285285236,1.5744763711891596,1.0,0.14853736080826996,0.2791784898073197,1.6982344526599549,1.0,-0.14853736080826996,0.3208215101926803,1.701765547340045,1.0
809,26.9667,1,0.11864270764266037,-0.2215420980895642,1.7042128189557044,1.0,-0.2576573657672791,-0.16869083382460648,1.7064485777239329,1.0,0.4256243464770847,-0.2646576031478192,1.7023889104868866,1.0,-0.5627144003309847,-0.11433388071680523,1.715696675476143,1.0,0.7028980847791454,-0.3036006399746302,1.7007415092892446,1.0,-0.41688479274700924,-0.2960902879161395,1.5604602944506452,1.0,0.14853950266181823,0.2791376588427798,1.6991174636441204,1.0,-0.14853950266181823,0.3208623411572202,1.7008825363558795,1.0
810,27.0,1,0.11856438258086564,-0.22157692355319764,1.7,1.0,-0.25773748354093107,-0.16869114518837275,1.7,1.0,0.4255474838907525,-0.2647205848508179,1.7,1.0,-0.5647205848508179,-0.12554748389075243,1.7,1.0,0.7028225431383922,-0.3036890531196362,1.7,1.0,-0.4112679706695902,-0.3022917337486674,1.5463322891980549,1.0,0.14854021031123554,0.2791240348559902,1.7,1.0,-0.14854021031123554,0.3208759651440098,1.7,1.0
811,27.0333,1,0.11864270764266037,-0.2215420980895642,1.6957871810442955,1.0,-0.2576573657672791,-0.16869083382460648,1.693551422276067,1.0,0.4256243464770847,-0.2646576031478192,1.6976110895131133,1.0,-0.5658617055471228,-0.13675284943455984,1.6840619494787086,1.0,0.7028980847791454,-0.3036006399746302,1.6992584907107553,1.0,-0.4050337753021009,-0.30839081780196337,1.5321580829452577,1.0,0.14853950266181823,0.2791376588427798,1.7008825363558795,1.0,-0.14853950266181823,0.3208623411572202,1.6991174636441204,1.0
812,27.0667,1,0.1188771534755335,-0.22143810091360622,1.6916018277484774,1.0,-0.257417493905417,-0.16869027509214946,1.687129107820363,1.0,0.42585436581262476,-0.26446922197847883,1.6952506255845707,1.0,-0.5661240540916935,-0.1478789631482652,1.6679679754652224,1.0,0.7031241059880621,-0.3033360410048154,1.698546313952655,1.0,-0.3982089812686055,-0.3143566605467098,1.5180022974327836,1.0,0.14853736080826996,0.2791784898073197,1.7017655473400453,1.0,-0.14853736080826996,0.3208215101926803,1.6982344526599547,1.0
813,27.1,1,0.11926613821806695,-0.2212663599352062,1.687471222148628,1.0,-0.2570193075316096,-0.1686905872620768,1.6807591848431143,1.0,0.42623584396122416,-0.26415712185275914,1.692946831529442,1.0,-0.565507691498393,-0.15885748024806484,1.6518070352853789,1.0,0.7034988039873017,-0.30289716487506496,1.697892543228242,1.0,-0.3908294843303263,-0.32016174452283735,1.5039271574543354,1.0,0.14853372858539865,0.2792464055237647,1.7026494884100711,1.0,-0.14853372858539865,0.3207535944762353,1.6973505115899288,1.0
814,27.1333,1,0.11980704598460151,-0.22102922276309062,1.6834222812385624,1.0,-0.2564651900061489,-0.1686936082524439,1.6744675128823172,1.0,0.4267659753454769,-0.26372406617967087,1.6907274870028677,1.0,-0.5640263327144901,-0.16962373668503133,1.6356695959660923,1.0,0.7040192018649774,-0.30228715055593686,1.6973257373706272,1.0,-0.38293975522872875,-0.3257822100508632,1.4899912425619364,1.0,0.14852851420687518,0.2793412047984289,1.7035347769827283,1.0,-0.14852851420687518,0.3206587952015711,1.6964652230172717,1.0
815,27.1667,1,0.12049625733058182,-0.22072990906856554,1.6794813799010355,1.0,-0.2557584448156423,-0.1687018573531921,1.6682795520341847,1.0,0.42744088276565945,-0.263173845994265,1.688619713160835,1.0,-0.5617068424848662,-0.18011761877974725,1.6196456301823905,1.0,0.7046811896102456,-0.30151030515296123,1.6968736915890408,1.0,-0.37459208064943667,-0.3311979955824785,1.476248330178467,1.0,0.1485215929524569,0.27946261116498416,1.7044217741579675,1.0,-0.1485215929524569,0.3205373888350158,1.6955782258420324,1.0
816,27.2,1,0.121329191195863,-0.2203724453268791,1.6756741802135695,1.0,-0.2549032629296223,-0.16871848268019934,1.66222023634532,1.0,0.42825566692981154,-0.26251120432811786,1.6866497660008257,1.0,-0.558588367454295,-0.19028426381310232,1.6038226818248922,1.0,0.7054795804959586,-0.3005720189098819,1.696563198324799,1.0,-0.36584561941283694,-0.3363928148531376,1.462746374847397,1.0,0.14851281083900733,0.2796102779026264,1.7053107673164143,1.0,-0.14851281083900733,0.3203897220973736,1.6946892326835856,1.0
817,27.2333,1,0.12230035764347184,-0.21996158332567445,1.6720254689809346,1.0,-0.2539046816314988,-0.1687471953704393,1.6563138525622316,1.0,0.4292044686309479,-0.2617417419207347,1.6848428402698767,1.0,-0.5547211448705638,-0.20007457366924458,1.5882840736910355,1.0,0.7064081817809263,-0.2994786593614342,1.696419820788921,1.0,-0.35676530905588005,-0.34135396998398343,1.449526662199422,1.0,0.14850198918748841,0.27978379422819666,1.706201953849488,1.0,-0.14850198918748841,0.3202162057718033,1.693798046150512,1.0
818,27.2667,1,0.12340342055153562,-0.2195027041677346,1.66855900512719,1.0,-0.2527685353915052,-0.16879219178149912,1.650583925280011,1.0,0.43028054250506886,-0.2608718063775583,1.6832228860551517,1.0,-0.5501650410524377,-0.2094455334851652,1.5731073208823485,1.0,0.707459878463099,-0.2982374470832055,1.6964676817320206,1.0,-0.34742066283570583,-0.34607200663918575,1.4366231681941901,1.0,0.1484889299775161,0.27998269247911756,1.7070954262554654,1.0,-0.1484889299775161,0.3200173075208824,1.6929045737445345,1.0
819,27.3,1,0.12463126928030567,-0.21900170979137507,1.6652973783236877,1.0,-0.2515013994407595,-0.16885806518334512,1.645053109352124,1.0,0.4314763411317009,-0.2599083672347679,1.6818124398531213,1.0,-0.5449878822901083,-0.21836033687570527,1.558362801462403,1.0,0.7086267286103806,-0.29685631589331624,1.6967292696216423,1.0,-0.33788449962736095,-0.3505402239183278,1.4240621449076145,1.0,0.14847342186357834,0.28020645607577765,1.7079911588045646,1.0,-0.14847342186357834,0.3197935439242223,1.6920088411954353,1.0
820,27.3333,1,0.12597609822721886,-0.21846490428016524,1.6622618799460651,1.0,-0.25011052677908674,-0.1689497086241079,1.6397430902248384,1.0,0.4327836081007839,-0.2588588796837909,1.6806324715607504,1.0,-0.5392636466230263,-0.22678832809765576,1.544112721711952,1.0,0.7099000686317459,-0.29534376069351725,1.6972252639869174,1.0,-0.32823164917660536,-0.35475405755239203,1.411861944251511,1.0,0.14845524671301535,0.2804545280305037,1.7088889959425895,1.0,-0.14845524671301535,0.3195454719694963,1.6911110040574104,1.0
821,27.3667,1,0.1274294931023277,-0.21789886742944448,1.6594723871541563,1.0,-0.24860377940387868,-0.16907221081160329,1.6346744926508605,1.0,0.4341934785679171,-0.2577311399334728,1.6797022484594766,1.0,-0.5330705868553562,-0.23470477903091397,1.53041039793316,1.0,0.711270626730385,-0.29370867638872417,1.6979743812513788,1.0,-0.3185376728734731,-0.35871035995360295,1.4000330812002697,1.0,0.14843418651560777,0.28072631975611534,1.7097886425670905,1.0,-0.14843418651560777,0.31927368024388464,1.6902113574329094,1.0
822,27.4,1,0.12898252270444344,-0.21731032317721916,1.6569472605856634,1.0,-0.24698955458303135,-0.16923074697606488,1.629866798025757,1.0,0.4356965857547518,-0.2565331353413188,1.6790392168845343,1.0,-0.5264893533726803,-0.24209052476630671,1.5172998612418938,1.0,0.7127286427034174,-0.2919601914895377,1.698993241928676,1.0,-0.30887763597506496,-0.362406604604172,1.3885785289627846,1.0,0.14841003050821372,0.281021219920597,1.710689656273647,1.0,-0.14841003050821372,0.318978780079403,1.6893103437263528,1.0
823,27.4333,1,0.13062583495401758,-0.21670600558999137,1.654703255858709,1.0,-0.2452767070127509,-0.16943046676587725,1.6253382703860153,1.0,0.43728317182164456,-0.25527289252545277,1.678658901902222,1.0,-0.5196011802159269,-0.24893148572652307,1.5048157771077106,1.0,0.7142639922182108,-0.2901075000800632,1.7002962596189437,1.0,-0.2993249615004824,-0.36584004509666473,1.3774942305634446,1.0,0.14838258235530336,0.28133860309574443,1.711591441633958,1.0,-0.14838258235530336,0.31866139690425554,1.688408558366042,1.0
824,27.4667,1,0.13234975594001153,-0.21609252511987848,1.652755448800871,1.0,-0.24347446770247638,-0.16967638127653273,1.6211058909171483,1.0,0.43894320154309374,-0.253958326676292,1.6785748249691714,1.0,-0.5124861900473918,-0.2552181065797156,1.4929836583687848,1.0,0.7158663137007164,-0.2881596958240204,1.701895551830862,1.0,-0.2899503893999482,-0.3690068608659412,1.3667698048177968,1.0,0.14835166722729784,0.28167783795657403,1.7124932465330485,1.0,-0.14835166722729784,0.31832216204342595,1.6875067534669514,1.0
825,27.5,1,0.1341443907617535,-0.21547623781945985,1.651117174072547,1.0,-0.24159236041666715,-0.16997325132402236,1.61718530065121,1.0,0.44066647724941244,-0.25259709522363244,1.6787984392320585,1.0,-0.505221863835419,-0.2609447428315513,1.481820339675048,1.0,0.7175251360124592,-0.2861256115886917,1.7038008722793596,1.0,-0.28082105763886034,-0.3719013223353728,1.3563894198699749,1.0,0.14831713862306078,0.2820382948044326,1.713394160561054,1.0,-0.14831713862306078,0.3179617051955674,1.6866058394389458,1.0
826,27.5333,1,0.1359997249892505,-0.21486312011772885,1.6497999766385971,1.0,-0.23964011647966588,-0.1703254790484447,1.613590750891683,1.0,0.44244275355599805,-0.25119645888477643,1.679339081853185,1.0,-0.4978817100720152,-0.266109025095064,1.4713346731810308,1.0,0.7192300051646733,-0.2840136680937227,1.7060195639824904,1.0,-0.27199971507758236,-0.374515007922592,1.3463328042968707,1.0,0.14827888479036172,0.2824193522094931,1.7142931154264134,1.0,-0.14827888479036172,0.3175806477905069,1.6857068845735865,1.0
827,27.5667,1,0.13790572562241507,-0.21425865162794594,1.6488135753703959,1.0,-0.23762758871843218,-0.1707370048733971,1.6103350607947176,1.0,0.444261850479422,-0.2497631529277095,1.6802039425242388,1.0,-0.49053415689213586,-0.27071122889907046,1.4615283999724806,1.0,0.7209706084147832,-0.2818317347468507,1.7085565322115808,1.0,-0.26354406992934154,-0.3768361042055281,1.3365763641274735,1.0,0.14823683460822917,0.2828204025968886,1.7151888873325045,1.0,-0.14823683460822917,0.31717959740311136,1.6848111126674954,1.0
828,27.6,1,0.1398524404967461,-0.21366770828046194,1.6481658379347912,1.0,-0.23556466528202186,-0.17121121175369408,1.6074295814626278,1.0,0.44611376363205685,-0.24830327123650936,1.6813980471620826,1.0,-0.4832416792844159,-0.27475367479871,1.45239714910917,1.0,0.7227368942058859,-0.27958700551939103,1.7114142361415716,1.0,-0.25550627248471086,-0.37884881862286496,1.3270943737129266,1.0,0.1481909628074084,0.2832408566341706,1.716080101239012,1.0,-0.1481909628074084,0.3167591433658294,1.683919898760988,1.0
829,27.6333,1,0.14183009515585698,-0.21309446785560598,1.6478627660490783,1.0,-0.23346118403945076,-0.17175083852037742,1.6048841658701427,1.0,0.4479887702888712,-0.24682216547118713,1.6829242556687363,1.0,-0.47606016325448475,-0.278240179793628,1.443931516065883,1.0,0.7245191865380453,-0.2772858923497766,1.7145926979058468,1.0,-0.2479325269060871,-0.38053293144037376,1.317860208883676,1.0,0.1481412944192004,0.28368014631504135,1.7169652369127377,1.0,-0.1481412944192004,0.31631985368495863,1.6830347630872622,1.0
830,27.6667,1,0.143829186285923,-0.21254232973877346,1.6479084901516596,1.0,-0.2313268482219779,-0.1723579039802604,1.6027071439464278,1.0,0.449877530226579,-0.24532436127861296,1.6847832725822436,1.0,-0.46903849976411527,-0.28117557691848777,1.4361181743913627,1.0,0.7263082924955587,-0.27493393815330675,1.7180895276808357,1.0,-0.24086282427994615,-0.3818635103983184,1.308847591895232,1.0,0.14808790835838193,0.2841377266742712,1.71784263665996,1.0,-0.14808790835838193,0.3158622733257288,1.68215736334004,1.0
831,27.7,1,0.14584057088020486,-0.2120138504373275,1.6483052725543699,1.0,-0.22917114394434124,-0.1730336432498209,1.6009053021749238,1.0,0.45177118034233454,-0.24381349314292494,1.6869736694428656,1.0,-0.4622183938087023,-0.28356531558843695,1.4289409781402946,1.0,0.7280956017920002,-0.2725357510705613,1.7218999634066683,1.0,-0.2343307876951572,-0.3828108074862869,1.300031818970779,1.0,0.14803094006232081,0.28461307611019476,1.7187105146234656,1.0,-0.14803094006232081,0.3153869238898052,1.6812894853765343,1.0
832,27.7333,1,0.1478555503707176,-0.2115106960922694,1.6490535182002306,1.0,-0.22700326021386671,-0.17377845760259136,1.599483867145691,1.0,0.4536614221634048,-0.2422922590706909,1.6894919177447232,1.0,-0.4556343682487854,-0.285415151054826,1.4223820175964073,1.0,0.7298731773309932,-0.2700949611157169,1.7260169237849103,1.0,-0.22836361970768573,-0.38334035267849037,1.2913909425396195,1.0,0.1479705831254938,0.2851056953330218,1.7195669675215286,1.0,-0.1479705831254938,0.31489430466697815,1.6804330324784713,1.0
833,27.7667,1,0.1498659490270726,-0.21103361289225703,1.6501517922438358,1.0,-0.22483201201777833,-0.17459187888772054,1.5984464925969528,1.0,0.45554060145839836,-0.24076239589595777,1.692332431429451,1.0,-0.4493139379834834,-0.28673092730129274,1.4164225965403463,1.0,0.731633835912499,-0.2676141998993004,1.7304310732745227,1.0,-0.22298214289237184,-0.38341325421222344,1.2829068813832047,1.0,0.14790708988612536,0.2856151049982093,1.720409986702717,1.0,-0.14790708988612536,0.3143848950017907,1.679590013297283,1.0
834,27.8,1,0.15186418597880022,-0.2105824159587168,1.6515968437934434,1.0,-0.22266576706767102,-0.17547254933755724,1.5977952496083971,1.0,0.4574017792535531,-0.2392246755707153,1.6954876179970337,1.0,-0.44327792764280377,-0.28751845398922776,1.4110441054160239,1.0,0.7333712183404266,-0.26509510360735916,1.7351308979228572,1.0,-0.21820092496704166,-0.38298670912762806,1.274566432783009,1.0,0.14784077093939654,0.2861408421232265,1.721237471388834,1.0,-0.14784077093939654,0.3138591578767735,1.6787625286111658,1.0
835,27.8333,1,0.15384334026719432,-0.21015599692369463,1.6533836352959226,1.0,-0.22051237677545577,-0.17641821732640522,1.5975306197521935,1.0,0.45923879364409304,-0.23767892238464122,1.6989479374500172,1.0,-0.4375409050036053,-0.2877834747075418,1.4062287708757215,1.0,0.7350798483070984,-0.26253833893001227,1.7401027910085543,1.0,-0.2140284808976759,-0.3820147213615919,1.2663621614783578,1.0,0.14777199356946713,0.2866824554221226,1.7220472429777878,1.0,-0.14777199356946713,0.31331754457787736,1.6779527570222121,1.0
836,27.8667,1,0.15579720837704258,-0.2097523500718163,1.6555053771992518,1.0,-0.21837911203571192,-0.17742574937367944,1.5976514911614506,1.0,0.4610463118716581,-0.23612405064134895,1.7027019684406162,1.0,-0.43211170257602743,-0.2875317208275598,1.4019602680799768,1.0,0.7367551795442142,-0.2599436511557656,1.7453311476263644,1.0,-0.21046754518565997,-0.38044901780127477,1.2582931409498903,1.0,0.14770117911029784,0.28723949972441964,1.7228370602780794,1.0,-0.14770117911029784,0.31276050027558033,1.6771629397219205,1.0
837,27.9,1,0.15772035373934137,-0.20936861656934053,1.6579535676831771,1.0,-0.21627260439323118,-0.1784911584053796,1.598155157632569,1.0,0.4628198722159137,-0.23455812191362452,1.7067364811455155,1.0,-0.42699400102136487,-0.28676904272206666,1.3982241876179389,1.0,0.7383936308399145,-0.2573099331923326,1.7507984674985952,1.0,-0.20751540799525292,-0.37824014550738233,1.2503655234872342,1.0,0.14762879926285757,0.28781152967212065,1.7236046355462926,1.0,-0.14762879926285757,0.31218847032787933,1.6763953644537073,1.0
838,27.9333,1,0.15960814773577373,-0.2090011459618792,1.6607180373981993,1.0,-0.21419879317883708,-0.17960964800130014,1.5990373210300024,1.0,0.46455591532400886,-0.23297842061393043,1.7110365165406756,1.0,-0.42218695001151535,-0.2855016079786445,1.395008353896652,1.0,0.7399926086295116,-0.25463531384804133,1.7564854654435575,1.0,-0.20516430878419448,-0.37533872602845625,1.2425929169644903,1.0,0.14755537141366215,0.2883980929102978,1.7243476511979725,1.0,-0.14755537141366215,0.3116019070897022,1.6756523488020274,1.0
839,27.9667,1,0.16145680177720506,-0.2086455737930924,1.6637869992879337,1.0,-0.2121628791982174,-0.18077567206528639,1.600292097401987,1.0,0.4662518046782076,-0.23138154625524993,1.7155854718791008,1.0,-0.4176858046095198,-0.283736154517545,1.392302996284697,1.0,0.7415505169758873,-0.25191726331784386,1.7623711890582197,1.0,-0.20340188063304288,-0.3716968356184905,1.2349965485290464,1.0,0.1474814530166141,0.2889987230021818,1.7250637770602422,1.0,-0.1474814530166141,0.31100127699781815,1.6749362229397577,1.0
840,28.0,1,0.16326339007484705,-0.2082969138848268,1.6671471036827907,1.0,-0.21016928555403705,-0.18198300906624598,1.6019120273369223,1.0,0.4679058359826209,-0.2297635204473532,1.7203651922807361,1.0,-0.4134825580574101,-0.2814802852101071,1.3901007781929702,1.0,0.7430667548670618,-0.2491527134715707,1.7684331432724285,1.0,-0.20221163760444819,-0.3672694735647937,1.2276051987687828,1.0,0.14740763511666477,0.2896129323084549,1.7257506880312639,1.0,-0.14740763511666477,0.31038706769154506,1.674249311968736,1.0
841,28.0333,1,0.1650258627770055,-0.20794966353013683,1.6707834989376595,1.0,-0.20822162616763676,-0.18322484971312653,1.6038880911862055,1.0,0.46951723533710843,-0.22811990638085572,1.7253560684191092,1.0,-0.4095665548547713,-0.2787427896852737,1.388396692667726,1.0,0.7445417008752659,-0.24633819024602116,1.774647421499128,1.0,-0.2015734963587928,-0.36201607508952466,1.2204548945486438,1.0,0.14733453510972722,0.2902402050722328,1.726406082007153,1.0,-0.14733453510972722,0.3097597949277672,1.673593917992847,1.0
842,28.0667,1,0.16674304920919789,-0.20759791958990598,1.674679897938232,1.0,-0.20632268253984995,-0.1844938966528598,1.606209729845318,1.0,0.4710861461623685,-0.22644593830170673,1.7305371403298198,1.0,-0.40592507108586656,-0.275533978513178,1.3871878360045615,1.0,0.7459766853458774,-0.24346995520268805,1.7809888431351248,1.0,-0.201464322121037,-0.3559020207776749,1.2135883546824302,1.0,0.14726278884830835,0.29087999094590283,1.7270276979314134,1.0,-0.14726278884830835,0.30912000905409714,1.6729723020685865,1.0
843,28.1,1,0.16841465103299535,-0.20723550325682766,1.6788186508166463,1.0,-0.20447438924811784,-0.18578247452195878,1.608864871817001,1.0,0.47261360494653504,-0.2247366582773786,1.7358862073689887,1.0,-0.4025438520199692,-0.27186601487281253,1.3864730734117245,1.0,0.7473739504168291,-0.24054415313465044,1.787431097158201,1.0,-0.2018584881746952,-0.34890009156347473,1.2070541898829634,1.0,0.1471930422162289,0.2915316991836044,1.7276133338156494,1.0,-0.1471930422162289,0.3084683008163956,1.6723866661843505,1.0
844,28.1333,1,0.17004122523061704,-0.20685609106268493,1.6831808241960031,1.0,-0.2026778286169172,-0.18708264844605982,1.611839967275961,1.0,0.4741015060009739,-0.2229870574078266,1.7413799443149849,1.0,-0.39940760000337466,-0.26775322915205585,1.3862526128901498,1.0,0.7487365983096833,-0.23755696249376085,1.7939468915192267,1.0,-0.20272843758203427,-0.34099181728951694,1.2009058668251826,1.0,0.1471259423082372,0.2921946937039637,1.7281608645737008,1.0,-0.1471259423082372,0.30780530629603625,1.6718391354262991,1.0
845,28.1667,1,0.17162415692857474,-0.20645334956123657,1.6877462872255042,1.0,-0.20093323491914422,-0.18838634887346284,1.6151200298128219,1.0,0.4755525555411876,-0.22119221854336785,1.7469940235358503,1.0,-0.39650040852811025,-0.2632124026954464,1.3865275052718165,1.0,0.7500685284816121,-0.23450474536593796,1.8005081079451952,1.0,-0.20404523597935742,-0.3321686679778562,1.1952004553349824,1.0,0.14706212836094168,0.29286828920219454,1.7286682595050062,1.0,-0.14706212836094168,0.30713171079780544,1.6713317404949937,1.0
846,28.2,1,0.17316562219397216,-0.2060210710241483,1.692493804575658,1.0,-0.19924000836711944,-0.18968550045484683,1.6186886864565795,1.0,0.47697021554644164,-0.21934745754121004,1.7527032430412217,1.0,-0.3938061410502899,-0.258263008102732,1.3872990897640765,1.0,0.7513743643809303,-0.231384193750169,1.8070859616552795,1.0,-0.20577910518203588,-0.32243304035829884,1.189997187231643,1.0,0.14700222258990459,0.29355174845948623,1.729133599257531,1.0,-0.14700222258990459,0.30644825154051375,1.670866400742469,1.0
847,28.2333,1,0.1746685410698763,-0.20555330744513806,1.697401136440155,1.0,-0.1975967390338538,-0.19097215254786543,1.6225282364619042,1.0,0.4783586379966035,-0.21744846012449198,1.7584816601066224,1.0,-0.39130875558616274,-0.2529273950719066,1.3885684053647154,1.0,0.7526593707046152,-0.22819246899616646,1.8136511653537546,1.0,-0.20789992896903903,-0.31179899790010795,1.1853558646607312,1.0,0.14694682109357768,0.29424428096160293,1.7295550920966778,1.0,-0.14694682109357768,0.30575571903839704,1.6704449079033221,1.0
848,28.2667,1,0.17613652125885024,-0.20504450016072212,1.7024451454428975,1.0,-0.1960012407098917,-0.19223860883770094,1.6266197192039444,1.0,0.47972259023335023,-0.2154914115031869,1.764302730006254,1.0,-0.3889925782766192,-0.2472309127416666,1.3903355891072762,1.0,0.753929362210318,-0.22492733142541305,1.8201740967086402,1.0,-0.2103777247096565,-0.30029273046532917,1.1813351642629393,1.0,0.14689648498766128,0.2949450428988074,1.7299310893048498,1.0,-0.14689648498766128,0.30505495710119257,1.67006891069515,1.0
849,28.3,1,0.1775737930127766,-0.2044896024663359,1.7076019101819142,1.0,-0.19445059455113423,-0.1934775535275885,1.6309429913539804,1.0,0.48106737234123015,-0.2134731160742615,1.770139449225755,1.0,-0.3868425309168653,-0.24120196176985625,1.3925992822291748,1.0,0.7551906052830591,-0.2215872573975491,1.8266249683621272,1.0,-0.21318307725515906,-0.28795270947679613,1.177990890634718,1.0,0.14685173193312268,0.2956531385768102,1.7302600995373423,1.0,-0.14685173193312268,0.3043468614231898,1.6697399004626576,1.0
850,28.3333,1,0.17898513593813836,-0.20388419273448039,1.7128468449639285,1.0,-0.19294120221230948,-0.1946821715703933,1.635476813320569,1.0,0.48239872758718794,-0.21139110473676187,1.7759645023571953,1.0,-0.3848443188320654,-0.2348719719186803,1.3953560649884242,1.0,0.7564497135927811,-0.21817154138398392,1.8329739993575653,1.0,-0.21628753447461443,-0.27482952576715886,1.1753742376991645,1.0,0.14681302821728204,0.29636762322470245,1.730540801964484,1.0,-0.14681302821728204,0.30363237677529753,1.669459198035516,1.0
851,28.3667,1,0.1803757985741079,-0.20322457572564684,1.7181548251023153,1.0,-0.19146884799372538,-0.19584626048579357,1.640198944739994,1.0,0.4837227470899719,-0.2092437276318429,1.7817504117136824,1.0,-0.3829845863826335,-0.22827530361903997,1.3985999399597315,1.0,0.757713539297849,-0.21468038096647152,1.839191586717498,1.0,-0.21966396664801252,-0.2609854095234558,1.17353011936794,1.0,0.14678078153993418,0.2970875071421632,1.7307720580377584,1.0,-0.14678078153993418,0.3029124928578368,1.6692279419622416,1.0
852,28.4,1,0.1817514117408428,-0.20250787002023246,1.7235003169753058,1.0,-0.19002876936081187,-0.1969643314381868,1.6450862485946243,1.0,0.48504577000798216,-0.20703023044242758,1.78746968854902,1.0,-0.38125104775895036,-0.22144907475618109,1.4023218822043386,1.0,0.7589890613460435,-0.2111149430818296,1.8452484757768906,1.0,-0.22328689431289223,-0.246493444352692,1.1724956309239778,1.0,0.14675533464539,0.29781176108603463,1.7309529217292163,1.0,-0.14675533464539,0.30218823891396535,1.6690470782707836,1.0
853,28.4333,1,0.18311789678206014,-0.20173207978589608,1.728857511878781,1.0,-0.1886157350322838,-0.1980316974370861,1.6501148033364,1.0,0.4863742806306039,-0.20475081275466217,1.7930949846370392,1.0,-0.37963260055104897,-0.21443291664746295,1.4065094727383212,1.0,0.7602832724938047,-0.20747741027483796,1.8511159277735307,1.0,-0.2271327907979086,-0.23143649980452013,1.172298699747246,1.0,0.1467369599267147,0.2985393227570487,1.7310826481088346,1.0,-0.1467369599267147,0.3014606772429513,1.6689173518911653,1.0
854,28.4667,1,0.18448136993416225,-0.20089614942367356,1.7342004625663408,1.0,-0.18722412967922003,-0.19904454676169775,1.655260022203064,1.0,0.4877148038292899,-0.20240666738475915,1.7985992428626982,1.0,-0.37811942885970196,-0.20726866575703212,1.4111466292530972,1.0,0.7616030667023085,-0.20377100618832028,1.856765883130376,1.0,-0.23118036634502062,-0.21590591802957088,1.1729569783853755,1.0,0.14672585511054562,0.29926910421237796,1.7311607001433986,1.0,-0.14672585511054562,0.300730895787622,1.6688392998566013,1.0
855,28.5,1,0.18584804413942307,-0.2,1.7395032212553743,1.0,-0.18584804413942307,-0.2,1.6604967787446256,1.0,0.48907380036690284,-0.2,1.8039558454088795,1.0,-0.37670310149037717,-0.20000000000000012,1.4162134451265418,1.0,0.7629551285723685,-0.2,1.8621711188378522,1.0,-0.23541084030115816,-0.20000000000000023,1.1744770247674294,1.0,0.14672214011007084,0.3,1.731186753622664,1.0,-0.14672214011007084,0.3,1.668813246377336,1.0
856,28.5333,1,0.18722412967922,-0.19904454676169775,1.744739977796936,1.0,-0.18448136993416228,-0.20089614942367356,1.6657995374336592,1.0,0.49045756357434767,-0.19753402880061222,1.8091387580932934,1.0,-0.3753766691146443,-0.19267203042833925,1.4216861444836923,1.0,0.7643458264473663,-0.1961696899970511,1.867305398360971,1.0,-0.23980820634975852,-0.1838223443349215,1.1768538039736736,1.0,0.14672585511054562,0.300730895787622,1.7311607001433986,1.0,-0.14672585511054562,0.29926910421237796,1.6688392998566013,1.0
857,28.5667,1,0.1886157350322838,-0.1980316974370861,1.7498851966636,1.0,-0.18311789678206014,-0.20173207978589608,1.671142488121219,1.0,0.49187211888082755,-0.19501296446832006,1.8141226694218584,1.0,-0.3741347623008253,-0.18533086057551917,1.4275371575231404,1.0,0.7657811107440283,-0.19228636694814427,1.8721436125583497,1.0,-0.2443594932743983,-0.16748009684742082,1.180070533948481,1.0,0.1467369599267147,0.3014606772429513,1.7310826481088346,1.0,-0.1467369599267147,0.2985393227570487,1.6689173518911653,1.0
858,28.6,1,0.19002876936081184,-0.1969643314381868,1.7549137514053756,1.0,-0.18175141174084283,-0.20250787002023246,1.6764996830246939,1.0,0.4933231276279512,-0.1924419710159917,1.8188831229790896,1.0,-0.37297369013898135,-0.17802312670223824,1.4337353166344085,1.0,0.7672664189660126,-0.18835725837658968,1.8766619102069604,1.0,-0.24905502053041437,-0.151082171210361,1.184098884518366,1.0,0.14675533464539,0.30218823891396535,1.7309529217292163,1.0,-0.14675533464539,0.29781176108603463,1.6690470782707836,1.0
859,28.6333,1,0.19146884799372535,-0.19584626048579357,1.7598010552600059,1.0,-0.18037579857410793,-0.20322457572564673,1.6818451748976846,1.0,0.49481579650958935,-0.1898271085795975,1.823396641871373,1.0,-0.371891536963016,-0.1707955325924005,1.440246170117422,1.0,0.7688065887174665,-0.18439045524496883,1.8808378168751885,1.0,-0.2538886442565006,-0.13473750054856198,1.1888995257435213,1.0,0.14678078153993418,0.3029124928578368,1.7307720580377584,1.0,-0.14678078153993418,0.2970875071421632,1.6692279419622416,1.0
860,28.6667,1,0.19294120221230945,-0.19468217157039336,1.7645231866794309,1.0,-0.1789851359381384,-0.20388419273448039,1.6871531550360714,1.0,0.49635479386135906,-0.18717525956811182,1.8276408440726977,1.0,-0.37088825255789437,-0.16369439238619343,1.4470324067039266,1.0,0.7704057798669522,-0.18039482292088982,1.8846503410730677,1.0,-0.25885798564099965,-0.11855337640691899,1.194423008678263,1.0,0.14681302821728204,0.3036323767752975,1.730540801964484,1.0,-0.14681302821728204,0.2963676232247025,1.669459198035516,1.0
861,28.7,1,0.1944505945511342,-0.1934775535275885,1.7690570086460196,1.0,-0.17757379301277662,-0.2044896024663359,1.6923980898180857,1.0,0.4979441738795877,-0.18449403991966296,1.8315945476898603,1.0,-0.36996572937850775,-0.15676519422406826,1.4540543806932802,1.0,0.7720674068214167,-0.17637989859637537,1.8880800668262325,1.0,-0.26396463012404175,-0.10263392568607671,1.2006109496809285,1.0,0.14685173193312268,0.3043468614231898,1.7302600995373423,1.0,-0.14685173193312268,0.2956531385768102,1.6697399004626576,1.0
862,28.7333,1,0.1960012407098917,-0.19223860883770094,1.7733802807960555,1.0,-0.17613652125885024,-0.20504450016072212,1.6975548545571024,1.0,0.4995873096843917,-0.18179169749523627,1.835237865359412,1.0,-0.3691278588255778,-0.1500521962567567,1.461270724460434,1.0,0.7737940816613595,-0.17235577757301013,1.8911092320617984,1.0,-0.2692142830883437,-0.08707876818888766,1.2073974790390607,1.0,0.14689648498766128,0.30505495710119257,1.7299310893048498,1.0,-0.14689648498766128,0.2949450428988074,1.67006891069515,1.0
863,28.7667,1,0.1975967390338538,-0.19097215254786548,1.7774717635380957,1.0,-0.1746685410698763,-0.20555330744513806,1.702598863559845,1.0,0.501286835960581,-0.17907699986851155,1.8385522872045632,1.0,-0.36838055762218525,-0.14359806492109678,1.468639032462656,1.0,0.7755875686685927,-0.16833299099683702,1.8937217924516954,1.0,-0.27461686572156085,-0.07198188789849741,1.2147109062737038,1.0,0.14694682109357768,0.30575571903839704,1.7295550920966778,1.0,-0.14694682109357768,0.29424428096160293,1.6704449079033221,1.0
864,28.8,1,0.19924000836711941,-0.18968550045484683,1.7813113135434204,1.0,-0.1731656221939722,-0.2060210710241483,1.707506195424342,1.0,0.5030446017195889,-0.17635911393778514,1.8415207520089845,1.0,-0.36773175487714266,-0.13744356337626312,1.4761165987318392,1.0,0.7774487505540775,-0.16432237772882619,1.8959034706230422,1.0,-0.280186533787273,-0.05743074059224301,1.222475548319137,1.0,0.14700222258990459,0.3064482515405137,1.729133599257531,1.0,-0.14700222258990459,0.2935517484594863,1.670866400742469,1.0
865,28.8333,1,0.20093323491914417,-0.18838634887346284,1.784879970187178,1.0,-0.17162415692857474,-0.20645334956123657,1.7122537127744957,1.0,0.504861633531757,-0.17364747989133167,1.8441277064975243,1.0,-0.36719133053754066,-0.13162729573925314,1.48366118823349,1.0,0.7793776064721815,-0.1603349530687615,1.8976417909068695,1.0,-0.28594160218977455,-0.04350560948435106,1.2306136629442535,1.0,0.14706212836094168,0.30713171079780544,1.7286682595050062,1.0,-0.14706212836094168,0.29286828920219454,1.6713317404949937,1.0
866,28.8667,1,0.2026778286169172,-0.18708264844605982,1.788160032724039,1.0,-0.17004122523061704,-0.20685609106268493,1.7168191758039968,1.0,0.506738109387274,-0.17095168210091827,1.8463591528430208,1.0,-0.3667709966170745,-0.1261855103566889,1.4912318214181854,1.0,0.7813732016959835,-0.15638177701498396,1.8989261000472624,1.0,-0.29190435944028625,-0.03027920985998206,1.2390474282395543,1.0,0.1471259423082372,0.30780530629603625,1.7281608645737008,1.0,-0.1471259423082372,0.2921946937039637,1.6718391354262991,1.0
867,28.9,1,0.20447438924811784,-0.18578247452195878,1.7911351281829988,1.0,-0.16841465103299535,-0.20723550325682766,1.7211813491833534,1.0,0.5086733431616576,-0.16828131950140784,1.848202684735341,1.0,-0.3664841138048467,-0.12115196290597391,1.4987895507780769,1.0,0.7834336886319515,-0.15247382464413606,1.8997475745245533,1.0,-0.29810075833672167,-0.01781653362801211,1.2477009095557798,1.0,0.1471930422162289,0.3084683008163956,1.7276133338156494,1.0,-0.1471930422162289,0.2915316991836044,1.6723866661843505,1.0
868,28.9333,1,0.20632268253984987,-0.1844938966528598,1.7937902701546822,1.0,-0.1667430492091979,-0.20759791958990598,1.725320102061768,1.0,0.5106657794930205,-0.16564587794105906,1.84964751254627,1.0,-0.3663454377552145,-0.11655783772958794,1.5062982082210112,1.0,0.7855563186765294,-0.14862186104007774,1.9000992153515752,1.0,-0.3045599722150722,-0.006174915803316361,1.256501957658665,1.0,0.14726278884830835,0.30912000905409714,1.7270276979314134,1.0,-0.14726278884830835,0.29087999094590283,1.6729723020685865,1.0
869,28.9667,1,0.20822162616763676,-0.18322484971312658,1.7961119088137945,1.0,-0.1650258627770055,-0.20794966353013683,1.7292165010623404,1.0,0.5127129987277397,-0.1630546068624077,1.850684478295244,1.0,-0.36637079146414,-0.11243172355798975,1.513725102543861,1.0,0.7877374642658972,-0.1448363229972422,1.8999758313752628,1.0,-0.3113138098558732,0.004595702554447134,1.2653839857031632,1.0,0.14733453510972722,0.3097597949277672,1.726406082007153,1.0,-0.14733453510972722,0.2902402050722328,1.673593917992847,1.0
870,29.0,1,0.21016928555403702,-0.18198300906624598,1.7980879726630774,1.0,-0.16326339007484708,-0.2082969138848268,1.7328528963172092,1.0,0.5148117314618109,-0.1605164025037195,1.8513060612610228,1.0,-0.3665766625782201,-0.10879963774096557,1.5210416471732568,1.0,0.7899726503462517,-0.14112720947950208,1.8993740122527154,1.0,-0.3183959863761785,0.014452346273477579,1.2742875775468017,1.0,0.14740763511666477,0.31038706769154506,1.7257506880312639,1.0,-0.14740763511666477,0.2896129323084549,1.674249311968736,1.0
871,29.0333,1,0.21216287919821739,-0.18077567206528639,1.7997079025980127,1.0,-0.1614568017772051,-0.2086455737930924,1.736213000712066,1.0,0.5169578820992199,-0.15803969960312886,1.8515063751891798,1.0,-0.36697972718850747,-0.1056850913408337,1.528223899594776,1.0,0.7922565943968997,-0.13750398254053492,1.8982920923682984,1.0,-0.32584125207172193,0.0233584483463255,1.283161885545119,1.0,0.1474814530166141,0.31100127699781815,1.7250637770602422,1.0,-0.1474814530166141,0.2889987230021818,1.6749362229397577,1.0
872,29.0667,1,0.21419879317883705,-0.1796096480013002,1.8009626789699975,1.0,-0.15960814773577375,-0.2090011459618792,1.7392819626018006,1.0,0.5191465607670722,-0.1556323733492489,1.851281158112474,1.0,-0.367596304568452,-0.10310918598453483,1.5352529954684502,1.0,0.7945832540725749,-0.13397548011513805,1.8967301070153557,1.0,-0.3336843860956933,0.03128320047936528,1.291965781981932,1.0,0.14755537141366215,0.3116019070897022,1.7243476511979725,1.0,-0.14755537141366215,0.2883980929102978,1.6756523488020274,1.0
873,29.1,1,0.21627260439323115,-0.1784911584053796,1.801844842367431,1.0,-0.1577203537393414,-0.20936861656934053,1.7420464323168228,1.0,0.5213721228698035,-0.15330165306109567,1.8506277558297692,1.0,-0.36844175036747506,-0.10109073225265353,1.5421154623021927,1.0,0.7969458814938043,-0.13054984178238754,1.894689742182849,1.0,-0.3419590670047539,0.03820085071992385,1.3006687344409449,1.0,0.14762879926285757,0.31218847032787933,1.7236046355462926,1.0,-0.14762879926285757,0.28781152967212065,1.6763953644537073,1.0
874,29.1333,1,0.2183791120357119,-0.17742574937367944,1.8023485088385494,1.0,-0.1557972083770426,-0.2097523500718163,1.744494622800748,1.0,0.5236282155303275,-0.1510540488041468,1.8495451000799135,1.0,-0.36952979891735815,-0.09964637861793596,1.5488033997192743,1.0,0.7993370832028834,-0.12723444828973018,1.892174279265662,1.0,-0.350696637530609,0.04408998642861611,1.3092513815783597,1.0,0.14770117911029784,0.31276050027558033,1.7228370602780794,1.0,-0.14770117911029784,0.28723949972441964,1.6771629397219205,1.0
875,29.1667,1,0.22051237677545574,-0.17641821732640522,1.8024693802478065,1.0,-0.15384334026719435,-0.21015599692369463,1.7466163647040773,1.0,0.5259078301523545,-0.1488952918654587,1.848033682401901,1.0,-0.37087186849534387,-0.09879073954255807,1.5553145158276054,1.0,0.8017488848153598,-0.12403587532008759,1.8891885359604381,1.0,-0.3599247864151641,0.048932839118668026,1.3177057918685504,1.0,0.14777199356946713,0.31331754457787736,1.7220472429777878,1.0,-0.14777199356946713,0.2866824554221226,1.6779527570222121,1.0
876,29.2,1,0.22266576706767094,-0.1754725493375573,1.802204750391603,1.0,-0.1518641859788003,-0.2105824159587168,1.7484031562065565,1.0,0.5282033603424238,-0.14683028972555873,1.8460955245951935,1.0,-0.3724763465539329,-0.09853651130704616,1.561652012014183,1.0,0.8041727994292974,-0.12095986168891493,1.8857388045210173,1.0,-0.3696661757323318,0.05271464494448422,1.32603539402528,1.0,0.14784077093939654,0.3138591578767735,1.721237471388834,1.0,-0.14784077093939654,0.2861408421232265,1.6787625286111658,1.0
877,29.2333,1,0.22483201201777836,-0.17459187888772054,1.801553507403047,1.0,-0.14986594902707256,-0.21103361289225703,1.7498482077561641,1.0,0.5305066644491041,-0.14486309588401974,1.8437341465886623,1.0,-0.37434787499277766,-0.09889456447868478,1.5678243116995576,1.0,0.8065998989032048,-0.1180112918806771,1.881832788433734,1.0,-0.37993704772257264,0.0554230910922483,1.3342545740893796,1.0,0.14790708988612536,0.3143848950017907,1.720409986702717,1.0,-0.14790708988612536,0.2856151049982093,1.679590013297283,1.0
878,29.2667,1,0.2270032602138667,-0.17377845760259136,1.800516132854309,1.0,-0.14785555037071763,-0.2115106960922694,1.7509464817997693,1.0,0.5328091320065539,-0.1429968946241698,1.8409545323988017,1.0,-0.37648665840563617,-0.09987400264003471,1.5738446322504855,1.0,0.8090208871741423,-0.11519419257914393,1.8774795384389886,1.0,-0.39074585063580974,0.05704787418053048,1.3423879408111272,1.0,0.1479705831254938,0.31489430466697815,1.7195669675215286,1.0,-0.1479705831254938,0.2851056953330218,1.6804330324784713,1.0
879,29.3,1,0.22917114394434118,-0.17303364324982096,1.7990946978250761,1.0,-0.1458405708802049,-0.2120138504373275,1.7516947274456298,1.0,0.5351017534064708,-0.14123400054422347,1.837763094713572,1.0,-0.3788878207445659,-0.1014821780987114,1.579730403411001,1.0,0.8114261748561364,-0.11251174261658708,1.8726893886773746,1.0,-0.4020919281827648,0.05758039215334637,1.3504692681464172,1.0,0.14803094006232081,0.3153869238898052,1.7187105146234656,1.0,-0.14803094006232081,0.28461307611019476,1.6812894853765343,1.0
880,29.3333,1,0.23132684822197785,-0.1723579039802604,1.7972928560535721,1.0,-0.14382918628592306,-0.21254232973877335,1.7520915098483403,1.0,0.5373751921626339,-0.13957587244042086,1.834167638484156,1.0,-0.3815408378280603,-0.10372465680054599,1.585502540293275,1.0,0.8138059544316135,-0.10996629556572712,1.867473893582748,1.0,-0.4139643216134285,0.05701358613144489,1.3585401316032977,1.0,0.14808790835838193,0.3158622733257288,1.71784263665996,1.0,-0.14808790835838193,0.2841377266742712,1.68215736334004,1.0
881,29.3667,1,0.23346118403945076,-0.17175083852037742,1.7951158341298572,1.0,-0.14183009515585698,-0.21309446785560598,1.7521372339509216,1.0,0.5396198591724649,-0.13802314090479623,1.8301773237495151,1.0,-0.384429074370891,-0.10660512658235544,1.5911845841466619,1.0,0.8161502754216391,-0.10755941402620678,1.8618457659866254,1.0,-0.42634073677176004,0.05534194332780401,1.3666482639169282,1.0,0.1481412944192004,0.31631985368495863,1.7169652369127377,1.0,-0.1481412944192004,0.28368014631504135,1.6830347630872622,1.0
882,29.4,1,0.23556466528202186,-0.17121121175369408,1.792570418537372,1.0,-0.1398524404967461,-0.21366770828046194,1.7518341620652085,1.0,0.5418259884173326,-0.1365756487976466,1.8258026277646633,1.0,-0.3875294544991403,-0.11012524523544598,1.596801729711751,1.0,0.8184491189911617,-0.105291914514765,1.8558188167441523,1.0,-0.4391867302504602,0.0525616664464299,1.374845665074252,1.0,0.1481909628074084,0.3167591433658294,1.716080101239012,1.0,-0.1481909628074084,0.2832408566341706,1.683919898760988,1.0
883,29.4333,1,0.23762758871843218,-0.1707370048733971,1.7896649392052824,1.0,-0.13790572562241507,-0.21425865162794594,1.751186424629604,1.0,0.5439837135754392,-0.1352325035736336,1.8210553063591253,1.0,-0.3908122937961187,-0.11428442760227264,1.602379763807367,1.0,0.8206924715108003,-0.10316392175449235,1.849407896046467,1.0,-0.4524551684922379,0.04867100897026588,1.38318651187964,1.0,0.14823683460822917,0.31717959740311136,1.7151888873325045,1.0,-0.14823683460822917,0.2828204025968886,1.6848111126674954,1.0
884,29.4667,1,0.23964011647966588,-0.1703254790484447,1.786409249108317,1.0,-0.1359997249892505,-0.21486312011772885,1.7502000233614028,1.0,0.5460831450464134,-0.1339921402813971,1.8159483543229051,1.0,-0.3942413185815998,-0.11907957407110953,1.607943945650751,1.0,0.8228703966550887,-0.1011749310724509,1.8426288364522103,1.0,-0.46608601087292906,0.043670769410530774,1.3917249226990864,1.0,0.14827888479036172,0.3175806477905069,1.7142931154264134,1.0,-0.14827888479036172,0.2824193522094931,1.6857068845735865,1.0
885,29.5,1,0.24159236041666715,-0.1699732513240224,1.78281469934879,1.0,-0.13414439076175355,-0.21547623781945985,1.7488828259274531,1.0,0.5481144469043261,-0.13285239391984976,1.8104959645083016,1.0,-0.39777389418050535,-0.1245047463119307,1.613517864951291,1.0,0.8249731056673729,-0.09932387755479061,1.8354983975556025,1.0,-0.4800064620488446,0.03756493097122293,1.4005126432145611,1.0,0.14831713862306078,0.3179617051955674,1.713394160561054,1.0,-0.14831713862306078,0.2820382948044326,1.6866058394389458,1.0
886,29.5333,1,0.24347446770247638,-0.16967638127653273,1.7788941090828516,1.0,-0.13234975594001153,-0.21609252511987848,1.7472445511991288,1.0,0.5500679133055586,-0.13181057972011911,1.804713485251152,1.0,-0.40136147828492696,-0.13055079981669554,1.619122318650765,1.0,0.8269910254631813,-0.09760921057239075,1.8280342121128426,1.0,-0.49413152988005743,0.0303614262663105,1.4095967282708586,1.0,0.14835166722729784,0.3183221620434259,1.7124932465330485,1.0,-0.14835166722729784,0.2816778379565741,1.6875067534669514,1.0
887,29.5667,1,0.2452767070127509,-0.16943046676587725,1.7746617296139848,1.0,-0.13062583495401758,-0.21670600558999137,1.7452967441412912,1.0,0.5519340438803778,-0.13086357983041574,1.798617375657498,1.0,-0.40495030815719363,-0.13720498662934544,1.6247742508629865,1.0,0.8289148642769442,-0.09602897227580537,1.8202547333742196,1.0,-0.5083650129710922,0.022072999872318422,1.419017302391665,1.0,0.14838258235530336,0.31866139690425554,1.711591441633958,1.0,-0.14838258235530336,0.28133860309574443,1.688408558366042,1.0
888,29.6,1,0.24698955458303132,-0.16923074697606494,1.770133201974243,1.0,-0.12898252270444352,-0.21731032317721927,1.7430527394143365,1.0,0.5537036176333398,-0.13000793481196543,1.7922251582731141,1.0,-0.40848232149409247,-0.14445054538697727,1.630485802630473,1.0,0.8307356745820054,-0.09458087866374648,1.8121791833172558,1.0,-0.5226009264629752,0.012718134849384055,1.4288054864052235,1.0,0.14841003050821375,0.318978780079403,1.7106896562736473,1.0,-0.14841003050821375,0.281021219920597,1.6893103437263526,1.0
889,29.6333,1,0.24860377940387865,-0.16907221081160329,1.7653255073491396,1.0,-0.12742949310232773,-0.21789886742944448,1.7405276128458436,1.0,0.555367764869468,-0.12923993830757496,1.78555536865446,1.0,-0.411896300553805,-0.15226629921013357,1.6362635181281429,1.0,0.8324449130319359,-0.0932624018523236,1.8038275014463625,1.0,-0.53672535660845,0.0023220032501100607,1.4389815789979568,1.0,0.14843418651560777,0.31927368024388464,1.7097886425670905,1.0,-0.14843418651560777,0.28072631975611534,1.6902113574329094,1.0
890,29.6667,1,0.25011052677908674,-0.1689497086241079,1.7602569097751615,1.0,-0.12597609822721886,-0.21846490428016524,1.7377381200539348,1.0,0.5569180366526518,-0.12855573322048225,1.7786275013898467,1.0,-0.41512921807115843,-0.1606262848066174,1.6421077515410483,1.0,0.8340344971836139,-0.09207085221075584,1.7952202938160138,1.0,-0.5506187146004907,-0.00908260453451365,1.4495535791639886,1.0,0.14845524671301535,0.3195454719694963,1.7088889959425895,1.0,-0.14845524671301535,0.2804545280305037,1.6911110040574104,1.0
891,29.7,1,0.25150139944075944,-0.16885806518334517,1.754946890647876,1.0,-0.1246312692803057,-0.21900170979137507,1.7347026216763122,1.0,0.5583464712921548,-0.12795140773995234,1.7714619521773098,1.0,-0.4181177521296544,-0.1694994380990148,1.6480123137865912,1.0,0.8354968587708343,-0.091003459081404,1.7863787819458306,1.0,-0.5641583391141496,-0.02145442050803892,1.460516127906153,1.0,0.14847342186357834,0.3197935439242223,1.7079911588045646,1.0,-0.14847342186357834,0.28020645607577765,1.6920088411954353,1.0
892,29.7333,1,0.2527685353915052,-0.16879219178149912,1.749416074719989,1.0,-0.12340342055153565,-0.2195027041677346,1.73144099487281,1.0,0.5596456573450385,-0.12742308957167547,1.7640799556479507,1.0,-0.42079992621246814,-0.1788493624640683,1.653964390475147,1.0,0.8368249933030685,-0.09005744886602834,1.7773247513248194,1.0,-0.5772213763037397,-0.03474296068016791,1.471849934936217,1.0,0.1484889299775161,0.3200173075208824,1.7070954262554654,1.0,-0.1484889299775161,0.27998269247911756,1.6929045737445345,1.0
893,29.7667,1,0.2539046816314988,-0.16874719537043936,1.7436861474377685,1.0,-0.12230035764347189,-0.21996158332567445,1.7279745310190655,1.0,0.5608087926189749,-0.12696703677537918,1.7565035187267104,1.0,-0.42311682088253677,-0.18863420502686884,1.6599447521478692,1.0,0.8380125057689533,-0.08923011933467961,1.7680804992457548,1.0,-0.5896878469614301,-0.04888795791574513,1.483521738656484,1.0,0.14850198918748841,0.3202162057718033,1.706201953849488,1.0,-0.14850198918748841,0.27978379422819666,1.693798046150512,1.0
894,29.8,1,0.25490326292962234,-0.16871848268019934,1.7377797636546797,1.0,-0.12132919119586295,-0.2203724453268791,1.7243258197864304,1.0,0.5618297386635709,-0.1265797236789606,1.7487553494419354,1.0,-0.4250142957205358,-0.1988066641939763,1.6659282652660028,1.0,0.839053652229718,-0.08851890909719651,1.7586687817659086,1.0,-0.6014437946255597,-0.06381901325959272,1.49548482593395,1.0,0.14851281083900733,0.3203897220973736,1.705310767316414,1.0,-0.14851281083900733,0.2796102779026264,1.6946892326835858,1.0
895,29.8333,1,0.2557584448156423,-0.1687018573531921,1.7317204479658153,1.0,-0.12049625733058182,-0.22072990906856554,1.7205186200989644,1.0,0.56270307025072,-0.12625792042749268,1.7408587812256147,1.0,-0.4264446549998057,-0.20931414764201056,1.6718846982471702,1.0,0.8399433770953062,-0.08792146126879646,1.7491127596538205,1.0,-0.612384396984559,-0.07945550696738796,1.5076801130712907,1.0,0.1485215929524569,0.3205373888350158,1.7044217741579675,1.0,-0.1485215929524569,0.27946261116498416,1.6955782258420324,1.0
896,29.8667,1,0.2564651900061489,-0.1686936082524439,1.7255324871176827,1.0,-0.11980704598460151,-0.22102922276309062,1.7165777187614375,1.0,0.5634241193670243,-0.12599876483586364,1.732837692881988,1.0,-0.4273681886929427,-0.22009909433050318,1.6777798018452126,1.0,0.8406773458865247,-0.08743568045959765,1.7394359432497475,1.0,-0.6224169171053294,-0.09570680156457556,1.5200377622833168,1.0,0.14852851420687518,0.3206587952015711,1.7035347769827283,1.0,-0.14852851420687518,0.2793412047984289,1.6964652230172717,1.0
897,29.9,1,0.2570193075316096,-0.1686905872620768,1.7192408151568856,1.0,-0.11926613821806695,-0.2212663599352062,1.7125287778513718,1.0,0.5639890132747669,-0.12579982534452389,1.7247164245376996,1.0,-0.42775452218485027,-0.23109946694921818,1.6835766282936364,1.0,0.8412519733008444,-0.087059782322218,1.7296621362364994,1.0,-0.6314633716422483,-0.11247275766709197,1.532479280541808,1.0,0.14853372858539865,0.3207535944762353,1.7026494884100711,1.0,-0.14853372858539865,0.2792464055237647,1.6973505115899288,1.0
898,29.9333,1,0.257417493905417,-0.16869027509214946,1.712870892179637,1.0,-0.1188771534755335,-0.22143810091360622,1.7083981722515225,1.0,0.5643947062425083,-0.1256591540272768,1.7165196900157305,1.0,-0.42758371366180997,-0.2422494128574904,1.6892370398963819,1.0,0.8416644464179456,-0.08679233500094025,1.7198153783838148,1.0,-0.6394628006436774,-0.12964456949846137,1.544920021662846,1.0,0.14853736080826996,0.3208215101926803,1.7017655473400453,1.0,-0.14853736080826996,0.2791784898073197,1.6982344526599547,1.0
899,29.9667,1,0.2576573657672791,-0.16869083382460648,1.7064485777239329,1.0,-0.11864270764266037,-0.2215420980895642,1.7042128189557044,1.0,0.5646390046017035,-0.12557532876635152,1.7082724861927507,1.0,-0.42684704742250407,-0.253480082479611,1.694723346158346,1.0,0.8419127429037642,-0.08663229193954053,1.7099198873903927,1.0,-0.6463730377594225,-0.1471059117335941,1.5572719898002059,1.0,0.14853950266181823,0.3208623411572202,1.7008825363558795,1.0,-0.14853950266181823,0.2791376588427798,1.6991174636441204,1.0
