frame,time_s,root_x,root_y,root_z,sh_y,sh_z,sh_twist,elbow_y,elbow_z,l_sh_y,l_sh_z,l_sh_twist,l_elbow_y,l_elbow_z
0,0.0,-0.0,180.0,-0.0,0.0,0.0,0.0,-90.0,0.0,0.0,0.0,0.0,-70.0,0.0
1,0.0333,-0.0,-179.34557629230318,-0.0,1.570616898472389,0.0,0.0,-88.50422669153008,0.0,1.0471030368325345,1.3324747964286483,1.2886355157669143,-68.95292206768508,0.0
2,0.0667,-0.0,-178.6916010939264,-0.0,3.1401573745766296,0.0,0.0,-87.0097923027483,0.0,2.0936390488985994,2.6630176317883274,2.5759332566567785,-67.90656175028225,0.0
3,0.1,-0.0,-178.0385226068039,-0.0,4.707545743670696,0.0,0.0,-85.51803455482832,0.0,3.1390413184856385,3.9896993461689214,3.8605568365806042,-66.8616361708862,0.0
4,0.1333,-0.0,-177.3867884183087,-0.0,6.271707796059207,0.0,0.0,-84.03028877298779,0.0,4.18274374182265,5.310596377916607,5.141172645583785,-65.81886146929386,0.0
5,0.1667,-0.0,-176.7368451944987,-0.0,7.831571533203094,0.0,0.0,-82.54788669119128,0.0,5.22418113563536,6.623793552614357,6.41645123431041,-64.77895231119794,0.0
6,0.2,-0.0,-176.08913837399422,-0.0,9.386067902413853,0.0,0.0,-81.07215526006817,0.0,6.262789543202945,7.927386859901753,7.685068694148335,-63.74262139839077,0.0
7,0.2333,-0.0,-175.44411186269633,-0.0,10.934131529528848,0.0,0.0,-79.60441545911203,0.0,7.298006539750535,9.219486214107985,8.94570803162222,-62.710578980314104,0.0
8,0.2667,-0.0,-174.80220772955602,-0.0,12.47470144906556,0.0,0.0,-78.14598111422512,0.0,8.329271537012158,10.498218194695372,10.19706053560773,-61.68353236728963,0.0
9,0.3,-0.0,-174.16386590360236,-0.0,14.006721831354323,0.0,0.0,-76.69815772166625,0.0,9.356026086799169,11.761728762540054,11.437827135947568,-60.66218544576378,0.0
10,0.3333,-0.0,-173.52952387243698,-0.0,15.529142706151244,0.0,0.0,-75.2622412794548,0.0,10.377714183409806,13.008185948111462,12.6667197520589,-59.64723819589917,0.0
11,0.3667,-0.0,-172.89961638240197,-0.0,17.040920682235356,0.0,0.0,-73.83951712727699,0.0,11.393782564716078,14.235782507653006,13.882462630132116,-58.639386211843096,0.0
12,0.4,-0.0,-172.27457514062633,-0.0,18.541019662496844,0.0,0.0,-72.43125879593286,0.0,12.403681011764963,15.442738543512744,15.083793667532817,-57.6393202250021,0.0
13,0.4333,-0.0,-171.65482851915573,-0.0,20.028411554026256,0.0,0.0,-71.03872686735357,0.0,13.40686264673169,16.62730408482482,16.26946572303201,-56.64772563064916,0.0
14,0.4667,-0.0,-171.0408012613675,-0.0,21.502076972718015,0.0,0.0,-69.66316784620999,0.0,14.402784229063721,17.787761624799916,17.43824791150441,-55.66528201818799,0.0
15,0.5,-0.0,-170.4329141908728,-0.0,22.961005941905388,0.0,0.0,-68.30581304412209,0.0,15.390906449655093,18.922428610945914,18.58892688175074,-54.69266270539641,0.0
16,0.5333,-0.0,-169.83158392310497,-0.0,24.40419858454801,0.0,0.0,-66.96787747746839,0.0,16.370694222891817,20.029659884608137,19.720308076117497,-53.730534276967994,0.0
17,0.5667,-0.0,-169.23722257979261,-0.0,25.830665808497706,0.0,0.0,-65.65055877978165,0.0,17.341616976410172,21.10785006629213,20.831216970606484,-52.7795561276682,0.0
18,0.6,-0.0,-168.6502375065113,-0.0,27.239429984372805,0.0,0.0,-64.3550361297047,0.0,18.303148938411006,22.155435883310464,21.920500294186795,-51.84038001041813,0.0
19,0.6333,-0.0,-168.0710309935098,-0.0,28.629525615576505,0.0,0.0,-63.08246919546588,0.0,19.25476942237444,23.170898436378646,22.987027226043352,-50.91364958961566,0.0
20,0.6667,-0.0,-167.5,-0.0,29.999999999999996,0.0,0.0,-61.833997096818905,0.0,20.195963109020795,24.152765401873918,24.029690569519154,-50.0,0.0
21,0.7,-0.0,-166.93753588210132,-0.0,31.349913882956926,0.0,0.0,-60.61073738537634,0.0,21.126220325365086,25.09961316656372,25.047407901532548,-49.100057411362044,0.0
22,0.7333,-0.0,-166.38402412462432,-0.0,32.67834210090162,0.0,0.0,-59.413785044249686,0.0,22.045037320713913,26.010068891708794,26.03912269627614,-48.21443859939892,0.0
23,0.7667,-0.0,-165.83984407687922,-0.0,33.98437421548997,0.0,0.0,-58.244211507891066,0.0,22.95191653945539,26.88281250354812,27.003805422031046,-47.34375052300669,0.0
24,0.8,-0.0,-165.30536869268815,-0.0,35.26711513754839,0.0,0.0,-57.10306370301437,0.0,23.84636689049422,27.71657860727963,27.940454609957477,-46.48858990830107,0.0
25,0.8333,-0.0,-164.78096427478198,-0.0,36.52568574052324,0.0,0.0,-55.99136311145403,0.0,24.727904013186276,28.51015832176175,28.84809789375258,-45.649542839651176,0.0
26,0.8667,-0.0,-164.26699022375408,-0.0,37.75922346299025,0.0,0.0,-54.910104855800434,0.0,25.59605053962833,29.26240103227546,29.725793019095768,-44.8271843580065,0.0
27,0.9,-0.0,-163.76379879174544,-0.0,38.96688289981102,0.0,0.0,-53.860256808630425,0.0,26.45033635316129,29.972216058805614,30.57262882183393,-44.02207806679265,0.0
28,0.9333,-0.0,-163.27173484102855,-0.0,40.14783638153149,0.0,0.0,-52.842758726130285,0.0,27.290298842946605,30.63857423742275,31.387726173890876,-43.23477574564567,0.0
29,0.9667,-0.0,-162.79113560765614,-0.0,41.30127454162523,0.0,0.0,-51.85852140688668,0.0,28.115483154478206,31.260509412472334,32.17023889591908,-42.46581697224984,0.0
30,1.0,-0.0,-162.32233047033628,-0.0,42.426406871192846,0.0,0.0,-50.90842587659851,0.0,28.925442435894265,31.837119837408142,32.91935463574625,-41.7157287525381,0.0
31,1.0333,-0.0,-161.8656407246928,-0.0,43.52246226073726,0.0,0.0,-49.993322599439686,0.0,29.71973807995535,32.36756948223852,33.63429571170488,-40.985025159508496,0.0
32,1.0667,-0.0,-161.42137936306517,-0.0,44.58868952864365,0.0,0.0,-49.11403071677844,0.0,30.49793996155795,32.85108924568995,34.314319919969066,-40.27420698090424,0.0
33,1.1,-0.0,-160.98985085999925,-0.0,45.624357936001864,0.0,0.0,-48.271337313934865,0.0,31.25962667065488,33.28697807033038,34.95872130506072,-39.58376137599876,0.0
34,1.1333,-0.0,-160.5713509635757,-0.0,46.62875768741825,0.0,0.0,-47.465996715633025,0.0,32.00438574045617,33.67460395903545,35.566830892725164,-38.91416154172117,0.0
35,1.1667,-0.0,-160.16616649271913,-0.0,47.60120041747411,0.0,0.0,-46.69872981077806,0.0,32.73181387078719,34.01340489132396,36.13801738441529,-38.265866388350595,0.0
36,1.2,-0.0,-159.77457514062633,-0.0,48.54101966249685,0.0,0.0,-45.9702234071631,0.0,33.44151714648274,34.30288963823377,36.67168781266329,-37.6393202250021,0.0
37,1.2333,-0.0,-159.39684528444957,-0.0,49.44757131732094,0.0,0.0,-45.28112961668315,0.0,34.1331112506991,34.54263847455688,37.16728815665973,-37.034952455119374,0.0
38,1.2667,-0.0,-159.0332358013644,-0.0,50.320234076725434,0.0,0.0,-44.63206527160676,0.0,34.806221673028375,34.73230378740084,37.62430391740069,-36.45317728218304,0.0
39,1.3,-0.0,-158.68399589114767,-0.0,51.15840986124553,0.0,0.0,-44.023611372427474,0.0,35.460483912302486,34.871610580194194,38.04226065180614,-35.89439342583631,0.0
40,1.3333,-0.0,-158.34936490538905,-0.0,51.96152422706631,0.0,0.0,-43.456312567789794,0.0,36.09554367397697,34.96035687140528,38.42072446525489,-35.35898384862246,0.0
41,1.3667,-0.0,-158.02957218345085,-0.0,52.729026759717925,0.0,0.0,-42.93067666695484,0.0,36.711057061987745,34.99841398739605,38.75930246202483,-34.847315493521386,0.0
42,1.4,-0.0,-157.72483689529082,-0.0,53.460391451302065,0.0,0.0,-42.447174185242325,0.0,37.30669076497688,34.98572674898662,39.057643153170886,-34.359739032465285,0.0
43,1.4333,-0.0,-157.43536789125346,-0.0,54.15511706099163,0.0,0.0,-42.006237922855554,0.0,37.882122236786586,34.92231355145978,39.315436821417286,-33.89658862600558,0.0
44,1.4667,-0.0,-157.16136355893497,-0.0,54.812727458556054,0.0,0.0,-41.60826257746668,0.0,38.437039871123645,34.80826633788957,39.53241584268521,-33.458181694295966,0.0
45,1.5,-0.0,-156.90301168721783,-0.0,55.43277195067721,0.0,0.0,-41.25360439090882,0.0,38.97114317029974,34.643750465832646,39.70835496392216,-33.04481869954853,0.0
46,1.5333,-0.0,-156.66048933756997,-0.0,56.01482558983211,0.0,0.0,-40.94258083029137,0.0,39.48414290795619,34.42900446757562,39.843071536944514,-32.65678294011193,0.0
47,1.5667,-0.0,-156.43396272269553,-0.0,56.558489465530705,0.0,0.0,-40.67547030382393,0.0,39.97576128568519,34.16433970428605,39.93642570805066,-32.294340356312865,0.0
48,1.6,-0.0,-156.2235870926212,-0.0,57.06339097770921,0.0,0.0,-40.45251191160327,0.0,40.44573208346252,33.8501399145685,39.988320563207715,-31.95773934819386,0.0
49,1.6333,-0.0,-156.02950662829517,-0.0,57.52918409209158,0.0,0.0,-40.27390523158633,0.0,40.89380080381039,33.48686065808026,39.99870222866112,-31.647210605272278,0.0
50,1.6667,-0.0,-155.85185434277332,-0.0,57.9555495773441,0.0,0.0,-40.139810140940995,0.0,41.31972480961233,33.0750286550134,39.96755992686278,-31.36296694843727,0.0
51,1.7,-0.0,-155.69075199005806,-0.0,58.34219522386059,0.0,0.0,-40.05034667293427,0.0,41.72327345550543,32.61524102240083,39.89492598765965,-31.105203184092936,0.0
52,1.7333,-0.0,-155.54630998165487,-0.0,58.68885604402834,0.0,0.0,-40.00559490948633,0.0,42.104228212778914,32.108164408353716,39.78087581473093,-30.874095970647772,0.0
53,1.7667,-0.0,-155.41862731090112,-0.0,58.99529445383727,0.0,0.0,-40.00559490948633,0.0,42.462382787711256,31.55453402548542,39.625527807309176,-30.66980369744182,0.0
54,1.8,-0.0,-155.30779148512158,-0.0,59.261300435708264,0.0,0.0,-40.05034667293427,0.0,42.79754323328191,30.9551525849235,39.429043237266036,-30.492466376194486,0.0
55,1.8333,-0.0,-155.21387846565472,-0.0,59.48669168242862,0.0,0.0,-40.139810140940995,0.0,43.109528054197,30.310889132455355,39.19162608169071,-30.342205545047584,0.0
56,1.8667,-0.0,-155.13695261579318,-0.0,59.6713137220964,0.0,0.0,-40.27390523158633,0.0,43.398168305172256,29.622677788494855,38.91352281113458,-30.219124185269067,0.0
57,1.9,-0.0,-155.07706665667183,-0.0,59.81504002398768,0.0,0.0,-40.45251191160326,0.0,43.66330768241984,28.891516393697096,38.595022133742056,-30.123306650674884,0.0
58,1.9333,-0.0,-155.03426163113568,-0.0,59.91777208527443,0.0,0.0,-40.67547030382393,0.0,43.904802608289636,28.118465062184793,38.23645469553316,-30.054818609817048,0.0
59,1.9667,-0.0,-155.0085668756111,-0.0,59.97943949853344,0.0,0.0,-40.94258083029137,0.0,44.12252230901906,27.30464464448423,37.838192737149015,-30.01370700097771,0.0
60,2.0,-0.0,-155.0,-0.0,60.0,0.0,0.0,-41.25360439090882,0.0,44.31634888554936,26.45123510239904,37.40064970741659,-30.0,0.0
61,2.0333,-0.0,-155.0085668756111,-0.0,59.97943949853344,0.0,0.0,-41.608262577466675,0.0,44.48617737737002,25.559473798178512,36.92427983413396,-30.01370700097771,0.0
62,2.0667,-0.0,-155.03426163113568,-0.0,59.91777208527443,0.0,0.0,-42.00623792285555,0.0,44.63191581935678,24.630653700460517,36.409577652521385,-30.054818609817048,0.0
63,2.1,-0.0,-155.07706665667183,-0.0,59.81504002398768,0.0,0.0,-42.44717418524232,0.0,44.7534852915723,23.666121509590685,35.85707749182815,-30.123306650674884,0.0
64,2.1333,-0.0,-155.13695261579318,-0.0,59.67131372209641,0.0,0.0,-42.93067666695484,0.0,44.850819962002774,22.66727570503557,35.26735292062776,-30.219124185269067,0.0
65,2.1667,-0.0,-155.21387846565472,-0.0,59.48669168242863,0.0,0.0,-43.45631256778978,0.0,44.92386712220707,21.635564517721193,34.64101615137755,-30.342205545047577,0.0
66,2.2,-0.0,-155.30779148512158,-0.0,59.26130043570826,0.0,0.0,-44.023611372427474,0.0,44.972587215859306,20.57248383023655,33.97871740486084,-30.492466376194493,0.0
67,2.2333,-0.0,-155.41862731090112,-0.0,58.995294453837275,0.0,0.0,-44.63206527160676,0.0,44.9969538601693,19.47957500794703,33.28114423517137,-30.669803697441814,0.0
68,2.2667,-0.0,-155.54630998165487,-0.0,58.68885604402834,0.0,0.0,-45.28112961668315,0.0,44.9969538601693,18.358422664161807,32.54902081594079,-30.874095970647772,0.0
69,2.3,-0.0,-155.69075199005806,-0.0,58.3421952238606,0.0,0.0,-45.97022340716309,0.0,44.972587215859306,17.210652362596143,31.783107188550183,-31.105203184092936,0.0
70,2.3333,-0.0,-155.85185434277332,-0.0,57.9555495773441,0.0,0.0,-46.698729810778076,0.0,44.92386712220707,16.037928260459356,30.984198473106183,-31.36296694843727,0.0
71,2.3667,-0.0,-156.02950662829517,-0.0,57.52918409209158,0.0,0.0,-47.465996715633025,0.0,44.850819962002774,14.841950695586059,30.15312404300068,-31.647210605272278,0.0
72,2.4,-0.0,-156.2235870926212,-0.0,57.06339097770922,0.0,0.0,-48.271337313934865,0.0,44.753485291572304,13.624453721108706,29.290746663910948,-31.957739348193854,0.0
73,2.4333,-0.0,-156.43396272269553,-0.0,56.558489465530705,0.0,0.0,-49.11403071677842,0.0,44.63191581935678,12.387202591246428,28.397961598134334,-32.294340356312865,0.0
74,2.4667,-0.0,-156.66048933756997,-0.0,56.01482558983211,0.0,0.0,-49.993322599439686,0.0,44.486177377370026,11.131991201855127,27.475695675187005,-32.65678294011193,0.0
75,2.5,-0.0,-156.90301168721783,-0.0,55.43277195067721,0.0,0.0,-50.90842587659851,0.0,44.31634888554936,9.860639489450039,26.524906329631808,-33.04481869954853,0.0
76,2.5333,-0.0,-157.16136355893497,-0.0,54.81272745855606,0.0,0.0,-51.858521406886666,0.0,44.12252230901907,8.574990792471736,25.546580607133915,-33.45818169429596,0.0
77,2.5667,-0.0,-157.43536789125346,-0.0,54.15511706099163,0.0,0.0,-52.842758726130285,0.0,43.90480260828964,7.27690917862156,24.541734139776345,-33.89658862600558,0.0
78,2.6,-0.0,-157.72483689529076,-0.0,53.46039145130207,0.0,0.0,-53.860256808630425,0.0,43.66330768241984,5.968276742141839,23.51141009169893,-34.359739032465285,0.0
79,2.6333,-0.0,-158.02957218345085,-0.0,52.729026759717925,0.0,0.0,-54.91010485580044,0.0,43.39816830517225,4.650990874958891,22.456678076155228,-34.847315493521386,0.0
80,2.6667,-0.0,-158.34936490538905,-0.0,51.96152422706632,0.0,0.0,-55.991363111454014,0.0,43.109528054197,3.326961515646401,21.37863304511205,-35.35898384862245,0.0
81,2.7,-0.0,-158.68399589114767,-0.0,51.15840986124554,0.0,0.0,-57.103063703014364,0.0,42.797543233281914,1.9981083801968795,20.278394152543626,-35.894393425836306,0.0
82,2.7333,-0.0,-159.0332358013644,-0.0,50.320234076725434,0.0,0.0,-58.24421150789107,0.0,42.462382787711256,0.6663581786171263,19.157103592601224,-36.45317728218304,0.0
83,2.7667,-0.0,-159.39684528444957,-0.0,49.44757131732095,0.0,0.0,-59.413785044249664,0.0,42.104228212778914,-0.6663581786171177,18.015925413863883,-37.03495245511937,0.0
84,2.8,-0.0,-159.77457514062633,-0.0,48.54101966249685,0.0,0.0,-60.61073738537634,0.0,41.723273455505435,-1.9981083801968706,16.856044310901165,-37.6393202250021,0.0
85,2.8333,-0.0,-160.16616649271913,-0.0,47.60120041747411,0.0,0.0,-61.833997096818905,0.0,41.31972480961233,-3.326961515646392,15.678664394403006,-38.265866388350595,0.0
86,2.8667,-0.0,-160.5713509635757,-0.0,46.62875768741826,0.0,0.0,-63.08246919546586,0.0,40.89380080381039,-4.650990874958882,14.485007941152672,-38.91416154172116,0.0
87,2.9,-0.0,-160.98985085999925,-0.0,45.624357936001864,0.0,0.0,-64.35503612970469,0.0,40.44573208346251,-5.968276742141831,13.276314125141145,-39.58376137599876,0.0
88,2.9333,-0.0,-161.42137936306517,-0.0,44.58868952864367,0.0,0.0,-65.65055877978162,0.0,39.97576128568519,-7.276909178621552,12.053837731139865,-40.274206980904225,0.0
89,2.9667,-0.0,-161.8656407246928,-0.0,43.52246226073725,0.0,0.0,-66.96787747746839,0.0,39.48414290795618,-8.574990792471741,10.81884785206734,-40.985025159508496,0.0
90,3.0,-0.0,-162.32233047033628,-0.0,42.42640687119285,0.0,0.0,-68.30581304412209,0.0,38.97114317029974,-9.860639489450028,9.572626571502308,-41.7157287525381,0.0
91,3.0333,-0.0,-162.79113560765614,-0.0,41.301274541625254,0.0,0.0,-69.66316784620997,0.0,38.437039871123666,-11.131991201855104,8.316467632710388,-42.465816972249826,0.0
92,3.0667,-0.0,-163.27173484102855,-0.0,40.147836381531484,0.0,0.0,-71.03872686735357,0.0,37.88212223678658,-12.38720259124642,7.05167509556674,-43.23477574564568,0.0
93,3.1,-0.0,-163.76379879174544,-0.0,38.966882899811026,0.0,0.0,-72.43125879593286,0.0,37.30669076497688,-13.624453721108699,5.779561982768856,-44.022078066792645,0.0
94,3.1333,-0.0,-164.26699022375408,-0.0,37.75922346299024,0.0,0.0,-73.839517127277,0.0,36.71105706198774,-14.841950695586064,4.501448916744226,-44.827184358006505,0.0
95,3.1667,-0.0,-164.78096427478198,-0.0,36.52568574052325,0.0,0.0,-75.26224127945477,0.0,36.09554367397698,-16.037928260459346,3.2186627486690433,-45.64954283965116,0.0
96,3.2,-0.0,-165.30536869268815,-0.0,35.267115137548394,0.0,0.0,-76.69815772166623,0.0,35.46048391230249,-17.21065236259612,1.9325351810202929,-46.488589908301066,0.0
97,3.2333,-0.0,-165.83984407687922,-0.0,33.98437421548997,0.0,0.0,-78.14598111422514,0.0,34.806221673028375,-18.358422664161797,0.6444013850916485,-47.34375052300669,0.0
98,3.2667,-0.0,-166.38402412462432,-0.0,32.67834210090164,0.0,0.0,-79.60441545911202,0.0,34.1331112506991,-19.479575007947023,-0.6444013850916387,-48.2144385993989,0.0
99,3.3,-0.0,-166.93753588210132,-0.0,31.349913882956933,0.0,0.0,-81.07215526006816,0.0,33.44151714648274,-20.572483830236557,-1.932535181020283,-49.100057411362044,0.0
100,3.3333,-0.0,-167.5,-0.0,29.999999999999996,0.0,0.0,-82.54788669119128,0.0,32.731813870787185,-21.635564517721185,-3.2186627486690336,-50.0,0.0
101,3.3667,-0.0,-168.0710309935098,-0.0,28.62952561557652,0.0,0.0,-84.03028877298776,0.0,32.00438574045617,-22.667275705035568,-4.501448916744216,-50.91364958961566,0.0
102,3.4,-0.0,-168.6502375065113,-0.0,27.239429984372812,0.0,0.0,-85.51803455482832,0.0,31.259626670654885,-23.66612150959068,-5.779561982768846,-51.84038001041813,0.0
103,3.4333,-0.0,-169.23722257979261,-0.0,25.83066580849773,0.0,0.0,-87.00979230274828,0.0,30.49793996155797,-24.6306537004605,-7.051675095566729,-52.77955612766818,0.0
104,3.4667,-0.0,-169.83158392310497,-0.0,24.404198584548002,0.0,0.0,-88.50422669153008,0.0,29.719738079955345,-25.55947379817852,-8.316467632710381,-53.730534276968,0.0
105,3.5,-0.0,-170.4329141908728,-0.0,22.961005941905395,0.0,0.0,-90.0,0.0,28.925442435894276,-26.451235102399036,-9.572626571502298,-54.6926627053964,0.0
106,3.5333,-0.0,-171.0408012613675,-0.0,21.50207697271804,0.0,0.0,-91.49577330846991,0.0,28.115483154478227,-27.304644644484213,-10.81884785206733,-55.66528201818797,0.0
107,3.5667,-0.0,-171.65482851915573,-0.0,20.028411554026246,0.0,0.0,-92.9902076972517,0.0,27.290298842946598,-28.11846506218481,-12.053837731139856,-56.64772563064917,0.0
108,3.6,-0.0,-172.27457514062633,-0.0,18.54101966249685,0.0,0.0,-94.48196544517167,0.0,26.450336353161298,-28.891516393697092,-13.276314125141136,-57.6393202250021,0.0
109,3.6333,-0.0,-172.89961638240197,-0.0,17.040920682235356,0.0,0.0,-95.96971122701223,0.0,25.596050539628326,-29.622677788494858,-14.485007941152663,-58.639386211843096,0.0
110,3.6667,-0.0,-173.52952387243698,-0.0,15.52914270615126,0.0,0.0,-97.4521133088087,0.0,24.72790401318628,-30.310889132455344,-15.678664394402997,-59.64723819589916,0.0
111,3.7,-0.0,-174.16386590360236,-0.0,14.006721831354332,0.0,0.0,-98.92784473993183,0.0,23.84636689049422,-30.955152584923496,-16.856044310901154,-60.66218544576378,0.0
112,3.7333,-0.0,-174.80220772955602,-0.0,12.47470144906556,0.0,0.0,-100.39558454088798,0.0,22.95191653945538,-31.554534025485417,-18.015925413863876,-61.68353236728963,0.0
113,3.7667,-0.0,-175.44411186269633,-0.0,10.934131529528862,0.0,0.0,-101.85401888577485,0.0,22.04503732071392,-32.10816440835371,-19.157103592601217,-62.71057898031409,0.0
114,3.8,-0.0,-176.08913837399422,-0.0,9.386067902413858,0.0,0.0,-103.30184227833375,0.0,21.126220325365082,-32.615241022400824,-20.27839415254362,-63.74262139839076,0.0
115,3.8333,-0.0,-176.7368451944987,-0.0,7.831571533203094,0.0,0.0,-104.73775872054522,0.0,20.195963109020806,-33.07502865501339,-21.37863304511204,-64.77895231119794,0.0
116,3.8667,-0.0,-177.3867884183087,-0.0,6.271707796059224,0.0,0.0,-106.16048287272298,0.0,19.254769422374462,-33.48686065808026,-22.45667807615522,-65.81886146929385,0.0
117,3.9,-0.0,-178.0385226068039,-0.0,4.707545743670704,0.0,0.0,-107.56874120406712,0.0,18.30314893841102,-33.8501399145685,-23.51141009169892,-66.8616361708862,0.0
118,3.9333,-0.0,-178.69160109392635,-0.0,3.140157374576655,0.0,0.0,-108.96127313264641,0.0,17.341616976410194,-34.16433970428605,-24.541734139776334,-67.90656175028224,0.0
119,3.9667,-0.0,-179.34557629230318,-0.0,1.5706168984723787,0.0,0.0,-110.33683215379001,0.0,16.37069422289181,-34.42900446757562,-25.546580607133926,-68.95292206768508,0.0
120,4.0,-0.0,180.0,-0.0,7.34788079488412e-15,0.0,0.0,-111.6941869558779,0.0,15.3909064496551,-34.643750465832646,-26.524906329631797,-70.0,0.0
121,4.0333,-0.0,179.34557629230318,-0.0,-1.5706168984723639,0.0,0.0,-113.03212252253161,0.0,14.40278422906374,-34.80826633788956,-27.475695675186998,-71.0470779323149,0.0
122,4.0667,-0.0,178.6916010939264,-0.0,-3.140157374576614,0.0,0.0,-114.34944122021834,0.0,13.406862646731701,-34.92231355145978,-28.397961598134316,-72.09343824971774,0.0
123,4.1,-0.0,178.0385226068039,-0.0,-4.7075457436706625,0.0,0.0,-115.64496387029529,0.0,12.403681011764984,-34.98572674898662,-29.290746663910923,-73.13836382911377,0.0
124,4.1333,-0.0,177.38678841830867,-0.0,-6.27170779605921,0.0,0.0,-116.91753080453412,0.0,11.393782564716073,-34.99841398739605,-30.15312404300067,-74.18113853070614,0.0
125,4.1667,-0.0,176.7368451944987,-0.0,-7.831571533203106,0.0,0.0,-118.1660029031811,0.0,10.377714183409795,-34.96035687140528,-30.98419847310619,-75.22104768880207,0.0
126,4.2,-0.0,176.08913837399425,-0.0,-9.386067902413844,0.0,0.0,-119.38926261462365,0.0,9.356026086799169,-34.8716105801942,-31.783107188550165,-76.25737860160923,0.0
127,4.2333,-0.0,175.4441118626963,-0.0,-10.934131529528848,0.0,0.0,-120.58621495575032,0.0,8.329271537012147,-34.73230378740084,-32.54902081594078,-77.2894210196859,0.0
128,4.2667,-0.0,174.80220772955602,-0.0,-12.474701449065543,0.0,0.0,-121.75578849210892,0.0,7.298006539750538,-34.54263847455688,-33.28114423517136,-78.31646763271036,0.0
129,4.3,-0.0,174.16386590360236,-0.0,-14.006721831354318,0.0,0.0,-122.89693629698561,0.0,6.262789543202959,-34.30288963823377,-33.978717404860845,-79.33781455423622,0.0
130,4.3333,-0.0,173.52952387243698,-0.0,-15.529142706151221,0.0,0.0,-124.00863688854596,0.0,5.224181135635386,-34.013404891323965,-34.641016151377535,-80.35276180410081,0.0
131,4.3667,-0.0,172.89961638240194,-0.0,-17.040920682235342,0.0,0.0,-125.08989514419955,0.0,4.182743741822667,-33.67460395903546,-35.26735292062775,-81.3606137881569,0.0
132,4.4,-0.0,172.2745751406263,-0.0,-18.541019662496865,0.0,0.0,-126.13974319136959,0.0,3.1390413184856287,-33.28697807033036,-35.85707749182816,-82.3606797749979,0.0
133,4.4333,-0.0,171.65482851915573,-0.0,-20.028411554026256,0.0,0.0,-127.15724127386972,0.0,2.0936390488986008,-32.85108924568995,-36.409577652521385,-83.35227436935084,0.0
134,4.4667,-0.0,171.04080126136748,-0.0,-21.502076972718026,0.0,0.0,-128.14147859311333,0.0,1.0471030368325283,-32.367569482238515,-36.92427983413396,-84.33471798181202,0.0
135,4.5,-0.0,170.43291419087276,-0.0,-22.96100594190538,0.0,0.0,-129.09157412340147,0.0,5.5109105961630896e-15,-31.83711983740815,-37.40064970741659,-85.30733729460358,0.0
136,4.5333,-0.0,169.831583923105,-0.0,-24.404198584547988,0.0,0.0,-130.0066774005603,0.0,-1.0471030368325172,-31.260509412472338,-37.838192737149,-86.269465723032,0.0
137,4.5667,-0.0,169.23722257979261,-0.0,-25.83066580849769,0.0,0.0,-130.88596928322156,0.0,-2.09363904889859,-30.63857423742275,-38.236454695533155,-87.2204438723318,0.0
138,4.6,-0.0,168.65023750651133,-0.0,-27.239429984372777,0.0,0.0,-131.7286626860651,0.0,-3.139041318485617,-29.97221605880563,-38.59502213374205,-88.15961998958184,0.0
139,4.6333,-0.0,168.0710309935098,-0.0,-28.629525615576505,0.0,0.0,-132.53400328436697,0.0,-4.182743741822656,-29.26240103227545,-38.913522811134584,-89.08635041038434,0.0
140,4.6667,-0.0,167.5,-0.0,-30.000000000000007,0.0,0.0,-133.30127018922195,0.0,-5.224181135635376,-28.51015832176174,-39.19162608169071,-90.0,0.0
141,4.7,-0.0,166.9375358821013,-0.0,-31.349913882956923,0.0,0.0,-134.0297765928369,0.0,-6.262789543202948,-27.71657860727963,-39.429043237266036,-90.89994258863794,0.0
142,4.7333,-0.0,166.38402412462432,-0.0,-32.678342100901624,0.0,0.0,-134.71887038331684,0.0,-7.298006539750526,-26.882812503548116,-39.625527807309176,-91.78556140060108,0.0
143,4.7667,-0.0,165.8398440768792,-0.0,-33.98437421548996,0.0,0.0,-135.36793472839324,0.0,-8.329271537012136,-26.01006889170881,-39.78087581473093,-92.65624947699331,0.0
144,4.8,-0.0,165.30536869268818,-0.0,-35.26711513754838,0.0,0.0,-135.97638862757253,0.0,-9.356026086799158,-25.099613166563728,-39.89492598765964,-93.51141009169892,0.0
145,4.8333,-0.0,164.78096427478198,-0.0,-36.52568574052322,0.0,0.0,-136.5436874322102,0.0,-10.377714183409784,-24.152765401873946,-39.96755992686278,-94.35045716034881,0.0
146,4.8667,-0.0,164.26699022375408,-0.0,-37.75922346299023,0.0,0.0,-137.06932333304513,0.0,-11.393782564716064,-23.170898436378668,-39.99870222866112,-95.17281564199348,0.0
147,4.9,-0.0,163.7637987917454,-0.0,-38.96688289981103,0.0,0.0,-137.55282581475768,0.0,-12.403681011764975,-22.155435883310457,-39.988320563207715,-95.97792193320736,0.0
148,4.9333,-0.0,163.27173484102855,-0.0,-40.14783638153149,0.0,0.0,-137.99376207714445,0.0,-13.40686264673169,-21.107850066292144,-39.93642570805066,-96.76522425435434,0.0
149,4.9667,-0.0,162.79113560765614,-0.0,-41.30127454162525,0.0,0.0,-138.39173742253334,0.0,-14.402784229063728,-20.02965988460814,-39.843071536944514,-97.53418302775017,0.0
150,5.0,-0.0,162.3223304703363,-0.0,-42.426406871192846,0.0,0.0,-138.74639560909117,0.0,-15.39090644965509,-18.92242861094591,-39.70835496392216,-98.2842712474619,0.0
151,5.0333,-0.0,161.8656407246928,-0.0,-43.522462260737235,0.0,0.0,-139.05741916970862,0.0,-16.370694222891803,-17.787761624799938,-39.53241584268522,-99.01497484049149,0.0
152,5.0667,-0.0,161.42137936306514,-0.0,-44.58868952864364,0.0,0.0,-139.32452969617606,0.0,-17.341616976410165,-16.627304084824832,-39.315436821417286,-99.72579301909576,0.0
153,5.1,-0.0,160.98985085999925,-0.0,-45.624357936001836,0.0,0.0,-139.54748808839673,0.0,-18.30314893841099,-15.442738543512778,-39.057643153170886,-100.41623862400122,0.0
154,5.1333,-0.0,160.57135096357572,-0.0,-46.628757687418265,0.0,0.0,-139.72609476841367,0.0,-19.25476942237445,-14.235782507652976,-38.75930246202482,-101.08583845827884,0.0
155,5.1667,-0.0,160.16616649271913,-0.0,-47.6012004174741,0.0,0.0,-139.860189859059,0.0,-20.195963109020795,-13.008185948111482,-38.4207244652549,-101.7341336116494,0.0
156,5.2,-0.0,159.77457514062633,-0.0,-48.54101966249684,0.0,0.0,-139.94965332706573,0.0,-21.12622032536507,-11.761728762540066,-38.042260651806146,-102.36067977499789,0.0
157,5.2333,-0.0,159.3968452844496,-0.0,-49.44757131732094,0.0,0.0,-139.99440509051368,0.0,-22.04503732071391,-10.498218194695378,-37.62430391740069,-102.96504754488063,0.0
158,5.2667,-0.0,159.0332358013644,-0.0,-50.32023407672544,0.0,0.0,-139.99440509051368,0.0,-22.95191653945539,-9.219486214107983,-37.16728815665972,-103.54682271781697,0.0
159,5.3,-0.0,158.6839958911477,-0.0,-51.15840986124552,0.0,0.0,-139.94965332706573,0.0,-23.846366890494195,-7.927386859901775,-36.67168781266331,-104.10560657416369,0.0
160,5.3333,-0.0,158.34936490538905,-0.0,-51.961524227066306,0.0,0.0,-139.860189859059,0.0,-24.72790401318625,-6.623793552614372,-36.1380173844153,-104.64101615137753,0.0
161,5.3667,-0.0,158.02957218345085,-0.0,-52.72902675971792,0.0,0.0,-139.72609476841367,0.0,-25.596050539628315,-5.310596377916615,-35.56683089272517,-105.15268450647861,0.0
162,5.4,-0.0,157.72483689529082,-0.0,-53.460391451302065,0.0,0.0,-139.54748808839673,0.0,-26.450336353161287,-3.989699346168922,-34.95872130506073,-105.64026096753472,0.0
163,5.4333,-0.0,157.4353678912535,-0.0,-54.155117060991635,0.0,0.0,-139.32452969617606,0.0,-27.290298842946605,-2.6630176317883203,-34.314319919969066,-106.10341137399442,0.0
164,5.4667,-0.0,157.16136355893497,-0.0,-54.81272745855606,0.0,0.0,-139.05741916970862,0.0,-28.115483154478216,-1.3324747964286332,-33.63429571170488,-106.54181830570404,0.0
165,5.5,-0.0,156.90301168721783,-0.0,-55.43277195067719,0.0,0.0,-138.7463956090912,0.0,-28.92544243589425,-3.9658772283535856e-14,-32.91935463574628,-106.95518130045146,0.0
166,5.5333,-0.0,156.66048933756997,-0.0,-56.0148255898321,0.0,0.0,-138.39173742253334,0.0,-29.719738079955334,1.3324747964286163,-32.17023889591909,-107.34321705988806,0.0
167,5.5667,-0.0,156.43396272269555,-0.0,-56.5584894655307,0.0,0.0,-137.99376207714445,0.0,-30.49793996155795,2.663017631788303,-31.387726173890886,-107.70565964368714,0.0
168,5.6,-0.0,156.22358709262116,-0.0,-57.06339097770921,0.0,0.0,-137.55282581475768,0.0,-31.25962667065488,3.989699346168905,-30.57262882183393,-108.04226065180615,0.0
169,5.6333,-0.0,156.02950662829517,-0.0,-57.52918409209158,0.0,0.0,-137.06932333304516,0.0,-32.00438574045617,5.310596377916598,-29.72579301909576,-108.35278939472772,0.0
170,5.6667,-0.0,155.8518543427733,-0.0,-57.9555495773441,0.0,0.0,-136.54368743221022,0.0,-32.731813870787185,6.623793552614354,-28.848097893752588,-108.63703305156272,0.0
171,5.7,-0.0,155.6907519900581,-0.0,-58.3421952238606,0.0,0.0,-135.97638862757253,0.0,-33.441517146482745,7.927386859901758,-27.94045460995747,-108.89479681590706,0.0
172,5.7333,-0.0,155.54630998165487,-0.0,-58.688856044028334,0.0,0.0,-135.36793472839327,0.0,-34.1331112506991,9.219486214107967,-27.00380542203105,-109.12590402935223,0.0
173,5.7667,-0.0,155.41862731090114,-0.0,-58.99529445383727,0.0,0.0,-134.71887038331684,0.0,-34.80622167302837,10.498218194695363,-26.039122696276173,-109.33019630255818,0.0
174,5.8,-0.0,155.30779148512156,-0.0,-59.26130043570826,0.0,0.0,-134.0297765928369,0.0,-35.46048391230249,11.761728762540052,-25.04740790153256,-109.5075336238055,0.0
175,5.8333,-0.0,155.21387846565474,-0.0,-59.48669168242862,0.0,0.0,-133.30127018922192,0.0,-36.09554367397697,13.008185948111468,-24.029690569519158,-109.65779445495241,0.0
176,5.8667,-0.0,155.13695261579318,-0.0,-59.6713137220964,0.0,0.0,-132.53400328436697,0.0,-36.71105706198773,14.23578250765296,-22.987027226043395,-109.78087581473093,0.0
177,5.9,-0.0,155.0770666566718,-0.0,-59.81504002398768,0.0,0.0,-131.72866268606512,0.0,-37.306690764976885,15.442738543512762,-21.9205002941868,-109.87669334932511,0.0
178,5.9333,-0.0,155.03426163113565,-0.0,-59.917772085274436,0.0,0.0,-130.88596928322156,0.0,-37.882122236786586,16.627304084824843,-20.83121697060648,-109.94518139018297,0.0
179,5.9667,-0.0,155.00856687561108,-0.0,-59.97943949853344,0.0,0.0,-130.00667740056033,0.0,-38.437039871123645,17.787761624799895,-19.720308076117508,-109.98629299902228,0.0
180,6.0,-0.0,155.0,-0.0,-60.0,0.0,0.0,-129.0915741234015,0.0,-38.971143170299726,18.9224286109459,-18.588926881750737,-110.0,0.0
181,6.0333,-0.0,155.00856687561108,-0.0,-59.97943949853344,0.0,0.0,-128.14147859311333,0.0,-39.48414290795619,20.02965988460813,-17.43824791150442,-109.98629299902228,0.0
182,6.0667,-0.0,155.03426163113565,-0.0,-59.917772085274436,0.0,0.0,-127.15724127386973,0.0,-39.97576128568517,21.107850066292105,-16.269465723032038,-109.94518139018297,0.0
183,6.1,-0.0,155.0770666566718,-0.0,-59.815040023987684,0.0,0.0,-126.13974319136962,0.0,-40.44573208346251,22.15543588331044,-15.083793667532834,-109.87669334932512,0.0
184,6.1333,-0.0,155.13695261579318,-0.0,-59.6713137220964,0.0,0.0,-125.08989514419957,0.0,-40.89380080381039,23.170898436378657,-13.882462630132085,-109.78087581473093,0.0
185,6.1667,-0.0,155.21387846565474,-0.0,-59.48669168242863,0.0,0.0,-124.008636888546,0.0,-41.31972480961233,24.15276540187391,-12.66671975205892,-109.65779445495242,0.0
186,6.2,-0.0,155.30779148512156,-0.0,-59.261300435708264,0.0,0.0,-122.89693629698564,0.0,-41.72327345550543,25.099613166563717,-11.437827135947575,-109.50753362380551,0.0
187,6.2333,-0.0,155.41862731090114,-0.0,-58.995294453837275,0.0,0.0,-121.75578849210893,0.0,-42.10422821277892,26.010068891708798,-10.197060535607722,-109.33019630255819,0.0
188,6.2667,-0.0,155.54630998165487,-0.0,-58.688856044028334,0.0,0.0,-120.58621495575031,0.0,-42.46238278771126,26.882812503548124,-8.94570803162223,-109.12590402935223,0.0
189,6.3,-0.0,155.6907519900581,-0.0,-58.34219522386061,0.0,0.0,-119.3892626146237,0.0,-42.79754323328191,27.7165786072796,-7.685068694148366,-108.89479681590707,0.0
190,6.3333,-0.0,155.8518543427733,-0.0,-57.95554957734411,0.0,0.0,-118.16600290318114,0.0,-43.10952805419699,28.51015832176173,-6.416451234310426,-108.63703305156274,0.0
191,6.3667,-0.0,156.02950662829517,-0.0,-57.52918409209159,0.0,0.0,-116.91753080453414,0.0,-43.39816830517225,29.262401032275438,-5.141172645583785,-108.35278939472772,0.0
192,6.4,-0.0,156.22358709262116,-0.0,-57.06339097770922,0.0,0.0,-115.64496387029531,0.0,-43.66330768241984,29.9722160588056,-3.860556836580625,-108.04226065180615,0.0
193,6.4333,-0.0,156.43396272269553,-0.0,-56.558489465530705,0.0,0.0,-114.34944122021835,0.0,-43.904802608289636,30.63857423742274,-2.5759332566567834,-107.70565964368714,0.0
194,6.4667,-0.0,156.66048933756997,-0.0,-56.01482558983211,0.0,0.0,-113.0321225225316,0.0,-44.12252230901907,31.26050941247233,-1.288635515766904,-107.34321705988808,0.0
195,6.5,-0.0,156.90301168721783,-0.0,-55.4327719506772,0.0,0.0,-111.69418695587788,0.0,-44.31634888554936,31.837119837408142,2.5729962394826185e-14,-106.95518130045147,0.0
196,6.5333,-0.0,157.16136355893497,-0.0,-54.81272745855607,0.0,0.0,-110.33683215379004,0.0,-44.48617737737002,32.367569482238515,1.2886355157668845,-106.54181830570404,0.0
197,6.5667,-0.0,157.4353678912535,-0.0,-54.15511706099164,0.0,0.0,-108.96127313264644,0.0,-44.63191581935678,32.85108924568994,2.575933256656764,-106.10341137399443,0.0
198,6.6,-0.0,157.7248368952908,-0.0,-53.46039145130208,0.0,0.0,-107.56874120406715,0.0,-44.753485291572304,33.28697807033037,3.860556836580606,-105.64026096753472,0.0
199,6.6333,-0.0,158.02957218345085,-0.0,-52.729026759717925,0.0,0.0,-106.160482872723,0.0,-44.850819962002774,33.67460395903545,5.141172645583766,-105.15268450647861,0.0
200,6.6667,-0.0,158.34936490538902,-0.0,-51.96152422706631,0.0,0.0,-104.7377587205452,0.0,-44.92386712220707,34.01340489132396,6.416451234310406,-104.64101615137754,0.0
201,6.7,-0.0,158.6839958911477,-0.0,-51.158409861245524,0.0,0.0,-103.30184227833372,0.0,-44.972587215859306,34.30288963823377,7.685068694148347,-104.10560657416369,0.0
202,6.7333,-0.0,159.03323580136438,-0.0,-50.320234076725455,0.0,0.0,-101.85401888577492,0.0,-44.9969538601693,34.542638474556874,8.945708031622212,-103.54682271781698,0.0
203,6.7667,-0.0,159.3968452844496,-0.0,-49.44757131732095,0.0,0.0,-100.395584540888,0.0,-44.9969538601693,34.73230378740084,10.197060535607703,-102.96504754488063,0.0
204,6.8,-0.0,159.77457514062633,-0.0,-48.54101966249685,0.0,0.0,-98.92784473993184,0.0,-44.972587215859306,34.8716105801942,11.437827135947558,-102.3606797749979,0.0
205,6.8333,-0.0,160.16616649271913,-0.0,-47.60120041747411,0.0,0.0,-97.45211330880872,0.0,-44.92386712220707,34.96035687140528,12.666719752058901,-101.73413361164941,0.0
206,6.8667,-0.0,160.57135096357572,-0.0,-46.62875768741828,0.0,0.0,-95.96971122701224,0.0,-44.85081996200278,34.99841398739605,13.882462630132068,-101.08583845827886,0.0
207,6.9,-0.0,160.98985085999922,-0.0,-45.62435793600185,0.0,0.0,-94.48196544517164,0.0,-44.7534852915723,34.98572674898662,15.083793667532817,-100.41623862400124,0.0
208,6.9333,-0.0,161.42137936306514,-0.0,-44.58868952864364,0.0,0.0,-92.9902076972517,0.0,-44.63191581935678,34.92231355145977,16.26946572303202,-99.72579301909576,0.0
209,6.9667,-0.0,161.8656407246928,-0.0,-43.52246226073727,0.0,0.0,-91.49577330846995,0.0,-44.486177377370026,34.80826633788957,17.4382479115044,-99.01497484049152,0.0
210,7.0,-0.0,162.3223304703363,-0.0,-42.42640687119286,0.0,0.0,-90.00000000000001,0.0,-44.31634888554937,34.643750465832646,18.58892688175072,-98.2842712474619,0.0
211,7.0333,-0.0,162.79113560765614,-0.0,-41.30127454162524,0.0,0.0,-88.50422669153008,0.0,-44.12252230901907,34.429004467575616,19.72030807611749,-97.53418302775016,0.0
212,7.0667,-0.0,163.27173484102852,-0.0,-40.147836381531526,0.0,0.0,-87.00979230274832,0.0,-43.90480260828966,34.16433970428606,20.831216970606462,-96.76522425435435,0.0
213,7.1,-0.0,163.7637987917454,-0.0,-38.966882899811054,0.0,0.0,-85.51803455482838,0.0,-43.66330768241985,33.8501399145685,21.920500294186787,-95.97792193320737,0.0
214,7.1333,-0.0,164.26699022375408,-0.0,-37.75922346299023,0.0,0.0,-84.03028877298777,0.0,-43.39816830517225,33.486860658080246,22.98702722604338,-95.17281564199348,0.0
215,7.1667,-0.0,164.78096427478198,-0.0,-36.52568574052325,0.0,0.0,-82.54788669119131,0.0,-43.109528054197,33.0750286550134,24.02969056951914,-94.35045716034884,0.0
216,7.2,-0.0,165.30536869268818,-0.0,-35.2671151375484,0.0,0.0,-81.07215526006819,0.0,-42.797543233281914,32.61524102240083,25.047407901532544,-93.51141009169893,0.0
217,7.2333,-0.0,165.8398440768792,-0.0,-33.98437421548998,0.0,0.0,-79.60441545911203,0.0,-42.46238278771127,32.108164408353716,26.039122696276156,-92.65624947699331,0.0
218,7.2667,-0.0,166.38402412462432,-0.0,-32.67834210090162,0.0,0.0,-78.14598111422511,0.0,-42.104228212778914,31.55453402548541,27.003805422031036,-91.78556140060108,0.0
219,7.3,-0.0,166.93753588210126,-0.0,-31.34991388295697,0.0,0.0,-76.6981577216663,0.0,-41.72327345550545,30.955152584923518,27.940454609957456,-90.89994258863797,0.0
220,7.3333,-0.0,167.5,-0.0,-30.00000000000003,0.0,0.0,-75.26224127945483,0.0,-41.31972480961233,30.31088913245537,28.84809789375257,-90.00000000000001,0.0
221,7.3667,-0.0,168.0710309935098,-0.0,-28.629525615576526,0.0,0.0,-73.83951712727702,0.0,-40.8938008038104,29.622677788494865,29.725793019095747,-89.08635041038434,0.0
222,7.4,-0.0,168.65023750651133,-0.0,-27.23942998437282,0.0,0.0,-72.43125879593288,0.0,-40.44573208346252,28.8915163936971,30.572628821833916,-88.15961998958187,0.0
223,7.4333,-0.0,169.23722257979261,-0.0,-25.830665808497713,0.0,0.0,-71.03872686735357,0.0,-39.97576128568519,28.1184650621848,31.387726173890872,-87.2204438723318,0.0
224,7.4667,-0.0,169.831583923105,-0.0,-24.40419858454801,0.0,0.0,-69.66316784620997,0.0,-39.484142907956176,27.304644644484227,32.170238895919084,-86.269465723032,0.0
225,7.5,-0.0,170.43291419087274,-0.0,-22.961005941905423,0.0,0.0,-68.30581304412215,0.0,-38.971143170299754,26.451235102399078,32.91935463574623,-85.30733729460361,0.0
226,7.5333,-0.0,171.04080126136748,-0.0,-21.502076972718047,0.0,0.0,-66.96787747746842,0.0,-38.43703987112366,25.559473798178537,33.634295711704866,-84.33471798181203,0.0
227,7.5667,-0.0,171.65482851915573,-0.0,-20.028411554026277,0.0,0.0,-65.65055877978166,0.0,-37.88212223678659,24.630653700460545,34.31431991996906,-83.35227436935085,0.0
228,7.6,-0.0,172.2745751406263,-0.0,-18.541019662496858,0.0,0.0,-64.3550361297047,0.0,-37.30669076497687,23.666121509590706,34.95872130506072,-82.3606797749979,0.0
229,7.6333,-0.0,172.89961638240194,-0.0,-17.040920682235363,0.0,0.0,-63.08246919546588,0.0,-36.711057061987745,22.66727570503559,35.566830892725164,-81.36061378815691,0.0
230,7.6667,-0.0,173.52952387243698,-0.0,-15.52914270615124,0.0,0.0,-61.83399709681889,0.0,-36.09554367397698,21.635564517721196,36.13801738441529,-80.35276180410082,0.0
231,7.7,-0.0,174.16386590360236,-0.0,-14.006721831354312,0.0,0.0,-60.610737385376325,0.0,-35.46048391230248,20.572483830236568,36.6716878126633,-79.3378145542362,0.0
232,7.7333,-0.0,174.80220772955602,-0.0,-12.474701449065591,0.0,0.0,-59.413785044249714,0.0,-34.8062216730284,19.479575007947034,37.167288156659716,-78.3164676327104,0.0
233,7.7667,-0.0,175.4441118626963,-0.0,-10.93413152952887,0.0,0.0,-58.24421150789108,0.0,-34.13311125069911,18.358422664161797,37.624303917400674,-77.28942101968592,0.0
234,7.8,-0.0,176.08913837399422,-0.0,-9.386067902413867,0.0,0.0,-57.103063703014385,0.0,-33.44151714648276,17.210652362596125,38.04226065180614,-76.25737860160925,0.0
235,7.8333,-0.0,176.7368451944987,-0.0,-7.8315715332031015,0.0,0.0,-55.991363111454035,0.0,-32.731813870787185,16.03792826045935,38.42072446525489,-75.22104768880207,0.0
236,7.8667,-0.0,177.38678841830864,-0.0,-6.271707796059259,0.0,0.0,-54.91010485580045,0.0,-32.00438574045621,14.841950695586094,38.75930246202481,-74.18113853070618,0.0
237,7.9,-0.0,178.0385226068039,-0.0,-4.707545743670685,0.0,0.0,-53.8602568086304,0.0,-31.25962667065486,13.624453721108672,39.057643153170886,-73.13836382911379,0.0
238,7.9333,-0.0,178.6916010939264,-0.0,-3.1401573745766087,0.0,0.0,-52.842758726130285,0.0,-30.497939961557947,12.387202591246377,39.315436821417286,-72.09343824971774,0.0
239,7.9667,-0.0,179.34557629230315,-0.0,-1.5706168984724127,0.0,0.0,-51.85852140688669,0.0,-29.71973807995535,11.131991201855135,39.53241584268521,-71.04707793231495,0.0
240,8.0,-0.0,180.0,-0.0,0.0,0.0,0.0,-50.90842587659852,0.0,-28.925442435894283,9.860639489450046,39.708354963922154,-70.00000000000001,0.0
241,8.0333,0.3926542246180986,180.0,-0.0,0.0,1.5706168984723836,0.0,-49.993322599439686,0.0,-28.115483154478195,8.574990792471729,39.843071536944514,-68.95292206768508,0.0
242,8.0667,0.7850393436441436,180.0,-0.0,0.0,3.140157374576619,0.0,-49.11403071677845,0.0,-27.290298842946633,7.276909178621629,39.93642570805066,-67.90656175028228,0.0
243,8.1,1.1768864359176803,180.0,-0.0,0.0,4.70754574367068,0.0,-48.2713373139349,0.0,-26.4503363531613,5.968276742141879,39.988320563207715,-66.86163617088623,0.0
244,8.1333,1.5679269490148044,180.0,-0.0,0.0,6.271707796059187,0.0,-47.46599671563305,0.0,-25.596050539628347,4.65099087495893,39.99870222866112,-65.81886146929388,0.0
245,8.1667,1.957892883300758,180.0,-0.0,0.0,7.831571533203068,0.0,-46.69872981077808,0.0,-24.7279040131863,3.3269615156464245,39.96755992686279,-64.77895231119795,0.0
246,8.2,2.346516975603464,180.0,-0.0,0.0,9.386067902413819,0.0,-45.970223407163125,0.0,-23.84636689049426,1.9981083801969655,39.89492598765965,-63.74262139839081,0.0
247,8.2333,2.7335328823822067,180.0,-0.0,0.0,10.934131529528809,0.0,-45.28112961668318,0.0,-22.951916539455432,0.6663581786172125,39.78087581473094,-62.71057898031414,0.0
248,8.2667,3.1186753622664014,180.0,-0.0,0.0,12.474701449065599,0.0,-44.63206527160675,0.0,-22.045037320713906,-0.6663581786171247,39.625527807309176,-61.68353236728963,0.0
249,8.3,3.501680457838603,180.0,-0.0,0.0,14.006721831354357,0.0,-44.02361137242745,0.0,-21.126220325365086,-1.9981083801968778,39.42904323726603,-60.662185445763775,0.0
250,8.3333,3.882285676537805,180.0,-0.0,0.0,15.529142706151275,0.0,-43.45631256778979,0.0,-20.195963109020774,-3.3269615156463987,39.1916260816907,-59.647238195899156,0.0
251,8.3667,4.260230170558856,180.0,-0.0,0.0,17.040920682235374,0.0,-42.93067666695484,0.0,-19.25476942237443,-4.650990874958905,38.91352281113458,-58.639386211843075,0.0
252,8.4,4.635254915624216,180.0,-0.0,0.0,18.54101966249686,0.0,-42.447174185242325,0.0,-18.303148938411006,-5.968276742141791,38.59502213374206,-57.63932022500211,0.0
253,8.4333,5.00710288850658,180.0,-0.0,0.0,20.028411554026267,0.0,-42.00623792285555,0.0,-17.341616976410183,-7.276909178621544,38.23645469553317,-56.64772563064916,0.0
254,8.4667,5.375519243179497,180.0,-0.0,0.0,21.50207697271802,0.0,-41.608262577466675,0.0,-16.3706942228918,-8.574990792471704,37.838192737149,-55.66528201818799,0.0
255,8.5,5.740251485476335,180.0,-0.0,0.0,22.961005941905388,0.0,-41.25360439090881,0.0,-15.390906449655088,-9.860639489450021,37.40064970741659,-54.6926627053964,0.0
256,8.5333,6.101049646137,180.0,-0.0,0.0,24.40419858454801,0.0,-40.94258083029138,0.0,-14.402784229063725,-11.13199120185511,36.92427983413396,-53.730534276968015,0.0
257,8.5667,6.457666452124414,180.0,-0.0,0.0,25.8306658084977,0.0,-40.675470303823936,0.0,-13.406862646731705,-12.387202591246412,36.409577652521406,-52.779556127668215,0.0
258,8.6,6.809857496093201,180.0,-0.0,0.0,27.23942998437279,0.0,-40.45251191160327,0.0,-12.40368101176499,-13.624453721108704,35.85707749182815,-51.84038001041814,0.0
259,8.6333,7.157381403894135,180.0,-0.0,0.0,28.629525615576483,0.0,-40.27390523158633,0.0,-11.393782564716116,-14.841950695586014,35.26735292062776,-50.9136495896157,0.0
260,8.6667,7.5,180.0,-0.0,0.0,29.99999999999997,0.0,-40.139810140940995,0.0,-10.377714183409859,-16.037928260459324,34.64101615137756,-50.00000000000003,0.0
261,8.7,7.837478470739228,180.0,-0.0,0.0,31.3499138829569,0.0,-40.05034667293427,0.0,-9.356026086799194,-17.2106523625961,33.97871740486087,-49.10005741136207,0.0
262,8.7333,8.169585525225386,180.0,-0.0,0.0,32.67834210090159,0.0,-40.00559490948633,0.0,-8.329271537012193,-18.35842266416178,33.281144235171375,-48.21443859939893,0.0
263,8.7667,8.496093553872498,180.0,-0.0,0.0,33.98437421549,0.0,-40.00559490948633,0.0,-7.298006539750503,-19.479575007947066,32.54902081594076,-47.34375052300667,0.0
264,8.8,8.816778784387111,180.0,-0.0,0.0,35.267115137548416,0.0,-40.05034667293427,0.0,-6.262789543202925,-20.5724838302366,31.783107188550158,-46.48858990830106,0.0
265,8.8333,9.131421435130818,180.0,-0.0,0.0,36.52568574052326,0.0,-40.139810140940995,0.0,-5.224181135635352,-21.63556451772118,30.98419847310618,-45.649542839651176,0.0
266,8.8667,9.439805865747559,180.0,-0.0,0.0,37.75922346299026,0.0,-40.27390523158633,0.0,-4.1827437418226525,-22.66727570503557,30.153124043000684,-44.8271843580065,0.0
267,8.9,9.741720724952756,180.0,-0.0,0.0,38.96688289981103,0.0,-40.45251191160327,0.0,-3.139041318485614,-23.666121509590685,29.290746663910916,-44.022078066792645,0.0
268,8.9333,10.036959095382883,180.0,-0.0,0.0,40.1478363815315,0.0,-40.675470303823936,0.0,-2.0936390488985865,-24.630653700460527,28.397961598134316,-43.23477574564566,0.0
269,8.9667,10.325318635406319,180.0,-0.0,0.0,41.30127454162524,0.0,-40.94258083029138,0.0,-1.0471030368325336,-25.55947379817848,27.475695675187012,-42.465816972249854,0.0
270,9.0,10.606601717798213,180.0,-0.0,0.0,42.426406871192846,0.0,-41.25360439090881,0.0,-1.1021821192326179e-14,-26.45123510239902,26.524906329631825,-41.715728752538105,0.0
271,9.0333,10.880615565184314,180.0,-0.0,0.0,43.52246226073725,0.0,-41.60826257746666,0.0,1.0471030368325116,-27.30464464448421,25.546580607133897,-40.985025159508496,0.0
272,9.0667,11.147172382160903,180.0,-0.0,0.0,44.58868952864365,0.0,-42.006237922855526,0.0,2.093639048898565,-28.118465062184786,24.541734139776405,-40.27420698090425,0.0
273,9.1,11.40608948400046,180.0,-0.0,0.0,45.62435793600184,0.0,-42.44717418524232,0.0,3.139041318485592,-28.89151639369708,23.511410091698934,-39.583761375998776,0.0
274,9.1333,11.657189421854554,180.0,-0.0,0.0,46.628757687418236,0.0,-42.930676666954824,0.0,4.182743741822631,-29.62267778849485,22.456678076155264,-38.91416154172118,0.0
275,9.1667,11.900300104368512,180.0,-0.0,0.0,47.60120041747409,0.0,-43.456312567789794,0.0,5.22418113563533,-30.310889132455355,21.37863304511209,-38.2658663883506,0.0
276,9.2,12.135254915624216,180.0,-0.0,0.0,48.54101966249683,0.0,-44.023611372427425,0.0,6.262789543202904,-30.955152584923482,20.27839415254368,-37.63932022500213,0.0
277,9.2333,12.36189282933023,180.0,-0.0,0.0,49.447571317320914,0.0,-44.63206527160674,0.0,7.298006539750482,-31.5545340254854,19.15710359260125,-37.034952455119395,0.0
278,9.2667,12.580058519181364,180.0,-0.0,0.0,50.32023407672546,0.0,-45.28112961668317,0.0,8.329271537012172,-32.10816440835373,18.015925413863844,-36.453177282183034,0.0
279,9.3,12.78960246531139,180.0,-0.0,0.0,51.15840986124555,0.0,-45.9702234071631,0.0,9.356026086799172,-32.615241022400845,16.856044310901158,-35.894393425836306,0.0
280,9.3333,12.99038105676658,180.0,-0.0,0.0,51.96152422706633,0.0,-46.69872981077809,0.0,10.377714183409838,-33.07502865501341,15.678664394403015,-35.358983848622444,0.0
281,9.3667,13.182256689929488,180.0,-0.0,0.0,52.72902675971793,0.0,-47.465996715633025,0.0,11.393782564716096,-33.486860658080275,14.485007941152633,-34.84731549352138,0.0
282,9.4,13.365097862825507,180.0,-0.0,0.0,53.46039145130207,0.0,-48.27133731393486,0.0,12.40368101176497,-33.8501399145685,13.27631412514112,-34.35973903246529,0.0
283,9.4333,13.53877926524791,180.0,-0.0,0.0,54.155117060991635,0.0,-49.1140307167784,0.0,13.406862646731685,-34.16433970428606,12.05383773113984,-33.89658862600558,0.0
284,9.4667,13.70318186463902,180.0,-0.0,0.0,54.812727458556054,0.0,-49.99332259943969,0.0,14.402784229063704,-34.42900446757562,10.818847852067366,-33.458181694295966,0.0
285,9.5,13.858192987669298,180.0,-0.0,0.0,55.43277195067721,0.0,-50.9084258765985,0.0,15.390906449655064,-34.64375046583264,9.57262657150235,-33.04481869954854,0.0
286,9.5333,14.003706397458018,180.0,-0.0,0.0,56.01482558983211,0.0,-51.858521406886645,0.0,16.37069422289178,-34.80826633788956,8.316467632710435,-32.65678294011194,0.0
287,9.5667,14.139622366382667,180.0,-0.0,0.0,56.5584894655307,0.0,-52.8427587261303,0.0,17.34161697641016,-34.92231355145978,7.051675095566766,-32.29434035631287,0.0
288,9.6,14.265847744427305,180.0,-0.0,0.0,57.06339097770921,0.0,-53.86025680863041,0.0,18.303148938410988,-34.98572674898662,5.7795619827688824,-31.95773934819386,0.0
289,9.6333,14.382296023022889,180.0,-0.0,0.0,57.529184092091576,0.0,-54.9101048558004,0.0,19.25476942237441,-34.99841398739605,4.5014489167442715,-31.647210605272292,0.0
290,9.6667,14.488887394336018,180.0,-0.0,0.0,57.955549577344094,0.0,-55.99136311145398,0.0,20.195963109020756,-34.96035687140528,3.218662748669106,-31.362966948437276,0.0
291,9.7,14.585548805965146,180.0,-0.0,0.0,58.342195223860585,0.0,-57.10306370301436,0.0,21.126220325365065,-34.87161058019421,1.9325351810203029,-31.105203184092943,0.0
292,9.7333,14.672214011007071,180.0,-0.0,0.0,58.68885604402833,0.0,-58.24421150789102,0.0,22.045037320713885,-34.732303787400845,0.6444013850916939,-30.87409597064778,0.0
293,9.7667,14.748823613459308,180.0,-0.0,0.0,58.99529445383728,0.0,-59.41378504424969,0.0,22.951916539455418,-34.542638474556874,-0.6444013850916643,-30.669803697441814,0.0
294,9.8,14.815325108927055,180.0,-0.0,0.0,59.261300435708264,0.0,-60.6107373853764,0.0,23.84636689049424,-34.302889638233765,-1.9325351810203446,-30.492466376194486,0.0
295,9.8333,14.871672920607153,180.0,-0.0,0.0,59.48669168242863,0.0,-61.83399709681886,0.0,24.72790401318628,-34.013404891323965,-3.218662748669006,-30.342205545047584,0.0
296,9.8667,14.91782843052411,180.0,-0.0,0.0,59.67131372209641,0.0,-63.08246919546589,0.0,25.59605053962833,-33.67460395903546,-4.501448916744241,-30.219124185269067,0.0
297,9.9,14.953760005996912,180.0,-0.0,0.0,59.81504002398768,0.0,-64.35503612970467,0.0,26.45033635316128,-33.286978070330385,-5.779561982768854,-30.123306650674884,0.0
298,9.9333,14.979443021318616,180.0,-0.0,0.0,59.91777208527443,0.0,-65.65055877978168,0.0,27.290298842946616,-32.85108924568995,-7.051675095566737,-30.05481860981704,0.0
299,9.9667,14.994859874633363,180.0,-0.0,0.0,59.97943949853344,0.0,-66.96787747746839,0.0,28.11548315447818,-32.36756948223852,-8.316467632710335,-30.01370700097771,0.0
300,10.0,15.0,180.0,-0.0,0.0,60.0,0.0,-68.30581304412208,0.0,28.92544243589426,-31.837119837408142,-9.572626571502322,-30.0,0.0
301,10.0333,14.994859874633363,180.0,-0.0,0.0,59.97943949853344,0.0,-69.66316784620994,0.0,29.719738079955334,-31.26050941247233,-10.818847852067337,-30.01370700097771,0.0
302,10.0667,14.979443021318616,180.0,-0.0,0.0,59.91777208527443,0.0,-71.0387268673535,0.0,30.49793996155793,-30.63857423742277,-12.053837731139811,-30.05481860981704,0.0
303,10.1,14.953760005996912,180.0,-0.0,0.0,59.81504002398768,0.0,-72.43125879593285,0.0,31.259626670654846,-29.972216058805632,-13.276314125141093,-30.123306650674877,0.0
304,10.1333,14.91782843052411,180.0,-0.0,0.0,59.67131372209641,0.0,-73.83951712727696,0.0,32.004385740456165,-29.26240103227547,-14.485007941152672,-30.219124185269067,0.0
305,10.1667,14.871672920607153,180.0,-0.0,0.0,59.48669168242863,0.0,-75.2622412794548,0.0,32.73181387078717,-28.510158321761757,-15.678664394402988,-30.342205545047577,0.0
306,10.2,14.815325108927055,180.0,-0.0,0.0,59.26130043570827,0.0,-76.69815772166615,0.0,33.44151714648272,-27.716578607279672,-16.85604431090113,-30.492466376194486,0.0
307,10.2333,14.748823613459308,180.0,-0.0,0.0,58.99529445383728,0.0,-78.14598111422508,0.0,34.133111250699066,-26.88281250354816,-18.01592541386382,-30.669803697441807,0.0
308,10.2667,14.672214011007071,180.0,-0.0,0.0,58.68885604402833,0.0,-79.60441545911205,0.0,34.80622167302839,-26.01006889170875,-19.157103592601285,-30.87409597064778,0.0
309,10.3,14.585548805965146,180.0,-0.0,0.0,58.342195223860585,0.0,-81.07215526006824,0.0,35.460483912302514,-25.09961316656367,-20.278394152543655,-31.105203184092943,0.0
310,10.3333,14.488887394336018,180.0,-0.0,0.0,57.955549577344094,0.0,-82.54788669119122,0.0,36.09554367397697,-24.15276540187395,-21.378633045112004,-31.36296694843726,0.0
311,10.3667,14.382296023022889,180.0,-0.0,0.0,57.529184092091576,0.0,-84.03028877298779,0.0,36.71105706198773,-23.17089843637867,-22.45667807615524,-31.64721060527227,0.0
312,10.4,14.265847744427305,180.0,-0.0,0.0,57.06339097770921,0.0,-85.5180345548283,0.0,37.30669076497686,-22.15543588331048,-23.511410091698913,-31.957739348193854,0.0
313,10.4333,14.139622366382667,180.0,-0.0,0.0,56.5584894655307,0.0,-87.00979230274824,0.0,37.882122236786586,-21.10785006629215,-24.541734139776324,-32.294340356312865,0.0
314,10.4667,14.003706397458018,180.0,-0.0,0.0,56.01482558983211,0.0,-88.50422669153009,0.0,38.437039871123645,-20.029659884608147,-25.54658060713393,-32.65678294011193,0.0
315,10.5,13.858192987669298,180.0,-0.0,0.0,55.43277195067721,0.0,-89.99999999999999,0.0,38.97114317029975,-18.922428610945918,-26.524906329631804,-33.04481869954853,0.0
316,10.5333,13.70318186463902,180.0,-0.0,0.0,54.81272745855606,0.0,-91.49577330846996,0.0,39.48414290795619,-17.787761624799916,-27.475695675187044,-33.45818169429597,0.0
317,10.5667,13.53877926524791,180.0,-0.0,0.0,54.15511706099164,0.0,-92.99020769725163,0.0,39.97576128568516,-16.627304084824868,-28.397961598134298,-33.89658862600555,0.0
318,10.6,13.365097862825507,180.0,-0.0,0.0,53.46039145130209,0.0,-94.48196544517157,0.0,40.44573208346249,-15.442738543512785,-29.290746663910898,-34.359739032465264,0.0
319,10.6333,13.182256689929488,180.0,-0.0,0.0,52.72902675971794,0.0,-95.96971122701217,0.0,40.89380080381038,-14.235782507653042,-30.153124043000616,-34.847315493521364,0.0
320,10.6667,12.99038105676658,180.0,-0.0,0.0,51.961524227066334,0.0,-97.45211330880865,0.0,41.31972480961232,-13.00818594811149,-30.98419847310616,-35.35898384862244,0.0
321,10.7,12.78960246531139,180.0,-0.0,0.0,51.15840986124555,0.0,-98.92784473993181,0.0,41.72327345550542,-11.761728762540075,-31.78310718855014,-35.8943934258363,0.0
322,10.7333,12.580058519181364,180.0,-0.0,0.0,50.32023407672547,0.0,-100.39558454088792,0.0,42.1042282127789,-10.498218194695387,-32.54902081594078,-36.45317728218303,0.0
323,10.7667,12.36189282933023,180.0,-0.0,0.0,49.447571317320914,0.0,-101.85401888577489,0.0,42.462382787711256,-9.21948621410799,-33.28114423517136,-37.03495245511937,0.0
324,10.8,12.135254915624216,180.0,-0.0,0.0,48.541019662496836,0.0,-103.30184227833374,0.0,42.79754323328191,-7.927386859901754,-33.97871740486082,-37.639320225002095,0.0
325,10.8333,11.900300104368512,180.0,-0.0,0.0,47.60120041747409,0.0,-104.73775872054516,0.0,43.10952805419699,-6.62379355261435,-34.64101615137755,-38.26586638835059,0.0
326,10.8667,11.657189421854554,180.0,-0.0,0.0,46.62875768741825,0.0,-106.16048287272301,0.0,43.39816830517225,-5.310596377916593,-35.26735292062775,-38.914161541721164,0.0
327,10.9,11.40608948400046,180.0,-0.0,0.0,45.62435793600184,0.0,-107.56874120406712,0.0,43.66330768241984,-3.9896993461688997,-35.85707749182817,-39.58376137599877,0.0
328,10.9333,11.147172382160903,180.0,-0.0,0.0,44.588689528643656,0.0,-108.96127313264645,0.0,43.90480260828965,-2.6630176317882976,-36.40957765252139,-40.27420698090424,0.0
329,10.9667,10.880615565184314,180.0,-0.0,0.0,43.52246226073725,0.0,-110.33683215379003,0.0,44.12252230901907,-1.332474796428611,-36.924279834133955,-40.9850251595085,0.0
330,11.0,10.606601717798213,180.0,-0.0,0.0,42.42640687119285,0.0,-111.69418695587781,0.0,44.31634888554935,-7.931754456707171e-14,-37.400649707416555,-41.71572875253807,0.0
331,11.0333,10.325318635406319,180.0,-0.0,0.0,41.301274541625254,0.0,-113.03212252253157,0.0,44.48617737737002,1.3324747964285766,-37.838192737148994,-42.46581697224981,0.0
332,11.0667,10.036959095382883,180.0,-0.0,0.0,40.1478363815315,0.0,-114.3494412202183,0.0,44.63191581935677,2.663017631788264,-38.23645469553314,-43.23477574564564,0.0
333,11.1,9.741720724952756,180.0,-0.0,0.0,38.96688289981105,0.0,-115.64496387029529,0.0,44.7534852915723,3.989699346168865,-38.595022133742056,-44.02207806679263,0.0
334,11.1333,9.439805865747559,180.0,-0.0,0.0,37.75922346299026,0.0,-116.91753080453408,0.0,44.850819962002774,5.310596377916558,-38.91352281113457,-44.827184358006484,0.0
335,11.1667,9.131421435130818,180.0,-0.0,0.0,36.52568574052327,0.0,-118.16600290318111,0.0,44.92386712220707,6.623793552614316,-39.1916260816907,-45.64954283965116,0.0
336,11.2,8.816778784387111,180.0,-0.0,0.0,35.267115137548416,0.0,-119.38926261462365,0.0,44.972587215859306,7.92738685990172,-39.429043237266036,-46.488589908301066,0.0
337,11.2333,8.496093553872498,180.0,-0.0,0.0,33.98437421549001,0.0,-120.58621495575028,0.0,44.9969538601693,9.219486214107958,-39.62552780730917,-47.34375052300668,0.0
338,11.2667,8.169585525225386,180.0,-0.0,0.0,32.67834210090159,0.0,-121.75578849210895,0.0,44.9969538601693,10.498218194695353,-39.78087581473093,-48.21443859939892,0.0
339,11.3,7.837478470739228,180.0,-0.0,0.0,31.349913882956916,0.0,-122.89693629698561,0.0,44.972587215859306,11.761728762540043,-39.89492598765965,-49.100057411362044,0.0
340,11.3333,7.5,180.0,-0.0,0.0,29.99999999999997,0.0,-124.008636888546,0.0,44.92386712220707,13.008185948111459,-39.96755992686278,-50.00000000000001,0.0
341,11.3667,7.157381403894135,180.0,-0.0,0.0,28.629525615576494,0.0,-125.08989514419957,0.0,44.850819962002774,14.23578250765301,-39.99870222866112,-50.91364958961567,0.0
342,11.4,6.809857496093201,180.0,-0.0,0.0,27.239429984372787,0.0,-126.13974319136963,0.0,44.7534852915723,15.442738543512755,-39.988320563207715,-51.840380010418144,0.0
343,11.4333,6.457666452124414,180.0,-0.0,0.0,25.830665808497706,0.0,-127.15724127386974,0.0,44.63191581935677,16.627304084824836,-39.93642570805067,-52.779556127668215,0.0
344,11.4667,6.101049646137,180.0,-0.0,0.0,24.404198584548002,0.0,-128.14147859311328,0.0,44.486177377370026,17.787761624799884,-39.843071536944514,-53.73053427696796,0.0
345,11.5,5.740251485476335,180.0,-0.0,0.0,22.961005941905395,0.0,-129.09157412340147,0.0,44.31634888554937,18.92242861094589,-39.70835496392216,-54.69266270539638,0.0
346,11.5333,5.375519243179497,180.0,-0.0,0.0,21.50207697271804,0.0,-130.00667740056028,0.0,44.122522309019075,20.02965988460812,-39.532415842685225,-55.665282018187966,0.0
347,11.5667,5.00710288850658,180.0,-0.0,0.0,20.02841155402627,0.0,-130.88596928322158,0.0,43.90480260828966,21.107850066292123,-39.315436821417286,-56.64772563064915,0.0
348,11.6,4.635254915624216,180.0,-0.0,0.0,18.541019662496875,0.0,-131.72866268606512,0.0,43.663307682419834,22.15543588331046,-39.057643153170886,-57.63932022500209,0.0
349,11.6333,4.260230170558856,180.0,-0.0,0.0,17.04092068223538,0.0,-132.53400328436695,0.0,43.39816830517225,23.17089843637865,-38.75930246202482,-58.63938621184309,0.0
350,11.6667,3.8822856765378333,180.0,-0.0,0.0,15.529142706151287,0.0,-133.30127018922195,0.0,43.109528054197,24.152765401873925,-38.42072446525489,-59.64723819589917,0.0
351,11.7,3.501680457838603,180.0,-0.0,0.0,14.006721831354357,0.0,-134.02977659283687,0.0,42.79754323328194,25.099613166563646,-38.042260651806174,-60.66218544576372,0.0
352,11.7333,3.1186753622664014,180.0,-0.0,0.0,12.474701449065611,0.0,-134.7188703833168,0.0,42.46238278771127,26.010068891708727,-37.624303917400724,-61.683532367289565,0.0
353,11.7667,2.7335328823822067,180.0,-0.0,0.0,10.934131529528809,0.0,-135.36793472839324,0.0,42.1042282127789,26.882812503548138,-37.16728815665972,-62.71057898031412,0.0
354,11.8,2.346516975603464,180.0,-0.0,0.0,9.386067902413831,0.0,-135.97638862757256,0.0,41.72327345550542,27.71657860727965,-36.6716878126633,-63.74262139839079,0.0
355,11.8333,1.957892883300758,180.0,-0.0,0.0,7.831571533203068,0.0,-136.54368743221022,0.0,41.319724809612325,28.51015832176178,-36.13801738441527,-64.77895231119797,0.0
356,11.8667,1.5679269490148044,180.0,-0.0,0.0,6.271707796059197,0.0,-137.06932333304516,0.0,40.89380080381039,29.262401032275484,-35.56683089272516,-65.81886146929389,0.0
357,11.9,1.1768864359176803,180.0,-0.0,0.0,4.707545743670678,0.0,-137.55282581475768,0.0,40.44573208346252,29.972216058805582,-34.95872130506075,-66.86163617088617,0.0
358,11.9333,0.7850393436441436,180.0,-0.0,0.0,3.1401573745766282,0.0,-137.99376207714442,0.0,39.97576128568519,30.638574237422723,-34.31431991996907,-67.90656175028222,0.0
359,11.9667,0.3926542246180986,180.0,-0.0,0.0,1.5706168984723787,0.0,-138.3917374225333,0.0,39.4841429079562,31.260509412472313,-33.63429571170491,-68.95292206768505,0.0
360,12.0,-0.0,180.0,-0.0,0.0,7.34788079488412e-15,0.0,-138.74639560909117,0.0,38.97114317029976,31.837119837408125,-32.919354635746245,-69.99999999999999,0.0
361,12.0333,-0.3926542246180986,180.0,-0.0,0.0,-1.5706168984723639,0.0,-139.05741916970862,0.0,38.43703987112364,32.36756948223851,-32.17023889591908,-71.04707793231492,0.0
362,12.0667,-0.7850393436441436,180.0,-0.0,0.0,-3.140157374576614,0.0,-139.32452969617606,0.0,37.88212223678658,32.85108924568994,-31.38772617389089,-72.09343824971775,0.0
363,12.1,-1.1768864359176519,180.0,-0.0,0.0,-4.7075457436706625,0.0,-139.54748808839673,0.0,37.30669076497687,33.28697807033037,-30.572628821833913,-73.1383638291138,0.0
364,12.1333,-1.5679269490148044,180.0,-0.0,0.0,-6.271707796059183,0.0,-139.72609476841365,0.0,36.711057061987795,33.67460395903543,-29.725793019095814,-74.18113853070608,0.0
365,12.1667,-1.957892883300758,180.0,-0.0,0.0,-7.831571533203053,0.0,-139.860189859059,0.0,36.095543673976984,34.013404891323944,-28.84809789375264,-75.221047688802,0.0
366,12.2,-2.346516975603464,180.0,-0.0,0.0,-9.386067902413819,0.0,-139.94965332706573,0.0,35.46048391230251,34.30288963823376,-27.940454609957506,-76.25737860160919,0.0
367,12.2333,-2.7335328823822067,180.0,-0.0,0.0,-10.934131529528797,0.0,-139.99440509051368,0.0,34.8062216730284,34.542638474556874,-27.003805422031085,-77.28942101968586,0.0
368,12.2667,-3.1186753622664014,180.0,-0.0,0.0,-12.474701449065595,0.0,-139.99440509051368,0.0,34.13311125069909,34.73230378740084,-26.0391226962761,-78.3164676327104,0.0
369,12.3,-3.5016804578385745,180.0,-0.0,0.0,-14.006721831354344,0.0,-139.94965332706573,0.0,33.44151714648273,34.8716105801942,-25.047407901532512,-79.33781455423625,0.0
370,12.3333,-3.882285676537805,180.0,-0.0,0.0,-15.529142706151271,0.0,-139.860189859059,0.0,32.73181387078719,34.96035687140528,-24.029690569519193,-80.35276180410081,0.0
371,12.3667,-4.2602301705588275,180.0,-0.0,0.0,-17.040920682235367,0.0,-139.72609476841367,0.0,32.004385740456186,34.99841398739605,-22.987027226043345,-81.36061378815688,0.0
372,12.4,-4.635254915624216,180.0,-0.0,0.0,-18.541019662496865,0.0,-139.54748808839673,0.0,31.259626670654896,34.98572674898662,-21.92050029418681,-82.36067977499788,0.0
373,12.4333,-5.007102888506552,180.0,-0.0,0.0,-20.028411554026256,0.0,-139.32452969617609,0.0,30.497939961557982,34.92231355145978,-20.831216970606516,-83.35227436935082,0.0
374,12.4667,-5.375519243179497,180.0,-0.0,0.0,-21.502076972718026,0.0,-139.05741916970862,0.0,29.719738079955324,34.80826633788956,-19.720308076117487,-84.334717981812,0.0
375,12.5,-5.740251485476335,180.0,-0.0,0.0,-22.96100594190538,0.0,-138.7463956090912,0.0,28.925442435894258,34.643750465832646,-18.588926881750744,-85.3073372946036,0.0
376,12.5333,-6.101049646137,180.0,-0.0,0.0,-24.404198584547988,0.0,-138.3917374225333,0.0,28.1154831544782,34.42900446757562,-17.438247911504426,-86.26946572303201,0.0
377,12.5667,-6.457666452124414,180.0,-0.0,0.0,-25.83066580849769,0.0,-137.99376207714448,0.0,27.29029884294667,34.16433970428607,-16.26946572303205,-87.22044387233176,0.0
378,12.6,-6.809857496093201,180.0,-0.0,0.0,-27.239429984372777,0.0,-137.5528258147577,0.0,26.4503363531613,33.85013991456852,-15.083793667532877,-88.15961998958183,0.0
379,12.6333,-7.157381403894107,180.0,-0.0,0.0,-28.62952561557648,0.0,-137.0693233330452,0.0,25.59605053962835,33.48686065808028,-13.882462630132196,-89.0863504103843,0.0
380,12.6667,-7.5,180.0,-0.0,0.0,-29.999999999999964,0.0,-136.54368743221025,0.0,24.727904013186304,33.075028655013426,-12.666719752058931,-89.99999999999997,0.0
381,12.7,-7.837478470739228,180.0,-0.0,0.0,-31.3499138829569,0.0,-135.97638862757253,0.0,23.846366890494266,32.61524102240086,-11.43782713594762,-90.89994258863793,0.0
382,12.7333,-8.169585525225386,180.0,-0.0,0.0,-32.67834210090158,0.0,-135.36793472839327,0.0,22.95191653945544,32.108164408353744,-10.197060535607731,-91.78556140060107,0.0
383,12.7667,-8.496093553872498,180.0,-0.0,0.0,-33.98437421548999,0.0,-134.71887038331684,0.0,22.04503732071391,31.55453402548544,-8.94570803162224,-92.6562494769933,0.0
384,12.8,-8.816778784387111,180.0,-0.0,0.0,-35.2671151375484,0.0,-134.02977659283692,0.0,21.12622032536509,30.955152584923525,-7.6850686941483755,-93.5114100916989,0.0
385,12.8333,-9.131421435130818,180.0,-0.0,0.0,-36.52568574052326,0.0,-133.30127018922195,0.0,20.195963109020816,30.310889132455372,-6.4164512343104,-94.35045716034881,0.0
386,12.8667,-9.439805865747559,180.0,-0.0,0.0,-37.759223462990256,0.0,-132.53400328436697,0.0,19.254769422374473,29.62267778849487,-5.1411726455837945,-95.1728156419935,0.0
387,12.9,-9.741720724952756,180.0,-0.0,0.0,-38.96688289981103,0.0,-131.72866268606515,0.0,18.303148938410974,28.891516393697103,-3.860556836580635,-95.97792193320734,0.0
388,12.9333,-10.036959095382883,180.0,-0.0,0.0,-40.14783638153149,0.0,-130.88596928322156,0.0,17.34161697641015,28.118465062184804,-2.5759332566567577,-96.76522425435434,0.0
389,12.9667,-10.325318635406319,180.0,-0.0,0.0,-41.30127454162525,0.0,-130.0066774005603,0.0,16.370694222891803,27.30464464448423,-1.2886355157669138,-97.53418302775017,0.0
390,13.0,-10.606601717798213,180.0,-0.0,0.0,-42.426406871192846,0.0,-129.09157412340144,0.0,15.390906449655093,26.451235102399043,5.145992478965237e-14,-98.28427124746192,0.0
391,13.0333,-10.880615565184314,180.0,-0.0,0.0,-43.522462260737235,0.0,-128.14147859311336,0.0,14.402784229063728,25.559473798178548,1.2886355157668747,-99.01497484049148,0.0
392,13.0667,-11.147172382160903,180.0,-0.0,0.0,-44.58868952864364,0.0,-127.15724127386977,0.0,13.40686264673171,24.630653700460552,2.575933256656719,-99.72579301909575,0.0
393,13.1,-11.40608948400046,180.0,-0.0,0.0,-45.624357936001836,0.0,-126.1397431913696,0.0,12.403681011764995,23.666121509590713,3.860556836580596,-100.41623862400121,0.0
394,13.1333,-11.657189421854554,180.0,-0.0,0.0,-46.628757687418236,0.0,-125.0898951441996,0.0,11.393782564716124,22.667275705035596,5.141172645583756,-101.08583845827881,0.0
395,13.1667,-11.900300104368512,180.0,-0.0,0.0,-47.6012004174741,0.0,-124.00863688854596,0.0,10.377714183409864,21.635564517721203,6.416451234310361,-101.7341336116494,0.0
396,13.2,-12.135254915624216,180.0,-0.0,0.0,-48.54101966249681,0.0,-122.89693629698564,0.0,9.35602608679916,20.572483830236575,7.685068694148337,-102.36067977499789,0.0
397,13.2333,-12.36189282933023,180.0,-0.0,0.0,-49.44757131732091,0.0,-121.75578849210898,0.0,8.32927153701216,19.47957500794704,8.945708031622202,-102.96504754488062,0.0
398,13.2667,-12.580058519181364,180.0,-0.0,0.0,-50.32023407672544,0.0,-120.58621495575031,0.0,7.298006539750547,18.358422664161807,10.197060535607694,-103.54682271781695,0.0
399,13.3,-12.78960246531139,180.0,-0.0,0.0,-51.158409861245545,0.0,-119.38926261462368,0.0,6.262789543202969,17.210652362596132,11.437827135947582,-104.10560657416369,0.0
400,13.3333,-12.99038105676658,180.0,-0.0,0.0,-51.96152422706633,0.0,-118.16600290318107,0.0,5.224181135635318,16.037928260459356,12.666719752058892,-104.64101615137756,0.0
401,13.3667,-13.182256689929488,180.0,-0.0,0.0,-52.72902675971794,0.0,-116.91753080453411,0.0,4.182743741822618,14.841950695586045,13.88246263013216,-105.15268450647862,0.0
402,13.4,-13.365097862825507,180.0,-0.0,0.0,-53.460391451302065,0.0,-115.64496387029524,0.0,3.1390413184856194,13.62445372110868,15.083793667532838,-105.64026096753472,0.0
403,13.4333,-13.53877926524791,180.0,-0.0,0.0,-54.155117060991635,0.0,-114.34944122021832,0.0,2.0936390488985923,12.387202591246387,16.26946572303201,-106.10341137399443,0.0
404,13.4667,-13.70318186463902,180.0,-0.0,0.0,-54.81272745855606,0.0,-113.0321225225317,0.0,1.0471030368325391,11.131991201855143,17.43824791150439,-106.54181830570403,0.0
405,13.5,-13.858192987669298,180.0,-0.0,0.0,-55.43277195067719,0.0,-111.69418695587792,0.0,1.6532731788489267e-14,9.860639489450055,18.58892688175071,-106.95518130045146,0.0
406,13.5333,-14.003706397458018,180.0,-0.0,0.0,-56.0148255898321,0.0,-110.33683215379006,0.0,-1.047103036832506,8.574990792471738,19.72030807611745,-107.34321705988806,0.0
407,13.5667,-14.139622366382667,180.0,-0.0,0.0,-56.5584894655307,0.0,-108.96127313264641,0.0,-2.093639048898559,7.276909178621577,20.831216970606484,-107.70565964368713,0.0
408,13.6,-14.265847744427305,180.0,-0.0,0.0,-57.06339097770921,0.0,-107.56874120406715,0.0,-3.139041318485587,5.968276742141826,21.920500294186777,-108.04226065180615,0.0
409,13.6333,-14.382296023022889,180.0,-0.0,0.0,-57.52918409209157,0.0,-106.16048287272305,0.0,-4.182743741822665,4.650990874958877,22.987027226043317,-108.35278939472772,0.0
410,13.6667,-14.488887394336018,180.0,-0.0,0.0,-57.95554957734409,0.0,-104.7377587205452,0.0,-5.224181135635364,3.326961515646371,24.02969056951916,-108.63703305156272,0.0
411,13.7,-14.585548805965146,180.0,-0.0,0.0,-58.342195223860585,0.0,-103.30184227833387,0.0,-6.262789543202858,1.9981083801969741,25.04740790153248,-108.89479681590706,0.0
412,13.7333,-14.672214011007071,180.0,-0.0,0.0,-58.688856044028334,0.0,-101.85401888577493,0.0,-7.298006539750436,0.6663581786172211,26.039122696276067,-109.12590402935221,0.0
413,13.7667,-14.748823613459308,180.0,-0.0,0.0,-58.99529445383728,0.0,-100.39558454088797,0.0,-8.329271537012206,-0.6663581786171783,27.003805422031057,-109.33019630255819,0.0
414,13.8,-14.815325108927055,180.0,-0.0,0.0,-59.26130043570827,0.0,-98.92784473993177,0.0,-9.356026086799206,-1.9981083801969313,27.940454609957474,-109.50753362380551,0.0
415,13.8333,-14.871672920607153,180.0,-0.0,0.0,-59.48669168242862,0.0,-97.45211330880869,0.0,-10.377714183409832,-3.3269615156464525,28.848097893752612,-109.65779445495242,0.0
416,13.8667,-14.91782843052411,180.0,-0.0,0.0,-59.67131372209641,0.0,-95.96971122701221,0.0,-11.39378256471609,-4.650990874958958,29.72579301909579,-109.78087581473093,0.0
417,13.9,-14.953760005996912,180.0,-0.0,0.0,-59.81504002398768,0.0,-94.4819654451717,0.0,-12.403681011764965,-5.968276742141784,30.57262882183389,-109.87669334932511,0.0
418,13.9333,-14.979443021318616,180.0,-0.0,0.0,-59.917772085274436,0.0,-92.99020769725176,0.0,-13.40686264673168,-7.276909178621535,31.38772617389087,-109.94518139018295,0.0
419,13.9667,-14.994859874633363,180.0,-0.0,0.0,-59.97943949853344,0.0,-91.49577330846992,0.0,-14.4027842290637,-8.574990792471695,32.170238895919056,-109.98629299902228,0.0
420,14.0,-15.0,180.0,-0.0,0.0,-60.0,0.0,-90.00000000000003,0.0,-15.39090644965506,-9.860639489450014,32.919354635746224,-110.0,0.0
421,14.0333,-14.994859874633363,180.0,-0.0,0.0,-59.97943949853344,0.0,-88.50422669153014,0.0,-16.370694222891775,-11.131991201855161,33.63429571170488,-109.98629299902228,0.0
422,14.0667,-14.979443021318616,180.0,-0.0,0.0,-59.917772085274436,0.0,-87.00979230274828,0.0,-17.34161697641019,-12.387202591246462,34.31431991996905,-109.94518139018295,0.0
423,14.1,-14.953760005996912,180.0,-0.0,0.0,-59.815040023987684,0.0,-85.51803455482835,0.0,-18.303148938411017,-13.624453721108756,34.958721305060735,-109.87669334932511,0.0
424,14.1333,-14.91782843052411,180.0,-0.0,0.0,-59.67131372209641,0.0,-84.03028877298783,0.0,-19.25476942237437,-14.841950695586007,35.566830892725136,-109.78087581473093,0.0
425,14.1667,-14.871672920607153,180.0,-0.0,0.0,-59.48669168242863,0.0,-82.54788669119137,0.0,-20.195963109020713,-16.037928260459317,36.13801738441526,-109.65779445495242,0.0
426,14.2,-14.815325108927055,180.0,-0.0,0.0,-59.26130043570827,0.0,-81.07215526006829,0.0,-21.12622032536506,-17.210652362596093,36.67168781266328,-109.50753362380551,0.0
427,14.2333,-14.748823613459308,180.0,-0.0,0.0,-58.99529445383728,0.0,-79.60441545911209,0.0,-22.04503732071388,-18.358422664161772,37.16728815665971,-109.33019630255819,0.0
428,14.2667,-14.672214011007071,180.0,-0.0,0.0,-58.688856044028334,0.0,-78.14598111422512,0.0,-22.951916539455414,-19.479575007947112,37.62430391740071,-109.12590402935223,0.0
429,14.3,-14.585548805965146,180.0,-0.0,0.0,-58.34219522386059,0.0,-76.69815772166618,0.0,-23.84636689049424,-20.572483830236642,38.04226065180616,-108.89479681590706,0.0
430,14.3333,-14.488887394336018,180.0,-0.0,0.0,-57.955549577344094,0.0,-75.26224127945484,0.0,-24.727904013186276,-21.635564517721168,38.42072446525488,-108.63703305156274,0.0
431,14.3667,-14.382296023022889,180.0,-0.0,0.0,-57.529184092091576,0.0,-73.83951712727699,0.0,-25.596050539628326,-22.667275705035564,38.759302462024806,-108.35278939472772,0.0
432,14.4,-14.265847744427305,180.0,-0.0,0.0,-57.06339097770922,0.0,-72.43125879593289,0.0,-26.450336353161276,-23.666121509590678,39.05764315317088,-108.04226065180615,0.0
433,14.4333,-14.139622366382667,180.0,-0.0,0.0,-56.558489465530705,0.0,-71.03872686735363,0.0,-27.29029884294658,-24.63065370046052,39.31543682141728,-107.70565964368714,0.0
434,14.4667,-14.003706397458018,180.0,-0.0,0.0,-56.01482558983211,0.0,-69.66316784620999,0.0,-28.115483154478174,-25.559473798178516,39.53241584268522,-107.34321705988808,0.0
435,14.5,-13.858192987669298,180.0,-0.0,0.0,-55.4327719506772,0.0,-68.30581304412212,0.0,-28.92544243589429,-26.451235102399053,39.70835496392216,-106.95518130045147,0.0
436,14.5333,-13.70318186463902,180.0,-0.0,0.0,-54.81272745855607,0.0,-66.96787747746836,0.0,-29.71973807995536,-27.30464464448424,39.843071536944514,-106.54181830570403,0.0
437,14.5667,-13.53877926524791,180.0,-0.0,0.0,-54.15511706099164,0.0,-65.6505587797817,0.0,-30.497939961557897,-28.118465062184743,39.93642570805066,-106.10341137399445,0.0
438,14.6,-13.365097862825507,180.0,-0.0,0.0,-53.46039145130208,0.0,-64.35503612970479,0.0,-31.25962667065481,-28.891516393697042,39.988320563207715,-105.64026096753474,0.0
439,14.6333,-13.182256689929488,180.0,-0.0,0.0,-52.72902675971795,0.0,-63.082469195465926,0.0,-32.00438574045616,-29.622677788494816,39.99870222866112,-105.15268450647864,0.0
440,14.6667,-12.99038105676658,180.0,-0.0,0.0,-51.96152422706634,0.0,-61.83399709681897,0.0,-32.73181387078717,-30.31088913245532,39.96755992686279,-104.64101615137756,0.0
441,14.7,-12.78960246531139,180.0,-0.0,0.0,-51.15840986124555,0.0,-60.61073738537637,0.0,-33.44151714648271,-30.955152584923475,39.89492598765965,-104.10560657416372,0.0
442,14.7333,-12.580058519181364,180.0,-0.0,0.0,-50.320234076725455,0.0,-59.41378504424972,0.0,-34.133111250699066,-31.554534025485395,39.78087581473094,-103.54682271781698,0.0
443,14.7667,-12.36189282933023,180.0,-0.0,0.0,-49.44757131732092,0.0,-58.244211507891066,0.0,-34.80622167302839,-32.1081644083537,39.625527807309176,-102.96504754488063,0.0
444,14.8,-12.135254915624216,180.0,-0.0,0.0,-48.54101966249682,0.0,-57.103063703014385,0.0,-35.460483912302486,-32.61524102240082,39.42904323726604,-102.3606797749979,0.0
445,14.8333,-11.90030010436854,180.0,-0.0,0.0,-47.60120041747411,0.0,-55.99136311145407,0.0,-36.09554367397696,-33.07502865501339,39.19162608169071,-101.73413361164941,0.0
446,14.8667,-11.657189421854554,180.0,-0.0,0.0,-46.62875768741825,0.0,-54.91010485580043,0.0,-36.71105706198773,-33.48686065808025,38.913522811134584,-101.08583845827884,0.0
447,14.9,-11.40608948400046,180.0,-0.0,0.0,-45.62435793600185,0.0,-53.86025680863044,0.0,-37.30669076497686,-33.850139914568494,38.59502213374207,-100.41623862400124,0.0
448,14.9333,-11.147172382160903,180.0,-0.0,0.0,-44.58868952864364,0.0,-52.84275872613026,0.0,-37.88212223678661,-34.16433970428605,38.236454695533155,-99.72579301909576,0.0
449,14.9667,-10.880615565184314,180.0,-0.0,0.0,-43.52246226073727,0.0,-51.85852140688667,0.0,-38.437039871123666,-34.42900446757562,37.83819273714901,-99.0149748404915,0.0
450,15.0,-10.606601717798213,180.0,-0.0,0.0,-42.42640687119286,0.0,-50.908425876598585,0.0,-38.971143170299705,-34.64375046583263,37.400649707416626,-98.28427124746193,0.0
451,15.0333,-10.325318635406319,180.0,-0.0,0.0,-41.30127454162524,0.0,-49.99332259943972,0.0,-39.48414290795615,-34.808266337889556,36.92427983413397,-97.53418302775019,0.0
452,15.0667,-10.036959095382883,180.0,-0.0,0.0,-40.147836381531526,0.0,-49.11403071677848,0.0,-39.975761285685174,-34.92231355145977,36.409577652521406,-96.76522425435437,0.0
453,15.1,-9.741720724952756,180.0,-0.0,0.0,-38.966882899811054,0.0,-48.271337313934886,0.0,-40.4457320834625,-34.98572674898662,35.857077491828186,-95.97792193320737,0.0
454,15.1333,-9.439805865747559,180.0,-0.0,0.0,-37.75922346299027,0.0,-47.46599671563305,0.0,-40.89380080381038,-34.99841398739605,35.267352920627765,-95.17281564199352,0.0
455,15.1667,-9.131421435130818,180.0,-0.0,0.0,-36.52568574052325,0.0,-46.69872981077806,0.0,-41.31972480961231,-34.96035687140528,34.64101615137757,-94.35045716034884,0.0
456,15.2,-8.816778784387111,180.0,-0.0,0.0,-35.267115137548444,0.0,-45.97022340716311,0.0,-41.72327345550544,-34.87161058019421,33.97871740486084,-93.51141009169893,0.0
457,15.2333,-8.496093553872498,180.0,-0.0,0.0,-33.984374215490014,0.0,-45.28112961668318,0.0,-42.104228212778914,-34.732303787400845,33.28114423517138,-92.65624947699332,0.0
458,15.2667,-8.169585525225415,180.0,-0.0,0.0,-32.67834210090162,0.0,-44.632065271606756,0.0,-42.462382787711256,-34.54263847455689,32.5490208159408,-91.7855614006011,0.0
459,15.3,-7.837478470739228,180.0,-0.0,0.0,-31.349913882956923,0.0,-44.023611372427474,0.0,-42.79754323328191,-34.30288963823378,31.78310718855016,-90.89994258863796,0.0
460,15.3333,-7.5,180.0,-0.0,0.0,-29.99999999999998,0.0,-43.45631256778978,0.0,-43.10952805419699,-34.01340489132397,30.98419847310619,-90.0,0.0
461,15.3667,-7.157381403894107,180.0,-0.0,0.0,-28.629525615576476,0.0,-42.93067666695484,0.0,-43.39816830517226,-33.67460395903546,30.153124043000645,-89.08635041038433,0.0
462,15.4,-6.809857496093201,180.0,-0.0,0.0,-27.23942998437282,0.0,-42.447174185242304,0.0,-43.66330768241985,-33.286978070330385,29.290746663910923,-88.15961998958186,0.0
463,15.4333,-6.4576664521244425,180.0,-0.0,0.0,-25.830665808497713,0.0,-42.00623792285554,0.0,-43.90480260828964,-32.851089245689955,28.397961598134323,-87.22044387233178,0.0
464,15.4667,-6.101049646137,180.0,-0.0,0.0,-24.40419858454801,0.0,-41.6082625774667,0.0,-44.122522309019054,-32.36756948223852,27.47569567518707,-86.26946572303206,0.0
465,15.5,-5.740251485476364,180.0,-0.0,0.0,-22.961005941905423,0.0,-41.253604390908826,0.0,-44.31634888554936,-31.837119837408146,26.524906329631833,-85.30733729460363,0.0
466,15.5333,-5.375519243179525,180.0,-0.0,0.0,-21.502076972718047,0.0,-40.94258083029138,0.0,-44.48617737737002,-31.260509412472334,25.54658060713396,-84.33471798181203,0.0
467,15.5667,-5.00710288850658,180.0,-0.0,0.0,-20.028411554026277,0.0,-40.67547030382393,0.0,-44.63191581935677,-30.63857423742274,24.541734139776356,-83.35227436935087,0.0
468,15.6,-4.635254915624216,180.0,-0.0,0.0,-18.541019662496858,0.0,-40.45251191160327,0.0,-44.7534852915723,-29.972216058805603,23.51141009169894,-82.36067977499792,0.0
469,15.6333,-4.260230170558856,180.0,-0.0,0.0,-17.040920682235413,0.0,-40.27390523158634,0.0,-44.850819962002774,-29.262401032275438,22.456678076155274,-81.36061378815691,0.0
470,15.6667,-3.8822856765378333,180.0,-0.0,0.0,-15.529142706151294,0.0,-40.139810140940995,0.0,-44.92386712220707,-28.51015832176173,21.378633045112036,-80.35276180410084,0.0
471,15.7,-3.501680457838603,180.0,-0.0,0.0,-14.006721831354366,0.0,-40.05034667293427,0.0,-44.972587215859306,-27.71657860727968,20.27839415254369,-79.33781455423629,0.0
472,15.7333,-3.1186753622664014,180.0,-0.0,0.0,-12.474701449065591,0.0,-40.00559490948633,0.0,-44.9969538601693,-26.882812503548166,19.15710359260132,-78.31646763271044,0.0
473,15.7667,-2.7335328823822067,180.0,-0.0,0.0,-10.934131529528818,0.0,-40.00559490948633,0.0,-44.9969538601693,-26.01006889170876,18.015925413863854,-77.28942101968589,0.0
474,15.8,-2.346516975603464,180.0,-0.0,0.0,-9.386067902413814,0.0,-40.05034667293427,0.0,-44.972587215859306,-25.099613166563678,16.856044310901165,-76.25737860160922,0.0
475,15.8333,-1.9578928833007865,180.0,-0.0,0.0,-7.8315715332031015,0.0,-40.139810140940995,0.0,-44.92386712220707,-24.152765401873868,15.678664394402958,-75.22104768880205,0.0
476,15.8667,-1.5679269490148044,180.0,-0.0,0.0,-6.271707796059205,0.0,-40.27390523158633,0.0,-44.850819962002774,-23.170898436378586,14.485007941152642,-74.18113853070611,0.0
477,15.9,-1.1768864359176803,180.0,-0.0,0.0,-4.707545743670685,0.0,-40.45251191160326,0.0,-44.75348529157231,-22.155435883310492,13.276314125141194,-73.13836382911383,0.0
478,15.9333,-0.7850393436441436,180.0,-0.0,0.0,-3.1401573745766087,0.0,-40.675470303823914,0.0,-44.63191581935678,-21.107850066292155,12.053837731139849,-72.09343824971778,0.0
479,15.9667,-0.3926542246180986,180.0,-0.0,0.0,-1.5706168984724127,0.0,-40.94258083029137,0.0,-44.486177377370026,-20.029659884608154,10.818847852067375,-71.04707793231495,0.0
480,16.0,-0.0,180.0,-0.0,0.0,0.0,0.0,-41.25360439090881,0.0,-44.31634888554937,-18.922428610945925,9.572626571502362,-70.00000000000001,0.0
481,16.0333,-0.0,180.0,0.39265422461812705,0.0,0.0,2.0941558646299563,-41.608262577466704,0.0,-44.12252230901906,-17.787761624799817,8.316467632710305,-68.95292206768502,0.0
482,16.0667,-0.0,180.0,0.7850393436441436,0.0,0.0,4.186876499435492,-42.00623792285555,0.0,-43.904802608289636,-16.627304084824818,7.051675095566776,-67.90656175028225,0.0
483,16.1,-0.0,180.0,1.1768864359176803,0.0,0.0,6.276727658227684,-42.44717418524231,0.0,-43.663307682419834,-15.442738543512737,5.779561982768823,-66.8616361708862,0.0
484,16.1333,-0.0,180.0,1.5679269490148044,0.0,0.0,8.362277061412248,-42.930676666954824,0.0,-43.39816830517227,-14.235782507653106,4.50144891674428,-65.81886146929392,0.0
485,16.1667,-0.0,180.0,1.9578928833007865,0.0,0.0,10.4420953776042,-43.45631256778979,0.0,-43.109528054197,-13.008185948111441,3.218662748669045,-64.77895231119793,0.0
486,16.2,-0.0,180.0,2.346516975603464,0.0,0.0,12.514757203218425,-44.023611372427425,0.0,-42.79754323328192,-11.761728762540143,1.9325351810203837,-63.74262139839082,0.0
487,16.2333,-0.0,180.0,2.733532882382235,0.0,0.0,14.578842039371853,-44.63206527160677,0.0,-42.46238278771124,-10.498218194695335,0.6444013850916326,-62.71057898031408,0.0
488,16.2667,-0.0,180.0,3.118675362266373,0.0,0.0,16.63293526542069,-45.281129616683124,0.0,-42.104228212778935,-9.219486214108061,-0.6444013850915836,-61.68353236728967,0.0
489,16.3,-0.0,180.0,3.501680457838603,0.0,0.0,18.675629108472474,-45.970223407163125,0.0,-41.72327345550542,-7.927386859901701,-1.9325351810203344,-60.662185445763754,0.0
490,16.3333,-0.0,180.0,3.882285676537805,0.0,0.0,20.705523608201588,-46.69872981077803,0.0,-41.31972480961236,-6.623793552614419,-3.2186627486689963,-59.6472381958992,0.0
491,16.3667,-0.0,180.0,4.260230170558856,0.0,0.0,22.721227576313833,-47.465996715633025,0.0,-40.89380080381039,-5.310596377916662,-4.501448916744161,-58.63938621184312,0.0
492,16.4,-0.0,180.0,4.635254915624188,0.0,0.0,24.721359549995707,-48.2713373139348,0.0,-40.44573208346256,-3.9896993461690933,-5.779561982768774,-57.639320225002194,0.0
493,16.4333,-0.0,180.0,5.00710288850658,0.0,0.0,26.70454873870169,-49.1140307167784,0.0,-39.975761285685195,-2.6630176317883683,-7.051675095566727,-56.64772563064918,0.0
494,16.4667,-0.0,180.0,5.375519243179497,0.0,0.0,28.669435963623926,-49.99332259943963,0.0,-39.48414290795624,-1.3324747964288057,-8.316467632710257,-55.665282018188066,0.0
495,16.5,-0.0,180.0,5.740251485476335,0.0,0.0,30.614674589207183,-50.90842587659849,0.0,-38.97114317029972,-2.5717582782094416e-14,-9.572626571502314,-54.692662705396415,0.0
496,16.5333,-0.0,180.0,6.101049646137028,0.0,0.0,32.53893144606411,-51.85852140688669,0.0,-38.437039871123645,1.33247479642863,-10.818847852067329,-53.73053427696799,0.0
497,16.5667,-0.0,180.0,6.457666452124414,0.0,0.0,34.4408877446636,-52.84275872613023,0.0,-37.88212223678662,2.663017631788193,-12.053837731139733,-52.77955612766825,0.0
498,16.6,-0.0,180.0,6.80985749609323,0.0,0.0,36.31923997916382,-53.86025680863047,0.0,-37.30669076497688,3.9896993461689187,-13.276314125141218,-51.840380010418116,0.0
499,16.6333,-0.0,180.0,7.157381403894135,0.0,0.0,38.17270082076865,-54.91010485580039,0.0,-36.711057061987745,5.310596377916488,-14.485007941152661,-50.91364958961571,0.0
500,16.6667,-0.0,180.0,7.5,0.0,0.0,40.000000000000064,-55.991363111454035,0.0,-36.09554367397694,6.6237935526143685,-15.678664394403043,-49.99999999999998,0.0
501,16.7,-0.0,180.0,7.837478470739228,0.0,0.0,41.79988517727587,-57.10306370301435,0.0,-35.46048391230251,7.927386859901651,-16.856044310901122,-49.10005741136208,0.0
502,16.7333,-0.0,180.0,8.169585525225415,0.0,0.0,43.57112280120221,-58.24421150789108,0.0,-34.80622167302836,9.21948621410801,-18.015925413863872,-48.21443859939889,0.0
503,16.7667,-0.0,180.0,8.49609355387247,0.0,0.0,45.312498953986584,-59.41378504424968,0.0,-34.133111250699145,10.498218194695287,-19.157103592601153,-47.343750523006705,0.0
504,16.8,-0.0,180.0,8.816778784387111,0.0,0.0,47.02282018339788,-60.610737385376325,0.0,-33.44151714648274,11.761728762539978,-20.278394152543587,-46.488589908301094,0.0
505,16.8333,-0.0,180.0,9.13142143513079,0.0,0.0,48.70091432069759,-61.83399709681878,0.0,-32.73181387078725,13.008185948111393,-21.378633045111933,-45.64954283965124,0.0
506,16.8667,-0.0,180.0,9.439805865747559,0.0,0.0,50.34563128398702,-63.08246919546588,0.0,-32.004385740456186,14.235782507652946,-22.45667807615517,-44.827184358006505,0.0
507,16.9,-0.0,180.0,9.741720724952756,0.0,0.0,51.955843866414625,-64.35503612970459,0.0,-31.259626670654956,15.442738543512691,-23.511410091698902,-44.022078066792716,0.0
508,16.9333,-0.0,180.0,10.036959095382883,0.0,0.0,53.530448508708666,-65.65055877978166,0.0,-30.497939961557925,16.627304084824775,-24.541734139776374,-43.23477574564567,0.0
509,16.9667,-0.0,180.0,10.32531863540629,0.0,0.0,55.06836605550024,-66.9678774774683,0.0,-29.71973807995539,17.787761624799877,-25.546580607133865,-42.46581697224989,0.0
510,17.0,-0.0,180.0,10.606601717798213,0.0,0.0,56.5685424949238,-68.30581304412215,0.0,-28.925442435894258,18.922428610945882,-26.524906329631797,-41.715728752538084,0.0
511,17.0333,-0.0,180.0,10.880615565184314,0.0,0.0,58.02994968098308,-69.66316784621002,0.0,-28.115483154478206,20.02965988460811,-27.475695675187033,-40.98502515950848,0.0
512,17.0667,-0.0,180.0,11.147172382160903,0.0,0.0,59.45158603819153,-71.03872686735349,0.0,-27.29029884294661,21.107850066292116,-28.397961598134287,-40.27420698090426,0.0
513,17.1,-0.0,180.0,11.40608948400046,0.0,0.0,60.832477248002526,-72.43125879593292,0.0,-26.45033635316124,22.155435883310453,-29.290746663910937,-39.58376137599874,0.0
514,17.1333,-0.0,180.0,11.657189421854554,0.0,0.0,62.171676916557644,-73.83951712727695,0.0,-25.596050539628354,23.170898436378643,-30.153124043000613,-38.914161541721185,0.0
515,17.1667,-0.0,180.0,11.90030010436854,0.0,0.0,63.46826722329886,-75.26224127945487,0.0,-24.72790401318624,24.15276540187392,-30.984198473106247,-38.26586638835057,0.0
516,17.2,-0.0,180.0,12.135254915624216,0.0,0.0,64.72135954999577,-76.69815772166622,0.0,-23.84636689049427,25.099613166563728,-31.783107188550176,-37.639320225002116,0.0
517,17.2333,-0.0,180.0,12.36189282933023,0.0,0.0,65.93009508976128,-78.14598111422507,0.0,-22.95191653945538,26.010068891708805,-32.549020815940736,-37.03495245511938,0.0
518,17.2667,-0.0,180.0,12.580058519181364,0.0,0.0,67.09364543563389,-79.60441545911195,0.0,-22.045037320713988,26.882812503548053,-33.281144235171354,-36.453177282183084,0.0
519,17.3,-0.0,180.0,12.78960246531139,0.0,0.0,68.2112131483274,-81.07215526006814,0.0,-21.126220325365097,27.716578607279647,-33.97871740486085,-35.89439342583631,0.0
520,17.3333,-0.0,180.0,12.99038105676658,0.0,0.0,69.28203230275506,-82.54788669119122,0.0,-20.19596310902089,28.5101583217617,-34.64101615137751,-35.358983848622486,0.0
521,17.3667,-0.0,180.0,13.182256689929488,0.0,0.0,70.30536901295724,-84.03028877298779,0.0,-19.254769422374405,29.262401032275477,-35.267352920627744,-34.84731549352138,0.0
522,17.4,-0.0,180.0,13.365097862825507,0.0,0.0,71.28052193506939,-85.5180345548282,0.0,-18.303148938411056,29.97221605880558,-35.8570774918281,-34.35973903246531,0.0
523,17.4333,-0.0,180.0,13.53877926524791,0.0,0.0,72.20682274798885,-87.00979230274832,0.0,-17.341616976410155,30.638574237422777,-36.40957765252142,-33.89658862600557,0.0
524,17.4667,-0.0,180.0,13.703181864638992,0.0,0.0,73.08363661140802,-88.50422669153,0.0,-16.370694222891885,31.26050941247231,-36.92427983413395,-33.45818169429598,0.0
525,17.5,-0.0,180.0,13.858192987669298,0.0,0.0,73.91036260090294,-89.99999999999997,0.0,-15.390906449655096,31.83711983740812,-37.400649707416555,-33.04481869954854,0.0
526,17.5333,-0.0,180.0,14.003706397458018,0.0,0.0,74.68643411977618,-91.49577330846995,0.0,-14.40278422906366,32.36756948223855,-37.838192737149036,-32.65678294011192,0.0
527,17.5667,-0.0,180.0,14.139622366382667,0.0,0.0,75.41131928737427,-92.9902076972517,0.0,-13.406862646731716,32.851089245689934,-38.236454695533155,-32.29434035631287,0.0
528,17.6,-0.0,180.0,14.265847744427305,0.0,0.0,76.0845213036123,-94.48196544517174,0.0,-12.403681011764926,33.286978070330406,-38.59502213374207,-31.95773934819384,0.0
529,17.6333,-0.0,180.0,14.382296023022889,0.0,0.0,76.70557878945543,-95.96971122701216,0.0,-11.393782564716128,33.674603959035444,-38.91352281113457,-31.647210605272285,0.0
530,17.6667,-0.0,180.0,14.488887394336018,0.0,0.0,77.27406610312548,-97.45211330880872,0.0,-10.377714183409791,34.01340489132396,-39.191626081690714,-31.362966948437276,0.0
531,17.7,-0.0,180.0,14.585548805965146,0.0,0.0,77.78959363181411,-98.92784473993171,0.0,-9.356026086799243,34.302889638233744,-39.42904323726602,-31.105203184092957,0.0
532,17.7333,-0.0,180.0,14.6722140110071,0.0,0.0,78.25180805870447,-100.395584540888,0.0,-8.329271537012165,34.54263847455688,-39.62552780730917,-30.874095970647772,0.0
533,17.7667,-0.0,180.0,14.748823613459308,0.0,0.0,78.66039260511636,-101.85401888577479,0.0,-7.298006539750633,34.732303787400824,-39.78087581473092,-30.66980369744183,0.0
534,17.8,-0.0,180.0,14.815325108927055,0.0,0.0,79.01506724761103,-103.30184227833381,0.0,-6.262789543202896,34.8716105801942,-39.89492598765965,-30.492466376194486,0.0
535,17.8333,-0.0,180.0,14.871672920607153,0.0,0.0,79.31558890990482,-104.73775872054507,0.0,-5.224181135635402,34.960356871405274,-39.96755992686278,-30.34220554504759,0.0
536,17.8667,-0.0,180.0,14.91782843052411,0.0,0.0,79.56175162946187,-106.16048287272308,0.0,-4.182743741822624,34.99841398739605,-39.99870222866112,-30.219124185269067,0.0
537,17.9,-0.0,180.0,14.953760005996912,0.0,0.0,79.75338669865023,-107.56874120406711,0.0,-3.1390413184857047,34.98572674898663,-39.98832056320772,-30.123306650674884,0.0
538,17.9333,-0.0,180.0,14.979443021318616,0.0,0.0,79.8903627803659,-108.96127313264645,0.0,-2.0936390488985976,34.92231355145978,-39.93642570805067,-30.054818609817048,0.0
539,17.9667,-0.0,180.0,14.994859874633363,0.0,0.0,79.97258599804458,-110.33683215378993,0.0,-1.0471030368326246,34.80826633788957,-39.84307153694453,-30.01370700097771,0.0
540,18.0,-0.0,180.0,15.0,0.0,0.0,80.0,-111.69418695587788,0.0,-2.2043642384652358e-14,34.64375046583265,-39.70835496392217,-30.0,0.0
541,18.0333,-0.0,180.0,14.994859874633363,0.0,0.0,79.97258599804458,-113.03212252253164,0.0,1.0471030368325804,34.42900446757561,-39.53241584268521,-30.01370700097771,0.0
542,18.0667,-0.0,180.0,14.979443021318616,0.0,0.0,79.8903627803659,-114.34944122021828,0.0,2.0936390488985532,34.164339704286064,-39.31543682141728,-30.054818609817048,0.0
543,18.1,-0.0,180.0,14.953760005996912,0.0,0.0,79.75338669865023,-115.64496387029527,0.0,3.1390413184856603,33.85013991456851,-39.05764315317089,-30.123306650674884,0.0
544,18.1333,-0.0,180.0,14.91782843052411,0.0,0.0,79.56175162946187,-116.91753080453398,0.0,4.182743741822581,33.48686065808027,-38.759302462024856,-30.21912418526906,0.0
545,18.1667,-0.0,180.0,14.871672920607153,0.0,0.0,79.31558890990482,-118.16600290318118,0.0,5.224181135635359,33.075028655013405,-38.42072446525488,-30.342205545047584,0.0
546,18.2,-0.0,180.0,14.815325108927055,0.0,0.0,79.01506724761103,-119.38926261462363,0.0,6.262789543202852,32.61524102240084,-38.04226065180615,-30.49246637619448,0.0
547,18.2333,-0.0,180.0,14.748823613459308,0.0,0.0,78.66039260511636,-120.58621495575034,0.0,7.298006539750589,32.10816440835372,-37.62430391740068,-30.66980369744182,0.0
548,18.2667,-0.0,180.0,14.6722140110071,0.0,0.0,78.25180805870447,-121.75578849210886,0.0,8.32927153701212,31.554534025485417,-37.16728815665975,-30.874095970647765,0.0
549,18.3,-0.0,180.0,14.585548805965146,0.0,0.0,77.78959363181411,-122.89693629698561,0.0,9.3560260867992,30.9551525849235,-36.6716878126633,-31.105203184092943,0.0
550,18.3333,-0.0,180.0,14.488887394336018,0.0,0.0,77.27406610312548,-124.008636888546,0.0,10.377714183409749,30.310889132455348,-36.138017384415335,-31.36296694843726,0.0
551,18.3667,-0.0,180.0,14.382296023022889,0.0,0.0,76.70557878945543,-125.0898951441995,0.0,11.393782564716087,29.622677788494844,-35.56683089272519,-31.64721060527227,0.0
552,18.4,-0.0,180.0,14.265847744427305,0.0,0.0,76.08452130361232,-126.13974319136943,0.0,12.403681011764883,28.891516393697145,-34.95872130506079,-31.957739348193826,0.0
553,18.4333,-0.0,180.0,14.139622366382667,0.0,0.0,75.41131928737427,-127.15724127386973,0.0,13.406862646731676,28.118465062184775,-34.31431991996904,-32.29434035631286,0.0
554,18.4667,-0.0,180.0,14.003706397458018,0.0,0.0,74.68643411977618,-128.14147859311328,0.0,14.40278422906362,27.304644644484277,-33.63429571170491,-32.656782940111896,0.0
555,18.5,-0.0,180.0,13.858192987669298,0.0,0.0,73.91036260090294,-129.09157412340147,0.0,15.390906449655054,26.451235102399007,-32.91935463574625,-33.04481869954853,0.0
556,18.5333,-0.0,180.0,13.70318186463902,0.0,0.0,73.08363661140804,-130.00667740056033,0.0,16.370694222891842,25.559473798178466,-32.17023889591904,-33.458181694295966,0.0
557,18.5667,-0.0,180.0,13.53877926524791,0.0,0.0,72.20682274798887,-130.88596928322153,0.0,17.341616976410116,24.630653700460556,-31.3877261738909,-33.896588626005546,0.0
558,18.6,-0.0,180.0,13.365097862825507,0.0,0.0,71.28052193506939,-131.72866268606512,0.0,18.303148938411013,23.666121509590628,-30.572628821833923,-34.35973903246529,0.0
559,18.6333,-0.0,180.0,13.182256689929488,0.0,0.0,70.30536901295724,-132.53400328436692,0.0,19.254769422374363,22.667275705035603,-29.725793019095818,-34.84731549352136,0.0
560,18.6667,-0.0,180.0,12.99038105676658,0.0,0.0,69.28203230275506,-133.30127018922198,0.0,20.195963109020852,21.635564517721114,-28.848097893752602,-35.358983848622465,0.0
561,18.7,-0.0,180.0,12.78960246531139,0.0,0.0,68.2112131483274,-134.02977659283687,0.0,21.126220325365058,20.572483830236582,-27.940454609957563,-35.89439342583629,0.0
562,18.7333,-0.0,180.0,12.580058519181364,0.0,0.0,67.0936454356339,-134.71887038331687,0.0,22.045037320713945,19.479575007946945,-27.00380542203099,-36.45317728218306,0.0
563,18.7667,-0.0,180.0,12.36189282933023,0.0,0.0,65.93009508976128,-135.3679347283932,0.0,22.95191653945534,18.358422664161814,-26.03912269627616,-37.03495245511936,0.0
564,18.8,-0.0,180.0,12.135254915624216,0.0,0.0,64.72135954999578,-135.97638862757253,0.0,23.846366890494235,17.210652362596136,-25.047407901532516,-37.63932022500209,0.0
565,18.8333,-0.0,180.0,11.90030010436854,0.0,0.0,63.46826722329886,-136.54368743221016,0.0,24.727904013186205,16.037928260459474,-24.029690569519197,-38.26586638835054,0.0
566,18.8667,-0.0,180.0,11.657189421854554,0.0,0.0,62.171676916557665,-137.06932333304513,0.0,25.596050539628322,14.841950695586053,-22.987027226043356,-38.91416154172116,0.0
567,18.9,-0.0,180.0,11.40608948400049,0.0,0.0,60.83247724800255,-137.55282581475768,0.0,26.450336353161205,13.624453721108802,-21.92050029418688,-39.58376137599871,0.0
568,18.9333,-0.0,180.0,11.147172382160903,0.0,0.0,59.451586038191536,-137.99376207714445,0.0,27.290298842946573,12.387202591246394,-20.831216970606526,-40.27420698090423,0.0
569,18.9667,-0.0,180.0,10.880615565184343,0.0,0.0,58.0299496809831,-138.3917374225333,0.0,28.11548315447817,11.131991201855211,-19.720308076117618,-40.98502515950845,0.0
570,19.0,-0.0,180.0,10.606601717798213,0.0,0.0,56.568542494923804,-138.74639560909117,0.0,28.925442435894226,9.860639489450122,-18.588926881750815,-41.715728752538055,0.0
571,19.0333,-0.0,180.0,10.32531863540629,0.0,0.0,55.06836605550024,-139.05741916970862,0.0,29.719738079955356,8.574990792471686,-17.438247911504437,-42.465816972249854,0.0
572,19.0667,-0.0,180.0,10.036959095382883,0.0,0.0,53.530448508708666,-139.32452969617606,0.0,30.49793996155789,7.276909178621646,-16.26946572303212,-43.234775745645635,0.0
573,19.1,-0.0,180.0,9.741720724952756,0.0,0.0,51.955843866414625,-139.54748808839673,0.0,31.259626670654928,5.968276742141773,-15.083793667532754,-44.02207806679267,0.0
574,19.1333,-0.0,180.0,9.439805865747559,0.0,0.0,50.34563128398702,-139.72609476841367,0.0,32.00438574045616,4.650990874958947,-13.882462630132137,-44.82718435800648,0.0
575,19.1667,-0.0,180.0,9.13142143513079,0.0,0.0,48.700914320697606,-139.860189859059,0.0,32.73181387078722,3.326961515646318,-12.666719752058873,-45.64954283965121,0.0
576,19.2,-0.0,180.0,8.816778784387111,0.0,0.0,47.02282018339788,-139.94965332706573,0.0,33.4415171464827,1.9981083801969206,-11.437827135947629,-46.48858990830106,0.0
577,19.2333,-0.0,180.0,8.496093553872498,0.0,0.0,45.31249895398659,-139.99440509051368,0.0,34.133111250699116,0.6663581786171675,-10.19706053560774,-47.343750523006676,0.0
578,19.2667,-0.0,180.0,8.169585525225415,0.0,0.0,43.57112280120221,-139.99440509051368,0.0,34.80622167302833,-0.6663581786169831,-8.945708031622319,-48.21443859939885,0.0
579,19.3,-0.0,180.0,7.837478470739228,0.0,0.0,41.79988517727588,-139.94965332706573,0.0,35.460483912302486,-1.9981083801968609,-7.685068694148384,-49.10005741136204,0.0
580,19.3333,-0.0,180.0,7.5,0.0,0.0,40.000000000000064,-139.860189859059,0.0,36.09554367397691,-3.326961515646258,-6.41645123431055,-49.999999999999936,0.0
581,19.3667,-0.0,180.0,7.157381403894135,0.0,0.0,38.17270082076866,-139.72609476841365,0.0,36.711057061987724,-4.650990874958888,-5.141172645583733,-50.91364958961567,0.0
582,19.4,-0.0,180.0,6.80985749609323,0.0,0.0,36.31923997916385,-139.54748808839673,0.0,37.30669076497685,-5.968276742141714,-3.8605568365806446,-51.84038001041807,0.0
583,19.4333,-0.0,180.0,6.457666452124414,0.0,0.0,34.440887744663605,-139.32452969617606,0.0,37.8821222367866,-7.276909178621588,-2.575933256656768,-52.779556127668215,0.0
584,19.4667,-0.0,180.0,6.101049646137028,0.0,0.0,32.53893144606413,-139.05741916970865,0.0,38.437039871123616,-8.574990792471628,-1.2886355157669946,-53.730534276967944,0.0
585,19.5,-0.0,180.0,5.740251485476335,0.0,0.0,30.61467458920719,-138.7463956090912,0.0,38.971143170299705,-9.860639489449945,-2.9391523179536473e-14,-54.69266270539637,0.0
586,19.5333,-0.0,180.0,5.375519243179497,0.0,0.0,28.66943596362392,-138.3917374225333,0.0,39.48414290795622,-11.131991201855152,1.288635515766936,-55.66528201818802,0.0
587,19.5667,-0.0,180.0,5.00710288850658,0.0,0.0,26.704548738701696,-137.99376207714448,0.0,39.975761285685174,-12.387202591246337,2.575933256656709,-56.647725630649134,0.0
588,19.6,-0.0,180.0,4.635254915624188,0.0,0.0,24.721359549995704,-137.55282581475763,0.0,40.44573208346254,-13.624453721108747,3.8605568365807272,-57.63932022500215,0.0
589,19.6333,-0.0,180.0,4.260230170558856,0.0,0.0,22.721227576313844,-137.06932333304513,0.0,40.89380080381037,-14.841950695585998,5.141172645583817,-58.639386211843075,0.0
590,19.6667,-0.0,180.0,3.882285676537805,0.0,0.0,20.70552360820161,-136.54368743221025,0.0,41.31972480961234,-16.03792826045931,6.416451234310352,-59.647238195899156,0.0
591,19.7,-0.0,180.0,3.501680457838603,0.0,0.0,18.675629108472474,-135.97638862757253,0.0,41.72327345550541,-17.210652362596086,7.685068694148188,-60.66218544576371,0.0
592,19.7333,-0.0,180.0,3.118675362266373,0.0,0.0,16.63293526542071,-135.36793472839324,0.0,42.104228212778914,-18.358422664161765,8.945708031622262,-61.68353236728963,0.0
593,19.7667,-0.0,180.0,2.733532882382235,0.0,0.0,14.578842039371853,-134.71887038331687,0.0,42.46238278771123,-19.479575007947,10.197060535607683,-62.71057898031404,0.0
594,19.8,-0.0,180.0,2.346516975603464,0.0,0.0,12.514757203218442,-134.02977659283692,0.0,42.79754323328191,-20.572483830236536,11.437827135947574,-63.742621398390774,0.0
595,19.8333,-0.0,180.0,1.9578928833007865,0.0,0.0,10.442095377604195,-133.301270189222,0.0,43.10952805419699,-21.635564517721164,12.666719752058818,-64.77895231119788,0.0
596,19.8667,-0.0,180.0,1.5679269490148044,0.0,0.0,8.362277061412263,-132.53400328436692,0.0,43.39816830517226,-22.667275705035557,13.882462630132082,-65.81886146929388,0.0
597,19.9,-0.0,180.0,1.1768864359177087,0.0,0.0,6.276727658227711,-131.72866268606515,0.0,43.66330768241983,-23.666121509590674,15.08379366753283,-66.86163617088616,0.0
598,19.9333,-0.0,180.0,0.7850393436441436,0.0,0.0,4.186876499435504,-130.88596928322156,0.0,43.90480260828963,-24.630653700460513,16.26946572303194,-67.90656175028221,0.0
599,19.9667,-0.0,180.0,0.39265422461812705,0.0,0.0,2.0941558646299803,-130.00667740056036,0.0,44.122522309019054,-25.559473798178427,17.438247911504256,-68.95292206768497,0.0
600,20.0,-0.0,180.0,-0.0,0.0,0.0,9.797174393178826e-15,-129.09157412340153,0.0,44.31634888554936,-26.45123510239905,18.588926881750762,-69.99999999999997,0.0
601,20.0333,-0.0,180.0,-0.39265422461812705,0.0,0.0,-2.0941558646299607,-128.1414785931133,0.0,44.48617737737003,-27.304644644484238,19.720308076117565,-71.04707793231498,0.0
602,20.0667,-0.0,180.0,-0.7850393436441436,0.0,0.0,-4.186876499435485,-127.15724127386977,0.0,44.63191581935677,-28.118465062184814,20.831216970606476,-72.09343824971774,0.0
603,20.1,-0.0,180.0,-1.1768864359176803,0.0,0.0,-6.276727658227692,-126.1397431913696,0.0,44.753485291572304,-28.89151639369711,21.920500294186827,-73.13836382911379,0.0
604,20.1333,-0.0,180.0,-1.5679269490148044,0.0,0.0,-8.362277061412245,-125.08989514419969,0.0,44.85081996200277,-29.622677788494812,22.987027226043306,-74.18113853070606,0.0
605,20.1667,-0.0,180.0,-1.9578928833007865,0.0,0.0,-10.442095377604177,-124.00863688854591,0.0,44.92386712220707,-30.31088913245538,24.029690569519154,-75.22104768880207,0.0
606,20.2,-0.0,180.0,-2.346516975603464,0.0,0.0,-12.514757203218425,-122.89693629698566,0.0,44.972587215859306,-30.95515258492347,25.047407901532473,-76.25737860160918,0.0
607,20.2333,-0.0,180.0,-2.7335328823822067,0.0,0.0,-14.578842039371834,-121.75578849210892,0.0,44.9969538601693,-31.554534025485445,26.039122696276117,-77.28942101968592,0.0
608,20.2667,-0.0,180.0,-3.118675362266373,0.0,0.0,-16.63293526542069,-120.58621495575039,0.0,44.9969538601693,-32.108164408353694,27.00380542203105,-78.31646763271033,0.0
609,20.3,-0.0,180.0,-3.5016804578385745,0.0,0.0,-18.675629108472457,-119.38926261462369,0.0,44.972587215859306,-32.61524102240086,27.94045460995752,-79.33781455423625,0.0
610,20.3333,-0.0,180.0,-3.882285676537805,0.0,0.0,-20.70552360820159,-118.16600290318108,0.0,44.92386712220707,-33.075028655013384,28.848097893752556,-80.3527618041008,0.0
611,20.3667,-0.0,180.0,-4.2602301705588275,0.0,0.0,-22.721227576313822,-116.9175308045342,0.0,44.85081996200278,-33.48686065808025,29.72579301909578,-81.36061378815688,0.0
612,20.4,-0.0,180.0,-4.635254915624188,0.0,0.0,-24.721359549995682,-115.6449638702955,0.0,44.75348529157231,-33.85013991456846,30.57262882183388,-82.3606797749978,0.0
613,20.4333,-0.0,180.0,-5.007102888506552,0.0,0.0,-26.704548738701675,-114.34944122021834,0.0,44.63191581935676,-34.16433970428608,31.387726173890947,-83.35227436935088,0.0
614,20.4667,-0.0,180.0,-5.375519243179468,0.0,0.0,-28.6694359636239,-113.0321225225317,0.0,44.48617737737004,-34.429004467575595,32.170238895919006,-84.33471798181193,0.0
615,20.5,-0.0,180.0,-5.740251485476335,0.0,0.0,-30.614674589207173,-111.69418695587794,0.0,44.31634888554938,-34.64375046583263,32.91935463574622,-85.30733729460351,0.0
616,20.5333,-0.0,180.0,-6.101049646137028,0.0,0.0,-32.53893144606411,-110.33683215378998,0.0,44.12252230901906,-34.80826633788958,33.63429571170495,-86.26946572303207,0.0
617,20.5667,-0.0,180.0,-6.457666452124414,0.0,0.0,-34.44088774466359,-108.96127313264651,0.0,43.90480260828966,-34.92231355145977,34.31431991996901,-87.22044387233174,0.0
618,20.6,-0.0,180.0,-6.80985749609323,0.0,0.0,-36.319239979163825,-107.56874120406701,0.0,43.66330768241982,-34.98572674898663,34.95872130506076,-88.15961998958194,0.0
619,20.6333,-0.0,180.0,-7.157381403894107,0.0,0.0,-38.17270082076864,-106.16048287272315,0.0,43.39816830517228,-34.99841398739605,35.566830892725164,-89.08635041038428,0.0
620,20.6667,-0.0,180.0,-7.5,0.0,0.0,-40.00000000000004,-104.7377587205453,0.0,43.10952805419701,-34.96035687140528,36.13801738441525,-89.99999999999996,0.0
621,20.7,-0.0,180.0,-7.837478470739228,0.0,0.0,-41.79988517727587,-103.3018422783338,0.0,42.79754323328192,-34.87161058019421,36.67168781266328,-90.89994258863791,0.0
622,20.7333,-0.0,180.0,-8.169585525225415,0.0,0.0,-43.57112280120219,-101.85401888577485,0.0,42.46238278771127,-34.732303787400845,37.16728815665973,-91.78556140060105,0.0
623,20.7667,-0.0,180.0,-8.49609355387247,0.0,0.0,-45.312498953986584,-100.39558454088807,0.0,42.104228212778935,-34.54263847455689,37.62430391740066,-92.65624947699328,0.0
624,20.8,-0.0,180.0,-8.816778784387111,0.0,0.0,-47.02282018339787,-98.92784473993187,0.0,41.723273455505456,-34.30288963823378,38.04226065180613,-93.5114100916989,0.0
625,20.8333,-0.0,180.0,-9.13142143513079,0.0,0.0,-48.7009143206976,-97.4521133088087,0.0,41.31972480961233,-34.01340489132397,38.4207244652549,-94.35045716034881,0.0
626,20.8667,-0.0,180.0,-9.439805865747559,0.0,0.0,-50.34563128398701,-95.96971122701231,0.0,40.89380080381039,-33.674603959035466,38.759302462024806,-95.17281564199348,0.0
627,20.9,-0.0,180.0,-9.741720724952728,0.0,0.0,-51.955843866414604,-94.48196544517171,0.0,40.445732083462524,-33.286978070330385,39.05764315317088,-95.97792193320734,0.0
628,20.9333,-0.0,180.0,-10.036959095382883,0.0,0.0,-53.53044850870866,-92.99020769725169,0.0,39.975761285685195,-32.85108924568996,39.31543682141729,-96.76522425435432,0.0
629,20.9667,-0.0,180.0,-10.32531863540629,0.0,0.0,-55.06836605550022,-91.49577330847019,0.0,39.48414290795624,-32.36756948223857,39.53241584268519,-97.53418302775006,0.0
630,21.0,-0.0,180.0,-10.606601717798213,0.0,0.0,-56.5685424949238,-90.00000000000004,0.0,38.971143170299726,-31.837119837408146,39.70835496392216,-98.2842712474619,0.0
631,21.0333,-0.0,180.0,-10.880615565184314,0.0,0.0,-58.02994968098308,-88.50422669153005,0.0,38.437039871123645,-31.260509412472338,39.84307153694452,-99.01497484049152,0.0
632,21.0667,-0.0,180.0,-11.147172382160903,0.0,0.0,-59.45158603819152,-87.00979230274821,0.0,37.882122236786586,-30.638574237422745,39.93642570805068,-99.72579301909579,0.0
633,21.1,-0.0,180.0,-11.40608948400046,0.0,0.0,-60.83247724800253,-85.51803455482836,0.0,37.306690764976885,-29.972216058805607,39.988320563207715,-100.41623862400125,0.0
634,21.1333,-0.0,180.0,-11.657189421854554,0.0,0.0,-62.171676916557644,-84.03028877298794,0.0,36.7110570619878,-29.262401032275513,39.99870222866112,-101.08583845827877,0.0
635,21.1667,-0.0,180.0,-11.90030010436854,0.0,0.0,-63.46826722329884,-82.5478866911912,0.0,36.09554367397694,-28.510158321761736,39.96755992686278,-101.73413361164943,0.0
636,21.2,-0.0,180.0,-12.135254915624216,0.0,0.0,-64.72135954999574,-81.07215526006837,0.0,35.460483912302564,-27.716578607279683,39.894925987659654,-102.36067977499783,0.0
637,21.2333,-0.0,180.0,-12.36189282933023,0.0,0.0,-65.9300950897613,-79.604415459112,0.0,34.80622167302836,-26.88281250354809,39.780875814730926,-102.96504754488066,0.0
638,21.2667,-0.0,180.0,-12.580058519181364,0.0,0.0,-67.09364543563389,-78.14598111422522,0.0,34.13311125069915,-26.010068891708848,39.6255278073092,-103.54682271781692,0.0
639,21.3,-0.0,180.0,-12.78960246531139,0.0,0.0,-68.21121314832739,-76.6981577216661,0.0,33.44151714648269,-25.09961316656368,39.42904323726603,-104.10560657416372,0.0
640,21.3333,-0.0,180.0,-12.99038105676658,0.0,0.0,-69.28203230275503,-75.26224127945494,0.0,32.731813870787256,-24.152765401873964,39.19162608169072,-104.6410161513775,0.0
641,21.3667,-0.0,180.0,-13.182256689929488,0.0,0.0,-70.30536901295724,-73.83951712727709,0.0,32.00438574045624,-23.17089843637869,38.913522811134584,-105.15268450647858,0.0
642,21.4,-0.0,180.0,-13.365097862825507,0.0,0.0,-71.28052193506939,-72.4312587959329,0.0,31.259626670654903,-22.1554358833105,38.595022133742084,-105.64026096753469,0.0
643,21.4333,-0.0,180.0,-13.53877926524791,0.0,0.0,-72.20682274798885,-71.03872686735372,0.0,30.497939961557986,-21.107850066292162,38.236454695533176,-106.10341137399439,0.0
644,21.4667,-0.0,180.0,-13.703181864638992,0.0,0.0,-73.08363661140801,-69.66316784621009,0.0,29.71973807995539,-20.02965988460816,37.838192737149015,-106.54181830570403,0.0
645,21.5,-0.0,180.0,-13.858192987669298,0.0,0.0,-73.91036260090291,-68.30581304412213,0.0,28.925442435894325,-18.922428610945936,37.400649707416626,-106.95518130045144,0.0
646,21.5333,-0.0,180.0,-14.003706397458018,0.0,0.0,-74.68643411977618,-66.96787747746836,0.0,28.11548315447821,-17.787761624799934,36.92427983413397,-107.34321705988805,0.0
647,21.5667,-0.0,180.0,-14.139622366382667,0.0,0.0,-75.41131928737427,-65.65055877978172,0.0,27.290298842946616,-16.62730408482483,36.409577652521385,-107.70565964368713,0.0
648,21.6,-0.0,180.0,-14.265847744427305,0.0,0.0,-76.0845213036123,-64.35503612970473,0.0,26.450336353161312,-15.442738543512744,35.85707749182819,-108.04226065180615,0.0
649,21.6333,-0.0,180.0,-14.382296023022889,0.0,0.0,-76.70557878945543,-63.08246919546586,0.0,25.59605053962836,-14.235782507653,35.26735292062777,-108.35278939472772,0.0
650,21.6667,-0.0,180.0,-14.488887394336018,0.0,0.0,-77.27406610312548,-61.833997096818976,0.0,24.727904013186315,-13.00818594811145,34.64101615137754,-108.63703305156272,0.0
651,21.7,-0.0,180.0,-14.585548805965146,0.0,0.0,-77.78959363181411,-60.610737385376375,0.0,23.846366890494206,-11.761728762540034,33.97871740486088,-108.89479681590706,0.0
652,21.7333,-0.0,180.0,-14.6722140110071,0.0,0.0,-78.25180805870446,-59.413785044249664,0.0,22.951916539455382,-10.498218194695344,33.28114423517138,-109.12590402935223,0.0
653,21.7667,-0.0,180.0,-14.748823613459308,0.0,0.0,-78.66039260511636,-58.244211507891,0.0,22.04503732071392,-9.219486214107947,32.549020815940764,-109.33019630255819,0.0
654,21.8,-0.0,180.0,-14.815325108927055,0.0,0.0,-79.01506724761103,-57.1030637030144,0.0,21.1262203253651,-7.92738685990171,31.783107188550126,-109.50753362380551,0.0
655,21.8333,-0.0,180.0,-14.871672920607153,0.0,0.0,-79.31558890990482,-55.99136311145414,0.0,20.195963109020894,-6.62379355261455,30.984198473106282,-109.65779445495241,0.0
656,21.8667,-0.0,180.0,-14.91782843052411,0.0,0.0,-79.56175162946187,-54.91010485580038,0.0,19.25476942237441,-5.310596377916547,30.15312404300065,-109.78087581473093,0.0
657,21.9,-0.0,180.0,-14.953760005996912,0.0,0.0,-79.75338669865023,-53.860256808630574,0.0,18.30314893841113,-3.9896993461691017,29.290746663911076,-109.87669334932511,0.0
658,21.9333,-0.0,180.0,-14.979443021318616,0.0,0.0,-79.89036278036592,-52.84275872613028,0.0,17.341616976410158,-2.6630176317882532,28.39796159813433,-109.94518139018297,0.0
659,21.9667,-0.0,180.0,-14.994859874633363,0.0,0.0,-79.97258599804458,-51.85852140688674,0.0,16.37069422289189,-1.3324747964288144,27.47569567518708,-109.98629299902228,0.0
660,22.0,-0.0,180.0,-15.0,0.0,0.0,-80.0,-50.90842587659864,0.0,15.390906449655176,-1.5863508913414342e-13,26.524906329631946,-110.0,0.0
661,22.0333,-0.0,180.0,-14.994859874633363,0.0,0.0,-79.97258599804458,-49.99332259943967,0.0,14.402784229063665,1.332474796428746,25.54658060713391,-109.98629299902228,0.0
662,22.0667,-0.0,180.0,-14.979443021318616,0.0,0.0,-79.89036278036592,-49.11403071677849,0.0,13.406862646731797,2.663017631788185,24.541734139776423,-109.94518139018297,0.0
663,22.1,-0.0,180.0,-14.953760005996912,0.0,0.0,-79.75338669865023,-48.271337313934794,0.0,12.40368101176493,3.9896993461690338,23.511410091698835,-109.87669334932511,0.0
664,22.1333,-0.0,180.0,-14.91782843052411,0.0,0.0,-79.56175162946187,-47.4659967156331,0.0,11.393782564716133,5.310596377916481,22.45667807615534,-109.78087581473093,0.0
665,22.1667,-0.0,180.0,-14.871672920607153,0.0,0.0,-79.31558890990483,-46.698729810778026,0.0,10.377714183409719,6.623793552614482,21.37863304511199,-109.65779445495241,0.0
666,22.2,-0.0,180.0,-14.815325108927055,0.0,0.0,-79.01506724761103,-45.97022340716312,0.0,9.356026086799249,7.927386859901643,20.278394152543633,-109.50753362380553,0.0
667,22.2333,-0.0,180.0,-14.748823613459308,0.0,0.0,-78.66039260511636,-45.28112961668323,0.0,8.329271537012248,9.219486214107881,19.157103592601327,-109.33019630255819,0.0
668,22.2667,-0.0,180.0,-14.6722140110071,0.0,0.0,-78.25180805870447,-44.6320652716068,0.0,7.298006539750559,10.498218194695276,18.015925413863926,-109.12590402935223,0.0
669,22.3,-0.0,180.0,-14.585548805965146,0.0,0.0,-77.78959363181413,-44.02361137242748,0.0,6.262789543202981,11.761728762539967,16.856044310901176,-108.89479681590709,0.0
670,22.3333,-0.0,180.0,-14.488887394336018,0.0,0.0,-77.27406610312549,-43.45631256778978,0.0,5.224181135635408,13.008185948111386,15.678664394403096,-108.63703305156274,0.0
671,22.3667,-0.0,180.0,-14.382296023022889,0.0,0.0,-76.70557878945543,-42.930676666954874,0.0,4.1827437418227085,14.235782507652937,14.485007941152716,-108.35278939472772,0.0
672,22.4,-0.0,180.0,-14.265847744427305,0.0,0.0,-76.0845213036123,-42.44717418524233,0.0,3.1390413184856305,15.442738543512682,13.276314125141138,-108.04226065180615,0.0
673,22.4333,-0.0,180.0,-14.139622366382667,0.0,0.0,-75.41131928737427,-42.00623792285554,0.0,2.093639048898603,16.627304084824768,12.053837731139927,-107.70565964368714,0.0
674,22.4667,-0.0,180.0,-14.003706397458046,0.0,0.0,-74.68643411977618,-41.608262577466704,0.0,1.0471030368325502,17.78776162479987,10.818847852067384,-107.34321705988808,0.0
675,22.5,-0.0,180.0,-13.858192987669298,0.0,0.0,-73.91036260090293,-41.25360439090883,0.0,2.755455298081545e-14,18.922428610945875,9.572626571502301,-106.95518130045147,0.0
676,22.5333,-0.0,180.0,-13.70318186463902,0.0,0.0,-73.08363661140804,-40.94258083029137,0.0,-1.0471030368324952,20.029659884608105,8.316467632710314,-106.54181830570404,0.0
677,22.5667,-0.0,180.0,-13.53877926524791,0.0,0.0,-72.20682274798887,-40.675470303823914,0.0,-2.093639048898628,21.10785006629211,7.051675095566786,-106.10341137399442,0.0
678,22.6,-0.0,180.0,-13.365097862825507,0.0,0.0,-71.2805219350694,-40.45251191160327,0.0,-3.1390413184856554,22.155435883310446,5.779561982768833,-105.64026096753472,0.0
679,22.6333,-0.0,180.0,-13.182256689929488,0.0,0.0,-70.30536901295727,-40.27390523158633,0.0,-4.182743741822654,23.170898436378636,4.50144891674415,-105.15268450647861,0.0
680,22.6667,-0.0,180.0,-12.99038105676658,0.0,0.0,-69.28203230275506,-40.13981014094099,0.0,-5.224181135635353,24.152765401873914,3.218662748669055,-104.64101615137753,0.0
681,22.7,-0.0,180.0,-12.78960246531139,0.0,0.0,-68.2112131483274,-40.050346672934275,0.0,-6.262789543202847,25.099613166563636,1.9325351810203935,-104.10560657416374,0.0
682,22.7333,-0.0,180.0,-12.580058519181364,0.0,0.0,-67.0936454356339,-40.00559490948633,0.0,-7.298006539750584,26.0100688917088,0.6444013850915713,-103.54682271781695,0.0
683,22.7667,-0.0,180.0,-12.361892829330259,0.0,0.0,-65.93009508976131,-40.00559490948633,0.0,-8.329271537012037,26.882812503548045,-0.6444013850915027,-102.96504754488069,0.0
684,22.8,-0.0,180.0,-12.135254915624216,0.0,0.0,-64.72135954999575,-40.050346672934275,0.0,-9.356026086799195,27.71657860727964,-1.9325351810203248,-102.36067977499786,0.0
685,22.8333,-0.0,180.0,-11.90030010436854,0.0,0.0,-63.46826722329886,-40.13981014094098,0.0,-10.377714183409743,28.510158321761697,-3.218662748668986,-101.73413361164947,0.0
686,22.8667,-0.0,180.0,-11.657189421854554,0.0,0.0,-62.171676916557665,-40.27390523158634,0.0,-11.393782564716156,29.262401032275474,-4.501448916744223,-101.0858384582788,0.0
687,22.9,-0.0,180.0,-11.40608948400049,0.0,0.0,-60.832477248002554,-40.45251191160326,0.0,-12.403681011764878,29.972216058805575,-5.779561982768763,-100.4162386240013,0.0
688,22.9333,-0.0,180.0,-11.147172382160903,0.0,0.0,-59.45158603819152,-40.6754703038239,0.0,-13.406862646731668,30.63857423742271,-7.0516750955667185,-99.72579301909582,0.0
689,22.9667,-0.0,180.0,-10.880615565184314,0.0,0.0,-58.02994968098308,-40.94258083029135,0.0,-14.40278422906369,31.260509412472306,-8.316467632710246,-99.01497484049156,0.0
690,23.0,-0.0,180.0,-10.606601717798213,0.0,0.0,-56.56854249492382,-41.253604390908805,0.0,-15.39090644965505,31.837119837408117,-9.572626571502234,-98.28427124746194,0.0
691,23.0333,-0.0,180.0,-10.32531863540629,0.0,0.0,-55.06836605550027,-41.608262577466725,0.0,-16.370694222891913,32.36756948223855,-10.818847852067455,-97.5341830277501,0.0
692,23.0667,-0.0,180.0,-10.036959095382883,0.0,0.0,-53.5304485087087,-42.00623792285552,0.0,-17.34161697641011,32.851089245689934,-12.053837731139724,-96.76522425435437,0.0
693,23.1,-0.0,180.0,-9.741720724952756,0.0,0.0,-51.955843866414625,-42.447174185242304,0.0,-18.303148938410935,33.28697807033036,-13.276314125141074,-95.97792193320738,0.0
694,23.1333,-0.0,180.0,-9.439805865747559,0.0,0.0,-50.345631283987025,-42.930676666954845,0.0,-19.25476942237436,33.674603959035444,-14.485007941152652,-95.17281564199354,0.0
695,23.1667,-0.0,180.0,-9.13142143513079,0.0,0.0,-48.70091432069762,-43.45631256778975,0.0,-20.195963109020703,34.01340489132395,-15.678664394402904,-94.35045716034885,0.0
696,23.2,-0.0,180.0,-8.816778784387111,0.0,0.0,-47.022820183397926,-44.02361137242745,0.0,-21.126220325365125,34.302889638233765,-16.85604431090111,-93.51141009169895,0.0
697,23.2333,-0.0,180.0,-8.49609355387247,0.0,0.0,-45.31249895398658,-44.63206527160677,0.0,-22.04503732071394,34.54263847455688,-18.015925413863865,-92.65624947699334,0.0
698,23.2667,-0.0,180.0,-8.169585525225415,0.0,0.0,-43.57112280120222,-45.28112961668312,0.0,-22.951916539455404,34.73230378740084,-19.157103592601267,-91.7855614006011,0.0
699,23.3,-0.0,180.0,-7.837478470739228,0.0,0.0,-41.7998851772759,-45.97022340716308,0.0,-23.84636689049423,34.8716105801942,-20.278394152543576,-90.89994258863797,0.0
700,23.3333,-0.0,180.0,-7.500000000000028,0.0,0.0,-40.0000000000001,-46.698729810778076,0.0,-24.727904013186265,34.96035687140528,-21.37863304511205,-90.0,0.0
701,23.3667,-0.0,180.0,-7.157381403894107,0.0,0.0,-38.17270082076864,-47.46599671563307,0.0,-25.596050539628315,34.99841398739605,-22.456678076155285,-89.08635041038434,0.0
702,23.4,-0.0,180.0,-6.80985749609323,0.0,0.0,-36.319239979163825,-48.271337313934744,0.0,-26.450336353161138,34.98572674898663,-23.511410091698785,-88.15961998958198,0.0
703,23.4333,-0.0,180.0,-6.4576664521244425,0.0,0.0,-34.44088774466361,-49.114030716778444,0.0,-27.290298842946573,34.92231355145977,-24.54173413977637,-87.2204438723318,0.0
704,23.4667,-0.0,180.0,-6.101049646137028,0.0,0.0,-32.53893144606414,-49.99332259943962,0.0,-28.115483154478166,34.80826633788959,-25.546580607133752,-86.26946572303211,0.0
705,23.5,-0.0,180.0,-5.740251485476364,0.0,0.0,-30.614674589207233,-50.908425876598486,0.0,-28.92544243589434,34.64375046583264,-26.52490632963179,-85.30733729460357,0.0
706,23.5333,-0.0,180.0,-5.375519243179497,0.0,0.0,-28.66943596362393,-51.85852140688669,0.0,-29.71973807995541,34.429004467575616,-27.475695675187026,-84.33471798181198,0.0
707,23.5667,-0.0,180.0,-5.00710288850658,0.0,0.0,-26.704548738701703,-52.84275872613022,0.0,-30.497939961557886,34.16433970428609,-28.397961598134284,-83.35227436935094,0.0
708,23.6,-0.0,180.0,-4.635254915624216,0.0,0.0,-24.721359549995743,-53.86025680863052,0.0,-31.25962667065492,33.85013991456848,-29.29074666391093,-82.36067977499786,0.0
709,23.6333,-0.0,180.0,-4.260230170558856,0.0,0.0,-22.721227576313883,-54.91010485580031,0.0,-32.004385740456094,33.48686065808031,-30.153124043000602,-81.360613788157,0.0
710,23.6667,-0.0,180.0,-3.882285676537805,0.0,0.0,-20.705523608201588,-55.991363111454085,0.0,-32.73181387078722,33.07502865501337,-30.984198473106236,-80.35276180410078,0.0
711,23.7,-0.0,180.0,-3.501680457838603,0.0,0.0,-18.675629108472485,-57.103063703014335,0.0,-33.44151714648265,32.61524102240089,-31.783107188550083,-79.3378145542363,0.0
712,23.7333,-0.0,180.0,-3.118675362266373,0.0,0.0,-16.63293526542072,-58.24421150789108,0.0,-34.13311125069911,32.10816440835367,-32.54902081594081,-78.31646763271031,0.0
713,23.7667,-0.0,180.0,-2.733532882382235,0.0,0.0,-14.578842039371898,-59.41378504424961,0.0,-34.80622167302838,31.554534025485477,-33.28114423517135,-77.28942101968596,0.0
714,23.8,-0.0,180.0,-2.346516975603464,0.0,0.0,-12.51475720321842,-60.61073738537631,0.0,-35.46048391230248,30.95515258492356,-33.978717404860774,-76.2573786016093,0.0
715,23.8333,-0.0,180.0,-1.9578928833007865,0.0,0.0,-10.442095377604206,-61.83399709681876,0.0,-36.095543673976955,30.31088913245541,-34.64101615137751,-75.22104768880212,0.0
716,23.8667,-0.0,180.0,-1.5679269490148044,0.0,0.0,-8.362277061412273,-63.0824691954658,0.0,-36.711057061987724,29.62267778849491,-35.26735292062774,-74.18113853070619,0.0
717,23.9,-0.0,180.0,-1.1768864359177087,0.0,0.0,-6.2767276582277205,-64.35503612970466,0.0,-37.30669076497685,28.89151639369715,-35.8570774918281,-73.13836382911384,0.0
718,23.9333,-0.0,180.0,-0.7850393436441436,0.0,0.0,-4.186876499435479,-65.65055877978165,0.0,-37.88212223678656,28.118465062184853,-36.40957765252135,-72.09343824971779,0.0
719,23.9667,-0.0,180.0,-0.39265422461812705,0.0,0.0,-2.0941558646299545,-66.96787747746829,0.0,-38.437039871123616,27.30464464448428,-36.92427983413395,-71.04707793231496,0.0
720,24.0,-0.0,180.0,8.0,0.0,0.0,45.0,-68.30581304412206,0.0,-38.9711431702997,26.451235102399092,-37.400649707416605,-70.00000000000003,0.0
721,24.0333,0.5580517899530264,-179.58120603956996,7.99512661615276,1.395979868100108,2.0926942123238628,44.972587215859306,-69.66316784621,0.0,-39.48414290795614,25.55947379817856,-37.83819273714899,-68.9529220676851,0.0
722,24.0667,1.113384807680518,-179.1629223150705,7.9805124020786025,2.7902589497650023,4.1751930288019485,44.890382261692096,-71.03872686735349,0.0,-39.97576128568521,24.630653700460563,-38.236454695533155,-67.90656175028226,0.0
723,24.1,1.6632935265421054,-178.74565844078813,7.956175162946181,4.181138530706198,6.237350724532867,44.7534852915723,-72.43125879593282,0.0,-40.44573208346253,23.666121509590724,-38.59502213374207,-66.86163617088621,0.0
724,24.1333,2.205098846535975,-178.32992278847922,7.922144549932568,5.566924038402598,8.269120674509946,44.56206309337067,-73.83951712727702,0.0,-40.8938008038104,22.66727570503561,-38.91352281113457,-65.81886146929386,0.0
725,24.1667,2.7361611466053546,-177.9162218679968,7.878462024097672,6.945927106677264,10.260604299770131,44.31634888554935,-75.26224127945486,0.0,-41.31972480961234,21.63556451772122,-39.19162608169071,-64.77895231119794,0.0
726,24.2,3.253893144606394,-177.50505971018686,7.8251808058704455,8.316467632710346,12.202099292273966,44.01664203302126,-76.6981577216662,0.0,-41.723273455505435,20.572483830236592,-39.42904323726604,-63.74262139839076,0.0
727,24.2333,3.7557725022871296,-177.09693725280397,7.762365810207967,9.676875823986746,14.084146883576775,43.663307682419834,-78.14598111422514,0.0,-42.104228212778914,19.47957500794706,-39.62552780730917,-62.71057898031409,0.0
728,24.2667,4.23935411386563,-176.69235173019604,7.690093567506551,11.025494232679929,15.897577926996098,43.25677631722436,-79.60441545911193,0.0,-42.462382787711206,18.358422664161928,-39.78087581473092,-61.68353236728975,0.0
729,24.3,4.702282018339787,-176.29179606750063,7.608452130361229,12.360679774997925,17.63355756877423,42.7975432332819,-81.07215526006813,0.0,-42.79754323328191,17.210652362596147,-39.89492598765965,-60.66218544576376,0.0
730,24.3333,5.142300877492289,-175.89575828009197,7.517540966287271,13.680805733026702,19.283628290596123,42.286167935365896,-82.54788669119112,0.0,-43.109528054196986,16.03792826045948,-39.967559926862776,-59.64723819589928,0.0
731,24.3667,5.557266963671992,-175.50472087900903,7.4174708365343065,14.984263736636498,20.83975111376994,41.72327345550542,-84.03028877298786,0.0,-43.398168305172284,14.84195069558606,-39.99870222866112,-58.63938621184306,0.0
732,24.4,5.945158603819152,-175.11916028309042,7.308363661140817,16.269465723031956,22.294344764321767,41.10954559391707,-85.5180345548281,0.0,-43.66330768241983,13.624453721108809,-39.98832056320772,-57.6393202250022,0.0
733,24.4333,6.3040860288537885,-174.73954623853103,7.190352370393327,17.534845871563107,23.640322608201668,40.44573208346251,-87.00979230274831,0.0,-43.90480260828966,12.387202591246401,-39.93642570805066,-56.64772563064912,0.0
734,24.4667,6.632300580440329,-174.36634124656933,7.063580742871409,18.77886251143557,24.871127176651193,39.73264167865175,-88.50422669152998,0.0,-44.12252230901905,11.131991201855218,-39.84307153694453,-55.66528201818807,0.0
735,24.5,6.9282032302755,-174.0,6.9282032302755,19.999999999999996,25.980762113533157,38.97114317029974,-89.99999999999996,0.0,-44.316348885549345,9.86063948945013,-39.70835496392217,-54.692662705396486,0.0
736,24.5333,7.190352370393356,-173.64096882920148,6.784384769251403,21.196770569328258,26.963821388975056,38.16216432703913,-91.49577330846994,0.0,-44.48617737737003,8.574990792471693,-39.5324158426852,-53.73053427696793,0.0
737,24.5667,7.4174708365343065,-173.28968515835106,6.632300580440329,22.367716138829863,27.815515637003617,37.306690764976885,-92.9902076972516,0.0,-44.63191581935676,7.276909178621655,-39.31543682141731,-52.77955612766826,0.0
738,24.6,7.608452130361229,-172.94657697249033,6.4721359549995725,23.51141009169897,28.531695488854634,36.40576474687259,-94.48196544517181,0.0,-44.753485291572304,5.96827674214178,-39.057643153170865,-51.84038001041806,0.0
739,24.6333,7.762365810207967,-172.61206229609212,6.3040860288537885,24.626459013026313,29.108871788279888,35.4604839123025,-95.96971122701206,0.0,-44.850819962002774,4.650990874958956,-38.759302462024856,-50.913649589615716,0.0
740,24.6667,7.878462024097672,-172.2865486837615,6.12835554495183,25.711504387461616,29.544232590366253,34.471999940353975,-97.45211330880862,0.0,-44.92386712220707,3.3269615156464503,-38.420724465254914,-50.00000000000004,0.0
741,24.7,7.956175162946181,-171.9704327236937,5.945158603819152,26.765224254354308,29.835656861048196,33.44151714648277,-98.92784473993179,0.0,-44.972587215859306,1.998108380196929,-38.04226065180615,-49.10005741136209,0.0
742,24.7333,7.99512661615276,-171.66409955449205,5.754718402709216,27.78633481835992,29.981724810572874,32.370291015239275,-100.39558454088798,0.0,-44.9969538601693,0.6663581786171761,-37.62430391740068,-48.21443859939895,0.0
743,24.7667,7.99512661615276,-171.3679223959362,5.557266963671992,28.773592013546015,29.981724810572874,31.25962667065491,-101.85401888577478,0.0,-44.9969538601693,-0.666358178617099,-37.16728815665976,-47.34375052300672,0.0
744,24.8,7.956175162946181,-171.0822620942713,5.353044850870873,29.72579301909579,29.835656861048196,30.110877286148597,-103.30184227833371,0.0,-44.972587215859306,-1.998108380196852,-36.67168781266331,-46.4885899083011,0.0
745,24.8333,7.878462024097672,-170.80746668257228,5.142300877492318,30.641777724759084,29.544232590366256,28.925442435894315,-104.73775872054523,0.0,-44.92386712220707,-3.3269615156463734,-36.13801738441528,-45.6495428396512,0.0
746,24.8667,7.762365810207967,-170.54387095671933,4.9252918026052726,31.52043014426889,29.108871788279888,27.70476638965461,-106.1604828727229,0.0,-44.85081996200278,-4.650990874958879,-35.56683089272519,-44.82718435800652,0.0
747,24.9,7.608452130361229,-170.29179606750063,4.702282018339787,32.36067977499786,28.531695488854638,26.450336353161347,-107.5687412040671,0.0,-44.75348529157231,-5.9682767421418275,-34.95872130506073,-44.02207806679266,0.0
748,24.9333,7.4174708365343065,-170.0515491293395,4.473543227765987,33.16150290220167,27.81551563700362,25.1636806561836,-108.96127313264644,0.0,-44.63191581935677,-7.276909178621579,-34.314319919969044,-43.23477574564568,0.0
749,24.9667,7.190352370393356,-169.82342284612287,4.239354113865659,33.921923846257,26.963821388975056,23.84636689049429,-110.33683215378976,0.0,-44.48617737737004,-8.574990792471498,-33.63429571170499,-42.46581697224995,0.0
750,25.0,6.9282032302755,-169.60769515458674,4.0,34.64101615137754,25.98076211353316,22.500000000000004,-111.69418695587787,0.0,-44.31634888554935,-9.860639489450056,-32.91935463574626,-41.7157287525381,0.0
751,25.0333,6.632300580440329,-169.4046288856929,3.755772502287101,35.31790371435711,24.871127176651193,21.126220325365015,-113.03212252253164,0.0,-44.12252230901906,-11.131991201855145,-32.17023889591905,-40.98502515950848,0.0
752,25.0667,6.3040860288537885,-169.21447144441004,3.5069691743126157,35.95176185196668,23.640322608201668,19.72670160550849,-114.34944122021844,0.0,-43.904802608289636,-12.387202591246446,-31.387726173890904,-40.274206980904225,0.0
753,25.1,5.945158603819152,-169.03745450828876,3.253893144606394,36.541818305704055,22.294344764321774,18.303148938410953,-115.64496387029527,0.0,-43.66330768241984,-13.62445372110874,-30.572628821833927,-39.58376137599875,0.0
754,25.1333,5.557266963671992,-168.87379374519855,2.9968527473272957,37.08735418267149,20.839751113769942,16.857296703716067,-116.91753080453398,0.0,-43.3981683051723,-14.841950695585878,-29.72579301909583,-38.914161541721235,0.0
755,25.1667,5.142300877492289,-168.72368855056914,2.7361611466053546,37.58770483143635,19.283628290596123,15.39090644965504,-118.16600290318117,0.0,-43.10952805419701,-16.037928260459413,-28.848097893752506,-38.265866388350574,0.0
756,25.2,4.702282018339787,-168.58732180445816,2.4721359549995725,38.04226065180613,17.63355756877423,13.905764746872665,-119.38926261462348,0.0,-42.79754323328192,-17.21065236259597,-27.94045460995757,-37.639320225002166,0.0
757,25.2333,4.23935411386563,-168.46485964874017,2.205098846535975,38.45046783753276,15.897577926996103,12.403681011764926,-120.58621495575034,0.0,-42.46238278771122,-18.35842266416186,-27.003805422030993,-37.034952455119345,0.0
758,25.2667,3.7557725022871296,-168.35645128468803,1.9353751647973638,38.81182905103985,14.084146883576778,10.886485301985093,-121.75578849210885,0.0,-42.104228212778935,-19.47957500794689,-26.039122696276277,-36.453177282183084,0.0
759,25.3,3.253893144606394,-168.26222879119433,1.663293526542077,39.125904029352235,12.202099292273964,9.356026086799137,-122.89693629698573,0.0,-41.7232734555054,-20.572483830236628,-25.047407901532527,-35.894393425836284,0.0
760,25.3333,2.736161146605383,-168.18230696385353,1.3891854213354407,39.39231012048831,10.260604299770142,7.814167995011928,-124.00863688854585,0.0,-41.31972480961236,-21.63556451772106,-24.029690569519207,-35.35898384862249,0.0
761,25.3667,2.205098846535975,-168.11678317510115,1.113384807680518,39.61072274966281,8.269120674509951,6.262789543202926,-125.08989514419949,0.0,-40.89380080381043,-22.667275705035454,-22.98702722604348,-34.84731549352142,0.0
762,25.4,1.6632935265421054,-168.06573725558076,0.8362277061412442,39.780875814730926,6.23735072453287,4.703780847044475,-126.13974319136955,0.0,-40.44573208346256,-23.666121509590578,-21.920500294186883,-34.35973903246531,0.0
763,25.4333,1.113384807680518,-168.0292313968821,0.558051789952998,39.90256201039297,4.17519302880196,3.1390413184856354,-127.1572412738696,0.0,-39.97576128568524,-24.63065370046042,-20.831216970606533,-33.8965886260056,0.0
764,25.4667,0.5580517899530264,-168.00731007577087,0.279195973620034,39.97563308076383,2.0926942123238588,1.5704773516126185,-128.14147859311328,0.0,-39.48414290795625,-25.559473798178416,-19.7203080761175,-33.45818169429599,0.0
765,25.5,-0.0,-168.0,-0.0,40.0,3.67394039744206e-15,2.7554552980815448e-15,-129.09157412340147,0.0,-38.971143170299726,-26.45123510239896,-18.588926881750826,-33.04481869954855,0.0
766,25.5333,-0.5580517899530264,-168.00731007577087,-0.279195973620034,39.97563308076383,-2.092694212323851,-1.570477351612613,-130.00667740056033,0.0,-38.437039871123645,-27.304644644484153,-17.438247911504444,-32.656782940111945,0.0
767,25.5667,-1.113384807680518,-168.0292313968821,-0.558051789952998,39.90256201039297,-4.175193028801952,-3.13904131848563,-130.8859692832215,0.0,-37.882122236786586,-28.118465062184733,-16.269465723032,-32.29434035631287,0.0
768,25.6,-1.6632935265421054,-168.06573725558076,-0.8362277061412442,39.780875814730926,-6.237350724532863,-4.703780847044469,-131.7286626860651,0.0,-37.306690764976885,-28.891516393697035,-15.083793667532895,-31.95773934819387,0.0
769,25.6333,-2.205098846535975,-168.11678317510115,-1.113384807680518,39.61072274966281,-8.269120674509946,-6.262789543202921,-132.53400328436697,0.0,-36.71105706198776,-29.622677788494805,-13.882462630132146,-31.647210605272285,0.0
770,25.6667,-2.736161146605383,-168.18230696385353,-1.3891854213354407,39.39231012048831,-10.260604299770135,-7.814167995011922,-133.3012701892219,0.0,-36.09554367397699,-30.310889132455312,-12.666719752058881,-31.362966948437276,0.0
771,25.7,-3.253893144606394,-168.26222879119433,-1.663293526542077,39.125904029352235,-12.202099292273958,-9.356026086799131,-134.02977659283687,0.0,-35.46048391230252,-30.955152584923464,-11.437827135947638,-31.105203184092936,0.0
772,25.7333,-3.7557725022871296,-168.35645128468803,-1.9353751647973354,38.81182905103985,-14.084146883576773,-10.88648530198509,-134.71887038331684,0.0,-34.80622167302842,-31.554534025485385,-10.197060535607749,-30.87409597064778,0.0
773,25.7667,-4.23935411386563,-168.46485964874017,-2.205098846535975,38.45046783753277,-15.897577926996087,-12.40368101176491,-135.36793472839327,0.0,-34.13311125069915,-32.108164408353694,-8.945708031622189,-30.669803697441814,0.0
774,25.8,-4.702282018339787,-168.58732180445816,-2.4721359549995725,38.04226065180613,-17.633557568774233,-13.905764746872668,-135.9763886275725,0.0,-33.44151714648269,-32.61524102240081,-7.685068694148395,-30.492466376194486,0.0
775,25.8333,-5.142300877492289,-168.72368855056908,-2.736161146605326,37.587704831436355,-19.283628290596116,-15.390906449655034,-136.54368743221016,0.0,-32.731813870787256,-33.07502865501334,-6.41645123431056,-30.342205545047605,0.0
776,25.8667,-5.557266963671992,-168.87379374519855,-2.9968527473272957,37.08735418267149,-20.83975111376993,-16.857296703716052,-137.0693233330452,0.0,-32.00438574045614,-33.48686065808025,-5.141172645583744,-30.219124185269067,0.0
777,25.9,-5.945158603819152,-169.03745450828876,-3.253893144606394,36.54181830570406,-22.294344764321767,-18.30314893841095,-137.55282581475763,0.0,-31.259626670654967,-33.85013991456846,-3.8605568365807956,-30.12330665067489,0.0
778,25.9333,-6.3040860288537885,-169.21447144441004,-3.5069691743126157,35.95176185196668,-23.640322608201664,-19.726701605508488,-137.99376207714445,0.0,-30.49793996155793,-34.16433970428605,-2.575933256656777,-30.05481860981704,0.0
779,25.9667,-6.632300580440329,-169.4046288856929,-3.755772502287101,35.31790371435711,-24.871127176651196,-21.126220325365022,-138.3917374225333,0.0,-29.719738079955455,-34.429004467575595,-1.2886355157670046,-30.01370700097771,0.0
780,26.0,-6.9282032302755,-169.60769515458674,-4.0,34.64101615137755,-25.980762113533153,-22.49999999999999,-138.74639560909122,0.0,-28.925442435894265,-34.643750465832646,1.0291984957930474e-13,-30.0,0.0
781,26.0333,-7.190352370393356,-169.82342284612287,-4.239354113865659,33.92192384625701,-26.963821388975052,-23.846366890494284,-139.05741916970862,0.0,-28.115483154478216,-34.80826633788956,1.288635515766926,-30.01370700097771,0.0
782,26.0667,-7.4174708365343065,-170.0515491293395,-4.473543227765987,33.16150290220167,-27.81551563700362,-25.1636806561836,-139.32452969617606,0.0,-27.29029884294662,-34.92231355145977,2.5759332566566995,-30.05481860981704,0.0
783,26.1,-7.608452130361229,-170.29179606750063,-4.702282018339787,32.36067977499787,-28.53169548885463,-26.450336353161337,-139.54748808839676,0.0,-26.450336353161187,-34.98572674898662,3.860556836580718,-30.123306650674884,0.0
784,26.1333,-7.762365810207967,-170.54387095671933,-4.9252918026052726,31.52043014426889,-29.108871788279888,-27.704766389654605,-139.72609476841365,0.0,-25.596050539628365,-34.99841398739605,5.141172645583666,-30.21912418526906,0.0
785,26.1667,-7.878462024097672,-170.80746668257228,-5.142300877492318,30.641777724759084,-29.544232590366256,-28.925442435894315,-139.860189859059,0.0,-24.727904013186187,-34.96035687140528,6.416451234310482,-30.34220554504759,0.0
786,26.2,-7.956175162946181,-171.0822620942713,-5.353044850870873,29.725793019095793,-29.835656861048196,-30.11087728614859,-139.94965332706573,0.0,-23.84636689049428,-34.87161058019421,7.685068694148319,-30.49246637619448,0.0
787,26.2333,-7.99512661615276,-171.3679223959362,-5.557266963671992,28.773592013546015,-29.981724810572874,-31.25962667065491,-139.99440509051368,0.0,-22.951916539455453,-34.732303787400845,8.945708031622114,-30.669803697441807,0.0
788,26.2667,-7.99512661615276,-171.66409955449205,-5.754718402709216,27.786334818359926,-29.981724810572874,-32.37029101523926,-139.99440509051368,0.0,-22.045037320713995,-34.54263847455689,10.197060535607674,-30.874095970647765,0.0
789,26.3,-7.956175162946181,-171.9704327236937,-5.945158603819152,26.765224254354308,-29.835656861048196,-33.44151714648276,-139.94965332706573,0.0,-21.126220325365175,-34.30288963823378,11.437827135947565,-31.10520318409292,0.0
790,26.3333,-7.878462024097672,-172.2865486837615,-6.12835554495183,25.71150438746162,-29.544232590366256,-34.47199994035397,-139.860189859059,0.0,-20.1959631090209,-34.01340489132397,12.666719752058807,-31.36296694843726,0.0
791,26.3667,-7.762365810207967,-172.61206229609206,-6.3040860288537885,24.626459013026324,-29.10887178827989,-35.46048391230249,-139.72609476841367,0.0,-19.254769422374412,-33.674603959035466,13.882462630132073,-31.64721060527227,0.0
792,26.4,-7.608452130361229,-172.94657697249033,-6.4721359549995725,23.51141009169897,-28.531695488854634,-36.40576474687259,-139.54748808839673,0.0,-18.303148938410988,-33.28697807033039,15.08379366753282,-31.957739348193847,0.0
793,26.4333,-7.4174708365343065,-173.28968515835106,-6.632300580440329,22.367716138829877,-27.81551563700362,-37.30669076497687,-139.32452969617606,0.0,-17.341616976410165,-32.85108924568996,16.269465723031928,-32.29434035631285,0.0
794,26.4667,-7.190352370393356,-173.64096882920148,-6.784384769251403,21.196770569328258,-26.963821388975056,-38.16216432703913,-139.05741916970865,0.0,-16.37069422289182,-32.36756948223853,17.438247911504373,-32.656782940111924,0.0
795,26.5,-6.9282032302755,-174.0,-6.9282032302755,19.999999999999996,-25.980762113533157,-38.97114317029974,-138.7463956090912,0.0,-15.390906449655107,-31.83711983740815,18.588926881750755,-33.04481869954853,0.0
796,26.5333,-6.632300580440329,-174.36634124656933,-7.063580742871409,18.77886251143558,-24.871127176651203,-39.732641678651746,-138.3917374225333,0.0,-14.402784229063746,-31.26050941247234,19.720308076117433,-33.45818169429596,0.0
797,26.5667,-6.3040860288537885,-174.73954623853103,-7.190352370393327,17.534845871563107,-23.64032260820167,-40.44573208346251,-137.99376207714442,0.0,-13.406862646731728,-30.63857423742275,20.83121697060647,-33.896588626005574,0.0
798,26.6,-5.945158603819152,-175.11916028309042,-7.308363661140817,16.269465723031953,-22.294344764321767,-41.10954559391707,-137.55282581475768,0.0,-12.403681011765013,-29.972216058805614,21.920500294186823,-34.359739032465285,0.0
799,26.6333,-5.557266963671992,-175.50472087900903,-7.4174708365343065,14.984263736636505,-20.839751113769946,-41.72327345550542,-137.06932333304516,0.0,-11.393782564716139,-29.26240103227545,22.987027226043413,-34.84731549352139,0.0
800,26.6667,-5.142300877492318,-175.89575828009197,-7.517540966287271,13.680805733026721,-19.28362829059615,-42.28616793536589,-136.5436874322102,0.0,-10.377714183409726,-28.51015832176174,24.029690569519143,-35.35898384862246,0.0
801,26.7,-4.702282018339787,-176.29179606750063,-7.608452130361229,12.360679774997918,-17.633557568774222,-42.79754323328191,-135.97638862757262,0.0,-9.356026086799254,-27.716578607279686,25.047407901532463,-35.89439342583625,0.0
802,26.7333,-4.23935411386563,-176.69235173019604,-7.690093567506551,11.025494232679936,-15.897577926996107,-43.25677631722436,-135.36793472839324,0.0,-8.329271537012097,-26.882812503548095,26.039122696276216,-36.45317728218305,0.0
803,26.7667,-3.7557725022871296,-177.09693725280397,-7.762365810207967,9.676875823986745,-14.084146883576771,-43.663307682419834,-134.7188703833169,0.0,-7.298006539750643,-26.010068891708855,27.003805422030936,-37.03495245511931,0.0
804,26.8,-3.253893144606394,-177.50505971018686,-7.8251808058704455,8.316467632710355,-12.20209929227398,-44.016642033021256,-134.02977659283684,0.0,-6.262789543202907,-25.09961316656369,27.940454609957513,-37.63932022500212,0.0
805,26.8333,-2.7361611466053546,-177.9162218679968,-7.878462024097672,6.945927106677264,-10.260604299770133,-44.31634888554935,-133.301270189222,0.0,-5.224181135635493,-24.152765401873967,28.848097893752453,-38.26586638835053,0.0
806,26.8667,-2.2050988465360035,-178.32992278847922,-7.922144549932568,5.566924038402613,-8.269120674509969,-44.56206309337067,-132.53400328436695,0.0,-4.182743741822635,-23.1708984363786,29.725793019095775,-38.9141615417212,0.0
807,26.9,-1.6632935265421054,-178.74565844078813,-7.956175162946181,4.18113853070622,-6.2373507245329005,-44.7534852915723,-131.72866268606515,0.0,-3.1390413184857953,-22.155435883310506,30.572628821833877,-39.583761375998705,0.0
808,26.9333,-1.113384807680518,-179.1629223150705,-7.9805124020786025,2.790258949765003,-4.175193028801949,-44.890382261692096,-130.88596928322167,0.0,-2.0936390488986087,-21.10785006629217,31.387726173890854,-40.274206980904175,0.0
809,26.9667,-0.5580517899530264,-179.58120603956996,-7.99512661615276,1.3959798681001168,-2.0926942123238756,-44.972587215859306,-130.00667740056036,0.0,-1.0471030368325556,-20.029659884608172,32.170238895919006,-40.98502515950844,0.0
810,27.0,-0.0,180.0,-8.0,4.898587196589413e-15,-7.34788079488412e-15,-45.0,-129.09157412340153,0.0,-3.3065463576978534e-14,-18.922428610945943,32.91935463574622,-41.715728752538055,0.0
811,27.0333,0.5580517899530264,179.58120603956996,-7.99512661615276,-1.3959798681001068,2.092694212323861,-44.972587215859306,-128.14147859311322,0.0,1.0471030368326493,-17.78776162479983,33.63429571170495,-42.4658169722499,0.0
812,27.0667,1.113384807680518,179.1629223150705,-7.9805124020786025,-2.7902589497649934,4.175193028801935,-44.890382261692096,-127.15724127386979,0.0,2.0936390488985426,-16.627304084824836,34.31431991996901,-43.234775745645635,0.0
813,27.1,1.6632935265421054,178.74565844078813,-7.956175162946181,-4.18113853070621,6.237350724532886,-44.7534852915723,-126.1397431913696,0.0,3.13904131848557,-15.442738543512753,34.95872130506069,-44.022078066792616,0.0
814,27.1333,2.205098846535975,178.32992278847922,-7.922144549932568,-5.566924038402603,8.269120674509953,-44.56206309337067,-125.08989514419956,0.0,4.182743741822569,-14.235782507653008,35.566830892725164,-44.82718435800647,0.0
815,27.1667,2.7361611466053546,177.91622186799682,-7.878462024097672,-6.945927106677253,10.260604299770119,-44.31634888554935,-124.00863688854605,0.0,5.224181135635269,-13.008185948111457,36.13801738441525,-45.64954283965115,0.0
816,27.2,3.253893144606394,177.50505971018688,-7.8251808058704455,-8.316467632710346,12.202099292273966,-44.01664203302126,-122.89693629698567,0.0,6.262789543202841,-11.761728762540042,36.67168781266327,-46.48858990830105,0.0
817,27.2333,3.7557725022871296,177.09693725280397,-7.762365810207967,-9.676875823986734,14.084146883576757,-43.663307682419834,-121.75578849210893,0.0,7.298006539750578,-10.498218194695351,37.16728815665973,-47.34375052300666,0.0
818,27.2667,4.23935411386563,176.692351730196,-7.690093567506551,-11.025494232679927,15.897577926996094,-43.25677631722436,-120.58621495575039,0.0,8.32927153701219,-9.219486214107956,37.62430391740065,-48.2144385993989,0.0
819,27.3,4.702282018339787,176.29179606750063,-7.608452130361229,-12.360679774997909,17.633557568774208,-42.79754323328191,-119.3892626146237,0.0,9.35602608679919,-7.927386859901717,38.04226065180613,-49.10005741136203,0.0
820,27.3333,5.142300877492289,175.895758280092,-7.517540966287271,-13.680805733026713,19.283628290596134,-42.286167935365896,-118.1660029031811,0.0,10.377714183409816,-6.6237935526143135,38.42072446525489,-49.99999999999999,0.0
821,27.3667,5.557266963671992,175.50472087900906,-7.4174708365343065,-14.984263736636496,20.83975111376994,-41.72327345550542,-116.91753080453405,0.0,11.393782564716073,-5.310596377916556,38.75930246202484,-50.91364958961566,0.0
822,27.4,5.945158603819124,175.11916028309042,-7.308363661140817,-16.269465723031942,22.294344764321757,-41.109545593917076,-115.6449638702955,0.0,12.403681011764794,-3.9896993461691106,39.057643153170844,-51.840380010418,0.0
823,27.4333,6.3040860288537885,174.73954623853106,-7.190352370393327,-17.5348458715631,23.64032260820166,-40.44573208346251,-114.34944122021835,0.0,13.406862646731664,-2.6630176317882612,39.315436821417286,-52.7795561276682,0.0
824,27.4667,6.632300580440301,174.36634124656933,-7.063580742871437,-18.778862511435555,24.87112717665118,-39.73264167865176,-113.03212252253171,0.0,14.402784229063531,-1.332474796428823,39.53241584268518,-53.73053427696787,0.0
825,27.5,6.9282032302755,174.0,-6.9282032302755,-19.99999999999999,25.980762113533153,-38.97114317029975,-111.69418695587795,0.0,15.390906449655045,8.148234078786018e-14,39.70835496392216,-54.69266270539643,0.0
826,27.5333,7.190352370393356,173.6409688292015,-6.784384769251403,-21.196770569328265,26.96382138897506,-38.16216432703912,-110.33683215379,0.0,16.370694222891906,1.3324747964287371,39.843071536944514,-55.665282018188016,0.0
827,27.5667,7.4174708365343065,173.28968515835103,-6.632300580440329,-22.367716138829866,27.815515637003617,-37.306690764976885,-108.96127313264651,0.0,17.341616976410105,2.663017631788176,39.936425708050656,-56.64772563064906,0.0
828,27.6,7.608452130361229,172.9465769724903,-6.4721359549995725,-23.511410091698977,28.531695488854638,-36.40576474687259,-107.56874120406701,0.0,18.303148938411077,3.989699346169025,39.988320563207715,-57.63932022500214,0.0
829,27.6333,7.762365810207967,172.61206229609212,-6.3040860288537885,-24.626459013026313,29.108871788279888,-35.4604839123025,-106.16048287272315,0.0,19.254769422374356,5.310596377916472,39.99870222866112,-58.639386211843004,0.0
830,27.6667,7.878462024097672,172.2865486837615,-6.12835554495183,-25.711504387461595,29.54423259036625,-34.47199994035399,-104.73775872054514,0.0,20.19596310902084,6.623793552614474,39.96755992686278,-59.64723819589922,0.0
831,27.7,7.956175162946181,171.9704327236937,-5.945158603819152,-26.7652242543543,29.835656861048196,-33.44151714648277,-103.30184227833381,0.0,21.126220325364976,7.927386859901634,39.894925987659654,-60.6621854457637,0.0
832,27.7333,7.99512661615276,171.66409955449203,-5.754718402709216,-27.786334818359904,29.981724810572874,-32.37029101523928,-101.85401888577486,0.0,22.045037320713938,9.219486214108112,39.780875814730926,-61.683532367289686,0.0
833,27.7667,7.99512661615276,171.3679223959362,-5.557266963671992,-28.773592013546025,29.981724810572874,-31.259626670654903,-100.39558454088808,0.0,22.951916539455258,10.49821819469527,39.625527807309176,-62.710578980314025,0.0
834,27.8,7.956175162946181,171.08226209427127,-5.353044850870873,-29.725793019095782,29.835656861048196,-30.1108772861486,-98.92784473993188,0.0,23.846366890494224,11.76172876253996,39.42904323726606,-63.742621398390696,0.0
835,27.8333,7.878462024097672,170.80746668257228,-5.142300877492318,-30.641777724759095,29.544232590366253,-28.92544243589431,-97.45211330880889,0.0,24.72790401318626,13.008185948111377,39.19162608169073,-64.77895231119787,0.0
836,27.8667,7.762365810207967,170.54387095671933,-4.9252918026052726,-31.520430144268886,29.10887178827989,-27.704766389654612,-95.96971122701233,0.0,25.596050539628312,14.23578250765293,38.913522811134584,-65.81886146929381,0.0
837,27.9,7.608452130361229,170.29179606750066,-4.702282018339787,-32.360679774997855,28.53169548885464,-26.45033635316136,-94.48196544517172,0.0,26.450336353161262,15.442738543512675,38.59502213374209,-66.86163617088616,0.0
838,27.9333,7.4174708365343065,170.0515491293395,-4.473543227765958,-33.161502902201676,27.815515637003617,-25.163680656183594,-92.9902076972517,0.0,27.29029884294657,16.627304084824758,38.23645469553318,-67.90656175028221,0.0
839,27.9667,7.190352370393356,169.8234228461229,-4.239354113865659,-33.921923846257,26.963821388975056,-23.846366890494295,-91.49577330847004,0.0,28.115483154478166,17.787761624799867,37.838192737149015,-68.95292206768504,0.0
840,28.0,6.9282032302755,169.60769515458674,-4.0,-34.641016151377535,25.980762113533174,-22.50000000000002,-90.00000000000004,0.0,28.925442435894215,18.922428610945868,37.40064970741663,-69.99999999999997,0.0
841,28.0333,6.632300580440329,169.40462888569286,-3.755772502287101,-35.31790371435711,24.87112717665119,-21.126220325365015,-88.50422669153006,0.0,29.719738079955285,20.0296598846082,36.924279834133976,-71.04707793231489,0.0
842,28.0667,6.3040860288537885,169.21447144441,-3.5069691743126157,-35.95176185196667,23.640322608201675,-19.7267016055085,-87.0097923027484,0.0,30.497939961557886,21.1078500662922,36.409577652521385,-72.09343824971774,0.0
843,28.1,5.945158603819124,169.0374545082888,-3.253893144606394,-36.54181830570407,22.29434476432175,-18.30314893841093,-85.51803455482838,0.0,31.259626670654917,22.155435883310535,35.85707749182813,-73.13836382911379,0.0
844,28.1333,5.557266963671992,168.87379374519855,-2.9968527473272957,-37.08735418267149,20.839751113769932,-16.857296703716052,-84.03028877298777,0.0,32.00438574045621,23.170898436378724,35.26735292062778,-74.18113853070614,0.0
845,28.1667,5.142300877492289,168.7236885505691,-2.7361611466053546,-37.58770483143635,19.283628290596127,-15.390906449655047,-82.54788669119121,0.0,32.731813870787214,24.152765401873996,34.64101615137754,-75.22104768880206,0.0
846,28.2,4.702282018339787,168.58732180445816,-2.472135954999601,-38.04226065180613,17.633557568774243,-13.90576474687268,-81.07215526006821,0.0,33.44151714648275,25.099613166563802,33.97871740486081,-76.25737860160923,0.0
847,28.2333,4.23935411386563,168.46485964874017,-2.2050988465360035,-38.45046783753276,15.897577926996133,-12.40368101176495,-79.60441545911202,0.0,34.13311125069911,26.01006889170888,33.28114423517139,-77.2894210196859,0.0
848,28.2667,3.7557725022871296,168.35645128468803,-1.9353751647973354,-38.81182905103985,14.084146883576775,-10.88648530198509,-78.14598111422524,0.0,34.806221673028276,26.882812503548042,32.54902081594085,-78.31646763271024,0.0
849,28.3,3.253893144606394,168.26222879119433,-1.663293526542077,-39.12590402935223,12.202099292273983,-9.356026086799151,-76.69815772166629,0.0,35.46048391230248,27.716578607279715,31.78310718855013,-79.33781455423623,0.0
850,28.3333,2.7361611466053546,168.1823069638535,-1.3891854213354407,-39.39231012048832,10.260604299770112,-7.814167995011903,-75.26224127945495,0.0,36.095543673976856,28.51015832176169,30.98419847310629,-80.35276180410071,0.0
851,28.3667,2.205098846535975,168.11678317510115,-1.113384807680518,-39.61072274966281,8.269120674509946,-6.262789543202922,-73.83951712727693,0.0,36.71105706198772,29.262401032275537,30.153124043000656,-81.36061378815694,0.0
852,28.4,1.6632935265421054,168.06573725558073,-0.8362277061412442,-39.780875814730926,6.237350724532877,-4.703780847044481,-72.43125879593308,0.0,37.30669076497685,29.97221605880557,29.290746663910983,-82.36067977499779,0.0
853,28.4333,1.113384807680518,168.0292313968821,-0.558051789952998,-39.90256201039297,4.17519302880198,-3.139041318485651,-71.03872686735357,0.0,37.882122236786635,30.638574237422826,28.397961598134337,-83.35227436935088,0.0
854,28.4667,0.5580517899530548,168.00731007577085,-0.279195973620034,-39.97563308076383,2.092694212323906,-1.5704773516126542,-69.66316784621009,0.0,38.437039871123616,31.260509412472302,27.475695675187083,-84.33471798181192,0.0
855,28.5,-0.0,168.0,-0.0,-40.0,1.1021821192326178e-14,-8.266365894244634e-15,-68.30581304412215,0.0,38.9711431702997,31.837119837408114,26.524906329631847,-85.30733729460351,0.0
856,28.5333,-0.5580517899530264,168.00731007577085,0.279195973620034,-39.97563308076383,-2.092694212323884,1.5704773516126376,-66.96787747746838,0.0,39.48414290795621,32.36756948223859,25.54658060713381,-86.26946572303206,0.0
857,28.5667,-1.113384807680518,168.0292313968821,0.558051789952998,-39.90256201039297,-4.175193028801958,3.139041318485635,-65.65055877978173,0.0,39.97576128568513,32.851089245689934,24.54173413977643,-87.22044387233174,0.0
858,28.6,-1.6632935265421054,168.06573725558073,0.8362277061412442,-39.780875814730926,-6.237350724532856,4.703780847044464,-64.35503612970459,0.0,40.44573208346253,33.28697807033044,23.511410091698846,-88.15961998958193,0.0
859,28.6333,-2.205098846535975,168.11678317510115,1.113384807680518,-39.61072274966282,-8.269120674509924,6.262789543202906,-63.082469195466025,0.0,40.893800803810336,33.67460395903544,22.45667807615535,-89.08635041038428,0.0
860,28.6667,-2.7361611466053546,168.1823069638535,1.3891854213354407,-39.39231012048832,-10.26060429977009,7.814167995011887,-61.83399709681899,0.0,41.31972480961233,34.01340489132395,21.37863304511211,-89.99999999999994,0.0
861,28.7,-3.253893144606394,168.26222879119433,1.663293526542077,-39.125904029352235,-12.202099292273964,9.356026086799135,-60.61073738537638,0.0,41.723273455505435,34.302889638233765,20.278394152543644,-90.89994258863791,0.0
862,28.7333,-3.7557725022871296,168.35645128468803,1.9353751647973354,-38.81182905103985,-14.084146883576754,10.886485301985074,-59.41378504424968,0.0,42.104228212778914,34.542638474556874,19.157103592601338,-91.78556140060104,0.0
863,28.7667,-4.23935411386563,168.46485964874017,2.205098846535975,-38.45046783753276,-15.897577926996114,12.403681011764933,-58.244211507891144,0.0,42.462382787711256,34.73230378740084,18.015925413863936,-92.65624947699328,0.0
864,28.8,-4.702282018339787,168.58732180445816,2.4721359549995725,-38.04226065180613,-17.63355756877423,13.905764746872663,-57.103063703014406,0.0,42.7975432332819,34.871610580194194,16.856044310901183,-93.5114100916989,0.0
865,28.8333,-5.142300877492289,168.72368855056908,2.736161146605326,-37.587704831436355,-19.283628290596113,15.390906449655029,-55.99136311145403,0.0,43.109528054196986,34.96035687140528,15.678664394402977,-94.35045716034881,0.0
866,28.8667,-5.557266963671964,168.87379374519855,2.9968527473272957,-37.0873541826715,-20.839751113769914,16.857296703716038,-54.91010485580051,0.0,43.398168305172234,34.99841398739605,14.485007941152725,-95.17281564199348,0.0
867,28.9,-5.945158603819124,169.0374545082888,3.253893144606394,-36.541818305704076,-22.29434476432174,18.303148938410917,-53.86025680863046,0.0,43.66330768241983,34.98572674898662,13.276314125141148,-95.97792193320734,0.0
868,28.9333,-6.3040860288537885,169.21447144440998,3.5069691743126157,-35.95176185196668,-23.640322608201657,19.726701605508485,-52.842758726130285,0.0,43.90480260828962,34.92231355145977,12.0538377311398,-96.76522425435432,0.0
869,28.9667,-6.632300580440301,169.40462888569286,3.755772502287101,-35.31790371435712,-24.87112717665118,21.126220325364997,-51.85852140688686,0.0,44.12252230901905,34.80826633788959,10.818847852067531,-97.53418302775005,0.0
870,29.0,-6.9282032302755,169.60769515458674,4.0,-34.64101615137754,-25.98076211353316,22.500000000000004,-50.90842587659854,0.0,44.316348885549374,34.64375046583264,9.57262657150231,-98.2842712474619,0.0
871,29.0333,-7.190352370393356,169.8234228461229,4.239354113865659,-33.92192384625701,-26.96382138897505,23.84636689049428,-49.99332259943968,0.0,44.48617737737003,34.429004467575616,8.316467632710324,-99.0149748404915,0.0
872,29.0667,-7.4174708365343065,170.0515491293395,4.473543227765958,-33.16150290220168,-27.815515637003607,25.16368065618358,-49.114030716778394,0.0,44.631915819356784,34.164339704286036,7.051675095566795,-99.72579301909578,0.0
873,29.1,-7.608452130361229,170.29179606750066,4.702282018339787,-32.360679774997855,-28.531695488854638,26.450336353161347,-48.27133731393489,0.0,44.753485291572304,33.85013991456848,5.779561982768842,-100.41623862400125,0.0
874,29.1333,-7.762365810207967,170.54387095671933,4.9252918026052726,-31.520430144268893,-29.108871788279885,27.704766389654605,-47.46599671563311,0.0,44.85081996200276,33.48686065808031,4.5014489167443,-101.08583845827876,0.0
875,29.1667,-7.878462024097672,170.80746668257228,5.142300877492318,-30.641777724759102,-29.54423259036625,28.925442435894297,-46.69872981077803,0.0,44.92386712220707,33.07502865501337,3.2186627486690647,-101.73413361164943,0.0
876,29.2,-7.956175162946181,171.08226209427124,5.353044850870845,-29.725793019095804,-29.835656861048193,30.110877286148572,-45.97022340716321,0.0,44.9725872158593,32.61524102240089,1.932535181020403,-102.36067977499783,0.0
877,29.2333,-7.99512661615276,171.3679223959362,5.557266963671992,-28.773592013546022,-29.981724810572874,31.259626670654907,-45.28112961668315,0.0,44.9969538601693,32.10816440835368,0.6444013850915811,-102.96504754488065,0.0
878,29.2667,-7.99512661615276,171.66409955449203,5.754718402709216,-27.78633481835993,-29.981724810572878,32.37029101523926,-44.632065271606805,0.0,44.9969538601693,31.55453402548548,-0.644401385091493,-103.54682271781691,0.0
879,29.3,-7.956175162946181,171.9704327236937,5.945158603819152,-26.765224254354326,-29.8356568610482,33.44151714648274,-44.02361137242742,0.0,44.972587215859306,30.95515258492345,-1.932535181020315,-104.10560657416372,0.0
880,29.3333,-7.878462024097672,172.2865486837615,6.128355544951802,-25.711504387461638,-29.544232590366263,34.47199994035395,-43.45631256778985,0.0,44.92386712220707,30.31088913245542,-3.2186627486689767,-104.6410161513775,0.0
881,29.3667,-7.762365810207967,172.61206229609212,6.3040860288537885,-24.626459013026295,-29.108871788279878,35.460483912302514,-42.93067666695488,0.0,44.85081996200278,29.622677788494915,-4.501448916744072,-105.15268450647858,0.0
882,29.4,-7.608452130361229,172.9465769724903,6.4721359549995725,-23.511410091698963,-28.53169548885463,36.405764746872606,-42.44717418524233,0.0,44.75348529157231,28.891516393697152,-5.7795619827687545,-105.64026096753469,0.0
883,29.4333,-7.4174708365343065,173.28968515835103,6.632300580440329,-22.367716138829863,-27.815515637003617,37.306690764976885,-42.0062379228556,0.0,44.63191581935679,28.118465062184857,-7.051675095566709,-106.10341137399439,0.0
884,29.4667,-7.190352370393356,173.6409688292015,6.784384769251403,-21.19677056932826,-26.96382138897506,38.16216432703912,-41.608262577466704,0.0,44.48617737737004,27.304644644484284,-8.316467632710237,-106.54181830570401,0.0
885,29.5,-6.9282032302755,174.0,6.9282032302755,-20.000000000000018,-25.980762113533174,38.971143170299726,-41.25360439090883,0.0,44.31634888554939,26.451235102399103,-9.572626571502225,-106.95518130045144,0.0
886,29.5333,-6.632300580440329,174.36634124656933,7.063580742871409,-18.77886251143557,-24.871127176651193,39.73264167865175,-40.94258083029137,0.0,44.12252230901906,25.559473798178562,-10.818847852067307,-107.34321705988805,0.0
887,29.5667,-6.3040860288537885,174.73954623853106,7.190352370393327,-17.53484587156311,-23.640322608201675,40.44573208346251,-40.67547030382394,0.0,43.904802608289636,24.63065370046057,-12.05383773113985,-107.70565964368713,0.0
888,29.6,-5.945158603819152,175.1191602830904,7.308363661140817,-16.269465723031974,-22.29434476432179,41.10954559391706,-40.45251191160327,0.0,43.66330768241984,23.666121509590727,-13.276314125141065,-108.04226065180613,0.0
889,29.6333,-5.557266963671992,175.50472087900903,7.4174708365343065,-14.984263736636528,-20.83975111376997,41.723273455505414,-40.27390523158633,0.0,43.398168305172256,22.667275705035618,-14.485007941152643,-108.35278939472772,0.0
890,29.6667,-5.142300877492289,175.895758280092,7.517540966287271,-13.68080573302671,-19.28362829059613,42.286167935365896,-40.139810140941,0.0,43.10952805419701,21.635564517721225,-15.678664394403025,-108.63703305156272,0.0
891,29.7,-4.702282018339787,176.29179606750063,7.608452130361229,-12.36067977499794,-17.633557568774247,42.79754323328189,-40.05034667293427,0.0,42.79754323328192,20.5724838302366,-16.856044310901105,-108.89479681590706,0.0
892,29.7333,-4.23935411386563,176.692351730196,7.690093567506551,-11.025494232679957,-15.897577926996137,43.25677631722435,-40.00559490948633,0.0,42.46238278771128,19.479575007947066,-18.015925413863854,-109.12590402935223,0.0
893,29.7667,-3.755772502287158,177.09693725280397,7.762365810207967,-9.676875823986784,-14.084146883576825,43.66330768241982,-40.00559490948633,0.0,42.104228212778935,18.35842266416183,-19.15710359260126,-109.33019630255818,0.0
894,29.8,-3.253893144606394,177.5050597101869,7.8251808058704455,-8.316467632710324,-12.202099292273939,44.01664203302126,-40.05034667293427,0.0,41.723273455505456,17.210652362596154,-20.27839415254357,-109.50753362380551,0.0
895,29.8333,-2.7361611466053546,177.91622186799682,7.878462024097672,-6.945927106677251,-10.260604299770115,44.31634888554935,-40.13981014094098,0.0,41.31972480961237,16.037928260459598,-21.378633045111922,-109.6577944549524,0.0
896,29.8667,-2.205098846535975,178.32992278847922,7.922144549932568,-5.5669240384025995,-8.26912067450995,44.56206309337067,-40.27390523158634,0.0,40.893800803810365,14.84195069558607,-22.456678076155274,-109.78087581473093,0.0
897,29.9,-1.6632935265421054,178.74565844078813,7.956175162946181,-4.181138530706207,-6.237350724532881,44.7534852915723,-40.45251191160323,0.0,40.44573208346256,13.624453721108932,-23.511410091698774,-109.87669334932511,0.0
898,29.9333,-1.113384807680518,179.1629223150705,7.9805124020786025,-2.7902589497649903,-4.175193028801931,44.890382261692096,-40.67547030382393,0.0,39.97576128568517,12.38720259124641,-24.54173413977636,-109.94518139018297,0.0
899,29.9667,-0.5580517899530264,179.58120603956996,7.99512661615276,-1.3959798681001037,-2.0926942123238566,44.972587215859306,-40.94258083029135,0.0,39.48414290795625,11.131991201855344,-25.546580607133855,-109.98629299902228,0.0
