frame,time_s,has_pose,left_shoulder_x,left_shoulder_y,left_shoulder_z,left_shoulder_vis,left_shoulder_src,right_shoulder_x,right_shoulder_y,right_shoulder_z,right_shoulder_vis,right_shoulder_src,left_elbow_x,left_elbow_y,left_elbow_z,left_elbow_vis,left_elbow_src,right_elbow_x,right_elbow_y,right_elbow_z,right_elbow_vis,right_elbow_src,left_wrist_x,left_wrist_y,left_wrist_z,left_wrist_vis,left_wrist_src,right_wrist_x,right_wrist_y,right_wrist_z,right_wrist_vis,right_wrist_src,left_hip_x,left_hip_y,left_hip_z,left_hip_vis,left_hip_src,right_hip_x,right_hip_y,right_hip_z,right_hip_vis,right_hip_src
0,0.000000,1,0.177075,-0.356396,1.311000,0.9998,0,-0.129887,-0.354180,1.295000,1.0000,0,0.198904,-0.093296,1.258000,0.5374,0,-0.196978,-0.104976,1.274000,0.9811,0,,,,0.0169,1,-0.212982,0.121848,1.156000,0.9301,0,0.095200,-0.058750,1.229000,0.9999,0,-0.047831,-0.060033,1.214000,1.0000,0
1,0.033401,1,0.186131,-0.348553,1.314000,0.9998,0,-0.142676,-0.345646,1.295000,1.0000,0,0.225840,-0.088249,1.306000,0.5773,0,-0.196978,-0.092384,1.274000,0.9766,0,,,,0.0733,1,-0.211080,0.119944,1.156000,0.9214,0,0.098438,-0.012084,1.219000,0.9999,0,-0.051528,-0.011965,1.207000,1.0000,0
2,0.066803,1,0.195671,-0.343621,1.320000,0.9998,0,-0.153770,-0.342840,1.317000,0.9999,0,0.243838,-0.087153,1.322000,0.6034,0,-0.195432,-0.079164,1.264000,0.9675,0,,,,0.1062,1,-0.204306,0.128794,1.150000,0.8977,0,0.112944,0.040293,1.224000,0.9999,0,-0.051230,0.045434,1.200000,0.9999,0
3,0.100205,1,0.203874,-0.344292,1.331000,0.9998,0,-0.161247,-0.338374,1.325000,0.9997,0,0.246014,-0.082797,1.322000,0.6130,0,-0.193658,-0.068862,1.266000,0.9187,0,,,,0.1252,1,-0.198103,0.135413,1.158000,0.8245,0,0.118988,0.088688,1.224000,0.9998,0,-0.051443,0.089296,1.205000,0.9999,0
4,0.133607,1,0.205601,-0.336952,1.328000,0.9998,0,-0.165608,-0.334008,1.325000,0.9995,0,0.246014,-0.063196,1.322000,0.6285,0,-0.191669,-0.043384,1.253000,0.8784,0,,,,0.1591,1,-0.174972,0.157692,1.182000,0.7561,0,0.127254,0.131247,1.226000,0.9998,0,-0.055180,0.142301,1.200000,0.9998,0
5,0.167010,1,0.210446,-0.335521,1.331000,0.9997,0,-0.170355,-0.336952,1.328000,0.9993,0,0.248190,-0.052307,1.322000,0.6278,0,-0.193732,-0.041320,1.253000,0.8403,0,,,,0.1790,1,-0.182135,0.166862,1.178000,0.7138,0,0.127254,0.159523,1.226000,0.9997,0,-0.063343,0.162746,1.205000,0.9997,0
6,0.200413,1,0.208233,-0.325483,1.317000,0.9996,0,-0.171761,-0.335430,1.322000,0.9991,0,0.250934,-0.030597,1.325000,0.6291,0,-0.199919,-0.035127,1.253000,0.8137,0,,,,0.1857,1,-0.189707,0.178214,1.189000,0.6816,0,0.130005,0.193960,1.214000,0.9996,0,-0.067727,0.194254,1.145000,0.9996,0
7,0.233817,1,0.213375,-0.326718,1.322000,0.9996,0,-0.177312,-0.335521,1.331000,0.9987,0,0.255339,-0.017355,1.314000,0.6360,0,-0.204132,-0.014347,1.241000,0.7805,0,,,,0.1903,1,-0.178858,0.193876,1.121000,0.6270,0,0.141725,0.206480,1.229000,0.9995,0,-0.058677,0.181371,0.992000,0.9995,0
8,0.267221,1,0.217727,-0.328896,1.322000,0.9994,0,-0.176912,-0.334765,1.328000,0.9985,0,0.259664,-0.021685,1.314000,0.6324,0,-0.205676,-0.008193,1.238000,0.7583,0,,,,0.1872,1,-0.161198,0.182833,1.000000,0.5896,0,0.117660,0.179736,0.992000,0.9994,0,-0.058796,0.189924,0.994000,0.9994,0
9,0.300625,1,0.221400,-0.331135,1.331000,0.9994,0,-0.176912,-0.332577,1.328000,0.9982,0,0.261827,-0.019520,1.314000,0.6508,0,-0.203309,-0.004108,1.236000,0.7389,0,,,,0.2111,1,-0.138263,0.182451,0.989000,0.5558,0,0.122435,0.182820,0.991000,0.9993,0,-0.058263,0.196318,0.985000,0.9993,0
10,0.334030,1,0.228486,-0.331882,1.334000,0.9993,0,-0.178694,-0.331826,1.325000,0.9979,0,0.267294,-0.019446,1.309000,0.6433,0,-0.203309,-0.002072,1.236000,0.7061,0,,,,0.2063,1,-0.141519,0.184081,0.989000,0.5163,0,0.124442,0.186649,0.994000,0.9992,0,-0.061568,0.199766,0.986000,0.9992,0
11,0.367435,1,0.231201,-0.332628,1.337000,0.9990,0,-0.178694,-0.331826,1.325000,0.9974,0,0.266682,-0.004340,1.306000,0.6362,0,-0.202980,-0.000035,1.234000,0.6785,0,,,,0.1987,1,,,,0.4805,1,0.127457,0.186273,0.992000,0.9990,0,-0.062807,0.200165,0.980000,0.9991,0
12,0.400841,1,0.233401,-0.332628,1.337000,0.9989,0,-0.182103,-0.334079,1.334000,0.9968,0,0.268214,-0.004331,1.303000,0.6378,0,-0.202980,-0.002068,1.234000,0.6444,0,,,,0.1997,1,,,,0.4428,1,0.127072,0.188969,0.989000,0.9989,0,-0.064288,0.201367,0.978000,0.9989,0
13,0.434247,1,0.232354,-0.333328,1.331000,0.9989,0,-0.181284,-0.332577,1.328000,0.9967,0,0.270981,-0.008644,1.306000,0.6587,0,-0.195961,-0.006169,1.241000,0.6431,0,,,,0.2270,1,,,,0.4365,1,0.133583,0.185710,0.989000,0.9989,0,-0.061693,0.196916,0.988000,0.9989,0
14,0.467653,1,0.232877,-0.334079,1.334000,0.9989,0,-0.181693,-0.335521,1.331000,0.9967,0,0.269736,-0.008604,1.300000,0.6646,0,-0.197067,-0.006204,1.248000,0.6452,0,,,,0.2388,1,,,,0.4437,1,0.136304,0.180642,0.997000,0.9989,0,-0.056872,0.190598,0.989000,0.9989,0
15,0.501060,1,0.233401,-0.334831,1.337000,0.9988,0,-0.181693,-0.335521,1.331000,0.9967,0,0.271603,-0.008663,1.309000,0.6648,0,-0.195961,-0.008213,1.241000,0.6425,0,,,,0.2415,1,,,,0.4433,1,0.133448,0.174129,0.988000,0.9988,0,-0.053400,0.184959,0.985000,0.9989,0
16,0.534467,1,0.229644,-0.332577,1.328000,0.9988,0,-0.182103,-0.336277,1.334000,0.9968,0,0.271603,-0.010820,1.309000,0.6693,0,-0.197067,-0.010316,1.248000,0.6429,0,,,,0.2421,1,,,,0.4445,1,0.132088,0.172850,0.990000,0.9988,0,-0.053616,0.184081,0.989000,0.9989,0
17,0.567875,1,0.228607,-0.331074,1.322000,0.9987,0,-0.179098,-0.334765,1.328000,0.9968,0,0.271603,-0.012976,1.309000,0.6741,0,-0.195961,-0.010258,1.241000,0.6415,0,,,,0.2460,1,,,,0.4396,1,0.132622,0.173549,0.994000,0.9988,0,-0.053996,0.185384,0.996000,0.9989,0
18,0.601283,1,0.230682,-0.336277,1.334000,0.9987,0,-0.179098,-0.334765,1.328000,0.9969,0,0.269861,-0.015156,1.311000,0.6832,0,-0.194231,-0.014370,1.243000,0.6508,0,,,,0.2649,1,,,,0.4601,1,0.132355,0.171565,0.992000,0.9989,0,-0.052567,0.184481,1.000000,0.9990,0
19,0.634692,1,0.230163,-0.335521,1.331000,0.9987,0,-0.178694,-0.334008,1.325000,0.9970,0,0.269861,-0.015156,1.311000,0.6824,0,-0.194231,-0.014370,1.243000,0.6513,0,,,,0.2648,1,,,,0.4649,1,0.132355,0.171565,0.992000,0.9989,0,-0.052514,0.184296,0.999000,0.9990,0
20,0.668100,1,0.228486,-0.336277,1.334000,0.9987,0,-0.179098,-0.334765,1.328000,0.9971,0,0.269861,-0.017316,1.311000,0.6847,0,-0.194700,-0.014404,1.246000,0.6593,0,,,,0.2682,1,,,,0.4815,1,0.130854,0.171738,0.993000,0.9988,0,-0.052357,0.182102,0.996000,0.9990,0
21,0.701510,1,0.227972,-0.335521,1.331000,0.9987,0,-0.178289,-0.333252,1.322000,0.9972,0,0.267703,-0.019475,1.311000,0.6823,0,-0.194231,-0.016417,1.243000,0.6603,0,,,,0.2644,1,,,,0.4847,1,,,,0.9988,2,-0.052567,0.182833,1.000000,0.9990,0
22,0.734919,1,0.227972,-0.335521,1.331000,0.9987,0,-0.176513,-0.336191,1.325000,0.9972,0,0.267703,-0.019475,1.311000,0.6736,0,-0.196277,-0.016417,1.243000,0.6620,0,,,,0.2593,1,,,,0.4883,1,0.132699,0.172501,1.007000,0.9988,0,-0.050717,0.182102,0.996000,0.9990,0
23,0.768330,1,0.227972,-0.335521,1.331000,0.9987,0,-0.176513,-0.336191,1.325000,0.9973,0,0.265140,-0.019446,1.309000,0.6773,0,-0.196277,-0.018465,1.243000,0.6666,0,,,,0.2657,1,,,,0.4996,1,,,,0.9988,2,-0.050208,0.180274,0.986000,0.9990,0
24,0.801740,1,0.225782,-0.335521,1.331000,0.9987,0,-0.175847,-0.334922,1.320000,0.9974,0,0.266153,-0.019520,1.314000,0.6821,0,-0.197525,-0.018391,1.238000,0.6581,0,,,,0.2666,1,,,,0.4896,1,0.133095,0.173015,1.010000,0.9988,0,-0.050310,0.180639,0.988000,0.9990,0
25,0.835151,1,0.225782,-0.337714,1.331000,0.9987,0,-0.176912,-0.336952,1.328000,0.9975,0,0.264532,-0.023704,1.306000,0.6867,0,-0.197206,-0.018361,1.236000,0.6712,0,,,,0.2728,1,-0.185700,0.182157,1.152000,0.5118,0,,,,0.9988,2,-0.050615,0.181736,0.994000,0.9990,0
26,0.868563,1,0.227139,-0.339743,1.339000,0.9987,0,-0.176113,-0.335430,1.322000,0.9976,0,0.266760,-0.023904,1.317000,0.6857,0,-0.196408,-0.018287,1.231000,0.6794,0,,,,0.2703,1,-0.188670,0.183256,1.147000,0.5242,0,0.133095,0.173015,1.010000,0.9988,0,-0.050514,0.181371,0.992000,0.9990,0
27,0.901974,1,0.227647,-0.340504,1.342000,0.9987,0,-0.176113,-0.333252,1.322000,0.9976,0,0.265545,-0.023795,1.311000,0.6923,0,-0.197525,-0.018391,1.238000,0.6871,0,,,,0.2777,1,-0.190225,0.182936,1.145000,0.5353,0,0.130723,0.169931,0.992000,0.9988,0,-0.050514,0.181371,0.992000,0.9990,0
28,0.935386,1,0.226290,-0.338475,1.334000,0.9987,0,-0.175847,-0.332748,1.320000,0.9977,0,0.265140,-0.025915,1.309000,0.6909,0,-0.198435,-0.018287,1.231000,0.6952,0,,,,0.2778,1,-0.201996,0.176039,1.137000,0.5569,0,0.131172,0.174332,1.008000,0.9987,0,-0.053996,0.182102,0.996000,0.9990,0
29,0.968798,1,0.226799,-0.339236,1.337000,0.9987,0,-0.176113,-0.333252,1.322000,0.9977,0,0.266153,-0.026014,1.314000,0.6928,0,-0.199646,-0.018213,1.226000,0.7011,0,,,,0.2831,1,-0.202707,0.180417,1.141000,0.5670,0,0.128960,0.171392,0.991000,0.9987,0,-0.053725,0.181188,0.991000,0.9989,0
30,1.002159,1,0.228156,-0.341266,1.345000,0.9987,0,-0.176113,-0.333252,1.322000,0.9978,0,0.265140,-0.025915,1.309000,0.7023,0,-0.199321,-0.022216,1.224000,0.7095,0,,,,0.2936,1,-0.200930,0.165794,1.131000,0.5837,0,,,,0.9987,2,-0.053887,0.181736,0.994000,0.9990,0
31,1.035505,1,0.227139,-0.339743,1.339000,0.9987,0,-0.175847,-0.332748,1.320000,0.9978,0,0.265545,-0.025955,1.311000,0.7026,0,-0.197692,-0.024034,1.214000,0.7107,0,,,,0.2935,1,-0.201716,0.159354,1.125000,0.5923,0,,,,0.9987,2,-0.054050,0.182285,0.997000,0.9989,0
32,1.068851,1,0.226290,-0.338475,1.334000,0.9987,0,-0.175847,-0.332748,1.320000,0.9979,0,0.267703,-0.025955,1.311000,0.7002,0,-0.199362,-0.027988,1.212000,0.7217,0,,,,0.2912,1,-0.206165,0.156661,1.119000,0.6151,0,,,,0.9987,2,-0.055635,0.182102,0.996000,0.9989,0
33,1.102197,1,0.227139,-0.339743,1.339000,0.9987,0,-0.175847,-0.332748,1.320000,0.9979,0,0.267294,-0.025915,1.309000,0.7051,0,-0.200526,-0.027872,1.207000,0.7217,0,,,,0.2963,1,-0.205060,0.155821,1.113000,0.6116,0,0.130027,0.176691,1.012000,0.9986,0,-0.055524,0.183374,0.994000,0.9989,0
34,1.135543,1,0.226799,-0.339236,1.337000,0.9987,0,-0.175047,-0.331235,1.314000,0.9979,0,0.268928,-0.026073,1.317000,0.7107,0,-0.202177,-0.031797,1.205000,0.7273,0,,,,0.3048,1,-0.208286,0.143258,1.101000,0.6293,0,0.127457,0.173200,0.992000,0.9985,0,-0.056815,0.183895,0.988000,0.9989,0
35,1.168889,1,0.227647,-0.340504,1.342000,0.9987,0,-0.175047,-0.331235,1.314000,0.9980,0,0.267703,-0.025955,1.311000,0.7144,0,-0.201841,-0.029762,1.203000,0.7348,0,,,,0.3100,1,-0.209421,0.144039,1.107000,0.6503,0,0.126943,0.177384,0.988000,0.9984,0,-0.056872,0.188969,0.989000,0.9988,0
36,1.202235,1,0.227139,-0.341949,1.339000,0.9987,0,-0.175047,-0.333400,1.314000,0.9978,0,0.270478,-0.028179,1.314000,0.7255,0,-0.201002,-0.031612,1.198000,0.7222,0,,,,0.3226,1,-0.205015,0.153021,1.133000,0.6144,0,0.129090,0.179736,0.992000,0.9984,0,-0.055244,0.192227,0.989000,0.9987,0
37,1.235580,1,0.225782,-0.339906,1.331000,0.9987,0,-0.172490,-0.332639,1.311000,0.9978,0,0.269861,-0.028114,1.311000,0.7175,0,-0.203748,-0.035351,1.191000,0.7156,0,,,,0.3085,1,-0.208286,0.148699,1.101000,0.6025,0,0.130651,0.181911,1.004000,0.9983,0,-0.055244,0.190598,0.989000,0.9987,0
38,1.268925,1,0.226290,-0.340672,1.334000,0.9986,0,-0.172227,-0.332131,1.309000,0.9977,0,0.272018,-0.028114,1.311000,0.7147,0,-0.202600,-0.030952,1.173000,0.6989,0,,,,0.2966,1,-0.207808,0.150667,1.089000,0.5748,0,0.130723,0.179736,0.992000,0.9983,0,-0.055244,0.192227,0.989000,0.9987,0
39,1.302271,1,0.228486,-0.340672,1.334000,0.9986,0,-0.171832,-0.331370,1.306000,0.9977,0,0.273758,-0.028071,1.309000,0.7136,0,-0.202945,-0.031005,1.175000,0.6893,0,,,,0.2890,1,-0.208953,0.147889,1.095000,0.5645,0,0.130591,0.181188,0.991000,0.9982,0,-0.055021,0.191450,0.985000,0.9986,0
40,1.335616,1,0.227972,-0.339906,1.331000,0.9986,0,-0.171437,-0.332756,1.303000,0.9977,0,0.275912,-0.028071,1.309000,0.7197,0,-0.203833,-0.036624,1.169000,0.6949,0,,,,0.2935,1,-0.213386,0.137719,1.072000,0.5758,0,0.131955,0.180822,0.989000,0.9981,0,-0.055021,0.193072,0.985000,0.9986,0
41,1.368960,1,0.226945,-0.338374,1.325000,0.9986,0,-0.171437,-0.332756,1.303000,0.9977,0,0.276334,-0.028114,1.311000,0.7278,0,-0.203821,-0.036279,1.158000,0.6877,0,,,,0.2977,1,-0.210997,0.136177,1.060000,0.5510,0,0.131822,0.182267,0.988000,0.9981,0,-0.056412,0.192288,0.981000,0.9986,0
42,1.402305,1,0.230163,-0.339906,1.331000,0.9986,0,-0.170779,-0.335755,1.298000,0.9977,0,0.276966,-0.028179,1.314000,0.7360,0,-0.203469,-0.040026,1.156000,0.6938,0,,,,0.3068,1,-0.210997,0.130938,1.060000,0.5681,0,0.132622,0.183374,0.994000,0.9981,0,-0.056412,0.192288,0.981000,0.9985,0
43,1.435650,1,0.230163,-0.339906,1.331000,0.9986,0,-0.169990,-0.334203,1.292000,0.9977,0,0.276966,-0.026014,1.314000,0.7391,0,-0.201885,-0.039714,1.147000,0.6946,0,,,,0.3054,1,-0.210534,0.127851,1.049000,0.5716,0,0.132622,0.185011,0.994000,0.9980,0,-0.059945,0.193268,0.986000,0.9985,0
44,1.468995,1,0.229125,-0.338374,1.325000,0.9985,0,-0.169990,-0.336332,1.292000,0.9976,0,0.276966,-0.026014,1.314000,0.7391,0,-0.202707,-0.039506,1.141000,0.6943,0,,,,0.3035,1,-0.212152,0.126755,1.040000,0.5683,0,0.131555,0.183522,0.986000,0.9978,0,-0.059884,0.194695,0.985000,0.9984,0
45,1.502339,1,0.229644,-0.341328,1.328000,0.9985,0,-0.169727,-0.335811,1.290000,0.9976,0,0.276966,-0.026014,1.314000,0.7413,0,-0.205377,-0.039298,1.135000,0.6952,0,,,,0.3026,1,-0.210779,0.124926,1.025000,0.5642,0,0.132622,0.186649,0.994000,0.9978,0,-0.063127,0.194695,0.985000,0.9983,0
46,1.535683,1,0.227458,-0.343516,1.328000,0.9985,0,-0.168937,-0.334249,1.284000,0.9977,0,0.274648,-0.027943,1.303000,0.7510,0,-0.205419,-0.040806,1.125000,0.7084,0,,,,0.3187,1,-0.211807,0.111961,1.030000,0.5897,0,0.132889,0.187024,0.996000,0.9977,0,-0.063319,0.195288,0.988000,0.9983,0
47,1.569027,1,0.226431,-0.341964,1.322000,0.9985,0,-0.168937,-0.334249,1.284000,0.9977,0,0.275912,-0.028071,1.309000,0.7573,0,-0.207639,-0.042735,1.127000,0.7100,0,,,,0.3251,1,-0.213108,0.107513,1.020000,0.5877,0,0.130327,0.185710,0.989000,0.9977,0,-0.062871,0.193904,0.981000,0.9983,0
48,1.602371,1,0.226431,-0.341964,1.322000,0.9986,0,-0.168280,-0.335055,1.279000,0.9977,0,0.275912,-0.028071,1.309000,0.7661,0,-0.206902,-0.044433,1.123000,0.7140,0,,,,0.3417,1,-0.211646,0.103438,1.013000,0.5987,0,0.130591,0.186086,0.991000,0.9976,0,-0.063511,0.195881,0.991000,0.9982,0
49,1.635715,1,0.226945,-0.340557,1.325000,0.9986,0,-0.167885,-0.332167,1.276000,0.9977,0,0.276334,-0.028114,1.311000,0.7697,0,-0.206892,-0.040370,1.113000,0.7133,0,,,,0.3438,1,-0.211373,0.103343,0.996000,0.5945,0,0.130195,0.185522,0.988000,0.9976,0,-0.063191,0.196517,0.986000,0.9982,0
50,1.669059,1,0.223916,-0.339272,1.320000,0.9986,0,-0.167622,-0.331646,1.274000,0.9978,0,0.275912,-0.028071,1.309000,0.7728,0,-0.207907,-0.043483,1.099000,0.7218,0,,,,0.3539,1,-0.211301,0.096002,0.988000,0.6182,0,0.130327,0.187339,0.989000,0.9975,0,-0.064485,0.195521,0.981000,0.9981,0
51,1.702403,1,0.223407,-0.338501,1.317000,0.9985,0,-0.165517,-0.327481,1.258000,0.9979,0,0.276334,-0.028114,1.311000,0.7654,0,-0.207235,-0.042969,1.086000,0.7281,0,,,,0.3511,1,-0.210232,0.095516,0.983000,0.6493,0,0.131250,0.190306,0.996000,0.9973,0,-0.066100,0.197137,0.981000,0.9981,0
52,1.735746,1,0.223916,-0.341446,1.320000,0.9985,0,-0.167321,-0.326960,1.256000,0.9979,0,0.275912,-0.030228,1.309000,0.7697,0,-0.204564,-0.042415,1.072000,0.7289,0,,,,0.3559,1,-0.210232,0.095516,0.983000,0.6606,0,0.130327,0.188969,0.989000,0.9973,0,-0.065898,0.196534,0.978000,0.9980,0
53,1.769089,1,0.223407,-0.340670,1.317000,0.9985,0,-0.167587,-0.327481,1.258000,0.9980,0,0.275912,-0.030228,1.309000,0.7749,0,-0.205327,-0.042573,1.076000,0.7277,0,,,,0.3697,1,-0.208948,0.094933,0.977000,0.6784,0,0.131381,0.190497,0.997000,0.9971,0,-0.068198,0.198543,0.988000,0.9979,0
54,1.802433,1,0.223407,-0.340670,1.317000,0.9985,0,-0.167321,-0.324891,1.256000,0.9980,0,0.273758,-0.030228,1.309000,0.7786,0,-0.204981,-0.038629,1.065000,0.7347,0,,,,0.3879,1,-0.209263,0.094350,0.971000,0.7039,0,0.130723,0.191176,0.992000,0.9969,0,-0.067715,0.200369,0.981000,0.9978,0
55,1.835776,1,0.221239,-0.340670,1.317000,0.9985,0,-0.167987,-0.330339,1.261000,0.9981,0,0.276966,-0.034673,1.314000,0.7786,0,-0.209257,-0.049756,1.078000,0.7385,0,,,,0.3917,1,-0.210972,0.089837,0.957000,0.7225,0,0.130327,0.190598,0.989000,0.9968,0,-0.067853,0.200777,0.983000,0.9977,0
56,1.869118,1,0.221239,-0.342840,1.317000,0.9985,0,-0.167321,-0.329030,1.256000,0.9982,0,0.274804,-0.036837,1.314000,0.7773,0,-0.207899,-0.054726,1.071000,0.7438,0,,,,0.3972,1,-0.212556,0.079790,0.950000,0.7426,0,0.130591,0.190983,0.991000,0.9965,0,-0.066100,0.200369,0.981000,0.9976,0
57,1.902461,1,0.221743,-0.343621,1.320000,0.9985,0,-0.166655,-0.327720,1.251000,0.9983,0,0.274804,-0.039002,1.314000,0.7670,0,-0.207510,-0.058146,1.069000,0.7488,0,,,,0.3972,1,-0.217428,0.073065,0.944000,0.7647,0,0.131381,0.192140,0.997000,0.9963,0,-0.066235,0.200777,0.983000,0.9975,0
58,1.935804,1,0.220231,-0.341278,1.311000,0.9985,0,-0.164923,-0.324314,1.238000,0.9983,0,0.274804,-0.039002,1.314000,0.7723,0,-0.205375,-0.055805,1.058000,0.7562,0,,,,0.4181,1,-0.218054,0.072755,0.940000,0.7846,0,0.129932,0.190020,0.986000,0.9962,0,-0.065898,0.199756,0.978000,0.9974,0
59,1.969146,1,0.220231,-0.341278,1.311000,0.9984,0,-0.163280,-0.329189,1.241000,0.9984,0,0.273758,-0.038854,1.309000,0.7644,0,-0.205375,-0.062777,1.058000,0.7493,0,,,,0.4094,1,-0.218200,0.069214,0.934000,0.7938,0,0.130591,0.190983,0.991000,0.9961,0,-0.066100,0.197137,0.981000,0.9973,0
60,2.002489,1,0.219895,-0.340757,1.309000,0.9984,0,-0.162359,-0.327332,1.234000,0.9984,0,0.274176,-0.038913,1.311000,0.7491,0,-0.204016,-0.060630,1.051000,0.7436,0,,,,0.4077,1,-0.217265,0.065853,0.930000,0.8102,0,0.130327,0.190598,0.989000,0.9956,0,-0.065830,0.196333,0.977000,0.9971,0
61,2.035848,1,0.219895,-0.340757,1.309000,0.9984,0,-0.162622,-0.327863,1.236000,0.9984,0,0.274176,-0.038913,1.311000,0.7471,0,-0.203240,-0.060399,1.047000,0.7363,0,,,,0.4082,1,-0.216564,0.065641,0.927000,0.8188,0,0.130986,0.189924,0.994000,0.9955,0,-0.066100,0.195521,0.981000,0.9969,0
62,2.069197,1,0.219391,-0.342128,1.306000,0.9983,0,-0.161964,-0.328564,1.231000,0.9985,0,0.273131,-0.038765,1.306000,0.7404,0,-0.203628,-0.062243,1.049000,0.7442,0,,,,0.4085,1,-0.218561,0.061191,0.929000,0.8346,0,0.130195,0.188778,0.988000,0.9954,0,-0.062999,0.195919,0.983000,0.9969,0
63,2.102546,1,0.218887,-0.341342,1.303000,0.9983,0,-0.161701,-0.328030,1.229000,0.9985,0,0.273758,-0.041010,1.309000,0.7345,0,-0.201687,-0.061649,1.039000,0.7352,0,,,,0.3994,1,-0.216679,0.062181,0.921000,0.8335,0,0.130591,0.187718,0.991000,0.9954,0,-0.064945,0.195288,0.988000,0.9970,0
64,2.135895,1,0.219391,-0.342128,1.306000,0.9982,0,-0.161043,-0.326696,1.224000,0.9985,0,0.273131,-0.040916,1.306000,0.7211,0,-0.200910,-0.061412,1.035000,0.7355,0,,,,0.3909,1,-0.218194,0.060664,0.921000,0.8471,0,0.130986,0.188286,0.994000,0.9951,0,-0.064485,0.195521,0.981000,0.9968,0
65,2.169243,1,0.218887,-0.341342,1.303000,0.9981,0,-0.160385,-0.327370,1.219000,0.9985,0,0.272503,-0.040822,1.303000,0.7168,0,-0.199552,-0.060997,1.028000,0.7352,0,,,,0.3864,1,-0.216536,0.060203,0.914000,0.8554,0,0.131250,0.190306,0.996000,0.9950,0,-0.064617,0.195919,0.983000,0.9968,0
66,2.202592,1,0.218383,-0.340556,1.300000,0.9981,0,-0.160648,-0.327907,1.221000,0.9985,0,0.273131,-0.040916,1.306000,0.7102,0,-0.200328,-0.061234,1.032000,0.7341,0,,,,0.3802,1,-0.218584,0.058440,0.910000,0.8646,0,0.129932,0.188395,0.986000,0.9949,0,-0.066033,0.195321,0.980000,0.9967,0
67,2.235940,1,0.218047,-0.344309,1.298000,0.9980,0,-0.160122,-0.328837,1.217000,0.9986,0,0.273131,-0.043068,1.306000,0.7093,0,-0.197282,-0.060819,1.025000,0.7454,0,,,,0.3870,1,-0.219356,0.058248,0.907000,0.8763,0,0.130591,0.189351,0.991000,0.9948,0,-0.066033,0.195321,0.980000,0.9967,0
68,2.269289,1,0.217543,-0.343513,1.295000,0.9979,0,-0.159201,-0.326946,1.210000,0.9986,0,0.273131,-0.043068,1.306000,0.6906,0,-0.196705,-0.060641,1.022000,0.7404,0,,,,0.3716,1,-0.220849,0.058248,0.907000,0.8843,0,0.130327,0.188969,0.989000,0.9947,0,-0.066369,0.197940,0.985000,0.9967,0
69,2.302637,1,0.218047,-0.346447,1.298000,0.9978,0,-0.159464,-0.327486,1.212000,0.9986,0,0.271457,-0.044942,1.298000,0.6826,0,-0.196320,-0.060522,1.020000,0.7435,0,,,,0.3659,1,-0.220606,0.058183,0.906000,0.8918,0,0.130591,0.189351,0.991000,0.9945,0,-0.066100,0.197137,0.981000,0.9966,0
70,2.335985,1,0.215412,-0.345646,1.295000,0.9977,0,-0.158806,-0.326135,1.207000,0.9986,0,0.271876,-0.045011,1.300000,0.6775,0,-0.196320,-0.063883,1.020000,0.7429,0,,,,0.3656,1,-0.218414,0.057605,0.897000,0.8975,0,0.130327,0.188969,0.989000,0.9944,0,-0.066033,0.196936,0.980000,0.9965,0
71,2.369333,1,0.214580,-0.348562,1.290000,0.9976,0,-0.158543,-0.327580,1.205000,0.9985,0,0.272503,-0.047262,1.303000,0.6653,0,-0.195935,-0.062080,1.018000,0.7364,0,,,,0.3544,1,-0.217440,0.057349,0.893000,0.9017,0,0.130327,0.188969,0.989000,0.9945,0,-0.065898,0.196534,0.978000,0.9966,0
72,2.402681,1,0.212457,-0.348562,1.290000,0.9976,0,-0.159861,-0.326221,1.200000,0.9985,0,0.273131,-0.049522,1.306000,0.6575,0,-0.192351,-0.059810,1.008000,0.7310,0,,,,0.3453,1,-0.217440,0.058820,0.893000,0.9043,0,0.130195,0.188778,0.988000,0.9945,0,-0.064288,0.196534,0.978000,0.9966,0
73,2.436029,1,0.211963,-0.349872,1.287000,0.9975,0,-0.160892,-0.324318,1.193000,0.9985,0,0.269736,-0.049295,1.300000,0.6422,0,-0.191779,-0.059632,1.005000,0.7143,0,,,,0.3346,1,-0.215005,0.058161,0.883000,0.9058,0,0.130723,0.191176,0.992000,0.9944,0,-0.065830,0.199552,0.977000,0.9966,0
74,2.469377,1,0.209355,-0.351171,1.284000,0.9973,0,-0.160352,-0.323230,1.189000,0.9985,0,0.269861,-0.051872,1.311000,0.6264,0,-0.190824,-0.057688,1.000000,0.7208,0,,,,0.3265,1,-0.214031,0.062242,0.879000,0.9115,0,0.127714,0.191561,0.994000,0.9943,0,-0.067991,0.201186,0.985000,0.9965,0
75,2.502725,1,0.208210,-0.354938,1.290000,0.9974,0,-0.160082,-0.324642,1.187000,0.9985,0,0.269861,-0.054031,1.311000,0.6373,0,-0.190252,-0.057515,0.997000,0.7306,0,,,,0.3414,1,-0.212327,0.064619,0.872000,0.9168,0,0.127072,0.190598,0.989000,0.9943,0,-0.066437,0.201390,0.986000,0.9965,0
76,2.536072,1,0.204330,-0.356125,1.279000,0.9974,0,-0.161354,-0.323275,1.182000,0.9985,0,0.270478,-0.058484,1.314000,0.6400,0,-0.190061,-0.057457,0.996000,0.7399,0,,,,0.3408,1,-0.213057,0.064842,0.875000,0.9198,0,0.127329,0.189351,0.991000,0.9943,0,-0.066369,0.199563,0.985000,0.9965,0
77,2.569420,1,0.201434,-0.363128,1.274000,0.9975,0,-0.163299,-0.323275,1.182000,0.9985,0,0.268831,-0.062431,1.306000,0.6321,0,-0.189680,-0.055704,0.994000,0.7419,0,,,,0.3326,1,-0.211109,0.067105,0.867000,0.9205,0,0.128099,0.188855,0.997000,0.9942,0,-0.066369,0.199563,0.985000,0.9964,0
78,2.602767,1,0.200960,-0.362273,1.271000,0.9975,0,-0.162056,-0.322746,1.173000,0.9986,0,0.268214,-0.064434,1.303000,0.6191,0,-0.186908,-0.055368,0.988000,0.7463,0,,,,0.3243,1,-0.210866,0.067028,0.866000,0.9252,0,0.128569,0.185522,0.988000,0.9942,0,-0.062807,0.198550,0.980000,0.9964,0
79,2.636115,1,0.200960,-0.362273,1.271000,0.9974,0,-0.161779,-0.324124,1.171000,0.9985,0,0.269449,-0.064731,1.309000,0.6033,0,-0.186341,-0.051954,0.985000,0.7353,0,,,,0.3081,1,-0.208431,0.078945,0.856000,0.9077,0,0.129932,0.185147,0.986000,0.9943,0,-0.063127,0.199563,0.985000,0.9965,0
80,2.669462,1,0.199853,-0.362360,1.264000,0.9975,0,-0.161227,-0.323017,1.167000,0.9985,0,0.267294,-0.064731,1.309000,0.5950,0,-0.186341,-0.051954,0.985000,0.7401,0,,,,0.3031,1,-0.206239,0.078115,0.847000,0.9093,0,0.130591,0.184453,0.991000,0.9944,0,-0.061069,0.198145,0.978000,0.9966,0
81,2.702809,1,0.200169,-0.360848,1.266000,0.9975,0,-0.162449,-0.321633,1.162000,0.9985,0,0.267294,-0.062575,1.309000,0.5903,0,-0.185584,-0.048511,0.981000,0.7279,0,,,,0.3005,1,-0.205182,0.088224,0.837000,0.8965,0,0.130327,0.184081,0.989000,0.9945,0,-0.061194,0.198550,0.980000,0.9967,0
82,2.736156,1,0.200644,-0.361703,1.269000,0.9976,0,-0.162449,-0.323548,1.162000,0.9985,0,0.267703,-0.060511,1.311000,0.5895,0,-0.185395,-0.048462,0.980000,0.7226,0,,,,0.2994,1,-0.205427,0.086949,0.838000,0.8954,0,0.130723,0.184639,0.992000,0.9946,0,-0.062999,0.199158,0.983000,0.9967,0
83,2.769503,1,0.200169,-0.360848,1.266000,0.9975,0,-0.162449,-0.323548,1.162000,0.9985,0,0.266069,-0.060141,1.303000,0.5778,0,-0.185584,-0.050127,0.981000,0.7157,0,,,,0.2884,1,-0.203956,0.084956,0.832000,0.8927,0,0.130723,0.186273,0.992000,0.9946,0,-0.063127,0.199563,0.985000,0.9967,0
84,2.802850,1,0.200169,-0.362933,1.266000,0.9976,0,-0.161889,-0.322434,1.158000,0.9985,0,0.266682,-0.064583,1.306000,0.5868,0,-0.185017,-0.048363,0.978000,0.7144,0,,,,0.2866,1,-0.203711,0.084854,0.831000,0.8734,0,0.132355,0.184639,0.992000,0.9948,0,-0.061256,0.198753,0.981000,0.9968,0
85,2.836197,1,0.200169,-0.365019,1.266000,0.9977,0,-0.161889,-0.322434,1.158000,0.9985,0,0.266682,-0.064583,1.306000,0.5768,0,-0.185017,-0.048363,0.978000,0.7119,0,,,,0.2820,1,-0.201857,0.084650,0.829000,0.8737,0,0.131555,0.183522,0.986000,0.9948,0,-0.058322,0.199766,0.986000,0.9968,0
86,2.869543,1,0.198085,-0.365019,1.266000,0.9977,0,-0.161610,-0.321877,1.156000,0.9986,0,0.266069,-0.064434,1.303000,0.5632,0,-0.183219,-0.048313,0.977000,0.7149,0,,,,0.2775,1,-0.200396,0.082681,0.823000,0.8792,0,0.133583,0.184081,0.989000,0.9948,0,-0.056642,0.199563,0.985000,0.9969,0
87,2.902890,1,0.198085,-0.365019,1.266000,0.9977,0,-0.161610,-0.321877,1.156000,0.9986,0,0.267294,-0.066888,1.309000,0.5496,0,-0.182844,-0.048215,0.975000,0.7201,0,,,,0.2734,1,-0.197832,0.082179,0.818000,0.8849,0,0.133448,0.183895,0.988000,0.9948,0,-0.054797,0.198753,0.981000,0.9969,0
88,2.936237,1,0.198085,-0.369190,1.266000,0.9976,0,-0.161330,-0.325122,1.154000,0.9986,0,0.266682,-0.075340,1.306000,0.5365,0,-0.183782,-0.053305,0.980000,0.7212,0,,,,0.2601,1,-0.197832,0.080831,0.818000,0.8793,0,0.133583,0.182451,0.989000,0.9949,0,-0.055077,0.199766,0.986000,0.9969,0
89,2.969583,1,0.194763,-0.368930,1.258000,0.9976,0,-0.161051,-0.324559,1.152000,0.9986,0,0.269449,-0.077670,1.309000,0.5292,0,-0.183219,-0.051533,0.977000,0.7179,0,,,,0.2521,1,-0.195765,0.081877,0.815000,0.8703,0,0.135484,0.182820,0.991000,0.9949,0,-0.054741,0.198550,0.980000,0.9969,0
90,3.002929,1,0.198085,-0.369190,1.266000,0.9974,0,-0.161051,-0.326457,1.152000,0.9986,0,0.268831,-0.077492,1.306000,0.5142,0,-0.183782,-0.054920,0.980000,0.7142,0,,,,0.2427,1,-0.195139,0.079484,0.818000,0.8765,0,0.135211,0.184081,0.989000,0.9946,0,-0.056412,0.198753,0.981000,0.9968,0
91,3.036276,1,0.198085,-0.371276,1.266000,0.9975,0,-0.160771,-0.325890,1.150000,0.9986,0,0.271603,-0.077670,1.309000,0.5248,0,-0.182657,-0.056188,0.974000,0.7250,0,,,,0.2556,1,-0.193082,0.079192,0.815000,0.8834,0,0.136168,0.185384,0.996000,0.9943,0,-0.054741,0.200165,0.980000,0.9966,0
92,3.069634,1,0.197773,-0.370689,1.264000,0.9975,0,-0.162239,-0.325040,1.147000,0.9987,0,0.272641,-0.077967,1.314000,0.5273,0,-0.183219,-0.053142,0.977000,0.7297,0,,,,0.2597,1,-0.194328,0.078900,0.826000,0.8893,0,0.135484,0.187718,0.991000,0.9943,0,-0.058027,0.201985,0.981000,0.9966,0
93,3.102983,1,0.196521,-0.366274,1.256000,0.9976,0,-0.162239,-0.325040,1.147000,0.9987,0,0.272641,-0.073637,1.314000,0.5360,0,-0.183219,-0.054752,0.977000,0.7320,0,,,,0.2725,1,-0.192735,0.080164,0.825000,0.8933,0,0.134258,0.188286,0.994000,0.9943,0,-0.064485,0.203601,0.981000,0.9966,0
94,3.136333,1,0.197303,-0.367732,1.261000,0.9976,0,-0.162239,-0.325040,1.147000,0.9987,0,0.272641,-0.071472,1.314000,0.5512,0,-0.183219,-0.054752,0.977000,0.7406,0,,,,0.2920,1,-0.192073,0.080455,0.828000,0.9000,0,0.133853,0.189351,0.991000,0.9943,0,-0.064222,0.204380,0.977000,0.9966,0
95,3.169683,1,0.197773,-0.368607,1.264000,0.9977,0,-0.162239,-0.325040,1.147000,0.9987,0,0.271603,-0.071201,1.309000,0.5599,0,-0.184345,-0.055088,0.983000,0.7427,0,,,,0.2918,1,-0.191171,0.082017,0.830000,0.8900,0,0.133448,0.188778,0.988000,0.9944,0,-0.064617,0.205636,0.983000,0.9966,0
96,3.203033,1,0.196521,-0.366274,1.256000,0.9977,0,-0.163841,-0.324473,1.145000,0.9987,0,0.274804,-0.071472,1.314000,0.5612,0,-0.183970,-0.053360,0.981000,0.7411,0,,,,0.2898,1,-0.191632,0.083585,0.832000,0.8902,0,0.133988,0.189542,0.992000,0.9945,0,-0.064420,0.205008,0.980000,0.9966,0
97,3.236383,1,0.196834,-0.366857,1.258000,0.9976,0,-0.163841,-0.328245,1.145000,0.9986,0,0.274176,-0.071309,1.311000,0.5573,0,-0.182355,-0.056592,0.981000,0.7425,0,,,,0.2882,1,-0.192553,0.082610,0.836000,0.8952,0,0.131955,0.188969,0.989000,0.9945,0,-0.070727,0.204590,0.978000,0.9966,0
98,3.269733,1,0.196521,-0.368343,1.256000,0.9975,0,-0.161674,-0.325789,1.143000,0.9986,0,0.273758,-0.071201,1.309000,0.5541,0,-0.181611,-0.056361,0.977000,0.7513,0,,,,0.2920,1,-0.191406,0.082709,0.837000,0.9023,0,0.134258,0.189924,0.994000,0.9941,0,-0.069259,0.205008,0.980000,0.9964,0
99,3.303082,1,0.196521,-0.368343,1.256000,0.9976,0,-0.161674,-0.325789,1.143000,0.9987,0,0.274176,-0.071309,1.311000,0.5565,0,-0.182169,-0.056534,0.980000,0.7568,0,,,,0.2947,1,-0.190491,0.083686,0.833000,0.9074,0,0.133988,0.189542,0.992000,0.9942,0,-0.069329,0.205217,0.981000,0.9965,0
100,3.336432,1,0.198114,-0.367463,1.253000,0.9976,0,-0.163841,-0.326359,1.145000,0.9987,0,0.272503,-0.068728,1.303000,0.5546,0,-0.181611,-0.054752,0.977000,0.7552,0,,,,0.2973,1,-0.190262,0.083585,0.832000,0.9125,0,0.133448,0.188778,0.988000,0.9941,0,-0.069471,0.205636,0.983000,0.9964,0
101,3.369781,1,0.198588,-0.366274,1.256000,0.9976,0,-0.163841,-0.328245,1.145000,0.9987,0,0.272503,-0.066581,1.303000,0.5536,0,-0.181240,-0.056246,0.975000,0.7561,0,,,,0.2989,1,-0.191406,0.082709,0.837000,0.9152,0,0.131822,0.188778,0.988000,0.9941,0,-0.072854,0.201186,0.985000,0.9964,0
102,3.403131,1,0.198588,-0.366274,1.256000,0.9975,0,-0.163555,-0.325789,1.143000,0.9987,0,0.271603,-0.066888,1.309000,0.5421,0,-0.181054,-0.054583,0.974000,0.7574,0,,,,0.2863,1,-0.188425,0.082610,0.836000,0.9176,0,0.131955,0.187339,0.989000,0.9938,0,-0.071305,0.201390,0.986000,0.9963,0
103,3.436480,1,0.196051,-0.365399,1.253000,0.9975,0,-0.163555,-0.327672,1.143000,0.9988,0,0.268214,-0.066581,1.303000,0.5417,0,-0.182355,-0.056592,0.981000,0.7642,0,,,,0.2856,1,-0.189101,0.082906,0.839000,0.9222,0,0.130591,0.186086,0.991000,0.9939,0,-0.071089,0.200777,0.983000,0.9964,0
104,3.469829,1,0.195738,-0.364816,1.251000,0.9975,0,-0.163555,-0.327672,1.143000,0.9988,0,0.267596,-0.066428,1.300000,0.5423,0,-0.181797,-0.058030,0.978000,0.7667,0,,,,0.2832,1,-0.188876,0.082808,0.838000,0.9245,0,0.128569,0.185522,0.988000,0.9939,0,-0.070872,0.200165,0.980000,0.9964,0
105,3.503179,1,0.197323,-0.363941,1.248000,0.9976,0,-0.163555,-0.327672,1.143000,0.9988,0,0.268214,-0.066581,1.303000,0.5521,0,-0.180556,-0.058149,0.980000,0.7746,0,,,,0.2884,1,-0.187497,0.082808,0.838000,0.9290,0,0.128699,0.184081,0.989000,0.9940,0,-0.071305,0.199766,0.986000,0.9965,0
106,3.536528,1,0.198588,-0.366274,1.256000,0.9976,0,-0.163841,-0.328245,1.145000,0.9989,0,0.268831,-0.066734,1.306000,0.5454,0,-0.180556,-0.058149,0.980000,0.7793,0,,,,0.2845,1,-0.187497,0.082808,0.838000,0.9332,0,0.128699,0.184081,0.989000,0.9938,0,-0.069471,0.199158,0.983000,0.9965,0
107,3.569877,1,0.195738,-0.364816,1.251000,0.9977,0,-0.163555,-0.327672,1.143000,0.9989,0,0.269861,-0.066990,1.311000,0.5476,0,-0.178395,-0.057971,0.977000,0.7820,0,,,,0.2869,1,-0.187720,0.081524,0.839000,0.9359,0,0.129610,0.182102,0.996000,0.9940,0,-0.069612,0.199563,0.985000,0.9965,0
108,3.603226,1,0.196521,-0.366274,1.256000,0.9977,0,-0.163841,-0.326359,1.145000,0.9990,0,0.266682,-0.066734,1.306000,0.5424,0,-0.178395,-0.057971,0.977000,0.7799,0,,,,0.2930,1,-0.187944,0.081621,0.840000,0.9388,0,0.128960,0.181188,0.991000,0.9938,0,-0.069683,0.199766,0.986000,0.9964,0
109,3.636575,1,0.195738,-0.364816,1.251000,0.9977,0,-0.165436,-0.325789,1.143000,0.9989,0,0.265457,-0.066428,1.300000,0.5478,0,-0.179126,-0.054976,0.981000,0.7770,0,,,,0.2953,1,-0.187049,0.081233,0.836000,0.9358,0,0.129610,0.182102,0.996000,0.9938,0,-0.069329,0.198753,0.981000,0.9964,0
110,3.669924,1,0.197798,-0.364816,1.251000,0.9977,0,-0.165726,-0.326359,1.145000,0.9988,0,0.267703,-0.066990,1.311000,0.5535,0,-0.178578,-0.054808,0.978000,0.7725,0,,,,0.2971,1,-0.187944,0.083005,0.840000,0.9317,0,0.129350,0.183374,0.994000,0.9938,0,-0.069471,0.200777,0.983000,0.9964,0
111,3.703272,1,0.194956,-0.365411,1.246000,0.9977,0,-0.165436,-0.325789,1.143000,0.9988,0,0.266682,-0.068886,1.306000,0.5690,0,-0.178943,-0.054920,0.980000,0.7772,0,,,,0.3120,1,-0.187273,0.082709,0.837000,0.9306,0,0.129610,0.185384,0.996000,0.9938,0,-0.068905,0.199143,0.975000,0.9963,0
112,3.736621,1,0.197323,-0.365997,1.248000,0.9977,0,-0.165436,-0.327672,1.143000,0.9988,0,0.267294,-0.069044,1.309000,0.5779,0,-0.178943,-0.054920,0.980000,0.7768,0,,,,0.3159,1,-0.187944,0.083005,0.840000,0.9232,0,0.127919,0.182964,0.983000,0.9939,0,-0.069329,0.200369,0.981000,0.9964,0
113,3.769970,1,0.198114,-0.367463,1.253000,0.9977,0,-0.165726,-0.326359,1.145000,0.9988,0,0.268831,-0.071037,1.306000,0.5900,0,-0.178943,-0.054920,0.980000,0.7840,0,,,,0.3297,1,-0.187720,0.082906,0.839000,0.9269,0,0.130131,0.186128,1.000000,0.9938,0,-0.068060,0.201390,0.986000,0.9963,0
114,3.803318,1,0.198114,-0.367463,1.253000,0.9976,0,-0.165436,-0.327672,1.143000,0.9987,0,0.269449,-0.071201,1.309000,0.5807,0,-0.178395,-0.054752,0.977000,0.7804,0,,,,0.3213,1,-0.187049,0.082610,0.836000,0.9258,0,0.129350,0.185011,0.994000,0.9936,0,-0.067991,0.201186,0.985000,0.9962,0
115,3.836667,1,0.198114,-0.367463,1.253000,0.9977,0,-0.165436,-0.325789,1.143000,0.9988,0,0.272641,-0.071472,1.314000,0.5899,0,-0.178943,-0.054920,0.980000,0.7851,0,,,,0.3376,1,-0.187497,0.082808,0.838000,0.9298,0,0.129932,0.185147,0.986000,0.9935,0,-0.065830,0.202771,0.977000,0.9961,0
116,3.870015,1,0.195269,-0.370109,1.248000,0.9976,0,-0.163269,-0.327099,1.141000,0.9988,0,0.271603,-0.079826,1.309000,0.5922,0,-0.177330,-0.058149,0.980000,0.7959,0,,,,0.3333,1,-0.188168,0.083104,0.841000,0.9328,0,0.128960,0.186086,0.991000,0.9936,0,-0.066100,0.198753,0.981000,0.9962,0
117,3.903364,1,0.195738,-0.370999,1.251000,0.9977,0,-0.163555,-0.327672,1.143000,0.9988,0,0.272018,-0.079948,1.311000,0.5991,0,-0.176968,-0.058030,0.978000,0.7969,0,,,,0.3407,1,-0.186339,0.082906,0.839000,0.9367,0,0.128699,0.184081,0.989000,0.9936,0,-0.066100,0.198753,0.981000,0.9962,0
118,3.936712,1,0.196051,-0.371592,1.253000,0.9976,0,-0.163841,-0.328245,1.145000,0.9988,0,0.272018,-0.082108,1.311000,0.5830,0,-0.175179,-0.062799,0.977000,0.8006,0,,,,0.3250,1,-0.185399,0.081718,0.841000,0.9394,0,0.129610,0.183743,0.996000,0.9937,0,-0.065208,0.199347,0.992000,0.9963,0
119,3.970060,1,0.195269,-0.370109,1.248000,0.9977,0,-0.163555,-0.325789,1.143000,0.9989,0,0.272641,-0.082296,1.314000,0.5823,0,-0.175179,-0.061190,0.977000,0.8018,0,,,,0.3248,1,-0.184738,0.081427,0.838000,0.9407,0,0.130591,0.179555,0.991000,0.9938,0,-0.062678,0.196534,0.978000,0.9964,0
120,4.003408,1,0.192905,-0.369516,1.246000,0.9977,0,-0.163269,-0.325219,1.141000,0.9989,0,0.269449,-0.084139,1.309000,0.5752,0,-0.175179,-0.061190,0.977000,0.8056,0,,,,0.3220,1,-0.185179,0.081621,0.840000,0.9434,0,0.128569,0.179012,0.988000,0.9938,0,-0.062871,0.197137,0.981000,0.9964,0
121,4.036756,1,0.190395,-0.370674,1.243000,0.9978,0,-0.163841,-0.324473,1.145000,0.9990,0,0.270478,-0.084461,1.314000,0.5607,0,-0.175358,-0.061252,0.978000,0.8052,0,,,,0.3132,1,-0.184518,0.081330,0.837000,0.9450,0,0.128699,0.179193,0.989000,0.9938,0,-0.061006,0.196333,0.977000,0.9964,0
122,4.070105,1,0.190395,-0.372722,1.243000,0.9978,0,-0.163555,-0.327672,1.143000,0.9990,0,0.269449,-0.086296,1.309000,0.5603,0,-0.173749,-0.061252,0.978000,0.8104,0,,,,0.3083,1,-0.184518,0.081330,0.837000,0.9450,0,0.130591,0.177923,0.991000,0.9939,0,-0.061256,0.195521,0.981000,0.9965,0
123,4.103461,1,0.193215,-0.370109,1.248000,0.9979,0,-0.163841,-0.328245,1.145000,0.9990,0,0.269449,-0.079826,1.309000,0.5592,0,-0.173749,-0.061252,0.978000,0.8060,0,,,,0.3077,1,-0.184959,0.081524,0.839000,0.9439,0,0.130591,0.177923,0.991000,0.9938,0,-0.061194,0.196936,0.980000,0.9964,0
124,4.136813,1,0.192441,-0.368626,1.243000,0.9977,0,-0.163555,-0.327672,1.143000,0.9990,0,0.271096,-0.080314,1.317000,0.5496,0,-0.174282,-0.063056,0.981000,0.8065,0,,,,0.2960,1,-0.184518,0.081330,0.837000,0.9417,0,0.129090,0.179736,0.992000,0.9937,0,-0.061568,0.198141,0.986000,0.9964,0
125,4.170165,1,0.192905,-0.369516,1.246000,0.9977,0,-0.163841,-0.328245,1.145000,0.9990,0,0.269861,-0.079948,1.311000,0.5478,0,-0.175358,-0.059641,0.978000,0.7997,0,,,,0.2939,1,-0.183636,0.080941,0.833000,0.9402,0,0.129610,0.180461,0.996000,0.9936,0,-0.061506,0.197940,0.985000,0.9963,0
126,4.203517,1,0.193215,-0.370109,1.248000,0.9977,0,-0.163555,-0.327672,1.143000,0.9990,0,0.270478,-0.082296,1.314000,0.5523,0,-0.173216,-0.061064,0.975000,0.8027,0,,,,0.2894,1,-0.184738,0.081427,0.838000,0.9400,0,0.129350,0.180099,0.994000,0.9938,0,-0.061381,0.197539,0.983000,0.9964,0
127,4.236868,1,0.192441,-0.368626,1.243000,0.9978,0,-0.163555,-0.327672,1.143000,0.9990,0,0.268831,-0.081795,1.306000,0.5527,0,-0.173749,-0.062863,0.978000,0.8070,0,,,,0.2938,1,-0.184297,0.081233,0.836000,0.9412,0,0.128960,0.177923,0.991000,0.9938,0,-0.061506,0.196318,0.985000,0.9965,0
128,4.270220,1,0.195738,-0.370999,1.251000,0.9977,0,-0.163555,-0.327672,1.143000,0.9990,0,0.269861,-0.082108,1.311000,0.5319,0,-0.173216,-0.062671,0.975000,0.8027,0,,,,0.2802,1,-0.184518,0.081330,0.837000,0.9439,0,0.129350,0.178461,0.994000,0.9937,0,-0.061381,0.195919,0.983000,0.9965,0
129,4.303572,1,0.196051,-0.371592,1.253000,0.9976,0,-0.163555,-0.327672,1.143000,0.9990,0,0.268831,-0.079643,1.306000,0.5270,0,-0.174283,-0.062478,0.972000,0.8018,0,,,,0.2777,1,-0.184518,0.081330,0.837000,0.9453,0,0.129350,0.180099,0.994000,0.9937,0,-0.066437,0.196517,0.986000,0.9965,0
130,4.336923,1,0.195738,-0.370999,1.251000,0.9977,0,-0.163841,-0.328245,1.145000,0.9990,0,0.269449,-0.079826,1.309000,0.5227,0,-0.175179,-0.062799,0.977000,0.7975,0,,,,0.2769,1,-0.185179,0.080238,0.840000,0.9447,0,0.128569,0.179012,0.988000,0.9937,0,-0.066235,0.195919,0.983000,0.9964,0
131,4.370275,1,0.196051,-0.371592,1.253000,0.9977,0,-0.163841,-0.328245,1.145000,0.9991,0,0.269449,-0.079826,1.309000,0.5121,0,-0.175179,-0.062799,0.977000,0.7992,0,,,,0.2699,1,-0.184297,0.079855,0.836000,0.9470,0,0.130591,0.177923,0.991000,0.9936,0,-0.063576,0.197713,0.992000,0.9965,0
132,4.403626,1,0.194956,-0.369516,1.246000,0.9976,0,-0.163555,-0.327672,1.143000,0.9991,0,0.269449,-0.079826,1.309000,0.5008,0,-0.174641,-0.062606,0.974000,0.7978,0,,,,0.2604,1,-0.184959,0.080142,0.839000,0.9474,0,0.131250,0.183743,0.996000,0.9936,0,-0.063127,0.199563,0.985000,0.9965,0
133,4.436978,1,0.196051,-0.371592,1.253000,0.9975,0,-0.163841,-0.328245,1.145000,0.9991,0,0.270478,-0.080131,1.314000,0.5018,0,-0.175358,-0.059641,0.978000,0.7950,0,,,,0.2565,1,-0.184518,0.079951,0.837000,0.9471,0,0.130591,0.182820,0.991000,0.9936,0,-0.066437,0.199766,0.986000,0.9965,0
134,4.470329,1,0.195269,-0.370109,1.248000,0.9976,0,-0.163841,-0.328245,1.145000,0.9991,0,0.269861,-0.079948,1.311000,0.5234,0,-0.175896,-0.061440,0.981000,0.8019,0,,,,0.2778,1,-0.184959,0.080142,0.839000,0.9490,0,0.130591,0.182820,0.991000,0.9938,0,-0.066235,0.199158,0.983000,0.9966,0
135,4.503680,1,0.195738,-0.370999,1.251000,0.9976,0,-0.163555,-0.327672,1.143000,0.9991,0,0.269861,-0.077789,1.311000,0.5216,0,-0.176787,-0.059580,0.977000,0.7988,0,,,,0.2759,1,-0.185620,0.080429,0.842000,0.9499,0,0.128960,0.182820,0.991000,0.9938,0,-0.067507,0.198145,0.978000,0.9966,0
136,4.537032,1,0.196051,-0.371592,1.253000,0.9976,0,-0.165726,-0.328245,1.145000,0.9991,0,0.268831,-0.077492,1.306000,0.5255,0,-0.177330,-0.059763,0.980000,0.7988,0,,,,0.2850,1,-0.184738,0.080046,0.838000,0.9520,0,0.127329,0.184453,0.991000,0.9937,0,-0.071233,0.201186,0.985000,0.9965,0
137,4.570383,1,0.195738,-0.370999,1.251000,0.9976,0,-0.165147,-0.327099,1.141000,0.9991,0,0.267294,-0.075513,1.309000,0.5415,0,-0.177511,-0.059824,0.981000,0.8094,0,,,,0.3108,1,-0.184738,0.080046,0.838000,0.9550,0,0.127714,0.185011,0.994000,0.9936,0,-0.070872,0.200165,0.980000,0.9964,0
138,4.603734,1,0.195738,-0.370999,1.251000,0.9976,0,-0.165726,-0.328245,1.145000,0.9991,0,0.269449,-0.077670,1.309000,0.5484,0,-0.178578,-0.059641,0.978000,0.8127,0,,,,0.3188,1,-0.185179,0.080238,0.840000,0.9561,0,0.127457,0.184639,0.992000,0.9936,0,-0.070872,0.200165,0.980000,0.9964,0
139,4.637085,1,0.196521,-0.372481,1.256000,0.9976,0,-0.165436,-0.327672,1.143000,0.9990,0,0.269449,-0.077670,1.309000,0.5636,0,-0.179126,-0.058208,0.981000,0.8070,0,,,,0.3237,1,-0.185673,0.081233,0.836000,0.9478,0,0.126943,0.183895,0.988000,0.9938,0,-0.071089,0.200777,0.983000,0.9965,0
140,4.670436,1,0.196051,-0.371592,1.253000,0.9976,0,-0.165147,-0.327099,1.141000,0.9990,0,0.269861,-0.077789,1.311000,0.5646,0,-0.178030,-0.057852,0.975000,0.8068,0,,,,0.3204,1,-0.185895,0.081330,0.837000,0.9476,0,0.127329,0.184453,0.991000,0.9937,0,-0.071305,0.201390,0.986000,0.9965,0
141,4.703787,1,0.195738,-0.370999,1.251000,0.9976,0,-0.165436,-0.327672,1.143000,0.9990,0,0.267703,-0.075629,1.311000,0.5646,0,-0.179126,-0.058208,0.981000,0.8086,0,,,,0.3198,1,-0.185229,0.081038,0.834000,0.9486,0,0.125063,0.183522,0.986000,0.9937,0,-0.071305,0.201390,0.986000,0.9965,0
142,4.737138,1,0.195738,-0.370999,1.251000,0.9976,0,-0.165726,-0.328245,1.145000,0.9990,0,0.267703,-0.073469,1.311000,0.5635,0,-0.179126,-0.058208,0.981000,0.8032,0,,,,0.3175,1,-0.186117,0.081427,0.838000,0.9499,0,0.125824,0.184639,0.992000,0.9936,0,-0.070944,0.200369,0.981000,0.9964,0
143,4.770489,1,0.195269,-0.365997,1.248000,0.9975,0,-0.165436,-0.327672,1.143000,0.9989,0,0.265457,-0.072853,1.300000,0.5587,0,-0.178578,-0.058030,0.978000,0.7966,0,,,,0.3130,1,-0.185895,0.081330,0.837000,0.9480,0,0.125824,0.184639,0.992000,0.9935,0,-0.070510,0.199143,0.975000,0.9963,0
144,4.803840,1,0.195269,-0.365997,1.248000,0.9974,0,-0.166015,-0.326929,1.147000,0.9989,0,0.268315,-0.073637,1.314000,0.5530,0,-0.178578,-0.058030,0.978000,0.7907,0,,,,0.3078,1,-0.186339,0.081524,0.839000,0.9483,0,0.126078,0.185011,0.994000,0.9933,0,-0.070944,0.200369,0.981000,0.9962,0
145,4.837191,1,0.194487,-0.364531,1.243000,0.9975,0,-0.166015,-0.326929,1.147000,0.9989,0,0.268831,-0.073189,1.306000,0.5666,0,-0.178943,-0.058149,0.980000,0.7928,0,,,,0.3160,1,-0.186339,0.080142,0.839000,0.9485,0,0.125697,0.184453,0.991000,0.9933,0,-0.069471,0.200777,0.983000,0.9962,0
146,4.870542,1,0.197323,-0.365997,1.248000,0.9975,0,-0.163555,-0.327672,1.143000,0.9989,0,0.268831,-0.071037,1.306000,0.5758,0,-0.178578,-0.058030,0.978000,0.7903,0,,,,0.3235,1,-0.186339,0.081524,0.839000,0.9453,0,0.126458,0.185570,0.997000,0.9934,0,-0.070727,0.199756,0.978000,0.9962,0
147,4.903893,1,0.197007,-0.365411,1.246000,0.9975,0,-0.163841,-0.328245,1.145000,0.9989,0,0.268831,-0.071037,1.306000,0.5802,0,-0.179126,-0.058208,0.981000,0.7918,0,,,,0.3269,1,-0.186117,0.081427,0.838000,0.9465,0,0.125824,0.184639,0.992000,0.9933,0,-0.071305,0.201390,0.986000,0.9961,0
148,4.937243,1,0.196533,-0.364531,1.243000,0.9976,0,-0.163841,-0.326359,1.145000,0.9989,0,0.269861,-0.073469,1.311000,0.5886,0,-0.178578,-0.058030,0.978000,0.7979,0,,,,0.3408,1,-0.187006,0.080429,0.842000,0.9485,0,0.125444,0.184081,0.989000,0.9932,0,-0.071305,0.201390,0.986000,0.9960,0
149,4.970594,1,0.196533,-0.364531,1.243000,0.9976,0,-0.163555,-0.325789,1.143000,0.9989,0,0.269861,-0.073469,1.311000,0.5791,0,-0.178578,-0.058030,0.978000,0.7834,0,,,,0.3350,1,-0.186784,0.080333,0.841000,0.9466,0,0.127457,0.184639,0.992000,0.9930,0,-0.071089,0.200777,0.983000,0.9959,0
150,5.003944,1,0.196216,-0.363944,1.241000,0.9976,0,-0.163555,-0.327672,1.143000,0.9988,0,0.268831,-0.071037,1.306000,0.5773,0,-0.178578,-0.056419,0.978000,0.7791,0,,,,0.3269,1,-0.187894,0.080811,0.846000,0.9416,0,0.128099,0.185570,0.997000,0.9930,0,-0.071305,0.201390,0.986000,0.9959,0
151,5.037295,1,0.199377,-0.363941,1.248000,0.9975,0,-0.163841,-0.326359,1.145000,0.9988,0,0.272503,-0.070874,1.303000,0.5680,0,-0.178030,-0.056246,0.975000,0.7792,0,,,,0.3187,1,-0.187006,0.080429,0.842000,0.9428,0,0.126943,0.185522,0.988000,0.9927,0,-0.068905,0.200750,0.975000,0.9958,0
152,5.070645,1,0.197007,-0.365411,1.246000,0.9975,0,-0.163841,-0.328245,1.145000,0.9988,0,0.273131,-0.071037,1.306000,0.5766,0,-0.179126,-0.058208,0.981000,0.7894,0,,,,0.3191,1,-0.187006,0.080429,0.842000,0.9434,0,0.125444,0.185710,0.989000,0.9929,0,-0.070944,0.200369,0.981000,0.9959,0
153,5.103996,1,0.197323,-0.363941,1.248000,0.9974,0,-0.163841,-0.326359,1.145000,0.9988,0,0.271603,-0.071201,1.309000,0.5655,0,-0.179491,-0.056707,0.983000,0.7774,0,,,,0.3122,1,-0.187228,0.080524,0.843000,0.9420,0,0.127971,0.187024,0.996000,0.9928,0,-0.067991,0.201186,0.985000,0.9958,0
154,5.137352,1,0.197007,-0.363358,1.246000,0.9974,0,-0.164127,-0.326929,1.147000,0.9988,0,0.271603,-0.069044,1.309000,0.5580,0,-0.177330,-0.056534,0.980000,0.7762,0,,,,0.3023,1,-0.186339,0.081524,0.839000,0.9397,0,0.129090,0.184639,0.992000,0.9928,0,-0.068060,0.201390,0.986000,0.9958,0
155,5.170717,1,0.196533,-0.362483,1.243000,0.9975,0,-0.163841,-0.326359,1.145000,0.9988,0,0.272018,-0.069150,1.311000,0.5629,0,-0.179126,-0.056592,0.981000,0.7757,0,,,,0.3077,1,-0.187006,0.081816,0.842000,0.9398,0,0.129610,0.187024,0.996000,0.9930,0,-0.069117,0.199756,0.978000,0.9959,0
156,5.204083,1,0.199857,-0.364816,1.251000,0.9975,0,-0.163841,-0.326359,1.145000,0.9988,0,0.272018,-0.069150,1.311000,0.5708,0,-0.179491,-0.056707,0.983000,0.7829,0,,,,0.3162,1,-0.187228,0.081913,0.843000,0.9430,0,0.129090,0.186273,0.992000,0.9929,0,-0.067853,0.200777,0.983000,0.9959,0
157,5.237448,1,0.197007,-0.365411,1.246000,0.9975,0,-0.164127,-0.326929,1.147000,0.9988,0,0.272018,-0.071309,1.311000,0.5794,0,-0.177330,-0.056534,0.980000,0.7916,0,,,,0.3190,1,-0.186784,0.081718,0.841000,0.9434,0,0.128179,0.183336,0.985000,0.9931,0,-0.067715,0.198753,0.981000,0.9960,0
158,5.270814,1,0.197007,-0.365411,1.246000,0.9976,0,-0.164127,-0.326929,1.147000,0.9988,0,0.273263,-0.071636,1.317000,0.5839,0,-0.177511,-0.058208,0.981000,0.7932,0,,,,0.3221,1,-0.187006,0.081816,0.842000,0.9436,0,0.127714,0.185011,0.994000,0.9932,0,-0.069329,0.198753,0.981000,0.9961,0
159,5.304180,1,0.199857,-0.366877,1.251000,0.9976,0,-0.162239,-0.326929,1.147000,0.9989,0,0.271603,-0.071201,1.309000,0.5854,0,-0.179126,-0.058208,0.981000,0.7901,0,,,,0.3262,1,-0.187006,0.081816,0.842000,0.9445,0,0.127457,0.184639,0.992000,0.9932,0,-0.067715,0.198753,0.981000,0.9961,0
160,5.337547,1,0.199377,-0.365997,1.248000,0.9976,0,-0.162239,-0.326929,1.147000,0.9988,0,0.271603,-0.071201,1.309000,0.5780,0,-0.179491,-0.058327,0.983000,0.7798,0,,,,0.3167,1,-0.187006,0.081816,0.842000,0.9400,0,0.127329,0.184453,0.991000,0.9934,0,-0.069329,0.200369,0.981000,0.9962,0
161,5.370913,1,0.195742,-0.363064,1.238000,0.9977,0,-0.162664,-0.327784,1.150000,0.9989,0,0.271603,-0.071201,1.309000,0.5870,0,-0.180404,-0.058623,0.988000,0.7878,0,,,,0.3269,1,-0.187228,0.081913,0.843000,0.9432,0,0.127714,0.185011,0.994000,0.9934,0,-0.068060,0.201390,0.986000,0.9962,0
162,5.404280,1,0.198579,-0.364531,1.243000,0.9977,0,-0.162239,-0.328819,1.147000,0.9989,0,0.272018,-0.069150,1.311000,0.5922,0,-0.179126,-0.058208,0.981000,0.7866,0,,,,0.3282,1,-0.186784,0.081718,0.841000,0.9417,0,0.129090,0.184639,0.992000,0.9935,0,-0.067853,0.200777,0.983000,0.9962,0
163,5.437646,1,0.201916,-0.366877,1.251000,0.9977,0,-0.162664,-0.329679,1.150000,0.9988,0,0.274804,-0.069308,1.314000,0.5945,0,-0.177873,-0.058327,0.983000,0.7866,0,,,,0.3316,1,-0.187006,0.081816,0.842000,0.9422,0,0.128309,0.186771,0.986000,0.9933,0,-0.067646,0.200165,0.980000,0.9961,0
164,5.471013,1,0.201916,-0.366877,1.251000,0.9977,0,-0.162947,-0.328354,1.152000,0.9989,0,0.276966,-0.069308,1.314000,0.5927,0,-0.177873,-0.056707,0.983000,0.7881,0,,,,0.3368,1,-0.186339,0.081524,0.839000,0.9457,0,0.130986,0.191561,0.994000,0.9932,0,-0.067507,0.204590,0.978000,0.9960,0
165,5.504380,1,0.201431,-0.365997,1.248000,0.9976,0,-0.160771,-0.331573,1.150000,0.9988,0,0.275912,-0.069044,1.309000,0.5809,0,-0.176968,-0.058030,0.978000,0.7839,0,,,,0.3249,1,-0.187006,0.080429,0.842000,0.9424,0,0.130327,0.188969,0.989000,0.9933,0,-0.069117,0.199756,0.978000,0.9961,0
166,5.537748,1,0.201916,-0.366877,1.251000,0.9976,0,-0.160352,-0.325040,1.147000,0.9988,0,0.275912,-0.071201,1.309000,0.5740,0,-0.177873,-0.051849,0.983000,0.7824,0,,,,0.3224,1,-0.187894,0.082204,0.846000,0.9424,0,0.132222,0.192616,0.991000,0.9930,0,-0.064222,0.205990,0.977000,0.9959,0
167,5.571115,1,0.201109,-0.365411,1.246000,0.9976,0,-0.160352,-0.325040,1.147000,0.9988,0,0.274176,-0.069150,1.311000,0.5689,0,-0.176968,-0.046752,0.978000,0.7851,0,,,,0.3162,1,-0.186784,0.085875,0.841000,0.9421,0,0.132622,0.193199,0.994000,0.9932,0,-0.064025,0.203753,0.974000,0.9960,0
168,5.604483,1,0.206034,-0.366877,1.251000,0.9977,0,-0.160072,-0.324473,1.145000,0.9988,0,0.274804,-0.069308,1.314000,0.5722,0,-0.177511,-0.050127,0.981000,0.7846,0,,,,0.3203,1,-0.185895,0.085466,0.837000,0.9424,0,0.131955,0.192227,0.989000,0.9933,0,-0.066100,0.205217,0.981000,0.9961,0
169,5.637850,1,0.207187,-0.366857,1.258000,0.9977,0,-0.158187,-0.324473,1.145000,0.9988,0,0.273131,-0.066734,1.306000,0.5634,0,-0.179491,-0.050230,0.983000,0.7829,0,,,,0.3158,1,-0.186784,0.084489,0.841000,0.9440,0,0.131822,0.192033,0.988000,0.9932,0,-0.067231,0.203753,0.974000,0.9960,0
170,5.671218,1,0.203975,-0.364816,1.251000,0.9977,0,-0.158187,-0.324473,1.145000,0.9989,0,0.274176,-0.066990,1.311000,0.5595,0,-0.177511,-0.051743,0.981000,0.7856,0,,,,0.3104,1,-0.187228,0.084690,0.843000,0.9456,0,0.132622,0.193199,0.994000,0.9932,0,-0.064222,0.204380,0.977000,0.9961,0
171,5.704586,1,0.203975,-0.364816,1.251000,0.9976,0,-0.158187,-0.326359,1.145000,0.9988,0,0.275280,-0.066734,1.306000,0.5614,0,-0.175896,-0.053360,0.981000,0.7892,0,,,,0.3066,1,-0.186784,0.084489,0.841000,0.9444,0,0.133022,0.193782,0.997000,0.9931,0,-0.064222,0.204380,0.977000,0.9960,0
172,5.737955,1,0.207681,-0.367732,1.261000,0.9976,0,-0.158464,-0.326929,1.147000,0.9988,0,0.278067,-0.066888,1.309000,0.5600,0,-0.175717,-0.053305,0.980000,0.7900,0,,,,0.3084,1,-0.187006,0.084590,0.842000,0.9461,0,0.132622,0.193199,0.994000,0.9931,0,-0.064420,0.205008,0.980000,0.9960,0
173,5.771323,1,0.207187,-0.368930,1.258000,0.9976,0,-0.158187,-0.326359,1.145000,0.9988,0,0.276966,-0.069308,1.314000,0.5695,0,-0.175896,-0.054976,0.981000,0.7998,0,,,,0.3156,1,-0.188782,0.083993,0.850000,0.9472,0,0.132222,0.190983,0.991000,0.9931,0,-0.064485,0.203601,0.981000,0.9960,0
174,5.804692,1,0.206857,-0.366274,1.256000,0.9977,0,-0.158464,-0.325040,1.147000,0.9988,0,0.275912,-0.066888,1.309000,0.5876,0,-0.176793,-0.055256,0.986000,0.8023,0,,,,0.3331,1,-0.188116,0.083697,0.847000,0.9456,0,0.131555,0.190020,0.986000,0.9932,0,-0.064485,0.203601,0.981000,0.9961,0
175,5.838061,1,0.207187,-0.366857,1.258000,0.9977,0,-0.158878,-0.325890,1.150000,0.9988,0,0.275912,-0.066888,1.309000,0.5958,0,-0.177151,-0.055368,0.988000,0.8067,0,,,,0.3379,1,-0.189227,0.084191,0.852000,0.9455,0,0.131555,0.190020,0.986000,0.9934,0,-0.064617,0.204016,0.983000,0.9961,0
176,5.871429,1,0.207187,-0.366857,1.258000,0.9977,0,-0.158464,-0.326929,1.147000,0.9988,0,0.276334,-0.064830,1.311000,0.5946,0,-0.176793,-0.055256,0.986000,0.8052,0,,,,0.3358,1,-0.188560,0.083894,0.849000,0.9464,0,0.132355,0.191176,0.992000,0.9934,0,-0.064288,0.202978,0.978000,0.9961,0
177,5.904799,1,0.207187,-0.366857,1.258000,0.9977,0,-0.156576,-0.325040,1.147000,0.9989,0,0.275912,-0.066888,1.309000,0.5878,0,-0.176613,-0.055200,0.985000,0.8030,0,,,,0.3329,1,-0.189449,0.084290,0.853000,0.9481,0,0.133988,0.191176,0.992000,0.9932,0,-0.062678,0.202978,0.978000,0.9960,0
178,5.938168,1,0.206857,-0.366274,1.256000,0.9977,0,-0.156576,-0.325040,1.147000,0.9989,0,0.276966,-0.067143,1.314000,0.5834,0,-0.174104,-0.054920,0.980000,0.8043,0,,,,0.3261,1,-0.188338,0.083796,0.848000,0.9489,0,0.131955,0.190598,0.989000,0.9932,0,-0.064420,0.203394,0.980000,0.9961,0
179,5.971537,1,0.206857,-0.366274,1.256000,0.9977,0,-0.157258,-0.328354,1.152000,0.9988,0,0.276966,-0.064978,1.314000,0.5840,0,-0.175170,-0.055256,0.986000,0.8025,0,,,,0.3243,1,-0.188560,0.083894,0.849000,0.9473,0,0.132622,0.191561,0.994000,0.9932,0,-0.064420,0.203394,0.980000,0.9961,0
180,6.004907,1,0.206857,-0.364205,1.256000,0.9978,0,-0.157531,-0.325122,1.154000,0.9988,0,0.279129,-0.064978,1.314000,0.5855,0,-0.178227,-0.050792,0.994000,0.7962,0,,,,0.3253,1,-0.188782,0.083993,0.850000,0.9441,0,0.131555,0.191644,0.986000,0.9931,0,-0.064222,0.205990,0.977000,0.9960,0
181,6.038277,1,0.207681,-0.367732,1.261000,0.9978,0,-0.157258,-0.332150,1.152000,0.9988,0,0.276966,-0.062814,1.314000,0.5823,0,-0.178586,-0.055816,0.996000,0.7953,0,,,,0.3205,1,-0.188560,0.082496,0.849000,0.9397,0,0.131822,0.187150,0.988000,0.9932,0,-0.067853,0.200777,0.983000,0.9960,0
182,6.071647,1,0.207187,-0.366857,1.258000,0.9978,0,-0.157531,-0.330826,1.154000,0.9988,0,0.277599,-0.062957,1.317000,0.5737,0,-0.177869,-0.053958,0.992000,0.7886,0,,,,0.3178,1,-0.189227,0.082787,0.852000,0.9391,0,0.137530,0.188286,0.994000,0.9929,0,-0.063191,0.201390,0.986000,0.9958,0
183,6.105017,1,0.209756,-0.363577,1.261000,0.9978,0,-0.157531,-0.330826,1.154000,0.9988,0,0.276966,-0.058484,1.314000,0.5706,0,-0.177331,-0.053795,0.989000,0.7890,0,,,,0.3149,1,-0.189449,0.082885,0.853000,0.9403,0,0.136700,0.188778,0.988000,0.9931,0,-0.064617,0.202397,0.983000,0.9959,0
184,6.138387,1,0.210255,-0.364442,1.264000,0.9978,0,-0.157531,-0.330826,1.154000,0.9989,0,0.278231,-0.058751,1.320000,0.5609,0,-0.180225,-0.054175,0.996000,0.7911,0,,,,0.3099,1,-0.189893,0.083079,0.855000,0.9432,0,0.136423,0.188395,0.986000,0.9928,0,-0.062871,0.201985,0.981000,0.9959,0
185,6.171745,1,0.214855,-0.366660,1.279000,0.9977,0,-0.157531,-0.330826,1.154000,0.9989,0,0.276058,-0.056577,1.320000,0.5544,0,-0.178765,-0.054230,0.997000,0.7935,0,,,,0.2995,1,-0.187383,0.085394,0.850000,0.9417,0,0.132622,0.189924,0.994000,0.9930,0,-0.065898,0.202978,0.978000,0.9960,0
186,6.205099,1,0.215359,-0.367520,1.282000,0.9978,0,-0.157531,-0.328924,1.154000,0.9989,0,0.275431,-0.056448,1.317000,0.5560,0,-0.179320,-0.053904,0.991000,0.7963,0,,,,0.3093,1,-0.188706,0.084586,0.856000,0.9440,0,0.133448,0.190405,0.988000,0.9928,0,-0.066033,0.205008,0.980000,0.9959,0
187,6.238454,1,0.212750,-0.368767,1.279000,0.9978,0,-0.159707,-0.329494,1.156000,0.9989,0,0.275912,-0.056105,1.309000,0.5468,0,-0.180406,-0.052587,0.997000,0.7950,0,,,,0.3005,1,-0.188486,0.084487,0.855000,0.9445,0,0.133448,0.190405,0.988000,0.9929,0,-0.066033,0.205008,0.980000,0.9960,0
188,6.271808,1,0.212750,-0.368767,1.279000,0.9977,0,-0.159431,-0.327023,1.154000,0.9989,0,0.276966,-0.058484,1.314000,0.5439,0,-0.180225,-0.052535,0.996000,0.7935,0,,,,0.2968,1,-0.187824,0.085595,0.852000,0.9436,0,0.133853,0.194248,0.991000,0.9930,0,-0.066235,0.207255,0.983000,0.9960,0
189,6.305162,1,0.208998,-0.367975,1.269000,0.9978,0,-0.159707,-0.327590,1.156000,0.9989,0,0.275431,-0.060788,1.317000,0.5579,0,-0.179501,-0.052324,0.992000,0.7986,0,,,,0.3067,1,-0.189449,0.085695,0.853000,0.9417,0,0.132222,0.194248,0.991000,0.9932,0,-0.065696,0.205568,0.975000,0.9961,0
190,6.338516,1,0.209822,-0.367326,1.274000,0.9978,0,-0.159983,-0.326249,1.158000,0.9989,0,0.276966,-0.060649,1.314000,0.5519,0,-0.179501,-0.050689,0.992000,0.7927,0,,,,0.3021,1,-0.190337,0.084685,0.857000,0.9417,0,0.133448,0.193660,0.988000,0.9932,0,-0.065494,0.206537,0.972000,0.9961,0
191,6.371869,1,0.210151,-0.367902,1.276000,0.9978,0,-0.159983,-0.326249,1.158000,0.9988,0,0.277599,-0.058618,1.317000,0.5422,0,-0.179863,-0.049154,0.994000,0.7870,0,,,,0.2949,1,-0.189893,0.085896,0.855000,0.9390,0,0.131955,0.192227,0.989000,0.9932,0,-0.065696,0.205568,0.975000,0.9961,0
192,6.405223,1,0.209822,-0.365227,1.274000,0.9978,0,-0.159707,-0.325686,1.156000,0.9989,0,0.278231,-0.058751,1.320000,0.5446,0,-0.181854,-0.051354,1.005000,0.7910,0,,,,0.3014,1,-0.191448,0.085179,0.862000,0.9424,0,0.132222,0.192616,0.991000,0.9933,0,-0.066235,0.207255,0.983000,0.9961,0
193,6.438577,1,0.211139,-0.367520,1.282000,0.9978,0,-0.159707,-0.325686,1.156000,0.9989,0,0.276966,-0.056320,1.314000,0.5429,0,-0.180949,-0.051098,1.000000,0.7965,0,,,,0.3003,1,-0.192336,0.084148,0.866000,0.9452,0,0.131154,0.191061,0.983000,0.9932,0,-0.065830,0.204380,0.977000,0.9961,0
194,6.471931,1,0.211469,-0.365978,1.284000,0.9978,0,-0.159983,-0.326249,1.158000,0.9989,0,0.277599,-0.056448,1.317000,0.5495,0,-0.181673,-0.051303,1.004000,0.7994,0,,,,0.3093,1,-0.191670,0.083856,0.863000,0.9478,0,0.132222,0.194248,0.991000,0.9931,0,-0.066100,0.206833,0.981000,0.9961,0
195,6.505285,1,0.208051,-0.363698,1.276000,0.9978,0,-0.159983,-0.326249,1.158000,0.9989,0,0.276477,-0.056663,1.322000,0.5384,0,-0.181673,-0.054611,1.004000,0.7935,0,,,,0.2975,1,-0.192780,0.082912,0.868000,0.9426,0,0.130723,0.192810,0.992000,0.9931,0,-0.065494,0.203334,0.972000,0.9961,0
196,6.538639,1,0.208540,-0.364553,1.279000,0.9979,0,-0.159983,-0.324342,1.158000,0.9989,0,0.276477,-0.061018,1.322000,0.5585,0,-0.182758,-0.053273,1.010000,0.8019,0,,,,0.3230,1,-0.192336,0.082721,0.866000,0.9444,0,0.130723,0.192810,0.992000,0.9931,0,-0.065898,0.204590,0.978000,0.9960,0
197,6.571992,1,0.205628,-0.363128,1.274000,0.9978,0,-0.160260,-0.326813,1.160000,0.9989,0,0.276477,-0.061018,1.322000,0.5597,0,-0.182397,-0.056489,1.008000,0.8031,0,,,,0.3172,1,-0.192336,0.082721,0.866000,0.9395,0,0.130723,0.192810,0.992000,0.9932,0,-0.066437,0.206263,0.986000,0.9960,0
198,6.605346,1,0.205951,-0.363698,1.276000,0.9979,0,-0.160536,-0.325462,1.162000,0.9989,0,0.276058,-0.060926,1.320000,0.5775,0,-0.184025,-0.056993,1.017000,0.8074,0,,,,0.3386,1,-0.192558,0.082817,0.867000,0.9404,0,0.130591,0.192616,0.991000,0.9932,0,-0.065898,0.202978,0.978000,0.9960,0
199,6.638700,1,0.206435,-0.364553,1.279000,0.9979,0,-0.160950,-0.326302,1.165000,0.9989,0,0.276058,-0.063101,1.320000,0.5793,0,-0.183120,-0.056713,1.012000,0.8022,0,,,,0.3273,1,-0.192780,0.082912,0.868000,0.9311,0,0.129090,0.191176,0.992000,0.9932,0,-0.067715,0.201985,0.981000,0.9960,0
200,6.672054,1,0.206435,-0.364553,1.279000,0.9980,0,-0.161503,-0.327422,1.169000,0.9989,0,0.275431,-0.060788,1.317000,0.6004,0,-0.181993,-0.056881,1.015000,0.8084,0,,,,0.3535,1,-0.192013,0.083199,0.871000,0.9353,0,0.130723,0.191176,0.992000,0.9933,0,-0.067093,0.200132,0.972000,0.9960,0
201,6.705407,1,0.203531,-0.363128,1.274000,0.9981,0,-0.160950,-0.324383,1.165000,0.9989,0,0.276058,-0.060926,1.320000,0.6100,0,-0.181993,-0.055209,1.015000,0.8154,0,,,,0.3618,1,-0.191131,0.084245,0.867000,0.9366,0,0.130327,0.188969,0.989000,0.9934,0,-0.066100,0.201985,0.981000,0.9961,0
202,6.738761,1,0.200644,-0.361703,1.269000,0.9981,0,-0.161503,-0.325497,1.169000,0.9989,0,0.276058,-0.063101,1.320000,0.6201,0,-0.182351,-0.056993,1.017000,0.8193,0,,,,0.3646,1,-0.191352,0.084342,0.868000,0.9374,0,0.130723,0.187908,0.992000,0.9935,0,-0.066235,0.200777,0.983000,0.9961,0
203,6.772115,1,0.201434,-0.363128,1.274000,0.9981,0,-0.161503,-0.325497,1.169000,0.9989,0,0.277732,-0.063483,1.328000,0.6211,0,-0.179789,-0.058380,1.012000,0.8221,0,,,,0.3639,1,-0.192454,0.083390,0.873000,0.9390,0,0.131381,0.187212,0.997000,0.9936,0,-0.064420,0.200165,0.980000,0.9962,0
204,6.805468,1,0.200960,-0.362273,1.271000,0.9981,0,-0.161503,-0.323571,1.169000,0.9990,0,0.276477,-0.065374,1.322000,0.6179,0,-0.180322,-0.056881,1.015000,0.8202,0,,,,0.3600,1,-0.192454,0.083390,0.873000,0.9408,0,0.130195,0.185522,0.988000,0.9936,0,-0.064288,0.201367,0.978000,0.9963,0
205,6.838822,1,0.201750,-0.363698,1.276000,0.9981,0,-0.161227,-0.323017,1.167000,0.9989,0,0.273886,-0.067450,1.320000,0.6254,0,-0.180677,-0.058669,1.017000,0.8220,0,,,,0.3546,1,-0.192895,0.083581,0.875000,0.9370,0,0.128699,0.185710,0.989000,0.9938,0,-0.064617,0.200777,0.983000,0.9964,0
206,6.872175,1,0.201434,-0.363128,1.274000,0.9981,0,-0.161779,-0.324124,1.171000,0.9989,0,0.274301,-0.065374,1.322000,0.6177,0,-0.180855,-0.058726,1.018000,0.8156,0,,,,0.3444,1,-0.195001,0.083867,0.878000,0.9362,0,0.128699,0.185710,0.989000,0.9936,0,-0.064420,0.201779,0.980000,0.9963,0
207,6.905529,1,0.201434,-0.363128,1.274000,0.9981,0,-0.161503,-0.323571,1.169000,0.9990,0,0.276477,-0.065374,1.322000,0.6258,0,-0.182351,-0.056993,1.017000,0.8159,0,,,,0.3491,1,-0.195001,0.083867,0.878000,0.9375,0,0.129610,0.187024,0.996000,0.9936,0,-0.064222,0.199552,0.977000,0.9963,0
208,6.938882,1,0.202225,-0.364553,1.279000,0.9981,0,-0.162746,-0.326062,1.178000,0.9990,0,0.276477,-0.065374,1.322000,0.6167,0,-0.182889,-0.057161,1.020000,0.8138,0,,,,0.3401,1,-0.194113,0.083485,0.874000,0.9382,0,0.128699,0.185710,0.989000,0.9936,0,-0.064222,0.201161,0.977000,0.9963,0
209,6.972235,1,0.201434,-0.363128,1.274000,0.9980,0,-0.162746,-0.326062,1.178000,0.9990,0,0.273886,-0.065275,1.320000,0.6198,0,-0.180855,-0.057049,1.018000,0.8205,0,,,,0.3369,1,-0.194779,0.083772,0.877000,0.9393,0,0.129090,0.186273,0.992000,0.9937,0,-0.064091,0.199143,0.975000,0.9964,0
210,7.005589,1,0.200589,-0.365408,1.282000,0.9981,0,-0.162746,-0.322181,1.178000,0.9990,0,0.273886,-0.065275,1.320000,0.6243,0,-0.183248,-0.053906,1.022000,0.8227,0,,,,0.3450,1,-0.193556,0.083867,0.878000,0.9411,0,0.130131,0.187776,1.000000,0.9937,0,-0.062678,0.199756,0.978000,0.9964,0
211,7.038942,1,0.199337,-0.363128,1.274000,0.9981,0,-0.162056,-0.320813,1.173000,0.9990,0,0.273263,-0.067296,1.317000,0.6326,0,-0.182530,-0.053695,1.018000,0.8272,0,,,,0.3489,1,-0.193556,0.083867,0.878000,0.9408,0,0.129610,0.185384,0.996000,0.9939,0,-0.062807,0.198550,0.980000,0.9965,0
212,7.072295,1,0.199650,-0.361596,1.276000,0.9981,0,-0.162332,-0.321360,1.175000,0.9990,0,0.273886,-0.067450,1.320000,0.6248,0,-0.182530,-0.053695,1.018000,0.8261,0,,,,0.3382,1,-0.193556,0.083867,0.878000,0.9397,0,0.129610,0.185384,0.996000,0.9939,0,-0.062807,0.198550,0.980000,0.9965,0
213,7.105649,1,0.200589,-0.363296,1.282000,0.9982,0,-0.162746,-0.322181,1.178000,0.9990,0,0.273886,-0.067450,1.320000,0.6232,0,-0.183248,-0.053906,1.022000,0.8197,0,,,,0.3362,1,-0.193777,0.083963,0.879000,0.9374,0,0.128960,0.184453,0.991000,0.9938,0,-0.061381,0.199158,0.983000,0.9964,0
214,7.139002,1,0.200120,-0.360339,1.279000,0.9982,0,-0.163023,-0.322728,1.180000,0.9990,0,0.272742,-0.065522,1.325000,0.6220,0,-0.183427,-0.048903,1.023000,0.8203,0,,,,0.3324,1,-0.193556,0.085314,0.878000,0.9370,0,0.128699,0.184081,0.989000,0.9938,0,-0.061069,0.198145,0.978000,0.9965,0
215,7.172355,1,0.200902,-0.363863,1.284000,0.9982,0,-0.163575,-0.323822,1.184000,0.9990,0,0.272742,-0.065522,1.325000,0.6252,0,-0.182530,-0.048664,1.018000,0.8251,0,,,,0.3367,1,-0.193336,0.085217,0.877000,0.9391,0,0.128699,0.184081,0.989000,0.9939,0,-0.061256,0.198753,0.981000,0.9965,0
216,7.205713,1,0.200902,-0.363863,1.284000,0.9982,0,-0.163575,-0.323822,1.184000,0.9990,0,0.274595,-0.065967,1.334000,0.6320,0,-0.183248,-0.048855,1.022000,0.8284,0,,,,0.3402,1,-0.193777,0.085411,0.879000,0.9396,0,0.129090,0.184639,0.992000,0.9940,0,-0.062871,0.198753,0.981000,0.9966,0
217,7.239071,1,0.202154,-0.364002,1.292000,0.9982,0,-0.163990,-0.324642,1.187000,0.9990,0,0.272742,-0.065522,1.325000,0.6348,0,-0.183427,-0.050588,1.023000,0.8271,0,,,,0.3402,1,-0.193556,0.085314,0.878000,0.9383,0,0.129350,0.185011,0.994000,0.9939,0,-0.061256,0.198753,0.981000,0.9965,0
218,7.272425,1,0.202154,-0.364002,1.292000,0.9983,0,-0.164819,-0.326283,1.193000,0.9991,0,0.271787,-0.065819,1.331000,0.6456,0,-0.183248,-0.048855,1.022000,0.8332,0,,,,0.3521,1,-0.194658,0.085800,0.883000,0.9403,0,0.128569,0.182267,0.988000,0.9940,0,-0.061256,0.198753,0.981000,0.9966,0
219,7.305780,1,0.198788,-0.361748,1.284000,0.9983,0,-0.164542,-0.325736,1.191000,0.9991,0,0.272742,-0.065522,1.325000,0.6377,0,-0.183248,-0.050539,1.022000,0.8328,0,,,,0.3434,1,-0.193997,0.085508,0.880000,0.9414,0,0.129350,0.183374,0.994000,0.9941,0,-0.061381,0.199158,0.983000,0.9967,0
220,7.339134,1,0.198788,-0.361748,1.284000,0.9983,0,-0.165233,-0.327104,1.196000,0.9991,0,0.270562,-0.063340,1.325000,0.6414,0,-0.182454,-0.054170,1.027000,0.8361,0,,,,0.3429,1,-0.194438,0.085702,0.882000,0.9411,0,0.128699,0.182451,0.989000,0.9942,0,-0.061256,0.197137,0.981000,0.9967,0
221,7.372488,1,0.198788,-0.361748,1.284000,0.9983,0,-0.164819,-0.326283,1.193000,0.9991,0,0.270562,-0.063340,1.325000,0.6476,0,-0.182099,-0.054064,1.025000,0.8338,0,,,,0.3460,1,-0.193997,0.085508,0.880000,0.9390,0,0.128960,0.182820,0.991000,0.9941,0,-0.060819,0.195730,0.974000,0.9967,0
222,7.405843,1,0.199253,-0.362593,1.287000,0.9983,0,-0.164542,-0.325736,1.191000,0.9991,0,0.273360,-0.065671,1.328000,0.6444,0,-0.182631,-0.054223,1.028000,0.8346,0,,,,0.3409,1,-0.195761,0.086285,0.888000,0.9398,0,0.128960,0.182820,0.991000,0.9942,0,-0.059641,0.197137,0.981000,0.9967,0
223,7.439197,1,0.199717,-0.363438,1.290000,0.9983,0,-0.165233,-0.327104,1.196000,0.9991,0,0.271174,-0.065671,1.328000,0.6462,0,-0.182454,-0.052478,1.027000,0.8378,0,,,,0.3401,1,-0.193997,0.085508,0.880000,0.9404,0,0.129090,0.183005,0.992000,0.9943,0,-0.059581,0.196936,0.980000,0.9967,0
224,7.472551,1,0.200027,-0.364002,1.292000,0.9983,0,-0.165233,-0.327104,1.196000,0.9991,0,0.272742,-0.065522,1.325000,0.6490,0,-0.182631,-0.052529,1.028000,0.8379,0,,,,0.3367,1,-0.195540,0.086188,0.887000,0.9389,0,0.129090,0.183005,0.992000,0.9943,0,-0.061069,0.196534,0.978000,0.9968,0
225,7.505905,1,0.200491,-0.362713,1.295000,0.9983,0,-0.165510,-0.325677,1.198000,0.9991,0,0.273360,-0.065671,1.328000,0.6481,0,-0.182987,-0.052631,1.030000,0.8405,0,,,,0.3352,1,-0.195761,0.086285,0.888000,0.9398,0,0.128960,0.182820,0.991000,0.9943,0,-0.061256,0.197137,0.981000,0.9968,0
226,7.539259,1,0.200027,-0.364002,1.292000,0.9984,0,-0.166200,-0.327036,1.203000,0.9991,0,0.273977,-0.065819,1.331000,0.6572,0,-0.182987,-0.056025,1.030000,0.8414,0,,,,0.3432,1,-0.195761,0.086285,0.888000,0.9374,0,0.129350,0.183374,0.994000,0.9944,0,-0.061194,0.196936,0.980000,0.9968,0
227,7.572613,1,0.200956,-0.363554,1.298000,0.9984,0,-0.166200,-0.327036,1.203000,0.9991,0,0.273977,-0.065819,1.331000,0.6588,0,-0.183342,-0.054434,1.032000,0.8401,0,,,,0.3393,1,-0.196863,0.085300,0.893000,0.9341,0,0.127714,0.183374,0.994000,0.9945,0,-0.061381,0.197539,0.983000,0.9969,0
228,7.605967,1,0.200491,-0.362713,1.295000,0.9984,0,-0.166200,-0.327036,1.203000,0.9991,0,0.273012,-0.063913,1.337000,0.6683,0,-0.183342,-0.054434,1.032000,0.8384,0,,,,0.3480,1,-0.196642,0.083735,0.892000,0.9315,0,0.127457,0.183005,0.992000,0.9945,0,-0.061256,0.197137,0.981000,0.9968,0
229,7.639321,1,0.200027,-0.361873,1.292000,0.9984,0,-0.166477,-0.327580,1.205000,0.9991,0,0.270562,-0.063340,1.325000,0.6604,0,-0.183342,-0.052733,1.032000,0.8324,0,,,,0.3388,1,-0.195393,0.085300,0.893000,0.9296,0,0.129350,0.183374,0.994000,0.9945,0,-0.058027,0.197137,0.981000,0.9968,0
230,7.672675,1,0.200491,-0.360580,1.295000,0.9985,0,-0.166200,-0.327036,1.203000,0.9991,0,0.275258,-0.064439,1.348000,0.6452,0,-0.183875,-0.051182,1.035000,0.8315,0,,,,0.3319,1,-0.196268,0.085682,0.897000,0.9324,0,0.126558,0.181714,0.985000,0.9945,0,-0.059459,0.196534,0.978000,0.9968,0
231,7.706029,1,0.200956,-0.363554,1.298000,0.9985,0,-0.166477,-0.327580,1.205000,0.9991,0,0.274646,-0.064296,1.345000,0.6554,0,-0.183875,-0.052887,1.035000,0.8346,0,,,,0.3397,1,-0.195393,0.086771,0.893000,0.9289,0,0.127457,0.183005,0.992000,0.9945,0,-0.059581,0.196936,0.980000,0.9968,0
232,7.739383,1,0.200956,-0.359277,1.298000,0.9984,0,-0.164493,-0.327580,1.205000,0.9991,0,0.273420,-0.061803,1.339000,0.6452,0,-0.184763,-0.053142,1.040000,0.8327,0,,,,0.3259,1,-0.195393,0.085300,0.893000,0.9281,0,0.127329,0.184453,0.991000,0.9944,0,-0.059459,0.196534,0.978000,0.9968,0
233,7.772737,1,0.201730,-0.360661,1.303000,0.9984,0,-0.164766,-0.326135,1.207000,0.9990,0,0.276483,-0.062495,1.354000,0.6498,0,-0.183342,-0.045933,1.032000,0.8286,0,,,,0.3257,1,-0.194737,0.087946,0.890000,0.9229,0,0.128960,0.184453,0.991000,0.9945,0,-0.058027,0.197137,0.981000,0.9968,0
234,7.806091,1,0.201266,-0.361972,1.300000,0.9984,0,-0.164493,-0.327580,1.205000,0.9991,0,0.276483,-0.062495,1.354000,0.6531,0,-0.184586,-0.049668,1.039000,0.8320,0,,,,0.3285,1,-0.194737,0.087946,0.890000,0.9232,0,0.127329,0.184453,0.991000,0.9946,0,-0.059641,0.197137,0.981000,0.9969,0
235,7.839445,1,0.202659,-0.362322,1.309000,0.9984,0,-0.164766,-0.328124,1.207000,0.9990,0,0.277477,-0.062218,1.348000,0.6577,0,-0.183875,-0.052887,1.035000,0.8264,0,,,,0.3266,1,-0.196268,0.087160,0.897000,0.9181,0,0.127971,0.185384,0.996000,0.9946,0,-0.061256,0.197137,0.981000,0.9969,0
236,7.872799,1,0.202969,-0.365035,1.311000,0.9984,0,-0.165176,-0.326946,1.210000,0.9990,0,0.276483,-0.064726,1.354000,0.6641,0,-0.185119,-0.053244,1.042000,0.8220,0,,,,0.3289,1,-0.196706,0.087354,0.899000,0.9105,0,0.127714,0.183374,0.994000,0.9946,0,-0.061381,0.195919,0.983000,0.9968,0
237,7.906153,1,0.200504,-0.364478,1.309000,0.9984,0,-0.165176,-0.326946,1.210000,0.9990,0,0.276483,-0.069187,1.354000,0.6668,0,-0.185474,-0.053347,1.044000,0.8263,0,,,,0.3328,1,-0.196268,0.087160,0.897000,0.9128,0,0.127072,0.180822,0.989000,0.9947,0,-0.058500,0.197115,0.989000,0.9969,0
238,7.939506,1,0.200045,-0.363643,1.306000,0.9984,0,-0.165176,-0.326946,1.210000,0.9990,0,0.278321,-0.067402,1.363000,0.6564,0,-0.184586,-0.049668,1.039000,0.8280,0,,,,0.3232,1,-0.196706,0.087354,0.899000,0.9164,0,0.128960,0.181188,0.991000,0.9947,0,-0.057968,0.195321,0.980000,0.9969,0
239,7.972860,1,0.200811,-0.365035,1.311000,0.9984,0,-0.167444,-0.325490,1.212000,0.9990,0,0.274862,-0.067105,1.357000,0.6545,0,-0.183520,-0.045977,1.033000,0.8340,0,,,,0.3323,1,-0.196706,0.087354,0.899000,0.9219,0,0.129090,0.181371,0.992000,0.9948,0,-0.058027,0.195521,0.981000,0.9970,0
240,8.006214,1,0.200811,-0.362875,1.311000,0.9985,0,-0.165449,-0.325490,1.212000,0.9990,0,0.277708,-0.067253,1.360000,0.6635,0,-0.185474,-0.048187,1.044000,0.8337,0,,,,0.3392,1,-0.196487,0.088736,0.898000,0.9176,0,0.129350,0.183374,0.994000,0.9949,0,-0.057968,0.196936,0.980000,0.9970,0
241,8.039568,1,0.200811,-0.362875,1.311000,0.9985,0,-0.165449,-0.325490,1.212000,0.9990,0,0.277096,-0.060398,1.357000,0.6680,0,-0.184763,-0.044576,1.040000,0.8274,0,,,,0.3447,1,-0.196706,0.091797,0.899000,0.9119,0,0.128699,0.182451,0.989000,0.9949,0,-0.056354,0.198550,0.980000,0.9970,0
242,8.072921,1,0.199108,-0.363706,1.314000,0.9986,0,-0.165722,-0.326027,1.214000,0.9990,0,0.278321,-0.060665,1.363000,0.6757,0,-0.185474,-0.044747,1.044000,0.8305,0,,,,0.3660,1,-0.197143,0.089033,0.901000,0.9162,0,0.130327,0.182451,0.989000,0.9949,0,-0.054797,0.198753,0.981000,0.9970,0
243,8.106275,1,0.200017,-0.365367,1.320000,0.9986,0,-0.166131,-0.326832,1.217000,0.9991,0,0.278321,-0.060665,1.363000,0.6809,0,-0.185474,-0.044747,1.044000,0.8392,0,,,,0.3801,1,-0.198238,0.085049,0.906000,0.9226,0,0.131250,0.183743,0.996000,0.9950,0,-0.055021,0.199563,0.985000,0.9970,0
244,8.139629,1,0.199108,-0.363706,1.314000,0.9987,0,-0.166677,-0.327907,1.221000,0.9991,0,0.278934,-0.060799,1.366000,0.6862,0,-0.185474,-0.044747,1.044000,0.8364,0,,,,0.3825,1,-0.196963,0.085143,0.907000,0.9191,0,0.129350,0.183374,0.994000,0.9950,0,-0.054630,0.198145,0.978000,0.9970,0
245,8.172982,1,0.200017,-0.365367,1.320000,0.9987,0,-0.166404,-0.325361,1.219000,0.9991,0,0.277096,-0.060398,1.357000,0.6888,0,-0.186718,-0.046779,1.051000,0.8402,0,,,,0.3805,1,-0.197398,0.085331,0.909000,0.9210,0,0.129610,0.183743,0.996000,0.9951,0,-0.054574,0.197942,0.977000,0.9971,0
246,8.206336,1,0.201684,-0.368411,1.331000,0.9987,0,-0.169102,-0.326696,1.224000,0.9991,0,0.277096,-0.060398,1.357000,0.6945,0,-0.186007,-0.046601,1.047000,0.8381,0,,,,0.3855,1,-0.197832,0.085519,0.911000,0.9218,0,0.128960,0.182820,0.991000,0.9951,0,-0.055077,0.199766,0.986000,0.9971,0
247,8.239689,1,0.201229,-0.367581,1.328000,0.9987,0,-0.168135,-0.324827,1.217000,0.9991,0,0.278321,-0.060665,1.363000,0.6938,0,-0.186007,-0.046601,1.047000,0.8370,0,,,,0.3781,1,-0.197398,0.086828,0.909000,0.9194,0,0.128960,0.182820,0.991000,0.9952,0,-0.056412,0.198753,0.981000,0.9971,0
248,8.273047,1,0.201229,-0.365393,1.328000,0.9987,0,-0.168687,-0.325895,1.221000,0.9991,0,0.278321,-0.058420,1.363000,0.6965,0,-0.186718,-0.048510,1.051000,0.8369,0,,,,0.3788,1,-0.198484,0.087306,0.914000,0.9187,0,0.129090,0.183005,0.992000,0.9952,0,-0.056354,0.198550,0.980000,0.9971,0
249,8.306402,1,0.200320,-0.363742,1.322000,0.9987,0,-0.168687,-0.325895,1.221000,0.9991,0,0.278934,-0.056298,1.366000,0.6975,0,-0.186362,-0.046690,1.049000,0.8329,0,,,,0.3764,1,-0.197398,0.088326,0.909000,0.9130,0,0.129090,0.183005,0.992000,0.9952,0,-0.056354,0.198550,0.980000,0.9971,0
250,8.339756,1,0.202138,-0.364846,1.334000,0.9987,0,-0.168411,-0.325361,1.219000,0.9991,0,0.278934,-0.056298,1.366000,0.7028,0,-0.187606,-0.047001,1.056000,0.8348,0,,,,0.3877,1,-0.198701,0.084387,0.915000,0.9172,0,0.129350,0.183374,0.994000,0.9952,0,-0.056642,0.197940,0.985000,0.9971,0
251,8.373110,1,0.202138,-0.364846,1.334000,0.9988,0,-0.168687,-0.323884,1.221000,0.9991,0,0.280771,-0.056669,1.375000,0.7029,0,-0.187606,-0.041782,1.056000,0.8292,0,,,,0.3852,1,-0.198484,0.085800,0.914000,0.9144,0,0.129090,0.183005,0.992000,0.9953,0,-0.056527,0.197539,0.983000,0.9971,0
252,8.406465,1,0.201684,-0.364026,1.331000,0.9988,0,-0.168687,-0.323884,1.221000,0.9991,0,0.278321,-0.056174,1.363000,0.7094,0,-0.186007,-0.039701,1.047000,0.8312,0,,,,0.3896,1,-0.198484,0.085800,0.914000,0.9160,0,0.129090,0.183005,0.992000,0.9954,0,-0.056354,0.196936,0.980000,0.9972,0
253,8.439819,1,0.195968,-0.363742,1.322000,0.9988,0,-0.168687,-0.323884,1.221000,0.9991,0,0.280159,-0.056545,1.372000,0.7147,0,-0.186362,-0.039777,1.049000,0.8324,0,,,,0.4025,1,-0.197195,0.085894,0.915000,0.9185,0,0.131250,0.182102,0.996000,0.9954,0,-0.054741,0.196936,0.980000,0.9972,0
254,8.473174,1,0.196413,-0.364568,1.325000,0.9988,0,-0.169102,-0.324679,1.224000,0.9992,0,0.278934,-0.060799,1.366000,0.7174,0,-0.187606,-0.043522,1.056000,0.8413,0,,,,0.4129,1,-0.198488,0.084940,0.921000,0.9241,0,0.130591,0.181188,0.991000,0.9955,0,-0.054797,0.197137,0.981000,0.9972,0
255,8.506528,1,0.197302,-0.366219,1.331000,0.9988,0,-0.168411,-0.323353,1.219000,0.9992,0,0.278934,-0.060799,1.366000,0.7128,0,-0.187251,-0.041703,1.054000,0.8361,0,,,,0.4060,1,-0.197626,0.089103,0.917000,0.9216,0,0.129932,0.180274,0.986000,0.9955,0,-0.054909,0.199158,0.983000,0.9972,0
256,8.539882,1,0.198192,-0.367869,1.337000,0.9988,0,-0.169102,-0.324679,1.224000,0.9992,0,0.280771,-0.061199,1.375000,0.7174,0,-0.187251,-0.041703,1.054000,0.8352,0,,,,0.4104,1,-0.197626,0.089103,0.917000,0.9206,0,0.130591,0.181188,0.991000,0.9955,0,-0.054909,0.197539,0.983000,0.9972,0
257,8.573237,1,0.195111,-0.366219,1.331000,0.9989,0,-0.169102,-0.324679,1.224000,0.9992,0,0.280771,-0.061199,1.375000,0.7150,0,-0.188672,-0.042020,1.062000,0.8375,0,,,,0.4128,1,-0.196764,0.090219,0.913000,0.9230,0,0.131381,0.182285,0.997000,0.9956,0,-0.054630,0.198145,0.978000,0.9972,0
258,8.606591,1,0.195991,-0.367869,1.337000,0.9989,0,-0.169102,-0.324679,1.224000,0.9992,0,0.277901,-0.061066,1.372000,0.7201,0,-0.185868,-0.043522,1.056000,0.8396,0,,,,0.4181,1,-0.197626,0.090614,0.917000,0.9225,0,0.131250,0.182102,0.996000,0.9956,0,-0.054630,0.198145,0.978000,0.9973,0
259,8.639945,1,0.195111,-0.368411,1.331000,0.9989,0,-0.169378,-0.325210,1.226000,0.9992,0,0.277293,-0.060932,1.369000,0.7209,0,-0.187100,-0.045561,1.063000,0.8413,0,,,,0.4166,1,-0.198057,0.090812,0.919000,0.9228,0,0.127329,0.181188,0.991000,0.9956,0,-0.056642,0.199563,0.985000,0.9973,0
260,8.673299,1,0.192051,-0.366751,1.325000,0.9989,0,-0.169102,-0.324679,1.224000,0.9992,0,0.276685,-0.060799,1.366000,0.7265,0,-0.188672,-0.045519,1.062000,0.8446,0,,,,0.4292,1,-0.197195,0.090416,0.915000,0.9255,0,0.127714,0.183374,0.994000,0.9956,0,-0.058263,0.199563,0.985000,0.9973,0
261,8.706654,1,0.192486,-0.367581,1.328000,0.9989,0,-0.169378,-0.325210,1.226000,0.9992,0,0.276848,-0.061333,1.378000,0.7352,0,-0.188849,-0.047313,1.063000,0.8428,0,,,,0.4389,1,-0.198488,0.091009,0.921000,0.9228,0,0.129090,0.183005,0.992000,0.9957,0,-0.056182,0.197942,0.977000,0.9973,0
262,8.740008,1,0.192486,-0.367581,1.328000,0.9989,0,-0.169378,-0.325210,1.226000,0.9992,0,0.275642,-0.061066,1.372000,0.7294,0,-0.187452,-0.049156,1.065000,0.8433,0,,,,0.4340,1,-0.197626,0.090614,0.917000,0.9248,0,0.125444,0.182451,0.989000,0.9956,0,-0.057849,0.198145,0.978000,0.9973,0
263,8.773362,1,0.192486,-0.367581,1.328000,0.9989,0,-0.169378,-0.325210,1.226000,0.9992,0,0.276245,-0.061199,1.375000,0.7321,0,-0.188849,-0.045561,1.063000,0.8439,0,,,,0.4378,1,-0.198488,0.092526,0.921000,0.9258,0,0.127457,0.183005,0.992000,0.9956,0,-0.058145,0.199158,0.983000,0.9972,0
264,8.806716,1,0.192486,-0.367581,1.328000,0.9989,0,-0.171815,-0.323981,1.229000,0.9992,0,0.275642,-0.061066,1.372000,0.7351,0,-0.188672,-0.043769,1.062000,0.8478,0,,,,0.4344,1,-0.197195,0.090416,0.915000,0.9281,0,0.127329,0.181188,0.991000,0.9957,0,-0.057790,0.197942,0.977000,0.9973,0
265,8.840070,1,0.192486,-0.367581,1.328000,0.9989,0,-0.171815,-0.323981,1.229000,0.9992,0,0.275642,-0.063326,1.372000,0.7263,0,-0.188849,-0.043810,1.063000,0.8449,0,,,,0.4205,1,-0.198919,0.091207,0.923000,0.9270,0,0.128699,0.179193,0.989000,0.9956,0,-0.054909,0.199158,0.983000,0.9973,0
266,8.873424,1,0.192486,-0.367581,1.328000,0.9989,0,-0.171396,-0.325210,1.226000,0.9992,0,0.275040,-0.063188,1.369000,0.7284,0,-0.189205,-0.045647,1.065000,0.8495,0,,,,0.4248,1,-0.198703,0.091108,0.922000,0.9300,0,0.128960,0.179555,0.991000,0.9957,0,-0.054797,0.197137,0.981000,0.9973,0
267,8.906778,1,0.192486,-0.367581,1.328000,0.9989,0,-0.171815,-0.323981,1.229000,0.9992,0,0.277451,-0.063741,1.381000,0.7283,0,-0.189205,-0.040384,1.065000,0.8443,0,,,,0.4232,1,-0.198919,0.092727,0.923000,0.9251,0,0.129610,0.180461,0.996000,0.9957,0,-0.054909,0.199158,0.983000,0.9973,0
268,8.940132,1,0.192486,-0.367581,1.328000,0.9989,0,-0.172095,-0.324508,1.231000,0.9992,0,0.275642,-0.063326,1.372000,0.7323,0,-0.189703,-0.036632,1.058000,0.8457,0,,,,0.4221,1,-0.199350,0.092928,0.925000,0.9254,0,0.129090,0.179736,0.992000,0.9959,0,-0.055077,0.199766,0.986000,0.9974,0
269,8.973486,1,0.189870,-0.366751,1.325000,0.9989,0,-0.171815,-0.323981,1.229000,0.9992,0,0.276245,-0.063465,1.375000,0.7267,0,-0.188672,-0.043769,1.062000,0.8459,0,,,,0.4145,1,-0.200858,0.089025,0.932000,0.9276,0,0.129350,0.180099,0.994000,0.9958,0,-0.054741,0.198550,0.980000,0.9974,0
270,9.006840,1,0.190730,-0.368411,1.331000,0.9989,0,-0.172095,-0.324508,1.231000,0.9992,0,0.276245,-0.063465,1.375000,0.7243,0,-0.189560,-0.042217,1.067000,0.8458,0,,,,0.4093,1,-0.201289,0.089216,0.934000,0.9273,0,0.130131,0.181186,1.000000,0.9958,0,-0.054797,0.198753,0.981000,0.9974,0
271,9.040194,1,0.191160,-0.367044,1.334000,0.9989,0,-0.171815,-0.323981,1.229000,0.9992,0,0.275642,-0.063326,1.372000,0.7264,0,-0.189915,-0.042296,1.069000,0.8440,0,,,,0.4095,1,-0.200212,0.090269,0.929000,0.9243,0,0.128960,0.179555,0.991000,0.9958,0,-0.053400,0.199563,0.985000,0.9973,0
272,9.073548,1,0.190300,-0.365393,1.328000,0.9989,0,-0.172095,-0.324508,1.231000,0.9992,0,0.276245,-0.065730,1.375000,0.7278,0,-0.189915,-0.044058,1.069000,0.8460,0,,,,0.4137,1,-0.201720,0.089408,0.936000,0.9253,0,0.129350,0.180099,0.994000,0.9959,0,-0.054741,0.198550,0.980000,0.9974,0
273,9.106902,1,0.191160,-0.369242,1.334000,0.9989,0,-0.171815,-0.323981,1.229000,0.9992,0,0.274437,-0.065300,1.366000,0.7281,0,-0.188156,-0.045819,1.069000,0.8480,0,,,,0.4118,1,-0.201720,0.089408,0.936000,0.9262,0,0.130001,0.181005,0.999000,0.9958,0,-0.053128,0.198550,0.980000,0.9974,0
274,9.140256,1,0.190300,-0.367581,1.328000,0.9989,0,-0.172514,-0.325299,1.234000,0.9992,0,0.276245,-0.065730,1.375000,0.7361,0,-0.188156,-0.045819,1.069000,0.8521,0,,,,0.4284,1,-0.200394,0.089503,0.937000,0.9281,0,0.129610,0.178820,0.996000,0.9959,0,-0.053291,0.199158,0.983000,0.9974,0
275,9.173610,1,0.190730,-0.368411,1.331000,0.9989,0,-0.172095,-0.324508,1.231000,0.9992,0,0.275642,-0.067847,1.372000,0.7323,0,-0.188684,-0.044181,1.072000,0.8502,0,,,,0.4221,1,-0.199538,0.090658,0.933000,0.9256,0,0.128960,0.177923,0.991000,0.9959,0,-0.053020,0.198145,0.978000,0.9974,0
276,9.206963,1,0.187264,-0.365920,1.322000,0.9989,0,-0.172095,-0.324508,1.231000,0.9992,0,0.275642,-0.067847,1.372000,0.7322,0,-0.186396,-0.044058,1.069000,0.8508,0,,,,0.4211,1,-0.199752,0.090755,0.934000,0.9256,0,0.129350,0.178461,0.994000,0.9960,0,-0.053128,0.198550,0.980000,0.9975,0
277,9.240317,1,0.188114,-0.367581,1.328000,0.9989,0,-0.172514,-0.325299,1.234000,0.9992,0,0.276245,-0.067995,1.375000,0.7356,0,-0.187268,-0.046033,1.074000,0.8518,0,,,,0.4258,1,-0.200394,0.091047,0.937000,0.9246,0,0.130591,0.176290,0.991000,0.9960,0,-0.051673,0.195919,0.983000,0.9975,0
278,9.273671,1,0.191160,-0.369242,1.334000,0.9989,0,-0.172514,-0.325299,1.234000,0.9992,0,0.276245,-0.067995,1.375000,0.7330,0,-0.187617,-0.044346,1.076000,0.8485,0,,,,0.4209,1,-0.200394,0.092590,0.937000,0.9217,0,0.130001,0.177713,0.999000,0.9961,0,-0.051673,0.195919,0.983000,0.9975,0
279,9.307028,1,0.191160,-0.369242,1.334000,0.9989,0,-0.172514,-0.323266,1.234000,0.9992,0,0.276245,-0.065730,1.375000,0.7339,0,-0.188156,-0.038774,1.069000,0.8444,0,,,,0.4199,1,-0.198852,0.094134,0.937000,0.9199,0,0.131250,0.180461,0.996000,0.9960,0,-0.051831,0.198141,0.986000,0.9974,0
280,9.340382,1,0.191590,-0.370072,1.337000,0.9989,0,-0.172794,-0.323790,1.236000,0.9992,0,0.277451,-0.066017,1.381000,0.7407,0,-0.188508,-0.038847,1.071000,0.8480,0,,,,0.4294,1,-0.198639,0.094033,0.936000,0.9216,0,0.128960,0.177923,0.991000,0.9961,0,-0.053128,0.196936,0.980000,0.9975,0
281,9.373736,1,0.191160,-0.367044,1.334000,0.9989,0,-0.172514,-0.323266,1.234000,0.9992,0,0.274580,-0.065873,1.378000,0.7335,0,-0.188508,-0.037083,1.071000,0.8436,0,,,,0.4193,1,-0.200337,0.094837,0.944000,0.9201,0,0.128569,0.177384,0.988000,0.9960,0,-0.052857,0.195931,0.975000,0.9974,0
282,9.407090,1,0.191876,-0.370626,1.339000,0.9989,0,-0.172514,-0.323266,1.234000,0.9992,0,0.274580,-0.065873,1.378000,0.7357,0,-0.188684,-0.042415,1.072000,0.8366,0,,,,0.4181,1,-0.199488,0.094435,0.940000,0.9064,0,0.129090,0.178102,0.992000,0.9961,0,-0.053454,0.196517,0.986000,0.9975,0
283,9.440444,1,0.191590,-0.367869,1.337000,0.9989,0,-0.172794,-0.323790,1.236000,0.9992,0,0.274580,-0.063603,1.378000,0.7322,0,-0.188684,-0.038883,1.072000,0.8335,0,,,,0.4138,1,-0.198639,0.095575,0.936000,0.9049,0,0.128309,0.178649,0.986000,0.9962,0,-0.053183,0.195521,0.981000,0.9975,0
284,9.473798,1,0.191876,-0.366214,1.339000,0.9989,0,-0.173073,-0.324314,1.238000,0.9992,0,0.274580,-0.061333,1.378000,0.7380,0,-0.189388,-0.039028,1.076000,0.8348,0,,,,0.4208,1,-0.199276,0.095882,0.939000,0.9061,0,0.129090,0.179736,0.992000,0.9962,0,-0.053183,0.197137,0.981000,0.9975,0
285,9.507152,1,0.191160,-0.364846,1.334000,0.9989,0,-0.173493,-0.325100,1.241000,0.9992,0,0.274580,-0.061333,1.378000,0.7328,0,-0.189740,-0.040877,1.078000,0.8259,0,,,,0.4095,1,-0.200337,0.096392,0.944000,0.8935,0,0.127714,0.180099,0.994000,0.9962,0,-0.054797,0.195521,0.981000,0.9975,0
286,9.540506,1,0.192306,-0.364823,1.342000,0.9989,0,-0.173772,-0.325624,1.243000,0.9991,0,0.275775,-0.054760,1.384000,0.7336,0,-0.191159,-0.037256,1.076000,0.8171,0,,,,0.4103,1,-0.199276,0.095882,0.939000,0.8894,0,0.128960,0.179555,0.991000,0.9961,0,-0.055021,0.197940,0.985000,0.9974,0
287,9.573859,1,0.191876,-0.364008,1.339000,0.9989,0,-0.173493,-0.325100,1.241000,0.9992,0,0.276373,-0.054879,1.387000,0.7408,0,-0.189036,-0.037186,1.074000,0.8222,0,,,,0.4141,1,-0.199700,0.096086,0.941000,0.8945,0,0.129090,0.179736,0.992000,0.9962,0,-0.054797,0.197137,0.981000,0.9975,0
288,9.607213,1,0.191590,-0.361262,1.337000,0.9989,0,-0.173493,-0.325100,1.241000,0.9992,0,0.277451,-0.054641,1.381000,0.7390,0,-0.190092,-0.039173,1.080000,0.8188,0,,,,0.4151,1,-0.199276,0.095882,0.939000,0.8969,0,0.130986,0.180099,0.994000,0.9960,0,-0.053400,0.197940,0.985000,0.9974,0
289,9.640567,1,0.194080,-0.361802,1.339000,0.9989,0,-0.174192,-0.326410,1.246000,0.9992,0,0.278053,-0.054760,1.384000,0.7418,0,-0.189740,-0.037325,1.078000,0.8243,0,,,,0.4217,1,-0.200125,0.097844,0.943000,0.9016,0,0.130986,0.180099,0.994000,0.9961,0,-0.051778,0.196318,0.985000,0.9974,0
290,9.673921,1,0.194515,-0.362613,1.342000,0.9989,0,-0.173493,-0.325100,1.241000,0.9992,0,0.277451,-0.056916,1.381000,0.7386,0,-0.189388,-0.040801,1.076000,0.8243,0,,,,0.4138,1,-0.199488,0.095984,0.940000,0.9021,0,0.129090,0.178102,0.992000,0.9962,0,-0.053291,0.194300,0.983000,0.9975,0
291,9.707274,1,0.194080,-0.361802,1.339000,0.9990,0,-0.173493,-0.323056,1.241000,0.9992,0,0.276848,-0.059063,1.378000,0.7411,0,-0.190092,-0.039173,1.080000,0.8250,0,,,,0.4135,1,-0.200337,0.096392,0.944000,0.9003,0,0.128960,0.177923,0.991000,0.9962,0,-0.053454,0.194893,0.986000,0.9975,0
292,9.740628,1,0.192306,-0.362613,1.342000,0.9989,0,-0.173772,-0.325624,1.243000,0.9992,0,0.274580,-0.059063,1.378000,0.7339,0,-0.190444,-0.042811,1.082000,0.8278,0,,,,0.4046,1,-0.201398,0.095339,0.949000,0.9045,0,0.126332,0.177180,0.996000,0.9962,0,-0.055077,0.191644,0.986000,0.9975,0
293,9.773982,1,0.192306,-0.362613,1.342000,0.9989,0,-0.174192,-0.326410,1.246000,0.9992,0,0.271807,-0.059449,1.387000,0.7270,0,-0.191148,-0.042969,1.086000,0.8287,0,,,,0.3917,1,-0.202459,0.095842,0.954000,0.9034,0,0.124817,0.177357,0.997000,0.9962,0,-0.055021,0.189827,0.985000,0.9976,0
294,9.807335,1,0.191590,-0.361262,1.337000,0.9989,0,-0.172141,-0.326410,1.246000,0.9992,0,0.270632,-0.059191,1.381000,0.7226,0,-0.190796,-0.044676,1.084000,0.8283,0,,,,0.3788,1,-0.200974,0.095139,0.947000,0.9023,0,0.123424,0.176067,0.999000,0.9963,0,-0.056354,0.187249,0.980000,0.9976,0
295,9.840689,1,0.191160,-0.360451,1.334000,0.9988,0,-0.172141,-0.326410,1.246000,0.9992,0,0.268358,-0.059191,1.381000,0.7139,0,-0.190444,-0.044593,1.082000,0.8278,0,,,,0.3653,1,-0.201823,0.093974,0.951000,0.9028,0,0.122806,0.173549,0.994000,0.9962,0,-0.056700,0.186771,0.986000,0.9976,0
296,9.874042,1,0.189672,-0.364008,1.339000,0.9989,0,-0.172417,-0.326934,1.248000,0.9992,0,0.267776,-0.063603,1.378000,0.7197,0,-0.191148,-0.044758,1.086000,0.8334,0,,,,0.3777,1,-0.202247,0.094171,0.953000,0.9070,0,0.124817,0.174073,0.997000,0.9961,0,-0.053616,0.187339,0.989000,0.9976,0
297,9.907396,1,0.187689,-0.360202,1.325000,0.9989,0,-0.173108,-0.326179,1.253000,0.9992,0,0.268941,-0.066160,1.384000,0.7162,0,-0.190092,-0.042732,1.080000,0.8358,0,,,,0.3769,1,-0.203816,0.094171,0.953000,0.9092,0,0.124817,0.174073,0.997000,0.9961,0,-0.053291,0.187822,0.983000,0.9976,0
298,9.940750,1,0.188114,-0.361018,1.328000,0.9989,0,-0.172832,-0.325659,1.251000,0.9992,0,0.268358,-0.066017,1.381000,0.7098,0,-0.191324,-0.043009,1.087000,0.8323,0,,,,0.3693,1,-0.203520,0.094764,0.959000,0.9045,0,0.125444,0.172676,0.989000,0.9961,0,-0.051831,0.188395,0.986000,0.9976,0
299,9.974103,1,0.188539,-0.361833,1.331000,0.9989,0,-0.173108,-0.326179,1.253000,0.9992,0,0.267776,-0.065873,1.378000,0.7115,0,-0.189012,-0.042890,1.084000,0.8346,0,,,,0.3725,1,-0.203520,0.094764,0.959000,0.9061,0,0.126712,0.174422,0.999000,0.9961,0,-0.051568,0.187440,0.981000,0.9976,0
300,10.007457,1,0.187689,-0.358019,1.325000,0.9989,0,-0.173108,-0.326179,1.253000,0.9993,0,0.271807,-0.068588,1.387000,0.7212,0,-0.189535,-0.043009,1.087000,0.8401,0,,,,0.3861,1,-0.203520,0.094764,0.959000,0.9104,0,0.127457,0.173200,0.992000,0.9963,0,-0.051936,0.188778,0.988000,0.9977,0
301,10.040810,1,0.188964,-0.360451,1.334000,0.9989,0,-0.173108,-0.326179,1.253000,0.9993,0,0.269456,-0.067995,1.375000,0.7196,0,-0.189884,-0.043088,1.089000,0.8407,0,,,,0.3837,1,-0.203520,0.094764,0.959000,0.9121,0,0.128099,0.172430,0.997000,0.9963,0,-0.051673,0.187822,0.983000,0.9977,0
302,10.074163,1,0.188539,-0.361833,1.331000,0.9989,0,-0.173523,-0.326960,1.256000,0.9993,0,0.270632,-0.070567,1.381000,0.7231,0,-0.189473,-0.048826,1.097000,0.8442,0,,,,0.3827,1,-0.202153,0.094863,0.960000,0.9143,0,0.129350,0.171911,0.994000,0.9964,0,-0.050208,0.188395,0.986000,0.9977,0
303,10.107517,1,0.188539,-0.359640,1.331000,0.9989,0,-0.171728,-0.327481,1.258000,0.9993,0,0.270044,-0.070413,1.378000,0.7311,0,-0.188437,-0.048559,1.091000,0.8484,0,,,,0.3931,1,-0.202153,0.094863,0.960000,0.9175,0,0.129350,0.171911,0.994000,0.9964,0,-0.050208,0.188395,0.986000,0.9978,0
304,10.140870,1,0.187689,-0.360202,1.325000,0.9989,0,-0.171046,-0.326179,1.253000,0.9993,0,0.271219,-0.073000,1.384000,0.7303,0,-0.188091,-0.046676,1.089000,0.8513,0,,,,0.3929,1,-0.201942,0.094764,0.959000,0.9201,0,0.128099,0.172430,0.997000,0.9964,0,-0.049750,0.186676,0.977000,0.9978,0
305,10.174223,1,0.188964,-0.360451,1.334000,0.9989,0,-0.171455,-0.326960,1.256000,0.9993,0,0.271219,-0.070720,1.384000,0.7282,0,-0.189128,-0.046933,1.095000,0.8516,0,,,,0.3883,1,-0.201942,0.094764,0.959000,0.9201,0,0.128099,0.172430,0.997000,0.9964,0,-0.050208,0.188395,0.986000,0.9978,0
306,10.207577,1,0.191590,-0.361262,1.337000,0.9990,0,-0.171455,-0.326960,1.256000,0.9993,0,0.270632,-0.066017,1.381000,0.7333,0,-0.187228,-0.042890,1.084000,0.8516,0,,,,0.3925,1,-0.202784,0.096746,0.963000,0.9204,0,0.128099,0.174073,0.997000,0.9964,0,-0.051778,0.189827,0.985000,0.9977,0
307,10.240930,1,0.191876,-0.359596,1.339000,0.9989,0,-0.171455,-0.326960,1.256000,0.9993,0,0.270632,-0.059191,1.381000,0.7317,0,-0.188091,-0.039500,1.089000,0.8506,0,,,,0.3845,1,-0.200889,0.097413,0.954000,0.9210,0,0.127714,0.175186,0.994000,0.9965,0,-0.052094,0.192616,0.991000,0.9978,0
308,10.274283,1,0.191160,-0.358253,1.334000,0.9989,0,-0.171455,-0.324891,1.256000,0.9993,0,0.273497,-0.057040,1.384000,0.7369,0,-0.187573,-0.037602,1.086000,0.8504,0,,,,0.3881,1,-0.201942,0.099504,0.959000,0.9201,0,0.130001,0.176067,0.999000,0.9965,0,-0.051989,0.192227,0.989000,0.9978,0
309,10.307636,1,0.191876,-0.359596,1.339000,0.9989,0,-0.173799,-0.325409,1.258000,0.9993,0,0.273497,-0.057040,1.384000,0.7352,0,-0.187746,-0.037637,1.087000,0.8466,0,,,,0.3832,1,-0.200889,0.098985,0.954000,0.9145,0,0.129350,0.175186,0.994000,0.9966,0,-0.049953,0.190672,0.981000,0.9978,0
310,10.340993,1,0.191876,-0.359596,1.339000,0.9989,0,-0.170773,-0.323598,1.251000,0.9993,0,0.274090,-0.061733,1.387000,0.7295,0,-0.187746,-0.039427,1.087000,0.8498,0,,,,0.3763,1,-0.202574,0.098230,0.962000,0.9181,0,0.129090,0.174834,0.992000,0.9966,0,-0.051410,0.190089,0.978000,0.9979,0
311,10.374348,1,0.191590,-0.359059,1.337000,0.9989,0,-0.171046,-0.324115,1.253000,0.9993,0,0.273497,-0.059320,1.384000,0.7351,0,-0.187746,-0.039427,1.087000,0.8499,0,,,,0.3883,1,-0.203205,0.098537,0.965000,0.9209,0,0.127971,0.175539,0.996000,0.9966,0,-0.053454,0.191644,0.986000,0.9979,0
312,10.407702,1,0.191590,-0.359059,1.337000,0.9989,0,-0.171455,-0.324891,1.256000,0.9993,0,0.273497,-0.059320,1.384000,0.7334,0,-0.189361,-0.037602,1.086000,0.8526,0,,,,0.3868,1,-0.202574,0.098230,0.962000,0.9236,0,0.127971,0.175539,0.996000,0.9966,0,-0.053562,0.192033,0.988000,0.9979,0
313,10.441057,1,0.191590,-0.359059,1.337000,0.9989,0,-0.171728,-0.325409,1.258000,0.9993,0,0.273497,-0.059320,1.384000,0.7387,0,-0.189361,-0.037602,1.086000,0.8523,0,,,,0.3918,1,-0.203416,0.098639,0.966000,0.9225,0,0.127329,0.174658,0.991000,0.9966,0,-0.053291,0.191061,0.983000,0.9978,0
314,10.474412,1,0.192306,-0.360402,1.342000,0.9989,0,-0.172138,-0.326185,1.261000,0.9993,0,0.273497,-0.059320,1.384000,0.7436,0,-0.190232,-0.037775,1.091000,0.8538,0,,,,0.4011,1,-0.201521,0.099296,0.957000,0.9227,0,0.127971,0.175539,0.996000,0.9966,0,-0.053725,0.192616,0.991000,0.9978,0
315,10.507766,1,0.191160,-0.358253,1.334000,0.9990,0,-0.171728,-0.325409,1.258000,0.9993,0,0.274090,-0.061733,1.387000,0.7514,0,-0.188437,-0.039572,1.091000,0.8549,0,,,,0.4141,1,-0.202153,0.098026,0.960000,0.9218,0,0.127971,0.175539,0.996000,0.9966,0,-0.053454,0.191644,0.986000,0.9979,0
316,10.541121,1,0.191160,-0.356056,1.334000,0.9989,0,-0.171728,-0.323336,1.258000,0.9993,0,0.274090,-0.059449,1.387000,0.7453,0,-0.190930,-0.039717,1.095000,0.8554,0,,,,0.4028,1,-0.201521,0.097720,0.957000,0.9231,0,0.127329,0.176290,0.991000,0.9966,0,-0.051831,0.193268,0.986000,0.9979,0
317,10.574476,1,0.191590,-0.356856,1.337000,0.9989,0,-0.172138,-0.326185,1.261000,0.9992,0,0.274090,-0.057164,1.387000,0.7447,0,-0.189128,-0.039717,1.095000,0.8504,0,,,,0.3963,1,-0.203205,0.098537,0.965000,0.9172,0,0.127329,0.176290,0.991000,0.9967,0,-0.053400,0.193072,0.985000,0.9979,0
318,10.607830,1,0.191160,-0.356056,1.334000,0.9990,0,-0.171728,-0.321264,1.258000,0.9992,0,0.273497,-0.057040,1.384000,0.7521,0,-0.190232,-0.037775,1.091000,0.8508,0,,,,0.4103,1,-0.200364,0.099504,0.959000,0.9153,0,0.127457,0.176468,0.992000,0.9967,0,-0.053183,0.192288,0.981000,0.9979,0
319,10.641185,1,0.191590,-0.354654,1.337000,0.9990,0,-0.172820,-0.325392,1.266000,0.9992,0,0.272905,-0.054641,1.381000,0.7505,0,-0.189128,-0.037913,1.095000,0.8504,0,,,,0.4054,1,-0.200990,0.099815,0.962000,0.9166,0,0.128356,0.177713,0.999000,0.9967,0,-0.053291,0.192680,0.983000,0.9979,0
320,10.674539,1,0.191590,-0.356856,1.337000,0.9990,0,-0.172138,-0.324107,1.261000,0.9993,0,0.273497,-0.054760,1.384000,0.7457,0,-0.188437,-0.037775,1.091000,0.8513,0,,,,0.3979,1,-0.201199,0.099919,0.963000,0.9175,0,0.125824,0.176468,0.992000,0.9968,0,-0.055188,0.193660,0.988000,0.9979,0
321,10.707894,1,0.191590,-0.354654,1.337000,0.9990,0,-0.170467,-0.324878,1.264000,0.9993,0,0.274683,-0.052707,1.390000,0.7503,0,-0.189819,-0.038052,1.099000,0.8513,0,,,,0.4064,1,-0.201199,0.099919,0.963000,0.9172,0,0.126458,0.177357,0.997000,0.9968,0,-0.053454,0.193268,0.986000,0.9980,0
322,10.741248,1,0.193355,-0.353858,1.334000,0.9990,0,-0.170737,-0.323307,1.266000,0.9992,0,0.275276,-0.052821,1.393000,0.7544,0,-0.189128,-0.037913,1.095000,0.8490,0,,,,0.4117,1,-0.200029,0.100126,0.965000,0.9121,0,0.125824,0.176468,0.992000,0.9968,0,-0.051515,0.192092,0.980000,0.9979,0
323,10.774603,1,0.193790,-0.354654,1.337000,0.9990,0,-0.171141,-0.326163,1.269000,0.9992,0,0.273497,-0.052480,1.384000,0.7454,0,-0.186983,-0.041445,1.093000,0.8477,0,,,,0.4050,1,-0.201273,0.097550,0.971000,0.9138,0,0.126712,0.177713,0.999000,0.9967,0,-0.053725,0.192616,0.991000,0.9979,0
324,10.807957,1,0.194515,-0.355980,1.342000,0.9990,0,-0.170467,-0.322796,1.264000,0.9993,0,0.272905,-0.054641,1.381000,0.7478,0,-0.187667,-0.039790,1.097000,0.8517,0,,,,0.4080,1,-0.201894,0.097851,0.974000,0.9167,0,0.126078,0.176824,0.994000,0.9967,0,-0.051778,0.193072,0.985000,0.9979,0
325,10.841312,1,0.193790,-0.354654,1.337000,0.9990,0,-0.170737,-0.323307,1.266000,0.9992,0,0.276373,-0.054879,1.387000,0.7495,0,-0.187325,-0.037913,1.095000,0.8493,0,,,,0.4068,1,-0.201273,0.097550,0.971000,0.9149,0,0.127971,0.177180,0.996000,0.9967,0,-0.051673,0.192680,0.983000,0.9979,0
326,10.874666,1,0.193790,-0.354654,1.337000,0.9989,0,-0.171411,-0.326677,1.271000,0.9992,0,0.275775,-0.054760,1.384000,0.7442,0,-0.187667,-0.039790,1.097000,0.8487,0,,,,0.3934,1,-0.201480,0.097650,0.972000,0.9153,0,0.127714,0.176824,0.994000,0.9967,0,-0.051831,0.193268,0.986000,0.9979,0
327,10.908020,1,0.193790,-0.354654,1.337000,0.9989,0,-0.171141,-0.326163,1.269000,0.9992,0,0.275775,-0.054760,1.384000,0.7356,0,-0.189036,-0.040080,1.105000,0.8446,0,,,,0.3783,1,-0.201894,0.097851,0.974000,0.9118,0,0.127072,0.175934,0.989000,0.9966,0,-0.051515,0.192092,0.980000,0.9979,0
328,10.941375,1,0.194515,-0.353769,1.342000,0.9989,0,-0.171141,-0.326163,1.269000,0.9992,0,0.275775,-0.052480,1.384000,0.7349,0,-0.189036,-0.038260,1.105000,0.8456,0,,,,0.3740,1,-0.201894,0.097851,0.974000,0.9134,0,0.127971,0.178820,0.996000,0.9966,0,-0.051989,0.195486,0.989000,0.9979,0
329,10.974729,1,0.194080,-0.352979,1.339000,0.9989,0,-0.171816,-0.327449,1.274000,0.9992,0,0.275178,-0.052366,1.381000,0.7410,0,-0.186878,-0.038190,1.103000,0.8464,0,,,,0.3796,1,-0.200858,0.098945,0.969000,0.9121,0,0.127457,0.178102,0.992000,0.9967,0,-0.051989,0.195486,0.989000,0.9979,0
330,11.008083,1,0.194080,-0.352979,1.339000,0.9989,0,-0.171411,-0.326677,1.271000,0.9992,0,0.276373,-0.054879,1.387000,0.7398,0,-0.187895,-0.038398,1.109000,0.8414,0,,,,0.3728,1,-0.201273,0.099149,0.971000,0.9049,0,0.127714,0.178461,0.994000,0.9967,0,-0.051673,0.194300,0.983000,0.9979,0
331,11.041437,1,0.196724,-0.351559,1.342000,0.9989,0,-0.171141,-0.324073,1.269000,0.9992,0,0.275775,-0.052480,1.384000,0.7411,0,-0.185862,-0.036176,1.097000,0.8406,0,,,,0.3733,1,-0.200858,0.100541,0.969000,0.9045,0,0.128569,0.177384,0.988000,0.9967,0,-0.051568,0.195521,0.981000,0.9979,0
332,11.074792,1,0.194515,-0.351559,1.342000,0.9989,0,-0.171411,-0.324584,1.271000,0.9992,0,0.276373,-0.052594,1.387000,0.7464,0,-0.186878,-0.034556,1.103000,0.8427,0,,,,0.3788,1,-0.201273,0.100749,0.971000,0.9065,0,0.130391,0.179898,1.002000,0.9967,0,-0.051831,0.196517,0.986000,0.9979,0
333,11.108146,1,0.197603,-0.353130,1.348000,0.9989,0,-0.172085,-0.325860,1.276000,0.9992,0,0.275178,-0.052366,1.381000,0.7485,0,-0.185862,-0.034368,1.097000,0.8409,0,,,,0.3826,1,-0.199057,0.100438,0.968000,0.9062,0,0.129090,0.178102,0.992000,0.9968,0,-0.051989,0.195486,0.989000,0.9980,0
334,11.141500,1,0.196724,-0.351559,1.342000,0.9990,0,-0.171816,-0.325350,1.274000,0.9993,0,0.273497,-0.052480,1.384000,0.7485,0,-0.187217,-0.036439,1.105000,0.8441,0,,,,0.3822,1,-0.199057,0.100438,0.968000,0.9094,0,0.127971,0.178820,0.996000,0.9968,0,-0.051568,0.193904,0.981000,0.9980,0
335,11.174854,1,0.196284,-0.348567,1.339000,0.9990,0,-0.172085,-0.325860,1.276000,0.9993,0,0.276373,-0.050309,1.387000,0.7516,0,-0.186878,-0.034556,1.103000,0.8445,0,,,,0.3855,1,-0.199057,0.103627,0.968000,0.9110,0,0.129740,0.179000,0.997000,0.9968,0,-0.052094,0.195881,0.991000,0.9980,0
336,11.208208,1,0.197164,-0.350129,1.345000,0.9990,0,-0.169985,-0.325860,1.276000,0.9993,0,0.273497,-0.050200,1.384000,0.7521,0,-0.187895,-0.036571,1.109000,0.8425,0,,,,0.3846,1,-0.201114,0.103086,0.978000,0.9104,0,0.127329,0.177923,0.991000,0.9968,0,-0.051673,0.194300,0.983000,0.9980,0
337,11.241563,1,0.196724,-0.349348,1.342000,0.9990,0,-0.171411,-0.324584,1.271000,0.9993,0,0.273497,-0.050200,1.384000,0.7569,0,-0.188234,-0.036637,1.111000,0.8423,0,,,,0.3917,1,-0.200291,0.102665,0.974000,0.9081,0,0.128099,0.179000,0.997000,0.9968,0,-0.051831,0.194893,0.986000,0.9980,0
338,11.274917,1,0.196724,-0.349348,1.342000,0.9989,0,-0.172085,-0.325860,1.276000,0.9993,0,0.273497,-0.047920,1.384000,0.7490,0,-0.188234,-0.036637,1.111000,0.8444,0,,,,0.3856,1,-0.200497,0.102770,0.975000,0.9121,0,0.128099,0.179000,0.997000,0.9968,0,-0.053454,0.193268,0.986000,0.9980,0
339,11.308271,1,0.196284,-0.348567,1.339000,0.9989,0,-0.169719,-0.325350,1.274000,0.9993,0,0.272905,-0.047816,1.381000,0.7532,0,-0.188234,-0.038467,1.111000,0.8426,0,,,,0.3890,1,-0.200291,0.102665,0.974000,0.9111,0,0.126078,0.178461,0.994000,0.9968,0,-0.053454,0.193268,0.986000,0.9980,0
340,11.341625,1,0.196724,-0.349348,1.342000,0.9990,0,-0.169319,-0.324584,1.271000,0.9993,0,0.273497,-0.047920,1.384000,0.7541,0,-0.187895,-0.038398,1.109000,0.8363,0,,,,0.3874,1,-0.200497,0.102770,0.975000,0.9033,0,0.125444,0.177564,0.989000,0.9969,0,-0.053454,0.193268,0.986000,0.9980,0
341,11.374981,1,0.196724,-0.349348,1.342000,0.9990,0,-0.170385,-0.326627,1.279000,0.9993,0,0.274090,-0.048024,1.387000,0.7567,0,-0.187217,-0.038260,1.105000,0.8404,0,,,,0.3913,1,-0.200497,0.102770,0.975000,0.9073,0,0.125697,0.177923,0.991000,0.9969,0,-0.054741,0.192092,0.980000,0.9980,0
342,11.408335,1,0.196724,-0.349348,1.342000,0.9990,0,-0.169985,-0.325860,1.276000,0.9993,0,0.273497,-0.047920,1.384000,0.7604,0,-0.187895,-0.036571,1.109000,0.8398,0,,,,0.3992,1,-0.200497,0.102770,0.975000,0.9092,0,0.126332,0.178820,0.996000,0.9968,0,-0.053291,0.194300,0.983000,0.9980,0
343,11.441689,1,0.197164,-0.350129,1.345000,0.9990,0,-0.172490,-0.326627,1.279000,0.9993,0,0.273497,-0.047920,1.384000,0.7637,0,-0.188234,-0.036637,1.111000,0.8371,0,,,,0.4010,1,-0.200291,0.104269,0.974000,0.9064,0,0.125697,0.177923,0.991000,0.9969,0,-0.053291,0.192680,0.983000,0.9980,0
344,11.475044,1,0.198933,-0.349348,1.342000,0.9990,0,-0.172490,-0.326627,1.279000,0.9993,0,0.273497,-0.047920,1.384000,0.7614,0,-0.188573,-0.036703,1.113000,0.8411,0,,,,0.3965,1,-0.200497,0.104376,0.975000,0.9099,0,0.125824,0.178102,0.992000,0.9969,0,-0.055077,0.193268,0.986000,0.9981,0
345,11.508398,1,0.196724,-0.349348,1.342000,0.9990,0,-0.172085,-0.325860,1.276000,0.9993,0,0.272905,-0.047816,1.381000,0.7674,0,-0.186741,-0.036703,1.113000,0.8399,0,,,,0.4055,1,-0.199504,0.106309,0.978000,0.9063,0,0.126078,0.178461,0.994000,0.9969,0,-0.055021,0.193072,0.985000,0.9981,0
346,11.541752,1,0.196724,-0.349348,1.342000,0.9991,0,-0.172894,-0.327393,1.282000,0.9993,0,0.272905,-0.045541,1.381000,0.7735,0,-0.187748,-0.036901,1.119000,0.8354,0,,,,0.4149,1,-0.199300,0.106200,0.977000,0.9024,0,0.126078,0.178461,0.994000,0.9970,0,-0.055021,0.194695,0.985000,0.9981,0
347,11.575106,1,0.196284,-0.348567,1.339000,0.9990,0,-0.172490,-0.326627,1.279000,0.9993,0,0.272905,-0.047816,1.381000,0.7730,0,-0.187412,-0.036835,1.117000,0.8357,0,,,,0.4124,1,-0.199504,0.104698,0.978000,0.9019,0,0.125824,0.178102,0.992000,0.9970,0,-0.055188,0.193660,0.988000,0.9981,0
348,11.608460,1,0.196284,-0.348567,1.339000,0.9991,0,-0.172894,-0.329505,1.282000,0.9993,0,0.273497,-0.047920,1.384000,0.7758,0,-0.187748,-0.038744,1.119000,0.8423,0,,,,0.4213,1,-0.200932,0.105447,0.985000,0.9070,0,0.125824,0.178102,0.992000,0.9970,0,-0.055021,0.193072,0.985000,0.9981,0
349,11.641814,1,0.198488,-0.348567,1.339000,0.9990,0,-0.172894,-0.329505,1.282000,0.9993,0,0.273497,-0.047920,1.384000,0.7700,0,-0.187748,-0.038744,1.119000,0.8406,0,,,,0.4096,1,-0.200116,0.105019,0.981000,0.9059,0,0.124817,0.179000,0.997000,0.9970,0,-0.055077,0.193268,0.986000,0.9981,0
350,11.675168,1,0.198488,-0.348567,1.339000,0.9990,0,-0.170784,-0.327393,1.282000,0.9993,0,0.274683,-0.048128,1.390000,0.7755,0,-0.187748,-0.038744,1.119000,0.8408,0,,,,0.4190,1,-0.201136,0.105554,0.986000,0.9060,0,0.124692,0.180461,0.996000,0.9969,0,-0.055077,0.194893,0.986000,0.9981,0
351,11.708522,1,0.198933,-0.349348,1.342000,0.9990,0,-0.170784,-0.327393,1.282000,0.9993,0,0.273497,-0.045640,1.384000,0.7778,0,-0.188419,-0.037033,1.123000,0.8403,0,,,,0.4180,1,-0.201136,0.105554,0.986000,0.9056,0,0.123315,0.178468,0.985000,0.9969,0,-0.055021,0.194695,0.985000,0.9980,0
352,11.741876,1,0.198192,-0.345844,1.337000,0.9990,0,-0.169985,-0.325860,1.276000,0.9993,0,0.274090,-0.045739,1.387000,0.7807,0,-0.188083,-0.036967,1.121000,0.8417,0,,,,0.4251,1,-0.200524,0.105233,0.983000,0.9060,0,0.124817,0.180642,0.997000,0.9970,0,-0.055021,0.193072,0.985000,0.9981,0
353,11.775230,1,0.198933,-0.347137,1.342000,0.9991,0,-0.170784,-0.327393,1.282000,0.9993,0,0.272905,-0.045541,1.381000,0.7865,0,-0.188083,-0.036967,1.121000,0.8431,0,,,,0.4340,1,-0.201544,0.105768,0.988000,0.9062,0,0.124442,0.178461,0.994000,0.9970,0,-0.055021,0.193072,0.985000,0.9981,0
354,11.808584,1,0.198933,-0.347137,1.342000,0.9991,0,-0.170784,-0.329505,1.282000,0.9993,0,0.274090,-0.045739,1.387000,0.7938,0,-0.188419,-0.038883,1.123000,0.8430,0,,,,0.4485,1,-0.201544,0.105768,0.988000,0.9051,0,0.124817,0.179000,0.997000,0.9971,0,-0.055021,0.193072,0.985000,0.9981,0
355,11.841938,1,0.198488,-0.346361,1.339000,0.9991,0,-0.170784,-0.329505,1.282000,0.9993,0,0.272312,-0.045442,1.378000,0.7960,0,-0.188419,-0.040733,1.123000,0.8446,0,,,,0.4524,1,-0.202156,0.106089,0.991000,0.9056,0,0.124442,0.178461,0.994000,0.9971,0,-0.055188,0.193660,0.988000,0.9981,0
356,11.875292,1,0.199377,-0.347913,1.345000,0.9991,0,-0.170784,-0.329505,1.282000,0.9993,0,0.274090,-0.045739,1.387000,0.7952,0,-0.189090,-0.040878,1.127000,0.8425,0,,,,0.4445,1,-0.201544,0.105768,0.988000,0.9031,0,0.124692,0.178820,0.996000,0.9971,0,-0.055244,0.192227,0.989000,0.9981,0
357,11.908645,1,0.199377,-0.347913,1.345000,0.9991,0,-0.170784,-0.327393,1.282000,0.9993,0,0.273497,-0.045640,1.384000,0.7916,0,-0.188419,-0.040733,1.123000,0.8400,0,,,,0.4362,1,-0.201748,0.104246,0.989000,0.9007,0,0.124692,0.178820,0.996000,0.9971,0,-0.055188,0.192033,0.988000,0.9982,0
358,11.941999,1,0.198933,-0.347137,1.342000,0.9991,0,-0.171051,-0.327904,1.284000,0.9993,0,0.272905,-0.045541,1.381000,0.7936,0,-0.189761,-0.042886,1.131000,0.8368,0,,,,0.4370,1,-0.200727,0.104562,0.992000,0.8968,0,0.124817,0.179000,0.997000,0.9971,0,-0.054909,0.191061,0.983000,0.9981,0
359,11.975353,1,0.198933,-0.347137,1.342000,0.9991,0,-0.168674,-0.327393,1.282000,0.9993,0,0.272905,-0.045541,1.381000,0.7982,0,-0.189425,-0.042811,1.129000,0.8420,0,,,,0.4514,1,-0.200727,0.104562,0.992000,0.9019,0,0.124817,0.179000,0.997000,0.9971,0,-0.055524,0.193199,0.994000,0.9981,0
360,12.008707,1,0.198488,-0.346361,1.339000,0.9991,0,-0.169332,-0.328670,1.287000,0.9993,0,0.270632,-0.045541,1.381000,0.8026,0,-0.189761,-0.042886,1.131000,0.8484,0,,,,0.4664,1,-0.202144,0.105300,0.999000,0.9072,0,0.124442,0.178461,0.994000,0.9972,0,-0.055356,0.192616,0.991000,0.9982,0
361,12.042060,1,0.198488,-0.346361,1.339000,0.9991,0,-0.169727,-0.329436,1.290000,0.9993,0,0.271807,-0.045739,1.387000,0.8046,0,-0.189761,-0.042886,1.131000,0.8501,0,,,,0.4659,1,-0.200727,0.104562,0.992000,0.9104,0,0.125068,0.179359,0.999000,0.9972,0,-0.055077,0.191644,0.986000,0.9982,0
362,12.075414,1,0.198192,-0.345844,1.337000,0.9991,0,-0.169332,-0.328670,1.287000,0.9993,0,0.269456,-0.045343,1.375000,0.8086,0,-0.190096,-0.041096,1.133000,0.8503,0,,,,0.4679,1,-0.203155,0.105827,1.004000,0.9090,0,0.124692,0.178820,0.996000,0.9972,0,-0.055188,0.192033,0.988000,0.9982,0
363,12.108768,1,0.202041,-0.348689,1.348000,0.9991,0,-0.169727,-0.329436,1.290000,0.9993,0,0.272905,-0.045541,1.381000,0.8101,0,-0.190432,-0.041168,1.135000,0.8505,0,,,,0.4697,1,-0.202144,0.105300,0.999000,0.9091,0,0.124442,0.178461,0.994000,0.9972,0,-0.055188,0.192033,0.988000,0.9982,0
364,12.142121,1,0.200392,-0.345844,1.337000,0.9991,0,-0.169727,-0.329436,1.290000,0.9993,0,0.272905,-0.043266,1.381000,0.8131,0,-0.190768,-0.041241,1.137000,0.8491,0,,,,0.4752,1,-0.202144,0.105300,0.999000,0.9076,0,0.122559,0.178102,0.992000,0.9972,0,-0.054797,0.190672,0.981000,0.9982,0
365,12.175475,1,0.203805,-0.345697,1.345000,0.9991,0,-0.168937,-0.327904,1.284000,0.9993,0,0.273497,-0.036520,1.384000,0.8130,0,-0.190432,-0.041168,1.135000,0.8415,0,,,,0.4674,1,-0.200700,0.105405,1.000000,0.8993,0,0.123176,0.180642,0.997000,0.9972,0,-0.056642,0.191450,0.985000,0.9982,0
366,12.208828,1,0.204714,-0.347239,1.351000,0.9992,0,-0.169727,-0.329436,1.290000,0.9993,0,0.272312,-0.036362,1.378000,0.8193,0,-0.190768,-0.039368,1.137000,0.8422,0,,,,0.4788,1,-0.200700,0.105405,1.000000,0.8967,0,0.123053,0.180461,0.996000,0.9972,0,-0.056527,0.191061,0.983000,0.9981,0
367,12.242182,1,0.204714,-0.347239,1.351000,0.9992,0,-0.168937,-0.330019,1.284000,0.9993,0,0.272905,-0.038716,1.381000,0.8231,0,-0.191103,-0.039437,1.139000,0.8395,0,,,,0.4878,1,-0.202105,0.106143,1.007000,0.8947,0,0.124442,0.178461,0.994000,0.9972,0,-0.056412,0.190672,0.981000,0.9981,0
368,12.275535,1,0.204260,-0.346468,1.348000,0.9992,0,-0.167604,-0.331561,1.290000,0.9993,0,0.275178,-0.040991,1.381000,0.8199,0,-0.191103,-0.041313,1.139000,0.8404,0,,,,0.4833,1,-0.201503,0.105827,1.004000,0.8958,0,0.124692,0.178820,0.996000,0.9972,0,-0.056642,0.189827,0.985000,0.9981,0
369,12.308889,1,0.204714,-0.347239,1.351000,0.9992,0,-0.167604,-0.331561,1.290000,0.9993,0,0.272312,-0.040902,1.378000,0.8249,0,-0.191439,-0.041386,1.141000,0.8401,0,,,,0.4950,1,-0.202105,0.106143,1.007000,0.8951,0,0.122435,0.177923,0.991000,0.9972,0,-0.056700,0.190020,0.986000,0.9981,0
370,12.342242,1,0.203350,-0.344926,1.342000,0.9992,0,-0.167604,-0.331561,1.290000,0.9993,0,0.272312,-0.040902,1.378000,0.8253,0,-0.190768,-0.041241,1.137000,0.8390,0,,,,0.4952,1,-0.202105,0.106143,1.007000,0.8948,0,0.122806,0.178461,0.994000,0.9972,0,-0.056642,0.188204,0.985000,0.9981,0
371,12.375596,1,0.206019,-0.345697,1.345000,0.9992,0,-0.167604,-0.331561,1.290000,0.9993,0,0.271719,-0.040813,1.375000,0.8251,0,-0.192110,-0.041531,1.145000,0.8413,0,,,,0.4904,1,-0.202306,0.106249,1.008000,0.8964,0,0.121170,0.178461,0.994000,0.9971,0,-0.057045,0.187908,0.992000,0.9981,0
372,12.408952,1,0.204260,-0.346468,1.348000,0.9991,0,-0.167604,-0.331561,1.290000,0.9993,0,0.271807,-0.041169,1.387000,0.8245,0,-0.191774,-0.041458,1.143000,0.8407,0,,,,0.4873,1,-0.201704,0.105932,1.005000,0.8961,0,0.120926,0.176468,0.992000,0.9971,0,-0.056815,0.185522,0.988000,0.9981,0
373,12.442306,1,0.203805,-0.345697,1.345000,0.9991,0,-0.167604,-0.331561,1.290000,0.9993,0,0.271219,-0.043360,1.384000,0.8224,0,-0.192110,-0.041531,1.145000,0.8408,0,,,,0.4817,1,-0.202105,0.106143,1.007000,0.8974,0,0.120496,0.176596,1.002000,0.9971,0,-0.056642,0.183336,0.985000,0.9981,0
374,12.475661,1,0.203350,-0.344926,1.342000,0.9991,0,-0.167863,-0.332075,1.292000,0.9993,0,0.268358,-0.043266,1.381000,0.8219,0,-0.192110,-0.041531,1.145000,0.8430,0,,,,0.4777,1,-0.201101,0.105616,1.002000,0.9007,0,0.119413,0.175010,0.993000,0.9971,0,-0.056815,0.182267,0.988000,0.9982,0
375,12.509016,1,0.202593,-0.341438,1.337000,0.9991,0,-0.167863,-0.329947,1.292000,0.9993,0,0.268358,-0.043266,1.381000,0.8209,0,-0.192445,-0.041604,1.147000,0.8431,0,,,,0.4722,1,-0.202105,0.106143,1.007000,0.9012,0,0.119534,0.175186,0.994000,0.9971,0,-0.057332,0.183927,0.997000,0.9981,0
376,12.542370,1,0.202896,-0.341949,1.339000,0.9991,0,-0.165480,-0.329436,1.290000,0.9993,0,0.270044,-0.043172,1.378000,0.8139,0,-0.192110,-0.041531,1.145000,0.8357,0,,,,0.4522,1,-0.202105,0.107802,1.007000,0.8849,0,0.118135,0.175539,0.996000,0.9972,0,-0.057045,0.183005,0.992000,0.9982,0
377,12.575725,1,0.202896,-0.341949,1.339000,0.9991,0,-0.168643,-0.333617,1.298000,0.9993,0,0.269456,-0.043078,1.375000,0.8208,0,-0.193284,-0.041785,1.152000,0.8410,0,,,,0.4708,1,-0.202707,0.108123,1.010000,0.8896,0,0.117542,0.174658,0.991000,0.9972,0,-0.058027,0.180976,0.981000,0.9982,0
378,12.609079,1,0.204260,-0.344248,1.348000,0.9991,0,-0.165737,-0.332075,1.292000,0.9993,0,0.270632,-0.043266,1.381000,0.8205,0,-0.192445,-0.041604,1.147000,0.8422,0,,,,0.4672,1,-0.203309,0.106776,1.013000,0.8924,0,0.119894,0.175715,0.997000,0.9972,0,-0.056815,0.182267,0.988000,0.9982,0
379,12.642434,1,0.203805,-0.343481,1.345000,0.9991,0,-0.165737,-0.332075,1.292000,0.9993,0,0.271219,-0.043360,1.384000,0.8120,0,-0.192949,-0.043607,1.150000,0.8341,0,,,,0.4482,1,-0.203309,0.106776,1.013000,0.8808,0,0.116262,0.175186,0.994000,0.9972,0,-0.058796,0.183374,0.994000,0.9982,0
380,12.675788,1,0.205100,-0.341949,1.339000,0.9991,0,-0.165480,-0.333686,1.290000,0.9993,0,0.270632,-0.043266,1.381000,0.8108,0,-0.192949,-0.045501,1.150000,0.8367,0,,,,0.4452,1,-0.203309,0.106776,1.013000,0.8841,0,0.116379,0.175362,0.995000,0.9972,0,-0.058322,0.181898,0.986000,0.9982,0
381,12.709143,1,0.206478,-0.344248,1.348000,0.9991,0,-0.165737,-0.334203,1.292000,0.9993,0,0.270044,-0.043172,1.378000,0.8141,0,-0.193620,-0.045660,1.154000,0.8399,0,,,,0.4543,1,-0.204112,0.107197,1.017000,0.8874,0,0.116846,0.174422,0.999000,0.9971,0,-0.057045,0.181371,0.992000,0.9982,0
382,12.742497,1,0.206478,-0.344248,1.348000,0.9991,0,-0.163990,-0.334979,1.295000,0.9993,0,0.270044,-0.045442,1.378000,0.8099,0,-0.193284,-0.045581,1.152000,0.8387,0,,,,0.4431,1,-0.204112,0.105522,1.017000,0.8832,0,0.116262,0.173549,0.994000,0.9971,0,-0.056987,0.181188,0.991000,0.9982,0
383,12.775852,1,0.205100,-0.341949,1.339000,0.9991,0,-0.166507,-0.335755,1.298000,0.9993,0,0.269456,-0.045343,1.375000,0.8109,0,-0.193620,-0.043759,1.154000,0.8393,0,,,,0.4448,1,-0.204112,0.107197,1.017000,0.8858,0,0.115560,0.172501,0.988000,0.9972,0,-0.058618,0.181188,0.991000,0.9982,0
384,12.809206,1,0.206478,-0.344248,1.348000,0.9991,0,-0.166507,-0.333617,1.298000,0.9993,0,0.270044,-0.045442,1.378000,0.8151,0,-0.193284,-0.043683,1.152000,0.8410,0,,,,0.4501,1,-0.204313,0.107303,1.018000,0.8873,0,0.116028,0.173200,0.992000,0.9971,0,-0.058677,0.181371,0.992000,0.9982,0
385,12.842561,1,0.205100,-0.341949,1.339000,0.9991,0,-0.166122,-0.332846,1.295000,0.9993,0,0.268358,-0.043266,1.381000,0.8109,0,-0.193284,-0.043683,1.152000,0.8386,0,,,,0.4368,1,-0.204112,0.108873,1.017000,0.8843,0,0.117197,0.174946,1.002000,0.9971,0,-0.058677,0.181371,0.992000,0.9982,0
386,12.875915,1,0.205559,-0.342715,1.342000,0.9990,0,-0.163610,-0.334203,1.292000,0.9993,0,0.268941,-0.043360,1.384000,0.8144,0,-0.192385,-0.047726,1.158000,0.8411,0,,,,0.4450,1,-0.204313,0.105626,1.018000,0.8882,0,0.115911,0.171392,0.991000,0.9971,0,-0.058914,0.180461,0.996000,0.9982,0
387,12.909269,1,0.206019,-0.343481,1.345000,0.9990,0,-0.164370,-0.335755,1.298000,0.9993,0,0.270044,-0.043172,1.378000,0.8108,0,-0.192053,-0.047643,1.156000,0.8417,0,,,,0.4350,1,-0.205718,0.101286,1.025000,0.8898,0,0.117898,0.171911,0.994000,0.9971,0,-0.058618,0.179555,0.991000,0.9982,0
388,12.942624,1,0.206019,-0.343481,1.345000,0.9990,0,-0.164370,-0.335755,1.298000,0.9993,0,0.270632,-0.045541,1.381000,0.8133,0,-0.192385,-0.049633,1.158000,0.8411,0,,,,0.4398,1,-0.206119,0.103176,1.027000,0.8875,0,0.116262,0.171911,0.994000,0.9972,0,-0.058677,0.179736,0.992000,0.9982,0
389,12.975978,1,0.206938,-0.345014,1.351000,0.9990,0,-0.164370,-0.335755,1.298000,0.9993,0,0.270632,-0.045541,1.381000,0.8164,0,-0.192717,-0.053541,1.160000,0.8437,0,,,,0.4445,1,-0.206721,0.101780,1.030000,0.8912,0,0.118847,0.171644,1.002000,0.9971,0,-0.058441,0.177384,0.988000,0.9982,0
390,13.009332,1,0.205559,-0.342715,1.342000,0.9990,0,-0.164370,-0.335755,1.298000,0.9993,0,0.270044,-0.045442,1.378000,0.8127,0,-0.192717,-0.051630,1.160000,0.8367,0,,,,0.4314,1,-0.207122,0.101978,1.032000,0.8805,0,0.117898,0.171911,0.994000,0.9972,0,-0.058914,0.178820,0.996000,0.9982,0
391,13.042686,1,0.206478,-0.344248,1.348000,0.9990,0,-0.164370,-0.335755,1.298000,0.9992,0,0.271219,-0.045640,1.384000,0.8150,0,-0.191630,-0.051853,1.165000,0.8307,0,,,,0.4332,1,-0.205623,0.102077,1.033000,0.8692,0,0.116262,0.171911,0.994000,0.9972,0,-0.059151,0.179539,1.000000,0.9982,0
392,13.076041,1,0.205559,-0.342715,1.342000,0.9990,0,-0.162234,-0.335755,1.298000,0.9992,0,0.270632,-0.045541,1.381000,0.8122,0,-0.191959,-0.055787,1.167000,0.8339,0,,,,0.4284,1,-0.205424,0.101978,1.032000,0.8749,0,0.116846,0.171130,0.999000,0.9971,0,-0.058677,0.176468,0.992000,0.9982,0
393,13.109395,1,0.206019,-0.343481,1.345000,0.9989,0,-0.162234,-0.335755,1.298000,0.9992,0,0.270632,-0.045541,1.381000,0.8111,0,-0.192617,-0.055978,1.171000,0.8313,0,,,,0.4220,1,-0.208211,0.101638,1.046000,0.8732,0,0.116963,0.172949,1.000000,0.9971,0,-0.058677,0.178102,0.992000,0.9982,0
394,13.142749,1,0.208697,-0.344248,1.348000,0.9990,0,-0.162234,-0.335755,1.298000,0.9992,0,0.271219,-0.043360,1.384000,0.8113,0,-0.192617,-0.054049,1.171000,0.8264,0,,,,0.4201,1,-0.207016,0.104482,1.040000,0.8618,0,0.116496,0.172257,0.996000,0.9971,0,-0.058973,0.179000,0.997000,0.9982,0
395,13.176103,1,0.210090,-0.346546,1.357000,0.9989,0,-0.161859,-0.334979,1.295000,0.9992,0,0.270044,-0.043172,1.378000,0.8144,0,-0.192946,-0.056073,1.173000,0.8293,0,,,,0.4273,1,-0.207414,0.104683,1.042000,0.8671,0,0.118135,0.172257,0.996000,0.9971,0,-0.057447,0.179359,0.999000,0.9982,0
396,13.209457,1,0.209626,-0.343549,1.354000,0.9989,0,-0.162484,-0.336273,1.300000,0.9992,0,0.271219,-0.041080,1.384000,0.8143,0,-0.192946,-0.050276,1.173000,0.8261,0,,,,0.4218,1,-0.206419,0.111014,1.037000,0.8595,0,0.118135,0.172257,0.996000,0.9972,0,-0.056987,0.179555,0.991000,0.9982,0
397,13.242811,1,0.208697,-0.342027,1.348000,0.9989,0,-0.162484,-0.336273,1.300000,0.9992,0,0.270632,-0.040991,1.381000,0.8139,0,-0.192946,-0.050276,1.173000,0.8229,0,,,,0.4195,1,-0.206419,0.111014,1.037000,0.8542,0,0.117898,0.171911,0.994000,0.9971,0,-0.058500,0.177564,0.989000,0.9981,0
398,13.276166,1,0.209161,-0.342788,1.351000,0.9989,0,-0.161859,-0.334979,1.295000,0.9992,0,0.270044,-0.040902,1.378000,0.8143,0,-0.193275,-0.050362,1.175000,0.8246,0,,,,0.4193,1,-0.206419,0.107597,1.037000,0.8589,0,0.118135,0.172257,0.996000,0.9971,0,-0.058618,0.177923,0.991000,0.9982,0
399,13.309520,1,0.209161,-0.342788,1.351000,0.9989,0,-0.162484,-0.336273,1.300000,0.9991,0,0.270044,-0.040902,1.378000,0.8150,0,-0.194427,-0.050662,1.182000,0.8191,0,,,,0.4144,1,-0.206021,0.112505,1.035000,0.8400,0,0.118491,0.172776,0.999000,0.9972,0,-0.058973,0.179000,0.997000,0.9982,0
400,13.342874,1,0.208232,-0.341266,1.345000,0.9990,0,-0.162484,-0.334131,1.300000,0.9991,0,0.271807,-0.041169,1.387000,0.8185,0,-0.192946,-0.048344,1.173000,0.8174,0,,,,0.4221,1,-0.207812,0.111763,1.044000,0.8393,0,0.117898,0.171911,0.994000,0.9972,0,-0.058677,0.179736,0.992000,0.9982,0
401,13.376228,1,0.209161,-0.342788,1.351000,0.9990,0,-0.162484,-0.334131,1.300000,0.9991,0,0.271807,-0.038884,1.387000,0.8223,0,-0.193769,-0.048550,1.178000,0.8177,0,,,,0.4262,1,-0.205623,0.112287,1.033000,0.8354,0,0.116028,0.171565,0.992000,0.9973,0,-0.058441,0.179012,0.988000,0.9982,0
402,13.409582,1,0.209626,-0.343549,1.354000,0.9990,0,-0.162859,-0.334902,1.303000,0.9991,0,0.270632,-0.038716,1.381000,0.8210,0,-0.193769,-0.048550,1.178000,0.8126,0,,,,0.4235,1,-0.205424,0.112178,1.032000,0.8269,0,0.116028,0.171565,0.992000,0.9973,0,-0.058500,0.179193,0.989000,0.9982,0
403,13.442937,1,0.210555,-0.345072,1.360000,0.9990,0,-0.160344,-0.334131,1.300000,0.9991,0,0.270632,-0.038716,1.381000,0.8246,0,-0.193769,-0.050491,1.178000,0.8179,0,,,,0.4309,1,-0.206817,0.109516,1.039000,0.8366,0,0.117660,0.171565,0.992000,0.9973,0,-0.056987,0.179555,0.991000,0.9982,0
404,13.476292,1,0.209161,-0.342788,1.351000,0.9990,0,-0.160714,-0.334902,1.303000,0.9991,0,0.270632,-0.038716,1.381000,0.8254,0,-0.193275,-0.044555,1.175000,0.8164,0,,,,0.4304,1,-0.206021,0.119325,1.035000,0.8317,0,0.117660,0.171565,0.992000,0.9973,0,-0.056872,0.179193,0.989000,0.9982,0
405,13.509646,1,0.208697,-0.342027,1.348000,0.9990,0,-0.159727,-0.332846,1.295000,0.9991,0,0.271219,-0.038800,1.384000,0.8232,0,-0.193769,-0.042728,1.178000,0.8137,0,,,,0.4224,1,-0.206021,0.119325,1.035000,0.8225,0,0.118016,0.172084,0.995000,0.9973,0,-0.056872,0.179193,0.989000,0.9982,0
406,13.543001,1,0.210090,-0.344310,1.357000,0.9990,0,-0.162484,-0.334131,1.300000,0.9991,0,0.270044,-0.038632,1.378000,0.8231,0,-0.195209,-0.042619,1.175000,0.8080,0,,,,0.4173,1,-0.206021,0.117620,1.035000,0.8091,0,0.118135,0.173898,0.996000,0.9974,0,-0.058618,0.179555,0.991000,0.9982,0
407,13.576355,1,0.209626,-0.343549,1.354000,0.9990,0,-0.161859,-0.332846,1.295000,0.9991,0,0.271807,-0.038884,1.387000,0.8209,0,-0.196040,-0.042800,1.180000,0.8052,0,,,,0.4093,1,-0.204317,0.117620,1.035000,0.8061,0,0.116963,0.174596,1.000000,0.9974,0,-0.060310,0.178102,0.992000,0.9983,0
408,13.609710,1,0.209161,-0.342788,1.351000,0.9990,0,-0.162234,-0.333617,1.298000,0.9991,0,0.270632,-0.038716,1.381000,0.8165,0,-0.192946,-0.042547,1.173000,0.8031,0,,,,0.4046,1,-0.205107,0.114651,1.039000,0.8114,0,0.116028,0.171565,0.992000,0.9973,0,-0.060067,0.177384,0.988000,0.9982,0
409,13.643064,1,0.210555,-0.345072,1.360000,0.9990,0,-0.162484,-0.334131,1.300000,0.9991,0,0.270632,-0.038716,1.381000,0.8203,0,-0.193275,-0.048426,1.175000,0.8096,0,,,,0.4134,1,-0.206094,0.111763,1.044000,0.8221,0,0.116262,0.171911,0.994000,0.9973,0,-0.060736,0.179359,0.999000,0.9983,0
410,13.676418,1,0.209626,-0.343549,1.354000,0.9990,0,-0.160344,-0.334131,1.300000,0.9991,0,0.270632,-0.038716,1.381000,0.8266,0,-0.193769,-0.050491,1.178000,0.8142,0,,,,0.4306,1,-0.206094,0.110043,1.044000,0.8308,0,0.116496,0.172257,0.996000,0.9973,0,-0.058618,0.179555,0.991000,0.9982,0
411,13.709773,1,0.210090,-0.344310,1.357000,0.9990,0,-0.160714,-0.337049,1.303000,0.9991,0,0.270632,-0.038716,1.381000,0.8308,0,-0.193275,-0.052298,1.175000,0.8158,0,,,,0.4448,1,-0.205699,0.109832,1.042000,0.8342,0,0.116496,0.172257,0.996000,0.9973,0,-0.058677,0.178102,0.992000,0.9982,0
412,13.743127,1,0.208697,-0.342027,1.348000,0.9990,0,-0.160097,-0.333617,1.298000,0.9992,0,0.270632,-0.040991,1.381000,0.8327,0,-0.193769,-0.052431,1.178000,0.8183,0,,,,0.4487,1,-0.206489,0.106808,1.046000,0.8411,0,0.117305,0.171046,0.989000,0.9974,0,-0.058914,0.180461,0.996000,0.9983,0
413,13.776482,1,0.209626,-0.343549,1.354000,0.9990,0,-0.160097,-0.333617,1.298000,0.9991,0,0.270632,-0.038716,1.381000,0.8246,0,-0.193275,-0.046491,1.175000,0.8121,0,,,,0.4316,1,-0.205305,0.114761,1.040000,0.8294,0,0.117305,0.171046,0.989000,0.9974,0,-0.058914,0.180461,0.996000,0.9983,0
414,13.809836,1,0.209626,-0.343549,1.354000,0.9990,0,-0.159357,-0.332075,1.292000,0.9991,0,0.267776,-0.038632,1.378000,0.8223,0,-0.193769,-0.046609,1.178000,0.8048,0,,,,0.4263,1,-0.203923,0.113989,1.033000,0.8197,0,0.116028,0.171565,0.992000,0.9974,0,-0.058618,0.177923,0.991000,0.9983,0
415,13.843190,1,0.208697,-0.342027,1.348000,0.9990,0,-0.160344,-0.334131,1.300000,0.9991,0,0.269456,-0.038548,1.375000,0.8241,0,-0.192946,-0.044479,1.173000,0.8076,0,,,,0.4278,1,-0.205107,0.112939,1.039000,0.8262,0,0.118609,0.172949,1.000000,0.9974,0,-0.058322,0.180274,0.986000,0.9983,0
416,13.876544,1,0.209161,-0.342788,1.351000,0.9991,0,-0.162234,-0.333617,1.298000,0.9991,0,0.270632,-0.040991,1.381000,0.8257,0,-0.194098,-0.048632,1.180000,0.8028,0,,,,0.4333,1,-0.205107,0.112939,1.039000,0.8223,0,0.118491,0.174422,0.999000,0.9975,0,-0.058441,0.180639,0.988000,0.9983,0
417,13.909899,1,0.209161,-0.342788,1.351000,0.9991,0,-0.161484,-0.332075,1.292000,0.9991,0,0.269524,-0.041169,1.387000,0.8310,0,-0.193275,-0.048426,1.175000,0.8031,0,,,,0.4470,1,-0.206489,0.113700,1.046000,0.8199,0,,,,0.9975,2,-0.058914,0.182102,0.996000,0.9983,0
418,13.943253,1,0.209626,-0.343549,1.354000,0.9991,0,-0.162234,-0.333617,1.298000,0.9991,0,0.268941,-0.038800,1.384000,0.8292,0,-0.193275,-0.048426,1.175000,0.8023,0,,,,0.4437,1,-0.205699,0.113265,1.042000,0.8209,0,0.117898,0.171911,0.994000,0.9975,0,-0.058914,0.182102,0.996000,0.9983,0
419,13.976607,1,0.208697,-0.342027,1.348000,0.9991,0,-0.161859,-0.332846,1.295000,0.9991,0,0.268941,-0.038800,1.384000,0.8315,0,-0.193275,-0.048426,1.175000,0.8049,0,,,,0.4514,1,-0.206094,0.113483,1.044000,0.8243,0,0.117660,0.171565,0.992000,0.9975,0,-0.058441,0.180639,0.988000,0.9983,0
420,14.009961,1,0.210090,-0.344310,1.357000,0.9991,0,-0.164370,-0.335755,1.298000,0.9991,0,0.268941,-0.038800,1.384000,0.8335,0,-0.193769,-0.048550,1.178000,0.8075,0,,,,0.4570,1,-0.205305,0.113048,1.040000,0.8290,0,0.117305,0.171046,0.989000,0.9975,0,-0.058677,0.181371,0.992000,0.9983,0
421,14.043315,1,0.210090,-0.344310,1.357000,0.9991,0,-0.164370,-0.335755,1.298000,0.9991,0,0.269524,-0.038884,1.387000,0.8383,0,-0.192617,-0.048261,1.171000,0.8083,0,,,,0.4688,1,-0.203984,0.111549,1.042000,0.8303,0,0.117660,0.171565,0.992000,0.9975,0,-0.058322,0.178649,0.986000,0.9983,0
422,14.076669,1,0.208697,-0.342027,1.348000,0.9991,0,-0.163990,-0.332846,1.295000,0.9991,0,0.268941,-0.036520,1.384000,0.8369,0,-0.193769,-0.046609,1.178000,0.8093,0,,,,0.4640,1,-0.205305,0.111335,1.040000,0.8311,0,0.117542,0.171392,0.991000,0.9976,0,-0.058500,0.180822,0.989000,0.9983,0
423,14.110024,1,0.209626,-0.343549,1.354000,0.9991,0,-0.163990,-0.332846,1.295000,0.9991,0,0.267776,-0.036362,1.378000,0.8392,0,-0.194098,-0.046688,1.180000,0.8087,0,,,,0.4675,1,-0.205355,0.112298,1.049000,0.8298,0,0.116496,0.172257,0.996000,0.9976,0,-0.060128,0.180822,0.989000,0.9983,0
424,14.143378,1,0.208232,-0.341266,1.345000,0.9991,0,-0.165003,-0.334902,1.303000,0.9991,0,0.265507,-0.036362,1.378000,0.8383,0,-0.194098,-0.046688,1.180000,0.8052,0,,,,0.4653,1,-0.205355,0.112298,1.049000,0.8254,0,0.114626,0.171911,0.994000,0.9976,0,-0.060310,0.179736,0.992000,0.9983,0
425,14.176732,1,0.208697,-0.342027,1.348000,0.9991,0,-0.164370,-0.335755,1.298000,0.9991,0,0.265507,-0.036362,1.378000,0.8375,0,-0.192946,-0.046411,1.173000,0.8042,0,,,,0.4620,1,-0.204376,0.111763,1.044000,0.8252,0,0.114626,0.171911,0.994000,0.9976,0,-0.060249,0.177923,0.991000,0.9983,0
426,14.210086,1,0.208697,-0.342027,1.348000,0.9991,0,-0.164370,-0.333617,1.298000,0.9991,0,0.265507,-0.036362,1.378000,0.8374,0,-0.194098,-0.044744,1.180000,0.8048,0,,,,0.4577,1,-0.204376,0.111763,1.044000,0.8243,0,0.116262,0.171911,0.994000,0.9976,0,-0.058796,0.180099,0.994000,0.9983,0
427,14.243440,1,0.209161,-0.342788,1.351000,0.9991,0,-0.163990,-0.334979,1.295000,0.9991,0,0.267776,-0.038632,1.378000,0.8331,0,-0.194877,-0.044479,1.173000,0.8017,0,,,,0.4516,1,-0.203984,0.113265,1.042000,0.8190,0,0.113703,0.170528,0.986000,0.9976,0,-0.060553,0.180461,0.996000,0.9983,0
428,14.276794,1,0.207768,-0.340504,1.342000,0.9991,0,-0.164623,-0.336273,1.300000,0.9990,0,0.267776,-0.038632,1.378000,0.8337,0,-0.194213,-0.044327,1.169000,0.8015,0,,,,0.4567,1,-0.204376,0.113483,1.044000,0.8165,0,0.114280,0.171392,0.991000,0.9977,0,-0.059945,0.178649,0.986000,0.9983,0
429,14.310148,1,0.208697,-0.344248,1.348000,0.9991,0,-0.164370,-0.335755,1.298000,0.9990,0,0.268358,-0.038716,1.381000,0.8365,0,-0.193275,-0.040683,1.175000,0.8011,0,,,,0.4641,1,-0.203628,0.115755,1.049000,0.8130,0,0.114626,0.171911,0.994000,0.9977,0,-0.060553,0.180461,0.996000,0.9984,0
430,14.343501,1,0.207768,-0.340504,1.342000,0.9991,0,-0.163990,-0.334979,1.295000,0.9990,0,0.265507,-0.038632,1.378000,0.8288,0,-0.195209,-0.040683,1.175000,0.8015,0,,,,0.4523,1,-0.203984,0.121848,1.042000,0.8131,0,0.114395,0.171565,0.992000,0.9977,0,-0.060310,0.179736,0.992000,0.9984,0
431,14.376855,1,0.208232,-0.341266,1.345000,0.9991,0,-0.164370,-0.335755,1.298000,0.9990,0,0.265507,-0.038632,1.378000,0.8306,0,-0.195209,-0.040683,1.175000,0.8014,0,,,,0.4581,1,-0.204376,0.122082,1.044000,0.8099,0,0.117197,0.174946,1.002000,0.9977,0,-0.060432,0.181736,0.994000,0.9983,0
432,14.410209,1,0.208697,-0.342027,1.348000,0.9991,0,-0.163990,-0.334979,1.295000,0.9990,0,0.267776,-0.036362,1.378000,0.8282,0,-0.194213,-0.040476,1.169000,0.7960,0,,,,0.4524,1,-0.203046,0.122316,1.046000,0.8001,0,0.116963,0.174596,1.000000,0.9977,0,-0.060432,0.183374,0.994000,0.9984,0
433,14.443563,1,0.208232,-0.343481,1.345000,0.9991,0,-0.164623,-0.336273,1.300000,0.9990,0,0.270044,-0.038632,1.378000,0.8318,0,-0.195708,-0.042728,1.178000,0.7983,0,,,,0.4601,1,-0.202657,0.122082,1.044000,0.7998,0,0.116262,0.173549,0.994000,0.9977,0,-0.060067,0.182267,0.988000,0.9984,0
434,14.476918,1,0.207304,-0.341949,1.339000,0.9991,0,-0.164370,-0.335755,1.298000,0.9990,0,0.268868,-0.038463,1.372000,0.8308,0,-0.195708,-0.040787,1.178000,0.7946,0,,,,0.4549,1,-0.202657,0.122082,1.044000,0.7876,0,0.116028,0.173200,0.992000,0.9977,0,-0.060432,0.183374,0.994000,0.9984,0
435,14.510273,1,0.208232,-0.343481,1.345000,0.9992,0,-0.164623,-0.336273,1.300000,0.9989,0,0.270632,-0.038716,1.381000,0.8359,0,-0.194877,-0.040614,1.173000,0.7911,0,,,,0.4678,1,-0.203046,0.124039,1.046000,0.7761,0,0.115677,0.172676,0.989000,0.9978,0,-0.059945,0.181898,0.986000,0.9984,0
436,14.543627,1,0.208232,-0.343481,1.345000,0.9991,0,-0.165003,-0.337049,1.303000,0.9989,0,0.271219,-0.038800,1.384000,0.8360,0,-0.195708,-0.042728,1.178000,0.7971,0,,,,0.4663,1,-0.204016,0.117707,1.051000,0.7864,0,0.115677,0.172676,0.989000,0.9977,0,-0.060614,0.182285,0.997000,0.9983,0
437,14.576981,1,0.207768,-0.342715,1.342000,0.9991,0,-0.165003,-0.337049,1.303000,0.9990,0,0.269456,-0.038548,1.375000,0.8348,0,-0.195209,-0.042619,1.175000,0.7958,0,,,,0.4632,1,-0.202269,0.113265,1.042000,0.7888,0,0.116262,0.173549,0.994000,0.9977,0,-0.058618,0.181188,0.991000,0.9983,0
438,14.610335,1,0.208232,-0.343481,1.345000,0.9991,0,-0.164370,-0.335755,1.298000,0.9990,0,0.270632,-0.040991,1.381000,0.8301,0,-0.194545,-0.042474,1.171000,0.7952,0,,,,0.4562,1,-0.203984,0.116699,1.042000,0.7875,0,0.116496,0.173898,0.996000,0.9977,0,-0.059151,0.182833,1.000000,0.9983,0
439,14.643690,1,0.208232,-0.343481,1.345000,0.9992,0,-0.164623,-0.336273,1.300000,0.9990,0,0.270632,-0.040991,1.381000,0.8324,0,-0.193275,-0.044555,1.175000,0.7995,0,,,,0.4622,1,-0.203984,0.114982,1.042000,0.7959,0,0.117898,0.173549,0.994000,0.9977,0,-0.056815,0.180639,0.988000,0.9984,0
440,14.677044,1,0.209626,-0.345780,1.354000,0.9991,0,-0.165383,-0.337825,1.306000,0.9990,0,0.270632,-0.040991,1.381000,0.8305,0,-0.195209,-0.044555,1.175000,0.8025,0,,,,0.4591,1,-0.203984,0.118415,1.042000,0.8001,0,0.115677,0.172676,0.989000,0.9977,0,-0.057160,0.181736,0.994000,0.9984,0
441,14.710398,1,0.209161,-0.345014,1.351000,0.9991,0,-0.164370,-0.335755,1.298000,0.9990,0,0.270632,-0.040991,1.381000,0.8332,0,-0.192617,-0.046332,1.171000,0.8081,0,,,,0.4700,1,-0.203397,0.112939,1.039000,0.8114,0,0.116496,0.172257,0.996000,0.9977,0,-0.057505,0.179539,1.000000,0.9984,0
442,14.743752,1,0.209161,-0.345014,1.351000,0.9991,0,-0.164370,-0.335755,1.298000,0.9990,0,0.269456,-0.040813,1.375000,0.8351,0,-0.194427,-0.046768,1.182000,0.8081,0,,,,0.4743,1,-0.205746,0.110781,1.051000,0.8142,0,0.116028,0.173200,0.992000,0.9977,0,-0.056987,0.177923,0.991000,0.9983,0
443,14.777106,1,0.208697,-0.342027,1.348000,0.9991,0,-0.162484,-0.336273,1.300000,0.9989,0,0.270044,-0.040902,1.378000,0.8315,0,-0.194098,-0.046688,1.180000,0.8030,0,,,,0.4645,1,-0.204963,0.112084,1.047000,0.8033,0,0.115911,0.173025,0.991000,0.9976,0,-0.058322,0.177025,0.986000,0.9983,0
444,14.810460,1,0.208232,-0.341266,1.345000,0.9991,0,-0.162484,-0.336273,1.300000,0.9989,0,0.268358,-0.040991,1.381000,0.8317,0,-0.194427,-0.046768,1.182000,0.7986,0,,,,0.4628,1,-0.203984,0.111549,1.042000,0.7959,0,0.116262,0.173549,0.994000,0.9976,0,-0.058914,0.178820,0.996000,0.9983,0
445,14.843814,1,0.208697,-0.342027,1.348000,0.9991,0,-0.162234,-0.335755,1.298000,0.9989,0,0.267776,-0.040902,1.378000,0.8352,0,-0.192946,-0.046411,1.173000,0.7993,0,,,,0.4722,1,-0.206489,0.113700,1.046000,0.7946,0,0.116613,0.174073,0.997000,0.9976,0,-0.059091,0.179359,0.999000,0.9983,0
446,14.877168,1,0.209161,-0.342788,1.351000,0.9991,0,-0.162859,-0.337049,1.303000,0.9989,0,0.267193,-0.040813,1.375000,0.8345,0,-0.192946,-0.044479,1.173000,0.8012,0,,,,0.4699,1,-0.204963,0.110359,1.047000,0.7973,0,0.116496,0.173898,0.996000,0.9976,0,-0.058677,0.179736,0.992000,0.9983,0
447,14.910522,1,0.208232,-0.343481,1.345000,0.9991,0,-0.162234,-0.335755,1.298000,0.9989,0,0.270632,-0.040991,1.381000,0.8332,0,-0.193769,-0.044669,1.178000,0.7976,0,,,,0.4637,1,-0.203984,0.113265,1.042000,0.7861,0,0.116846,0.174422,0.999000,0.9976,0,-0.059091,0.181005,0.999000,0.9983,0
448,14.943876,1,0.208697,-0.344248,1.348000,0.9992,0,-0.162484,-0.336273,1.300000,0.9990,0,0.270044,-0.040902,1.378000,0.8383,0,-0.193275,-0.044555,1.175000,0.8014,0,,,,0.4772,1,-0.204376,0.113483,1.044000,0.7904,0,0.115326,0.172152,0.986000,0.9976,0,-0.058677,0.181371,0.992000,0.9983,0
449,14.977230,1,0.208697,-0.344248,1.348000,0.9992,0,-0.162484,-0.336273,1.300000,0.9989,0,0.269456,-0.040813,1.375000,0.8404,0,-0.192617,-0.044403,1.171000,0.7988,0,,,,0.4821,1,-0.203397,0.114651,1.039000,0.7863,0,0.116262,0.173549,0.994000,0.9976,0,-0.058677,0.181371,0.992000,0.9983,0
450,15.010584,1,0.208232,-0.343481,1.345000,0.9992,0,-0.162484,-0.336273,1.300000,0.9990,0,0.267776,-0.040902,1.378000,0.8421,0,-0.192946,-0.044479,1.173000,0.8012,0,,,,0.4889,1,-0.204376,0.113483,1.044000,0.7953,0,0.116028,0.173200,0.992000,0.9977,0,-0.058677,0.181371,0.992000,0.9983,0
451,15.043938,1,0.208697,-0.344248,1.348000,0.9992,0,-0.162484,-0.336273,1.300000,0.9990,0,0.270044,-0.040902,1.378000,0.8372,0,-0.192617,-0.044403,1.171000,0.8011,0,,,,0.4775,1,-0.204376,0.113483,1.044000,0.7964,0,0.116963,0.174596,1.000000,0.9976,0,-0.058263,0.180091,0.985000,0.9983,0
452,15.077292,1,0.208697,-0.344248,1.348000,0.9992,0,-0.162234,-0.335755,1.298000,0.9990,0,0.270632,-0.040991,1.381000,0.8400,0,-0.193275,-0.046491,1.175000,0.8018,0,,,,0.4822,1,-0.203593,0.113048,1.040000,0.7962,0,0.116963,0.174596,1.000000,0.9977,0,-0.058500,0.179193,0.989000,0.9983,0
453,15.110646,1,0.208697,-0.344248,1.348000,0.9992,0,-0.162484,-0.336273,1.300000,0.9990,0,0.270044,-0.040902,1.378000,0.8414,0,-0.194098,-0.046688,1.180000,0.8052,0,,,,0.4861,1,-0.205746,0.110781,1.051000,0.8055,0,0.117542,0.173025,0.991000,0.9977,0,-0.057160,0.181736,0.994000,0.9983,0
454,15.144000,1,0.208232,-0.345697,1.345000,0.9992,0,-0.162234,-0.335755,1.298000,0.9990,0,0.270044,-0.043172,1.378000,0.8392,0,-0.192617,-0.044403,1.171000,0.8055,0,,,,0.4780,1,-0.203984,0.116699,1.042000,0.7990,0,0.117660,0.173200,0.992000,0.9977,0,-0.056815,0.180639,0.988000,0.9983,0
455,15.177354,1,0.207768,-0.344926,1.342000,0.9992,0,-0.162859,-0.337049,1.303000,0.9990,0,0.269456,-0.043078,1.375000,0.8412,0,-0.192946,-0.044479,1.173000,0.8032,0,,,,0.4832,1,-0.203593,0.114761,1.040000,0.7997,0,0.118491,0.174422,0.999000,0.9976,0,-0.056642,0.180091,0.985000,0.9983,0
456,15.210708,1,0.208232,-0.345697,1.345000,0.9992,0,-0.162234,-0.335755,1.298000,0.9990,0,0.270044,-0.043172,1.378000,0.8372,0,-0.193769,-0.044669,1.178000,0.8023,0,,,,0.4769,1,-0.203397,0.114651,1.039000,0.8023,0,0.118135,0.173898,0.996000,0.9977,0,-0.057275,0.182102,0.996000,0.9983,0
457,15.244061,1,0.207768,-0.344926,1.342000,0.9992,0,-0.162234,-0.335755,1.298000,0.9991,0,0.270044,-0.043172,1.378000,0.8385,0,-0.192617,-0.044403,1.171000,0.8058,0,,,,0.4812,1,-0.204376,0.111763,1.044000,0.8112,0,0.117542,0.173025,0.991000,0.9977,0,-0.057275,0.182102,0.996000,0.9983,0
458,15.277415,1,0.208697,-0.346468,1.348000,0.9992,0,-0.162484,-0.336273,1.300000,0.9990,0,0.270044,-0.043172,1.378000,0.8338,0,-0.192946,-0.044479,1.173000,0.8025,0,,,,0.4699,1,-0.203984,0.114982,1.042000,0.8018,0,0.117542,0.173025,0.991000,0.9977,0,-0.056987,0.181188,0.991000,0.9983,0
459,15.310769,1,0.208697,-0.346468,1.348000,0.9991,0,-0.162484,-0.336273,1.300000,0.9990,0,0.270044,-0.043172,1.378000,0.8333,0,-0.193275,-0.044555,1.175000,0.8024,0,,,,0.4654,1,-0.204376,0.113483,1.044000,0.8033,0,0.117898,0.173549,0.994000,0.9977,0,-0.057160,0.181736,0.994000,0.9984,0
460,15.344122,1,0.209626,-0.345780,1.354000,0.9991,0,-0.162484,-0.336273,1.300000,0.9990,0,0.271219,-0.043360,1.384000,0.8286,0,-0.194098,-0.044744,1.180000,0.8019,0,,,,0.4572,1,-0.203593,0.113048,1.040000,0.8030,0,0.117898,0.173549,0.994000,0.9977,0,-0.056987,0.181188,0.991000,0.9983,0
461,15.377476,1,0.209161,-0.345014,1.351000,0.9991,0,-0.161859,-0.334979,1.295000,0.9990,0,0.270044,-0.038632,1.378000,0.8267,0,-0.192617,-0.044403,1.171000,0.7968,0,,,,0.4467,1,-0.203397,0.118074,1.039000,0.7899,0,0.117898,0.173549,0.994000,0.9977,0,-0.057160,0.181736,0.994000,0.9983,0
462,15.410830,1,0.209161,-0.345014,1.351000,0.9991,0,-0.162484,-0.336273,1.300000,0.9990,0,0.270044,-0.038632,1.378000,0.8238,0,-0.193275,-0.044555,1.175000,0.7956,0,,,,0.4386,1,-0.203984,0.116699,1.042000,0.7914,0,0.118135,0.173898,0.996000,0.9976,0,-0.057045,0.181371,0.992000,0.9983,0
463,15.444183,1,0.208232,-0.343481,1.345000,0.9991,0,-0.160097,-0.335755,1.298000,0.9990,0,0.270632,-0.038716,1.381000,0.8233,0,-0.193275,-0.044555,1.175000,0.7918,0,,,,0.4356,1,-0.203984,0.114982,1.042000,0.7888,0,0.118254,0.172430,0.997000,0.9976,0,-0.057275,0.182102,0.996000,0.9983,0
464,15.477537,1,0.207768,-0.342715,1.342000,0.9991,0,-0.160097,-0.335755,1.298000,0.9990,0,0.270044,-0.038632,1.378000,0.8217,0,-0.192946,-0.042547,1.173000,0.7940,0,,,,0.4274,1,-0.204376,0.115203,1.044000,0.7911,0,0.118847,0.174946,1.002000,0.9976,0,-0.057160,0.181736,0.994000,0.9983,0
465,15.510892,1,0.208697,-0.344248,1.348000,0.9991,0,-0.159357,-0.334203,1.292000,0.9991,0,0.270044,-0.038632,1.378000,0.8247,0,-0.193769,-0.044669,1.178000,0.7952,0,,,,0.4339,1,-0.203593,0.114761,1.040000,0.7962,0,0.117898,0.173549,0.994000,0.9976,0,-0.057275,0.182102,0.996000,0.9983,0
466,15.544246,1,0.208232,-0.343481,1.345000,0.9991,0,-0.160344,-0.336273,1.300000,0.9990,0,0.270044,-0.038632,1.378000,0.8245,0,-0.192617,-0.044403,1.171000,0.7897,0,,,,0.4317,1,-0.203984,0.114982,1.042000,0.7887,0,0.118254,0.174073,0.997000,0.9976,0,-0.056872,0.180822,0.989000,0.9983,0
467,15.577601,1,0.208232,-0.343481,1.345000,0.9991,0,-0.160344,-0.336273,1.300000,0.9991,0,0.270044,-0.040902,1.378000,0.8256,0,-0.192946,-0.044479,1.173000,0.7920,0,,,,0.4337,1,-0.203397,0.114651,1.039000,0.7878,0,0.118135,0.172257,0.996000,0.9976,0,-0.057160,0.180099,0.994000,0.9983,0
468,15.610955,1,0.208232,-0.343481,1.345000,0.9991,0,-0.160714,-0.337049,1.303000,0.9991,0,0.270044,-0.040902,1.378000,0.8291,0,-0.194098,-0.044744,1.180000,0.7923,0,,,,0.4417,1,-0.203397,0.114651,1.039000,0.7891,0,0.117898,0.171911,0.994000,0.9976,0,-0.057160,0.180099,0.994000,0.9983,0
469,15.644310,1,0.208232,-0.343481,1.345000,0.9991,0,-0.160097,-0.335755,1.298000,0.9991,0,0.269456,-0.040813,1.375000,0.8294,0,-0.193275,-0.044555,1.175000,0.7933,0,,,,0.4402,1,-0.204767,0.113700,1.046000,0.7909,0,0.118609,0.172949,1.000000,0.9976,0,-0.057275,0.180461,0.996000,0.9983,0
470,15.677664,1,0.207304,-0.341949,1.339000,0.9991,0,-0.160714,-0.337049,1.303000,0.9991,0,0.270632,-0.040991,1.381000,0.8321,0,-0.194427,-0.044820,1.182000,0.7987,0,,,,0.4470,1,-0.204376,0.113483,1.044000,0.7962,0,0.117542,0.171392,0.991000,0.9976,0,-0.057045,0.179736,0.992000,0.9983,0
471,15.711019,1,0.209161,-0.342788,1.351000,0.9991,0,-0.159727,-0.334979,1.295000,0.9991,0,0.270044,-0.038632,1.378000,0.8340,0,-0.194098,-0.044744,1.180000,0.7993,0,,,,0.4506,1,-0.203984,0.113265,1.042000,0.7952,0,0.116262,0.171911,0.994000,0.9976,0,-0.059091,0.179359,0.999000,0.9984,0
472,15.744373,1,0.209161,-0.342788,1.351000,0.9991,0,-0.160097,-0.335755,1.298000,0.9990,0,0.267776,-0.038632,1.378000,0.8288,0,-0.193275,-0.044555,1.175000,0.7994,0,,,,0.4407,1,-0.205355,0.114026,1.049000,0.7993,0,0.117197,0.174946,1.002000,0.9975,0,-0.059151,0.181186,1.000000,0.9983,0
473,15.777727,1,0.208697,-0.344248,1.348000,0.9991,0,-0.160344,-0.336273,1.300000,0.9991,0,0.269456,-0.040813,1.375000,0.8338,0,-0.194098,-0.044744,1.180000,0.8027,0,,,,0.4547,1,-0.203984,0.113265,1.042000,0.8007,0,0.116846,0.174422,0.999000,0.9976,0,-0.059091,0.181005,0.999000,0.9983,0
474,15.811082,1,0.208697,-0.344248,1.348000,0.9991,0,-0.160097,-0.335755,1.298000,0.9991,0,0.271219,-0.043360,1.384000,0.8365,0,-0.194098,-0.044744,1.180000,0.8053,0,,,,0.4649,1,-0.203984,0.113265,1.042000,0.8049,0,0.116846,0.174422,0.999000,0.9975,0,-0.058973,0.182285,0.997000,0.9983,0
475,15.844436,1,0.208697,-0.344248,1.348000,0.9991,0,-0.162484,-0.336273,1.300000,0.9991,0,0.271219,-0.043360,1.384000,0.8352,0,-0.192946,-0.042547,1.173000,0.8064,0,,,,0.4602,1,-0.203984,0.113265,1.042000,0.8079,0,0.116262,0.173549,0.994000,0.9976,0,-0.060432,0.181736,0.994000,0.9983,0
476,15.877790,1,0.208697,-0.344248,1.348000,0.9991,0,-0.162859,-0.337049,1.303000,0.9991,0,0.270044,-0.043172,1.378000,0.8355,0,-0.193769,-0.042728,1.178000,0.8061,0,,,,0.4610,1,-0.203046,0.113700,1.046000,0.8084,0,0.115911,0.174658,0.991000,0.9975,0,-0.060310,0.183005,0.992000,0.9983,0
477,15.911144,1,0.207768,-0.342715,1.342000,0.9991,0,-0.162484,-0.336273,1.300000,0.9991,0,0.270632,-0.043266,1.381000,0.8392,0,-0.194098,-0.042800,1.180000,0.8052,0,,,,0.4707,1,-0.203240,0.115534,1.047000,0.8063,0,0.116028,0.174834,0.992000,0.9976,0,-0.060067,0.182267,0.988000,0.9983,0
478,15.944499,1,0.207768,-0.342715,1.342000,0.9992,0,-0.162484,-0.336273,1.300000,0.9991,0,0.269456,-0.043078,1.375000,0.8437,0,-0.194098,-0.046688,1.180000,0.8073,0,,,,0.4825,1,-0.203240,0.113809,1.047000,0.8101,0,0.115911,0.174658,0.991000,0.9976,0,-0.060553,0.183743,0.996000,0.9983,0
479,15.977853,1,0.207768,-0.342715,1.342000,0.9991,0,-0.163234,-0.337825,1.306000,0.9991,0,0.271219,-0.043360,1.384000,0.8382,0,-0.194098,-0.046688,1.180000,0.8076,0,,,,0.4709,1,-0.202657,0.115203,1.044000,0.8112,0,0.116613,0.175715,0.997000,0.9976,0,-0.060736,0.182651,0.999000,0.9983,0
480,16.011207,1,0.209161,-0.345014,1.351000,0.9991,0,-0.162234,-0.335755,1.298000,0.9991,0,0.267776,-0.043172,1.378000,0.8357,0,-0.192946,-0.046411,1.173000,0.8066,0,,,,0.4617,1,-0.201517,0.115534,1.047000,0.8093,0,0.116145,0.175010,0.993000,0.9976,0,-0.060432,0.181736,0.994000,0.9983,0
481,16.044561,1,0.208697,-0.344248,1.348000,0.9991,0,-0.162859,-0.337049,1.303000,0.9991,0,0.267776,-0.043172,1.378000,0.8385,0,-0.193275,-0.044555,1.175000,0.8075,0,,,,0.4682,1,-0.201517,0.115534,1.047000,0.8106,0,0.116262,0.175186,0.994000,0.9976,0,-0.060310,0.181371,0.992000,0.9983,0
482,16.077915,1,0.208697,-0.344248,1.348000,0.9991,0,-0.162484,-0.336273,1.300000,0.9990,0,0.270632,-0.043266,1.381000,0.8369,0,-0.194427,-0.044820,1.182000,0.8066,0,,,,0.4613,1,-0.203628,0.117483,1.049000,0.8054,0,0.116028,0.174834,0.992000,0.9976,0,-0.060432,0.181736,0.994000,0.9983,0
483,16.111269,1,0.209161,-0.345014,1.351000,0.9991,0,-0.162859,-0.337049,1.303000,0.9990,0,0.270044,-0.043172,1.378000,0.8343,0,-0.194756,-0.044896,1.184000,0.8047,0,,,,0.4556,1,-0.203046,0.117147,1.046000,0.8044,0,0.116028,0.174834,0.992000,0.9975,0,-0.060432,0.181736,0.994000,0.9983,0
484,16.144623,1,0.208697,-0.344248,1.348000,0.9991,0,-0.162484,-0.336273,1.300000,0.9990,0,0.271219,-0.043360,1.384000,0.8330,0,-0.194098,-0.042800,1.180000,0.8002,0,,,,0.4540,1,-0.202657,0.116923,1.044000,0.7961,0,0.116262,0.175186,0.994000,0.9976,0,-0.059763,0.181345,0.983000,0.9983,0
485,16.177977,1,0.208697,-0.344248,1.348000,0.9991,0,-0.162859,-0.337049,1.303000,0.9990,0,0.269456,-0.043078,1.375000,0.8348,0,-0.193769,-0.042728,1.178000,0.7965,0,,,,0.4552,1,-0.203046,0.117147,1.046000,0.7903,0,0.116963,0.176244,1.000000,0.9976,0,-0.060249,0.182820,0.991000,0.9983,0
486,16.211331,1,0.208232,-0.343481,1.345000,0.9991,0,-0.162484,-0.336273,1.300000,0.9990,0,0.270632,-0.043266,1.381000,0.8327,0,-0.194098,-0.044744,1.180000,0.7935,0,,,,0.4478,1,-0.203046,0.117147,1.046000,0.7870,0,0.115911,0.174658,0.991000,0.9975,0,-0.060128,0.182451,0.989000,0.9983,0
487,16.244685,1,0.207768,-0.342715,1.342000,0.9991,0,-0.163234,-0.337825,1.306000,0.9990,0,0.269456,-0.043078,1.375000,0.8349,0,-0.194756,-0.044896,1.184000,0.7945,0,,,,0.4522,1,-0.203046,0.113700,1.046000,0.7927,0,0.115911,0.173025,0.991000,0.9975,0,-0.058677,0.181371,0.992000,0.9982,0
488,16.278039,1,0.210090,-0.346546,1.357000,0.9991,0,-0.162484,-0.336273,1.300000,0.9990,0,0.270044,-0.040902,1.378000,0.8285,0,-0.194427,-0.042873,1.182000,0.7894,0,,,,0.4381,1,-0.203397,0.116363,1.039000,0.7813,0,0.116496,0.173898,0.996000,0.9975,0,-0.058796,0.183374,0.994000,0.9983,0
489,16.311393,1,0.208232,-0.343481,1.345000,0.9991,0,-0.163609,-0.338601,1.309000,0.9990,0,0.270044,-0.040902,1.378000,0.8323,0,-0.194427,-0.042873,1.182000,0.7874,0,,,,0.4504,1,-0.202657,0.116923,1.044000,0.7813,0,0.115677,0.174305,0.989000,0.9975,0,-0.058914,0.183743,0.996000,0.9982,0
490,16.344747,1,0.207304,-0.341949,1.339000,0.9991,0,-0.163609,-0.338601,1.309000,0.9990,0,0.270632,-0.040991,1.381000,0.8326,0,-0.195578,-0.043127,1.189000,0.7837,0,,,,0.4503,1,-0.203046,0.113700,1.046000,0.7792,0,0.116262,0.175186,0.994000,0.9975,0,-0.058677,0.183005,0.992000,0.9982,0
491,16.378101,1,0.207768,-0.342715,1.342000,0.9991,0,-0.162859,-0.337049,1.303000,0.9990,0,0.270632,-0.040991,1.381000,0.8372,0,-0.195249,-0.043054,1.187000,0.7821,0,,,,0.4602,1,-0.200939,0.113483,1.044000,0.7784,0,0.116496,0.173898,0.996000,0.9975,0,-0.058500,0.182451,0.989000,0.9982,0
492,16.411455,1,0.208232,-0.343481,1.345000,0.9991,0,-0.162859,-0.334902,1.303000,0.9990,0,0.271219,-0.041080,1.384000,0.8352,0,-0.195249,-0.043054,1.187000,0.7817,0,,,,0.4544,1,-0.201517,0.115534,1.047000,0.7796,0,0.116145,0.175010,0.993000,0.9975,0,-0.058500,0.182451,0.989000,0.9982,0
493,16.444809,1,0.208232,-0.343481,1.345000,0.9991,0,-0.163234,-0.335673,1.306000,0.9990,0,0.270632,-0.040991,1.381000,0.8373,0,-0.195578,-0.043127,1.189000,0.7801,0,,,,0.4545,1,-0.199793,0.115534,1.047000,0.7742,0,0.118135,0.175539,0.996000,0.9976,0,-0.058322,0.181898,0.986000,0.9982,0
494,16.478163,1,0.207304,-0.341949,1.339000,0.9991,0,-0.165763,-0.336444,1.309000,0.9990,0,0.270632,-0.040991,1.381000,0.8416,0,-0.194098,-0.040857,1.180000,0.7722,0,,,,0.4661,1,-0.199773,0.118267,1.056000,0.7578,0,0.116496,0.173898,0.996000,0.9976,0,-0.058322,0.181898,0.986000,0.9983,0
495,16.511516,1,0.208232,-0.343481,1.345000,0.9991,0,-0.165763,-0.336444,1.309000,0.9990,0,0.270632,-0.040991,1.381000,0.8455,0,-0.195249,-0.043054,1.187000,0.7785,0,,,,0.4798,1,-0.198448,0.112298,1.049000,0.7703,0,0.118254,0.174073,0.997000,0.9976,0,-0.058914,0.183743,0.996000,0.9982,0
496,16.544870,1,0.207768,-0.340504,1.342000,0.9991,0,-0.165383,-0.335673,1.306000,0.9990,0,0.270044,-0.038632,1.378000,0.8375,0,-0.194756,-0.040995,1.184000,0.7687,0,,,,0.4587,1,-0.200175,0.114026,1.049000,0.7566,0,0.117898,0.173549,0.994000,0.9976,0,-0.058618,0.182820,0.991000,0.9983,0
497,16.578225,1,0.208697,-0.344248,1.348000,0.9992,0,-0.165383,-0.335673,1.306000,0.9990,0,0.270044,-0.038632,1.378000,0.8409,0,-0.194756,-0.040995,1.184000,0.7632,0,,,,0.4652,1,-0.200175,0.114026,1.049000,0.7460,0,0.117660,0.173200,0.992000,0.9977,0,-0.056987,0.182820,0.991000,0.9983,0
498,16.611596,1,0.208232,-0.341266,1.345000,0.9991,0,-0.164623,-0.334131,1.300000,0.9989,0,0.270632,-0.034166,1.381000,0.8331,0,-0.194756,-0.039045,1.184000,0.7454,0,,,,0.4437,1,-0.201511,0.118267,1.056000,0.7146,0,0.116262,0.173549,0.994000,0.9977,0,-0.058500,0.182451,0.989000,0.9983,0
499,16.644967,1,0.208697,-0.342027,1.348000,0.9992,0,-0.165003,-0.334902,1.303000,0.9990,0,0.271219,-0.036520,1.384000,0.8346,0,-0.195578,-0.043127,1.189000,0.7469,0,,,,0.4467,1,-0.199773,0.114787,1.056000,0.7176,0,0.117660,0.173200,0.992000,0.9977,0,-0.056815,0.183895,0.988000,0.9983,0
500,16.678339,1,0.209626,-0.343549,1.354000,0.9992,0,-0.165383,-0.333522,1.306000,0.9989,0,0.271219,-0.034240,1.384000,0.8388,0,-0.195578,-0.039209,1.189000,0.7422,0,,,,0.4567,1,-0.199722,0.119275,1.065000,0.7109,0,0.117898,0.175186,0.994000,0.9977,0,-0.057160,0.185011,0.994000,0.9983,0
501,16.711710,1,0.209161,-0.342788,1.351000,0.9992,0,-0.165763,-0.334288,1.309000,0.9990,0,0.273497,-0.034240,1.384000,0.8419,0,-0.194756,-0.039045,1.184000,0.7436,0,,,,0.4622,1,-0.199722,0.117520,1.065000,0.7109,0,0.118194,0.175627,0.996500,0.9977,0,-0.056527,0.184583,0.983000,0.9983,0
502,16.745083,1,0.208697,-0.342027,1.348000,0.9992,0,-0.165763,-0.334288,1.309000,0.9989,0,0.273497,-0.034240,1.384000,0.8428,0,-0.195578,-0.037251,1.189000,0.7409,0,,,,0.4631,1,-0.200472,0.117961,1.069000,0.7051,0,0.117660,0.176468,0.992000,0.9978,0,-0.056527,0.184583,0.983000,0.9983,0
503,16.778455,1,0.211385,-0.342788,1.351000,0.9992,0,-0.165383,-0.333522,1.306000,0.9989,0,0.273497,-0.034240,1.384000,0.8474,0,-0.195249,-0.037188,1.187000,0.7429,0,,,,0.4774,1,-0.200472,0.117961,1.069000,0.7058,0,0.119534,0.176824,0.994000,0.9977,0,-0.056872,0.187339,0.989000,0.9983,0
504,16.811827,1,0.211385,-0.342788,1.351000,0.9992,0,-0.165383,-0.333522,1.306000,0.9989,0,0.273497,-0.034240,1.384000,0.8458,0,-0.195578,-0.037251,1.189000,0.7339,0,,,,0.4729,1,-0.199085,0.118182,1.071000,0.6935,0,0.120135,0.177713,0.999000,0.9977,0,-0.057045,0.187908,0.992000,0.9982,0
505,16.845199,1,0.212793,-0.345072,1.360000,0.9992,0,-0.166016,-0.334799,1.311000,0.9989,0,0.272905,-0.034166,1.381000,0.8497,0,-0.195249,-0.037188,1.187000,0.7339,0,,,,0.4820,1,-0.198713,0.117961,1.069000,0.6883,0,0.119774,0.177180,0.996000,0.9977,0,-0.056239,0.185256,0.978000,0.9982,0
506,16.878572,1,0.211854,-0.343549,1.354000,0.9992,0,-0.165383,-0.333522,1.306000,0.9988,0,0.272312,-0.031821,1.378000,0.8493,0,-0.197203,-0.037188,1.187000,0.7158,0,,,,0.4759,1,-0.200472,0.121484,1.069000,0.6586,0,0.119894,0.177357,0.997000,0.9978,0,-0.056815,0.185522,0.988000,0.9983,0
507,16.911945,1,0.212324,-0.342075,1.357000,0.9992,0,-0.165383,-0.333522,1.306000,0.9988,0,0.272312,-0.034091,1.378000,0.8492,0,-0.197535,-0.039209,1.189000,0.7187,0,,,,0.4715,1,-0.200472,0.114439,1.069000,0.6691,0,0.119894,0.177357,0.997000,0.9977,0,-0.057045,0.186273,0.992000,0.9982,0
508,16.945318,1,0.210916,-0.339806,1.348000,0.9992,0,-0.165763,-0.334288,1.309000,0.9988,0,0.272905,-0.031891,1.381000,0.8486,0,-0.197868,-0.037313,1.191000,0.7060,0,,,,0.4689,1,-0.199271,0.120059,1.072000,0.6422,0,0.119774,0.177180,0.996000,0.9978,0,-0.058322,0.186771,0.986000,0.9983,0
509,16.978691,1,0.212324,-0.342075,1.357000,0.9992,0,-0.165763,-0.334288,1.309000,0.9988,0,0.272312,-0.031821,1.378000,0.8504,0,-0.197535,-0.037251,1.189000,0.7086,0,,,,0.4707,1,-0.199642,0.116744,1.074000,0.6461,0,0.119894,0.177357,0.997000,0.9977,0,-0.056642,0.186582,0.985000,0.9982,0
510,17.012065,1,0.211385,-0.342788,1.351000,0.9992,0,-0.165763,-0.334288,1.309000,0.9987,0,0.272312,-0.031821,1.378000,0.8545,0,-0.198698,-0.037470,1.196000,0.7033,0,,,,0.4830,1,-0.198713,0.114439,1.069000,0.6394,0,0.119774,0.177180,0.996000,0.9978,0,-0.056700,0.185147,0.986000,0.9982,0
511,17.045438,1,0.214083,-0.343549,1.354000,0.9992,0,-0.165003,-0.332756,1.303000,0.9986,0,0.273497,-0.031960,1.384000,0.8551,0,-0.197203,-0.035233,1.187000,0.6856,0,,,,0.4785,1,-0.200758,0.124513,1.080000,0.5993,0,0.119293,0.176468,0.992000,0.9978,0,-0.058618,0.186086,0.991000,0.9983,0
512,17.078812,1,0.213609,-0.340562,1.351000,0.9992,0,-0.165763,-0.334288,1.309000,0.9987,0,0.273497,-0.031960,1.384000,0.8561,0,-0.197203,-0.037188,1.187000,0.6938,0,,,,0.4793,1,-0.200847,0.116418,1.071000,0.6153,0,0.120255,0.177891,1.000000,0.9978,0,-0.058145,0.186203,0.983000,0.9983,0
513,17.112186,1,0.214083,-0.341319,1.354000,0.9992,0,-0.165763,-0.334288,1.309000,0.9986,0,0.273497,-0.031960,1.384000,0.8533,0,-0.197868,-0.035351,1.191000,0.6883,0,,,,0.4690,1,-0.201785,0.116961,1.076000,0.5960,0,0.119774,0.178820,0.996000,0.9978,0,-0.058322,0.186771,0.986000,0.9983,0
514,17.145561,1,0.214557,-0.342075,1.357000,0.9992,0,-0.166016,-0.334799,1.311000,0.9987,0,0.275178,-0.031891,1.381000,0.8549,0,-0.196705,-0.035143,1.184000,0.6905,0,,,,0.4717,1,-0.201410,0.120283,1.074000,0.5959,0,0.119173,0.177923,0.991000,0.9979,0,-0.058322,0.186771,0.986000,0.9983,0
515,17.178935,1,0.213609,-0.340562,1.351000,0.9993,0,-0.165383,-0.331370,1.306000,0.9986,0,0.276373,-0.032029,1.387000,0.8559,0,-0.196372,-0.033137,1.182000,0.6914,0,,,,0.4705,1,-0.200847,0.123475,1.071000,0.5861,0,0.119774,0.180461,0.996000,0.9979,0,-0.058500,0.188969,0.989000,0.9983,0
516,17.212310,1,0.214083,-0.339088,1.354000,0.9993,0,-0.166016,-0.332639,1.311000,0.9986,0,0.274580,-0.027281,1.378000,0.8594,0,-0.196040,-0.033081,1.180000,0.6954,0,,,,0.4809,1,-0.202610,0.123475,1.071000,0.5795,0,0.121170,0.181736,0.994000,0.9979,0,-0.058322,0.190020,0.986000,0.9983,0
517,17.245684,1,0.214557,-0.339839,1.357000,0.9993,0,-0.165763,-0.332131,1.309000,0.9987,0,0.275775,-0.027400,1.384000,0.8643,0,-0.199492,-0.037251,1.189000,0.7080,0,,,,0.4975,1,-0.204019,0.120461,1.060000,0.6036,0,0.122559,0.181371,0.992000,0.9978,0,-0.058500,0.190598,0.989000,0.9982,0
518,17.279059,1,0.213609,-0.338337,1.351000,0.9993,0,-0.165763,-0.334288,1.309000,0.9987,0,0.274580,-0.027281,1.378000,0.8665,0,-0.199828,-0.037313,1.191000,0.7105,0,0.246625,0.201070,1.258500,0.5033,0,-0.205366,0.121256,1.067000,0.6048,0,0.121170,0.181736,0.994000,0.9978,0,-0.058618,0.190983,0.991000,0.9982,0
519,17.312434,1,0.213134,-0.337586,1.348000,0.9993,0,-0.165763,-0.334288,1.309000,0.9987,0,0.275775,-0.027400,1.384000,0.8641,0,-0.198318,-0.037031,1.182000,0.7139,0,,,,0.4983,1,-0.204981,0.117520,1.065000,0.6202,0,0.121901,0.184481,1.000000,0.9978,0,-0.058145,0.189442,0.983000,0.9982,0
520,17.345810,1,0.215353,-0.337586,1.348000,0.9993,0,-0.166396,-0.335565,1.314000,0.9987,0,0.274580,-0.027281,1.378000,0.8641,0,-0.198653,-0.039045,1.184000,0.7170,0,0.242216,0.197475,1.236000,0.5006,0,-0.204019,0.116968,1.060000,0.6328,0,0.122806,0.183374,0.994000,0.9978,0,-0.058263,0.191450,0.985000,0.9982,0
521,17.379185,1,0.216312,-0.339088,1.354000,0.9993,0,-0.166016,-0.334799,1.311000,0.9987,0,0.275178,-0.027340,1.381000,0.8681,0,-0.198653,-0.039045,1.184000,0.7269,0,0.252263,0.202268,1.266000,0.5139,0,-0.206734,0.117520,1.065000,0.6460,0,0.122065,0.182267,0.988000,0.9977,0,-0.058263,0.191450,0.985000,0.9982,0
522,17.412561,1,0.216312,-0.339088,1.354000,0.9993,0,-0.166776,-0.336331,1.317000,0.9988,0,0.275178,-0.027340,1.381000,0.8672,0,-0.199492,-0.039209,1.189000,0.7250,0,0.251266,0.201470,1.261000,0.5123,0,-0.207510,0.116200,1.069000,0.6484,0,0.124442,0.183374,0.994000,0.9977,0,-0.058263,0.191450,0.985000,0.9982,0
523,17.445937,1,0.216312,-0.339088,1.354000,0.9993,0,-0.166396,-0.335565,1.314000,0.9987,0,0.275178,-0.027340,1.381000,0.8666,0,-0.199157,-0.041099,1.187000,0.7136,0,0.241879,0.195558,1.224000,0.5079,0,-0.206734,0.117520,1.065000,0.6226,0,0.124442,0.183374,0.994000,0.9978,0,-0.058027,0.190672,0.981000,0.9982,0
524,17.479313,1,0.217270,-0.340591,1.360000,0.9993,0,-0.166396,-0.335565,1.314000,0.9987,0,0.274580,-0.027281,1.378000,0.8692,0,-0.198318,-0.040926,1.182000,0.7141,0,0.247281,0.194185,1.241000,0.5160,0,-0.204987,0.116527,1.056000,0.6131,0,0.122806,0.183374,0.994000,0.9978,0,-0.058500,0.192227,0.989000,0.9982,0
525,17.512689,1,0.216312,-0.339088,1.354000,0.9993,0,-0.166016,-0.334799,1.311000,0.9987,0,0.274580,-0.027281,1.378000,0.8738,0,-0.199157,-0.041099,1.187000,0.7117,0,0.254329,0.201383,1.287000,0.5302,0,-0.205366,0.119499,1.067000,0.5939,0,0.124066,0.182820,0.991000,0.9979,0,-0.058263,0.191450,0.985000,0.9982,0
526,17.546066,1,0.215832,-0.338337,1.351000,0.9993,0,-0.166396,-0.335565,1.314000,0.9986,0,0.273384,-0.027162,1.372000,0.8768,0,-0.199157,-0.041099,1.187000,0.7076,0,0.244843,0.195913,1.239000,0.5375,0,-0.204404,0.117189,1.062000,0.5771,0,0.122559,0.183005,0.992000,0.9979,0,-0.058500,0.192227,0.989000,0.9982,0
527,17.579442,1,0.215832,-0.338337,1.351000,0.9993,0,-0.166396,-0.335565,1.314000,0.9987,0,0.275178,-0.027340,1.381000,0.8823,0,-0.201110,-0.041099,1.187000,0.7187,0,0.240496,0.192435,1.217000,0.5581,0,-0.205763,0.113476,1.060000,0.6019,0,0.122806,0.183374,0.994000,0.9979,0,-0.058263,0.191450,0.985000,0.9983,0
528,17.612799,1,0.217270,-0.340591,1.360000,0.9994,0,-0.166776,-0.336331,1.317000,0.9987,0,0.278053,-0.027400,1.384000,0.8849,0,-0.199157,-0.041099,1.187000,0.7197,0,0.242176,0.193779,1.225500,0.5680,0,-0.205763,0.113476,1.060000,0.6058,0,0.123424,0.184296,0.999000,0.9980,0,-0.058145,0.191061,0.983000,0.9983,0
529,17.646157,1,0.216312,-0.339088,1.354000,0.9993,0,-0.166396,-0.335565,1.314000,0.9987,0,0.276848,-0.027281,1.378000,0.8844,0,-0.198653,-0.042946,1.184000,0.7173,0,0.244666,0.197416,1.248500,0.5596,0,-0.203249,0.109568,1.056000,0.5905,0,0.122559,0.183005,0.992000,0.9980,0,-0.058322,0.191644,0.986000,0.9983,0
530,17.679515,1,0.215832,-0.338337,1.351000,0.9994,0,-0.166776,-0.336331,1.317000,0.9987,0,0.276848,-0.027281,1.378000,0.8827,0,-0.199492,-0.043127,1.189000,0.7116,0,0.245526,0.199787,1.263500,0.5494,0,-0.202286,0.107318,1.051000,0.5808,0,0.120804,0.182820,0.991000,0.9980,0,-0.059945,0.191644,0.986000,0.9983,0
531,17.712872,1,0.217270,-0.340591,1.360000,0.9994,0,-0.167156,-0.337097,1.320000,0.9987,0,0.276245,-0.024956,1.375000,0.8852,0,-0.200163,-0.043272,1.193000,0.7056,0,0.243874,0.198443,1.255000,0.5524,0,-0.201511,0.107829,1.056000,0.5683,0,0.121170,0.183374,0.994000,0.9980,0,-0.060310,0.192810,0.992000,0.9983,0
532,17.746230,1,0.217270,-0.340591,1.360000,0.9994,0,-0.164609,-0.336331,1.317000,0.9987,0,0.276848,-0.025011,1.378000,0.8887,0,-0.199492,-0.043127,1.189000,0.7049,0,0.235518,0.195637,1.212000,0.5648,0,-0.201854,0.108952,1.067000,0.5712,0,0.120926,0.183005,0.992000,0.9980,0,-0.060067,0.192033,0.988000,0.9983,0
533,17.779588,1,0.216791,-0.339839,1.357000,0.9994,0,-0.163859,-0.334799,1.311000,0.9987,0,0.276848,-0.025011,1.378000,0.8920,0,-0.200667,-0.045351,1.196000,0.7031,0,0.241542,0.200641,1.243000,0.5784,0,-0.200529,0.104745,1.060000,0.5778,0,0.122435,0.182820,0.991000,0.9980,0,-0.060067,0.192033,0.988000,0.9982,0
534,17.812945,1,0.215832,-0.338337,1.351000,0.9994,0,-0.164234,-0.333400,1.314000,0.9987,0,0.276848,-0.025011,1.378000,0.8892,0,-0.200667,-0.045351,1.196000,0.6933,0,0.251064,0.208551,1.292000,0.5667,0,-0.199773,0.104349,1.056000,0.5586,0,0.122806,0.183374,0.994000,0.9980,0,-0.056527,0.191061,0.983000,0.9983,0
535,17.846303,1,0.216312,-0.339088,1.354000,0.9994,0,-0.163859,-0.332639,1.311000,0.9987,0,0.276848,-0.027281,1.378000,0.8836,0,-0.199828,-0.045162,1.191000,0.6875,0,0.240182,0.195439,1.236000,0.5495,0,-0.201892,0.106290,1.058000,0.5527,0,0.122559,0.181371,0.992000,0.9981,0,-0.056354,0.188863,0.980000,0.9983,0
536,17.879661,1,0.216791,-0.342075,1.357000,0.9994,0,-0.164609,-0.334161,1.317000,0.9986,0,0.275178,-0.034166,1.381000,0.8856,0,-0.198318,-0.044820,1.182000,0.6837,0,0.254366,0.203104,1.298000,0.5549,0,-0.201517,0.106910,1.047000,0.5423,0,0.123053,0.178820,0.996000,0.9981,0,-0.055188,0.187150,0.988000,0.9983,0
537,17.913018,1,0.217749,-0.343587,1.363000,0.9993,0,-0.164609,-0.336331,1.317000,0.9987,0,0.275775,-0.034240,1.384000,0.8794,0,-0.199828,-0.043199,1.191000,0.6957,0,0.252798,0.201853,1.290000,0.5418,0,-0.198581,0.119627,1.023000,0.5662,0,0.121414,0.178820,0.996000,0.9981,0,-0.055188,0.185522,0.988000,0.9984,0
538,17.946376,1,0.217270,-0.340591,1.360000,0.9993,0,-0.164234,-0.335565,1.314000,0.9987,0,0.275775,-0.034240,1.384000,0.8790,0,-0.199492,-0.045086,1.189000,0.6983,0,0.248538,0.198024,1.279000,0.5352,0,-0.202657,0.110043,1.044000,0.5776,0,0.121170,0.178461,0.994000,0.9980,0,-0.057045,0.184639,0.992000,0.9983,0
539,17.979733,1,0.217270,-0.340591,1.360000,0.9993,0,-0.164234,-0.335565,1.314000,0.9987,0,0.275178,-0.034166,1.381000,0.8790,0,-0.199828,-0.047124,1.191000,0.6997,0,0.250675,0.199727,1.290000,0.5382,0,-0.201517,0.108634,1.047000,0.5868,0,0.118932,0.175934,0.989000,0.9981,0,-0.058914,0.182102,0.996000,0.9984,0
540,18.013091,1,0.218229,-0.342093,1.366000,0.9993,0,-0.164983,-0.337097,1.320000,0.9987,0,0.275775,-0.034240,1.384000,0.8760,0,-0.200163,-0.045237,1.193000,0.6877,0,0.245040,0.195237,1.261000,0.5254,0,-0.200938,0.109257,1.053000,0.5638,0,0.118932,0.175934,0.989000,0.9981,0,-0.058677,0.181371,0.992000,0.9984,0
541,18.046449,1,0.216312,-0.339088,1.354000,0.9993,0,-0.164234,-0.335565,1.314000,0.9986,0,0.275775,-0.031960,1.384000,0.8711,0,-0.200163,-0.045237,1.193000,0.6787,0,0.252618,0.201276,1.300000,0.5088,0,-0.199793,0.108634,1.047000,0.5471,0,0.119774,0.177180,0.996000,0.9981,0,-0.058618,0.181188,0.991000,0.9984,0
542,18.079806,1,0.217270,-0.340591,1.360000,0.9993,0,-0.164609,-0.336331,1.317000,0.9986,0,0.273982,-0.031752,1.375000,0.8740,0,-0.197535,-0.045086,1.189000,0.6785,0,0.241542,0.192451,1.243000,0.5173,0,-0.200557,0.109050,1.051000,0.5448,0,0.119774,0.177180,0.996000,0.9981,0,-0.058322,0.181898,0.986000,0.9984,0
543,18.113164,1,0.217749,-0.341342,1.363000,0.9993,0,-0.164609,-0.336331,1.317000,0.9986,0,0.275178,-0.031891,1.381000,0.8793,0,-0.198200,-0.047203,1.193000,0.6817,0,0.252230,0.203104,1.298000,0.5339,0,-0.200175,0.110570,1.049000,0.5455,0,0.118932,0.175934,0.989000,0.9981,0,-0.058500,0.182451,0.989000,0.9984,0
544,18.146522,1,0.216791,-0.339839,1.357000,0.9993,0,-0.164609,-0.336331,1.317000,0.9987,0,0.275178,-0.031891,1.381000,0.8828,0,-0.198200,-0.049168,1.193000,0.6881,0,0.242514,0.193225,1.248000,0.5429,0,-0.200557,0.109050,1.051000,0.5465,0,0.118135,0.177180,0.996000,0.9982,0,-0.058618,0.179555,0.991000,0.9984,0
545,18.179879,1,0.217270,-0.340591,1.360000,0.9993,0,-0.164234,-0.335565,1.314000,0.9985,0,0.274580,-0.031821,1.378000,0.8802,0,-0.198698,-0.047321,1.196000,0.6701,0,0.244846,0.199234,1.260000,0.5281,0,-0.190908,0.119042,1.018000,0.5065,0,0.118135,0.175539,0.996000,0.9982,0,-0.058263,0.180091,0.985000,0.9984,0
546,18.213237,1,0.218229,-0.342093,1.366000,0.9993,0,-0.164234,-0.335565,1.314000,0.9986,0,0.276373,-0.032029,1.387000,0.8835,0,-0.200163,-0.045237,1.193000,0.6779,0,0.245040,0.199392,1.261000,0.5367,0,-0.192584,0.117365,1.018000,0.5082,0,0.118135,0.175539,0.996000,0.9982,0,-0.058618,0.181188,0.991000,0.9984,0
547,18.246595,1,0.217749,-0.339097,1.363000,0.9993,0,-0.164609,-0.336331,1.317000,0.9986,0,0.275178,-0.031891,1.381000,0.8846,0,-0.199828,-0.047124,1.191000,0.6835,0,0.239987,0.195281,1.235000,0.5380,0,-0.197881,0.105084,1.046000,0.5254,0,0.117542,0.174658,0.991000,0.9982,0,-0.058973,0.182285,0.997000,0.9984,0
548,18.279952,1,0.216791,-0.337604,1.357000,0.9993,0,-0.164234,-0.335565,1.314000,0.9986,0,0.275775,-0.031960,1.384000,0.8848,0,-0.198698,-0.053232,1.196000,0.6871,0,0.253201,0.201740,1.303000,0.5360,0,-0.197885,0.090513,1.037000,0.5379,0,0.117898,0.175186,0.994000,0.9982,0,-0.058322,0.178649,0.986000,0.9984,0
549,18.313310,1,0.216312,-0.336857,1.354000,0.9993,0,-0.164609,-0.336331,1.317000,0.9985,0,0.275775,-0.031960,1.384000,0.8818,0,-0.199828,-0.051048,1.191000,0.6738,0,0.244068,0.196532,1.256000,0.5210,0,-0.196897,0.109515,1.023000,0.5067,0,0.117305,0.174305,0.989000,0.9981,0,-0.058500,0.179193,0.989000,0.9984,0
550,18.346668,1,0.218229,-0.339843,1.366000,0.9993,0,-0.164234,-0.335565,1.314000,0.9985,0,0.274580,-0.031821,1.378000,0.8840,0,-0.200163,-0.051133,1.193000,0.6720,0,0.240570,0.193716,1.238000,0.5290,0,,,,0.4984,1,0.117305,0.174305,0.989000,0.9982,0,-0.058441,0.179012,0.988000,0.9984,0
551,18.380025,1,0.216791,-0.337604,1.357000,0.9993,0,-0.164234,-0.335565,1.314000,0.9985,0,0.274580,-0.031821,1.378000,0.8796,0,-0.200667,-0.051262,1.196000,0.6647,0,0.244457,0.196845,1.258000,0.5141,0,,,,0.4789,1,0.117305,0.174305,0.989000,0.9982,0,-0.058973,0.180642,0.997000,0.9984,0
552,18.413383,1,0.216791,-0.337604,1.357000,0.9993,0,-0.164234,-0.335565,1.314000,0.9985,0,0.274580,-0.031821,1.378000,0.8754,0,-0.199828,-0.047124,1.191000,0.6615,0,0.240570,0.195755,1.238000,0.5021,0,,,,0.4686,1,0.118932,0.174305,0.989000,0.9982,0,-0.056987,0.179555,0.991000,0.9984,0
553,18.446741,1,0.215832,-0.338337,1.351000,0.9993,0,-0.164234,-0.335565,1.314000,0.9985,0,0.274580,-0.031821,1.378000,0.8799,0,-0.199492,-0.047044,1.189000,0.6610,0,0.244068,0.198602,1.256000,0.5196,0,,,,0.4686,1,0.119774,0.173898,0.996000,0.9982,0,-0.057045,0.179736,0.992000,0.9984,0
554,18.480099,1,0.217749,-0.341342,1.363000,0.9993,0,-0.164234,-0.335565,1.314000,0.9984,0,0.275178,-0.027340,1.381000,0.8737,0,-0.199828,-0.047124,1.191000,0.6516,0,,,,0.4971,1,,,,0.4553,1,0.119894,0.174073,0.997000,0.9983,0,-0.056815,0.179012,0.988000,0.9985,0
555,18.513456,1,0.219024,-0.339839,1.357000,0.9993,0,-0.164609,-0.336331,1.317000,0.9983,0,0.278053,-0.027400,1.384000,0.8745,0,-0.199157,-0.045010,1.187000,0.6453,0,,,,0.4912,1,,,,0.4338,1,0.121535,0.174073,0.997000,0.9982,0,-0.055188,0.180639,0.988000,0.9984,0
556,18.546814,1,0.217749,-0.341342,1.363000,0.9993,0,-0.164234,-0.335565,1.314000,0.9983,0,0.276848,-0.029551,1.378000,0.8763,0,-0.199157,-0.045010,1.187000,0.6374,0,,,,0.4955,1,,,,0.4164,1,0.120926,0.173200,0.992000,0.9983,0,-0.055244,0.179193,0.989000,0.9984,0
557,18.580172,1,0.216791,-0.339839,1.357000,0.9993,0,-0.164609,-0.336331,1.317000,0.9983,0,0.275178,-0.029615,1.381000,0.8738,0,-0.199828,-0.045162,1.191000,0.6385,0,,,,0.4857,1,,,,0.4156,1,0.121414,0.172257,0.996000,0.9983,0,-0.055244,0.179193,0.989000,0.9985,0
558,18.613529,1,0.215832,-0.338337,1.351000,0.9993,0,-0.164234,-0.335565,1.314000,0.9983,0,0.274580,-0.031821,1.378000,0.8723,0,-0.198653,-0.044896,1.184000,0.6419,0,,,,0.4784,1,,,,0.4117,1,0.119534,0.171911,0.994000,0.9983,0,-0.055691,0.180642,0.997000,0.9985,0
559,18.646886,1,0.218056,-0.336111,1.351000,0.9993,0,-0.164609,-0.336331,1.317000,0.9982,0,0.275178,-0.027340,1.381000,0.8734,0,-0.199492,-0.045086,1.189000,0.6295,0,,,,0.4769,1,,,,0.3879,1,0.121414,0.173898,0.996000,0.9983,0,-0.055524,0.183374,0.994000,0.9985,0
560,18.680244,1,0.219024,-0.337604,1.357000,0.9993,0,-0.164234,-0.335565,1.314000,0.9982,0,0.276245,-0.027222,1.375000,0.8735,0,-0.197535,-0.045086,1.189000,0.6219,0,,,,0.4763,1,,,,0.3735,1,0.123424,0.174422,0.999000,0.9984,0,-0.053779,0.183005,0.992000,0.9985,0
561,18.713601,1,0.219024,-0.337604,1.357000,0.9993,0,-0.164609,-0.336331,1.317000,0.9982,0,0.275040,-0.027103,1.369000,0.8719,0,-0.197535,-0.043127,1.189000,0.6145,0,,,,0.4752,1,,,,0.3681,1,0.123176,0.174073,0.997000,0.9984,0,-0.053454,0.181898,0.986000,0.9985,0
562,18.746958,1,0.219509,-0.338350,1.360000,0.9993,0,-0.162811,-0.337097,1.320000,0.9981,0,0.275642,-0.027162,1.372000,0.8736,0,-0.193947,-0.043199,1.191000,0.6025,0,,,,0.4879,1,,,,0.3567,1,0.123053,0.173898,0.996000,0.9984,0,-0.053454,0.181898,0.986000,0.9985,0
563,18.780315,1,0.218540,-0.336857,1.354000,0.9993,0,-0.162071,-0.335565,1.314000,0.9981,0,0.276848,-0.027281,1.378000,0.8732,0,-0.195907,-0.043199,1.191000,0.6035,0,,,,0.4821,1,,,,0.3480,1,0.121414,0.173898,0.996000,0.9984,0,-0.053454,0.181898,0.986000,0.9985,0
564,18.813672,1,0.219509,-0.338350,1.360000,0.9993,0,-0.162441,-0.334161,1.317000,0.9981,0,0.276245,-0.027222,1.375000,0.8767,0,-0.196236,-0.043272,1.193000,0.6112,0,,,,0.4960,1,,,,0.3617,1,0.121535,0.174073,0.997000,0.9984,0,-0.053725,0.181188,0.991000,0.9985,0
565,18.847029,1,0.222236,-0.339097,1.363000,0.9993,0,-0.161701,-0.332639,1.311000,0.9981,0,0.276848,-0.027281,1.378000,0.8784,0,-0.195249,-0.043054,1.187000,0.6115,0,,,,0.4996,1,,,,0.3597,1,0.121779,0.174422,0.999000,0.9984,0,-0.055524,0.181736,0.994000,0.9985,0
566,18.880386,1,0.221747,-0.338350,1.360000,0.9993,0,-0.162071,-0.333400,1.314000,0.9981,0,0.276245,-0.027222,1.375000,0.8750,0,-0.196236,-0.043272,1.193000,0.6168,0,,,,0.4869,1,,,,0.3670,1,0.122559,0.173200,0.992000,0.9984,0,-0.055356,0.182820,0.991000,0.9985,0
567,18.913743,1,0.221258,-0.337604,1.357000,0.9993,0,-0.162811,-0.334922,1.320000,0.9981,0,0.276848,-0.027281,1.378000,0.8778,0,-0.195578,-0.043127,1.189000,0.6169,0,,,,0.4970,1,,,,0.3589,1,0.122559,0.173200,0.992000,0.9984,0,-0.053725,0.181188,0.991000,0.9985,0
568,18.947100,1,0.223214,-0.340589,1.369000,0.9993,0,-0.162071,-0.333400,1.314000,0.9982,0,0.276245,-0.027222,1.375000,0.8760,0,-0.195578,-0.045086,1.189000,0.6226,0,,,,0.4919,1,,,,0.3772,1,0.121535,0.174073,0.997000,0.9984,0,-0.055412,0.181371,0.992000,0.9985,0
569,18.980457,1,0.222236,-0.339097,1.363000,0.9993,0,-0.162071,-0.333400,1.314000,0.9982,0,0.276848,-0.027281,1.378000,0.8785,0,-0.195907,-0.047124,1.191000,0.6258,0,,,,0.4996,1,,,,0.3811,1,0.121535,0.174073,0.997000,0.9984,0,-0.055077,0.180274,0.986000,0.9985,0
570,19.013814,1,0.222236,-0.339097,1.363000,0.9993,0,-0.162441,-0.334161,1.317000,0.9982,0,0.276848,-0.027281,1.378000,0.8800,0,-0.194273,-0.049168,1.193000,0.6264,0,0.239502,0.194886,1.232500,0.5067,0,,,,0.3966,1,0.120804,0.173025,0.991000,0.9984,0,-0.055077,0.180274,0.986000,0.9985,0
571,19.047171,1,0.221747,-0.336110,1.360000,0.9993,0,-0.161701,-0.332639,1.311000,0.9982,0,0.276848,-0.027281,1.378000,0.8817,0,-0.195578,-0.047044,1.189000,0.6295,0,0.237656,0.193384,1.223000,0.5092,0,,,,0.3996,1,0.121535,0.174073,0.997000,0.9984,0,-0.055412,0.181371,0.992000,0.9985,0
572,19.080528,1,0.221258,-0.335368,1.357000,0.9993,0,-0.162071,-0.333400,1.314000,0.9983,0,0.276245,-0.027222,1.375000,0.8829,0,-0.195907,-0.047124,1.191000,0.6310,0,0.239307,0.194728,1.231500,0.5149,0,,,,0.4022,1,0.120926,0.173200,0.992000,0.9984,0,-0.055412,0.181371,0.992000,0.9985,0
573,19.113885,1,0.222236,-0.336851,1.363000,0.9993,0,-0.162071,-0.333400,1.314000,0.9983,0,0.277451,-0.029615,1.381000,0.8854,0,-0.196236,-0.047203,1.193000,0.6383,0,0.255934,0.200053,1.306000,0.5305,0,,,,0.4252,1,0.121414,0.173898,0.996000,0.9984,0,-0.055244,0.179193,0.989000,0.9985,0
574,19.147242,1,0.222236,-0.336851,1.363000,0.9993,0,-0.162071,-0.333400,1.314000,0.9983,0,0.276245,-0.031752,1.375000,0.8833,0,-0.196730,-0.047321,1.196000,0.6433,0,0.254366,0.198828,1.298000,0.5215,0,,,,0.4301,1,0.121901,0.174596,1.000000,0.9983,0,-0.055635,0.180461,0.996000,0.9985,0
575,19.180599,1,0.221258,-0.335368,1.357000,0.9993,0,-0.162071,-0.333400,1.314000,0.9983,0,0.276848,-0.031821,1.378000,0.8791,0,-0.195578,-0.045086,1.189000,0.6389,0,0.247703,0.195702,1.264000,0.5058,0,,,,0.4139,1,0.120926,0.173200,0.992000,0.9983,0,-0.055412,0.179736,0.992000,0.9984,0
576,19.213956,1,0.222236,-0.336851,1.363000,0.9993,0,-0.161701,-0.332639,1.311000,0.9983,0,0.276848,-0.029551,1.378000,0.8800,0,-0.195907,-0.047124,1.191000,0.6353,0,0.245156,0.195750,1.251000,0.5074,0,,,,0.4087,1,0.121535,0.174073,0.997000,0.9983,0,-0.057275,0.180461,0.996000,0.9984,0
577,19.247313,1,0.219993,-0.336851,1.363000,0.9993,0,-0.162071,-0.335565,1.314000,0.9983,0,0.276848,-0.031821,1.378000,0.8797,0,-0.196730,-0.053232,1.196000,0.6417,0,0.245623,0.197784,1.264000,0.5097,0,,,,0.4281,1,0.121170,0.173549,0.994000,0.9983,0,-0.056700,0.178649,0.986000,0.9984,0
578,19.280670,1,0.221747,-0.336110,1.360000,0.9993,0,-0.162071,-0.335565,1.314000,0.9982,0,0.276245,-0.027222,1.375000,0.8768,0,-0.195578,-0.047044,1.189000,0.6283,0,,,,0.4912,1,,,,0.3981,1,0.121901,0.177891,1.000000,0.9983,0,-0.056815,0.182267,0.988000,0.9984,0
579,19.314027,1,0.221747,-0.336110,1.360000,0.9993,0,-0.162071,-0.335565,1.314000,0.9982,0,0.275040,-0.027103,1.369000,0.8815,0,-0.196236,-0.047203,1.193000,0.6221,0,0.243262,0.196676,1.231000,0.5103,0,,,,0.3832,1,0.122806,0.176824,0.994000,0.9984,0,-0.053779,0.183005,0.992000,0.9985,0
580,19.347384,1,0.220769,-0.334627,1.354000,0.9993,0,-0.162071,-0.333400,1.314000,0.9982,0,0.276245,-0.027222,1.375000,0.8782,0,-0.195907,-0.047124,1.191000,0.6219,0,,,,0.4976,1,,,,0.3831,1,0.123547,0.176244,1.000000,0.9984,0,-0.053616,0.182451,0.989000,0.9985,0
581,19.380741,1,0.221258,-0.337604,1.357000,0.9993,0,-0.162071,-0.333400,1.314000,0.9983,0,0.278053,-0.027400,1.384000,0.8804,0,-0.195578,-0.045086,1.189000,0.6325,0,0.241682,0.193384,1.223000,0.5065,0,,,,0.3969,1,0.123176,0.174073,0.997000,0.9984,0,-0.053779,0.179736,0.992000,0.9985,0
582,19.414098,1,0.222236,-0.339097,1.363000,0.9993,0,-0.162071,-0.335565,1.314000,0.9983,0,0.275642,-0.027162,1.372000,0.8822,0,-0.195578,-0.045086,1.189000,0.6395,0,0.238717,0.191012,1.208000,0.5075,0,,,,0.4017,1,0.122806,0.173549,0.994000,0.9984,0,-0.055188,0.179012,0.988000,0.9985,0
583,19.447455,1,0.221258,-0.337604,1.357000,0.9993,0,-0.162441,-0.336331,1.317000,0.9983,0,0.276848,-0.027281,1.378000,0.8814,0,-0.196236,-0.047203,1.193000,0.6362,0,0.243164,0.194569,1.230500,0.5042,0,,,,0.3912,1,0.121535,0.175715,0.997000,0.9984,0,-0.055356,0.181188,0.991000,0.9985,0
584,19.480812,1,0.222236,-0.336851,1.363000,0.9994,0,-0.159543,-0.334799,1.311000,0.9983,0,0.275642,-0.027162,1.372000,0.8836,0,-0.196236,-0.049168,1.193000,0.6455,0,0.254329,0.203503,1.287000,0.5086,0,,,,0.3988,1,0.121170,0.175186,0.994000,0.9984,0,-0.055412,0.179736,0.992000,0.9985,0
585,19.514169,1,0.221258,-0.335368,1.357000,0.9994,0,-0.159543,-0.334799,1.311000,0.9983,0,0.276848,-0.027281,1.378000,0.8836,0,-0.196730,-0.049292,1.196000,0.6399,0,0.242902,0.195993,1.239500,0.5075,0,,,,0.3860,1,0.121535,0.175715,0.997000,0.9984,0,-0.055524,0.181736,0.994000,0.9985,0
586,19.547526,1,0.221258,-0.335368,1.357000,0.9994,0,-0.159543,-0.334799,1.311000,0.9983,0,0.276245,-0.027222,1.375000,0.8871,0,-0.194761,-0.049292,1.196000,0.6325,0,0.243777,0.198364,1.254500,0.5232,0,,,,0.3811,1,0.121048,0.175010,0.993000,0.9985,0,-0.055188,0.180639,0.988000,0.9985,0
587,19.580883,1,0.220769,-0.334627,1.354000,0.9994,0,-0.160273,-0.336331,1.317000,0.9983,0,0.276848,-0.027281,1.378000,0.8860,0,-0.193947,-0.049086,1.191000,0.6267,0,0.238822,0.198382,1.229000,0.5185,0,,,,0.3682,1,0.120926,0.174834,0.992000,0.9985,0,-0.056642,0.181714,0.985000,0.9985,0
588,19.614240,1,0.221258,-0.335368,1.357000,0.9994,0,-0.161701,-0.332639,1.311000,0.9982,0,0.276848,-0.022741,1.378000,0.8878,0,-0.193296,-0.041099,1.187000,0.6207,0,0.223664,0.185791,1.151000,0.5217,0,,,,0.3487,1,0.121170,0.176824,0.994000,0.9985,0,-0.056527,0.182964,0.983000,0.9985,0
589,19.647597,1,0.219790,-0.333144,1.348000,0.9994,0,-0.162071,-0.333400,1.314000,0.9982,0,0.275642,-0.022642,1.372000,0.8894,0,-0.193296,-0.041099,1.187000,0.6251,0,0.223859,0.185952,1.152000,0.5246,0,,,,0.3476,1,0.122806,0.176824,0.994000,0.9985,0,-0.054909,0.182964,0.983000,0.9986,0
590,19.680955,1,0.220769,-0.334627,1.354000,0.9994,0,-0.159543,-0.332639,1.311000,0.9983,0,0.277451,-0.029615,1.381000,0.8935,0,-0.192309,-0.051133,1.193000,0.6370,0,0.244068,0.196532,1.256000,0.5477,0,,,,0.3883,1,0.123176,0.175715,0.997000,0.9985,0,-0.054741,0.179177,0.980000,0.9986,0
591,19.714312,1,0.220280,-0.333885,1.351000,0.9994,0,-0.159543,-0.332639,1.311000,0.9983,0,0.276848,-0.029551,1.378000,0.8899,0,-0.193296,-0.045010,1.187000,0.6378,0,0.242028,0.196941,1.245500,0.5350,0,,,,0.3814,1,0.122559,0.174834,0.992000,0.9985,0,-0.055244,0.180822,0.989000,0.9986,0
592,19.747670,1,0.222236,-0.336851,1.363000,0.9994,0,-0.159543,-0.332639,1.311000,0.9983,0,0.276245,-0.027222,1.375000,0.8932,0,-0.193621,-0.045086,1.189000,0.6398,0,0.248598,0.198918,1.258000,0.5503,0,,,,0.3800,1,0.122559,0.174834,0.992000,0.9986,0,-0.055635,0.182102,0.996000,0.9986,0
593,19.781027,1,0.220280,-0.333885,1.351000,0.9994,0,-0.159908,-0.333400,1.314000,0.9983,0,0.276848,-0.027281,1.378000,0.8895,0,-0.193947,-0.045162,1.191000,0.6364,0,0.248203,0.198602,1.256000,0.5421,0,,,,0.3780,1,0.123053,0.175539,0.996000,0.9986,0,-0.055188,0.180639,0.988000,0.9986,0
594,19.814385,1,0.222997,-0.334627,1.354000,0.9994,0,-0.159543,-0.332639,1.311000,0.9982,0,0.275642,-0.027162,1.372000,0.8865,0,-0.193621,-0.045086,1.189000,0.6313,0,0.250669,0.198918,1.258000,0.5311,0,,,,0.3591,1,0.122806,0.175186,0.994000,0.9985,0,-0.055691,0.182285,0.997000,0.9986,0
595,19.847742,1,0.222997,-0.334627,1.354000,0.9994,0,-0.159908,-0.335565,1.314000,0.9982,0,0.276848,-0.027281,1.378000,0.8842,0,-0.193296,-0.045010,1.187000,0.6366,0,0.255849,0.203029,1.284000,0.5235,0,,,,0.3602,1,0.121535,0.175715,0.997000,0.9985,0,-0.054909,0.179725,0.983000,0.9986,0
596,19.881100,1,0.223491,-0.335368,1.357000,0.9994,0,-0.159543,-0.334799,1.311000,0.9982,0,0.275040,-0.024848,1.369000,0.8823,0,-0.194761,-0.045351,1.196000,0.6296,0,0.236141,0.192522,1.205000,0.5129,0,,,,0.3487,1,0.121414,0.175539,0.996000,0.9985,0,-0.055188,0.182267,0.988000,0.9986,0
597,19.914457,1,0.222997,-0.334627,1.354000,0.9994,0,-0.159908,-0.335565,1.314000,0.9981,0,0.276245,-0.024956,1.375000,0.8833,0,-0.193947,-0.045162,1.191000,0.6226,0,0.234378,0.191085,1.196000,0.5187,0,,,,0.3422,1,0.122806,0.175186,0.994000,0.9985,0,-0.055244,0.182451,0.989000,0.9986,0
598,19.947815,1,0.223491,-0.335368,1.357000,0.9994,0,-0.159543,-0.334799,1.311000,0.9982,0,0.276245,-0.024956,1.375000,0.8837,0,-0.193621,-0.045086,1.189000,0.6219,0,0.244666,0.197416,1.248500,0.5188,0,,,,0.3423,1,0.123053,0.175539,0.996000,0.9986,0,-0.055021,0.181714,0.985000,0.9986,0
599,19.981172,1,0.223491,-0.335368,1.357000,0.9994,0,-0.159908,-0.335565,1.314000,0.9982,0,0.277901,-0.024902,1.372000,0.8850,0,-0.191664,-0.045086,1.189000,0.6274,0,0.242020,0.195281,1.235000,0.5228,0,,,,0.3514,1,0.122559,0.174834,0.992000,0.9986,0,-0.055356,0.182820,0.991000,0.9986,0
600,20.014530,1,0.224974,-0.337593,1.366000,0.9994,0,-0.159543,-0.334799,1.311000,0.9982,0,0.277901,-0.024902,1.372000,0.8816,0,-0.192309,-0.047203,1.193000,0.6296,0,0.235749,0.192203,1.203000,0.5123,0,,,,0.3560,1,0.123053,0.175539,0.996000,0.9985,0,-0.055412,0.183005,0.992000,0.9986,0
601,20.047887,1,0.222997,-0.334627,1.354000,0.9994,0,-0.159908,-0.335565,1.314000,0.9982,0,0.278508,-0.027222,1.375000,0.8796,0,-0.192309,-0.049168,1.193000,0.6262,0,0.238493,0.192435,1.217000,0.5062,0,,,,0.3520,1,0.122806,0.175186,0.994000,0.9985,0,-0.055524,0.181736,0.994000,0.9986,0
602,20.081245,1,0.224974,-0.337593,1.366000,0.9994,0,-0.159543,-0.334799,1.311000,0.9982,0,0.277293,-0.027103,1.369000,0.8758,0,-0.193296,-0.045010,1.187000,0.6268,0,,,,0.4962,1,,,,0.3509,1,0.123176,0.175715,0.997000,0.9985,0,-0.055188,0.180639,0.988000,0.9986,0
603,20.114602,1,0.223985,-0.336110,1.360000,0.9994,0,-0.159543,-0.334799,1.311000,0.9981,0,0.277901,-0.027162,1.372000,0.8739,0,-0.193947,-0.045162,1.191000,0.6201,0,,,,0.4874,1,,,,0.3344,1,0.121694,0.173600,0.985000,0.9985,0,-0.055412,0.183005,0.992000,0.9986,0
604,20.147960,1,0.222503,-0.333885,1.351000,0.9994,0,-0.159908,-0.335565,1.314000,0.9981,0,0.277901,-0.024902,1.372000,0.8787,0,-0.190536,-0.042873,1.182000,0.6174,0,0.237318,0.190286,1.191000,0.5045,0,,,,0.3263,1,0.122806,0.175186,0.994000,0.9986,0,-0.055021,0.181714,0.985000,0.9986,0
605,20.181317,1,0.222503,-0.333885,1.351000,0.9994,0,-0.157385,-0.334799,1.311000,0.9981,0,0.280331,-0.025120,1.384000,0.8733,0,-0.190536,-0.042873,1.182000,0.6120,0,,,,0.4866,1,,,,0.3147,1,0.121414,0.175539,0.996000,0.9985,0,-0.055188,0.182267,0.988000,0.9986,0
606,20.214675,1,0.223491,-0.335368,1.357000,0.9993,0,-0.157745,-0.335565,1.314000,0.9981,0,0.279116,-0.025011,1.378000,0.8695,0,-0.191342,-0.043054,1.187000,0.6143,0,,,,0.4762,1,,,,0.3274,1,0.120926,0.174834,0.992000,0.9984,0,-0.056700,0.180274,0.986000,0.9985,0
607,20.248032,1,0.223985,-0.336110,1.360000,0.9993,0,-0.157745,-0.335565,1.314000,0.9981,0,0.279116,-0.025011,1.378000,0.8699,0,-0.191342,-0.045010,1.187000,0.6147,0,,,,0.4765,1,,,,0.3263,1,0.121535,0.175715,0.997000,0.9984,0,-0.056872,0.180822,0.989000,0.9985,0
608,20.281390,1,0.222997,-0.334627,1.354000,0.9993,0,-0.157385,-0.334799,1.311000,0.9980,0,0.279724,-0.025065,1.381000,0.8696,0,-0.191664,-0.045086,1.189000,0.6200,0,,,,0.4770,1,,,,0.3386,1,0.120804,0.174658,0.991000,0.9983,0,-0.057160,0.181736,0.994000,0.9985,0
609,20.314747,1,0.224727,-0.333885,1.351000,0.9993,0,-0.157145,-0.334288,1.309000,0.9980,0,0.277901,-0.024902,1.372000,0.8716,0,-0.190858,-0.044896,1.184000,0.6160,0,,,,0.4836,1,,,,0.3289,1,0.120926,0.176468,0.992000,0.9984,0,-0.056700,0.181898,0.986000,0.9985,0
610,20.348104,1,0.224727,-0.333885,1.351000,0.9993,0,-0.157745,-0.333400,1.314000,0.9979,0,0.279724,-0.025065,1.381000,0.8684,0,-0.189085,-0.030952,1.173000,0.6033,0,,,,0.4681,1,,,,0.3061,1,0.122559,0.176468,0.992000,0.9983,0,-0.056527,0.182964,0.983000,0.9984,0
611,20.381462,1,0.224228,-0.333144,1.348000,0.9993,0,-0.157385,-0.332639,1.311000,0.9979,0,0.278508,-0.022691,1.375000,0.8710,0,-0.188271,-0.031137,1.180000,0.5982,0,,,,0.4737,1,,,,0.2956,1,0.125444,0.175934,0.989000,0.9984,0,-0.055077,0.186771,0.986000,0.9984,0
612,20.414820,1,0.223729,-0.332403,1.345000,0.9993,0,-0.157745,-0.333400,1.314000,0.9979,0,0.278508,-0.022691,1.375000,0.8719,0,-0.188271,-0.033081,1.180000,0.6027,0,,,,0.4811,1,,,,0.3176,1,0.127971,0.177180,0.996000,0.9984,0,-0.051673,0.186203,0.983000,0.9984,0
613,20.448177,1,0.224727,-0.336111,1.351000,0.9994,0,-0.157745,-0.333400,1.314000,0.9979,0,0.280159,-0.024902,1.372000,0.8719,0,-0.188271,-0.033081,1.180000,0.5987,0,,,,0.4760,1,,,,0.3043,1,0.127971,0.177180,0.996000,0.9984,0,-0.052094,0.187718,0.991000,0.9985,0
614,20.481534,1,0.225226,-0.336857,1.354000,0.9994,0,-0.157385,-0.332639,1.311000,0.9980,0,0.280771,-0.024956,1.375000,0.8761,0,-0.191342,-0.035233,1.187000,0.6068,0,,,,0.4931,1,,,,0.3137,1,0.128356,0.177713,0.999000,0.9984,0,-0.049953,0.184208,0.981000,0.9985,0
615,20.514892,1,0.225226,-0.336857,1.354000,0.9994,0,-0.157745,-0.333400,1.314000,0.9981,0,0.280159,-0.024902,1.372000,0.8753,0,-0.190213,-0.036969,1.180000,0.6137,0,,,,0.4887,1,,,,0.3288,1,0.127329,0.174658,0.991000,0.9984,0,-0.050208,0.183522,0.986000,0.9985,0
616,20.548250,1,0.225725,-0.337604,1.357000,0.9994,0,-0.157385,-0.334799,1.311000,0.9981,0,0.280159,-0.024902,1.372000,0.8765,0,-0.190213,-0.038913,1.180000,0.6175,0,,,,0.4981,1,,,,0.3359,1,0.127714,0.175186,0.994000,0.9985,0,-0.048585,0.183522,0.986000,0.9985,0
617,20.581607,1,0.225226,-0.336857,1.354000,0.9994,0,-0.157145,-0.334288,1.309000,0.9982,0,0.280159,-0.024902,1.372000,0.8731,0,-0.190536,-0.038979,1.182000,0.6151,0,,,,0.4857,1,,,,0.3326,1,0.126078,0.173549,0.994000,0.9985,0,-0.050514,0.181371,0.992000,0.9986,0
618,20.614965,1,0.224228,-0.335365,1.348000,0.9994,0,-0.157745,-0.333400,1.314000,0.9981,0,0.280159,-0.024902,1.372000,0.8711,0,-0.190858,-0.039045,1.184000,0.6063,0,,,,0.4751,1,,,,0.3149,1,0.126078,0.173549,0.994000,0.9985,0,-0.050514,0.181371,0.992000,0.9985,0
619,20.648322,1,0.225226,-0.336857,1.354000,0.9994,0,-0.158105,-0.336331,1.317000,0.9981,0,0.280159,-0.024902,1.372000,0.8693,0,-0.191987,-0.047124,1.191000,0.6151,0,,,,0.4727,1,,,,0.3339,1,0.124442,0.173549,0.994000,0.9984,0,-0.051936,0.180639,0.988000,0.9985,0
620,20.681679,1,0.224228,-0.335365,1.348000,0.9994,0,-0.155583,-0.333400,1.314000,0.9980,0,0.280771,-0.024956,1.375000,0.8669,0,-0.190858,-0.044896,1.184000,0.6078,0,,,,0.4600,1,,,,0.3161,1,0.126458,0.175715,0.997000,0.9984,0,-0.050514,0.181371,0.992000,0.9985,0
621,20.715037,1,0.224727,-0.336111,1.351000,0.9994,0,-0.155938,-0.334161,1.317000,0.9980,0,0.280771,-0.027222,1.375000,0.8716,0,-0.189388,-0.045010,1.187000,0.6088,0,,,,0.4775,1,,,,0.3169,1,0.125824,0.174834,0.992000,0.9984,0,-0.048831,0.181188,0.991000,0.9985,0
622,20.748394,1,0.223729,-0.336834,1.345000,0.9994,0,-0.155938,-0.336331,1.317000,0.9981,0,0.280771,-0.027222,1.375000,0.8707,0,-0.189707,-0.047044,1.189000,0.6118,0,,,,0.4732,1,,,,0.3281,1,0.125444,0.172676,0.989000,0.9985,0,-0.048881,0.179736,0.992000,0.9985,0
623,20.781752,1,0.224228,-0.337586,1.348000,0.9993,0,-0.155938,-0.336331,1.317000,0.9980,0,0.278934,-0.027043,1.366000,0.8674,0,-0.189707,-0.045086,1.189000,0.6052,0,,,,0.4558,1,,,,0.3121,1,0.126078,0.173549,0.994000,0.9984,0,-0.048733,0.179193,0.989000,0.9985,0
624,20.815109,1,0.224228,-0.337586,1.348000,0.9993,0,-0.155938,-0.334161,1.317000,0.9980,0,0.281182,-0.027043,1.366000,0.8692,0,-0.184699,-0.044820,1.182000,0.5962,0,,,,0.4614,1,,,,0.3033,1,0.125824,0.173200,0.992000,0.9985,0,-0.047200,0.179555,0.991000,0.9985,0
625,20.848467,1,0.224599,-0.332628,1.337000,0.9993,0,-0.155938,-0.334161,1.317000,0.9980,0,0.281800,-0.027103,1.369000,0.8660,0,-0.185481,-0.043054,1.187000,0.5914,0,,,,0.4476,1,,,,0.2976,1,0.127457,0.173200,0.992000,0.9985,0,-0.047343,0.181736,0.994000,0.9986,0
626,20.881824,1,0.226447,-0.337586,1.348000,0.9994,0,-0.156293,-0.334922,1.320000,0.9980,0,0.282417,-0.029422,1.372000,0.8700,0,-0.185481,-0.043054,1.187000,0.5944,0,,,,0.4618,1,,,,0.3017,1,0.128699,0.172676,0.989000,0.9985,0,-0.045339,0.181898,0.986000,0.9986,0
627,20.915182,1,0.226951,-0.338337,1.351000,0.9994,0,-0.155583,-0.333400,1.314000,0.9981,0,0.281800,-0.029358,1.369000,0.8693,0,-0.184455,-0.047203,1.193000,0.5939,0,,,,0.4639,1,,,,0.3174,1,0.129090,0.173200,0.992000,0.9985,0,-0.045339,0.178649,0.986000,0.9986,0
628,20.948539,1,0.227958,-0.339839,1.357000,0.9994,0,-0.153770,-0.336331,1.317000,0.9982,0,0.283652,-0.031821,1.378000,0.8758,0,-0.182491,-0.051133,1.193000,0.6050,0,,,,0.4895,1,,,,0.3388,1,0.128569,0.170874,0.988000,0.9985,0,-0.045845,0.179000,0.997000,0.9986,0
629,20.981896,1,0.227454,-0.339088,1.354000,0.9994,0,-0.151257,-0.335565,1.314000,0.9982,0,0.282417,-0.033943,1.372000,0.8752,0,-0.181879,-0.050962,1.189000,0.6131,0,,,,0.4867,1,,,,0.3462,1,0.129350,0.170274,0.994000,0.9985,0,-0.044160,0.178820,0.996000,0.9986,0
630,21.015254,1,0.225943,-0.336834,1.345000,0.9994,0,-0.152523,-0.338374,1.325000,0.9982,0,0.283035,-0.034017,1.375000,0.8771,0,-0.182491,-0.051133,1.193000,0.6101,0,,,,0.4909,1,,,,0.3317,1,0.129610,0.170616,0.996000,0.9985,0,-0.042521,0.178820,0.996000,0.9986,0
631,21.048612,1,0.226951,-0.336111,1.351000,0.9994,0,-0.151948,-0.337097,1.320000,0.9983,0,0.283035,-0.034017,1.375000,0.8781,0,-0.182491,-0.051133,1.193000,0.6179,0,,,,0.4937,1,,,,0.3546,1,0.129350,0.168636,0.994000,0.9985,0,-0.042222,0.175934,0.989000,0.9986,0
632,21.081969,1,0.225943,-0.334618,1.345000,0.9994,0,-0.152178,-0.337608,1.322000,0.9983,0,0.283652,-0.036362,1.378000,0.8808,0,-0.181587,-0.051433,1.200000,0.6252,0,0.268831,0.193599,1.306000,0.5023,0,,,,0.3599,1,0.157458,0.203288,1.210000,0.9985,0,-0.042905,0.178781,1.005000,0.9986,0
633,21.115326,1,0.224935,-0.333126,1.339000,0.9994,0,-0.151948,-0.334922,1.320000,0.9982,0,0.282417,-0.033943,1.372000,0.8796,0,-0.176008,-0.043127,1.189000,0.6095,0,,,,0.4954,1,,,,0.3374,1,0.137028,0.176911,1.053000,0.9986,0,-0.040758,0.176646,0.993000,0.9986,0
634,21.148684,1,0.226447,-0.337586,1.348000,0.9994,0,-0.152178,-0.335430,1.322000,0.9982,0,0.283035,-0.034017,1.375000,0.8808,0,-0.176008,-0.043127,1.189000,0.6064,0,,,,0.4975,1,,,,0.3256,1,0.167225,0.213200,1.269000,0.9986,0,-0.040717,0.176468,0.992000,0.9986,0
635,21.182042,1,0.230701,-0.340591,1.360000,0.9994,0,-0.149435,-0.334161,1.317000,0.9982,0,0.283652,-0.034091,1.378000,0.8763,0,-0.174972,-0.040926,1.182000,0.6052,0,,,,0.4848,1,,,,0.3210,1,0.147919,0.188588,1.122500,0.9986,0,-0.040881,0.177180,0.996000,0.9986,0
636,21.215399,1,0.230192,-0.339839,1.357000,0.9994,0,-0.149435,-0.334161,1.317000,0.9983,0,0.286543,-0.034166,1.381000,0.8747,0,-0.176008,-0.047044,1.189000,0.6246,0,,,,0.4859,1,,,,0.3736,1,0.168938,0.215385,1.282000,0.9985,0,-0.040717,0.176468,0.992000,0.9986,0
637,21.248756,1,0.227139,-0.335332,1.339000,0.9994,0,-0.150002,-0.335430,1.322000,0.9984,0,0.287165,-0.041080,1.384000,0.8771,0,-0.178081,-0.055526,1.203000,0.6389,0,0.269449,0.191887,1.309000,0.5009,0,,,,0.4188,1,0.169597,0.216225,1.287000,0.9985,0,-0.041251,0.177125,1.005000,0.9986,0
638,21.282114,1,0.228665,-0.337586,1.348000,0.9994,0,-0.149775,-0.334922,1.320000,0.9984,0,0.285920,-0.038632,1.378000,0.8784,0,-0.175661,-0.055387,1.200000,0.6378,0,0.268831,0.195750,1.306000,0.5014,0,,,,0.4127,1,0.165396,0.213537,1.271000,0.9985,0,-0.041837,0.171104,0.980000,0.9986,0
639,21.315471,1,0.228665,-0.337586,1.348000,0.9994,0,-0.146932,-0.333400,1.314000,0.9985,0,0.285298,-0.043078,1.375000,0.8809,0,-0.175661,-0.055387,1.200000,0.6603,0,0.268214,0.193154,1.303000,0.5107,0,,,,0.4599,1,0.165136,0.211110,1.269000,0.9984,0,-0.044698,0.181078,1.047000,0.9986,0
640,21.348829,1,0.231398,-0.338337,1.351000,0.9994,0,-0.146932,-0.333400,1.314000,0.9986,0,0.286543,-0.043266,1.381000,0.8797,0,-0.176101,-0.059489,1.203000,0.6757,0,0.268214,0.191007,1.303000,0.5088,0,-0.159393,0.072067,1.042000,0.5001,0,0.163798,0.206785,1.243000,0.9983,0,,,,0.9986,2
641,21.382187,1,0.231912,-0.339088,1.354000,0.9994,0,-0.145099,-0.334161,1.317000,0.9986,0,0.285920,-0.043172,1.378000,0.8819,0,-0.174121,-0.057508,1.203000,0.6770,0,0.266069,0.195300,1.303000,0.5194,0,-0.156619,0.078403,1.035000,0.5021,0,0.169313,0.209019,1.269000,0.9984,0,-0.042039,0.184536,1.067000,0.9986,0
642,21.415544,1,0.232426,-0.339839,1.357000,0.9994,0,-0.145430,-0.334922,1.320000,0.9986,0,0.285298,-0.040813,1.375000,0.8820,0,-0.174121,-0.057508,1.203000,0.6773,0,0.265457,0.196992,1.300000,0.5169,0,-0.157098,0.081181,1.027000,0.5019,0,0.171048,0.211161,1.282000,0.9984,0,-0.041606,0.182634,1.056000,0.9986,0
643,21.448901,1,0.232426,-0.339839,1.357000,0.9994,0,-0.145430,-0.334922,1.320000,0.9987,0,0.285920,-0.043172,1.378000,0.8811,0,-0.174410,-0.057603,1.205000,0.6924,0,0.269449,0.191887,1.309000,0.5180,0,-0.157557,0.079721,1.030000,0.5386,0,0.167579,0.204809,1.256000,0.9983,0,-0.041606,0.180894,1.056000,0.9986,0
644,21.482259,1,0.230884,-0.337586,1.348000,0.9994,0,-0.145430,-0.334922,1.320000,0.9987,0,0.285920,-0.043172,1.378000,0.8816,0,-0.171711,-0.057364,1.200000,0.6873,0,0.268214,0.195300,1.303000,0.5128,0,-0.155408,0.081181,1.027000,0.5290,0,0.169980,0.205645,1.274000,0.9984,0,-0.039943,0.181237,1.058000,0.9986,0
645,21.515616,1,0.234659,-0.339839,1.357000,0.9994,0,-0.142932,-0.334161,1.317000,0.9987,0,0.286543,-0.043266,1.381000,0.8804,0,-0.172427,-0.057603,1.205000,0.6835,0,0.266069,0.195300,1.303000,0.5073,0,-0.155408,0.079489,1.027000,0.5311,0,0.173491,0.204838,1.269000,0.9984,0,-0.037873,0.188260,1.099000,0.9987,0
646,21.548974,1,0.234140,-0.339088,1.354000,0.9994,0,-0.142932,-0.334161,1.317000,0.9987,0,0.287165,-0.041080,1.384000,0.8750,0,-0.170160,-0.051562,1.203000,0.6682,0,,,,0.4872,1,,,,0.4958,1,0.175268,0.206937,1.282000,0.9984,0,-0.037977,0.188774,1.102000,0.9987,0
647,21.582332,1,0.233103,-0.337586,1.348000,0.9994,0,-0.143257,-0.334922,1.320000,0.9988,0,0.286543,-0.040991,1.381000,0.8764,0,-0.169453,-0.051348,1.198000,0.6809,0,,,,0.4893,1,-0.148580,0.101970,1.015000,0.5274,0,0.174448,0.203866,1.276000,0.9984,0,-0.040665,0.200192,1.180000,0.9987,0
648,21.615689,1,0.233103,-0.337586,1.348000,0.9994,0,-0.143800,-0.336191,1.325000,0.9988,0,0.285920,-0.040902,1.378000,0.8773,0,-0.167761,-0.053410,1.200000,0.6934,0,,,,0.4967,1,-0.149751,0.089291,1.023000,0.5582,0,0.175541,0.205144,1.284000,0.9984,0,-0.038838,0.191200,1.127000,0.9987,0
649,21.649046,1,0.236369,-0.339088,1.354000,0.9994,0,-0.141298,-0.335430,1.322000,0.9989,0,0.287165,-0.041080,1.384000,0.8774,0,-0.168460,-0.053633,1.205000,0.6994,0,0.260684,0.197143,1.287000,0.5003,0,-0.150991,0.085669,1.020000,0.5824,0,0.175952,0.203503,1.287000,0.9984,0,-0.039769,0.193880,1.154000,0.9987,0
650,21.682404,1,0.235845,-0.338337,1.351000,0.9994,0,-0.141298,-0.335430,1.322000,0.9989,0,0.286543,-0.040991,1.381000,0.8789,0,-0.166477,-0.055618,1.205000,0.7106,0,0.258051,0.195151,1.274000,0.5100,0,-0.152175,0.081260,1.028000,0.6122,0,0.175268,0.202713,1.282000,0.9984,0,-0.039510,0.192620,1.146500,0.9987,0
651,21.715761,1,0.236369,-0.339088,1.354000,0.9994,0,-0.141298,-0.335430,1.322000,0.9989,0,0.286543,-0.038716,1.381000,0.8787,0,-0.166200,-0.055526,1.203000,0.7135,0,0.253259,0.194692,1.271000,0.5067,0,-0.152471,0.079721,1.030000,0.6260,0,0.173764,0.200973,1.271000,0.9984,0,-0.040424,0.195139,1.173000,0.9987,0
652,21.749119,1,0.236893,-0.342075,1.357000,0.9994,0,-0.138596,-0.334161,1.317000,0.9990,0,0.285920,-0.040902,1.378000,0.8770,0,-0.166200,-0.057508,1.203000,0.7211,0,0.257443,0.195780,1.292000,0.5023,0,-0.152471,0.078025,1.030000,0.6485,0,0.174858,0.200131,1.279000,0.9983,0,-0.038427,0.194807,1.171000,0.9987,0
653,21.782476,1,0.234798,-0.339050,1.345000,0.9994,0,-0.139438,-0.336191,1.325000,0.9990,0,0.288816,-0.043266,1.381000,0.8785,0,-0.167167,-0.057842,1.210000,0.7145,0,0.258041,0.191968,1.295000,0.5128,0,-0.152915,0.078252,1.033000,0.6319,0,0.174448,0.199662,1.276000,0.9984,0,-0.039149,0.198467,1.193000,0.9987,0
654,21.815833,1,0.238069,-0.340562,1.351000,0.9994,0,-0.136739,-0.334922,1.320000,0.9990,0,0.288816,-0.043266,1.381000,0.8759,0,-0.164220,-0.059489,1.203000,0.7213,0,0.260173,0.191968,1.295000,0.5100,0,-0.153212,0.076698,1.035000,0.6517,0,0.172807,0.197784,1.264000,0.9984,0,-0.036905,0.196969,1.184000,0.9987,0
655,21.849191,1,0.236483,-0.338294,1.342000,0.9994,0,-0.136947,-0.335430,1.322000,0.9990,0,0.288816,-0.045541,1.381000,0.8725,0,-0.162240,-0.059489,1.203000,0.7234,0,,,,0.4994,1,-0.151215,0.076550,1.033000,0.6604,0,0.179592,0.203104,1.298000,0.9983,0,-0.036500,0.194807,1.171000,0.9987,0
656,21.882548,1,0.241893,-0.342831,1.360000,0.9994,0,-0.134261,-0.334161,1.317000,0.9990,0,0.288816,-0.045541,1.381000,0.8703,0,-0.162510,-0.059588,1.205000,0.7116,0,,,,0.4976,1,-0.150483,0.077873,1.028000,0.6493,0,0.180284,0.203887,1.303000,0.9983,0,-0.038152,0.203624,1.224000,0.9987,0
657,21.915906,1,0.240826,-0.341319,1.354000,0.9994,0,-0.135382,-0.339140,1.328000,0.9991,0,0.288188,-0.045442,1.378000,0.8697,0,-0.160527,-0.059588,1.205000,0.7178,0,,,,0.4970,1,-0.149370,0.078176,1.032000,0.6664,0,0.178070,0.201383,1.287000,0.9983,0,-0.036625,0.195472,1.175000,0.9987,0
658,21.949263,1,0.240292,-0.340562,1.351000,0.9994,0,-0.132595,-0.337608,1.322000,0.9991,0,0.288188,-0.045442,1.378000,0.8635,0,-0.160793,-0.065652,1.207000,0.7224,0,,,,0.4842,1,-0.152120,0.069227,1.051000,0.6853,0,0.177378,0.200601,1.282000,0.9982,0,-0.038152,0.203624,1.224000,0.9986,0
659,21.982620,1,0.241360,-0.342075,1.357000,0.9994,0,-0.132595,-0.339786,1.322000,0.9991,0,0.288188,-0.047712,1.378000,0.8617,0,-0.160260,-0.067417,1.203000,0.7176,0,,,,0.4824,1,-0.150104,0.069095,1.049000,0.6774,0,0.176963,0.198024,1.279000,0.9982,0,-0.034838,0.194360,1.180000,0.9986,0
660,22.015978,1,0.243055,-0.341319,1.354000,0.9994,0,-0.132093,-0.338501,1.317000,0.9991,0,0.288816,-0.045541,1.381000,0.8626,0,-0.156560,-0.065544,1.205000,0.7068,0,,,,0.4858,1,-0.148095,0.068963,1.047000,0.6637,0,0.182731,0.199727,1.290000,0.9983,0,-0.030954,0.196304,1.180000,0.9987,0
661,22.049335,1,0.243593,-0.342075,1.357000,0.9994,0,-0.132394,-0.339272,1.320000,0.9991,0,0.288816,-0.045541,1.381000,0.8610,0,-0.156300,-0.065435,1.203000,0.7053,0,,,,0.4862,1,-0.144274,0.074776,1.032000,0.6660,0,0.181173,0.198024,1.279000,0.9983,0,-0.030954,0.196304,1.180000,0.9987,0
662,22.082692,1,0.243055,-0.341319,1.354000,0.9994,0,-0.132093,-0.338501,1.317000,0.9990,0,0.287561,-0.043078,1.375000,0.8632,0,-0.153935,-0.061318,1.200000,0.6936,0,,,,0.4887,1,-0.140918,0.092390,1.020000,0.6317,0,0.181129,0.197784,1.264000,0.9984,0,-0.031059,0.198920,1.184000,0.9987,0
663,22.116050,1,0.245827,-0.342075,1.357000,0.9994,0,-0.132595,-0.339786,1.322000,0.9989,0,0.288188,-0.038632,1.378000,0.8602,0,-0.154320,-0.053544,1.203000,0.6678,0,,,,0.4719,1,-0.133217,0.118585,1.000000,0.5813,0,0.181845,0.202748,1.269000,0.9984,0,-0.031478,0.203585,1.200000,0.9987,0
664,22.149407,1,0.245827,-0.342075,1.357000,0.9994,0,-0.129926,-0.338501,1.317000,0.9989,0,0.291089,-0.036441,1.381000,0.8636,0,-0.153935,-0.053410,1.200000,0.6694,0,,,,0.4767,1,-0.132624,0.112891,1.008000,0.5623,0,0.182562,0.205645,1.274000,0.9984,0,-0.028816,0.188175,1.098500,0.9987,0
665,22.182764,1,0.243109,-0.338294,1.342000,0.9994,0,-0.129926,-0.338501,1.317000,0.9989,0,0.293999,-0.038800,1.384000,0.8666,0,-0.153679,-0.055295,1.198000,0.6784,0,,,,0.4861,1,-0.130575,0.110899,1.005000,0.5644,0,0.184210,0.209619,1.285500,0.9984,0,-0.026809,0.176754,1.022000,0.9987,0
666,22.216122,1,0.243653,-0.336834,1.345000,0.9994,0,-0.129926,-0.338501,1.317000,0.9989,0,0.292087,-0.038548,1.375000,0.8619,0,-0.154320,-0.055526,1.203000,0.6797,0,,,,0.4738,1,-0.128153,0.108337,1.012000,0.5539,0,0.186288,0.211984,1.300000,0.9984,0,-0.025127,0.178437,1.022000,0.9987,0
667,22.249479,1,0.243653,-0.339050,1.345000,0.9994,0,-0.129334,-0.339118,1.311000,0.9989,0,0.292087,-0.038548,1.375000,0.8591,0,-0.154320,-0.055526,1.203000,0.6830,0,,,,0.4659,1,-0.127520,0.106143,1.007000,0.5592,0,0.173391,0.197308,1.210000,0.9984,0,-0.024291,0.172501,0.988000,0.9987,0
668,22.282836,1,0.246963,-0.338337,1.351000,0.9994,0,-0.129630,-0.339894,1.314000,0.9989,0,0.294993,-0.038632,1.378000,0.8643,0,-0.154320,-0.055526,1.203000,0.6973,0,,,,0.4814,1,-0.126612,0.101769,1.013000,0.5779,0,0.182557,0.205380,1.259500,0.9984,0,-0.025496,0.181056,1.037000,0.9987,0
669,22.316194,1,0.246415,-0.339806,1.348000,0.9994,0,-0.127758,-0.340670,1.317000,0.9989,0,0.294350,-0.040813,1.375000,0.8630,0,-0.153422,-0.055203,1.196000,0.6816,0,,,,0.4745,1,-0.124575,0.103132,1.010000,0.5430,0,0.189101,0.210353,1.290000,0.9984,0,-0.025397,0.180358,1.033000,0.9987,0
670,22.349551,1,0.248060,-0.342075,1.357000,0.9994,0,-0.126982,-0.338601,1.309000,0.9989,0,0.293708,-0.040724,1.372000,0.8614,0,-0.154320,-0.055526,1.203000,0.6762,0,,,,0.4668,1,-0.123886,0.102271,1.018000,0.5285,0,0.181478,0.201874,1.238000,0.9984,0,-0.024512,0.174073,0.997000,0.9987,0
671,22.382908,1,0.246415,-0.339806,1.348000,0.9994,0,-0.127467,-0.339894,1.314000,0.9989,0,0.294350,-0.040813,1.375000,0.8589,0,-0.152593,-0.057603,1.205000,0.6757,0,,,,0.4623,1,-0.123521,0.101970,1.015000,0.5234,0,0.185818,0.209049,1.282000,0.9984,0,-0.025127,0.178437,1.022000,0.9987,0
672,22.416266,1,0.246963,-0.340562,1.351000,0.9994,0,-0.127176,-0.339118,1.311000,0.9989,0,0.294350,-0.043078,1.375000,0.8595,0,-0.151960,-0.057364,1.200000,0.6863,0,,,,0.4620,1,-0.122091,0.093794,1.017000,0.5413,0,0.187122,0.208152,1.276500,0.9984,0,-0.025029,0.177739,1.018000,0.9987,0
673,22.449623,1,0.246415,-0.339806,1.348000,0.9994,0,-0.127176,-0.339118,1.311000,0.9988,0,0.294350,-0.043078,1.375000,0.8485,0,-0.152593,-0.055618,1.205000,0.6619,0,,,,0.4380,1,-0.119351,0.107909,1.008000,0.5039,0,0.181185,0.201548,1.236000,0.9984,0,-0.025053,0.177914,1.019000,0.9987,0
674,22.482980,1,0.244404,-0.337033,1.337000,0.9994,0,-0.127467,-0.342059,1.314000,0.9988,0,0.293708,-0.042984,1.372000,0.8429,0,-0.152340,-0.057508,1.203000,0.6632,0,,,,0.4267,1,,,,0.4992,1,0.189394,0.210679,1.292000,0.9984,0,-0.023353,0.177739,1.018000,0.9987,0
675,22.516338,1,0.244770,-0.339743,1.339000,0.9994,0,-0.127758,-0.345009,1.317000,0.9988,0,0.293708,-0.049765,1.372000,0.8380,0,-0.150610,-0.061573,1.205000,0.6723,0,,,,0.4206,1,-0.116608,0.100100,1.013000,0.5222,0,0.186184,0.204809,1.256000,0.9984,0,-0.022040,0.180707,1.035000,0.9987,0
676,22.549695,1,0.247512,-0.343549,1.354000,0.9994,0,-0.126982,-0.342914,1.309000,0.9988,0,0.293708,-0.049765,1.372000,0.8340,0,-0.150360,-0.059489,1.203000,0.6579,0,,,,0.4121,1,-0.116608,0.100100,1.013000,0.5049,0,0.186926,0.203547,1.261000,0.9984,0,-0.021784,0.176927,1.023000,0.9987,0
677,22.583052,1,0.245867,-0.343481,1.345000,0.9993,0,-0.126691,-0.342128,1.306000,0.9988,0,0.294350,-0.049873,1.375000,0.8214,0,-0.149735,-0.061216,1.198000,0.6635,0,,,,0.3937,1,-0.117644,0.090888,1.022000,0.5245,0,0.188111,0.204838,1.269000,0.9983,0,-0.021763,0.176754,1.022000,0.9986,0
678,22.616410,1,0.248634,-0.344248,1.348000,0.9993,0,-0.127176,-0.341278,1.311000,0.9988,0,0.294350,-0.049873,1.375000,0.8267,0,-0.148627,-0.055618,1.205000,0.6510,0,,,,0.4050,1,,,,0.4973,1,0.190780,0.207744,1.287000,0.9983,0,-0.021656,0.175889,1.017000,0.9986,0
679,22.649767,1,0.248080,-0.343481,1.345000,0.9993,0,-0.127176,-0.341278,1.311000,0.9988,0,0.294993,-0.049982,1.378000,0.8247,0,-0.148380,-0.055526,1.203000,0.6566,0,,,,0.3996,1,-0.110699,0.095751,1.020000,0.5069,0,0.183220,0.199511,1.236000,0.9983,0,-0.022189,0.180213,1.042000,0.9987,0
680,22.683125,1,0.248080,-0.343481,1.345000,0.9993,0,-0.127176,-0.343438,1.311000,0.9988,0,0.294993,-0.049982,1.378000,0.8228,0,-0.148010,-0.055387,1.200000,0.6676,0,,,,0.3949,1,-0.110373,0.095469,1.017000,0.5184,0,0.177587,0.193378,1.198000,0.9983,0,-0.022402,0.180209,1.052000,0.9987,0
681,22.716482,1,0.248634,-0.346468,1.348000,0.9993,0,-0.126982,-0.342914,1.309000,0.9987,0,0.294350,-0.052139,1.375000,0.8224,0,-0.148010,-0.055387,1.200000,0.6634,0,,,,0.3905,1,,,,0.4989,1,0.187667,0.202268,1.266000,0.9983,0,-0.022605,0.197082,1.150500,0.9987,0
682,22.749839,1,0.248080,-0.345697,1.345000,0.9993,0,-0.126982,-0.342914,1.309000,0.9987,0,0.296613,-0.054404,1.375000,0.8178,0,-0.148380,-0.055526,1.203000,0.6550,0,,,,0.3849,1,,,,0.4839,1,0.185470,0.195558,1.224000,0.9984,0,-0.018663,0.195455,1.141000,0.9987,0
683,22.783197,1,0.248080,-0.343481,1.345000,0.9993,0,-0.127176,-0.343438,1.311000,0.9987,0,0.295966,-0.052025,1.372000,0.8162,0,-0.148380,-0.055526,1.203000,0.6538,0,,,,0.3823,1,,,,0.4851,1,0.193046,0.203547,1.274000,0.9984,0,-0.017845,0.186890,1.091000,0.9987,0
684,22.816554,1,0.248080,-0.343481,1.345000,0.9993,0,-0.127176,-0.343438,1.311000,0.9986,0,0.295966,-0.052025,1.372000,0.8169,0,-0.148627,-0.055618,1.205000,0.6586,0,,,,0.3826,1,,,,0.4900,1,0.188804,0.199073,1.246000,0.9984,0,-0.018921,0.180038,1.051000,0.9987,0
685,22.849911,1,0.248080,-0.343481,1.345000,0.9993,0,-0.126691,-0.342128,1.306000,0.9987,0,0.295319,-0.051911,1.369000,0.8125,0,-0.148010,-0.057364,1.200000,0.6652,0,,,,0.3748,1,-0.100428,0.088855,1.018000,0.5055,0,0.185470,0.195558,1.224000,0.9984,0,-0.017812,0.186547,1.089000,0.9987,0
686,22.883269,1,0.248080,-0.345697,1.345000,0.9993,0,-0.127176,-0.345597,1.311000,0.9987,0,0.295319,-0.051911,1.369000,0.8076,0,-0.148010,-0.067249,1.200000,0.6760,0,,,,0.3689,1,-0.101119,0.082712,1.025000,0.5328,0,0.193046,0.201448,1.274000,0.9983,0,-0.018875,0.193880,1.154000,0.9987,0
687,22.916626,1,0.247527,-0.344926,1.342000,0.9993,0,-0.124541,-0.344279,1.306000,0.9988,0,0.298225,-0.058806,1.372000,0.8034,0,-0.147763,-0.075031,1.198000,0.6873,0,,,,0.3702,1,-0.099723,0.079567,1.028000,0.5569,0,0.193046,0.199349,1.274000,0.9984,0,-0.019186,0.197072,1.173000,0.9987,0
688,22.949984,1,0.247527,-0.344926,1.342000,0.9993,0,-0.124541,-0.342128,1.306000,0.9987,0,0.297572,-0.058677,1.369000,0.8056,0,-0.146035,-0.063295,1.200000,0.6804,0,,,,0.3735,1,-0.100922,0.085921,1.023000,0.5432,0,0.195143,0.199349,1.274000,0.9984,0,-0.015325,0.197072,1.173000,0.9987,0
689,22.983341,1,0.248080,-0.345697,1.345000,0.9993,0,-0.124541,-0.342128,1.306000,0.9988,0,0.296920,-0.058548,1.366000,0.8079,0,-0.146643,-0.063559,1.205000,0.6905,0,,,,0.3856,1,-0.101415,0.086341,1.028000,0.5692,0,0.195909,0.198024,1.279000,0.9984,0,-0.015312,0.194973,1.172000,0.9987,0
690,23.016698,1,0.248634,-0.348689,1.348000,0.9993,0,-0.124255,-0.341342,1.303000,0.9987,0,0.298225,-0.061066,1.372000,0.8052,0,-0.146400,-0.069399,1.203000,0.6954,0,,,,0.3897,1,-0.101612,0.084812,1.030000,0.5773,0,0.196675,0.194568,1.284000,0.9984,0,-0.011659,0.196501,1.193000,0.9987,0
691,23.050056,1,0.248080,-0.347913,1.345000,0.9993,0,-0.125018,-0.343438,1.311000,0.9988,0,0.297572,-0.060932,1.369000,0.8140,0,-0.146643,-0.069514,1.205000,0.7113,0,,,,0.4227,1,-0.102303,0.080263,1.037000,0.6104,0,0.198788,0.190337,1.284000,0.9984,0,-0.007751,0.196995,1.196000,0.9988,0
692,23.083413,1,0.246974,-0.348567,1.339000,0.9993,0,-0.124541,-0.342128,1.306000,0.9989,0,0.294312,-0.060265,1.354000,0.8203,0,-0.146035,-0.067249,1.200000,0.7251,0,,,,0.4425,1,-0.102303,0.080263,1.037000,0.6345,0,0.200589,0.190041,1.282000,0.9985,0,-0.007673,0.195019,1.184000,0.9988,0
693,23.116771,1,0.246605,-0.348046,1.337000,0.9993,0,-0.126691,-0.339976,1.306000,0.9988,0,0.299169,-0.056298,1.366000,0.8190,0,-0.144060,-0.061318,1.200000,0.7120,0,,,,0.4385,1,-0.098222,0.088206,1.030000,0.6165,0,0.201750,0.189151,1.276000,0.9985,0,-0.007780,0.197737,1.200500,0.9988,0
694,23.150128,1,0.246605,-0.348046,1.337000,0.9993,0,-0.126691,-0.339976,1.306000,0.9988,0,0.299169,-0.056298,1.366000,0.8185,0,-0.144060,-0.057364,1.200000,0.7079,0,,,,0.4376,1,-0.097554,0.094347,1.023000,0.5978,0,0.202253,0.187669,1.266000,0.9986,0,-0.007767,0.197407,1.198500,0.9988,0
695,23.183486,1,0.249178,-0.348567,1.339000,0.9993,0,-0.126691,-0.339976,1.306000,0.9988,0,0.299169,-0.056298,1.366000,0.8155,0,-0.144420,-0.055526,1.203000,0.7053,0,,,,0.4322,1,-0.097554,0.094347,1.023000,0.5948,0,0.202253,0.187669,1.266000,0.9986,0,-0.007693,0.195513,1.187000,0.9988,0
696,23.216843,1,0.250294,-0.350129,1.345000,0.9994,0,-0.126691,-0.339976,1.306000,0.9988,0,0.301417,-0.056298,1.366000,0.8142,0,-0.144660,-0.057603,1.205000,0.7064,0,,,,0.4275,1,-0.097459,0.092571,1.022000,0.5940,0,0.202732,0.190204,1.269000,0.9986,0,-0.009549,0.195472,1.175000,0.9989,0
697,23.250200,1,0.249736,-0.349348,1.342000,0.9993,0,-0.126982,-0.340757,1.309000,0.9988,0,0.297855,-0.053810,1.360000,0.8159,0,-0.144660,-0.057603,1.205000,0.7056,0,,,,0.4294,1,-0.095870,0.094347,1.023000,0.5903,0,0.199853,0.189455,1.264000,0.9986,0,-0.009606,0.196637,1.182000,0.9989,0
698,23.283558,1,0.250294,-0.350129,1.345000,0.9994,0,-0.126400,-0.339195,1.303000,0.9988,0,0.296268,-0.058420,1.363000,0.8199,0,-0.143820,-0.061216,1.198000,0.7125,0,,,,0.4489,1,-0.096245,0.087949,1.027000,0.6016,0,0.200960,0.190504,1.271000,0.9987,0,-0.009622,0.195019,1.184000,0.9989,0
699,23.316915,1,0.248805,-0.348046,1.337000,0.9994,0,-0.126982,-0.340757,1.309000,0.9988,0,0.299169,-0.056298,1.366000,0.8231,0,-0.144060,-0.061318,1.200000,0.7219,0,,,,0.4577,1,-0.096714,0.088377,1.032000,0.6233,0,0.202253,0.189755,1.266000,0.9987,0,-0.007550,0.193809,1.165000,0.9989,0
700,23.350273,1,0.250294,-0.350129,1.345000,0.9994,0,-0.126691,-0.339976,1.306000,0.9989,0,0.297198,-0.055927,1.357000,0.8198,0,-0.143820,-0.061216,1.198000,0.7273,0,,,,0.4561,1,-0.097370,0.087265,1.039000,0.6386,0,0.200644,0.190204,1.269000,0.9987,0,-0.009610,0.194772,1.182500,0.9989,0
701,23.383630,1,0.248805,-0.348046,1.337000,0.9994,0,-0.126691,-0.339976,1.306000,0.9989,0,0.299169,-0.056298,1.366000,0.8226,0,-0.144420,-0.061471,1.203000,0.7330,0,,,,0.4607,1,-0.097370,0.085553,1.039000,0.6465,0,0.199853,0.189455,1.264000,0.9987,0,-0.007660,0.192742,1.182000,0.9989,0
702,23.416988,1,0.248247,-0.347265,1.334000,0.9994,0,-0.126400,-0.341342,1.303000,0.9989,0,0.297855,-0.058291,1.360000,0.8254,0,-0.144060,-0.067249,1.200000,0.7386,0,,,,0.4669,1,-0.098120,0.079312,1.047000,0.6648,0,0.200960,0.188410,1.271000,0.9987,0,-0.009695,0.192571,1.193000,0.9989,0
703,23.450345,1,0.249178,-0.348567,1.339000,0.9994,0,-0.126109,-0.340556,1.300000,0.9990,0,0.298512,-0.058420,1.363000,0.8313,0,-0.143820,-0.069110,1.198000,0.7498,0,,,,0.4897,1,-0.096304,0.075790,1.046000,0.6847,0,0.199853,0.187373,1.264000,0.9987,0,-0.007810,0.194508,1.205000,0.9989,0
704,23.483702,1,0.248247,-0.347265,1.334000,0.9994,0,-0.126691,-0.342128,1.306000,0.9990,0,0.299169,-0.056298,1.366000,0.8348,0,-0.143820,-0.069110,1.198000,0.7431,0,,,,0.4983,1,-0.097041,0.078106,1.054000,0.6769,0,0.200644,0.186023,1.269000,0.9987,0,-0.009720,0.193055,1.196000,0.9989,0
705,23.517060,1,0.248247,-0.347265,1.334000,0.9994,0,-0.126400,-0.341342,1.303000,0.9989,0,0.297198,-0.058163,1.357000,0.8320,0,-0.143579,-0.067024,1.196000,0.7409,0,,,,0.4901,1,-0.091139,0.077513,1.046000,0.6659,0,0.199337,0.186756,1.274000,0.9987,0,-0.009622,0.191118,1.184000,0.9989,0
706,23.550417,1,0.248805,-0.348046,1.337000,0.9995,0,-0.126109,-0.340556,1.300000,0.9990,0,0.299826,-0.058677,1.369000,0.8358,0,-0.143219,-0.066856,1.193000,0.7429,0,0.299589,0.179358,1.328000,0.5088,0,-0.091401,0.074279,1.049000,0.6752,0,0.200169,0.185583,1.266000,0.9988,0,-0.005768,0.192571,1.193000,0.9990,0
707,23.583775,1,0.249736,-0.349348,1.342000,0.9995,0,-0.126109,-0.340556,1.300000,0.9990,0,0.297855,-0.056051,1.360000,0.8348,0,-0.144060,-0.067249,1.200000,0.7518,0,0.296732,0.183318,1.325000,0.5020,0,-0.091575,0.076152,1.051000,0.6906,0,0.200960,0.186316,1.271000,0.9987,0,-0.007356,0.183208,1.135000,0.9990,0
708,23.617132,1,0.249736,-0.349348,1.342000,0.9995,0,-0.126691,-0.342128,1.306000,0.9990,0,0.299826,-0.056422,1.369000,0.8374,0,-0.142440,-0.065435,1.203000,0.7440,0,0.296732,0.183318,1.325000,0.5028,0,-0.089503,0.079312,1.047000,0.6729,0,0.199337,0.186756,1.274000,0.9988,0,-0.007187,0.179012,1.109000,0.9990,0
709,23.650490,1,0.249178,-0.348567,1.339000,0.9995,0,-0.126400,-0.341342,1.303000,0.9989,0,0.299169,-0.058548,1.366000,0.8366,0,-0.141611,-0.065054,1.196000,0.7362,0,0.298075,0.181956,1.331000,0.5009,0,-0.082373,0.080805,1.044000,0.6480,0,0.199650,0.187049,1.276000,0.9988,0,-0.007025,0.174976,1.084000,0.9990,0
710,23.683847,1,0.248247,-0.347265,1.334000,0.9995,0,-0.126400,-0.341342,1.303000,0.9989,0,0.297198,-0.058163,1.357000,0.8342,0,-0.141611,-0.065054,1.196000,0.7246,0,,,,0.4897,1,-0.082531,0.080960,1.046000,0.6211,0,0.202225,0.187489,1.279000,0.9988,0,-0.006831,0.170134,1.054000,0.9990,0
711,23.717204,1,0.248805,-0.348046,1.337000,0.9995,0,-0.126400,-0.341342,1.303000,0.9989,0,0.297198,-0.058163,1.357000,0.8293,0,-0.139642,-0.065054,1.196000,0.7202,0,,,,0.4824,1,-0.080809,0.082683,1.046000,0.6139,0,0.201434,0.186756,1.274000,0.9988,0,-0.005125,0.171102,1.060000,0.9990,0
712,23.750562,1,0.249178,-0.348567,1.339000,0.9995,0,-0.126691,-0.342128,1.306000,0.9989,0,0.300755,-0.058420,1.363000,0.8308,0,-0.139292,-0.060960,1.193000,0.7141,0,,,,0.4864,1,-0.077218,0.085965,1.044000,0.6020,0,0.203531,0.186756,1.274000,0.9989,0,-0.004966,0.165775,1.027000,0.9990,0
713,23.783919,1,0.249736,-0.349348,1.342000,0.9995,0,-0.126691,-0.342128,1.306000,0.9988,0,0.299431,-0.058163,1.357000,0.8257,0,-0.138134,-0.061318,1.200000,0.7018,0,,,,0.4748,1,-0.075645,0.087852,1.046000,0.5797,0,0.203851,0.184947,1.276000,0.9989,0,-0.004956,0.165453,1.025000,0.9990,0
714,23.817277,1,0.249736,-0.349348,1.342000,0.9995,0,-0.126109,-0.340556,1.300000,0.9989,0,0.299431,-0.058163,1.357000,0.8246,0,-0.137674,-0.063084,1.196000,0.7032,0,,,,0.4703,1,-0.075355,0.078934,1.042000,0.5896,0,0.203851,0.184947,1.276000,0.9988,0,-0.004922,0.164323,1.018000,0.9990,0
715,23.850634,1,0.248247,-0.347265,1.334000,0.9995,0,-0.126109,-0.340556,1.300000,0.9989,0,0.298769,-0.058034,1.354000,0.8244,0,-0.137674,-0.063084,1.196000,0.7113,0,,,,0.4691,1,-0.075645,0.079237,1.046000,0.6082,0,0.203531,0.182559,1.274000,0.9988,0,-0.004869,0.162547,1.007000,0.9990,0
716,23.883991,1,0.248805,-0.348046,1.337000,0.9995,0,-0.126109,-0.340556,1.300000,0.9989,0,0.299826,-0.058677,1.369000,0.8218,0,-0.137329,-0.062926,1.193000,0.7145,0,,,,0.4598,1,-0.076006,0.081347,1.051000,0.6104,0,0.203531,0.182559,1.274000,0.9988,0,-0.006423,0.159964,0.991000,0.9990,0
717,23.917348,1,0.249178,-0.348567,1.339000,0.9995,0,-0.126109,-0.340556,1.300000,0.9990,0,0.299169,-0.060799,1.366000,0.8215,0,-0.139876,-0.077004,1.198000,0.7316,0,,,,0.4649,1,-0.076368,0.073035,1.056000,0.6404,0,0.204330,0.183275,1.279000,0.9987,0,-0.004820,0.159290,0.997000,0.9990,0
718,23.950705,1,0.248247,-0.347265,1.334000,0.9995,0,-0.126109,-0.340556,1.300000,0.9990,0,0.302741,-0.061066,1.372000,0.8254,0,-0.135932,-0.073057,1.198000,0.7364,0,,,,0.4747,1,-0.076151,0.072828,1.053000,0.6524,0,0.203052,0.182129,1.271000,0.9987,0,-0.004777,0.157852,0.988000,0.9990,0
719,23.984062,1,0.248805,-0.348046,1.337000,0.9995,0,-0.123969,-0.340556,1.300000,0.9990,0,0.302079,-0.060932,1.369000,0.8231,0,-0.136727,-0.073484,1.205000,0.7423,0,,,,0.4671,1,-0.074912,0.073312,1.060000,0.6633,0,0.203531,0.182559,1.274000,0.9987,0,-0.004816,0.159131,0.996000,0.9990,0
720,24.017419,1,0.249736,-0.349348,1.342000,0.9995,0,-0.123969,-0.340556,1.300000,0.9990,0,0.303403,-0.061199,1.375000,0.8277,0,-0.138134,-0.075156,1.200000,0.7531,0,,,,0.4816,1,-0.074771,0.071431,1.058000,0.6846,0,0.205144,0.180035,1.271000,0.9987,0,-0.003154,0.158012,0.989000,0.9990,0
721,24.050776,1,0.247689,-0.346484,1.331000,0.9995,0,-0.123778,-0.340032,1.298000,0.9991,0,0.302079,-0.060932,1.369000,0.8264,0,-0.136159,-0.075156,1.200000,0.7496,0,,,,0.4799,1,-0.073030,0.071431,1.058000,0.6865,0,0.205951,0.180743,1.276000,0.9987,0,-0.003176,0.159131,0.996000,0.9990,0
722,24.084133,1,0.248805,-0.348046,1.337000,0.9995,0,-0.123969,-0.340556,1.300000,0.9991,0,0.302741,-0.061066,1.372000,0.8292,0,-0.133178,-0.074592,1.191000,0.7550,0,,,,0.4886,1,-0.073030,0.071431,1.058000,0.7009,0,0.205144,0.180035,1.271000,0.9987,0,-0.003160,0.158332,0.991000,0.9990,0
723,24.117490,1,0.253071,-0.350910,1.348000,0.9995,0,-0.123778,-0.342170,1.298000,0.9991,0,0.301417,-0.058548,1.366000,0.8309,0,-0.135932,-0.078978,1.198000,0.7517,0,,,,0.4902,1,-0.073168,0.071566,1.060000,0.6949,0,0.207725,0.180460,1.274000,0.9987,0,-0.001529,0.158332,0.991000,0.9990,0
724,24.150847,1,0.251381,-0.350773,1.339000,0.9995,0,-0.123492,-0.341380,1.295000,0.9991,0,0.303403,-0.061199,1.375000,0.8325,0,-0.134184,-0.079110,1.200000,0.7555,0,,,,0.4943,1,-0.071288,0.071431,1.058000,0.7045,0,0.204821,0.179752,1.269000,0.9987,0,-0.003164,0.158492,0.992000,0.9990,0
725,24.184204,1,0.251945,-0.351559,1.342000,0.9995,0,-0.123969,-0.342698,1.300000,0.9991,0,0.302741,-0.061066,1.372000,0.8357,0,-0.133960,-0.078978,1.198000,0.7534,0,0.303820,0.178371,1.337000,0.5108,0,-0.069218,0.071093,1.053000,0.7089,0,0.205144,0.180035,1.271000,0.9988,0,-0.001529,0.158332,0.991000,0.9990,0
726,24.217561,1,0.253071,-0.350910,1.348000,0.9995,0,-0.123778,-0.342170,1.298000,0.9991,0,0.302079,-0.058677,1.369000,0.8299,0,-0.131768,-0.074906,1.196000,0.7429,0,,,,0.4973,1,-0.067485,0.074563,1.053000,0.6852,0,0.205628,0.180460,1.274000,0.9988,0,-0.001539,0.157648,0.997000,0.9990,0
727,24.250918,1,0.251945,-0.351559,1.342000,0.9995,0,-0.123969,-0.342698,1.300000,0.9991,0,0.300755,-0.062911,1.363000,0.8275,0,-0.132209,-0.083064,1.200000,0.7486,0,,,,0.4971,1,-0.066189,0.071566,1.060000,0.6934,0,0.208051,0.178641,1.276000,0.9988,0,-0.001534,0.157174,0.994000,0.9990,0
728,24.284275,1,0.253071,-0.353130,1.348000,0.9995,0,-0.123969,-0.342698,1.300000,0.9991,0,0.302741,-0.061066,1.372000,0.8243,0,-0.131768,-0.080816,1.196000,0.7506,0,,,,0.4877,1,-0.065939,0.071296,1.056000,0.6968,0,0.208051,0.178641,1.276000,0.9988,0,-0.001534,0.157174,0.994000,0.9990,0
729,24.317632,1,0.253071,-0.353130,1.348000,0.9995,0,-0.124255,-0.343489,1.303000,0.9991,0,0.302079,-0.060932,1.369000,0.8207,0,-0.132209,-0.081087,1.200000,0.7496,0,,,,0.4793,1,-0.064079,0.071161,1.054000,0.6944,0,0.209822,0.178361,1.274000,0.9988,0,0.000102,0.157174,0.994000,0.9990,0
730,24.350989,1,0.252508,-0.352345,1.345000,0.9995,0,-0.123969,-0.344839,1.300000,0.9991,0,0.302079,-0.058677,1.369000,0.8241,0,-0.131989,-0.078978,1.198000,0.7489,0,,,,0.4829,1,-0.062463,0.071296,1.056000,0.6912,0,0.209029,0.179481,1.282000,0.9988,0,-0.001526,0.156383,0.989000,0.9990,0
731,24.384346,1,0.251945,-0.351559,1.342000,0.9995,0,-0.124255,-0.345635,1.303000,0.9991,0,0.302741,-0.058806,1.372000,0.8279,0,-0.130017,-0.078978,1.198000,0.7488,0,,,,0.4978,1,-0.062345,0.071161,1.054000,0.6935,0,0.206435,0.179061,1.279000,0.9988,0,-0.001531,0.156857,0.992000,0.9990,0
732,24.417703,1,0.251945,-0.351559,1.342000,0.9995,0,-0.124541,-0.346431,1.306000,0.9991,0,0.303403,-0.058934,1.375000,0.8289,0,-0.130234,-0.079110,1.200000,0.7530,0,0.291503,0.179763,1.331000,0.5090,0,-0.062285,0.071093,1.053000,0.7033,0,0.207242,0.179761,1.284000,0.9988,0,-0.001534,0.155536,0.994000,0.9990,0
733,24.451060,1,0.251945,-0.351559,1.342000,0.9995,0,-0.123969,-0.344839,1.300000,0.9991,0,0.303403,-0.058934,1.375000,0.8263,0,-0.130559,-0.079308,1.203000,0.7509,0,0.295218,0.181546,1.328000,0.5046,0,-0.062463,0.071296,1.056000,0.6999,0,0.206919,0.179481,1.282000,0.9988,0,-0.003164,0.155223,0.992000,0.9990,0
734,24.484417,1,0.253071,-0.353130,1.348000,0.9995,0,-0.124255,-0.345635,1.303000,0.9991,0,0.304065,-0.059063,1.378000,0.8246,0,-0.130234,-0.075156,1.200000,0.7495,0,0.291708,0.180725,1.322000,0.5031,0,-0.060437,0.076152,1.051000,0.6953,0,0.206919,0.179481,1.282000,0.9988,0,-0.001526,0.154754,0.989000,0.9990,0
735,24.517774,1,0.253071,-0.353130,1.348000,0.9995,0,-0.123778,-0.344309,1.298000,0.9991,0,0.304065,-0.059063,1.378000,0.8228,0,-0.129257,-0.074592,1.191000,0.7535,0,0.298075,0.170992,1.331000,0.5046,0,-0.060150,0.075790,1.046000,0.7017,0,0.209822,0.178361,1.274000,0.9988,0,0.000102,0.154597,0.988000,0.9990,0
736,24.551131,1,0.253634,-0.353916,1.351000,0.9995,0,-0.121829,-0.344839,1.300000,0.9991,0,0.304727,-0.061466,1.381000,0.8248,0,-0.129257,-0.076555,1.191000,0.7502,0,0.299867,0.172020,1.339000,0.5100,0,-0.060322,0.074279,1.049000,0.6979,0,0.211139,0.179481,1.282000,0.9988,0,0.000102,0.155223,0.992000,0.9990,0
737,24.584488,1,0.251006,-0.350249,1.337000,0.9996,0,-0.121642,-0.344309,1.298000,0.9991,0,0.302079,-0.060932,1.369000,0.8264,0,-0.126073,-0.069110,1.198000,0.7504,0,0.298747,0.173575,1.334000,0.5178,0,-0.056707,0.079237,1.046000,0.7005,0,0.210645,0.179061,1.279000,0.9989,0,0.001729,0.154754,0.989000,0.9990,0
738,24.617844,1,0.251945,-0.351559,1.342000,0.9995,0,-0.121829,-0.344839,1.300000,0.9991,0,0.302741,-0.061066,1.372000,0.8244,0,-0.125863,-0.070965,1.196000,0.7553,0,0.295885,0.175378,1.331000,0.5086,0,-0.056707,0.079237,1.046000,0.7086,0,0.209328,0.177941,1.271000,0.9989,0,0.001733,0.155067,0.991000,0.9990,0
739,24.651201,1,0.253071,-0.353130,1.348000,0.9996,0,-0.121642,-0.344309,1.298000,0.9992,0,0.302741,-0.061066,1.372000,0.8257,0,-0.125547,-0.070787,1.193000,0.7644,0,0.296552,0.175773,1.334000,0.5260,0,-0.056598,0.077365,1.044000,0.7272,0,0.210645,0.179061,1.279000,0.9989,0,0.003364,0.155067,0.991000,0.9991,0
740,24.684559,1,0.251381,-0.350773,1.339000,0.9996,0,-0.122111,-0.345635,1.303000,0.9991,0,0.303403,-0.061199,1.375000,0.8272,0,-0.125863,-0.068995,1.196000,0.7510,0,0.293032,0.177170,1.328000,0.5298,0,-0.054775,0.078934,1.042000,0.7035,0,0.210151,0.178641,1.276000,0.9989,0,0.001729,0.154754,0.989000,0.9991,0
741,24.717916,1,0.251945,-0.351559,1.342000,0.9996,0,-0.122111,-0.345635,1.303000,0.9991,0,0.302079,-0.060932,1.369000,0.8227,0,-0.123376,-0.066744,1.191000,0.7481,0,0.294356,0.177971,1.334000,0.5300,0,-0.054407,0.083518,1.035000,0.7030,0,0.210151,0.178641,1.276000,0.9989,0,0.001728,0.154597,0.988000,0.9991,0
742,24.751272,1,0.251945,-0.351559,1.342000,0.9996,0,-0.121829,-0.344839,1.300000,0.9991,0,0.302741,-0.061066,1.372000,0.8187,0,-0.122962,-0.066520,1.187000,0.7538,0,0.301620,0.178371,1.337000,0.5328,0,-0.054880,0.080805,1.044000,0.7173,0,0.210645,0.179061,1.279000,0.9989,0,0.003374,0.155536,0.994000,0.9991,0
743,24.784629,1,0.251381,-0.350773,1.339000,0.9996,0,-0.121642,-0.344309,1.298000,0.9992,0,0.302741,-0.058806,1.372000,0.8247,0,-0.123583,-0.066856,1.193000,0.7616,0,0.295885,0.181956,1.331000,0.5498,0,-0.054880,0.077365,1.044000,0.7317,0,0.210645,0.179061,1.279000,0.9989,0,0.003364,0.155067,0.991000,0.9991,0
744,24.817986,1,0.251945,-0.351559,1.342000,0.9996,0,-0.121642,-0.344309,1.298000,0.9992,0,0.299826,-0.058677,1.369000,0.8240,0,-0.121620,-0.066856,1.193000,0.7602,0,0.301620,0.184978,1.337000,0.5606,0,-0.053263,0.079237,1.046000,0.7357,0,0.209328,0.177941,1.271000,0.9989,0,0.003357,0.154754,0.989000,0.9991,0
745,24.851344,1,0.251006,-0.350249,1.337000,0.9996,0,-0.121829,-0.344839,1.300000,0.9992,0,0.300483,-0.058806,1.372000,0.8233,0,-0.121416,-0.064782,1.191000,0.7615,0,0.306479,0.180843,1.339000,0.5653,0,-0.053263,0.079237,1.046000,0.7397,0,0.209822,0.178361,1.274000,0.9989,0,0.003357,0.154754,0.989000,0.9991,0
746,24.884701,1,0.251006,-0.350249,1.337000,0.9996,0,-0.121642,-0.344309,1.298000,0.9992,0,0.301140,-0.058934,1.375000,0.8244,0,-0.121620,-0.066856,1.193000,0.7621,0,0.301620,0.182776,1.337000,0.5613,0,-0.051788,0.077884,1.051000,0.7405,0,0.208540,0.179061,1.279000,0.9989,0,0.003374,0.155536,0.994000,0.9991,0
747,24.918058,1,0.251945,-0.351559,1.342000,0.9996,0,-0.121829,-0.344839,1.300000,0.9992,0,0.301140,-0.061199,1.375000,0.8221,0,-0.120702,-0.066352,1.184000,0.7630,0,0.301620,0.180573,1.337000,0.5582,0,-0.051788,0.077884,1.051000,0.7445,0,0.209029,0.179481,1.282000,0.9989,0,0.003354,0.154597,0.988000,0.9991,0
748,24.951416,1,0.251381,-0.350773,1.339000,0.9996,0,-0.119506,-0.346447,1.298000,0.9992,0,0.300483,-0.061066,1.372000,0.8223,0,-0.119255,-0.066632,1.189000,0.7669,0,0.300943,0.180168,1.334000,0.5645,0,-0.050201,0.078106,1.054000,0.7522,0,0.207725,0.176262,1.274000,0.9989,0,0.003374,0.155536,0.994000,0.9991,0
749,24.984773,1,0.248247,-0.349463,1.334000,0.9996,0,-0.119506,-0.346447,1.298000,0.9992,0,0.301140,-0.061199,1.375000,0.8196,0,-0.119456,-0.066744,1.191000,0.7601,0,0.301620,0.180573,1.337000,0.5666,0,-0.048098,0.077513,1.046000,0.7443,0,0.206435,0.176954,1.279000,0.9989,0,0.003364,0.153434,0.991000,0.9991,0
750,25.018130,1,0.247689,-0.350870,1.331000,0.9996,0,-0.119229,-0.345646,1.295000,0.9992,0,0.298877,-0.065730,1.375000,0.8158,0,-0.118754,-0.068302,1.184000,0.7630,0,0.300266,0.177570,1.331000,0.5672,0,-0.048420,0.076297,1.053000,0.7517,0,0.207726,0.175941,1.287000,0.9989,0,0.005020,0.154208,0.996000,0.9991,0
751,25.051488,1,0.248247,-0.351661,1.334000,0.9996,0,-0.119506,-0.346447,1.298000,0.9991,0,0.298225,-0.063326,1.372000,0.8097,0,-0.114468,-0.058352,1.180000,0.7399,0,0.300943,0.184563,1.334000,0.5510,0,-0.035254,0.099403,1.023000,0.7039,0,0.208051,0.172335,1.276000,0.9990,0,0.004995,0.150169,0.991000,0.9991,0
752,25.084845,1,0.248805,-0.352451,1.337000,0.9996,0,-0.119229,-0.345646,1.295000,0.9991,0,0.298877,-0.058934,1.375000,0.8012,0,-0.109740,-0.048261,1.171000,0.7173,0,0.296060,0.193793,1.322000,0.5387,0,-0.033472,0.104153,1.020000,0.6678,0,0.207242,0.173415,1.284000,0.9990,0,0.004995,0.150169,0.991000,0.9991,0
753,25.118202,1,0.251945,-0.353769,1.342000,0.9996,0,-0.119506,-0.346447,1.298000,0.9991,0,0.299826,-0.058677,1.369000,0.8028,0,-0.109740,-0.050190,1.171000,0.7210,0,0.303139,0.191156,1.334000,0.5468,0,-0.033472,0.104153,1.020000,0.6768,0,0.206435,0.168526,1.279000,0.9991,0,0.005010,0.148986,0.994000,0.9992,0
754,25.151560,1,0.251006,-0.352451,1.337000,0.9996,0,-0.117098,-0.345646,1.295000,0.9991,0,0.301140,-0.058934,1.375000,0.7941,0,-0.109365,-0.050019,1.167000,0.7042,0,0.290605,0.195229,1.317000,0.5364,0,-0.033472,0.100792,1.020000,0.6579,0,0.209844,0.165340,1.287000,0.9991,0,0.006633,0.143783,0.992000,0.9992,0
755,25.184917,1,0.250443,-0.351661,1.334000,0.9996,0,-0.117098,-0.345646,1.295000,0.9991,0,0.302454,-0.059191,1.381000,0.7842,0,-0.110584,-0.052520,1.180000,0.7072,0,0.290605,0.195229,1.317000,0.5170,0,-0.035392,0.091332,1.027000,0.6670,0,0.207726,0.163219,1.287000,0.9991,0,0.006626,0.138741,0.991000,0.9992,0
756,25.218274,1,0.250443,-0.351661,1.334000,0.9996,0,-0.117098,-0.347780,1.295000,0.9991,0,0.300483,-0.063326,1.372000,0.7779,0,-0.109928,-0.061871,1.173000,0.7104,0,0.298747,0.180168,1.334000,0.5044,0,-0.035909,0.082367,1.042000,0.6773,0,0.209355,0.160724,1.284000,0.9990,0,0.011520,0.137108,0.991000,0.9992,0
757,25.251631,1,0.251006,-0.352451,1.337000,0.9996,0,-0.116827,-0.346974,1.292000,0.9991,0,0.301140,-0.065730,1.375000,0.7751,0,-0.110771,-0.062345,1.182000,0.7079,0,,,,0.4936,1,-0.034194,0.078934,1.042000,0.6697,0,0.209355,0.160724,1.284000,0.9990,0,0.011520,0.135476,0.991000,0.9991,0
758,25.284989,1,0.251006,-0.354654,1.337000,0.9996,0,-0.117369,-0.348585,1.298000,0.9992,0,0.301140,-0.065730,1.375000,0.7660,0,-0.110396,-0.064075,1.178000,0.7070,0,,,,0.4826,1,-0.034555,0.078032,1.053000,0.6777,0,0.212457,0.161475,1.290000,0.9990,0,0.011531,0.135612,0.992000,0.9991,0
759,25.318346,1,0.251006,-0.354654,1.337000,0.9996,0,-0.116646,-0.344312,1.290000,0.9992,0,0.301140,-0.070260,1.375000,0.7713,0,-0.108181,-0.061976,1.175000,0.7136,0,,,,0.4967,1,-0.034260,0.079085,1.044000,0.6891,0,0.214081,0.158979,1.287000,0.9990,0,0.014782,0.137108,0.991000,0.9992,0
760,25.351703,1,0.251006,-0.354654,1.337000,0.9996,0,-0.116827,-0.344846,1.292000,0.9992,0,0.301140,-0.070260,1.375000,0.7672,0,-0.106518,-0.058253,1.178000,0.6976,0,,,,0.4821,1,-0.025004,0.107197,1.017000,0.6533,0,0.211469,0.160724,1.284000,0.9990,0,0.013151,0.137108,0.991000,0.9992,0
761,25.385061,1,0.250443,-0.353858,1.334000,0.9996,0,-0.114700,-0.346974,1.292000,0.9992,0,0.300483,-0.065586,1.372000,0.7716,0,-0.106699,-0.058352,1.180000,0.6884,0,,,,0.4908,1,-0.025029,0.100594,1.018000,0.6405,0,0.211469,0.158608,1.284000,0.9991,0,0.013191,0.135886,0.994000,0.9992,0
762,25.418418,1,0.251006,-0.354654,1.337000,0.9996,0,-0.114256,-0.345631,1.287000,0.9992,0,0.300483,-0.065586,1.372000,0.7673,0,-0.108826,-0.062345,1.182000,0.6969,0,,,,0.4878,1,-0.026940,0.091332,1.027000,0.6569,0,0.211469,0.158608,1.284000,0.9991,0,0.013111,0.135066,0.988000,0.9992,0
763,25.451775,1,0.251006,-0.354654,1.337000,0.9996,0,-0.114700,-0.346974,1.292000,0.9992,0,0.299826,-0.065443,1.369000,0.7615,0,-0.109010,-0.062451,1.184000,0.6944,0,,,,0.4787,1,-0.027019,0.086509,1.030000,0.6596,0,0.213582,0.158608,1.284000,0.9991,0,0.013124,0.135202,0.989000,0.9992,0
764,25.485133,1,0.250443,-0.353858,1.334000,0.9996,0,-0.114523,-0.346437,1.290000,0.9992,0,0.301140,-0.065730,1.375000,0.7620,0,-0.106518,-0.062134,1.178000,0.6874,0,,,,0.4788,1,-0.027098,0.085059,1.033000,0.6534,0,0.214081,0.158979,1.287000,0.9991,0,0.013151,0.135476,0.991000,0.9992,0
765,25.518490,1,0.250443,-0.353858,1.334000,0.9996,0,-0.114523,-0.346437,1.290000,0.9993,0,0.303403,-0.065730,1.375000,0.7596,0,-0.108181,-0.061976,1.175000,0.6920,0,,,,0.4712,1,-0.027150,0.085224,1.035000,0.6601,0,0.214081,0.158979,1.287000,0.9991,0,0.011496,0.135202,0.989000,0.9992,0
766,25.551847,1,0.249880,-0.353062,1.331000,0.9996,0,-0.114523,-0.346437,1.290000,0.9993,0,0.300483,-0.065586,1.372000,0.7563,0,-0.109286,-0.064565,1.187000,0.6914,0,,,,0.4611,1,-0.028798,0.085059,1.033000,0.6640,0,0.214081,0.158979,1.287000,0.9991,0,0.011496,0.135202,0.989000,0.9992,0
767,25.585205,1,0.249880,-0.353062,1.331000,0.9996,0,-0.114700,-0.346974,1.292000,0.9993,0,0.304065,-0.065873,1.378000,0.7539,0,-0.108457,-0.064075,1.178000,0.6916,0,,,,0.4597,1,-0.028854,0.085224,1.035000,0.6703,0,0.215695,0.158608,1.284000,0.9991,0,0.013151,0.135476,0.991000,0.9992,0
768,25.618562,1,0.249880,-0.353062,1.331000,0.9996,0,-0.114523,-0.346437,1.290000,0.9993,0,0.303403,-0.067995,1.375000,0.7542,0,-0.106518,-0.064075,1.178000,0.6883,0,,,,0.4619,1,-0.027150,0.085224,1.035000,0.6669,0,0.216452,0.157620,1.276000,0.9991,0,0.014737,0.135066,0.988000,0.9992,0
769,25.651919,1,0.250443,-0.353858,1.334000,0.9996,0,-0.112138,-0.345631,1.287000,0.9993,0,0.298512,-0.067402,1.363000,0.7421,0,-0.104313,-0.061976,1.175000,0.6912,0,,,,0.4399,1,-0.025447,0.083518,1.035000,0.6756,0,0.215359,0.158361,1.282000,0.9990,0,0.013124,0.135202,0.989000,0.9992,0
770,25.685277,1,0.249316,-0.352267,1.328000,0.9996,0,-0.112138,-0.345631,1.287000,0.9993,0,0.299826,-0.067698,1.369000,0.7296,0,-0.105112,-0.064401,1.184000,0.6911,0,,,,0.4315,1,-0.023904,0.084083,1.042000,0.6812,0,0.215695,0.156493,1.284000,0.9991,0,0.014752,0.135202,0.989000,0.9992,0
771,25.718634,1,0.249880,-0.353062,1.331000,0.9996,0,-0.112138,-0.345631,1.287000,0.9993,0,0.301797,-0.065873,1.378000,0.7255,0,-0.102379,-0.061976,1.175000,0.6940,0,,,,0.4222,1,-0.022125,0.083841,1.039000,0.6861,0,0.214580,0.157224,1.290000,0.9991,0,0.011496,0.135202,0.989000,0.9992,0
772,25.751991,1,0.252638,-0.353858,1.334000,0.9996,0,-0.112138,-0.347752,1.287000,0.9993,0,0.301797,-0.065873,1.378000,0.7211,0,-0.105112,-0.066352,1.184000,0.6953,0,,,,0.4134,1,-0.020474,0.082367,1.042000,0.6885,0,0.213582,0.156493,1.284000,0.9990,0,0.009918,0.132611,0.994000,0.9992,0
773,25.785349,1,0.252070,-0.350870,1.331000,0.9996,0,-0.110020,-0.349872,1.287000,0.9993,0,0.301140,-0.065730,1.375000,0.7242,0,-0.105112,-0.066352,1.184000,0.6963,0,,,,0.4034,1,-0.018704,0.082130,1.039000,0.6849,0,0.208533,0.157468,1.292000,0.9990,0,0.006626,0.130578,0.991000,0.9992,0
774,25.818706,1,0.252070,-0.350870,1.331000,0.9996,0,-0.110020,-0.349872,1.287000,0.9993,0,0.303403,-0.065730,1.375000,0.7271,0,-0.105112,-0.070253,1.184000,0.7045,0,,,,0.4062,1,-0.018885,0.077736,1.049000,0.6967,0,0.210660,0.157468,1.292000,0.9990,0,0.008257,0.130578,0.991000,0.9992,0
775,25.852063,1,0.252638,-0.351661,1.334000,0.9996,0,-0.107901,-0.351992,1.287000,0.9994,0,0.302079,-0.065443,1.369000,0.7199,0,-0.104935,-0.072082,1.182000,0.7104,0,,,,0.3949,1,-0.018957,0.074563,1.053000,0.7084,0,0.209844,0.154739,1.287000,0.9989,0,0.008282,0.127698,0.994000,0.9992,0
776,25.885420,1,0.250934,-0.349288,1.325000,0.9996,0,-0.107901,-0.351992,1.287000,0.9994,0,0.303403,-0.065730,1.375000,0.7196,0,-0.104757,-0.073904,1.180000,0.7119,0,,,,0.3824,1,-0.018957,0.074563,1.053000,0.7130,0,0.209844,0.154739,1.287000,0.9989,0,0.008257,0.127313,0.991000,0.9991,0
777,25.918778,1,0.253207,-0.352451,1.337000,0.9995,0,-0.108153,-0.354938,1.290000,0.9994,0,0.303403,-0.065730,1.375000,0.7145,0,-0.105556,-0.076426,1.189000,0.7157,0,,,,0.3701,1,-0.015461,0.074421,1.051000,0.7191,0,0.209844,0.150498,1.287000,0.9989,0,0.008349,0.125424,1.002000,0.9991,0
778,25.952135,1,0.253207,-0.352451,1.337000,0.9995,0,-0.107901,-0.351992,1.287000,0.9994,0,0.302741,-0.063326,1.372000,0.7141,0,-0.103425,-0.072386,1.187000,0.7215,0,,,,0.3575,1,-0.013705,0.074279,1.049000,0.7257,0,0.208533,0.151083,1.292000,0.9989,0,0.005025,0.123156,0.997000,0.9991,0
779,25.985492,1,0.250934,-0.347105,1.325000,0.9995,0,-0.105536,-0.353287,1.284000,0.9994,0,0.299826,-0.063188,1.369000,0.7173,0,-0.103425,-0.072386,1.187000,0.7253,0,,,,0.3489,1,-0.010252,0.077736,1.049000,0.7269,0,0.202623,0.151434,1.295000,0.9989,0,0.000104,0.123342,1.012000,0.9991,0
780,26.018850,1,0.254261,-0.348677,1.331000,0.9995,0,-0.105372,-0.350624,1.282000,0.9994,0,0.301140,-0.061199,1.375000,0.7194,0,-0.102205,-0.067668,1.173000,0.7279,0,,,,0.3434,1,-0.004995,0.081655,1.033000,0.7233,0,0.198479,0.152025,1.282000,0.9988,0,-0.004917,0.123951,1.017000,0.9991,0
781,26.052207,1,0.253115,-0.347105,1.325000,0.9995,0,-0.103423,-0.349056,1.284000,0.9994,0,0.301140,-0.056669,1.375000,0.7168,0,-0.098344,-0.059938,1.173000,0.7185,0,,,,0.3294,1,0.000105,0.092571,1.022000,0.7016,0,0.198788,0.154378,1.284000,0.9987,0,-0.006656,0.128554,1.027000,0.9991,0
782,26.085564,1,0.254834,-0.347265,1.334000,0.9995,0,-0.103423,-0.353287,1.284000,0.9994,0,0.302454,-0.056916,1.381000,0.7023,0,-0.099266,-0.068302,1.184000,0.7054,0,,,,0.3123,1,0.000105,0.092662,1.023000,0.6854,0,0.200027,0.155340,1.292000,0.9987,0,-0.010252,0.131308,1.049000,0.9991,0
783,26.118921,1,0.253688,-0.345703,1.328000,0.9995,0,-0.103665,-0.354112,1.287000,0.9994,0,0.301140,-0.056669,1.375000,0.6975,0,-0.098763,-0.069897,1.178000,0.7060,0,,,,0.3063,1,0.000106,0.084812,1.030000,0.6862,0,0.199717,0.155099,1.290000,0.9987,0,-0.008541,0.131558,1.051000,0.9991,0
784,26.152279,1,0.253688,-0.345703,1.328000,0.9995,0,-0.100915,-0.354018,1.279000,0.9994,0,0.300483,-0.054285,1.372000,0.6927,0,-0.099266,-0.072204,1.184000,0.6981,0,,,,0.2931,1,0.001792,0.087777,1.025000,0.6702,0,0.197900,0.155340,1.292000,0.9987,0,-0.010379,0.132935,1.062000,0.9990,0
785,26.185636,1,0.253688,-0.345703,1.328000,0.9995,0,-0.099042,-0.354848,1.282000,0.9994,0,0.300483,-0.054285,1.372000,0.6947,0,-0.099685,-0.078385,1.189000,0.7017,0,,,,0.2968,1,0.001801,0.083115,1.030000,0.6703,0,0.197135,0.154739,1.287000,0.9987,0,-0.010388,0.131309,1.063000,0.9991,0
786,26.218993,1,0.255874,-0.345703,1.328000,0.9995,0,-0.099042,-0.354848,1.282000,0.9994,0,0.299169,-0.054048,1.366000,0.6861,0,-0.099853,-0.078517,1.191000,0.7031,0,,,,0.2846,1,0.001805,0.084977,1.032000,0.6700,0,0.197135,0.154739,1.287000,0.9986,0,-0.010388,0.129558,1.063000,0.9990,0
787,26.252350,1,0.255874,-0.345703,1.328000,0.9995,0,-0.097083,-0.357517,1.284000,0.9994,0,0.301140,-0.054404,1.375000,0.6856,0,-0.099853,-0.080479,1.191000,0.7047,0,,,,0.2885,1,0.001817,0.083841,1.039000,0.6753,0,0.197135,0.152618,1.287000,0.9987,0,-0.010476,0.130655,1.072000,0.9991,0
788,26.285708,1,0.255874,-0.345703,1.328000,0.9995,0,-0.096932,-0.356960,1.282000,0.9994,0,0.301140,-0.054404,1.375000,0.6870,0,-0.099517,-0.082164,1.187000,0.7099,0,,,,0.2901,1,0.001813,0.085388,1.037000,0.6797,0,0.197900,0.153211,1.292000,0.9987,0,-0.008671,0.128287,1.067000,0.9991,0
789,26.319065,1,0.255874,-0.345703,1.328000,0.9995,0,-0.096327,-0.354733,1.274000,0.9994,0,0.300483,-0.054285,1.372000,0.6956,0,-0.099685,-0.082302,1.189000,0.7153,0,,,,0.3024,1,0.003513,0.085224,1.035000,0.6828,0,0.196675,0.152263,1.284000,0.9987,0,-0.008712,0.128889,1.072000,0.9990,0
790,26.352422,1,0.255874,-0.345703,1.328000,0.9995,0,-0.094822,-0.356960,1.282000,0.9994,0,0.300483,-0.054285,1.372000,0.6993,0,-0.095610,-0.080208,1.187000,0.7116,0,,,,0.2960,1,0.006934,0.085388,1.037000,0.6679,0,0.196675,0.154378,1.284000,0.9986,0,-0.010516,0.129370,1.076000,0.9990,0
791,26.385779,1,0.255296,-0.344922,1.325000,0.9995,0,-0.094822,-0.356960,1.282000,0.9993,0,0.301140,-0.054404,1.375000,0.7007,0,-0.093419,-0.080006,1.184000,0.7080,0,,,,0.2973,1,0.008641,0.085388,1.037000,0.6529,0,0.197135,0.154739,1.287000,0.9987,0,-0.008777,0.129850,1.080000,0.9990,0
792,26.419136,1,0.256893,-0.344141,1.322000,0.9995,0,-0.094378,-0.353188,1.276000,0.9993,0,0.300483,-0.056545,1.372000,0.7019,0,-0.093419,-0.078055,1.184000,0.7095,0,,,,0.2986,1,0.010328,0.085224,1.035000,0.6543,0,0.199717,0.155099,1.290000,0.9987,0,-0.003390,0.129558,1.063000,0.9990,0
793,26.452494,1,0.256893,-0.344141,1.322000,0.9995,0,-0.094822,-0.356960,1.282000,0.9994,0,0.301797,-0.054523,1.378000,0.6995,0,-0.093656,-0.080208,1.187000,0.7112,0,,,,0.2938,1,0.010397,0.082367,1.042000,0.6646,0,0.199717,0.152974,1.290000,0.9987,0,-0.003374,0.125462,1.058000,0.9991,0
794,26.485851,1,0.256505,-0.343621,1.320000,0.9995,0,-0.092278,-0.355290,1.276000,0.9994,0,0.299169,-0.056298,1.366000,0.7026,0,-0.093814,-0.080343,1.189000,0.7188,0,,,,0.2954,1,0.012078,0.082130,1.039000,0.6731,0,0.195450,0.151314,1.276000,0.9987,0,-0.005149,0.124538,1.065000,0.9991,0
795,26.519208,1,0.255922,-0.342840,1.317000,0.9995,0,-0.092495,-0.356125,1.279000,0.9994,0,0.304065,-0.056793,1.378000,0.7092,0,-0.091857,-0.078385,1.189000,0.7207,0,,,,0.2975,1,0.012089,0.082209,1.040000,0.6671,0,0.199585,0.154516,1.303000,0.9986,0,-0.005159,0.124772,1.067000,0.9990,0
796,26.552565,1,0.258678,-0.343621,1.320000,0.9996,0,-0.092495,-0.356125,1.279000,0.9994,0,0.301417,-0.056298,1.366000,0.7119,0,-0.091857,-0.078385,1.189000,0.7222,0,,,,0.2991,1,0.013788,0.083841,1.039000,0.6639,0,0.197135,0.152618,1.287000,0.9986,0,-0.005212,0.126058,1.078000,0.9990,0
797,26.585922,1,0.259069,-0.344141,1.322000,0.9996,0,-0.092495,-0.356125,1.279000,0.9994,0,0.301417,-0.056298,1.366000,0.7066,0,-0.091471,-0.080006,1.184000,0.7210,0,,,,0.2959,1,0.013801,0.083922,1.040000,0.6591,0,0.193152,0.147458,1.261000,0.9987,0,-0.005202,0.125824,1.076000,0.9990,0
798,26.619280,1,0.258678,-0.343621,1.320000,0.9996,0,-0.090036,-0.356832,1.274000,0.9994,0,0.302741,-0.056545,1.372000,0.7086,0,-0.091702,-0.082164,1.187000,0.7234,0,,,,0.2947,1,0.015468,0.083680,1.037000,0.6580,0,0.195450,0.149212,1.276000,0.9986,0,-0.005241,0.126760,1.084000,0.9990,0
799,26.652637,1,0.259069,-0.344141,1.322000,0.9995,0,-0.090036,-0.356832,1.274000,0.9994,0,0.304332,-0.056422,1.369000,0.7120,0,-0.089220,-0.079735,1.180000,0.7274,0,,,,0.2953,1,0.017109,0.083357,1.033000,0.6626,0,0.194377,0.150484,1.269000,0.9986,0,-0.005256,0.127111,1.087000,0.9990,0
800,26.685994,1,0.260850,-0.343621,1.320000,0.9995,0,-0.090177,-0.357392,1.276000,0.9994,0,0.304999,-0.056545,1.372000,0.7143,0,-0.087573,-0.078055,1.184000,0.7312,0,,,,0.2981,1,0.018845,0.083518,1.035000,0.6651,0,0.195909,0.151670,1.279000,0.9986,0,-0.005294,0.128046,1.095000,0.9990,0
801,26.719351,1,0.260850,-0.343621,1.320000,0.9995,0,-0.088077,-0.357392,1.276000,0.9994,0,0.304332,-0.054166,1.369000,0.7062,0,-0.087425,-0.079870,1.182000,0.7316,0,,,,0.2917,1,0.020509,0.083357,1.033000,0.6665,0,0.195450,0.151314,1.276000,0.9986,0,-0.005323,0.128748,1.101000,0.9990,0
802,26.752708,1,0.260257,-0.342840,1.317000,0.9996,0,-0.088077,-0.357392,1.276000,0.9994,0,0.303665,-0.054048,1.366000,0.7134,0,-0.085480,-0.079870,1.182000,0.7349,0,,,,0.3021,1,0.022188,0.084977,1.032000,0.6642,0,0.198014,0.151670,1.279000,0.9986,0,-0.005333,0.128982,1.103000,0.9990,0
803,26.786066,1,0.262425,-0.345009,1.317000,0.9996,0,-0.087732,-0.355991,1.271000,0.9994,0,0.302998,-0.056174,1.363000,0.7024,0,-0.085335,-0.081679,1.180000,0.7277,0,,,,0.2975,1,0.025610,0.085059,1.033000,0.6612,0,0.201371,0.152618,1.287000,0.9986,0,-0.003530,0.131273,1.107000,0.9990,0
804,26.819423,1,0.261827,-0.344224,1.314000,0.9996,0,-0.088077,-0.359494,1.276000,0.9994,0,0.307257,-0.056545,1.372000,0.7025,0,-0.085480,-0.081818,1.182000,0.7270,0,,,,0.2964,1,0.027310,0.088462,1.033000,0.6566,0,0.201434,0.151077,1.274000,0.9987,0,-0.003543,0.131747,1.111000,0.9990,0
805,26.852780,1,0.263023,-0.345795,1.320000,0.9995,0,-0.087732,-0.358085,1.271000,0.9994,0,0.307257,-0.058806,1.372000,0.7015,0,-0.083252,-0.081541,1.178000,0.7243,0,,,,0.2962,1,0.030473,0.087777,1.025000,0.6554,0,0.203964,0.152974,1.290000,0.9987,0,-0.003543,0.131747,1.111000,0.9990,0
806,26.886137,1,0.262425,-0.342840,1.317000,0.9996,0,-0.085168,-0.358195,1.264000,0.9994,0,0.306586,-0.056422,1.369000,0.7071,0,-0.083393,-0.083623,1.180000,0.7247,0,,,,0.2960,1,0.030532,0.089640,1.027000,0.6517,0,0.198788,0.158608,1.284000,0.9987,0,-0.007330,0.135982,1.131000,0.9991,0
807,26.919494,1,0.262985,-0.340757,1.309000,0.9995,0,-0.085168,-0.358195,1.264000,0.9994,0,0.305914,-0.056298,1.366000,0.7125,0,-0.083676,-0.085857,1.184000,0.7321,0,,,,0.2984,1,0.030621,0.088206,1.030000,0.6575,0,0.198788,0.158608,1.284000,0.9987,0,-0.007330,0.135982,1.131000,0.9991,0
808,26.952852,1,0.264593,-0.342840,1.317000,0.9995,0,-0.085303,-0.358762,1.266000,0.9994,0,0.305242,-0.056174,1.363000,0.7119,0,-0.083676,-0.087808,1.184000,0.7358,0,,,,0.2997,1,0.032411,0.088462,1.033000,0.6618,0,0.195909,0.157991,1.279000,0.9987,0,-0.007434,0.137906,1.147000,0.9991,0
809,26.986209,1,0.265195,-0.343621,1.320000,0.9996,0,-0.085640,-0.360179,1.271000,0.9994,0,0.305914,-0.056298,1.366000,0.7138,0,-0.082072,-0.088179,1.189000,0.7376,0,,,,0.2997,1,0.032630,0.087349,1.040000,0.6648,0,0.195143,0.157373,1.274000,0.9987,0,-0.007453,0.138267,1.150000,0.9991,0
810,27.019567,1,0.265195,-0.343621,1.320000,0.9995,0,-0.083220,-0.358762,1.266000,0.9994,0,0.305242,-0.056174,1.363000,0.7053,0,-0.081934,-0.089986,1.187000,0.7333,0,,,,0.2884,1,0.034177,0.088634,1.035000,0.6589,0,0.196369,0.156249,1.282000,0.9987,0,-0.007479,0.138748,1.154000,0.9991,0
811,27.052924,1,0.263387,-0.341278,1.311000,0.9995,0,-0.083088,-0.358195,1.264000,0.9994,0,0.305242,-0.056174,1.363000,0.7042,0,-0.081589,-0.089607,1.182000,0.7351,0,,,,0.2823,1,0.034309,0.088976,1.039000,0.6567,0,0.198360,0.155700,1.295000,0.9987,0,-0.005580,0.138748,1.154000,0.9991,0
812,27.086281,1,0.263387,-0.343438,1.311000,0.9995,0,-0.083220,-0.358762,1.266000,0.9994,0,0.305914,-0.058548,1.366000,0.7108,0,-0.079509,-0.089455,1.180000,0.7409,0,,,,0.2918,1,0.034177,0.086929,1.035000,0.6646,0,0.194377,0.152574,1.269000,0.9987,0,-0.005570,0.136609,1.152000,0.9991,0
813,27.119639,1,0.264593,-0.347179,1.317000,0.9996,0,-0.083417,-0.359612,1.269000,0.9994,0,0.304570,-0.060532,1.360000,0.7161,0,-0.079778,-0.089758,1.184000,0.7493,0,,,,0.2932,1,0.036123,0.087517,1.042000,0.6701,0,0.195909,0.153777,1.279000,0.9987,0,-0.005589,0.137084,1.156000,0.9990,0
814,27.152996,1,0.264593,-0.347179,1.317000,0.9996,0,-0.083088,-0.358195,1.264000,0.9994,0,0.304570,-0.062772,1.360000,0.7193,0,-0.080115,-0.090137,1.189000,0.7521,0,,,,0.3009,1,0.036123,0.087517,1.042000,0.6776,0,0.196369,0.152025,1.282000,0.9986,0,-0.005560,0.134478,1.150000,0.9990,0
815,27.186354,1,0.265545,-0.345597,1.311000,0.9996,0,-0.082694,-0.354423,1.258000,0.9994,0,0.304570,-0.060532,1.360000,0.7197,0,-0.075304,-0.083269,1.175000,0.7493,0,,,,0.2975,1,0.037584,0.088634,1.035000,0.6635,0,0.199253,0.152618,1.287000,0.9987,0,-0.005642,0.138388,1.167000,0.9990,0
816,27.219711,1,0.266760,-0.347179,1.317000,0.9996,0,-0.080815,-0.355268,1.261000,0.9994,0,0.308162,-0.063049,1.366000,0.7242,0,-0.075752,-0.087659,1.182000,0.7501,0,,,,0.3055,1,0.042488,0.088206,1.030000,0.6581,0,0.201841,0.152974,1.290000,0.9987,0,-0.003728,0.140551,1.169000,0.9991,0
817,27.253069,1,0.266153,-0.346388,1.314000,0.9996,0,-0.081008,-0.358195,1.264000,0.9994,0,0.308162,-0.065300,1.366000,0.7264,0,-0.075496,-0.089303,1.178000,0.7541,0,,,,0.3089,1,0.042571,0.088377,1.032000,0.6611,0,0.201841,0.152974,1.290000,0.9987,0,-0.003728,0.140551,1.169000,0.9991,0
818,27.286426,1,0.265545,-0.345597,1.311000,0.9996,0,-0.080815,-0.357345,1.261000,0.9994,0,0.307485,-0.065156,1.363000,0.7253,0,-0.075752,-0.091554,1.182000,0.7553,0,,,,0.3102,1,0.042777,0.085388,1.037000,0.6670,0,0.198555,0.148393,1.269000,0.9988,0,-0.003706,0.137795,1.162000,0.9991,0
819,27.319783,1,0.266153,-0.346388,1.314000,0.9996,0,-0.080623,-0.356495,1.258000,0.9994,0,0.306808,-0.062772,1.360000,0.7218,0,-0.075752,-0.089607,1.182000,0.7472,0,,,,0.2997,1,0.042777,0.085388,1.037000,0.6458,0,0.197773,0.147809,1.264000,0.9987,0,-0.003728,0.138625,1.169000,0.9991,0
820,27.353141,1,0.266760,-0.347179,1.317000,0.9996,0,-0.080815,-0.357345,1.261000,0.9994,0,0.305455,-0.062495,1.354000,0.7216,0,-0.074119,-0.089986,1.187000,0.7494,0,,,,0.2988,1,0.043148,0.087852,1.046000,0.6463,0,0.201841,0.150849,1.290000,0.9987,0,-0.003734,0.138862,1.171000,0.9990,0
821,27.386498,1,0.265545,-0.345597,1.311000,0.9996,0,-0.080815,-0.357345,1.261000,0.9994,0,0.311774,-0.065586,1.372000,0.7290,0,-0.074119,-0.091941,1.187000,0.7571,0,,,,0.3163,1,0.044698,0.087517,1.042000,0.6583,0,0.198114,0.146522,1.253000,0.9987,0,0.000120,0.140551,1.169000,0.9991,0
822,27.419856,1,0.265545,-0.345597,1.311000,0.9996,0,-0.078552,-0.356495,1.258000,0.9994,0,0.311092,-0.069954,1.369000,0.7257,0,-0.074369,-0.094213,1.191000,0.7604,0,,,,0.3175,1,0.048129,0.087517,1.042000,0.6673,0,0.203490,0.150498,1.287000,0.9988,0,0.000120,0.138151,1.165000,0.9991,0
823,27.453213,1,0.266153,-0.346388,1.314000,0.9996,0,-0.076360,-0.355928,1.256000,0.9994,0,0.305455,-0.066956,1.354000,0.7277,0,-0.072287,-0.094055,1.189000,0.7581,0,,,,0.3146,1,0.049748,0.087349,1.040000,0.6568,0,0.157953,0.115174,0.999000,0.9988,0,0.000120,0.134543,1.167000,0.9991,0
824,27.486571,1,0.268928,-0.347179,1.317000,0.9996,0,-0.076482,-0.356495,1.258000,0.9994,0,0.305455,-0.064726,1.354000,0.7295,0,-0.069798,-0.091399,1.180000,0.7507,0,,,,0.3156,1,0.049748,0.087349,1.040000,0.6423,0,0.158799,0.112960,0.994000,0.9988,0,0.002011,0.130689,1.150000,0.9991,0
825,27.519928,1,0.267294,-0.345070,1.309000,0.9996,0,-0.076482,-0.356495,1.258000,0.9994,0,0.304101,-0.064439,1.348000,0.7279,0,-0.067855,-0.089455,1.180000,0.7471,0,,,,0.3067,1,0.053171,0.087349,1.040000,0.6340,0,0.158428,0.113870,1.002000,0.9988,0,0.002014,0.130916,1.152000,0.9991,0
826,27.553286,1,0.269861,-0.345597,1.311000,0.9996,0,-0.076360,-0.355928,1.256000,0.9994,0,0.305455,-0.064726,1.354000,0.7269,0,-0.067970,-0.089607,1.182000,0.7449,0,,,,0.3046,1,0.054989,0.087517,1.042000,0.6301,0,0.159598,0.113529,0.999000,0.9988,0,0.002032,0.133967,1.162000,0.9991,0
827,27.586643,1,0.269861,-0.345597,1.311000,0.9996,0,-0.074116,-0.355078,1.253000,0.9994,0,0.305455,-0.066956,1.354000,0.7246,0,-0.067568,-0.091012,1.175000,0.7442,0,,,,0.3018,1,0.056813,0.087685,1.044000,0.6276,0,0.160919,0.113301,0.997000,0.9988,0,0.005837,0.133505,1.158000,0.9991,0
828,27.620000,1,0.270478,-0.348553,1.314000,0.9996,0,-0.074116,-0.355078,1.253000,0.9994,0,0.305455,-0.075879,1.354000,0.7254,0,-0.066025,-0.093501,1.182000,0.7510,0,,,,0.3082,1,0.058531,0.087685,1.044000,0.6404,0,0.160112,0.112733,0.992000,0.9988,0,0.005968,0.136503,1.184000,0.9991,0
829,27.653358,1,0.270478,-0.344224,1.314000,0.9996,0,-0.072053,-0.355078,1.253000,0.9994,0,0.304101,-0.068880,1.348000,0.7181,0,-0.066137,-0.093659,1.184000,0.7510,0,,,,0.2968,1,0.058699,0.086212,1.047000,0.6425,0,0.160919,0.111659,0.997000,0.9988,0,0.005968,0.134552,1.184000,0.9991,0
830,27.686715,1,0.273886,-0.345795,1.320000,0.9996,0,-0.072341,-0.358568,1.258000,0.9994,0,0.304101,-0.068880,1.348000,0.7177,0,-0.066807,-0.098549,1.196000,0.7570,0,,,,0.2997,1,0.059036,0.081502,1.053000,0.6558,0,0.161242,0.110237,0.999000,0.9988,0,0.005958,0.130431,1.182000,0.9991,0
831,27.720073,1,0.272641,-0.344224,1.314000,0.9996,0,-0.070158,-0.357997,1.256000,0.9994,0,0.304101,-0.068880,1.348000,0.7221,0,-0.066528,-0.098137,1.191000,0.7675,0,,,,0.3045,1,0.059092,0.078106,1.054000,0.6738,0,0.162381,0.111635,1.027000,0.9988,0,0.004036,0.127286,1.189000,0.9991,0
832,27.753430,1,0.272641,-0.344224,1.314000,0.9996,0,-0.067820,-0.354511,1.251000,0.9994,0,0.304778,-0.066808,1.351000,0.7230,0,-0.060443,-0.095852,1.187000,0.7628,0,,,,0.3080,1,0.065404,0.084245,1.044000,0.6614,0,0.172183,0.116580,1.089000,0.9988,0,0.004050,0.127714,1.193000,0.9990,0
833,27.786788,1,0.272641,-0.344224,1.314000,0.9996,0,-0.066129,-0.356495,1.258000,0.9994,0,0.303425,-0.064296,1.345000,0.7274,0,-0.058342,-0.095610,1.184000,0.7650,0,,,,0.3134,1,0.066801,0.083841,1.039000,0.6641,0,0.168044,0.114975,1.074000,0.9987,0,0.004036,0.125327,1.189000,0.9990,0
834,27.820145,1,0.272641,-0.344224,1.314000,0.9996,0,-0.066024,-0.355928,1.256000,0.9994,0,0.307683,-0.062495,1.354000,0.7331,0,-0.058588,-0.096014,1.189000,0.7702,0,,,,0.3215,1,0.067251,0.084406,1.046000,0.6728,0,0.165854,0.113476,1.060000,0.9987,0,0.004043,0.125538,1.191000,0.9990,0
835,27.853503,1,0.273886,-0.345795,1.320000,0.9996,0,-0.065866,-0.353014,1.253000,0.9994,0,0.307683,-0.062495,1.354000,0.7317,0,-0.054260,-0.093343,1.180000,0.7721,0,,,,0.3185,1,0.068841,0.085965,1.044000,0.6745,0,0.162406,0.114026,1.049000,0.9987,0,0.002095,0.126276,1.198000,0.9990,0
836,27.886860,1,0.273263,-0.345009,1.317000,0.9996,0,-0.065866,-0.353014,1.253000,0.9994,0,0.307002,-0.062357,1.351000,0.7340,0,-0.051919,-0.090702,1.171000,0.7749,0,,,,0.3334,1,0.073854,0.085800,1.042000,0.6831,0,0.162855,0.113658,1.030000,0.9987,0,0.006028,0.135916,1.196000,0.9989,0
837,27.920218,1,0.273886,-0.345795,1.320000,0.9996,0,-0.063702,-0.352451,1.251000,0.9994,0,0.306320,-0.066660,1.348000,0.7304,0,-0.052495,-0.093659,1.184000,0.7759,0,,,,0.3334,1,0.073996,0.084245,1.044000,0.6877,0,0.160958,0.112334,1.018000,0.9987,0,0.006028,0.135916,1.196000,0.9989,0
838,27.953575,1,0.276058,-0.345795,1.320000,0.9996,0,-0.063957,-0.353859,1.256000,0.9994,0,0.308539,-0.064439,1.348000,0.7302,0,-0.052628,-0.091941,1.187000,0.7789,0,,,,0.3400,1,0.073996,0.085965,1.044000,0.7003,0,0.161675,0.113339,1.012000,0.9987,0,0.008010,0.138117,1.198000,0.9989,0
839,27.986932,1,0.275431,-0.345009,1.317000,0.9996,0,-0.063702,-0.352451,1.251000,0.9994,0,0.309225,-0.064582,1.351000,0.7301,0,-0.052407,-0.091554,1.182000,0.7875,0,,,,0.3520,1,0.074138,0.084406,1.046000,0.7213,0,0.160009,0.115006,1.012000,0.9986,0,0.007964,0.139272,1.191000,0.9989,0
840,28.020290,1,0.276058,-0.345795,1.320000,0.9996,0,-0.063957,-0.353859,1.256000,0.9994,0,0.307852,-0.066511,1.345000,0.7214,0,-0.052495,-0.091709,1.184000,0.7892,0,,,,0.3513,1,0.074492,0.084810,1.051000,0.7320,0,0.161675,0.115006,1.012000,0.9986,0,0.009999,0.140325,1.200000,0.9989,0
841,28.053647,1,0.277104,-0.347105,1.325000,0.9996,0,-0.061643,-0.352451,1.251000,0.9994,0,0.312141,-0.066956,1.354000,0.7278,0,-0.052407,-0.091554,1.182000,0.7872,0,,,,0.3546,1,0.074351,0.084648,1.049000,0.7238,0,0.163017,0.114779,1.010000,0.9986,0,0.009982,0.140091,1.198000,0.9988,0
842,28.087004,1,0.276058,-0.345795,1.320000,0.9996,0,-0.061495,-0.351605,1.248000,0.9993,0,0.312832,-0.067105,1.357000,0.7259,0,-0.048351,-0.089303,1.178000,0.7787,0,,,,0.3487,1,0.077804,0.084648,1.049000,0.7064,0,0.163340,0.115006,1.012000,0.9986,0,0.009999,0.140325,1.200000,0.9988,0
843,28.120362,1,0.276477,-0.346319,1.322000,0.9996,0,-0.061495,-0.351605,1.248000,0.9994,0,0.314215,-0.069647,1.363000,0.7273,0,-0.048721,-0.089986,1.187000,0.7868,0,,,,0.3539,1,0.082192,0.085553,1.039000,0.7206,0,0.166672,0.115006,1.012000,0.9985,0,0.013926,0.142064,1.198000,0.9988,0
844,28.153719,1,0.276058,-0.345795,1.320000,0.9996,0,-0.061643,-0.352451,1.251000,0.9994,0,0.315762,-0.069494,1.360000,0.7248,0,-0.048803,-0.090137,1.189000,0.7872,0,,,,0.3554,1,0.082430,0.084083,1.042000,0.7220,0,0.165519,0.114211,1.005000,0.9985,0,0.013949,0.144278,1.200000,0.9988,0
845,28.187076,1,0.276058,-0.347970,1.320000,0.9996,0,-0.061742,-0.353014,1.253000,0.9994,0,0.317852,-0.074464,1.369000,0.7231,0,-0.042354,-0.086992,1.173000,0.7912,0,,,,0.3615,1,0.083983,0.085635,1.040000,0.7335,0,0.165519,0.114211,1.005000,0.9986,0,0.013903,0.143797,1.196000,0.9988,0
846,28.220434,1,0.276058,-0.347970,1.320000,0.9996,0,-0.061643,-0.352451,1.251000,0.9993,0,0.315066,-0.071576,1.357000,0.7265,0,-0.040217,-0.078857,1.167000,0.7873,0,,,,0.3681,1,0.090219,0.088462,1.033000,0.7220,0,0.164695,0.113642,1.000000,0.9986,0,0.013926,0.144038,1.198000,0.9988,0
847,28.253791,1,0.277104,-0.349288,1.325000,0.9996,0,-0.061643,-0.352451,1.251000,0.9993,0,0.315066,-0.069340,1.357000,0.7290,0,-0.038362,-0.078992,1.169000,0.7882,0,,,,0.3729,1,0.090132,0.088377,1.032000,0.7253,0,0.165354,0.115751,1.004000,0.9986,0,0.014030,0.147108,1.207000,0.9988,0
848,28.287149,1,0.278653,-0.348497,1.322000,0.9996,0,-0.061495,-0.349549,1.248000,0.9993,0,0.314369,-0.064726,1.354000,0.7266,0,-0.036032,-0.078114,1.156000,0.7844,0,,,,0.3808,1,0.090568,0.088805,1.037000,0.7297,0,0.164201,0.114944,0.997000,0.9986,0,0.013984,0.146621,1.203000,0.9988,0
849,28.320506,1,0.280404,-0.347970,1.320000,0.9996,0,-0.061643,-0.350390,1.251000,0.9993,0,0.313673,-0.064582,1.351000,0.7320,0,-0.036562,-0.079262,1.173000,0.7804,0,,,,0.3926,1,0.092453,0.088976,1.039000,0.7229,0,0.163865,0.115866,1.005000,0.9986,0,0.013984,0.144639,1.203000,0.9988,0
850,28.353863,1,0.280404,-0.347970,1.320000,0.9996,0,-0.059679,-0.350950,1.253000,0.9993,0,0.312976,-0.066660,1.348000,0.7213,0,-0.036500,-0.079127,1.171000,0.7871,0,,,,0.3788,1,0.092898,0.082525,1.044000,0.7372,0,0.163702,0.115751,1.004000,0.9986,0,0.014007,0.144879,1.205000,0.9988,0
851,28.387221,1,0.281466,-0.349288,1.325000,0.9996,0,-0.059679,-0.353014,1.253000,0.9994,0,0.312976,-0.066660,1.348000,0.7145,0,-0.036375,-0.080779,1.167000,0.7917,0,,,,0.3778,1,0.092720,0.080650,1.042000,0.7520,0,0.165519,0.114211,1.005000,0.9986,0,0.013984,0.140675,1.203000,0.9988,0
852,28.420578,1,0.279766,-0.347179,1.317000,0.9996,0,-0.057295,-0.353095,1.246000,0.9994,0,0.312141,-0.066956,1.354000,0.6951,0,-0.036437,-0.086695,1.169000,0.7964,0,,,,0.3612,1,0.093165,0.075863,1.047000,0.7612,0,0.161036,0.109570,1.008000,0.9986,0,0.011954,0.130223,1.198000,0.9988,0
853,28.453935,1,0.280829,-0.346319,1.322000,0.9996,0,-0.057525,-0.352451,1.251000,0.9994,0,0.305334,-0.065967,1.334000,0.6978,0,-0.034572,-0.086844,1.171000,0.7999,0,,,,0.3589,1,0.091791,0.074421,1.051000,0.7664,0,0.160396,0.110789,1.004000,0.9985,0,0.011954,0.132196,1.198000,0.9988,0
854,28.487293,1,0.280404,-0.345795,1.320000,0.9996,0,-0.057525,-0.350390,1.251000,0.9994,0,0.306479,-0.066215,1.339000,0.6899,0,-0.034395,-0.080641,1.165000,0.7881,0,,,,0.3512,1,0.095069,0.074279,1.049000,0.7590,0,0.160556,0.110899,1.005000,0.9985,0,0.011974,0.132417,1.200000,0.9987,0
855,28.520650,1,0.279766,-0.345009,1.317000,0.9996,0,-0.055244,-0.348989,1.246000,0.9994,0,0.306479,-0.066215,1.339000,0.6809,0,-0.032338,-0.080295,1.160000,0.7865,0,,,,0.3493,1,0.096611,0.074138,1.047000,0.7631,0,0.161036,0.109570,1.008000,0.9985,0,0.012044,0.133189,1.207000,0.9988,0
856,28.554008,1,0.278653,-0.346319,1.322000,0.9996,0,-0.055244,-0.348989,1.246000,0.9994,0,0.302457,-0.070204,1.331000,0.6854,0,-0.032394,-0.082348,1.162000,0.7906,0,,,,0.3587,1,0.096611,0.072413,1.047000,0.7707,0,0.158744,0.107481,1.004000,0.9985,0,0.011974,0.128463,1.200000,0.9987,0
857,28.587365,1,0.278231,-0.345795,1.320000,0.9996,0,-0.055466,-0.350390,1.251000,0.9994,0,0.302457,-0.072397,1.331000,0.6819,0,-0.030718,-0.082985,1.171000,0.7923,0,,,,0.3543,1,0.095432,0.071093,1.053000,0.7775,0,0.159218,0.104484,1.007000,0.9985,0,0.012044,0.123247,1.207000,0.9988,0
858,28.620722,1,0.278653,-0.346319,1.322000,0.9996,0,-0.055333,-0.349549,1.248000,0.9995,0,0.299589,-0.072234,1.328000,0.6782,0,-0.030613,-0.084624,1.167000,0.8016,0,,,,0.3500,1,0.095885,0.067945,1.058000,0.7921,0,0.159693,0.104795,1.010000,0.9985,0,0.012004,0.122839,1.203000,0.9988,0
859,28.654080,1,0.278653,-0.346319,1.322000,0.9996,0,-0.055466,-0.350390,1.251000,0.9995,0,0.300266,-0.072397,1.331000,0.6815,0,-0.030560,-0.084479,1.165000,0.8076,0,,,,0.3566,1,0.095523,0.067688,1.054000,0.8024,0,0.158744,0.104173,1.004000,0.9984,0,0.012074,0.123554,1.210000,0.9987,0
860,28.687437,1,0.279285,-0.347105,1.325000,0.9996,0,-0.053193,-0.348989,1.246000,0.9995,0,0.300943,-0.072560,1.334000,0.6695,0,-0.028741,-0.084769,1.169000,0.8165,0,,,,0.3482,1,0.095704,0.066077,1.056000,0.8156,0,0.160167,0.103438,1.013000,0.9984,0,0.012024,0.121058,1.205000,0.9987,0
861,28.720794,1,0.278231,-0.345795,1.320000,0.9996,0,-0.053407,-0.350390,1.251000,0.9995,0,0.300266,-0.074590,1.331000,0.6754,0,-0.028471,-0.083972,1.158000,0.8216,0,,,,0.3507,1,0.095704,0.066077,1.056000,0.8243,0,0.160876,0.102825,1.007000,0.9984,0,0.012044,0.121259,1.207000,0.9987,0
862,28.754152,1,0.278653,-0.346319,1.322000,0.9996,0,-0.053279,-0.349549,1.248000,0.9995,0,0.299589,-0.074422,1.328000,0.6636,0,-0.028790,-0.084915,1.171000,0.8280,0,,,,0.3425,1,0.096248,0.066452,1.062000,0.8338,0,0.159376,0.102927,1.008000,0.9984,0,0.012024,0.123043,1.205000,0.9987,0
863,28.787509,1,0.278653,-0.346319,1.322000,0.9996,0,-0.053407,-0.350390,1.251000,0.9996,0,0.300266,-0.072397,1.331000,0.6705,0,-0.026519,-0.083827,1.156000,0.8342,0,,,,0.3531,1,0.097996,0.066452,1.062000,0.8410,0,0.160799,0.103846,1.017000,0.9984,0,0.012094,0.123758,1.212000,0.9987,0
864,28.820866,1,0.278231,-0.345795,1.320000,0.9996,0,-0.053193,-0.348989,1.246000,0.9996,0,0.299589,-0.076609,1.328000,0.6652,0,-0.026312,-0.083174,1.147000,0.8366,0,,,,0.3443,1,0.097811,0.066327,1.060000,0.8471,0,0.160009,0.103336,1.012000,0.9983,0,0.012044,0.123247,1.207000,0.9987,0
865,28.854224,1,0.278653,-0.346319,1.322000,0.9996,0,-0.051225,-0.349549,1.248000,0.9996,0,0.302457,-0.070204,1.331000,0.6672,0,-0.026656,-0.084262,1.162000,0.8386,0,,,,0.3438,1,0.097811,0.066327,1.060000,0.8514,0,0.162633,0.103948,1.018000,0.9982,0,0.012094,0.123758,1.212000,0.9986,0
866,28.887581,1,0.280404,-0.345795,1.320000,0.9996,0,-0.051019,-0.348149,1.243000,0.9996,0,0.301775,-0.067858,1.328000,0.6764,0,-0.026656,-0.084262,1.162000,0.8458,0,,,,0.3575,1,0.097811,0.066327,1.060000,0.8599,0,0.162154,0.103642,1.015000,0.9982,0,0.012074,0.123554,1.210000,0.9986,0
867,28.920938,1,0.275431,-0.349349,1.317000,0.9997,0,-0.051019,-0.348149,1.243000,0.9996,0,0.300266,-0.078975,1.331000,0.6654,0,-0.026725,-0.086399,1.165000,0.8509,0,,,,0.3490,1,0.097996,0.064703,1.062000,0.8682,0,0.163432,0.102774,1.023000,0.9982,0,0.012044,0.123247,1.207000,0.9986,0
868,28.954296,1,0.276058,-0.350144,1.320000,0.9997,0,-0.050937,-0.347589,1.241000,0.9996,0,0.298913,-0.078619,1.325000,0.6641,0,-0.026817,-0.088621,1.169000,0.8516,0,,,,0.3488,1,0.095885,0.064459,1.058000,0.8718,0,0.162064,0.104663,1.025000,0.9982,0,0.012044,0.123247,1.207000,0.9986,0
869,28.987653,1,0.276477,-0.350675,1.322000,0.9997,0,-0.050937,-0.347589,1.241000,0.9996,0,0.299589,-0.083173,1.328000,0.6614,0,-0.026817,-0.088621,1.169000,0.8514,0,,,,0.3436,1,0.096701,0.063250,1.067000,0.8701,0,0.163751,0.104663,1.025000,0.9982,0,0.012024,0.121058,1.205000,0.9986,0
870,29.021010,1,0.276058,-0.350144,1.320000,0.9997,0,-0.051019,-0.348149,1.243000,0.9996,0,0.300266,-0.083361,1.331000,0.6539,0,-0.026473,-0.087484,1.154000,0.8519,0,,,,0.3360,1,0.094589,0.063012,1.063000,0.8722,0,0.161590,0.104357,1.022000,0.9981,0,0.012094,0.121761,1.212000,0.9986,0
871,29.054368,1,0.276058,-0.350144,1.320000,0.9997,0,-0.050814,-0.346748,1.238000,0.9996,0,0.300266,-0.085553,1.331000,0.6529,0,-0.026725,-0.088318,1.165000,0.8565,0,,,,0.3359,1,0.094500,0.062953,1.062000,0.8773,0,0.161590,0.104357,1.022000,0.9982,0,0.012024,0.121058,1.205000,0.9986,0
872,29.087726,1,0.275431,-0.349349,1.317000,0.9997,0,-0.051142,-0.348989,1.246000,0.9996,0,0.295612,-0.082672,1.320000,0.6578,0,-0.026817,-0.088621,1.169000,0.8597,0,,,,0.3388,1,0.094500,0.062953,1.062000,0.8803,0,0.161748,0.104459,1.023000,0.9982,0,0.012024,0.121058,1.205000,0.9986,0
873,29.121083,1,0.275431,-0.349349,1.317000,0.9996,0,-0.051142,-0.351042,1.246000,0.9996,0,0.295612,-0.082672,1.320000,0.6546,0,-0.026725,-0.088318,1.165000,0.8628,0,,,,0.3363,1,0.094945,0.063250,1.067000,0.8834,0,0.162381,0.103176,1.027000,0.9982,0,0.012024,0.121058,1.205000,0.9986,0
874,29.154441,1,0.276058,-0.350144,1.320000,0.9996,0,-0.050937,-0.347589,1.241000,0.9997,0,0.298913,-0.082985,1.325000,0.6505,0,-0.026656,-0.090005,1.162000,0.8662,0,,,,0.3312,1,0.094589,0.063012,1.063000,0.8898,0,0.161590,0.104357,1.022000,0.9981,0,0.012024,0.121058,1.205000,0.9986,0
875,29.187798,1,0.275431,-0.349349,1.317000,0.9996,0,-0.051019,-0.350197,1.243000,0.9997,0,0.300943,-0.079153,1.334000,0.6491,0,-0.026656,-0.090005,1.162000,0.8680,0,,,,0.3271,1,0.094767,0.063131,1.065000,0.8922,0,0.161748,0.104459,1.023000,0.9981,0,0.012024,0.121058,1.205000,0.9986,0
876,29.221156,1,0.276058,-0.350144,1.320000,0.9996,0,-0.051019,-0.350197,1.243000,0.9997,0,0.295612,-0.082672,1.320000,0.6519,0,-0.026656,-0.088090,1.162000,0.8683,0,,,,0.3341,1,0.096338,0.064764,1.063000,0.8943,0,0.162381,0.103176,1.027000,0.9981,0,0.012024,0.121058,1.205000,0.9986,0
877,29.254513,1,0.274804,-0.348553,1.314000,0.9996,0,-0.051019,-0.350197,1.243000,0.9997,0,0.294268,-0.082296,1.314000,0.6520,0,-0.026381,-0.087181,1.150000,0.8668,0,,,,0.3321,1,0.094589,0.064764,1.063000,0.8949,0,0.161590,0.104357,1.022000,0.9980,0,0.012024,0.123043,1.205000,0.9985,0
878,29.287871,1,0.276058,-0.352319,1.320000,0.9996,0,-0.050937,-0.353722,1.241000,0.9997,0,0.297404,-0.083173,1.328000,0.6457,0,-0.026565,-0.089695,1.158000,0.8709,0,,,,0.3348,1,0.096248,0.064703,1.062000,0.8997,0,0.161748,0.104459,1.023000,0.9981,0,0.012074,0.123554,1.210000,0.9986,0
879,29.321229,1,0.274804,-0.350718,1.314000,0.9996,0,-0.050814,-0.352867,1.238000,0.9997,0,0.300943,-0.083549,1.334000,0.6444,0,-0.026771,-0.090392,1.167000,0.8738,0,,,,0.3360,1,0.094589,0.064764,1.063000,0.9025,0,0.162064,0.104663,1.025000,0.9981,0,0.012024,0.123043,1.205000,0.9985,0
880,29.354586,1,0.275431,-0.349349,1.317000,0.9996,0,-0.050937,-0.353722,1.241000,0.9997,0,0.300266,-0.083361,1.331000,0.6479,0,-0.026771,-0.090392,1.167000,0.8760,0,,,,0.3436,1,0.096066,0.064581,1.060000,0.9043,0,0.161748,0.104459,1.023000,0.9981,0,0.012044,0.121259,1.207000,0.9986,0
881,29.387944,1,0.274176,-0.347757,1.311000,0.9997,0,-0.050814,-0.352867,1.238000,0.9997,0,0.300943,-0.083549,1.334000,0.6570,0,-0.026565,-0.089695,1.158000,0.8779,0,,,,0.3507,1,0.094767,0.064885,1.065000,0.9063,0,0.161590,0.104357,1.022000,0.9981,0,0.011974,0.120556,1.200000,0.9985,0
882,29.421301,1,0.275431,-0.349349,1.317000,0.9996,0,-0.050732,-0.350261,1.236000,0.9997,0,0.300266,-0.081168,1.331000,0.6659,0,-0.026427,-0.089230,1.152000,0.8786,0,,,,0.3538,1,0.094322,0.064581,1.060000,0.9060,0,0.162064,0.104663,1.025000,0.9980,0,0.011934,0.122124,1.196000,0.9985,0
883,29.454659,1,0.274804,-0.348553,1.314000,0.9996,0,-0.050814,-0.350827,1.238000,0.9997,0,0.300943,-0.081351,1.334000,0.6663,0,-0.026565,-0.089695,1.158000,0.8787,0,,,,0.3564,1,0.094589,0.066515,1.063000,0.9052,0,0.161274,0.104153,1.020000,0.9980,0,0.011974,0.124509,1.200000,0.9985,0
884,29.488016,1,0.274176,-0.347757,1.311000,0.9996,0,-0.050814,-0.350827,1.238000,0.9996,0,0.299589,-0.080985,1.328000,0.6615,0,-0.026656,-0.088090,1.162000,0.8760,0,,,,0.3510,1,0.095123,0.066890,1.069000,0.9016,0,0.161274,0.104153,1.020000,0.9980,0,0.011954,0.124302,1.198000,0.9985,0
885,29.521374,1,0.274804,-0.348553,1.314000,0.9996,0,-0.050732,-0.352297,1.236000,0.9997,0,0.300943,-0.081351,1.334000,0.6571,0,-0.026863,-0.090702,1.171000,0.8801,0,,,,0.3467,1,0.092752,0.066452,1.062000,0.9067,0,0.162539,0.104970,1.028000,0.9979,0,0.011954,0.124302,1.198000,0.9984,0
886,29.554731,1,0.273758,-0.347227,1.309000,0.9996,0,-0.050732,-0.350261,1.236000,0.9996,0,0.298913,-0.080802,1.325000,0.6470,0,-0.026656,-0.088090,1.162000,0.8735,0,,,,0.3330,1,0.092839,0.068266,1.063000,0.8988,0,0.164071,0.104867,1.027000,0.9979,0,0.011974,0.124509,1.200000,0.9985,0
887,29.588089,1,0.277599,-0.349349,1.317000,0.9996,0,-0.050732,-0.350261,1.236000,0.9996,0,0.299589,-0.078797,1.328000,0.6419,0,-0.030482,-0.088090,1.162000,0.8684,0,,,,0.3274,1,0.091089,0.068266,1.063000,0.8971,0,0.164071,0.104867,1.027000,0.9979,0,0.009941,0.121818,1.193000,0.9985,0
888,29.621447,1,0.278231,-0.350144,1.320000,0.9996,0,-0.050814,-0.350827,1.238000,0.9996,0,0.297785,-0.082672,1.320000,0.6511,0,-0.032227,-0.087636,1.156000,0.8685,0,,,,0.3430,1,0.088751,0.067816,1.056000,0.8985,0,0.160876,0.101166,1.007000,0.9979,0,0.011884,0.121614,1.191000,0.9985,0
889,29.654804,1,0.276334,-0.347757,1.311000,0.9996,0,-0.050814,-0.352867,1.238000,0.9997,0,0.299589,-0.083173,1.328000,0.6505,0,-0.038132,-0.091919,1.162000,0.8619,0,,,,0.3430,1,0.084012,0.066452,1.062000,0.8980,0,0.160483,0.101970,1.015000,0.9980,0,0.009982,0.122328,1.198000,0.9985,0
890,29.688162,1,0.278231,-0.350144,1.320000,0.9996,0,-0.052852,-0.352867,1.238000,0.9997,0,0.300943,-0.083549,1.334000,0.6554,0,-0.040148,-0.092156,1.165000,0.8651,0,,,,0.3516,1,0.080592,0.066515,1.063000,0.9027,0,0.171260,0.107696,1.072000,0.9980,0,0.009941,0.121818,1.193000,0.9985,0
891,29.721519,1,0.276966,-0.348553,1.314000,0.9996,0,-0.053193,-0.355147,1.246000,0.9996,0,0.301775,-0.072234,1.328000,0.6632,0,-0.041813,-0.091603,1.158000,0.8624,0,,,,0.3572,1,0.071641,0.066327,1.060000,0.9015,0,0.159693,0.106459,1.010000,0.9979,0,0.008024,0.126486,1.200000,0.9984,0
892,29.754877,1,0.278492,-0.345597,1.311000,0.9996,0,-0.052980,-0.351678,1.241000,0.9996,0,0.306021,-0.068318,1.337000,0.6475,0,-0.041813,-0.089695,1.158000,0.8590,0,,,,0.3434,1,0.071776,0.066452,1.062000,0.9019,0,0.157479,0.113188,0.996000,0.9977,0,0.008010,0.140091,1.198000,0.9983,0
893,29.788234,1,0.280404,-0.345795,1.320000,0.9996,0,-0.052980,-0.351678,1.241000,0.9996,0,0.311449,-0.064582,1.351000,0.6619,0,-0.050077,-0.092789,1.173000,0.8609,0,,,,0.3669,1,0.064784,0.066452,1.062000,0.9034,0,0.158799,0.116235,0.994000,0.9977,0,0.005993,0.140997,1.189000,0.9983,0
894,29.821592,1,0.281934,-0.345009,1.317000,0.9996,0,-0.053193,-0.355147,1.246000,0.9996,0,0.313673,-0.060131,1.351000,0.6767,0,-0.060087,-0.099175,1.180000,0.8648,0,,,,0.3838,1,0.054347,0.063012,1.063000,0.9029,0,0.158479,0.116002,0.992000,0.9977,0,0.006013,0.139506,1.193000,0.9983,0
895,29.854950,1,0.282576,-0.345795,1.320000,0.9996,0,-0.053279,-0.355717,1.248000,0.9996,0,0.313673,-0.060131,1.351000,0.6860,0,-0.064079,-0.101290,1.182000,0.8691,0,,,,0.3928,1,0.047705,0.063487,1.071000,0.9030,0,0.160758,0.116469,0.996000,0.9977,0,0.007857,0.137401,1.175000,0.9983,0
896,29.888307,1,0.283004,-0.346319,1.322000,0.9996,0,-0.055466,-0.354511,1.251000,0.9996,0,0.313673,-0.060131,1.351000,0.6938,0,-0.067568,-0.096819,1.175000,0.8674,0,,,,0.3976,1,0.044015,0.066765,1.067000,0.8935,0,0.165676,0.118110,0.996000,0.9977,0,0.011685,0.140792,1.171000,0.9983,0
897,29.921665,1,0.282576,-0.345795,1.320000,0.9996,0,-0.057755,-0.355928,1.256000,0.9996,0,0.318001,-0.062772,1.360000,0.7004,0,-0.071740,-0.095287,1.180000,0.8590,0,,,,0.4029,1,0.043643,0.080146,1.058000,0.8682,0,0.165010,0.117636,0.992000,0.9978,0,0.011365,0.138821,1.139000,0.9984,0
898,29.955022,1,0.282576,-0.345795,1.320000,0.9996,0,-0.057985,-0.357345,1.261000,0.9996,0,0.318702,-0.062911,1.363000,0.7011,0,-0.081451,-0.095287,1.180000,0.8531,0,,,,0.3924,1,0.031573,0.082198,1.062000,0.8501,0,0.165842,0.118229,0.997000,0.9978,0,0.012798,0.134189,1.101000,0.9984,0
899,29.988380,1,0.282576,-0.343621,1.320000,0.9996,0,-0.060203,-0.358195,1.264000,0.9996,0,0.318001,-0.062772,1.360000,0.7027,0,-0.089900,-0.094055,1.189000,0.8532,0,,,,0.3870,1,0.010627,0.082430,1.065000,0.8493,0,0.166643,0.119270,0.992000,0.9978,0,0.012554,0.133409,1.080000,0.9984,0
