recording,side,joint,frame,time_s,root_tag,error_cm,measured_x,measured_y,measured_z,rig_x,rig_y,rig_z
r6b,right,elbow,500,16.67834,2,5.5370398083412535,-0.21877488215995394,0.9863903349104345,0.6193566895989285,-0.231434,0.981519,0.67304
r6b,right,elbow,508,16.94532,2,5.711048791732242,-0.2211756289787304,0.9847056896731792,0.6214151601808723,-0.234391,0.976974,0.676435
r6b,right,elbow,509,16.97869,2,5.957421652820639,-0.22081484241285643,0.9845202709000503,0.6194276527136016,-0.234701,0.977025,0.676874
r6b,right,elbow,510,17.01207,2,5.288886158151556,-0.2220750111859952,0.985171125475607,0.6263838652595697,-0.234836,0.97709,0.67707
r6b,right,elbow,511,17.04544,2,6.128893376136842,-0.2205400076148835,0.9823835958207374,0.6175457299098539,-0.234771,0.977134,0.676928
r6b,right,elbow,512,17.07881,2,6.109080289058771,-0.22045509821633402,0.9843338970597708,0.6174401814799161,-0.23449,0.977033,0.676447
r6b,right,elbow,513,17.11219,2,5.597908982776377,-0.2212608424007018,0.9827484052583537,0.6215210865335771,-0.234031,0.976859,0.675705
r6b,right,elbow,514,17.14556,2,6.2030087660505595,-0.22000019587647146,0.9821085242447558,0.6145642801089751,-0.233469,0.97652,0.674856
r6b,right,elbow,515,17.17893,2,6.28998111811061,-0.21972384095805533,0.9799837777945523,0.6126817271930084,-0.232874,0.97604,0.674065
r6b,right,elbow,516,17.21231,2,6.422254222637969,-0.21936379273811102,0.9798043871300646,0.6106938780365557,-0.232286,0.975507,0.673456
r6b,right,elbow,517,17.24568,2,5.529795686169412,-0.2227697629714573,0.9846035009183249,0.6193929054314369,-0.231766,0.974909,0.673086
r6b,right,elbow,518,17.27906,2,5.323415924879011,-0.22313354634963364,0.9847890472796268,0.621380359632562,-0.231315,0.974341,0.672934
r6b,right,elbow,519,17.31243,2,6.2037820891004,-0.2214986493184605,0.983951180922925,0.6124369421836352,-0.230863,0.973854,0.672927
r6b,right,elbow,520,17.34581,2,6.06320580371005,-0.22177665465640556,0.9860839932042442,0.6143190276771044,-0.230472,0.973435,0.672976
r6b,right,elbow,521,17.37918,2,6.065919940306667,-0.22177665465640556,0.9860839932042442,0.6143190276771044,-0.230119,0.973181,0.673
r6b,right,elbow,522,17.41256,2,5.57983452279417,-0.22268472327715563,0.9865567949469835,0.6192871950345988,-0.2298,0.973048,0.672956
r6b,right,elbow,523,17.44594,2,5.817186234783384,-0.22223715973361619,0.988318599564481,0.6171943366150542,-0.229559,0.973017,0.672838
r6b,right,elbow,524,17.47931,2,6.275308304430592,-0.2213294820001229,0.9878368194528664,0.6122266551582601,-0.229459,0.973085,0.672677
r6b,right,elbow,525,17.51269,2,5.783688967897792,-0.22223715973361619,0.988318599564481,0.6171943366150542,-0.229522,0.973193,0.672541
r6b,right,elbow,526,17.54607,2,5.782233058121886,-0.22223715973361619,0.988318599564481,0.6171943366150542,-0.229716,0.973252,0.672516
r6b,right,elbow,527,17.57944,2,5.783720869752917,-0.2241880845424805,0.9884016594651913,0.6171596603544165,-0.230045,0.973258,0.672671
r6b,right,elbow,528,17.6128,2,5.848768246341992,-0.22223715973361619,0.988318599564481,0.6171943366150542,-0.230558,0.9731,0.673051
r6b,right,elbow,529,17.64616,2,6.269470510831619,-0.2216072267465634,0.989975617313436,0.6141084167179293,-0.231219,0.972819,0.673639
r6b,right,elbow,530,17.67952,2,5.891611333496499,-0.2225145570247174,0.9904653781973842,0.6190756662629895,-0.232033,0.972452,0.674357
r6b,right,elbow,531,17.71287,2,5.611888331819027,-0.2232402127733703,0.9908573779179728,0.6230494586523205,-0.232829,0.972138,0.675078
r6b,right,elbow,532,17.74623,2,6.053287521250798,-0.2225145570247174,0.9904653781973842,0.6190756662629895,-0.233545,0.971987,0.675654
r6b,right,elbow,533,17.77959,2,5.520667854884772,-0.2236996320526455,0.9931169241917521,0.625923417866102,-0.234033,0.972233,0.675972
r6b,right,elbow,534,17.81294,2,5.498828330841308,-0.2236996320526455,0.9931169241917521,0.625923417866102,-0.234144,0.972961,0.676007
r6b,right,elbow,535,17.8463,2,5.893227932789012,-0.22279264922983086,0.9926191825354703,0.6209566002327758,-0.233858,0.974218,0.675838
r6b,right,elbow,536,17.87966,2,6.662200021518131,-0.22116035811370263,0.9917214603862662,0.612016422121852,-0.233169,0.975958,0.675623
r6b,right,elbow,538,17.94638,2,5.866625378252593,-0.22242947389849832,0.9924196698225844,0.6189699018771847,-0.230783,0.980084,0.675713
r6b,right,elbow,539,17.97973,2,5.712154081576219,-0.22270743580785957,0.9945764669502958,0.6208506738800709,-0.229287,0.981953,0.67617
r6b,right,elbow,540,18.01309,2,5.489360321054577,-0.22315486905564666,0.9928176551224235,0.6229433703327155,-0.227813,0.983503,0.67684
r6b,right,elbow,541,18.04645,2,5.536470491833514,-0.22315486905564666,0.9928176551224235,0.6229433703327155,-0.226494,0.984634,0.677598
r6b,right,elbow,542,18.07981,2,5.992844313708037,-0.22047455333989743,0.99233643980431,0.6190046491593495,-0.225432,0.985353,0.678318
r6b,right,elbow,543,18.11316,2,5.683287192499127,-0.22110856772280005,0.9946954447287949,0.6228720818385993,-0.22475,0.98583,0.678891
r6b,right,elbow,544,18.14652,2,5.757922550545325,-0.22102322400507643,0.9966557219332454,0.6227659935189941,-0.224522,0.986126,0.679266
r6b,right,elbow,545,18.17988,2,5.43460294711408,-0.2216471633675244,0.9949984490079442,0.6258520199484097,-0.224596,0.986391,0.679431
r6b,right,elbow,546,18.21324,2,5.683966819266906,-0.22315486905564666,0.9928176551224235,0.6229433703327155,-0.224885,0.986669,0.679423
r6b,right,elbow,547,18.2466,2,5.897904076114459,-0.22270743580785957,0.9945764669502958,0.6208506738800709,-0.22519,0.987036,0.679293
r6b,right,elbow,548,18.27995,2,5.537152499707143,-0.22139043730367491,1.0008952421659632,0.625532891166127,-0.225402,0.987473,0.679103
r6b,right,elbow,549,18.31331,2,5.926883430590068,-0.22253700896391682,0.9984910357799466,0.6206388211746611,-0.225355,0.987952,0.678895
r6b,right,elbow,5,0.16701,2,19.460999498020904,-0.21782582061286218,0.9919187279645123,0.6831720497359631,-0.271477,1.148543,0.785463
r6b,right,elbow,34,1.135543,2,6.4122185136173595,-0.2259354530931946,0.9801520447974221,0.6356138266585686,-0.220272,0.973311,0.699118
r6b,right,elbow,35,1.168889,2,6.059600162440496,-0.22565736088808114,0.9779982404593359,0.6337328926887821,-0.222695,0.972531,0.694009
r6b,right,elbow,37,1.23558,2,6.24239106041118,-0.22713459451341148,0.9829984780776968,0.6214166848886465,-0.22652,0.971376,0.682746
r6b,right,elbow,38,1.268925,2,7.314494538780411,-0.22590137273105715,0.9775765776468897,0.6037036596034521,-0.227409,0.971498,0.67658
r6b,right,elbow,39,1.302271,2,6.473682565772925,-0.22627453743339743,0.9777535284038357,0.6056914399068416,-0.22753,0.972207,0.670178
r6b,right,elbow,40,1.335616,2,6.5045458496451,-0.2268250503933837,0.9830685729699488,0.59938200714778,-0.227008,0.973456,0.663713
r6b,right,elbow,41,1.36896,2,6.932572835754539,-0.22665846467015383,0.9821221615585793,0.5884186261164901,-0.226077,0.975038,0.657379
r6b,right,elbow,42,1.402305,2,6.572240698303233,-0.22611326611959157,0.9857357799543756,0.5862258120272366,-0.225111,0.976835,0.651335
r6b,right,elbow,43,1.43565,2,6.866543185357776,-0.22440575067581497,0.9848648385264851,0.577285328145564,-0.224385,0.978596,0.645664
r6b,right,elbow,44,1.468995,2,6.915392663497362,-0.22514341154793474,0.9843640811042735,0.5712916609507789,-0.224096,0.980298,0.640318
r6b,right,elbow,45,1.502339,2,6.996055156588725,-0.22772710879833474,0.9839419179967126,0.5652651818104442,-0.224307,0.981926,0.635113
r6b,right,elbow,46,1.535683,2,7.461575609498976,-0.22754940294316872,0.9849010523144017,0.555199184095877,-0.224922,0.983582,0.629757
r6b,right,elbow,47,1.569027,2,6.701698430228761,-0.2297140970574373,0.9870292367917954,0.5570523897568416,-0.225762,0.985285,0.62393
r6b,right,elbow,48,1.602371,2,6.446945112493705,-0.2288424664143328,0.9884730005577603,0.5529802675570435,-0.226609,0.987129,0.617397
r6b,right,elbow,49,1.635715,2,6.71298617440735,-0.2288547750245197,0.9838723130132758,0.5432159656559273,-0.227289,0.989044,0.610128
r6b,right,elbow,50,1.669059,2,7.34735533635064,-0.22951766070693863,0.9862551598772378,0.5290525050126046,-0.227781,0.990924,0.602357
r6b,right,elbow,51,1.702403,2,7.879666639865619,-0.22866828309203646,0.9850026797519055,0.516113199343329,-0.228163,0.992663,0.594535
r6b,right,elbow,52,1.735746,2,8.566869748507479,-0.22580835023340298,0.9835705767620438,0.5022131625782503,-0.228539,0.99416,0.587181
r6b,right,elbow,53,1.769089,2,7.539476123450337,-0.22662534361106978,0.9839794579416508,0.5061846196158893,-0.229033,0.995272,0.58069
r6b,right,elbow,54,1.802433,2,8.156428552035946,-0.2262814242556214,0.9794284917600757,0.4954214751733434,-0.229675,0.996103,0.575191
r6b,right,elbow,55,1.835776,2,6.304335676554013,-0.2302700294436013,0.9914217399078498,0.507723805542844,-0.230313,0.996827,0.570535
r6b,right,elbow,56,1.869118,2,6.596211889047705,-0.22858969965133163,0.9959391205559471,0.5004909065480143,-0.230747,0.997632,0.566396
r6b,right,elbow,57,1.902461,2,6.415340871443624,-0.22802174265270164,0.999224951295137,0.4983164038000046,-0.230732,0.998781,0.562411
r6b,right,elbow,58,1.935804,2,7.107138648400739,-0.22582110286396823,0.9961970472893362,0.4874984794218304,-0.230091,1.000381,0.558318
r6b,right,elbow,59,1.969146,2,6.719320549971883,-0.22551829553573974,1.0031522903781043,0.4871220683458577,-0.226737,1.00298,0.554304
r6b,right,elbow,60,2.002489,2,6.976072210572705,-0.22414607176228984,1.0005697339094952,0.480273426582557,-0.225038,1.005224,0.549873
r6b,right,elbow,61,2.035848,2,6.932832576207271,-0.2233192627279507,1.0000874753002602,0.47630614155945183,-0.223831,1.007294,0.545257
r6b,right,elbow,62,2.069197,2,6.292289531939313,-0.2236575951758657,1.002052950227215,0.47819646414202865,-0.22272,1.009201,0.540705
r6b,right,elbow,63,2.102546,2,6.883868252169945,-0.2215902902792211,1.0008308008317983,0.4682791601575986,-0.22161,1.010801,0.536392
r6b,right,elbow,64,2.135895,2,6.908857051978506,-0.2207627428989523,1.000342514113922,0.4643122168236756,-0.220666,1.011948,0.532419
r6b,right,elbow,65,2.169243,2,7.264602571830589,-0.219316293981971,0.9994878373849374,0.4573700484146341,-0.219931,1.012656,0.52881
r6b,right,elbow,66,2.202592,2,6.54973182554045,-0.22014284242480567,0.9999760815734227,0.46133700950393886,-0.219482,1.012995,0.525524
r6b,right,elbow,67,2.23594,2,6.94883220432638,-0.21701018711900566,0.9990496152323545,0.4544248121793602,-0.219228,1.012972,0.522468
r6b,right,elbow,68,2.269289,2,6.952785688106471,-0.21639528133202968,0.9986833953388103,0.45144951608271444,-0.219107,1.012675,0.519501
r6b,right,elbow,69,2.302637,2,6.846722352968847,-0.21598502563887348,0.9984389020344699,0.44946600926640007,-0.219012,1.012223,0.516463
r6b,right,elbow,70,2.335985,2,6.476338729861454,-0.2158390509644363,1.001791824011141,0.4492845523492538,-0.218881,1.011643,0.513222
r6b,right,elbow,71,2.369333,2,6.337194276611574,-0.21550193462020967,0.9998673781305691,0.44739196295289607,-0.218657,1.010992,0.5097
r6b,right,elbow,72,2.402681,2,6.991407574371269,-0.2118661674128726,0.9969033811417682,0.43759431656897146,-0.218337,1.010326,0.505902
r6b,right,elbow,73,2.436029,2,6.889207649504163,-0.2112562563130673,0.9965373738951793,0.43461893169541654,-0.217935,1.009686,0.501914
r6b,right,elbow,74,2.469377,2,7.007750747799878,-0.21030961976295917,0.9942839168988438,0.42974892432297185,-0.217499,1.009049,0.497875
r6b,right,elbow,75,2.502725,2,6.910802597405105,-0.20969949150356681,0.9939228976349634,0.42677326950458355,-0.217038,1.008466,0.493934
r6b,right,elbow,76,2.536072,2,6.633484924009439,-0.20949579691526377,0.9938022111716923,0.4257814084799036,-0.21667,1.007848,0.490214
r6b,right,elbow,77,2.56942,2,6.513006110013272,-0.20916050472490283,0.99192781523577,0.4238860486136827,-0.216419,1.007162,0.486792
r6b,right,elbow,78,2.602767,2,6.822707552184185,-0.20631354374417324,0.9911465148248053,0.4179631048487943,-0.216322,1.006386,0.483709
r6b,right,elbow,79,2.636115,2,6.902185075699932,-0.20584917301629874,0.9875524978162139,0.4151623394946369,-0.216381,1.00548,0.480978
r6b,right,elbow,80,2.669462,2,6.652940176679797,-0.20584917301629874,0.9875524978162139,0.4151623394946369,-0.216611,1.004453,0.478603
r6b,right,elbow,81,2.702809,2,6.905638802151944,-0.2051808471119502,0.9838667671734519,0.4113681296803828,-0.216945,1.003324,0.476574
r6b,right,elbow,82,2.736156,2,6.819093478716755,-0.2049787595112587,0.9837551441378383,0.4103757472442388,-0.2172,1.002232,0.474868
r6b,right,elbow,83,2.769503,2,6.527910874954417,-0.205110661133405,0.9854788831848473,0.4112808835101631,-0.217227,1.001292,0.473446
r6b,right,elbow,84,2.80285,2,6.72554858859886,-0.20457462774179308,0.9835309004700694,0.40839103636091745,-0.217028,1.00053,0.47226
r6b,right,elbow,85,2.836197,2,6.606718835079447,-0.20457462774179308,0.9835309004700694,0.40839103636091745,-0.216544,0.999962,0.471253
r6b,right,elbow,86,2.869543,2,6.630686514573007,-0.20276529324149695,0.9833498500477231,0.4074272763230418,-0.215928,0.999507,0.470374
r6b,right,elbow,87,2.90289,2,6.734803500997931,-0.20236411485241626,0.983126731564669,0.40544245818460833,-0.215315,0.999097,0.469575
r6b,right,elbow,88,2.936237,2,6.069074027733692,-0.20315713265395158,0.988517904281561,0.410142918109242,-0.214908,0.998544,0.468835
r6b,right,elbow,89,2.969583,2,6.311831518293921,-0.20262544246741554,0.9865621109120135,0.4072534318502029,-0.214825,0.997802,0.468153
r6b,right,elbow,90,3.002929,2,5.913052664413492,-0.20308699010732378,0.9901290226964148,0.410055725927989,-0.215151,0.996703,0.467568
r6b,right,elbow,91,3.036276,2,6.48125681960795,-0.2018156142850772,0.991017913045396,0.4040169407466719,-0.215921,0.995209,0.467137
r6b,right,elbow,92,3.069634,2,6.17092999736761,-0.20255556051229223,0.9881672437476172,0.40716656360275033,-0.217106,0.993402,0.466907
r6b,right,elbow,93,3.102983,2,6.195111841870592,-0.2024856351252515,0.9897733741797623,0.4070796413663309,-0.218553,0.991429,0.466888
r6b,right,wrist,500,16.67834,2,12.004273424129112,-0.22788608577725822,0.8216803453711665,0.5040399245271564,-0.195864,0.788215,0.614787
r6b,right,wrist,508,16.94532,2,11.367874591374816,-0.22757753174487302,0.8212619681782468,0.5110789451929554,-0.203519,0.783651,0.615623
r6b,right,wrist,509,16.97869,2,11.359102266808767,-0.2278349939058879,0.824694184618402,0.5128901518469774,-0.20373,0.78372,0.616055
r6b,right,wrist,510,17.01207,2,11.876801422145954,-0.22672978751196424,0.8266806210919387,0.5077902837150122,-0.204304,0.783724,0.616223
r6b,right,wrist,511,17.04544,2,10.523107222826024,-0.22937973018635255,0.8173195363872766,0.5192800790993781,-0.205254,0.783632,0.61601
r6b,right,wrist,512,17.07881,2,11.564006944163,-0.22897830494016136,0.8249065407567191,0.509856005220753,-0.206407,0.783362,0.615389
r6b,right,wrist,513,17.11219,2,11.025673838635813,-0.2300159747325042,0.8246782521541862,0.5148605849949213,-0.207491,0.783038,0.614436
r6b,right,wrist,514,17.14556,2,10.96037435936758,-0.22975482084517473,0.8212388824206747,0.5130498272851935,-0.208216,0.782608,0.613333
r6b,right,wrist,515,17.17893,2,11.014819453098378,-0.22928480398137022,0.817866501961906,0.5102370053588969,-0.208373,0.782108,0.612299
r6b,right,wrist,516,17.21231,2,11.006810385343414,-0.231045930677749,0.8179414812783179,0.5102057026207996,-0.207919,0.781618,0.611501
r6b,right,wrist,517,17.24568,2,12.128344042832943,-0.23215294723782173,0.8204064309152104,0.49903574225277203,-0.207043,0.781109,0.610995
r6b,right,wrist,518,17.27906,2,11.519998212886993,-0.23364096046310157,0.8200535480054304,0.5060434326207446,-0.20603,0.780654,0.610716
r6b,right,wrist,519,17.31243,2,11.851161321322317,-0.2330632747283044,0.8236547893693632,0.5038517983377241,-0.205113,0.780282,0.610541
r6b,right,wrist,520,17.34581,2,12.294375952152102,-0.2320012395502855,0.8238910356353863,0.49884715879201863,-0.204565,0.779962,0.610349
r6b,right,wrist,521,17.37918,2,11.892888308444887,-0.23481441205034181,0.8237293433918647,0.5038206731534447,-0.20441,0.779782,0.610067
r6b,right,wrist,522,17.41256,2,11.59307299725819,-0.2355939237266143,0.8252979846350165,0.5077291641917915,-0.204527,0.7797,0.609688
r6b,right,wrist,523,17.44594,2,11.814910721444082,-0.23481441205034181,0.8237293433918647,0.5038206731534447,-0.204734,0.779714,0.609258
r6b,right,wrist,524,17.47931,2,12.553393337865007,-0.23288739115257265,0.8241533331601593,0.49481262779743423,-0.20483,0.779833,0.608862
r6b,right,wrist,525,17.51269,2,11.455006939719658,-0.23356465058420062,0.8218063251292063,0.5059485740062174,-0.204624,0.780016,0.608602
r6b,right,wrist,526,17.54607,2,11.965693527886389,-0.23242626209536338,0.823796346115547,0.500849021857018,-0.203965,0.780187,0.60858
r6b,right,wrist,527,17.57944,2,12.375542619005204,-0.23359172217979698,0.8274488140170027,0.4986276639343886,-0.202853,0.780348,0.608864
r6b,right,wrist,528,17.6128,2,12.46358591878987,-0.23359172217979698,0.8274488140170027,0.4986276639343886,-0.201446,0.780395,0.609473
r6b,right,wrist,529,17.64616,2,13.01996788966491,-0.2308489951787452,0.8310216914122494,0.49446777743158155,-0.199891,0.780368,0.610346
r6b,right,wrist,530,17.67952,2,13.648540386906083,-0.22971221366751884,0.8329518140766967,0.4893714823757668,-0.198411,0.780298,0.611339
r6b,right,wrist,531,17.71287,2,13.287805292980162,-0.22903731381383233,0.8326825957166389,0.4944047494720079,-0.19704,0.78031,0.61226
r6b,right,wrist,532,17.74623,2,12.394133148922702,-0.2295983058825282,0.832178612633221,0.5054415092750699,-0.195883,0.780489,0.612926
r6b,right,wrist,533,17.77959,2,13.164094716017654,-0.2279840795785739,0.835936230589902,0.49824921793424887,-0.194894,0.781036,0.613229
r6b,right,wrist,534,17.81294,2,13.48094191183906,-0.2271500174806972,0.836080315600137,0.49424772672137446,-0.193965,0.782003,0.613193
r6b,right,wrist,535,17.8463,2,13.236550896561392,-0.22938190043452045,0.8343435059926363,0.4963116629771069,-0.193055,0.783413,0.612961
r6b,right,wrist,536,17.87966,2,14.097529017966398,-0.22886464419998942,0.8331073173633486,0.48536957411525505,-0.192092,0.785209,0.612757
r6b,right,wrist,538,17.94638,2,14.273397517389544,-0.2300932553033881,0.8298662226534896,0.48252332942473225,-0.189803,0.789175,0.613267
r6b,right,wrist,539,17.97973,2,14.089046054629769,-0.2289395208256156,0.831387460925449,0.48546265109388054,-0.18842,0.790873,0.614175
r6b,right,wrist,540,18.01309,2,13.638675434608357,-0.22848069367336368,0.8310695502635275,0.49149686856223485,-0.186878,0.792244,0.615445
r6b,right,wrist,541,18.04645,2,14.316134250066431,-0.22721735268916804,0.8313141402552879,0.48549326137208815,-0.185118,0.793241,0.616921
r6b,right,wrist,542,18.07981,2,14.152889415065992,-0.22806027492486616,0.8311504435493472,0.48949569032124257,-0.183085,0.793926,0.618422
r6b,right,wrist,543,18.11316,2,14.45523093956739,-0.22771386416031303,0.829508445078251,0.48758776878115767,-0.18085,0.79451,0.619778
r6b,right,wrist,544,18.14652,2,14.493327239965307,-0.22806027492486616,0.8311504435493472,0.48949569032124257,-0.178594,0.795065,0.62086
r6b,right,wrist,545,18.17988,2,17.119484277015356,-0.21834675188514405,0.8189669020550729,0.4572598088874415,-0.176403,0.795714,0.6216
r6b,right,wrist,546,18.21324,2,17.273971906510916,-0.21994813569924546,0.8207111507149034,0.45713951137037034,-0.174469,0.796441,0.622008
r6b,right,wrist,547,18.2466,2,15.21167065234561,-0.22513778441868088,0.834719589032501,0.4843371651675442,-0.172802,0.797254,0.622166
r6b,right,wrist,548,18.27995,2,16.484878126067336,-0.22437018439339845,0.8487634136077868,0.4745649679478919,-0.171352,0.79809,0.622201
r6b,right,wrist,549,18.31331,2,17.213323178172367,-0.22399269524891416,0.8289992265816776,0.46163103733331196,-0.169862,0.798914,0.622238
r6b,right,wrist,5,0.16701,2,22.947417353454952,-0.21412664240131157,0.7796411651091161,0.619738715267937,-0.303803,0.950378,0.744099
r6b,right,wrist,34,1.135543,2,10.446974624882865,-0.23803761086395386,0.8000885082222137,0.5411244966825324,-0.213308,0.777145,0.639998
r6b,right,wrist,35,1.168889,2,9.195004490428522,-0.2392978247167599,0.7996858726829533,0.5471368116832389,-0.217877,0.776707,0.633554
r6b,right,wrist,37,1.23558,2,8.010720792964083,-0.23827392392661756,0.7946605854387961,0.5414182506504566,-0.228308,0.776604,0.618825
r6b,right,wrist,38,1.268925,2,8.244432260508097,-0.2376969067714547,0.7920205533938498,0.5295523840573964,-0.23267,0.777494,0.610551
r6b,right,wrist,39,1.302271,2,6.851463192781648,-0.23881253580451645,0.7951687892404284,0.535372374771728,-0.23567,0.779084,0.601898
r6b,right,wrist,40,1.335616,2,8.475633425067612,-0.24244454128925566,0.8042447156063307,0.511781773131254,-0.237168,0.781238,0.593185
r6b,right,wrist,41,1.36896,2,8.769478051657678,-0.23980610866733,0.805024973756483,0.4997603357996084,-0.237315,0.783655,0.584775
r6b,right,wrist,42,1.402305,2,8.124777924917241,-0.23957856885198442,0.810251382038476,0.49947748760296173,-0.236424,0.786124,0.576996
r6b,right,wrist,43,1.43565,2,8.53644821070825,-0.2388124040053863,0.8127095412028773,0.48833682411507595,-0.23478,0.788335,0.570048
r6b,right,wrist,44,1.468995,2,8.804088732414282,-0.24024233408598514,0.813379394815833,0.47926347103576694,-0.232751,0.790276,0.563888
r6b,right,wrist,45,1.502339,2,9.691578707950647,-0.23856010716806073,0.8143250647842682,0.46421334841475775,-0.230748,0.79201,0.558201
r6b,right,wrist,46,1.535683,2,9.106791813714342,-0.23910100298901238,0.8275761379122821,0.4684870472421094,-0.229125,0.793762,0.552454
r6b,right,wrist,47,1.569027,2,9.557741718356686,-0.2400532695262167,0.8315217505659095,0.4582399679397103,-0.228188,0.795674,0.546042
r6b,right,wrist,48,1.602371,2,9.554107183790272,-0.23830792180688495,0.8351418592525122,0.4510572356298013,-0.228127,0.79794,0.538467
r6b,right,wrist,49,1.635715,2,10.162481983016502,-0.23776900383212154,0.8342950736474547,0.43408443163177146,-0.228954,0.800556,0.529539
r6b,right,wrist,50,1.669059,2,10.134071280946417,-0.23725491391436038,0.8411777457426558,0.4257023077131936,-0.230501,0.803431,0.519508
r6b,right,wrist,51,1.702403,2,9.5077333873593,-0.2360888589374387,0.8413435999920847,0.42070313126514314,-0.232388,0.806388,0.509044
r6b,right,wrist,52,1.735746,2,8.46884043664306,-0.2360888589374387,0.8413435999920847,0.42070313126514314,-0.234172,0.809171,0.499019
r6b,right,wrist,53,1.769089,2,8.125695447697643,-0.2346884029265951,0.8415423745368217,0.4147041516317341,-0.235588,0.811452,0.490179
r6b,right,wrist,54,1.802433,2,7.958132247293935,-0.23488524787293227,0.8418091535778393,0.40867678114284123,-0.236465,0.813174,0.482911
r6b,right,wrist,55,1.835776,2,8.846585023591796,-0.23618059145025716,0.8456181509975733,0.3944254137111475,-0.236569,0.814413,0.477204
r6b,right,wrist,56,1.869118,2,9.469546379584871,-0.23721863174448665,0.8553254507563612,0.386866176399051,-0.235801,0.815364,0.472705
r6b,right,wrist,57,1.902461,2,9.97178828590055,-0.24170087574140117,0.8619132741915225,0.380426294401742,-0.234262,0.816413,0.468846
r6b,right,wrist,58,1.935804,2,9.956534724942392,-0.24225108032239592,0.8620303415175946,0.3764049083023705,-0.232227,0.817835,0.465059
r6b,right,wrist,59,1.969146,2,10.266821012779118,-0.24215063323064615,0.8652408236618893,0.37022083910944237,-0.228065,0.820236,0.461418
r6b,right,wrist,60,2.002489,2,10.276423802555948,-0.2410089856969193,0.868335169657283,0.36606244882358335,-0.226106,0.822549,0.456848
r6b,right,wrist,61,2.035848,2,9.983982204022118,-0.2402532732203182,0.8683527387705142,0.36306829869725876,-0.225239,0.824897,0.451692
r6b,right,wrist,62,2.069197,2,9.505367864217144,-0.24208571242296767,0.8729863800753436,0.3647893576232613,-0.224871,0.827238,0.446312
r6b,right,wrist,63,2.102546,2,9.540251882695367,-0.24012537705342102,0.8714810971838085,0.3568891530274704,-0.224619,0.829339,0.441063
r6b,right,wrist,64,2.135895,2,9.156635599901271,-0.24157288104741348,0.8730588831650079,0.3567803523615427,-0.224372,0.830945,0.436247
r6b,right,wrist,65,2.169243,2,9.330531894828752,-0.239788704540535,0.8730653421892435,0.3497962162321914,-0.22396,0.83197,0.432055
r6b,right,wrist,66,2.202592,2,9.481086443830025,-0.24169629157686245,0.8746923940844789,0.3456711360112689,-0.223364,0.83243,0.428538
r6b,right,wrist,67,2.23594,2,9.526538121758614,-0.2424128825790895,0.8747526570598849,0.34265191198690065,-0.222517,0.832333,0.425599
r6b,right,wrist,68,2.269289,2,9.388787317129976,-0.24390429616825202,0.8748161534407146,0.3426254032018868,-0.221467,0.831816,0.423015
r6b,right,wrist,69,2.302637,2,9.318661631078715,-0.24364331470753176,0.874815959823739,0.3416278248141534,-0.220245,0.83107,0.420511
r6b,right,wrist,70,2.335985,2,9.874535171838502,-0.24128979089730068,0.8748070214482111,0.3326500860242287,-0.218907,0.830181,0.417845
r6b,right,wrist,71,2.369333,2,10.012854839307558,-0.24024404090722107,0.8748021715353596,0.3286600239399255,-0.217476,0.829248,0.41487
r6b,right,wrist,72,2.402681,2,9.73435077404629,-0.2403079292577409,0.8733347070225114,0.3287394417099708,-0.215991,0.828338,0.411563
r6b,right,wrist,73,2.436029,2,10.300612045940372,-0.237692729076111,0.8733415365746751,0.31876326070884514,-0.214477,0.827482,0.408028
r6b,right,wrist,74,2.469377,2,10.182981244375153,-0.2368353433118671,0.8690101104604484,0.3150073487732072,-0.212965,0.826623,0.404466
r6b,right,wrist,75,2.502725,2,10.406946069107857,-0.23512847546464666,0.8661834341473369,0.3081772500789701,-0.211421,0.825775,0.401105
r6b,right,wrist,76,2.536072,2,9.975989271629734,-0.2359136348779292,0.8661561248244871,0.3111714791778567,-0.209904,0.824807,0.398153
r6b,right,wrist,77,2.56942,2,10.378494365394655,-0.23394265846860102,0.8633780945955525,0.3033411743918986,-0.208378,0.823661,0.395755
r6b,right,wrist,78,2.602767,2,10.394513489502396,-0.23368115582487176,0.8633898721370773,0.30234294813656465,-0.206831,0.822314,0.393975
r6b,right,wrist,79,2.636115,2,10.74955349788621,-0.23161215543667285,0.8508509275807574,0.2930457323809113,-0.205235,0.820744,0.392811
r6b,right,wrist,80,2.669462,2,11.568796006419971,-0.2292476867832528,0.8510933835337391,0.28405438837137315,-0.203602,0.819005,0.392204
r6b,right,wrist,81,2.702809,2,12.262420790714444,-0.22847669727260175,0.8404166990256817,0.2746350936477819,-0.201885,0.817163,0.392061
r6b,right,wrist,82,2.736156,2,12.306435034068228,-0.22868147783885207,0.8417537570673244,0.27556029130934684,-0.199931,0.8154,0.392281
r6b,right,wrist,83,2.769503,2,13.012358311454381,-0.22703298152426798,0.8433511897397402,0.26948850748925723,-0.197628,0.813857,0.392767
r6b,right,wrist,84,2.80285,2,13.254935033984893,-0.2267683952077351,0.8433878221360256,0.2684889670205188,-0.195027,0.812573,0.393438
r6b,right,wrist,85,2.836197,2,13.562054287825829,-0.22487667191450997,0.8434030768392112,0.2665141044238047,-0.192142,0.811562,0.394215
r6b,right,wrist,86,2.869543,2,14.29540906259064,-0.2232392073402852,0.8449769924885366,0.2604434387850985,-0.189242,0.81074,0.395009
r6b,right,wrist,87,2.90289,2,14.850247056760168,-0.2205790459886541,0.8450952268430209,0.255469942809358,-0.18661,0.81003,0.395718
r6b,right,wrist,88,2.936237,2,15.005803517481537,-0.22052049976397656,0.8464399869812393,0.2553971656822192,-0.184595,0.809232,0.39626
r6b,right,wrist,89,2.969583,2,15.28102198190943,-0.21845487610445802,0.8451444844968385,0.2524951875275549,-0.183417,0.808282,0.396594
r6b,right,wrist,90,3.002929,2,15.112824678178066,-0.21777185846109273,0.8476692178728327,0.25537225778721023,-0.183194,0.806994,0.396757
r6b,right,wrist,91,3.036276,2,15.384823940172417,-0.21565811227041215,0.8477089248551437,0.2523978648412564,-0.183918,0.805316,0.396844
r6b,right,wrist,92,3.069634,2,14.4601480447135,-0.21705968867898678,0.848654944918352,0.26334219714665247,-0.185454,0.803319,0.396966
r6b,right,wrist,93,3.102983,2,14.51443241701976,-0.21550786270043193,0.84727153081954,0.2624403398611078,-0.187522,0.801155,0.397188
r7,right,elbow,759,25.31765,2,5.042394142878316,-0.14094104606101576,1.1141109724453546,0.6624669376936955,-0.158222,1.115937,0.709802
r7,right,elbow,760,25.35101,2,5.23602798672321,-0.14073138012788106,1.1136937021092694,0.660493167782306,-0.157554,1.11691,0.709973
r7,right,elbow,761,25.38436,2,5.799823912840388,-0.13825860722184385,1.110557450989833,0.6557238579715471,-0.156594,1.117761,0.710274
r7,right,elbow,762,25.41772,2,5.314812109327292,-0.1387746691796343,1.1115898494756162,0.6606591146439273,-0.155399,1.118443,0.710673
r7,right,elbow,763,25.45108,2,5.31538896589341,-0.13869888071769093,1.1136195125573691,0.6605176230059926,-0.15416,1.118903,0.711098
r7,right,elbow,764,25.48444,2,5.3773522361129515,-0.13666538204525386,1.113545286530763,0.6605420902528962,-0.153072,1.119095,0.71145
r7,right,elbow,765,25.51779,2,5.577775736665842,-0.13653835051300903,1.1111025959861252,0.6587094498372792,-0.152289,1.119001,0.711631
r7,right,elbow,766,25.55115,2,5.350414285162501,-0.13666538204525386,1.113545286530763,0.6605420902528962,-0.151879,1.11873,0.711575
r7,right,elbow,767,25.58451,2,5.31520114218914,-0.13666538204525386,1.113545286530763,0.6605420902528962,-0.151764,1.118313,0.711281
r7,right,elbow,768,25.61787,2,5.06834684338622,-0.13686805314266032,1.1139623015439066,0.6625159443268056,-0.151774,1.117796,0.710806
r7,right,elbow,769,25.65122,2,5.46756758087293,-0.13443317210020256,1.1130551882774018,0.6585925858381112,-0.151855,1.117266,0.710247
r7,right,elbow,770,25.68458,2,5.218153513939416,-0.13463288263506373,1.1134710969788628,0.6605665454765827,-0.151854,1.116813,0.709711
r7,right,elbow,771,25.71794,2,5.36719378519451,-0.13443317210020256,1.1130551882774018,0.6585925858381112,-0.151722,1.116408,0.709293
r7,right,elbow,772,25.7513,2,5.334373967910695,-0.13443317210020256,1.1130551882774018,0.6585925858381112,-0.151537,1.116018,0.709033
r7,right,elbow,773,25.78465,2,5.314659047427302,-0.13443317210020256,1.1130551882774018,0.6585925858381112,-0.151338,1.115652,0.708912
r7,right,elbow,774,25.81801,2,5.112206429036564,-0.13463288263506373,1.1134710969788628,0.6605665454765827,-0.151276,1.115219,0.708872
r7,right,elbow,775,25.85137,2,5.106883498680869,-0.13463288263506373,1.1134710969788628,0.6605665454765827,-0.151271,1.114676,0.708834
r7,right,elbow,776,25.88473,2,5.100258172363876,-0.13463288263506373,1.1134710969788628,0.6605665454765827,-0.15139,1.11407,0.708734
r7,right,elbow,777,25.91809,2,4.898122464456941,-0.13483255594572946,1.1138880025678888,0.6625404356201438,-0.151603,1.113436,0.708559
r7,right,elbow,778,25.95144,2,5.26875922131897,-0.13443317210020256,1.1130551882774018,0.6585925858381112,-0.151733,1.112736,0.708358
r7,right,elbow,779,25.9848,2,5.257688050196704,-0.13443317210020256,1.1130551882774018,0.6585925858381112,-0.151784,1.112059,0.708214
r7,right,elbow,780,26.01816,2,5.061460872837376,-0.13463288263506373,1.1134710969788628,0.6605665454765827,-0.151581,1.111439,0.708216
r7,right,elbow,781,26.05152,2,5.067081501125516,-0.13463288263506373,1.1134710969788628,0.6605665454765827,-0.151145,1.111006,0.708408
r7,right,elbow,782,26.08487,2,5.08408439125562,-0.13463288263506373,1.1134710969788628,0.6605665454765827,-0.150541,1.110737,0.708777
r7,right,elbow,783,26.11826,2,4.915764300366772,-0.13483255594572946,1.1138880025678888,0.6625404356201438,-0.149882,1.110729,0.709231
r7,right,elbow,784,26.15165,2,4.996713167663579,-0.13279605948655174,1.1138136671171646,0.6625649389366987,-0.149277,1.110986,0.709651
r7,right,elbow,785,26.18504,2,5.005622799975948,-0.13279605948655174,1.1138136671171646,0.6625649389366987,-0.148857,1.111458,0.709916
r7,right,elbow,786,26.21842,2,5.02867311697626,-0.132720159352022,1.1158463208616116,0.6624232388140322,-0.148725,1.112105,0.709948
r7,right,elbow,787,26.25181,2,5.200159851061375,-0.13252455753873477,1.1154275673962801,0.660449439567424,-0.148918,1.112792,0.709729
r7,right,elbow,788,26.2852,2,5.169858388038479,-0.13252455753873477,1.1154275673962801,0.660449439567424,-0.149293,1.113329,0.709308
r7,right,elbow,789,26.31859,2,5.3239071621815,-0.1323279936873961,1.115007780568678,0.6584757218389433,-0.149743,1.113665,0.708768
r7,right,elbow,790,26.35198,2,4.934340819084642,-0.13264422199329684,1.1178799714936236,0.6622814691964553,-0.150184,1.113728,0.708215
r7,right,elbow,791,26.38537,2,5.059964555740028,-0.13252455753873477,1.1154275673962801,0.660449439567424,-0.150412,1.113636,0.707748
r7,right,elbow,792,26.41876,2,4.845860043344752,-0.132720159352022,1.1158463208616116,0.6624232388140322,-0.150456,1.113416,0.707454
r7,right,elbow,793,26.45215,2,5.501739199838348,-0.1320341099484395,1.1143791336895457,0.6555150637280949,-0.150335,1.113242,0.707387
r7,right,elbow,794,26.48554,2,5.033166456454797,-0.13252455753873477,1.1154275673962801,0.660449439567424,-0.150088,1.113251,0.707567
r7,right,elbow,795,26.51893,2,4.871448196639715,-0.132720159352022,1.1158463208616116,0.6624232388140322,-0.149821,1.113517,0.707978
r7,right,elbow,796,26.55232,2,5.106526702437565,-0.13252455753873477,1.1154275673962801,0.660449439567424,-0.149519,1.113976,0.708582
r7,right,elbow,797,26.58571,2,5.1646636736744425,-0.13252455753873477,1.1154275673962801,0.660449439567424,-0.149238,1.114602,0.70931
r7,right,elbow,798,26.6191,2,5.034878007275679,-0.132720159352022,1.1158463208616116,0.6624232388140322,-0.148924,1.115285,0.71009
r7,right,elbow,799,26.65249,2,4.8065277437815555,-0.13301404309097858,1.1164749677407442,0.6653838969248811,-0.148615,1.115965,0.710844
r7,right,elbow,800,26.68588,2,5.541568656308809,-0.1323279936873961,1.115007780568678,0.6584757218389433,-0.148354,1.116652,0.711498
r7,right,elbow,801,26.71927,2,5.192338836575135,-0.132720159352022,1.1158463208616116,0.6624232388140322,-0.148052,1.11727,0.712011
r7,right,elbow,802,26.75266,2,4.927341682405663,-0.13301404309097858,1.1164749677407442,0.6653838969248811,-0.147795,1.117814,0.712369
r7,right,elbow,803,26.78605,2,5.239659277202971,-0.132720159352022,1.1158463208616116,0.6624232388140322,-0.147593,1.118355,0.712602
r7,right,elbow,804,26.81944,2,5.257259347237618,-0.132720159352022,1.1158463208616116,0.6624232388140322,-0.147452,1.118818,0.712802
r7,right,elbow,805,26.85283,2,5.282660168640969,-0.132720159352022,1.1158463208616116,0.6624232388140322,-0.147242,1.119212,0.713103
r7,right,elbow,806,26.88623,2,5.036529737720173,-0.13301404309097858,1.1164749677407442,0.6653838969248811,-0.147008,1.119409,0.713677
r7,right,elbow,807,26.91962,2,5.122520710923985,-0.13301404309097858,1.1164749677407442,0.6653838969248811,-0.14662,1.119407,0.714682
r7,right,elbow,808,26.95301,2,5.112851742025269,-0.13116611638516437,1.1168201273199747,0.6673822141556539,-0.146082,1.119131,0.716232
r7,right,elbow,966,32.22313,2,6.675575134458316,-0.13153706660036965,1.1220331757232491,0.652978494695634,-0.147197,1.157535,0.707299
r7,right,elbow,967,32.25648,2,6.60225804130513,-0.133557574863597,1.122106927578678,0.6529541837505533,-0.147322,1.15739,0.707034
r7,right,elbow,968,32.28984,2,6.336057371241412,-0.1357811578993505,1.1226136811229919,0.6549026029375957,-0.148001,1.157073,0.70665
r7,right,elbow,969,32.3232,2,6.48502107135592,-0.13557908238907132,1.1221807159088129,0.6529298607822556,-0.149106,1.156743,0.706109
r7,right,elbow,970,32.35655,2,6.683021327551339,-0.1372924617257946,1.1216053724879316,0.6499464499495777,-0.150669,1.15641,0.705408
r7,right,elbow,971,32.3899,2,6.567882511913255,-0.13930897294003436,1.1216789784445365,0.6499221870973657,-0.155332,1.155566,0.703854
r7,right,elbow,972,32.42326,2,6.392734289927124,-0.14334199536851394,1.1218261903577464,0.6498736613929416,-0.160833,1.154597,0.701901
r7,right,elbow,973,32.45661,2,6.53520354318742,-0.14312692944902508,1.1213927509723902,0.6479010755394242,-0.166234,1.153589,0.699866
r7,right,elbow,974,32.48996,2,6.716965539198265,-0.14481232944283523,1.1208163862597424,0.644918001356827,-0.171157,1.152535,0.697943
r7,right,elbow,975,32.52332,2,6.355750096366037,-0.14715295704177636,1.1215397075626585,0.6478526339975202,-0.175602,1.151365,0.696233
r7,right,elbow,976,32.55667,2,6.204991535583368,-0.1473750177969935,1.1219734022709567,0.6498251356885174,-0.179634,1.150046,0.694786
r7,right,elbow,977,32.59003,2,6.578221795837699,-0.14882836441311753,1.1209629781029513,0.6448696800470944,-0.183289,1.148585,0.693622
r7,right,elbow,978,32.62338,2,6.21720008366952,-0.1493915290112333,1.1220470082275618,0.6498008728363054,-0.186722,1.147116,0.692735
r7,right,elbow,979,32.65673,2,6.295781488475462,-0.15117898463452764,1.121686664152927,0.6478041924556162,-0.184533,1.147049,0.694793
r7,right,elbow,980,32.69009,2,6.152803856896221,-0.15140804022547302,1.1221206141841666,0.6497766099840933,-0.182128,1.147161,0.69684
r7,right,elbow,981,32.72344,2,6.108985564641454,-0.1534235521774659,1.1221941836660658,0.6497523591550983,-0.18075,1.147137,0.698364
r7,right,elbow,983,32.79015,2,6.155319336940672,-0.15544006339170574,1.1222677896226707,0.6497280963028863,-0.180748,1.147002,0.700092
r7,right,elbow,984,32.8235,2,5.936465412438454,-0.1557931583815671,1.1229185627354545,0.6526866431224945,-0.181484,1.146889,0.700536
r7,right,elbow,985,32.85686,2,5.993892435319973,-0.1557931583815671,1.1229185627354545,0.6526866431224945,-0.182429,1.146681,0.700838
r7,right,elbow,986,32.89021,2,6.322119667233932,-0.15544006339170574,1.1222677896226707,0.6497280963028863,-0.183379,1.146324,0.701086
r7,right,elbow,987,32.92356,2,5.899030504871441,-0.15602820954599386,1.1233527316149299,0.6546589885116686,-0.184231,1.145818,0.701347
r7,right,elbow,988,32.95692,2,6.117942742913813,-0.1557931583815671,1.1229185627354545,0.6526866431224945,-0.184897,1.145243,0.701651
r7,right,elbow,989,32.99027,2,5.960798861738191,-0.15602820954599386,1.1233527316149299,0.6546589885116686,-0.185397,1.14457,0.701992
r7,right,elbow,990,33.02362,2,6.224819165413305,-0.15586853737736048,1.1208998654169133,0.6528273703164128,-0.185731,1.144005,0.702317
r7,right,elbow,991,33.05698,2,6.241568534593092,-0.15586853737736048,1.1208998654169133,0.6528273703164128,-0.185987,1.143608,0.702556
r7,right,elbow,992,33.09033,2,5.800310167174844,-0.1564559820629654,1.1219767958339488,0.6577588305076966,-0.186259,1.143448,0.702649
r7,right,elbow,993,33.12368,2,5.823841087244536,-0.1564559820629654,1.1219767958339488,0.6577588305076966,-0.186769,1.14354,0.702568
r7,right,elbow,1055,35.19165,2,4.743862611815081,-0.1909714919815722,1.122712635664945,0.6844476552626698,-0.213252,1.118765,0.726142
r7,right,elbow,1056,35.225,2,5.323077382332767,-0.19026020743471253,1.1216561410481958,0.6795159365543313,-0.213204,1.117989,0.727408
r7,right,elbow,1057,35.25835,2,5.427337514282593,-0.19026020743471253,1.1216561410481958,0.6795159365543313,-0.213032,1.117414,0.728598
r7,right,elbow,1058,35.29171,2,5.841449110126105,-0.19304596040613206,1.1227883571544952,0.684422695063863,-0.220842,1.124112,0.735783
r7,right,elbow,1059,35.32506,2,7.007755053015948,-0.19304596040613206,1.1227883571544952,0.684422695063863,-0.222168,1.126109,0.748076
r7,right,elbow,1060,35.35842,2,5.430737448416286,-0.19304596040613206,1.1227883571544952,0.684422695063863,-0.215514,1.129365,0.733425
r7,right,elbow,1061,35.39177,0,7.422057738772704,-0.19261321643905213,1.1221536434036712,0.681463777675109,-0.218532,1.119473,0.75096
r7,right,elbow,1062,35.42513,0,6.79600216211018,-0.19304596040613206,1.1227883571544952,0.684422695063863,-0.217685,1.113927,0.747136
r7,right,elbow,1063,35.45848,0,6.515483732966508,-0.19232568249905027,1.1217315342653924,0.6794910845644787,-0.216205,1.111981,0.739323
r7,right,elbow,1064,35.49184,0,5.340926722335852,-0.19555720707095484,1.1234979414061286,0.6873566736558522,-0.215548,1.111998,0.73553
r7,right,elbow,1065,35.52519,0,5.783589585638846,-0.1946055227952023,1.1242957304413386,0.681294814642762,-0.215886,1.112762,0.733822
r7,right,elbow,1066,35.55854,0,5.487989303549728,-0.19504211491448803,1.1249345776412454,0.684253405959005,-0.21716,1.113586,0.73318
r7,right,elbow,1067,35.5919,0,5.547489789276164,-0.19504211491448803,1.1249345776412454,0.684253405959005,-0.218994,1.114291,0.733146
r7,right,elbow,1068,35.62526,0,5.654425892379176,-0.19504211491448803,1.1249345776412454,0.684253405959005,-0.221031,1.114883,0.733455
r7,right,elbow,1069,35.65861,0,5.336447081248353,-0.1957710883882282,1.1259997039032197,0.6891843522901505,-0.222833,1.115417,0.733944
r7,right,elbow,1070,35.69196,0,4.848797105152243,-0.19866746668551144,1.1250536162148268,0.6942356804169799,-0.224149,1.11598,0.734478
r7,right,elbow,1071,35.72532,0,5.506982117037904,-0.1957710883882282,1.1259997039032197,0.6891843522901505,-0.224895,1.116591,0.734966
r7,right,elbow,1072,35.75867,0,5.569481676005649,-0.19763567254450226,1.1235738087945024,0.6873316653641768,-0.225125,1.117279,0.735359
r7,right,elbow,1073,35.79203,0,5.44997724705872,-0.19785255164851637,1.1260756807157113,0.6891593079288235,-0.225067,1.117947,0.735673
r7,right,elbow,1074,35.82538,0,5.63032117139401,-0.19755817176956808,1.125649328704232,0.6871869769603555,-0.224744,1.118597,0.735985
r7,right,elbow,1075,35.85873,0,5.45646011524647,-0.19785255164851637,1.1260756807157113,0.6891593079288235,-0.224294,1.119211,0.736393
r7,right,elbow,1076,35.89209,0,5.203140279665403,-0.19829513934128346,1.1267147467638539,0.6921178271057636,-0.223742,1.119812,0.736974
r7,right,elbow,1077,35.92544,0,5.231749779607071,-0.19829513934128346,1.1267147467638539,0.6921178271057636,-0.223089,1.12034,0.737744
r7,right,elbow,1078,35.9588,0,5.536403500591866,-0.19785255164851637,1.1260756807157113,0.6891593079288235,-0.222311,1.120877,0.738555
r7,right,elbow,1079,35.99215,0,5.1970894798043865,-0.20038159891280607,1.1267909059498753,0.6920927226283509,-0.221374,1.121412,0.73933
r7,right,elbow,1080,36.02551,0,5.491232434129597,-0.19993501417105142,1.126151694002909,0.6891342515442795,-0.220241,1.121964,0.739982
r7,right,elbow,1081,36.05886,0,4.535519510276955,-0.20142393824818564,1.1282830772427417,0.6989957714868384,-0.218955,1.122506,0.740425
r7,right,elbow,1082,36.09221,0,5.458704912998188,-0.19993501417105142,1.126151694002909,0.6891342515442795,-0.217583,1.122991,0.740693
r7,right,elbow,1083,36.12556,0,5.430045418333659,-0.19993501417105142,1.126151694002909,0.6891342515442795,-0.216187,1.123373,0.740871
r7,right,elbow,1084,36.15892,0,4.9182539526186755,-0.200679975840742,1.1272174038601783,0.6940650055039504,-0.214886,1.123678,0.741018
r7,right,elbow,1085,36.19227,0,5.401729090990825,-0.19993501417105142,1.126151694002909,0.6891342515442795,-0.213829,1.123888,0.741285
r7,right,elbow,1086,36.22563,0,5.427844582365602,-0.19993501417105142,1.126151694002909,0.6891342515442795,-0.213182,1.124065,0.74173
r7,right,elbow,1087,36.25898,0,5.189752483738545,-0.20038159891280607,1.1267909059498753,0.6920927226283509,-0.212926,1.124149,0.742382
r7,right,elbow,1088,36.29234,0,4.769705827584233,-0.20112656058249664,1.1278566158071446,0.697023476588022,-0.213038,1.124209,0.743065
r7,right,elbow,1089,36.32569,0,4.840882430758494,-0.20112656058249664,1.1278566158071446,0.697023476588022,-0.213486,1.124227,0.743687
r7,right,elbow,1090,36.35904,0,5.196007233088604,-0.200679975840742,1.1272174038601783,0.6940650055039504,-0.214139,1.124235,0.744163
r7,right,elbow,1091,36.3924,0,5.431681241458134,-0.20038159891280607,1.1267909059498753,0.6920927226283509,-0.214865,1.124144,0.744376
r7,right,elbow,1092,36.42575,0,5.449482901981232,-0.20038159891280607,1.1267909059498753,0.6920927226283509,-0.215692,1.124036,0.74432
r7,right,elbow,1093,36.45911,0,5.2547824697151,-0.200679975840742,1.1272174038601783,0.6940650055039504,-0.216544,1.12393,0.744053
r7,right,elbow,1094,36.49246,0,4.9512959329772235,-0.20112656058249664,1.1278566158071446,0.697023476588022,-0.217359,1.123826,0.743626
r7,right,elbow,1095,36.52582,0,5.417181886165733,-0.20038159891280607,1.1267909059498753,0.6920927226283509,-0.218102,1.123855,0.7432
r7,right,elbow,1096,36.55917,0,5.405992025960855,-0.20038159891280607,1.1267909059498753,0.6920927226283509,-0.218713,1.124035,0.742875
r7,right,elbow,1097,36.59253,0,5.413644503868888,-0.20038159891280607,1.1267909059498753,0.6920927226283509,-0.219144,1.124346,0.742815
r7,right,elbow,1098,36.62588,0,5.246277724509571,-0.200679975840742,1.1272174038601783,0.6940650055039504,-0.219334,1.124725,0.743036
r7,right,elbow,1099,36.65923,0,5.299100648803048,-0.200679975840742,1.1272174038601783,0.6940650055039504,-0.219452,1.125092,0.743574
r7,right,elbow,1100,36.69259,0,5.084589794177287,-0.20112656058249664,1.1278566158071446,0.697023476588022,-0.21947,1.12537,0.74438
r7,right,elbow,1101,36.72594,0,5.170587276790657,-0.20112656058249664,1.1278566158071446,0.697023476588022,-0.21944,1.125519,0.745321
r7,right,elbow,1102,36.7593,0,5.539055561502293,-0.200679975840742,1.1272174038601783,0.6940650055039504,-0.219383,1.125496,0.746174
r7,right,elbow,1103,36.79265,0,5.2906046019702835,-0.20120465694455814,1.1257651456963795,0.6971692769104125,-0.219293,1.125435,0.746886
r7,right,elbow,1104,36.826,0,5.130589045573174,-0.20150218350702892,1.1261876195817178,0.6991418497888714,-0.219157,1.125339,0.747307
r7,right,elbow,1105,36.85936,0,5.128003214436601,-0.20150218350702892,1.1261876195817178,0.6991418497888714,-0.218974,1.125329,0.747346
r7,right,elbow,1106,36.89271,0,5.5785005752484516,-0.20075792330602163,1.1251299212996722,0.6942105278466986,-0.218752,1.125411,0.747013
r7,right,elbow,1107,36.92607,0,5.516613526657046,-0.20075792330602163,1.1251299212996722,0.6942105278466986,-0.218497,1.125563,0.746445
r7,right,elbow,1108,36.95942,0,5.154695145365971,-0.20120465694455814,1.1257651456963795,0.6971692769104125,-0.218194,1.125743,0.745836
r7,right,elbow,1109,36.99277,0,5.392385926504189,-0.20075792330602163,1.1251299212996722,0.6942105278466986,-0.217815,1.12595,0.745359
r7,right,elbow,1110,37.02613,0,5.8596683169802946,-0.20001266384276745,1.1240721865429204,0.6892792179277429,-0.217349,1.126069,0.745217
r7,right,elbow,1111,37.05948,0,5.067792395373561,-0.20120465694455814,1.1257651456963795,0.6971692769104125,-0.216811,1.126127,0.745383
r7,right,elbow,1112,37.09283,0,5.093164454248597,-0.20120465694455814,1.1257651456963795,0.6971692769104125,-0.216273,1.126056,0.74582
r7,right,elbow,1113,37.12619,0,5.136983472942475,-0.20120465694455814,1.1257651456963795,0.6971692769104125,-0.215887,1.125901,0.746396
r7,right,elbow,1114,37.15954,0,4.985028299195938,-0.20150218350702892,1.1261876195817178,0.6991418497888714,-0.215798,1.125717,0.746896
r7,right,elbow,1115,37.1929,0,5.507532972563933,-0.20075792330602163,1.1251299212996722,0.6942105278466986,-0.216067,1.125513,0.747114
r7,right,elbow,1116,37.22625,0,5.219737820865928,-0.20120465694455814,1.1257651456963795,0.6971692769104125,-0.216816,1.125273,0.746975
r7,right,elbow,1117,37.25961,0,5.014581850259787,-0.20150218350702892,1.1261876195817178,0.6991418497888714,-0.217946,1.125083,0.746502
r7,right,elbow,1118,37.29296,0,5.1936168487102075,-0.20120465694455814,1.1257651456963795,0.6971692769104125,-0.219334,1.124856,0.74583
r7,right,elbow,1119,37.32631,0,5.4736264321402475,-0.20075792330602163,1.1251299212996722,0.6942105278466986,-0.22088,1.124494,0.74511
r7,right,elbow,1120,37.35966,0,5.490582406642486,-0.20075792330602163,1.1251299212996722,0.6942105278466986,-0.222411,1.124058,0.744655
r7,right,elbow,1121,37.39302,0,5.545407816554809,-0.20075792330602163,1.1251299212996722,0.6942105278466986,-0.223739,1.123492,0.744652
r7,right,elbow,1122,37.42637,0,5.17345421316587,-0.20150218350702892,1.1261876195817178,0.6991418497888714,-0.224886,1.122833,0.745168
r7,right,elbow,1123,37.45972,0,5.219284595958652,-0.20360163348776125,1.1262642529389166,0.6991165890096358,-0.225777,1.122198,0.746189
r7,right,elbow,1124,37.49308,0,4.821266648778648,-0.20450513061149866,1.127534069591826,0.7050340363998024,-0.226542,1.121766,0.747526
r7,right,elbow,1125,37.52644,0,4.896328098147678,-0.206613573952453,1.1276110312213783,0.7050086674116125,-0.227299,1.121689,0.748991
r7,right,elbow,1126,37.55979,0,5.5487279926349835,-0.20779853492473205,1.1264174467039023,0.6990660914975988,-0.2283,1.12203,0.75044
r7,right,elbow,1127,37.59315,0,5.077947764413219,-0.21083046063436178,1.127764954480483,0.7049579294352325,-0.22988,1.122807,0.751767
r7,right,elbow,1128,37.6265,0,5.182134576223221,-0.21293890397531617,1.1278419161100355,0.7049325604470426,-0.232145,1.123928,0.752904
r7,right,elbow,1129,37.65985,0,5.041802970505834,-0.2174772995136213,1.128419188647421,0.7068541067919097,-0.234999,1.125188,0.754019
r7,right,elbow,1130,37.69321,0,4.834195413511446,-0.22219191943285377,1.129209199625672,0.7097615741900792,-0.238291,1.126377,0.755256
r7,right,elbow,1131,37.72656,0,5.251269989598772,-0.2259240632866485,1.1287275093368079,0.7067524745373266,-0.241746,1.127246,0.756803
r7,right,elbow,1132,37.75992,0,5.100873022082803,-0.2307385830074273,1.1274048846466946,0.709807018658359,-0.245098,1.127699,0.758752
r7,right,elbow,1133,37.79327,0,4.882283872539422,-0.23371549286156793,1.1285360923213128,0.7147120366926999,-0.248256,1.127653,0.761311
r7,right,elbow,1134,37.82663,0,4.635661615082111,-0.2368827284406788,1.129877558419985,0.7206030159400344,-0.251257,1.127146,0.76459
r7,right,elbow,1135,37.85998,0,4.629534857696305,-0.2377511949538651,1.1309318044650505,0.725533402962565,-0.254227,1.126336,0.768553
r7,right,elbow,1136,37.89333,0,4.836578361610119,-0.24042051117467508,1.1316421672824002,0.7284658293607971,-0.257298,1.125462,0.773368
r7,right,elbow,1137,37.92669,0,4.940998471717118,-0.24345337971464195,1.1327754175405513,0.733370174094977,-0.260468,1.124633,0.779038
r7,right,elbow,1138,37.96004,0,4.650237040967388,-0.2454006237109227,1.1350948975488557,0.7442166688886891,-0.263503,1.124037,0.785599
r7,right,elbow,1139,37.9934,0,4.618132293600436,-0.24699327152407322,1.1369928152762772,0.7530910676425883,-0.266198,1.123734,0.792942
r7,right,elbow,1140,38.02675,0,4.792650423948854,-0.24813802848960595,1.1360623192267256,0.7591603955783347,-0.268098,1.12375,0.800957
r7,right,elbow,1141,38.0601,0,4.9434314923814515,-0.24734249477334722,1.1376557777510992,0.7670762571257217,-0.268873,1.12398,0.809422
r7,right,elbow,1142,38.09346,0,5.1263590196045605,-0.2483946271935346,1.1389110549091948,0.7729933149779615,-0.268252,1.124317,0.817945
r7,right,elbow,1143,38.12682,0,4.642560589737657,-0.2505834968391448,1.1391826362297501,0.78498350422838,-0.266238,1.124649,0.826203
r7,right,elbow,1144,38.16017,0,4.773246916242273,-0.249384663659026,1.1403457669996957,0.7909283453379684,-0.262893,1.124852,0.834008
r7,right,elbow,1145,38.19352,0,5.02808099250372,-0.24773373081918984,1.138632414541327,0.7940715235244148,-0.258445,1.124856,0.841227
r7,right,elbow,1146,38.22688,0,4.971917726792569,-0.24658579388831042,1.1375214015237276,0.8001752218195017,-0.25317,1.124691,0.847757
r7,right,elbow,1147,38.26023,0,5.236022202382882,-0.244826087828336,1.138051131105876,0.8031622675426681,-0.247375,1.124325,0.853627
r7,right,elbow,1148,38.29359,0,5.063704100114813,-0.24372916461031283,1.1346360311990846,0.8094269198937882,-0.241431,1.123857,0.85885
r7,right,elbow,1149,38.32694,0,5.188744294825788,-0.23974477988505374,1.1327885898622423,0.8126016015893363,-0.235673,1.123309,0.863453
r7,right,elbow,1150,38.36029,0,4.987920666839768,-0.2362241650627846,1.1315220912266373,0.8187386742204226,-0.230382,1.122713,0.867485
r7,right,elbow,1151,38.39365,0,5.567728145757508,-0.23362033288180625,1.126271099732866,0.8161237695748104,-0.225808,1.122019,0.871086
r7,right,elbow,1152,38.427,0,4.931539812987216,-0.2330803080153823,1.1235168758106413,0.8263468262962557,-0.222041,1.121081,0.874349
r7,right,elbow,1153,38.46035,0,4.883553438781215,-0.22901606834082297,1.1216106178442873,0.8295263856106023,-0.219145,1.119864,0.877322
r7,right,elbow,1154,38.49371,0,5.404446465955911,-0.22641653100239584,1.1163517971488222,0.8269119888314059,-0.217093,1.118286,0.880111
r7,right,elbow,1155,38.52707,0,5.034900277557364,-0.22270136109456729,1.1172943037398109,0.8328961293613326,-0.215733,1.116369,0.882752
r7,right,elbow,1156,38.56042,0,5.247732336558964,-0.21806578353120837,1.1171250975789135,0.832951905065699,-0.214886,1.114181,0.88525
r7,right,elbow,1157,38.59377,0,4.5086717535354754,-0.21962014693594376,1.1166464588713054,0.842995677932187,-0.214411,1.111805,0.887518
r7,right,elbow,1158,38.62713,0,4.671726925309756,-0.21737290049616076,1.1142305308319127,0.8431862432683822,-0.214109,1.109445,0.889543
r7,right,elbow,1159,38.66048,0,5.200306969360886,-0.21687921049844888,1.1111801638999423,0.8393946613074456,-0.213808,1.107211,0.891155
r7,right,elbow,1160,38.69384,0,4.937733449381492,-0.2151266533186247,1.1118146392672261,0.8433767965813604,-0.213483,1.105331,0.892299
r7,right,elbow,1161,38.72719,0,4.686516531176138,-0.2156441170765435,1.1100197191746122,0.8465051452064932,-0.213119,1.10392,0.892903
r7,right,elbow,1162,38.76054,0,4.7098592979812075,-0.2156441170765435,1.1100197191746122,0.8465051452064932,-0.212801,1.10287,0.892971
r7,right,elbow,1163,38.7939,0,4.966264925903566,-0.21521364626339964,1.109484913028495,0.8435392061873789,-0.212578,1.102194,0.892593
r7,right,elbow,1164,38.82725,0,4.89794333619429,-0.21521364626339964,1.109484913028495,0.8435392061873789,-0.212561,1.101705,0.891824
r7,right,elbow,1165,38.86061,0,5.187349569585055,-0.21463869832502602,1.1087714693964443,0.8395846560167467,-0.21276,1.101294,0.890882
r7,right,elbow,1166,38.89396,0,5.092104435789673,-0.21463869832502602,1.1087714693964443,0.8395846560167467,-0.213118,1.100845,0.889862
r7,right,elbow,1167,38.92731,0,5.000427291115456,-0.21463869832502602,1.1087714693964443,0.8395846560167467,-0.213633,1.100371,0.888868
r7,right,elbow,1168,38.96067,0,4.919662062533304,-0.21463869832502602,1.1087714693964443,0.8395846560167467,-0.214155,1.099898,0.887972
r7,right,elbow,1169,38.99402,0,4.916665101476263,-0.21455192872542386,1.1110952143097874,0.8394226633801918,-0.214507,1.099457,0.887192
r7,right,elbow,1170,39.02738,0,5.410320577748921,-0.21369039730303918,1.110014599779635,0.833491561809196,-0.214674,1.099162,0.886486
r7,right,elbow,1171,39.06073,0,4.792413314310853,-0.21455192872542386,1.1110952143097874,0.8394226633801918,-0.214688,1.099007,0.885797
r7,right,elbow,1172,39.09409,0,5.008222332769424,-0.2164439667192432,1.1106391940549072,0.8364291993738802,-0.214726,1.098963,0.885101
r7,right,elbow,1173,39.12744,0,5.2193495450483995,-0.21600768645359522,1.1100991846227308,0.8334636799686214,-0.214986,1.09905,0.884464
r7,right,elbow,1174,39.16079,0,5.165889529714205,-0.21600768645359522,1.1100991846227308,0.8334636799686214,-0.215643,1.099226,0.883964
r7,right,elbow,1175,39.19415,0,4.863522027093067,-0.2164439667192432,1.1106391940549072,0.8364291993738802,-0.216669,1.099394,0.883746
r7,right,elbow,1176,39.2275,0,5.148492819580416,-0.21600768645359522,1.1100991846227308,0.8334636799686214,-0.217945,1.099593,0.883828
r7,right,elbow,1177,39.26086,0,4.913240406483972,-0.2164439667192432,1.1106391940549072,0.8364291993738802,-0.219333,1.099898,0.884286
r7,right,elbow,1178,39.29421,0,4.713270133784232,-0.21687921049844888,1.1111801638999423,0.8393946613074456,-0.220508,1.100327,0.885117
r7,right,elbow,1179,39.32756,0,4.809300764255521,-0.21687921049844888,1.1111801638999423,0.8393946613074456,-0.221316,1.101,0.886188
r7,right,elbow,1180,39.36092,0,4.912596449845086,-0.21687921049844888,1.1111801638999423,0.8393946613074456,-0.221672,1.101908,0.887399
r7,right,elbow,1181,39.39427,0,5.008815914961461,-0.21687921049844888,1.1111801638999423,0.8393946613074456,-0.221562,1.103091,0.888603
r7,right,elbow,1182,39.42762,0,4.411369347326331,-0.2202344473643246,1.1125261648372786,0.8462860379515245,-0.221145,1.104388,0.889633
r7,right,elbow,1183,39.46098,0,5.127423491987214,-0.21920649227147387,1.1112651134900975,0.8393666592346992,-0.220516,1.105726,0.890324
r7,right,elbow,1184,39.49433,0,4.768514532608542,-0.22212748462039078,1.1120701810571045,0.8432925619219958,-0.21987,1.106957,0.890649
r7,right,elbow,1185,39.52768,0,5.143992808472205,-0.22153377404449887,1.1113500630802526,0.839338657161953,-0.219397,1.107941,0.890621
r7,right,elbow,1186,39.56104,0,4.7275970457262995,-0.22212748462039078,1.1120701810571045,0.8432925619219958,-0.21937,1.108596,0.89036
r7,right,elbow,1187,39.59439,0,5.094823572440975,-0.22386105581752386,1.111435012670408,0.8393106550892069,-0.219883,1.108899,0.89004
r7,right,elbow,1188,39.62775,0,5.081555793655602,-0.22618833759054885,1.1115199622605632,0.8392826530164607,-0.221096,1.108815,0.88977
r7,right,elbow,1189,39.6611,0,5.349148323628145,-0.22573310856640527,1.1109782629214089,0.8363174315472381,-0.222938,1.108388,0.889673
r7,right,elbow,1190,39.69446,0,4.698986039161649,-0.22912931518440371,1.112325759321689,0.843208315239414,-0.225046,1.107717,0.889793
r7,right,elbow,1191,39.72781,0,5.1140286303081215,-0.2285156193635739,1.1116049118507183,0.8392546509437143,-0.227101,1.10681,0.89015
r7,right,elbow,1192,39.76117,0,4.519315979490272,-0.23192881343976962,1.1129530283209994,0.8461453302411984,-0.228667,1.105791,0.890648
r7,right,elbow,1193,39.79452,0,5.258388624258557,-0.23317018290962385,1.1117748110310286,0.839198646798222,-0.229524,1.104791,0.891189
r7,right,elbow,1194,39.82787,0,4.946428270828834,-0.23379686913966338,1.1124961326731766,0.8431521547920986,-0.229716,1.103796,0.891674
r7,right,elbow,1195,39.86123,0,5.341823947511136,-0.23558423428225103,1.1095360157078409,0.8393326373620306,-0.229324,1.102971,0.891975
r7,right,elbow,1196,39.89458,0,4.997531179850465,-0.23621813869319158,1.1102516113475425,0.8432864781628508,-0.228647,1.102283,0.892038
r7,right,elbow,1197,39.92794,0,4.728059470328304,-0.23669357630744584,1.1107880588554273,0.8462518761371933,-0.228154,1.101709,0.89186
r7,right,elbow,1198,39.96129,0,5.652942636852508,-0.2374311193539827,1.1090833385290164,0.8363393669259379,-0.228188,1.101172,0.891544
r7,right,elbow,1200,40.028,0,5.353493748103844,-0.23782474645567386,1.111944710211339,0.8391426426527294,-0.230383,1.10001,0.890797
r7,right,elbow,1201,40.06136,0,4.9710277759672055,-0.23846442309492308,1.1126665060246643,0.8430959943447832,-0.232214,1.099315,0.89057
r7,right,elbow,1202,40.09471,0,5.310069988216831,-0.23782474645567386,1.111944710211339,0.8391426426527294,-0.233927,1.098719,0.890422
r7,right,elbow,1203,40.12806,0,5.31707053916986,-0.23782474645567386,1.111944710211339,0.8391426426527294,-0.235056,1.098428,0.890492
r7,right,elbow,1204,40.16142,0,5.3379631031684545,-0.23782474645567386,1.111944710211339,0.8391426426527294,-0.235207,1.098635,0.89077
r7,right,elbow,1205,40.19477,0,4.982826693836679,-0.23613114574841668,1.1125813375862734,0.8431240685568323,-0.23425,1.099424,0.891147
r7,right,elbow,1206,40.22813,0,5.6424339186023476,-0.2350222504135673,1.1113173317879104,0.8362056637205962,-0.232396,1.100649,0.89155
r7,right,elbow,1207,40.26148,0,5.015307945790229,-0.23613114574841668,1.1125813375862734,0.8431240685568323,-0.230083,1.102117,0.891799
r7,right,elbow,1208,40.29483,0,5.022625447781353,-0.23613114574841668,1.1125813375862734,0.8431240685568323,-0.227883,1.103441,0.891818
r7,right,elbow,1209,40.32819,0,5.019621335026503,-0.23613114574841668,1.1125813375862734,0.8431240685568323,-0.226195,1.104311,0.891627
r7,right,elbow,1210,40.36154,0,5.638351766519187,-0.2350222504135673,1.1113173317879104,0.8362056637205962,-0.225281,1.10453,0.891325
r7,right,elbow,1211,40.39489,0,5.620089493493808,-0.2350222504135673,1.1113173317879104,0.8362056637205962,-0.225128,1.104223,0.891072
r7,right,elbow,1212,40.42825,0,4.991231176118202,-0.23613114574841668,1.1125813375862734,0.8431240685568323,-0.225483,1.103541,0.891042
r7,right,elbow,1213,40.4616,0,5.37233500029284,-0.23549746468264887,1.1118597606211837,0.8391706447254758,-0.226055,1.102864,0.891287
r7,right,elbow,1214,40.49495,0,5.071280396685469,-0.23613114574841668,1.1125813375862734,0.8431240685568323,-0.226439,1.10243,0.891856
r7,right,elbow,1215,40.52831,0,5.463886433186685,-0.23317018290962385,1.1117748110310286,0.839198646798222,-0.22643,1.102517,0.892624
r7,right,elbow,1216,40.56166,0,4.911236292148737,-0.2342670870975105,1.1130383791329201,0.8461171959130636,-0.225868,1.103117,0.893478
r7,right,elbow,1217,40.59502,0,5.250121627032829,-0.23379686913966338,1.1124961326731766,0.8431521547920986,-0.224871,1.104123,0.894207
r7,right,elbow,1218,40.62837,0,5.2967910696589895,-0.23379686913966338,1.1124961326731766,0.8431521547920986,-0.2236,1.105309,0.89463
r7,right,elbow,1219,40.66173,0,5.047681974444804,-0.2342670870975105,1.1130383791329201,0.8461171959130636,-0.222307,1.10634,0.894697
r7,right,elbow,1220,40.69508,0,5.3067912955030225,-0.23379686913966338,1.1124961326731766,0.8431521547920986,-0.221151,1.107109,0.894409
r7,right,elbow,1221,40.72844,0,5.278746978788028,-0.23379686913966338,1.1124961326731766,0.8431521547920986,-0.220259,1.107521,0.893931
r7,right,elbow,1222,40.76179,0,5.5949751804580155,-0.23317018290962385,1.1117748110310286,0.839198646798222,-0.219672,1.1076,0.893335
r7,right,elbow,1223,40.79514,0,5.55466825621325,-0.23317018290962385,1.1117748110310286,0.839198646798222,-0.219248,1.107511,0.892803
r7,right,elbow,1224,40.8285,0,5.173819867669857,-0.23379686913966338,1.1124961326731766,0.8431521547920986,-0.218986,1.107376,0.89246
r7,right,elbow,1225,40.86185,0,5.210437178745276,-0.23370983897069306,1.1148268557994725,0.8429896756911697,-0.218943,1.107382,0.8924
r7,right,elbow,1226,40.89521,0,5.217414264294485,-0.23370983897069306,1.1148268557994725,0.8429896756911697,-0.219117,1.107556,0.892551
r7,right,elbow,1227,40.92856,0,5.86147412977699,-0.2326133814731519,1.1135513250468043,0.8360719605152547,-0.219553,1.10785,0.892928
r7,right,elbow,1228,40.96191,0,5.265110779618635,-0.23370983897069306,1.1148268557994725,0.8429896756911697,-0.220306,1.108208,0.893474
r7,right,elbow,1229,40.99527,0,4.9622646950937135,-0.2318416343740175,1.1152877389975542,0.8459825731606272,-0.221252,1.10851,0.893986
r7,right,elbow,1230,41.02862,0,5.034732884772194,-0.2341799080317584,1.115373089809475,0.8459544388324923,-0.222225,1.108675,0.894401
r7,right,elbow,1231,41.06197,0,5.313454388555865,-0.23370983897069306,1.1148268557994725,0.8429896756911697,-0.22303,1.108658,0.894673
r7,right,elbow,1232,41.09533,0,5.3141563523043125,-0.23370983897069306,1.1148268557994725,0.8429896756911697,-0.223436,1.10844,0.894736
r7,right,elbow,1233,41.12868,0,5.234791280069978,-0.23146359179315704,1.112410964234786,0.8431802290041479,-0.22336,1.108051,0.894713
r7,right,elbow,1234,41.16204,0,5.236812770903252,-0.23146359179315704,1.112410964234786,0.8431802290041479,-0.222945,1.107585,0.894625
r7,right,elbow,1235,41.19539,0,5.247917997958672,-0.23146359179315704,1.112410964234786,0.8431802290041479,-0.222339,1.107115,0.894588
r7,right,elbow,1238,41.29545,0,5.284194462670462,-0.23146359179315704,1.112410964234786,0.8431802290041479,-0.221802,1.106413,0.894784
r7,right,elbow,1239,41.3288,0,4.99650301185774,-0.23192881343976962,1.1129530283209994,0.8461453302411984,-0.222532,1.10645,0.894786
r7,right,elbow,1240,41.36216,0,5.239889526269357,-0.23146359179315704,1.112410964234786,0.8431802290041479,-0.223647,1.106654,0.894672
r7,right,elbow,1241,41.39551,0,5.202790503516818,-0.23146359179315704,1.112410964234786,0.8431802290041479,-0.225019,1.10698,0.894521
r7,right,elbow,1242,41.42886,0,5.167273114916019,-0.23146359179315704,1.112410964234786,0.8431802290041479,-0.226519,1.107429,0.894374
r7,right,elbow,1243,41.46222,0,5.525902037991131,-0.2308429011365989,1.1116898614408735,0.839226648870968,-0.227936,1.107902,0.894279
r7,right,elbow,1244,41.49557,0,5.173178318940227,-0.23137656162418668,1.1147416873610818,0.8430177499032189,-0.229142,1.108322,0.894301
r7,right,elbow,1245,41.52892,0,5.172237388303634,-0.23137656162418668,1.1147416873610818,0.8430177499032189,-0.230031,1.108587,0.894355
r7,right,elbow,1246,41.56228,0,4.879700814853999,-0.2318416343740175,1.1152877389975542,0.8459825731606272,-0.230594,1.108528,0.894293
r7,right,elbow,1247,41.59563,0,4.866380527854104,-0.2318416343740175,1.1152877389975542,0.8459825731606272,-0.230849,1.108084,0.8941
r7,right,elbow,1248,41.62898,0,5.465565954015505,-0.2308429011365989,1.1116898614408735,0.839226648870968,-0.230823,1.107291,0.893705
r7,right,elbow,1249,41.66234,0,5.033802523181172,-0.23146359179315704,1.112410964234786,0.8431802290041479,-0.230668,1.106295,0.893139
r7,right,elbow,1250,41.69569,0,5.376548046923924,-0.2308429011365989,1.1116898614408735,0.839226648870968,-0.230465,1.105361,0.892617
r7,right,elbow,1251,41.72905,0,4.970961908388715,-0.23146359179315704,1.112410964234786,0.8431802290041479,-0.23025,1.10468,0.89227
r7,right,elbow,1253,41.79576,0,5.368852378373896,-0.2308429011365989,1.1116898614408735,0.839226648870968,-0.22966,1.10473,0.892449
r7,right,elbow,1254,41.82911,0,4.753604419360098,-0.23192881343976962,1.1129530283209994,0.8461453302411984,-0.229153,1.105454,0.893004
r7,right,elbow,1255,41.86247,0,4.812652168712096,-0.23192881343976962,1.1129530283209994,0.8461453302411984,-0.228416,1.106458,0.893702
r7,right,elbow,1256,41.89582,0,5.15505836897728,-0.23146359179315704,1.112410964234786,0.8431802290041479,-0.22742,1.107523,0.894339
r7,right,elbow,1257,41.92918,0,4.9225166279773775,-0.23192881343976962,1.1129530283209994,0.8461453302411984,-0.226236,1.108489,0.894836
r7,right,elbow,1258,41.96253,0,5.276818281405945,-0.23137656162418668,1.1147416873610818,0.8430177499032189,-0.225138,1.109295,0.895132
r7,right,elbow,1259,41.99589,0,5.2960308204900235,-0.23137656162418668,1.1147416873610818,0.8430177499032189,-0.224326,1.109934,0.895286
r7,right,elbow,1260,42.02924,0,5.023575623079212,-0.2318416343740175,1.1152877389975542,0.8459825731606272,-0.223862,1.110399,0.895339
r7,right,elbow,1261,42.0626,0,5.303389022830571,-0.23137656162418668,1.1147416873610818,0.8430177499032189,-0.223739,1.110766,0.895348
r7,right,elbow,1262,42.09595,0,5.305225257040214,-0.23137656162418668,1.1147416873610818,0.8430177499032189,-0.223851,1.111084,0.895406
r7,right,elbow,1263,42.12931,0,5.306452678282702,-0.23137656162418668,1.1147416873610818,0.8430177499032189,-0.224108,1.11128,0.895468
r7,right,elbow,1264,42.16266,0,5.296670433824865,-0.23137656162418668,1.1147416873610818,0.8430177499032189,-0.224401,1.111343,0.895413
r7,right,elbow,1265,42.19601,0,4.717337175185707,-0.2323066698996528,1.1158347875215915,0.8489473269231252,-0.22466,1.111235,0.895269
r7,right,elbow,1266,42.22937,0,5.245642346821516,-0.23137656162418668,1.1147416873610818,0.8430177499032189,-0.224868,1.11097,0.894932
r7,right,elbow,1267,42.26273,0,5.2044252410912515,-0.23137656162418668,1.1147416873610818,0.8430177499032189,-0.225084,1.110564,0.894511
r7,right,elbow,1268,42.29608,0,5.81818667253449,-0.23029109601136138,1.113466557830179,0.8360999024719151,-0.225416,1.11006,0.893977
r7,right,elbow,1269,42.32943,0,5.102323901058021,-0.23137656162418668,1.1147416873610818,0.8430177499032189,-0.225924,1.109565,0.893484
r7,right,elbow,1270,42.36279,0,5.441702221135199,-0.23075613153699673,1.114013606354216,0.8390646562344132,-0.226746,1.109102,0.893111
r7,right,elbow,1271,42.39614,0,4.741511593050488,-0.2318416343740175,1.1152877389975542,0.8459825731606272,-0.227818,1.108742,0.892771
r7,right,elbow,1272,42.4295,0,4.989245340392915,-0.23137656162418668,1.1147416873610818,0.8430177499032189,-0.228922,1.108585,0.892468
r7,right,elbow,1273,42.46285,0,5.342506014778593,-0.23075613153699673,1.114013606354216,0.8390646562344132,-0.229945,1.108644,0.892213
r7,right,elbow,1274,42.4962,0,5.321132755956301,-0.23075613153699673,1.114013606354216,0.8390646562344132,-0.230546,1.10897,0.892036
r7,right,elbow,1275,42.52956,0,4.927662608112581,-0.23137656162418668,1.1147416873610818,0.8430177499032189,-0.230615,1.109567,0.892016
r7,right,elbow,1276,42.56292,0,5.612615328161715,-0.23029109601136138,1.113466557830179,0.8360999024719151,-0.230079,1.110331,0.892138
r7,right,elbow,1277,42.59627,0,4.670550794246988,-0.2318416343740175,1.1152877389975542,0.8459825731606272,-0.229137,1.111198,0.89243
r7,right,elbow,1278,42.62962,0,5.386120588881779,-0.23075613153699673,1.114013606354216,0.8390646562344132,-0.228122,1.112062,0.892826
r7,right,elbow,1279,42.66298,0,5.03708915161532,-0.23137656162418668,1.1147416873610818,0.8430177499032189,-0.227299,1.112806,0.893186
r7,right,elbow,1280,42.69633,0,5.061726829623048,-0.23137656162418668,1.1147416873610818,0.8430177499032189,-0.226988,1.113307,0.893424
r7,right,elbow,1281,42.72971,0,5.063344505525424,-0.23137656162418668,1.1147416873610818,0.8430177499032189,-0.227182,1.113465,0.893461
r7,right,elbow,1282,42.76308,0,5.423894454392062,-0.23075613153699673,1.114013606354216,0.8390646562344132,-0.22778,1.113286,0.893217
r7,right,elbow,1283,42.79645,0,4.984557046389419,-0.23137656162418668,1.1147416873610818,0.8430177499032189,-0.228476,1.112853,0.892743
r7,right,elbow,1284,42.82982,0,5.312392069022195,-0.23075613153699673,1.114013606354216,0.8390646562344132,-0.228954,1.112229,0.892128
r7,right,elbow,1285,42.86319,0,5.2563293153415085,-0.23075613153699673,1.114013606354216,0.8390646562344132,-0.228959,1.111499,0.891537
r7,right,elbow,1286,42.89656,0,5.214689803071149,-0.23075613153699673,1.114013606354216,0.8390646562344132,-0.228356,1.110719,0.891052
r7,right,elbow,1287,42.92994,0,5.194388200234068,-0.23075613153699673,1.114013606354216,0.8390646562344132,-0.22729,1.10996,0.890734
r7,right,elbow,1288,42.96331,0,5.195127354412178,-0.23075613153699673,1.114013606354216,0.8390646562344132,-0.225989,1.109283,0.89058
r7,right,elbow,1289,42.99668,0,5.217084996355674,-0.23075613153699673,1.114013606354216,0.8390646562344132,-0.224701,1.108751,0.890615
r7,right,elbow,1290,43.03005,0,4.879731940267811,-0.23137656162418668,1.1147416873610818,0.8430177499032189,-0.223684,1.108485,0.890797
r7,right,elbow,1291,43.06342,0,4.921819601167013,-0.23137656162418668,1.1147416873610818,0.8430177499032189,-0.222999,1.108551,0.891121
r7,right,elbow,1292,43.0968,0,5.5849257263581515,-0.22796881054957088,1.1133817906135535,0.8361278444285756,-0.222623,1.108991,0.891547
r7,right,elbow,1293,43.13017,0,5.6317592066265,-0.22796881054957088,1.1133817906135535,0.8361278444285756,-0.222439,1.109727,0.892054
r7,right,elbow,1294,43.16354,0,4.744373331761265,-0.22950236145402972,1.1152023517109277,0.8460107195119793,-0.222188,1.110705,0.892671
r7,right,elbow,1295,43.19692,0,5.088968126638922,-0.2290422850154334,1.1146564824479848,0.843045836138485,-0.221693,1.111854,0.893324
r7,right,elbow,1296,43.23029,0,4.879561155442579,-0.22950236145402972,1.1152023517109277,0.8460107195119793,-0.22086,1.112992,0.893984
r7,right,elbow,1297,43.26367,0,5.241011823071492,-0.2290422850154334,1.1146564824479848,0.843045836138485,-0.219775,1.11393,0.894625
r7,right,elbow,1298,43.29704,0,5.700073348527974,-0.2284288497639717,1.113928656764061,0.8390926583071594,-0.218569,1.114689,0.895229
r7,right,elbow,1299,43.33042,0,5.120201156942686,-0.22950236145402972,1.1152023517109277,0.8460107195119793,-0.217475,1.115117,0.89578
r7,right,elbow,1300,43.36379,0,5.4683120366108495,-0.2290422850154334,1.1146564824479848,0.843045836138485,-0.216683,1.115305,0.89631
r7,right,elbow,1301,43.39717,0,5.23288620394587,-0.22950236145402972,1.1152023517109277,0.8460107195119793,-0.216305,1.115275,0.896648
r7,right,elbow,1302,43.43054,0,5.246379991626586,-0.22950236145402972,1.1152023517109277,0.8460107195119793,-0.216342,1.115108,0.896797
r7,right,elbow,1303,43.46392,0,4.949231690420664,-0.22996240066843046,1.1157492178614352,0.8489755333905631,-0.216738,1.114912,0.896661
r7,right,elbow,1304,43.49729,0,5.454257048929721,-0.2290422850154334,1.1146564824479848,0.843045836138485,-0.217385,1.11476,0.896328
r7,right,elbow,1305,43.53067,0,5.388222967583125,-0.2290422850154334,1.1146564824479848,0.843045836138485,-0.218157,1.114754,0.895817
r7,right,elbow,1306,43.56404,0,5.693575459503173,-0.2284288497639717,1.113928656764061,0.8390926583071594,-0.218963,1.114878,0.895228
r7,right,elbow,1307,43.59742,0,5.259705058338141,-0.2290422850154334,1.1146564824479848,0.843045836138485,-0.219629,1.115074,0.894792
r7,right,elbow,1308,43.63079,0,5.222934544999527,-0.2290422850154334,1.1146564824479848,0.843045836138485,-0.220181,1.115297,0.894514
r7,right,elbow,1309,43.66417,0,5.2080818636775215,-0.2290422850154334,1.1146564824479848,0.843045836138485,-0.220455,1.11543,0.894408
r7,right,elbow,1310,43.69755,0,5.21033670089982,-0.2290422850154334,1.1146564824479848,0.843045836138485,-0.220424,1.115408,0.894426
r7,right,elbow,1311,43.7309,0,5.222898528706647,-0.2290422850154334,1.1146564824479848,0.843045836138485,-0.220081,1.115322,0.894496
r7,right,elbow,1312,43.76426,0,5.234502445782061,-0.2290422850154334,1.1146564824479848,0.843045836138485,-0.219439,1.115154,0.8945
r7,right,elbow,1313,43.79762,0,5.241653013568254,-0.2290422850154334,1.1146564824479848,0.843045836138485,-0.218561,1.114934,0.894403
r7,right,elbow,1314,43.83098,0,5.6166305292248,-0.2284288497639717,1.113928656764061,0.8390926583071594,-0.217655,1.114739,0.89421
r7,right,elbow,1315,43.86433,0,5.236703323656185,-0.2290422850154334,1.1146564824479848,0.843045836138485,-0.216885,1.114539,0.893982
r7,right,elbow,1316,43.89769,0,5.2264712435450384,-0.2290422850154334,1.1146564824479848,0.843045836138485,-0.216397,1.114383,0.893757
r7,right,elbow,1317,43.93105,0,5.580091758352451,-0.2284288497639717,1.113928656764061,0.8390926583071594,-0.216231,1.114268,0.893543
r7,right,elbow,1318,43.96441,0,5.19339412828277,-0.2290422850154334,1.1146564824479848,0.843045836138485,-0.21641,1.114204,0.893418
r7,right,elbow,1319,43.99776,0,5.556029007295721,-0.2284288497639717,1.113928656764061,0.8390926583071594,-0.216895,1.114184,0.893442
r7,right,elbow,1320,44.03112,0,5.55548931570034,-0.2284288497639717,1.113928656764061,0.8390926583071594,-0.21744,1.114242,0.893549
r7,right,elbow,1321,44.06448,0,5.193796115341273,-0.2290422850154334,1.1146564824479848,0.843045836138485,-0.217886,1.11444,0.893771
r7,right,elbow,1322,44.09784,0,5.218994689732252,-0.2290422850154334,1.1146564824479848,0.843045836138485,-0.217967,1.114756,0.894047
r7,right,elbow,1323,44.1312,0,5.253413536999745,-0.2290422850154334,1.1146564824479848,0.843045836138485,-0.217632,1.115198,0.894323
r7,right,elbow,1324,44.16455,0,5.286189349073432,-0.2290422850154334,1.1146564824479848,0.843045836138485,-0.216884,1.115697,0.89448
r7,right,elbow,1325,44.19791,0,5.6876385624770025,-0.2284288497639717,1.113928656764061,0.8390926583071594,-0.215875,1.116145,0.894522
r7,right,elbow,1326,44.23127,0,5.70176579590738,-0.2284288497639717,1.113928656764061,0.8390926583071594,-0.21487,1.116367,0.894421
r7,right,elbow,1327,44.26463,0,5.330857989207914,-0.2290422850154334,1.1146564824479848,0.843045836138485,-0.21421,1.116238,0.894225
r7,right,elbow,1328,44.29798,0,5.304028351331022,-0.2290422850154334,1.1146564824479848,0.843045836138485,-0.214137,1.115749,0.893937
r7,right,elbow,1329,44.33134,0,5.264306101279368,-0.2290422850154334,1.1146564824479848,0.843045836138485,-0.214658,1.1149,0.893685
r7,right,elbow,1330,44.3647,0,5.59042931094629,-0.2284288497639717,1.113928656764061,0.8390926583071594,-0.215712,1.113732,0.893531
r7,right,elbow,1331,44.39806,0,5.556581758395231,-0.2284288497639717,1.113928656764061,0.8390926583071594,-0.217097,1.112464,0.893471
r7,right,elbow,1332,44.43142,0,5.172149524255838,-0.2290422850154334,1.1146564824479848,0.843045836138485,-0.218524,1.111343,0.893578
r7,right,elbow,1333,44.46477,0,5.178446219941368,-0.2290422850154334,1.1146564824479848,0.843045836138485,-0.219634,1.110617,0.893808
r7,right,elbow,1334,44.49813,0,5.2066727234934325,-0.2290422850154334,1.1146564824479848,0.843045836138485,-0.220221,1.110352,0.894179
r7,right,elbow,1335,44.53149,0,5.245529737358883,-0.2290422850154334,1.1146564824479848,0.843045836138485,-0.220214,1.110568,0.894591
r7,right,elbow,1336,44.56484,0,5.286901219898254,-0.2290422850154334,1.1146564824479848,0.843045836138485,-0.219809,1.111119,0.894982
r7,right,elbow,1337,44.5982,0,5.31784022441527,-0.2290422850154334,1.1146564824479848,0.843045836138485,-0.219178,1.11187,0.895227
r7,right,elbow,1338,44.63156,0,5.315580292570398,-0.22912931518440371,1.112325759321689,0.843208315239414,-0.218574,1.112571,0.895305
r7,right,elbow,1339,44.66492,0,5.046442903683478,-0.22950236145402972,1.1152023517109277,0.8460107195119793,-0.218255,1.113127,0.895162
r7,right,elbow,1340,44.69827,0,5.663849428065797,-0.2284288497639717,1.113928656764061,0.8390926583071594,-0.218312,1.113424,0.894818
r7,right,elbow,1341,44.73163,0,5.235252519718257,-0.2290422850154334,1.1146564824479848,0.843045836138485,-0.218674,1.1134,0.894346
r7,right,elbow,1342,44.76499,0,5.167140960396556,-0.2290422850154334,1.1146564824479848,0.843045836138485,-0.219205,1.113123,0.893749
r7,right,elbow,1343,44.79835,0,5.476497767160511,-0.2284288497639717,1.113928656764061,0.8390926583071594,-0.219753,1.112611,0.89315
r7,right,elbow,1344,44.8317,0,5.424953667562797,-0.2284288497639717,1.113928656764061,0.8390926583071594,-0.220132,1.11202,0.89267
r7,right,elbow,1345,44.86506,0,5.0201188583548575,-0.2290422850154334,1.1146564824479848,0.843045836138485,-0.220293,1.111487,0.892377
r7,right,elbow,1346,44.89842,0,5.390503168755035,-0.2284288497639717,1.113928656764061,0.8390926583071594,-0.220249,1.111132,0.8923
r7,right,elbow,1347,44.93177,0,5.039147831486401,-0.2290422850154334,1.1146564824479848,0.843045836138485,-0.220152,1.111001,0.892512
r7,right,elbow,1348,44.96513,0,5.453160920830776,-0.2284288497639717,1.113928656764061,0.8390926583071594,-0.220116,1.11105,0.89291
r7,right,elbow,1349,44.99849,0,5.126729674687973,-0.2290422850154334,1.1146564824479848,0.843045836138485,-0.220146,1.111305,0.893424
r7,right,elbow,1350,45.03185,0,4.896483976842567,-0.22950236145402972,1.1152023517109277,0.8460107195119793,-0.22029,1.11156,0.893963
r7,right,elbow,1351,45.0652,0,5.212572669062496,-0.2290422850154334,1.1146564824479848,0.843045836138485,-0.220498,1.11178,0.894386
r7,right,elbow,1352,45.09856,0,5.242558643103239,-0.2290422850154334,1.1146564824479848,0.843045836138485,-0.22078,1.111866,0.894741
r7,right,elbow,1353,45.13192,0,5.260987642734824,-0.2290422850154334,1.1146564824479848,0.843045836138485,-0.221126,1.11176,0.894976
r7,right,elbow,1354,45.16528,0,5.27614369940939,-0.2290422850154334,1.1146564824479848,0.843045836138485,-0.221449,1.111575,0.895167
r7,right,elbow,1355,45.19864,0,5.008369230615437,-0.22950236145402972,1.1152023517109277,0.8460107195119793,-0.221717,1.111475,0.895345
r7,right,elbow,1356,45.23199,0,5.0311679003031475,-0.22950236145402972,1.1152023517109277,0.8460107195119793,-0.22183,1.111555,0.8956
r7,right,elbow,1357,45.26535,0,5.7290680186475145,-0.2284288497639717,1.113928656764061,0.8390926583071594,-0.221709,1.111853,0.89595
r7,right,elbow,1358,45.29871,0,4.824520600515497,-0.22996240066843046,1.1157492178614352,0.8489755333905631,-0.221324,1.112446,0.896326
r7,right,elbow,1359,45.33207,0,5.151951512482011,-0.22950236145402972,1.1152023517109277,0.8460107195119793,-0.220724,1.113166,0.896736
r7,right,elbow,1360,45.36542,0,5.203889317126164,-0.22950236145402972,1.1152023517109277,0.8460107195119793,-0.219968,1.113894,0.897152
r7,right,elbow,1361,45.39878,0,4.999139030186949,-0.22987503548170107,1.1180889129758136,0.8488124288354388,-0.219222,1.114439,0.897519
r7,right,elbow,1362,45.43214,0,5.290344386019924,-0.22950236145402972,1.1152023517109277,0.8460107195119793,-0.218598,1.114728,0.897776
r7,right,elbow,1363,45.4655,0,5.6025213235896345,-0.2290422850154334,1.1146564824479848,0.843045836138485,-0.218145,1.114717,0.898001
r7,right,elbow,1364,45.49885,0,5.353987966926992,-0.22950236145402972,1.1152023517109277,0.8460107195119793,-0.21779,1.114424,0.898248
r7,right,elbow,1365,45.53221,0,5.379555306167591,-0.22950236145402972,1.1152023517109277,0.8460107195119793,-0.217443,1.113941,0.898422
r7,right,elbow,1366,45.56557,0,4.858109250321091,-0.2304224771070268,1.1162950871243782,0.8519404167640573,-0.216976,1.113357,0.898531
r7,right,elbow,1367,45.59893,0,5.1505276256581105,-0.22996240066843046,1.1157492178614352,0.8489755333905631,-0.216294,1.11276,0.898544
r7,right,elbow,1368,45.63228,0,5.410783636795827,-0.22958954051978184,1.112867641034373,0.8461734765925506,-0.215377,1.112194,0.898377
r7,right,elbow,1369,45.66564,0,5.692375578470677,-0.22912931518440371,1.112325759321689,0.843208315239414,-0.2142,1.111807,0.898137
r7,right,elbow,1370,45.699,0,5.191552435488403,-0.22996240066843046,1.1157492178614352,0.8489755333905631,-0.212919,1.111637,0.897841
r7,right,elbow,1371,45.73235,0,5.396290233949159,-0.22716408779628883,1.1151170008990072,0.8460388538401141,-0.211688,1.111732,0.897624
r7,right,elbow,1372,45.76571,0,5.414547422925938,-0.22716408779628883,1.1151170008990072,0.8460388538401141,-0.210739,1.112089,0.897544
r7,right,elbow,1373,45.79907,0,5.444594345085769,-0.22716408779628883,1.1151170008990072,0.8460388538401141,-0.210255,1.112594,0.897731
r7,right,elbow,1374,45.83243,0,4.9617232849215664,-0.22807421082681698,1.116209371565398,0.8519686713243636,-0.210343,1.113174,0.89821
r7,right,elbow,1375,45.86578,0,5.537909137266601,-0.22716408779628883,1.1151170008990072,0.8460388538401141,-0.210908,1.113804,0.898962
r7,right,elbow,1376,45.89914,0,5.58963791400945,-0.22716408779628883,1.1151170008990072,0.8460388538401141,-0.211916,1.114297,0.899809
r7,right,elbow,1377,45.9325,0,5.357731485760529,-0.2276191306994551,1.1156636846759849,0.8490037278347837,-0.213008,1.114587,0.900539
r7,right,elbow,1378,45.96586,0,5.102716004607678,-0.22807421082681698,1.116209371565398,0.8519686713243636,-0.213994,1.11462,0.900989
r7,right,elbow,1379,45.99921,0,4.728079102121977,-0.22868161328060183,1.1169379752886508,0.8559218518000817,-0.214648,1.114355,0.900998
r7,right,elbow,1380,46.03257,0,5.595552977545574,-0.22716408779628883,1.1151170008990072,0.8460388538401141,-0.214839,1.113876,0.900606
r7,right,elbow,1381,46.06593,0,5.534553550653549,-0.22716408779628883,1.1151170008990072,0.8460388538401141,-0.214562,1.113273,0.899899
r7,right,elbow,1382,46.09929,0,5.472187309412436,-0.22716408779628883,1.1151170008990072,0.8460388538401141,-0.213939,1.112823,0.899089
r7,right,elbow,1383,46.13264,0,5.647619192154786,-0.22437473106017372,1.1144861090964975,0.8431019965858007,-0.213166,1.112583,0.898422
r7,right,elbow,1384,46.166,0,5.351995562715181,-0.22482481487630107,1.1150316136123806,0.8460670001914663,-0.212414,1.112659,0.898074
r7,right,elbow,1385,46.19936,0,5.167706483421384,-0.2276191306994551,1.1156636846759849,0.8490037278347837,-0.211846,1.113044,0.898145
r7,right,elbow,1386,46.23272,0,4.950269238775203,-0.22807421082681698,1.116209371565398,0.8519686713243636,-0.211507,1.113641,0.898546
r7,right,elbow,1387,46.26608,0,5.544613677939109,-0.22716408779628883,1.1151170008990072,0.8460388538401141,-0.211367,1.114318,0.899181
r7,right,elbow,1388,46.29943,0,5.337080387166626,-0.2276191306994551,1.1156636846759849,0.8490037278347837,-0.211326,1.114971,0.899822
r7,right,elbow,1389,46.33279,0,5.321518438367395,-0.22527586073047975,1.1155781514905347,0.8490319222790045,-0.211263,1.115584,0.900369
r7,right,elbow,1390,46.36615,0,5.361879146179048,-0.22527586073047975,1.1155781514905347,0.8490319222790045,-0.211139,1.116089,0.900751
r7,right,elbow,1391,46.39951,0,5.385296261222699,-0.22527586073047975,1.1155781514905347,0.8490319222790045,-0.21092,1.116499,0.900928
r7,right,elbow,1392,46.43287,0,5.120743697695306,-0.2257259445466071,1.116123656006418,0.8519969258846701,-0.210667,1.116827,0.900935
r7,right,elbow,1393,46.46622,0,5.9387946160782175,-0.22437473106017372,1.1144861090964975,0.8431019965858007,-0.210443,1.117089,0.900774
r7,right,elbow,1394,46.49958,0,4.73565950535585,-0.2263263521646637,1.1168520044067292,0.8559501905229082,-0.21028,1.117309,0.900503
r7,right,elbow,1395,46.53294,0,5.687106938573909,-0.22716408779628883,1.1151170008990072,0.8460388538401141,-0.210136,1.117511,0.900248
r7,right,elbow,1396,46.5663,0,5.670878081325561,-0.22716408779628883,1.1151170008990072,0.8460388538401141,-0.209942,1.117647,0.90001
r7,right,elbow,1397,46.59965,0,5.1305720783157565,-0.22807421082681698,1.116209371565398,0.8519686713243636,-0.209678,1.117722,0.899839
r7,right,elbow,1398,46.63301,0,5.404306887437017,-0.2276191306994551,1.1156636846759849,0.8490037278347837,-0.209336,1.11766,0.899821
r7,right,elbow,1399,46.66637,0,5.613347199494073,-0.22482481487630107,1.1150316136123806,0.8460670001914663,-0.209062,1.11744,0.899888
r7,right,elbow,1400,46.69973,0,5.359767460069347,-0.22527586073047975,1.1155781514905347,0.8490319222790045,-0.208951,1.117006,0.900063
r7,right,elbow,1401,46.73308,0,5.644268973201081,-0.22482481487630107,1.1150316136123806,0.8460670001914663,-0.209234,1.116417,0.900296
r7,right,elbow,1402,46.76644,0,5.3710988778735755,-0.22527586073047975,1.1155781514905347,0.8490319222790045,-0.210038,1.115667,0.900536
r7,right,elbow,1403,46.7998,0,5.621645482424677,-0.22482481487630107,1.1150316136123806,0.8460670001914663,-0.211356,1.114915,0.900646
r7,right,elbow,1404,46.83316,0,5.019330438524864,-0.2257259445466071,1.116123656006418,0.8519969258846701,-0.213,1.114224,0.900513
r7,right,elbow,1405,46.86651,0,5.220480706991118,-0.22527586073047975,1.1155781514905347,0.8490319222790045,-0.214634,1.113672,0.900105
r7,right,elbow,1406,46.89987,0,5.462530520113442,-0.22716408779628883,1.1151170008990072,0.8460388538401141,-0.215959,1.113309,0.899472
r7,right,elbow,1407,46.93323,0,5.360504776577512,-0.22716408779628883,1.1151170008990072,0.8460388538401141,-0.216714,1.11316,0.898579
r7,right,elbow,1408,46.96658,0,5.267725936441274,-0.22716408779628883,1.1151170008990072,0.8460388538401141,-0.216684,1.113214,0.897628
r7,right,elbow,1409,46.99994,0,5.186889434207945,-0.22716408779628883,1.1151170008990072,0.8460388538401141,-0.215967,1.113502,0.896659
r7,right,elbow,1410,47.0333,0,5.786081780049015,-0.22610156799094672,1.113843707173906,0.8391206603799056,-0.214715,1.113892,0.89585
r7,right,elbow,1411,47.06665,0,5.124746353443576,-0.22716408779628883,1.1151170008990072,0.8460388538401141,-0.213251,1.114377,0.895356
r7,right,elbow,1412,47.10001,0,5.415801944108749,-0.226709007668927,1.114571314009594,0.8430739103505343,-0.211931,1.114843,0.895176
r7,right,elbow,1413,47.13337,0,5.451463126331704,-0.226709007668927,1.114571314009594,0.8430739103505343,-0.211108,1.115177,0.895305
r7,right,elbow,1414,47.16673,0,5.2161192352008205,-0.22716408779628883,1.1151170008990072,0.8460388538401141,-0.210969,1.115261,0.895622
r7,right,elbow,1415,47.20008,0,5.504695877318486,-0.226709007668927,1.114571314009594,0.8430739103505343,-0.211468,1.115019,0.895967
r7,right,elbow,1416,47.23344,0,4.9598289915075195,-0.2276191306994551,1.1156636846759849,0.8490037278347837,-0.212527,1.11447,0.896235
r7,right,elbow,1417,47.2668,0,5.484200445703855,-0.226709007668927,1.114571314009594,0.8430739103505343,-0.213844,1.113732,0.896379
r7,right,elbow,1418,47.30016,0,5.453857432235214,-0.226709007668927,1.114571314009594,0.8430739103505343,-0.215192,1.112888,0.896356
r7,right,elbow,1419,47.33352,0,5.122708446551421,-0.227251266862041,1.1127822902224525,0.8462016109206855,-0.21634,1.112063,0.896248
r7,right,elbow,1420,47.36687,0,5.399299562515238,-0.226709007668927,1.114571314009594,0.8430739103505343,-0.2172,1.111446,0.896131
r7,right,elbow,1421,47.40023,0,5.104649883685038,-0.22716408779628883,1.1151170008990072,0.8460388538401141,-0.217643,1.111033,0.896023
r7,right,elbow,1422,47.43359,0,5.099473848911584,-0.22716408779628883,1.1151170008990072,0.8460388538401141,-0.217725,1.110916,0.895976
r7,right,elbow,1423,47.46695,0,5.098597394540936,-0.22716408779628883,1.1151170008990072,0.8460388538401141,-0.217449,1.11106,0.895926
r7,right,elbow,1424,47.5003,0,5.385248851311742,-0.226709007668927,1.114571314009594,0.8430739103505343,-0.21692,1.111331,0.89593
r7,right,elbow,1425,47.53366,0,5.396542975918533,-0.226709007668927,1.114571314009594,0.8430739103505343,-0.216238,1.111685,0.895935
r7,right,elbow,1426,47.56702,0,5.132474623381915,-0.22716408779628883,1.1151170008990072,0.8460388538401141,-0.215599,1.112042,0.895949
r7,right,elbow,1427,47.60037,0,5.141817696873597,-0.22716408779628883,1.1151170008990072,0.8460388538401141,-0.215212,1.112261,0.895967
r7,right,elbow,1428,47.63373,0,5.142319022777336,-0.22716408779628883,1.1151170008990072,0.8460388538401141,-0.2153,1.112276,0.895994
r7,right,elbow,1429,47.66709,0,5.406353102064452,-0.226709007668927,1.114571314009594,0.8430739103505343,-0.215989,1.112072,0.896005
r7,right,elbow,1430,47.70044,0,5.375736906302965,-0.226709007668927,1.114571314009594,0.8430739103505343,-0.217199,1.111692,0.895905
r7,right,elbow,1431,47.7338,0,5.331489107141584,-0.226709007668927,1.114571314009594,0.8430739103505343,-0.218757,1.111223,0.895686
r7,right,elbow,1432,47.76716,0,4.993061229931705,-0.22716408779628883,1.1151170008990072,0.8460388538401141,-0.220368,1.110709,0.895308
r7,right,elbow,1433,47.80052,0,4.922067722037279,-0.22716408779628883,1.1151170008990072,0.8460388538401141,-0.221754,1.110224,0.894716
r7,right,elbow,1434,47.83387,0,5.51403613682711,-0.22610156799094672,1.113843707173906,0.8391206603799056,-0.222677,1.109871,0.894011
r7,right,elbow,1435,47.86723,0,5.0622473990930725,-0.226709007668927,1.114571314009594,0.8430739103505343,-0.223054,1.109672,0.893326
r7,right,elbow,1436,47.90059,0,5.389666271925748,-0.22610156799094672,1.113843707173906,0.8391206603799056,-0.222912,1.109597,0.892755
r7,right,elbow,1437,47.93395,0,5.359667654788804,-0.22610156799094672,1.113843707173906,0.8391206603799056,-0.222431,1.109691,0.89243
r7,right,elbow,1438,47.9673,0,5.377865077111387,-0.2284288497639717,1.113928656764061,0.8390926583071594,-0.221744,1.109901,0.892302
r7,right,elbow,1439,48.00066,0,5.02042649701499,-0.2290422850154334,1.1146564824479848,0.843045836138485,-0.221086,1.110135,0.892409
r7,right,elbow,1440,48.03402,0,5.014396175771669,-0.226709007668927,1.114571314009594,0.8430739103505343,-0.220538,1.110311,0.892654
r7,right,elbow,1441,48.06738,0,5.03963940288853,-0.226709007668927,1.114571314009594,0.8430739103505343,-0.220115,1.110357,0.892859
r7,right,elbow,1442,48.10073,0,5.058343820910269,-0.226709007668927,1.114571314009594,0.8430739103505343,-0.219745,1.110332,0.892996
r7,right,elbow,1443,48.13409,0,5.444728320794721,-0.22610156799094672,1.113843707173906,0.8391206603799056,-0.219353,1.110184,0.893024
r7,right,elbow,1444,48.16745,0,5.069908188799622,-0.226709007668927,1.114571314009594,0.8430739103505343,-0.218829,1.110024,0.89295
r7,right,elbow,1445,48.20081,0,5.448811868265251,-0.22610156799094672,1.113843707173906,0.8391206603799056,-0.218161,1.10996,0.892887
r7,right,elbow,1446,48.23417,0,5.458488718777929,-0.22610156799094672,1.113843707173906,0.8391206603799056,-0.217335,1.110075,0.892865
r7,right,elbow,1447,48.26752,0,5.102274415204933,-0.226709007668927,1.114571314009594,0.8430739103505343,-0.216478,1.110364,0.892883
r7,right,elbow,1448,48.30088,0,5.121671300413288,-0.226709007668927,1.114571314009594,0.8430739103505343,-0.21575,1.110799,0.892962
r7,right,elbow,1449,48.33424,0,5.189263632894182,-0.2290422850154334,1.1146564824479848,0.843045836138485,-0.215266,1.11126,0.892961
r7,right,elbow,1450,48.3676,0,5.180881384031169,-0.2290422850154334,1.1146564824479848,0.843045836138485,-0.21513,1.111648,0.892861
r7,right,elbow,1451,48.40096,0,5.091903182248646,-0.226709007668927,1.114571314009594,0.8430739103505343,-0.215322,1.111892,0.892631
r7,right,elbow,1452,48.43431,0,5.1053419878792425,-0.2290422850154334,1.1146564824479848,0.843045836138485,-0.215812,1.112008,0.892284
r7,right,elbow,1453,48.46767,0,5.420277022727546,-0.2284288497639717,1.113928656764061,0.8390926583071594,-0.216441,1.111974,0.891917
r7,right,elbow,1454,48.50103,0,5.6476226648231425,-0.22796881054957088,1.1133817906135535,0.8361278444285756,-0.217088,1.111893,0.891526
r7,right,elbow,1455,48.53439,0,4.957479313019773,-0.2290422850154334,1.1146564824479848,0.843045836138485,-0.217602,1.111785,0.891197
r7,right,elbow,1456,48.56775,0,4.925281977544055,-0.2290422850154334,1.1146564824479848,0.843045836138485,-0.217971,1.111667,0.890945
r7,right,elbow,1457,48.6011,0,5.554133299630312,-0.22796881054957088,1.1133817906135535,0.8361278444285756,-0.218224,1.111552,0.890777
r7,right,elbow,1459,48.66782,0,4.860510062971823,-0.2290422850154334,1.1146564824479848,0.843045836138485,-0.218587,1.111367,0.890399
r7,right,elbow,1460,48.70118,0,5.199258407006763,-0.2284288497639717,1.113928656764061,0.8390926583071594,-0.218799,1.111359,0.890121
r7,right,elbow,1461,48.73453,0,5.160860246796464,-0.2284288497639717,1.113928656764061,0.8390926583071594,-0.219046,1.111438,0.88978
r7,right,elbow,1462,48.76789,0,5.682532882065271,-0.22750873411097458,1.1128359213506107,0.8331629610550814,-0.219243,1.111541,0.889369
r7,right,elbow,1463,48.80125,0,5.071170751591357,-0.2284288497639717,1.113928656764061,0.8390926583071594,-0.219314,1.111619,0.888925
r7,right,elbow,1464,48.83461,0,5.030577101715853,-0.2284288497639717,1.113928656764061,0.8390926583071594,-0.219253,1.111694,0.888504
r7,right,elbow,1465,48.86797,0,5.563086903069465,-0.22750873411097458,1.1128359213506107,0.8331629610550814,-0.218916,1.111726,0.888115
r7,right,elbow,1466,48.90132,0,4.976574654355837,-0.2284288497639717,1.113928656764061,0.8390926583071594,-0.218367,1.11173,0.887781
r7,right,elbow,1467,48.93468,0,4.962395172585604,-0.2284288497639717,1.113928656764061,0.8390926583071594,-0.217701,1.111703,0.887492
r7,right,elbow,1468,48.96804,0,5.23575846384412,-0.22796881054957088,1.1133817906135535,0.8361278444285756,-0.217038,1.111698,0.887304
r7,right,elbow,1469,49.00139,0,6.076789385582162,-0.2265886184579775,1.1117431859371603,0.8272332638030033,-0.216489,1.111761,0.887156
r7,right,elbow,1471,49.06811,0,4.958885636349978,-0.2284288497639717,1.113928656764061,0.8390926583071594,-0.216106,1.112475,0.887104
r7,right,elbow,1472,49.10147,0,5.243377629356274,-0.22796881054957088,1.1133817906135535,0.8361278444285756,-0.216239,1.113103,0.887232
r7,right,elbow,1473,49.13482,0,5.543590827108429,-0.22750873411097458,1.1128359213506107,0.8331629610550814,-0.216437,1.113824,0.887473
r7,right,elbow,1474,49.16818,0,5.298128570146518,-0.22796881054957088,1.1133817906135535,0.8361278444285756,-0.216432,1.114576,0.887824
r7,right,elbow,1475,49.20154,0,5.345239246618914,-0.22796881054957088,1.1133817906135535,0.8361278444285756,-0.216079,1.115321,0.888205
r7,right,elbow,1476,49.23489,0,4.75801175701282,-0.2290422850154334,1.1146564824479848,0.843045836138485,-0.215181,1.116043,0.888541
r7,right,elbow,1478,49.30161,0,5.2404743361639365,-0.2284288497639717,1.113928656764061,0.8390926583071594,-0.21214,1.116997,0.888807
r7,right,elbow,1479,49.33497,0,5.278615145238363,-0.2284288497639717,1.113928656764061,0.8390926583071594,-0.210455,1.117101,0.888623
r7,right,elbow,1480,49.36832,0,5.55879014177041,-0.22796881054957088,1.1133817906135535,0.8361278444285756,-0.20911,1.116951,0.888297
r7,right,elbow,1481,49.40168,0,5.284019386718629,-0.2284288497639717,1.113928656764061,0.8390926583071594,-0.208413,1.116528,0.887926
r7,right,elbow,1482,49.43504,0,5.516257722711593,-0.22796881054957088,1.1133817906135535,0.8361278444285756,-0.208493,1.11599,0.887672
r7,right,elbow,1483,49.4684,0,5.478818826772345,-0.22796881054957088,1.1133817906135535,0.8361278444285756,-0.20931,1.115434,0.8876
r7,right,elbow,1484,49.50175,0,5.725904073995569,-0.22750873411097458,1.1128359213506107,0.8331629610550814,-0.210582,1.115027,0.887819
r7,right,elbow,1485,49.53511,0,5.452852711345186,-0.22796881054957088,1.1133817906135535,0.8361278444285756,-0.212036,1.114816,0.888257
r7,right,elbow,1486,49.56847,0,4.837353456483062,-0.2290422850154334,1.1146564824479848,0.843045836138485,-0.213272,1.114878,0.888776
r7,right,elbow,1487,49.60183,0,4.855005791500073,-0.2290422850154334,1.1146564824479848,0.843045836138485,-0.214159,1.115122,0.889256
r7,right,elbow,1488,49.63518,0,5.791316521411497,-0.22750873411097458,1.1128359213506107,0.8331629610550814,-0.214712,1.115342,0.889589
r7,right,elbow,1489,49.66854,0,4.944042727149193,-0.23137656162418668,1.1147416873610818,0.8430177499032189,-0.215021,1.115389,0.88967
r7,right,elbow,1490,49.7019,0,5.283113307591277,-0.23075613153699673,1.114013606354216,0.8390646562344132,-0.215242,1.115139,0.889554
r7,right,elbow,1491,49.73525,0,5.2528047279690275,-0.23075613153699673,1.114013606354216,0.8390646562344132,-0.215566,1.114599,0.889345
r7,right,elbow,1492,49.76861,0,5.765671398783312,-0.2298260232615306,1.1129205061937064,0.8331350792145068,-0.215979,1.113762,0.889098
r7,right,elbow,1493,49.80197,0,5.462888074262033,-0.23029109601136138,1.113466557830179,0.8360999024719151,-0.216511,1.112884,0.888959
r7,right,elbow,1494,49.83533,0,5.183625973656631,-0.23075613153699673,1.114013606354216,0.8390646562344132,-0.216905,1.112252,0.888985
r7,right,elbow,1495,49.86868,0,5.177858586236569,-0.2308429011365989,1.1116898614408735,0.839226648870968,-0.216964,1.112076,0.889109
r7,right,elbow,1496,49.90204,0,4.845953793593394,-0.23146359179315704,1.112410964234786,0.8431802290041479,-0.21656,1.112492,0.889291
r7,right,elbow,1497,49.9354,0,5.245273272296519,-0.2308429011365989,1.1116898614408735,0.839226648870968,-0.215761,1.113547,0.88943
r7,right,elbow,1498,49.96875,0,5.287945341541677,-0.2308429011365989,1.1116898614408735,0.839226648870968,-0.214658,1.115066,0.889455
r7,right,elbow,7,0.233465,0,5.12474279121354,-0.2507888629541725,1.0747677535673277,0.8546570941771197,-0.226353,1.074284,0.899701
r7,right,elbow,8,0.266818,0,5.086025811572417,-0.2507888629541725,1.0747677535673277,0.8546570941771197,-0.225032,1.069454,0.89819
r7,right,elbow,9,0.300171,0,5.182340023440421,-0.255660535354201,1.0702488286933194,0.8549275586107716,-0.225064,1.066125,0.896551
r7,right,elbow,10,0.333523,0,5.170142212815436,-0.2553225774678111,1.0651194769223702,0.8522826629839299,-0.225913,1.063507,0.894774
r7,right,elbow,11,0.366876,0,4.5098319313528785,-0.25652042203771214,1.066145153906549,0.8592169237311531,-0.226977,1.06145,0.892966
r7,right,elbow,12,0.400229,0,5.801460618033096,-0.2535295307629342,1.051619939278092,0.8402130527207584,-0.227679,1.060391,0.891404
r7,right,elbow,13,0.433582,0,5.9529858256116,-0.25292914229859703,1.0535186448383602,0.8370782179743488,-0.227543,1.060889,0.890417
r7,right,elbow,14,0.466934,0,5.234152492523664,-0.25464350342944814,1.0549185563845194,0.8469888530486493,-0.226426,1.063473,0.890235
r7,right,elbow,15,0.500287,0,4.921714725177441,-0.2527868495551647,1.0842341811102445,0.853974892508284,-0.224469,1.068165,0.890883
r7,right,elbow,16,0.53364,0,5.531382466578656,-0.24941166508403362,1.0977110838910122,0.8500551136594756,-0.222042,1.07455,0.892175
r7,right,elbow,17,0.566992,0,5.502214205094847,-0.24730116984216075,1.105169813925218,0.8525599979104673,-0.219509,1.081679,0.89383
r7,right,elbow,18,0.600344,0,5.558995256241979,-0.24446195587525685,1.1045610601636697,0.8496220619159403,-0.217367,1.088484,0.895422
r7,right,elbow,19,0.633697,0,5.927610229252971,-0.2437965756086675,1.1087094370893402,0.8463302182101429,-0.215864,1.094194,0.896557
r7,right,elbow,20,0.667049,0,6.18743032927397,-0.2432199692572045,1.1105071896121268,0.8432022314802691,-0.215208,1.098313,0.897008
r7,right,elbow,21,0.700401,0,5.839098958632905,-0.2437965756086675,1.1087094370893402,0.8463302182101429,-0.215363,1.100822,0.896717
r7,right,elbow,22,0.733754,0,5.7991350796546595,-0.24362218025296778,1.1133798553300145,0.8460046345540898,-0.216185,1.101999,0.895811
r7,right,elbow,23,0.767106,0,5.73713014178299,-0.24596145317295556,1.113465242616641,0.8459764882027376,-0.21741,1.102348,0.894481
r7,right,elbow,24,0.800458,0,6.053929136656907,-0.24480659177474887,1.1121995589818043,0.8390586364344907,-0.218846,1.102345,0.892854
r7,right,elbow,25,0.83381,0,5.83338919447416,-0.24480659177474887,1.1121995589818043,0.8390586364344907,-0.22029,1.10235,0.891066
r7,right,elbow,26,0.867162,0,5.942516079516837,-0.24663367772251982,1.1117411678710374,0.8360659539372939,-0.221589,1.10252,0.889161
r7,right,elbow,27,0.900514,0,5.95043322246857,-0.2461344439353173,1.1111988605323861,0.8331011919947158,-0.222738,1.102901,0.88718
r7,right,elbow,28,0.933866,0,5.767217572125367,-0.24604804657766965,1.113512636570082,0.8329398943072667,-0.223672,1.10347,0.885137
r7,right,elbow,29,0.967218,0,5.768581228694432,-0.24554799964919743,1.112965308318901,0.8299754918624582,-0.224442,1.104127,0.882929
r7,right,elbow,30,1.000569,0,5.614555331527508,-0.24786029248851899,1.1130497107884672,0.8299476701379693,-0.225005,1.104697,0.880546
r7,right,elbow,31,1.033921,0,5.893198440362022,-0.2467654035008322,1.1142525518504123,0.8238587876884271,-0.225464,1.104996,0.878021
r7,right,elbow,32,1.067273,0,6.299161328290351,-0.24787972355957893,1.1130467373840913,0.8169152416001894,-0.225962,1.105,0.87542
r7,right,elbow,33,1.100625,0,5.798030204831271,-0.2483895769895428,1.1135994148201553,0.819879176338273,-0.22657,1.104689,0.872853
r7,right,elbow,34,1.133976,0,5.832508540058376,-0.24779429403101313,1.1153345943451045,0.8167557507804152,-0.227482,1.104158,0.870275
r7,right,elbow,35,1.167334,0,5.978579120857008,-0.25185725076383086,1.1149438407256396,0.813737145275198,-0.228803,1.103571,0.867714
r7,right,elbow,36,1.200688,0,5.682390790033724,-0.25185725076383086,1.1149438407256396,0.813737145275198,-0.23068,1.103165,0.865135
r7,right,elbow,37,1.234042,0,5.91809281393678,-0.2530962860480421,1.1139099529257448,0.8077828677722841,-0.233218,1.103226,0.862492
r7,right,elbow,38,1.267395,0,5.7707092266533015,-0.25756405367927443,1.1163490353335908,0.8075696415988256,-0.236343,1.103803,0.859746
r7,right,elbow,39,1.300748,0,5.926614010924497,-0.25641162852947824,1.117484890221473,0.8014859977115001,-0.239993,1.104889,0.857022
r7,right,elbow,40,1.334102,0,5.921406030885837,-0.26040101209798006,1.1170814685981205,0.7984689768734583,-0.244,1.106318,0.854339
r7,right,elbow,41,1.367455,0,5.87066820080924,-0.2621150755302956,1.1165949940693227,0.7954793329008708,-0.248041,1.107817,0.851794
r7,right,elbow,42,1.400808,0,5.907580388116821,-0.26606948492015603,1.1161902958312622,0.792462732875429,-0.251828,1.109107,0.849357
r7,right,elbow,43,1.434161,0,5.372237290080993,-0.2665436171555612,1.1190126797376365,0.7952679775543099,-0.255044,1.110061,0.846976
r7,right,elbow,44,1.467515,0,5.384093840259236,-0.2682368822016691,1.1185204548021899,0.7922789335438353,-0.257549,1.110524,0.844439
r7,right,elbow,45,1.500868,0,5.9299719098557055,-0.2687850230503113,1.1168783672043716,0.7833663268021944,-0.259175,1.110615,0.841546
r7,right,elbow,46,1.534221,0,5.866882634155739,-0.2682179568939364,1.1163036364840684,0.7804044793089169,-0.25993,1.110438,0.838188
r7,right,elbow,47,1.567574,0,5.2004115973962195,-0.2687850230503113,1.1168783672043716,0.7833663268021944,-0.259982,1.1102,0.834183
r7,right,elbow,48,1.600927,0,5.901559553003755,-0.26873112356393725,1.114660272271542,0.7714922933798766,-0.259621,1.110013,0.829615
r7,right,elbow,49,1.63428,0,5.973623859211018,-0.2675859993664715,1.1135104096091704,0.7655687306487103,-0.259113,1.109938,0.824593
r7,right,elbow,50,1.667633,0,5.776617091648194,-0.2692153116287781,1.113015850292543,0.7625804561241333,-0.258636,1.109991,0.819289
r7,right,elbow,51,1.700986,0,5.751780632386428,-0.26817140753641416,1.1142481722600845,0.7574915213815512,-0.258354,1.110151,0.814017
r7,right,elbow,52,1.734338,0,5.530306995438508,-0.2675935356163007,1.1136680558801926,0.7545301536182151,-0.258281,1.110278,0.808938
r7,right,elbow,53,1.767691,0,5.686910818541148,-0.2685369215801297,1.1147636164825545,0.7484294760419288,-0.258434,1.110405,0.804224
r7,right,elbow,54,1.801044,0,5.583088216483264,-0.27012863411900845,1.1142577022514542,0.7454423533487096,-0.258804,1.110495,0.799983
r7,right,elbow,55,1.834397,0,5.659034787806893,-0.269150194161377,1.1132812981931584,0.7405075542277468,-0.259489,1.110526,0.796199
r7,right,elbow,56,1.867749,0,5.627206275606151,-0.27072391997981177,1.1127747274173507,0.7375206479524364,-0.260514,1.110477,0.792811
r7,right,elbow,57,1.901102,0,5.371285907215113,-0.27280473383669485,1.115011883783919,0.7373441852523381,-0.261849,1.110341,0.78972
r7,right,elbow,58,1.934455,0,5.586747494022672,-0.27388272176690126,1.1162557740235075,0.7322343359302753,-0.263339,1.110123,0.786754
r7,right,elbow,59,1.967807,0,5.143608410697731,-0.27643966050902924,1.1167317710049138,0.7341817516903781,-0.264706,1.109796,0.783779
r7,right,elbow,60,2.00116,0,5.588704860791389,-0.27696492935518907,1.1152212842775702,0.7262626373152871,-0.265686,1.109323,0.780681
r7,right,elbow,61,2.034512,0,6.02928780572352,-0.277465253869372,1.113708888795013,0.7183438930155354,-0.265995,1.108791,0.777331
r7,right,elbow,62,2.067865,0,5.432791127400275,-0.28037517069751106,1.1101196028595433,0.7215752975904457,-0.265552,1.108104,0.773803
r7,right,elbow,63,2.101217,0,5.443080063128472,-0.28188294520765056,1.109610624753143,0.718589184847467,-0.264521,1.107346,0.770127
r7,right,elbow,64,2.134569,0,5.88605454747492,-0.282408219063832,1.1060098104382292,0.7108165306260621,-0.263163,1.106581,0.766439
r7,right,elbow,65,2.167922,0,5.587519702316223,-0.282408219063832,1.1060098104382292,0.7108165306260621,-0.261937,1.105761,0.762806
r7,right,elbow,66,2.201279,0,5.55122684886823,-0.28177638698238605,1.1054277244242159,0.7078558121164524,-0.261181,1.104952,0.759404
r7,right,elbow,67,2.234634,0,6.001009169339134,-0.28226853049660766,1.1018566464332178,0.7000813882957684,-0.261127,1.104131,0.756198
r7,right,elbow,68,2.267988,0,6.367996854284925,-0.2828699800353883,1.1005851937777917,0.6931473004251606,-0.261811,1.10343,0.753177
r7,right,elbow,69,2.301343,0,5.874742588072415,-0.283297974843918,1.1009705036224795,0.6951212410948512,-0.263013,1.102772,0.750226
r7,right,elbow,70,2.334697,0,5.701894562997016,-0.2828699800353883,1.1005851937777917,0.6931473004251606,-0.26441,1.102238,0.74707
r7,right,elbow,71,2.368052,0,6.044903754794506,-0.2811579263528788,1.0990459481741701,0.6852513987565773,-0.265517,1.101922,0.743571
r7,right,elbow,72,2.401406,0,5.697455198201302,-0.28323239477743856,1.0991216696637203,0.6852264385577703,-0.26605,1.101764,0.739484
r7,right,elbow,73,2.43476,0,5.964566947728813,-0.2814305571704987,1.0996385289349213,0.6771873251904897,-0.26595,1.101839,0.734747
r7,right,elbow,74,2.468114,0,6.162459692608707,-0.2819714611783687,1.0983538855592205,0.6702547351801447,-0.265319,1.102058,0.729471
r7,right,elbow,75,2.501469,0,6.096965903079896,-0.28088576514256,1.0973825506954706,0.6653205970892222,-0.264451,1.102396,0.723819
r7,right,elbow,76,2.534823,0,6.673299469208044,-0.27827949509927113,1.0950513251376472,0.6534786728849381,-0.263611,1.102748,0.718123
r7,right,elbow,77,2.568177,0,6.222352198879466,-0.28030100262474533,1.095125113467782,0.6534543499166404,-0.263053,1.103154,0.712698
r7,right,elbow,78,2.601531,0,6.027758418332642,-0.2796441889871269,1.0945421155861197,0.6504939319874592,-0.262798,1.103501,0.707672
r7,right,elbow,79,2.634885,0,6.24389141930143,-0.27811262309493073,1.0931818236702808,0.6435862781294867,-0.26295,1.103846,0.70321
r7,right,elbow,80,2.668239,0,6.040317362709293,-0.2776757465987652,1.0927931948905454,0.6416126541534823,-0.263369,1.104204,0.699177
r7,right,elbow,81,2.701594,0,6.11444548487448,-0.276506720484414,1.093812316221171,0.6365398429350917,-0.263959,1.104576,0.695407
r7,right,elbow,82,2.734948,0,5.765420994332918,-0.276506720484414,1.093812316221171,0.6365398429350917,-0.264503,1.105028,0.691804
r7,right,elbow,83,2.768302,0,5.930669418754494,-0.27739886222877963,1.0929051896999764,0.6315824668567107,-0.264905,1.105619,0.688147
r7,right,elbow,84,2.801656,0,6.47055095362704,-0.277385535158282,1.0912126602157675,0.6226787140336434,-0.265092,1.106247,0.684401
r7,right,elbow,85,2.835009,0,5.924021657514543,-0.2778292948175894,1.0916045349811387,0.6246520453623962,-0.265149,1.106959,0.680445
r7,right,elbow,86,2.868363,0,6.398136705844776,-0.27583143292475265,1.0898395667309153,0.6157721706485922,-0.26527,1.107695,0.676297
r7,right,elbow,87,2.901717,0,5.963311510517269,-0.2757583618290774,1.0917964570204441,0.6156357521391297,-0.265536,1.108404,0.67199
r7,right,elbow,88,2.935071,0,6.216983730118497,-0.274204669061698,1.09041239777238,0.6087299731980946,-0.266153,1.10907,0.667485
r7,right,elbow,89,2.968425,0,6.169443380045105,-0.2733164482744001,1.0896206366664138,0.6047838785230911,-0.267107,1.109717,0.662782
r7,right,elbow,90,3.001779,0,6.228530369380016,-0.27413893945504664,1.0887029818152851,0.5998279000291954,-0.26825,1.110312,0.657947
r7,right,elbow,91,3.035132,0,5.727681216117187,-0.2740668734126487,1.090632956140567,0.5996933578823184,-0.26933,1.110881,0.653062
r7,right,elbow,92,3.068486,0,5.615592592596611,-0.27310107492401225,1.0917579909733057,0.5956136966335782,-0.270186,1.111415,0.648136
r7,right,elbow,93,3.10184,0,6.467502220753528,-0.2701951302535867,1.0891436365823965,0.5827919529654508,-0.270542,1.111906,0.643328
r7,right,elbow,94,3.135194,0,5.305139031056563,-0.2716884875561627,1.0924650860651668,0.5895625590166289,-0.270483,1.112376,0.638721
r7,right,elbow,95,3.168547,0,6.21036440339981,-0.26878432385608864,1.0898298335101049,0.5767422627184065,-0.270066,1.112741,0.634451
r7,right,elbow,96,3.201901,0,5.800010512438978,-0.2687136723331179,1.0917219261079276,0.5766103613781315,-0.269542,1.113071,0.630532
r7,right,elbow,97,3.235258,0,5.681046374788614,-0.2682665484361456,1.0913129583551324,0.5746382595557272,-0.269164,1.113328,0.627002
r7,right,elbow,98,3.268613,0,5.691005682635812,-0.26759686185293424,1.0906995432006457,0.5716800947989037,-0.269042,1.113539,0.623786
r7,right,elbow,99,3.301968,0,5.764454584647309,-0.2666324836747554,1.0917597438669722,0.5676049627425684,-0.269195,1.113686,0.620855
r7,right,elbow,100,3.335322,0,5.907120713710287,-0.26761311242535946,1.0910032566967893,0.5636386900067574,-0.269552,1.113772,0.618111
r7,right,elbow,101,3.368677,0,5.877029126345502,-0.2671631024142329,1.0905911888571822,0.5616668327387363,-0.270003,1.113813,0.61558
r7,right,elbow,102,3.402031,0,5.393709532377651,-0.26754324261049317,1.092874414655753,0.5635082480596043,-0.270481,1.113802,0.613133
r7,right,elbow,103,3.435386,0,5.760390294890508,-0.26805720890953255,1.0916962675878794,0.5575709479046591,-0.27086,1.113719,0.610725
r7,right,elbow,104,3.468741,0,5.931398897658231,-0.2671514538831662,1.0908649348474766,0.5536277919722941,-0.27115,1.113541,0.60829
r7,right,elbow,105,3.502095,0,5.639119842426362,-0.26708221687962275,1.0927191457178402,0.5534985314386208,-0.271338,1.113252,0.605846
r7,right,elbow,106,3.53545,0,5.591340095732439,-0.26662847038887677,1.0922999537664564,0.5515272087278423,-0.271313,1.112847,0.603317
r7,right,elbow,107,3.568804,0,5.911372979147639,-0.2671138303247106,1.0911107800564632,0.5455909521953004,-0.271018,1.11235,0.600619
r7,right,elbow,108,3.602159,0,6.67620333786514,-0.2649001532910602,1.0871920356600735,0.535861531639766,-0.270469,1.111814,0.597667
r7,right,elbow,109,3.635513,0,6.131965984583585,-0.2671876949016454,1.087674171146615,0.5378110697267134,-0.269608,1.111266,0.594359
r7,right,elbow,110,3.668868,0,6.105961965030256,-0.26619990437453356,1.0886646382286216,0.5337410454228536,-0.268446,1.11082,0.590595
r7,right,elbow,111,3.702222,0,6.0913130551469195,-0.2652814195083258,1.0878258531040885,0.5297985322566856,-0.267012,1.110502,0.586307
r7,right,elbow,112,3.735576,0,6.500056465767989,-0.26351064018645687,1.0843488643260115,0.5220389562611578,-0.265446,1.110364,0.581575
r7,right,elbow,113,3.768931,0,6.615067944585731,-0.26392567952305335,1.083167106262249,0.5161028464047107,-0.263939,1.110262,0.57645
r7,right,elbow,114,3.802285,0,7.084400112838389,-0.2619091253470636,1.079517764928585,0.5073551786534921,-0.262707,1.110211,0.5712
r7,right,elbow,115,3.835639,0,7.006669364164117,-0.2627558157323879,1.0787573870353697,0.503390447533869,-0.261887,1.11001,0.566095
r7,right,elbow,116,3.868993,0,6.772123034043975,-0.2622888182630641,1.0783446991257615,0.5014187946605394,-0.26153,1.109658,0.561461
r7,right,elbow,117,3.902348,0,6.667750408428389,-0.2636553653102598,1.076233040869002,0.4995488092128793,-0.261458,1.109136,0.557501
r7,right,elbow,118,3.935702,0,6.826903888206116,-0.26248056039556067,1.0752095393163397,0.49461917048533566,-0.261467,1.108485,0.554221
r7,right,elbow,119,3.969056,0,6.5634532340236955,-0.26248056039556067,1.0752095393163397,0.49461917048533566,-0.261232,1.10773,0.551617
r7,right,elbow,120,4.00241,0,6.732048033380633,-0.2615413458005058,1.0743899624489819,0.49067550788529907,-0.260465,1.107005,0.549558
r7,right,elbow,121,4.035764,0,6.735163628044652,-0.26107123887185496,1.07398015577795,0.48870368259688934,-0.259094,1.106267,0.547779
r7,right,elbow,122,4.069118,0,6.726005476297524,-0.2609017901565012,1.0720317143291063,0.487839310539675,-0.257196,1.105553,0.546033
r7,right,elbow,123,4.102473,0,7.367049705935033,-0.25735374103259484,1.0686126365931354,0.4800925158573735,-0.255001,1.10484,0.544197
r7,right,elbow,124,4.135827,0,7.439294522307121,-0.25492498065288877,1.0679449948318256,0.47715481701363116,-0.252825,1.104122,0.542125
r7,right,elbow,125,4.169181,0,7.360998054991073,-0.2550538880417443,1.0644927731952292,0.47739547788895925,-0.250891,1.103371,0.539762
r7,right,elbow,126,4.202535,0,7.1041341578435,-0.25332516435461105,1.0644296719539375,0.4774162780546316,-0.249317,1.102482,0.537273
r7,right,elbow,127,4.235889,0,7.116249294299988,-0.252928889543632,1.0623105678564846,0.47556351630568994,-0.248203,1.10151,0.534768
r7,right,elbow,128,4.269246,0,7.592760277719744,-0.24966697206575106,1.0591621456569396,0.46879754335119866,-0.247361,1.100344,0.532545
r7,right,elbow,129,4.302601,0,8.186353663739688,-0.2481933915850155,1.0543999503907233,0.4621276967402769,-0.246641,1.098984,0.530768
r7,right,elbow,130,4.335956,0,8.081023790153747,-0.24713654650397865,1.0496110558341285,0.4644782397414801,-0.245898,1.097499,0.529559
r7,right,elbow,131,4.369311,0,8.38085843410698,-0.24628990929102285,1.0471697132020104,0.460647330112914,-0.24494,1.09585,0.528855
r7,right,elbow,132,4.402666,0,7.71327415669893,-0.24765473386808498,1.0482776829720435,0.4665717465282701,-0.243632,1.094217,0.528401
r7,right,elbow,133,4.436021,0,7.50727374339451,-0.2461713011205318,1.04839989382468,0.467579735015796,-0.241948,1.092707,0.528036
r7,right,elbow,134,4.469375,0,7.579850982871009,-0.2445880942474665,1.0449221123313932,0.4678384083271965,-0.239902,1.091416,0.527519
r7,right,elbow,135,4.50273,0,8.632291820639486,-0.24196102088894067,1.0410578193346733,0.45610409662158613,-0.237607,1.0905,0.526731
r7,right,elbow,136,4.536085,0,7.728801721128091,-0.24227367746514888,1.0426125361352891,0.4650146693604863,-0.235219,1.089891,0.525747
r7,right,elbow,137,4.56944,0,8.695081151890042,-0.2379160696319856,1.0403950717273975,0.45318136759926664,-0.233152,1.089565,0.524736
r7,right,elbow,138,4.602795,0,9.35499165864254,-0.2361481457721147,1.038958602633361,0.4452787941723645,-0.231627,1.089358,0.523962
r7,right,elbow,139,4.63615,0,7.882670022368206,-0.23968399349185654,1.0418315408214338,0.4610839410261685,-0.230816,1.089065,0.523566
r7,right,elbow,140,4.669505,0,8.826520427165848,-0.23725358385658418,1.0398567878873235,0.45021787049197837,-0.230736,1.088623,0.523499
r7,right,elbow,141,4.70286,0,7.917688244308155,-0.23946349798747169,1.0416521250329778,0.4600961046493335,-0.231143,1.088061,0.523704
r7,right,elbow,142,4.736215,0,7.630543545974438,-0.2401259465386777,1.0421914057606163,0.4630595322617111,-0.231795,1.087429,0.523942
r7,right,wrist,759,25.31765,2,5.947635329919934,-0.03199174426732894,0.9172508153241821,0.5720302069373522,-0.053818,0.924876,0.626829
r7,right,wrist,760,25.35101,2,4.8955302783521155,-0.0322465355777627,0.9180041660318456,0.5860099580116522,-0.051908,0.92514,0.630272
r7,right,wrist,761,25.38436,2,4.72651489871978,-0.030442212177737942,0.9182041801726797,0.5910255209323609,-0.049877,0.925388,0.633507
r7,right,wrist,762,25.41772,2,4.690266002119133,-0.03047533296387374,0.9183115394443743,0.5930226776613902,-0.047918,0.925699,0.63593
r7,right,wrist,763,25.45108,2,6.408310448373018,-0.028323705598747962,0.9173302247790046,0.5760693816629959,-0.046292,0.926145,0.636947
r7,right,wrist,764,25.48444,2,5.077644078889972,-0.028517487958224595,0.9180277742826237,0.5890511241533997,-0.04519,0.926769,0.636209
r7,right,wrist,765,25.51779,2,5.755510799952912,-0.026507337097864077,0.9174762249763859,0.5800863468621683,-0.044714,0.927558,0.633747
r7,right,wrist,766,25.55115,2,6.182566876178329,-0.02640087199593569,0.9170467393443977,0.5720974768373158,-0.04486,0.928525,0.629976
r7,right,wrist,767,25.58451,2,7.138558052573189,-0.02621599181858933,0.9162969387537153,0.5581168146429047,-0.045465,0.929517,0.625575
r7,right,wrist,768,25.61787,2,6.828854218912099,-0.024375350759803568,0.9162297523453572,0.558138961408898,-0.04625,0.930347,0.62127
r7,right,wrist,769,25.65122,2,5.62330594406954,-0.02449099157813765,0.9167647249685327,0.5681253462149022,-0.047045,0.930903,0.617659
r7,right,wrist,770,25.68458,2,6.329739454808597,-0.024375350759803568,0.9162297523453572,0.558138961408898,-0.047598,0.931157,0.615099
r7,right,wrist,771,25.71794,2,7.692827303270475,-0.024189363412417588,0.915372762786006,0.5421608272374193,-0.047812,0.931078,0.613668
r7,right,wrist,772,25.7513,2,5.792182514638477,-0.024421607087137198,0.9164437413946274,0.5621335153312997,-0.047785,0.930718,0.613176
r7,right,wrist,773,25.78465,2,6.509433034235566,-0.024329131656665386,0.9160147664085224,0.554144476981407,-0.047621,0.930236,0.613242
r7,right,wrist,774,25.81801,2,4.897703053415468,-0.02453724790547128,0.9169787140178027,0.5721199001373036,-0.04755,0.929683,0.613445
r7,right,wrist,775,25.85137,2,5.591480023409767,-0.024444735250804015,0.9165507359192624,0.5641307922925004,-0.047541,0.929104,0.613481
r7,right,wrist,776,25.88473,2,6.1098391895484205,-0.024375350759803568,0.9162297523453572,0.558138961408898,-0.047671,0.928554,0.613261
r7,right,wrist,777,25.91809,2,7.003173345952914,-0.024258747903418035,0.9156937463599113,0.5481526581210218,-0.047892,0.928002,0.612917
r7,right,wrist,778,25.95144,2,6.416228039234594,-0.024329131656665386,0.9160147664085224,0.554144476981407,-0.048005,0.927322,0.612697
r7,right,wrist,779,25.9848,2,6.410888316226812,-0.024329131656665386,0.9160147664085224,0.554144476981407,-0.048016,0.92655,0.612778
r7,right,wrist,780,26.01816,2,5.328536335813068,-0.024467863414470832,0.9166577304438975,0.5661280692537012,-0.047794,0.925744,0.613167
r7,right,wrist,781,26.05152,2,5.907994132948563,-0.02446723201247303,0.9144954955379699,0.5602645954699345,-0.047434,0.925119,0.613651
r7,right,wrist,782,26.08487,2,5.802612933459304,-0.02264383521645906,0.914532094143317,0.5622842998211633,-0.047072,0.924768,0.613913
r7,right,wrist,783,26.11826,2,5.699045266963042,-0.024490471848726207,0.9145994993999109,0.5622620809158672,-0.046854,0.924877,0.613664
r7,right,wrist,784,26.15165,2,6.184662178122196,-0.024420752339966677,0.9142874878140881,0.5562696245780695,-0.046849,0.92546,0.612813
r7,right,wrist,785,26.18504,2,6.369472949983693,-0.02263121064126178,0.9122862308232143,0.5544218064146468,-0.047096,0.926388,0.611515
r7,right,wrist,786,26.21842,2,6.2605195814273245,-0.022562829794213667,0.9141175132795895,0.5542941442639168,-0.047561,0.927475,0.610116
r7,right,wrist,787,26.25181,2,7.489613208828197,-0.02242309674792463,0.9133913220518044,0.540311400113484,-0.048155,0.928416,0.609025
r7,right,wrist,788,26.2852,2,7.660654997949312,-0.02240285469841214,0.9132874276139813,0.5383138785979,-0.048654,0.928906,0.608567
r7,right,wrist,789,26.31859,2,6.238318372358046,-0.022562829794213667,0.9141175132795895,0.5542941442639168,-0.048948,0.928873,0.608863
r7,right,wrist,790,26.35198,2,4.736455704468071,-0.022674623077253764,0.9169107251659139,0.5721423114140743,-0.049028,0.928331,0.609805
r7,right,wrist,791,26.38537,2,6.041977193506374,-0.022603351117434087,0.9143243052676708,0.5582892567899954,-0.048814,0.927557,0.611095
r7,right,wrist,792,26.41876,2,5.765733495707622,-0.02264383521645906,0.914532094143317,0.5622842998211633,-0.048453,0.92675,0.612374
r7,right,wrist,793,26.45215,2,6.359920936494716,-0.022583109067921603,0.9142204108298478,0.5562917352744113,-0.048054,0.926215,0.61332
r7,right,wrist,794,26.48554,2,7.306453690737144,-0.02248286085841063,0.9137019720030031,0.5463040461783637,-0.047704,0.926162,0.613736
r7,right,wrist,795,26.51893,2,6.0063903872651485,-0.022623593166946572,0.914428199705494,0.5602867783055793,-0.047523,0.926679,0.613556
r7,right,wrist,796,26.55232,2,5.607072254954342,-0.022663078003724642,0.9146359521064342,0.5642818333599644,-0.047489,0.927663,0.61284
r7,right,wrist,797,26.58571,2,6.261897371186803,-0.022583109067921603,0.9142204108298478,0.5562917352744113,-0.04763,0.929006,0.611746
r7,right,wrist,798,26.6191,2,5.810719030666768,-0.02255484007794392,0.9162694510375164,0.5601584212057437,-0.047834,0.930476,0.610513
r7,right,wrist,799,26.65249,2,7.383931121993694,-0.022375702434298064,0.9153065611947085,0.5421826493765495,-0.048057,0.931884,0.609398
r7,right,wrist,800,26.68588,2,8.41078977812665,-0.02405063165461214,0.9147297987506309,0.5301772349651251,-0.048249,0.933131,0.608599
r7,right,wrist,801,26.71927,2,6.9051437443079955,-0.024235619739751222,0.915586751835276,0.5461553811598209,-0.048247,0.934104,0.608193
r7,right,wrist,802,26.75266,2,6.190731438164703,-0.024329131656665386,0.9160147664085224,0.554144476981407,-0.048111,0.93483,0.608116
r7,right,wrist,803,26.78605,2,5.51026638803229,-0.024421607087137198,0.9164437413946274,0.5621335153312997,-0.047873,0.935458,0.608229
r7,right,wrist,804,26.81944,2,5.662399488350779,-0.024329763058663183,0.9181770013144501,0.5600079507651737,-0.047592,0.935975,0.608468
r7,right,wrist,805,26.85283,2,6.778238449395495,-0.024190739298324458,0.9175150599406394,0.5480256909193975,-0.047188,0.936383,0.608932
r7,right,wrist,806,26.88623,2,7.835767967953135,-0.022268065886674945,0.9168971574858022,0.5380622375267007,-0.046734,0.936489,0.609878
r7,right,wrist,807,26.91962,2,7.037730690089616,-0.022367085697735954,0.9174484936022826,0.5480476332906994,-0.04611,0.93622,0.611584
r7,right,wrist,808,26.95301,2,7.602743404359981,-0.022327085513251882,0.9172277451882951,0.544053493693369,-0.045334,0.935491,0.614177
r7,right,wrist,966,32.22313,2,6.62113972401957,-0.024189834489303584,0.9262826656592567,0.5714713041368887,-0.043314,0.968851,0.618441
r7,right,wrist,967,32.25648,2,7.334687489488317,-0.024077283279192143,0.9256649513682101,0.5614906874084625,-0.043363,0.969156,0.617315
r7,right,wrist,968,32.28984,2,6.749423665146953,-0.026001435815156054,0.9261035493240042,0.5674567044090684,-0.043923,0.969287,0.616134
r7,right,wrist,969,32.3232,2,8.974552512459756,-0.025639312211561634,0.9243726337529204,0.539511514862717,-0.04498,0.969427,0.61468
r7,right,wrist,970,32.35655,2,7.506037152825261,-0.029419785243549136,0.9272032544030234,0.5533123162666076,-0.046696,0.969585,0.612805
r7,right,wrist,971,32.3899,2,7.6537174930504825,-0.031182683288671784,0.9270153725942265,0.5492987921408017,-0.051871,0.969239,0.60969
r7,right,wrist,972,32.42326,2,7.256290382992303,-0.036596515697473235,0.9290397770744848,0.5491056570851517,-0.058268,0.968739,0.605848
r7,right,wrist,973,32.45661,2,6.28538834683131,-0.04039017655402861,0.9315354579879702,0.5569148231151132,-0.064919,0.968122,0.601752
r7,right,wrist,974,32.48996,2,7.65272218290659,-0.043487272026907796,0.9303234669229922,0.5369204710553369,-0.071356,0.967306,0.597847
r7,right,wrist,975,32.52332,2,7.429131246147006,-0.047101603573937174,0.9304553959344095,0.5368769830788992,-0.077407,0.966136,0.594563
r7,right,wrist,976,32.55667,2,6.469393027923447,-0.05107447938273143,0.9312629324546196,0.5468077248224159,-0.082914,0.96451,0.592263
r7,right,wrist,977,32.59003,2,7.222762517173956,-0.05418691927508937,0.9323847496636748,0.5346696784777224,-0.087717,0.962427,0.59115
r7,right,wrist,978,32.62338,2,7.012181281425875,-0.05434285952234835,0.932662637133894,0.5386587161051684,-0.091858,0.960107,0.591161
r7,right,wrist,979,32.65673,2,5.635771759346667,-0.056885306142190416,0.9339783233831086,0.5565873776525032,-0.090028,0.959105,0.594619
r7,right,wrist,980,32.69009,2,5.084823939568679,-0.05891090360682268,0.9363093062607603,0.5624198422889471,-0.087631,0.958485,0.598042
r7,right,wrist,981,32.72344,2,5.490993524520759,-0.06042934265112482,0.9377882206509165,0.5562868563852192,-0.086062,0.958134,0.600379
r7,right,wrist,983,32.79015,2,6.160789289211891,-0.06190611014538884,0.9372717798827385,0.548289078462518,-0.085865,0.958771,0.600818
r7,right,wrist,984,32.8235,2,6.107491082917359,-0.06190611014538884,0.9372717798827385,0.548289078462518,-0.086793,0.959543,0.599424
r7,right,wrist,985,32.85686,2,6.748712776666984,-0.061542199356671635,0.9366891495937671,0.5403133778108993,-0.088107,0.960253,0.597703
r7,right,wrist,986,32.89021,2,7.051025447688343,-0.06135976294328732,0.936397317768146,0.5363255682441538,-0.089511,0.960607,0.596268
r7,right,wrist,987,32.92356,2,5.199766365482027,-0.06236072089757702,0.9380008062909497,0.5582586551616624,-0.09079,0.960424,0.595578
r7,right,wrist,988,32.95692,2,4.83282588462723,-0.06439279172996917,0.9383601527972822,0.56222420975346,-0.091758,0.959716,0.59585
r7,right,wrist,989,32.99027,2,7.09050436567451,-0.06316742834792546,0.9364633005112077,0.5363038182443265,-0.092378,0.958503,0.597037
r7,right,wrist,990,33.02362,2,7.034152832501488,-0.06326216258457949,0.9366088456417068,0.5382977156938944,-0.092661,0.957155,0.598808
r7,right,wrist,991,33.05698,2,5.151925475136614,-0.06614573061202467,0.9382810525105183,0.5602081508702892,-0.092778,0.955972,0.600606
r7,right,wrist,992,33.09033,2,4.12241263267576,-0.06682774457870756,0.9393035521061182,0.5741649960914074,-0.092956,0.955289,0.601755
r7,right,wrist,993,33.12368,2,5.593079303346578,-0.06595026656523523,0.9379897434012846,0.5562204281104562,-0.093567,0.955339,0.601658
r7,right,wrist,1055,35.19165,2,4.508615779434207,-0.13809041752890786,0.9370775421825327,0.5576058370302445,-0.158371,0.932344,0.597594
r7,right,wrist,1056,35.225,2,4.581853988567083,-0.13831627846507824,0.9372218841741227,0.5595985764078292,-0.158805,0.930616,0.600045
r7,right,wrist,1057,35.25835,2,4.813400398408618,-0.13831627846507824,0.9372218841741227,0.5595985764078292,-0.159007,0.929206,0.602313
r7,right,wrist,1058,35.29171,2,7.017178636814582,-0.14016291509734535,0.9372892894307163,0.5595763575025328,-0.189473,0.931083,0.609115
r7,right,wrist,1059,35.32506,2,8.191076651571858,-0.14032379664832792,0.9392810099785408,0.5614402747179496,-0.199465,0.934213,0.617885
r7,right,wrist,1060,35.35842,2,4.043314161722818,-0.14263891926596034,0.939643700613704,0.5654029132036674,-0.170264,0.948613,0.593532
r7,right,wrist,1061,35.39177,0,5.943892822170531,-0.14240617516664808,0.9394961126364781,0.5634104664733346,-0.172512,0.936263,0.614559
r7,right,wrist,1062,35.42513,0,6.301818755686442,-0.14217443032958269,0.9393485611339584,0.5614180077197846,-0.169162,0.926861,0.616979
r7,right,wrist,1063,35.45848,0,5.435461502217864,-0.14449554852069646,0.9397114706173572,0.5653805740661995,-0.166433,0.923122,0.612263
r7,right,wrist,1064,35.49184,0,5.716357895838549,-0.14563595875705163,0.9393358201446259,0.5593811111556423,-0.165562,0.922102,0.610112
r7,right,wrist,1065,35.52519,0,5.147699898432237,-0.1481405692888721,0.9417012579697333,0.5652066232343735,-0.16624,0.922203,0.609276
r7,right,wrist,1066,35.55854,0,4.505903807426044,-0.14910899651276702,0.9423069523433684,0.5731749803447048,-0.16809,0.922641,0.608998
r7,right,wrist,1067,35.5919,0,5.093057110041134,-0.15017343547921844,0.9437782792051062,0.5670468275273683,-0.170545,0.9232,0.608945
r7,right,wrist,1068,35.62526,0,5.179176130144502,-0.15017343547921844,0.9437782792051062,0.5670468275273683,-0.173132,0.923837,0.608971
r7,right,wrist,1069,35.65861,0,5.18226831660694,-0.15203406178294215,0.9438461951075832,0.5670244402970319,-0.175359,0.924519,0.609072
r7,right,wrist,1070,35.69196,0,5.082507802023651,-0.1522825335088367,0.9440013448930571,0.5690162081915162,-0.176974,0.925224,0.609277
r7,right,wrist,1071,35.72532,0,5.132849923806221,-0.1522825335088367,0.9440013448930571,0.5690162081915162,-0.177928,0.925879,0.609618
r7,right,wrist,1072,35.75867,0,4.843548350488462,-0.15277951418482102,0.9443106475764403,0.5729998134753954,-0.178325,0.926477,0.610086
r7,right,wrist,1073,35.79203,0,5.037555997693335,-0.1525310424589266,0.9441554977909664,0.5710080455809111,-0.178427,0.926946,0.610643
r7,right,wrist,1074,35.82538,0,4.808150141327667,-0.15465013311101372,0.9443789282259767,0.5729773060128874,-0.17827,0.927366,0.611246
r7,right,wrist,1075,35.85873,0,5.166988709268043,-0.15414615759930106,0.9440693702196519,0.5689937848915283,-0.17797,0.927808,0.611863
r7,right,wrist,1076,35.89209,0,5.006437892821584,-0.1543976643361317,0.944223632541679,0.5709855862112718,-0.177514,0.928369,0.612467
r7,right,wrist,1077,35.92544,0,4.936334945545623,-0.15446727358162976,0.9423594527956681,0.5711155416940507,-0.17687,0.929029,0.613034
r7,right,wrist,1078,35.9588,0,4.910222062147462,-0.15446727358162976,0.9423594527956681,0.5711155416940507,-0.176016,0.929856,0.613428
r7,right,wrist,1079,35.99215,0,5.042087722539077,-0.15421565517221278,0.9422081811363352,0.5691235318895757,-0.174952,0.93079,0.613642
r7,right,wrist,1080,36.02551,0,4.84931759900353,-0.1543976643361317,0.944223632541679,0.5709855862112718,-0.173702,0.93177,0.613692
r7,right,wrist,1081,36.05886,0,4.766891693034838,-0.1543976643361317,0.944223632541679,0.5709855862112718,-0.172359,0.932678,0.613605
r7,right,wrist,1082,36.09221,0,5.537446342092147,-0.15505685465325433,0.9416695393427383,0.5611333312380722,-0.171014,0.9334,0.61351
r7,right,wrist,1083,36.12556,0,4.531373412806503,-0.1563338954588349,0.942427587546381,0.5710930823244115,-0.169717,0.933864,0.61353
r7,right,wrist,1084,36.15892,0,4.9429048640407816,-0.15575431512814275,0.9439819904378312,0.5669796778595764,-0.16855,0.934124,0.613695
r7,right,wrist,1085,36.19227,0,4.759765371499794,-0.1560097816897655,0.9441373955462468,0.5689713615915405,-0.167622,0.934239,0.614057
r7,right,wrist,1086,36.22563,0,4.9832255864746395,-0.15575431512814275,0.9439819904378312,0.5669796778595764,-0.167074,0.934361,0.614546
r7,right,wrist,1087,36.25898,0,4.6414709657985105,-0.15626428621333682,0.9442917672923917,0.5709631268416324,-0.166882,0.934512,0.615076
r7,right,wrist,1088,36.29234,0,4.2883637047440475,-0.1567752565607778,0.9446015806216581,0.5749465638004715,-0.167044,0.934794,0.615411
r7,right,wrist,1089,36.32569,0,4.876397503932289,-0.1560097816897655,0.9441373955462468,0.5689713615915405,-0.167563,0.935162,0.615489
r7,right,wrist,1090,36.35904,0,4.872292608351176,-0.1560097816897655,0.9441373955462468,0.5689713615915405,-0.168341,0.935576,0.615324
r7,right,wrist,1091,36.3924,0,5.243314966353245,-0.15549884856651994,0.9438265853294157,0.5649879941276121,-0.169264,0.935842,0.614948
r7,right,wrist,1092,36.42575,0,4.988141206094437,-0.15761394216961958,0.9440498698656022,0.566957302652457,-0.170353,0.935941,0.614498
r7,right,wrist,1093,36.45911,0,5.033629895899451,-0.15754459349348968,0.9459070713986599,0.5668278336340521,-0.171501,0.935834,0.61413
r7,right,wrist,1094,36.49246,0,5.051005987599533,-0.15754459349348968,0.9459070713986599,0.5668278336340521,-0.172608,0.935519,0.613907
r7,right,wrist,1095,36.52582,0,4.8483938075582245,-0.157872406517983,0.9442053843981357,0.5689489503147699,-0.173607,0.935191,0.613914
r7,right,wrist,1096,36.55917,0,4.521302167768428,-0.15839037170115228,0.9445154530503438,0.5729323031110888,-0.174415,0.934963,0.614117
r7,right,wrist,1097,36.59253,0,4.581715514841699,-0.15839037170115228,0.9445154530503438,0.5729323031110888,-0.174974,0.934911,0.614549
r7,right,wrist,1098,36.62588,0,4.831494489636621,-0.15813090809054195,0.9443599020431044,0.5709406674719931,-0.175227,0.935015,0.615153
r7,right,wrist,1099,36.65923,0,4.532584843565451,-0.1586488732737112,0.9446699706953124,0.5749240202683121,-0.175352,0.935187,0.615979
r7,right,wrist,1100,36.69259,0,5.576902739438269,-0.15735547782125608,0.9438943553330688,0.5649656549901443,-0.175337,0.935294,0.617051
r7,right,wrist,1101,36.72594,0,4.929444683798476,-0.15839037170115228,0.9445154530503438,0.5729323031110888,-0.17525,0.935241,0.618316
r7,right,wrist,1102,36.7593,0,4.668317379220998,-0.15890733762207465,0.9448254852278459,0.5769156679306249,-0.175125,0.934968,0.619567
r7,right,wrist,1103,36.79265,0,5.34086153362413,-0.15813090809054195,0.9443599020431044,0.5709406674719931,-0.174966,0.934651,0.620688
r7,right,wrist,1104,36.826,0,3.2943341215655,-0.16110537690589957,0.9461449030101745,0.5938448347743428,-0.17477,0.93437,0.621411
r7,right,wrist,1105,36.85936,0,4.65499570606423,-0.15916580197043811,0.9449809997603794,0.5789073155929376,-0.174539,0.934318,0.621532
r7,right,wrist,1106,36.89271,0,5.163259571343705,-0.15839037170115228,0.9445154530503438,0.5729323031110888,-0.174284,0.934519,0.62103
r7,right,wrist,1107,36.92607,0,4.682745572410032,-0.15890733762207465,0.9448254852278459,0.5769156679306249,-0.174007,0.934903,0.620117
r7,right,wrist,1108,36.95942,0,5.144438845285086,-0.15813090809054195,0.9443599020431044,0.5709406674719931,-0.173686,0.935333,0.619139
r7,right,wrist,1109,36.99277,0,5.6380920778694925,-0.15735547782125608,0.9438943553330688,0.5649656549901443,-0.173284,0.935704,0.618426
r7,right,wrist,1110,37.02613,0,4.265550461980623,-0.15916580197043811,0.9449809997603794,0.5789073155929376,-0.172785,0.935831,0.618281
r7,right,wrist,1111,37.05948,0,4.668722663388338,-0.1586488732737112,0.9446699706953124,0.5749240202683121,-0.172198,0.935733,0.618699
r7,right,wrist,1112,37.09283,0,4.420110322306922,-0.1590957088103991,0.9468581390447315,0.5787764566763213,-0.171596,0.935377,0.619589
r7,right,wrist,1113,37.12619,0,3.6989196454130338,-0.16025833307559154,0.9475704155356909,0.5877380024703465,-0.171138,0.934865,0.620729
r7,right,wrist,1114,37.15954,0,4.267502809276672,-0.15961241416195332,0.9471751494351865,0.5827593350314832,-0.170984,0.934305,0.621826
r7,right,wrist,1115,37.1929,0,5.871293767599658,-0.15754459349348968,0.9459070713986599,0.5668278336340521,-0.171209,0.933739,0.622617
r7,right,wrist,1116,37.22625,0,3.292241827015685,-0.1612927430409468,0.9482044727913072,0.5957037471574536,-0.171948,0.933172,0.622987
r7,right,wrist,1117,37.25961,0,5.399581165150204,-0.15832065078306784,0.9463826234590487,0.572802139143578,-0.173108,0.932723,0.622905
r7,right,wrist,1118,37.29296,0,3.7058815898988984,-0.16077503842714572,0.9478874259261459,0.5917208808255084,-0.174557,0.932362,0.622419
r7,right,wrist,1119,37.32631,0,5.201348229622669,-0.15857900345884493,0.9465411286542762,0.5747935783211592,-0.176176,0.932077,0.621554
r7,right,wrist,1120,37.35966,0,4.984198203706995,-0.15883735613462202,0.9466996338495038,0.5767850174987402,-0.177765,0.932017,0.620493
r7,right,wrist,1121,37.39302,0,5.1100950252798505,-0.15857900345884493,0.9465411286542762,0.5747935783211592,-0.179118,0.932199,0.619333
r7,right,wrist,1122,37.42637,0,4.009833353627862,-0.1618915466089965,0.9474819538463893,0.5857237338477866,-0.180262,0.93267,0.618143
r7,right,wrist,1123,37.45972,0,4.532094185685199,-0.16097532109681392,0.9469267479666214,0.5787538410048589,-0.181166,0.933472,0.617033
r7,right,wrist,1124,37.49308,0,5.523593498844741,-0.16119549816256032,0.9479000682619658,0.5666536021781915,-0.182052,0.934622,0.616047
r7,right,wrist,1125,37.52644,0,5.640395216143059,-0.16271865383708073,0.9496603344298252,0.564510843953504,-0.183169,0.936045,0.615283
r7,right,wrist,1126,37.55979,0,4.045636722642356,-0.16862969997344363,0.9511206052882085,0.5803924662759858,-0.184915,0.937572,0.614859
r7,right,wrist,1127,37.59315,0,5.317451774428367,-0.17035789658022982,0.9519549747786191,0.5662826825412233,-0.187758,0.939049,0.614844
r7,right,wrist,1128,37.6265,0,4.7252239748966325,-0.17681168171726008,0.9526667223322925,0.5721866447552697,-0.191901,0.940313,0.615227
r7,right,wrist,1129,37.65985,0,4.600039393004767,-0.1827224886817836,0.9530415338147206,0.5741093736443179,-0.197295,0.941211,0.616106
r7,right,wrist,1130,37.69321,0,4.349492504296967,-0.19254647286549842,0.9498057765434961,0.5762480037291712,-0.20377,0.941676,0.617476
r7,right,wrist,1131,37.72656,0,4.0966864435836685,-0.2007844735048063,0.9485289220233093,0.580269401247577,-0.21097,0.941644,0.619348
r7,right,wrist,1132,37.75992,0,4.458597991908949,-0.20992332780161235,0.9468337324490574,0.5782965962777189,-0.218488,0.941169,0.621684
r7,right,wrist,1133,37.79327,0,4.163156072482941,-0.21492198628271797,0.9475259748518503,0.585218208217509,-0.226055,0.940238,0.624666
r7,right,wrist,1134,37.82663,0,3.598340387900989,-0.22432339560650186,0.948597545978164,0.5950790171117082,-0.233513,0.938868,0.628481
r7,right,wrist,1135,37.85998,0,5.3412708344810556,-0.22766698096893034,0.9458858813556924,0.5822048798629684,-0.240803,0.937134,0.633232
r7,right,wrist,1136,37.89333,0,4.063349348124919,-0.23719583861504723,0.9476585649856308,0.6020403209901073,-0.247908,0.935198,0.639203
r7,right,wrist,1137,37.92669,0,4.551160213610824,-0.2415718681927966,0.94411613786176,0.6042520551980822,-0.254727,0.933145,0.646417
r7,right,wrist,1138,37.96004,0,3.7460826099936035,-0.24526115941244897,0.9415695445007481,0.6224404640770977,-0.260995,0.931216,0.654822
r7,right,wrist,1139,37.9934,0,5.247589575374416,-0.24790856703608147,0.9373321144045157,0.6156948048021359,-0.266533,0.929573,0.664137
r7,right,wrist,1140,38.02675,0,3.7479363470716036,-0.25504926999859967,0.9351637388627327,0.6408414874801928,-0.270966,0.928345,0.674081
r7,right,wrist,1141,38.0601,0,4.962193220260227,-0.2547185742539613,0.9330570109715195,0.6389872372498132,-0.274079,0.927473,0.684334
r7,right,wrist,1142,38.09346,0,4.819347410799823,-0.2589398967899054,0.9338313588354563,0.6499204468166855,-0.275738,0.926819,0.694544
r7,right,wrist,1143,38.12682,0,5.186133432892625,-0.2620391584264812,0.9322218552012362,0.6550163353907698,-0.276074,0.926159,0.704573
r7,right,wrist,1144,38.16017,0,4.554552688182169,-0.2652753366101005,0.9291036923488347,0.6702415956246628,-0.275248,0.92521,0.714511
r7,right,wrist,1145,38.19352,0,4.778224930749869,-0.2667913337655421,0.9274776612709656,0.6773586357087495,-0.273529,0.923758,0.724517
r7,right,wrist,1146,38.22688,0,5.746942023283885,-0.2668674200210491,0.9254400230886951,0.677500683305969,-0.271163,0.921759,0.734691
r7,right,wrist,1147,38.26023,0,5.042682736054315,-0.2684519661555514,0.9221800529686508,0.6947565206187176,-0.268351,0.919215,0.745096
r7,right,wrist,1148,38.29359,0,4.770836065734471,-0.27142070575467575,0.9145107695121613,0.7082981992981356,-0.265292,0.916363,0.755575
r7,right,wrist,1149,38.32694,0,4.542278425349691,-0.2721258747303168,0.9108117420400251,0.72158314572167,-0.262117,0.913414,0.765813
r7,right,wrist,1150,38.36029,0,4.365614108902221,-0.26804953538512843,0.9089193644184008,0.7327818180751253,-0.258908,0.910575,0.775438
r7,right,wrist,1151,38.39365,0,5.697095756913666,-0.2650950411766797,0.9044009269797328,0.7281139161818668,-0.25577,0.907908,0.784207
r7,right,wrist,1152,38.427,0,5.199745143728759,-0.26360510567932344,0.8983098361540428,0.7415872618230546,-0.252722,0.905309,0.791949
r7,right,wrist,1153,38.46035,0,4.498728934645911,-0.26206366194513153,0.8964401143025538,0.7557678188083209,-0.24985,0.902724,0.798607
r7,right,wrist,1154,38.49371,0,5.265881241268917,-0.25725131289074216,0.8940333700161891,0.7529745548539537,-0.247228,0.900027,0.804322
r7,right,wrist,1155,38.52707,0,5.058015828545069,-0.24960837229008953,0.8960563565289024,0.758920204822147,-0.244868,0.897189,0.809265
r7,right,wrist,1156,38.56042,0,4.686043851722353,-0.24668394099547278,0.8961376268649925,0.7669621892622922,-0.242796,0.894228,0.813622
r7,right,wrist,1157,38.59377,0,5.040427864572987,-0.24239761225393472,0.8937970059337004,0.7671667976088046,-0.241078,0.891184,0.817486
r7,right,wrist,1158,38.62713,0,3.994093602652536,-0.24270704291926135,0.891907996595381,0.7813311697227776,-0.239689,0.888233,0.820988
r7,right,wrist,1159,38.66048,0,4.770444685235948,-0.23972881618520323,0.8894989855773406,0.7765156943116159,-0.238564,0.885465,0.824035
r7,right,wrist,1160,38.69384,0,4.786310087735273,-0.24023451283871694,0.8851504529315828,0.7788205786304924,-0.237719,0.883111,0.826574
r7,right,wrist,1161,38.72719,0,5.751534614843978,-0.23894928643337804,0.882792253307418,0.7709780135131594,-0.237121,0.881303,0.828445
r7,right,wrist,1162,38.76054,0,4.520034246432962,-0.24125964783214449,0.885279721049538,0.784816786848936,-0.236812,0.879976,0.829484
r7,right,wrist,1163,38.7939,0,4.536221887495951,-0.24125964783214449,0.885279721049538,0.784816786848936,-0.236813,0.879198,0.829549
r7,right,wrist,1164,38.82725,0,4.43172429793562,-0.24125964783214449,0.885279721049538,0.784816786848936,-0.237235,0.878843,0.828479
r7,right,wrist,1165,38.86061,0,5.58883370502994,-0.23886765377274846,0.8849784277368306,0.7708256111742641,-0.238111,0.878843,0.826371
r7,right,wrist,1166,38.89396,0,5.589523167479418,-0.24053897391662987,0.8849935091477044,0.7678012303239574,-0.239413,0.879086,0.823372
r7,right,wrist,1167,38.92731,0,4.647627663466192,-0.24376848142671392,0.885203240466983,0.7737709153253644,-0.241124,0.87954,0.819825
r7,right,wrist,1168,38.96067,0,6.003513600984273,-0.24505848688982226,0.887156616140125,0.7565793902509351,-0.243029,0.880127,0.816167
r7,right,wrist,1169,38.99402,0,5.668394192077485,-0.24722388817884983,0.8872356568279163,0.7565533359393674,-0.244831,0.88074,0.812813
r7,right,wrist,1170,39.02738,0,4.906261090360973,-0.25029374598703685,0.8874319057246505,0.7615229818430556,-0.246371,0.881351,0.810049
r7,right,wrist,1171,39.06073,0,5.7844285670695506,-0.25046197817264293,0.8872520209298922,0.7505065316256605,-0.247556,0.881843,0.808024
r7,right,wrist,1172,39.09409,0,5.064155984228867,-0.2515566892813988,0.887393811152911,0.7565012032697978,-0.248496,0.882136,0.806776
r7,right,wrist,1173,39.12744,0,5.013040275728676,-0.2515566892813988,0.887393811152911,0.7565012032697978,-0.249396,0.882258,0.806321
r7,right,wrist,1174,39.16079,0,5.0397251471154885,-0.2515566892813988,0.887393811152911,0.7565012032697978,-0.250503,0.882219,0.806621
r7,right,wrist,1175,39.19415,0,4.891970531876928,-0.25202261980373725,0.8896319215927506,0.7593474631678807,-0.251892,0.882,0.807668
r7,right,wrist,1176,39.2275,0,4.919767536187124,-0.252305992040891,0.8918537169166793,0.7611940994920602,-0.253537,0.881715,0.80932
r7,right,wrist,1177,39.26086,0,5.1431720404601995,-0.252305992040891,0.8918537169166793,0.7611940994920602,-0.255342,0.881513,0.811484
r7,right,wrist,1178,39.29421,0,4.809144614731694,-0.2533989966276864,0.8920144115287219,0.7671874627561137,-0.256962,0.881469,0.813973
r7,right,wrist,1179,39.32756,0,4.175458349114908,-0.255039446933833,0.8922569852528383,0.7761773913866106,-0.258176,0.881752,0.816467
r7,right,wrist,1180,39.36092,0,4.18603139982449,-0.255403781796098,0.8923105501235191,0.778175179141295,-0.258811,0.882386,0.818699
r7,right,wrist,1181,39.39427,0,5.717784120671515,-0.25285247572219094,0.891934562666483,0.7641907463766315,-0.258789,0.883423,0.820419
r7,right,wrist,1182,39.42762,0,4.594854502894969,-0.2572388231392551,0.892337266080632,0.7761509282856598,-0.258244,0.884699,0.821449
r7,right,wrist,1183,39.46098,0,4.597669612204605,-0.2572388231392551,0.892337266080632,0.7761509282856598,-0.257301,0.886118,0.821705
r7,right,wrist,1184,39.49433,0,4.346113516041184,-0.2576061557882609,0.8923909403754308,0.7781486799706928,-0.256222,0.887504,0.821312
r7,right,wrist,1185,39.52768,0,5.938093108813683,-0.25448038669014056,0.8919330858768242,0.7611679369715382,-0.255282,0.888675,0.820454
r7,right,wrist,1186,39.56104,0,5.536106559459183,-0.25721125764315916,0.8920936653338323,0.7641383011034159,-0.254826,0.889519,0.819388
r7,right,wrist,1187,39.59439,0,5.152627514118036,-0.2599521584428421,0.8922536126503351,0.7671086144980329,-0.254991,0.890001,0.818346
r7,right,wrist,1188,39.62775,0,4.177137327060622,-0.2616365762878523,0.8924977912615135,0.7760980141069753,-0.255945,0.890095,0.81741
r7,right,wrist,1189,39.6611,0,5.569741476561598,-0.2610035706378895,0.8921711927572591,0.761089449409972,-0.257602,0.889864,0.816635
r7,right,wrist,1190,39.69446,0,4.614412416884648,-0.26270301464079865,0.8924149216014621,0.7700787381655677,-0.259573,0.889419,0.816019
r7,right,wrist,1191,39.72781,0,5.170189390932889,-0.26374843126236464,0.8923322828601505,0.7640596452168098,-0.261521,0.888762,0.81559
r7,right,wrist,1192,39.76117,0,5.647476120412027,-0.2649680398291857,0.8922756363127493,0.7590395770785865,-0.262993,0.887992,0.815317
r7,right,wrist,1193,39.79452,0,5.455117793812653,-0.2675257553233915,0.8924092631629882,0.7610109738716231,-0.263756,0.887212,0.815183
r7,right,wrist,1194,39.82787,0,4.878762879200298,-0.2686887082674697,0.8925725110044469,0.7670034955104761,-0.26383,0.88638,0.815152
r7,right,wrist,1195,39.86123,0,4.32418994405982,-0.2698516239873524,0.8927367557334704,0.7729959476544183,-0.263273,0.885639,0.815141
r7,right,wrist,1196,39.89458,0,4.952096597458136,-0.2708730955391883,0.8926522447116514,0.7669772127577824,-0.262377,0.884937,0.81515
r7,right,wrist,1197,39.92794,0,5.546402438811884,-0.26970014997264113,0.892488632123133,0.7609848113511012,-0.261632,0.884231,0.815234
r7,right,wrist,1198,39.96129,0,5.310927161282943,-0.27028660414381706,0.8925709368611745,0.7639809773069863,-0.261429,0.883439,0.815544
r7,right,wrist,1200,40.028,0,5.169479610769971,-0.2708730955391883,0.8926522447116514,0.7669772127577824,-0.263419,0.881521,0.816906
r7,right,wrist,1201,40.06136,0,4.971778779140875,-0.27145855044811723,0.8927345129749871,0.7699733907368848,-0.265329,0.880473,0.817764
r7,right,wrist,1202,40.09471,0,4.473971768184681,-0.2726314587904689,0.8928991224510701,0.7759657226486556,-0.267198,0.879657,0.818354
r7,right,wrist,1203,40.12806,0,5.337845852893681,-0.2708730955391883,0.8926522447116514,0.7669772127577824,-0.268485,0.879329,0.818611
r7,right,wrist,1204,40.16142,0,5.317363637860918,-0.2708730955391883,0.8926522447116514,0.7669772127577824,-0.268726,0.879678,0.818499
r7,right,wrist,1205,40.19477,0,5.258267506365344,-0.2708730955391883,0.8926522447116514,0.7669772127577824,-0.267754,0.880724,0.818094
r7,right,wrist,1206,40.22813,0,5.199645119567421,-0.2708730955391883,0.8926522447116514,0.7669772127577824,-0.265791,0.882214,0.817661
r7,right,wrist,1207,40.26148,0,5.912227928210021,-0.2671384374294477,0.8923548593740704,0.7590134626509333,-0.263326,0.883833,0.817394
r7,right,wrist,1208,40.29483,0,5.4441188129635485,-0.26810721318333286,0.8924913855274998,0.7640071999435942,-0.260992,0.885115,0.817475
r7,right,wrist,1209,40.32819,0,4.947955569311058,-0.2692701661274111,0.8926546333689587,0.769999721582447,-0.259239,0.885748,0.817957
r7,right,wrist,1210,40.36154,0,5.599219955509922,-0.26810721318333286,0.8924913855274998,0.7640071999435942,-0.258353,0.885617,0.818713
r7,right,wrist,1211,40.39489,0,4.810411029434144,-0.26993344276895914,0.8905455968662342,0.7731486974678664,-0.258309,0.884987,0.819495
r7,right,wrist,1212,40.42825,0,4.862476651578234,-0.26993344276895914,0.8905455968662342,0.7731486974678664,-0.258809,0.884137,0.820048
r7,right,wrist,1213,40.4616,0,5.142604265945612,-0.26935176156384516,0.8904694558271107,0.7701520544264318,-0.259502,0.883525,0.820146
r7,right,wrist,1214,40.49495,0,5.385893388022627,-0.2687701175829265,0.8903923179004226,0.7671554808799079,-0.259927,0.88339,0.81982
r7,right,wrist,1215,40.52831,0,5.928189099636338,-0.2675257553233915,0.8924092631629882,0.7610109738716231,-0.259858,0.883936,0.819181
r7,right,wrist,1216,40.56166,0,5.572451398968335,-0.26810721318333286,0.8924913855274998,0.7640071999435942,-0.259148,0.885035,0.818499
r7,right,wrist,1217,40.59502,0,5.489256542464785,-0.26818847360200787,0.8903151799737343,0.7641589073333837,-0.257956,0.886455,0.817951
r7,right,wrist,1218,40.62837,0,5.180148100468366,-0.2665043209957511,0.8924927772972425,0.7670297782631694,-0.256489,0.887868,0.817643
r7,right,wrist,1219,40.66173,0,5.202297388136135,-0.2665043209957511,0.8924927772972425,0.7670297782631694,-0.255047,0.888899,0.817648
r7,right,wrist,1220,40.69508,0,4.980140754311471,-0.26708078254445794,0.8925747172882246,0.7700260644512262,-0.253823,0.889457,0.817929
r7,right,wrist,1221,40.72844,0,5.604928010612544,-0.2659278222228487,0.8924118341938252,0.7640334225802019,-0.252961,0.889512,0.818485
r7,right,wrist,1222,40.76179,0,5.137023506752728,-0.26708078254445794,0.8925747172882246,0.7700260644512262,-0.25249,0.889173,0.819163
r7,right,wrist,1223,40.79514,0,5.489721970188035,-0.2665043209957511,0.8924927772972425,0.7670297782631694,-0.252239,0.888682,0.819904
r7,right,wrist,1224,40.8285,0,5.026415339891608,-0.2676572440931648,0.8926566572792065,0.7730223506392832,-0.252158,0.888221,0.820631
r7,right,wrist,1225,40.86185,0,5.628431220625252,-0.2665043209957511,0.8924927772972425,0.7670297782631694,-0.252256,0.888011,0.821296
r7,right,wrist,1226,40.89521,0,5.392494386908057,-0.26708078254445794,0.8925747172882246,0.7700260644512262,-0.252493,0.888098,0.821747
r7,right,wrist,1227,40.92856,0,5.401988827706199,-0.26708078254445794,0.8925747172882246,0.7700260644512262,-0.252898,0.888432,0.821986
r7,right,wrist,1228,40.96191,0,5.1121657861487755,-0.2676572440931648,0.8926566572792065,0.7730223506392832,-0.253542,0.888941,0.822016
r7,right,wrist,1229,40.99527,0,5.33679950927001,-0.26708078254445794,0.8925747172882246,0.7700260644512262,-0.254344,0.889473,0.821759
r7,right,wrist,1230,41.02862,0,5.8143062303944015,-0.2660090826415238,0.8902356286400596,0.7641851299699916,-0.255207,0.889906,0.821315
r7,right,wrist,1231,41.06197,0,5.202586048396925,-0.26708078254445794,0.8925747172882246,0.7700260644512262,-0.255998,0.890152,0.8208
r7,right,wrist,1232,41.09533,0,5.42057346061021,-0.2665043209957511,0.8924927772972425,0.7670297782631694,-0.256526,0.890158,0.820258
r7,right,wrist,1233,41.12868,0,5.661854586742829,-0.2659278222228487,0.8924118341938252,0.7640334225802019,-0.256704,0.889943,0.819841
r7,right,wrist,1234,41.16204,0,5.612793614785396,-0.2660090826415238,0.8902356286400596,0.7641851299699916,-0.256628,0.889609,0.81952
r7,right,wrist,1235,41.19539,0,4.776594191183275,-0.2676572440931648,0.8926566572792065,0.7730223506392832,-0.256368,0.889252,0.81931
r7,right,wrist,1238,41.29545,0,4.992406740563351,-0.26708078254445794,0.8925747172882246,0.7700260644512262,-0.256333,0.888929,0.818643
r7,right,wrist,1239,41.3288,0,5.50809967493892,-0.2659278222228487,0.8924118341938252,0.7640334225802019,-0.257023,0.889086,0.818288
r7,right,wrist,1240,41.36216,0,5.737890789766808,-0.2653513606741419,0.8923298942028431,0.7610371363921451,-0.258041,0.889381,0.817872
r7,right,wrist,1241,41.39551,0,5.103200036788946,-0.2665043209957511,0.8924927772972425,0.7670297782631694,-0.259283,0.889773,0.817475
r7,right,wrist,1242,41.42886,0,5.334788771650337,-0.2659278222228487,0.8924118341938252,0.7640334225802019,-0.260629,0.890288,0.817075
r7,right,wrist,1243,41.46222,0,5.5720333573345275,-0.2653513606741419,0.8923298942028431,0.7610371363921451,-0.261868,0.890858,0.816629
r7,right,wrist,1244,41.49557,0,4.632366653587376,-0.26708078254445794,0.8925747172882246,0.7700260644512262,-0.262873,0.891429,0.816144
r7,right,wrist,1245,41.52892,0,5.654331564395377,-0.2649680398291857,0.8922756363127493,0.7590395770785865,-0.263558,0.891891,0.815564
r7,right,wrist,1246,41.56228,0,5.087349055582059,-0.2659278222228487,0.8924118341938252,0.7640334225802019,-0.263948,0.892038,0.814867
r7,right,wrist,1247,41.59563,0,5.81721650249589,-0.2643915782804788,0.8921936963217674,0.7560432908905296,-0.264098,0.891747,0.814213
r7,right,wrist,1248,41.62898,0,5.4667012798869,-0.2649680398291857,0.8922756363127493,0.7590395770785865,-0.264049,0.891001,0.813684
r7,right,wrist,1249,41.66234,0,5.240519751282863,-0.2653513606741419,0.8923298942028431,0.7610371363921451,-0.263945,0.88992,0.813368
r7,right,wrist,1250,41.69569,0,5.2512290476606704,-0.2653513606741419,0.8923298942028431,0.7610371363921451,-0.263827,0.888793,0.813408
r7,right,wrist,1251,41.72905,0,4.968448113013095,-0.2660090826415238,0.8902356286400596,0.7641851299699916,-0.26369,0.887869,0.813759
r7,right,wrist,1253,41.79576,0,5.110913599711274,-0.26374843126236464,0.8923322828601505,0.7640596452168098,-0.263129,0.887563,0.814942
r7,right,wrist,1254,41.82911,0,4.87498145535523,-0.2643199337240324,0.8924130435900381,0.7670560610158631,-0.262577,0.888244,0.815596
r7,right,wrist,1255,41.86247,0,5.533324374341268,-0.2653513606741419,0.8923298942028431,0.7610371363921451,-0.261781,0.889284,0.816171
r7,right,wrist,1256,41.89582,0,4.993900745541956,-0.2665043209957511,0.8924927772972425,0.7670297782631694,-0.260735,0.890418,0.816591
r7,right,wrist,1257,41.92918,0,5.326247960838475,-0.2659278222228487,0.8924118341938252,0.7640334225802019,-0.259518,0.891447,0.8169
r7,right,wrist,1258,41.96253,0,5.350272568255653,-0.2660090826415238,0.8902356286400596,0.7641851299699916,-0.258404,0.892283,0.817105
r7,right,wrist,1259,41.99589,0,5.675981110303085,-0.2653513606741419,0.8923298942028431,0.7610371363921451,-0.257585,0.892921,0.81726
r7,right,wrist,1260,42.02924,0,5.08195170931376,-0.2643199337240324,0.8924130435900381,0.7670560610158631,-0.257114,0.89337,0.817353
r7,right,wrist,1261,42.0626,0,5.1264355720812205,-0.2665043209957511,0.8924927772972425,0.7670297782631694,-0.256988,0.893727,0.817388
r7,right,wrist,1262,42.09595,0,5.41571057313465,-0.2659278222228487,0.8924118341938252,0.7640334225802019,-0.257105,0.894047,0.817442
r7,right,wrist,1263,42.12931,0,5.417979600066776,-0.2659278222228487,0.8924118341938252,0.7640334225802019,-0.257385,0.894247,0.817504
r7,right,wrist,1264,42.16266,0,5.7031106686419015,-0.2653513606741419,0.8923298942028431,0.7610371363921451,-0.257725,0.894291,0.817522
r7,right,wrist,1265,42.19601,0,5.895666990231185,-0.2649680398291857,0.8922756363127493,0.7590395770785865,-0.258053,0.894128,0.81756
r7,right,wrist,1266,42.22937,0,5.109126988906744,-0.26658573031120797,0.8903125841932181,0.7671817636326014,-0.258342,0.893783,0.817484
r7,right,wrist,1267,42.26273,0,5.369574590031576,-0.2660090826415238,0.8902356286400596,0.7641851299699916,-0.258626,0.893309,0.817282
r7,right,wrist,1268,42.29608,0,5.312100811607197,-0.2660090826415238,0.8902356286400596,0.7641851299699916,-0.258983,0.892799,0.816777
r7,right,wrist,1269,42.32943,0,5.239481937360887,-0.2659278222228487,0.8924118341938252,0.7640334225802019,-0.259456,0.892389,0.816027
r7,right,wrist,1270,42.36279,0,5.434397297171262,-0.2653513606741419,0.8923298942028431,0.7610371363921451,-0.26018,0.892098,0.815134
r7,right,wrist,1271,42.39614,0,5.819913378704223,-0.2643915782804788,0.8921936963217674,0.7560432908905296,-0.261122,0.89195,0.81415
r7,right,wrist,1272,42.4295,0,5.4317893420783,-0.2649680398291857,0.8922756363127493,0.7590395770785865,-0.262102,0.89198,0.813281
r7,right,wrist,1273,42.46285,0,5.369324065817615,-0.2649680398291857,0.8922756363127493,0.7590395770785865,-0.263039,0.892147,0.812698
r7,right,wrist,1274,42.4962,0,5.644993845813976,-0.2643915782804788,0.8921936963217674,0.7560432908905296,-0.263603,0.892479,0.812487
r7,right,wrist,1275,42.52956,0,4.869062756794153,-0.2659278222228487,0.8924118341938252,0.7640334225802019,-0.263668,0.893002,0.812668
r7,right,wrist,1276,42.56292,0,5.404385702811803,-0.2650490024542971,0.8901074058595014,0.7591907285090915,-0.263143,0.89366,0.813084
r7,right,wrist,1277,42.59627,0,5.2709406501107345,-0.26543243497183966,0.8901586730869011,0.761188496307382,-0.262209,0.894437,0.813625
r7,right,wrist,1278,42.62962,0,5.532649999956646,-0.2650490024542971,0.8901074058595014,0.7591907285090915,-0.261194,0.895257,0.814142
r7,right,wrist,1279,42.66298,0,5.387168478800263,-0.26543243497183966,0.8901586730869011,0.761188496307382,-0.260375,0.896002,0.814503
r7,right,wrist,1280,42.69633,0,5.409588461943995,-0.2653513606741419,0.8923298942028431,0.7610371363921451,-0.260096,0.896518,0.814714
r7,right,wrist,1281,42.72971,0,5.420732472254658,-0.2653513606741419,0.8923298942028431,0.7610371363921451,-0.260375,0.896655,0.814842
r7,right,wrist,1282,42.76308,0,5.130257811970156,-0.2659278222228487,0.8924118341938252,0.7640334225802019,-0.261124,0.89637,0.814957
r7,right,wrist,1283,42.79645,0,5.442161333224255,-0.26543243497183966,0.8901586730869011,0.761188496307382,-0.262036,0.895706,0.81522
r7,right,wrist,1284,42.82982,0,5.481513934861708,-0.26543243497183966,0.8901586730869011,0.761188496307382,-0.262773,0.894717,0.815749
r7,right,wrist,1285,42.86319,0,5.5603359735716245,-0.26543243497183966,0.8901586730869011,0.761188496307382,-0.26304,0.893513,0.816639
r7,right,wrist,1286,42.89656,0,5.376465621881088,-0.2660090826415238,0.8902356286400596,0.7641851299699916,-0.262657,0.892206,0.817809
r7,right,wrist,1287,42.92994,0,4.632254093492413,-0.2677390628747716,0.8904654984119704,0.7731751004527315,-0.261739,0.890936,0.819105
r7,right,wrist,1288,42.96331,0,4.769781653982747,-0.2677390628747716,0.8904654984119704,0.7731751004527315,-0.260519,0.889829,0.820319
r7,right,wrist,1289,42.99668,0,5.438934396865737,-0.2644013430394893,0.8902328504860136,0.7672080463852948,-0.259275,0.88899,0.821341
r7,right,wrist,1290,43.03005,0,5.23420053318474,-0.264972994397939,0.8903096236656424,0.7702047401639903,-0.258316,0.888554,0.822092
r7,right,wrist,1291,43.06342,0,5.032724975374555,-0.2654628641989772,0.8925765588249426,0.7730487536241483,-0.257748,0.888576,0.82262
r7,right,wrist,1292,43.0968,0,5.642796665486832,-0.2643199337240324,0.8924130435900381,0.7670560610158631,-0.257563,0.889067,0.822978
r7,right,wrist,1293,43.13017,0,5.086962419543394,-0.2654628641989772,0.8925765588249426,0.7730487536241483,-0.257621,0.889919,0.82324
r7,right,wrist,1294,43.16354,0,5.394844534583268,-0.2648913989615049,0.8924948012074904,0.7700524073200056,-0.257605,0.89105,0.823487
r7,right,wrist,1295,43.19692,0,5.414054771320999,-0.2648913989615049,0.8924948012074904,0.7700524073200056,-0.257265,0.892379,0.823653
r7,right,wrist,1296,43.23029,0,5.143112064165878,-0.2654628641989772,0.8925765588249426,0.7730487536241483,-0.25645,0.893724,0.823671
r7,right,wrist,1297,43.26367,0,4.869405500666108,-0.2660343294364496,0.8926583164423948,0.7760450999282907,-0.255217,0.89491,0.823469
r7,right,wrist,1298,43.29704,0,5.995352885230002,-0.26382969168103965,0.890156077306385,0.7642113526065993,-0.253708,0.895966,0.823018
r7,right,wrist,1299,43.33042,0,5.685116125137828,-0.2644013430394893,0.8902328504860136,0.7672080463852948,-0.252206,0.896733,0.822354
r7,right,wrist,1300,43.36379,0,5.927263631961835,-0.26382969168103965,0.890156077306385,0.7642113526065993,-0.250977,0.897276,0.821634
r7,right,wrist,1301,43.39717,0,5.597808055940348,-0.2644013430394893,0.8902328504860136,0.7672080463852948,-0.25021,0.89757,0.820858
r7,right,wrist,1302,43.43054,0,5.540908309408875,-0.2644013430394893,0.8902328504860136,0.7672080463852948,-0.249968,0.897647,0.820188
r7,right,wrist,1303,43.46392,0,5.7546683046981935,-0.26382969168103965,0.890156077306385,0.7642113526065993,-0.250225,0.897578,0.819632
r7,right,wrist,1304,43.49729,0,5.9823376039815805,-0.26325903958483693,0.8900793406014622,0.7612146468046868,-0.250868,0.897432,0.819277
r7,right,wrist,1305,43.53067,0,5.660053174960041,-0.26382969168103965,0.890156077306385,0.7642113526065993,-0.25173,0.897346,0.819034
r7,right,wrist,1306,43.56404,0,5.341174310310434,-0.2644013430394893,0.8902328504860136,0.7672080463852948,-0.252659,0.897355,0.818824
r7,right,wrist,1307,43.59742,0,5.59505567409583,-0.26382969168103965,0.890156077306385,0.7642113526065993,-0.253425,0.897457,0.818699
r7,right,wrist,1308,43.63079,0,5.290439772835714,-0.2644013430394893,0.8902328504860136,0.7672080463852948,-0.254019,0.897641,0.818552
r7,right,wrist,1309,43.66417,0,5.839547295780243,-0.26325903958483693,0.8900793406014622,0.7612146468046868,-0.254279,0.89779,0.818398
r7,right,wrist,1310,43.69755,0,5.545692899219076,-0.26382969168103965,0.890156077306385,0.7642113526065993,-0.254209,0.897806,0.818289
r7,right,wrist,1311,43.7309,0,5.8357499499671235,-0.26325903958483693,0.8900793406014622,0.7612146468046868,-0.253843,0.897738,0.818296
r7,right,wrist,1312,43.76426,0,5.292797708382274,-0.2644013430394893,0.8902328504860136,0.7672080463852948,-0.253228,0.89753,0.818426
r7,right,wrist,1313,43.79762,0,5.610876137025954,-0.26382969168103965,0.890156077306385,0.7642113526065993,-0.252444,0.897195,0.8187
r7,right,wrist,1314,43.83098,0,5.382118543544546,-0.2644013430394893,0.8902328504860136,0.7672080463852948,-0.251691,0.896823,0.81909
r7,right,wrist,1315,43.86433,0,5.991530150867286,-0.26325903958483693,0.8900793406014622,0.7612146468046868,-0.251101,0.896418,0.81954
r7,right,wrist,1316,43.89769,0,5.20266162252444,-0.264972994397939,0.8903096236656424,0.7702047401639903,-0.250776,0.896081,0.819923
r7,right,wrist,1317,43.93105,0,5.766809161827077,-0.26382969168103965,0.890156077306385,0.7642113526065993,-0.25071,0.895858,0.820077
r7,right,wrist,1318,43.96441,0,5.750400066441843,-0.26382969168103965,0.890156077306385,0.7642113526065993,-0.250893,0.895793,0.819957
r7,right,wrist,1319,43.99776,0,5.156257929105914,-0.264972994397939,0.8903096236656424,0.7702047401639903,-0.251279,0.895885,0.819602
r7,right,wrist,1320,44.03112,0,5.648777272346836,-0.26382969168103965,0.890156077306385,0.7642113526065993,-0.251647,0.896142,0.819044
r7,right,wrist,1321,44.06448,0,5.877676993516024,-0.26325903958483693,0.8900793406014622,0.7612146468046868,-0.251893,0.896566,0.818516
r7,right,wrist,1322,44.09784,0,5.854019174637463,-0.26325903958483693,0.8900793406014622,0.7612146468046868,-0.251815,0.897063,0.818199
r7,right,wrist,1323,44.1312,0,5.871642671252013,-0.26325903958483693,0.8900793406014622,0.7612146468046868,-0.251415,0.897579,0.818233
r7,right,wrist,1324,44.16455,0,5.924677897179128,-0.26325903958483693,0.8900793406014622,0.7612146468046868,-0.250716,0.898023,0.818571
r7,right,wrist,1325,44.19791,0,5.184347726180453,-0.264972994397939,0.8903096236656424,0.7702047401639903,-0.24985,0.898309,0.819144
r7,right,wrist,1326,44.23127,0,5.532794286587504,-0.2644013430394893,0.8902328504860136,0.7672080463852948,-0.24903,0.89832,0.819739
r7,right,wrist,1327,44.26463,0,5.855115933816522,-0.26382969168103965,0.890156077306385,0.7642113526065993,-0.248539,0.897998,0.820184
r7,right,wrist,1328,44.29798,0,5.5866081759019,-0.2644013430394893,0.8902328504860136,0.7672080463852948,-0.248573,0.897388,0.820305
r7,right,wrist,1329,44.33134,0,5.5447824613255365,-0.2644013430394893,0.8902328504860136,0.7672080463852948,-0.249113,0.896515,0.820135
r7,right,wrist,1330,44.3647,0,6.0220754062661825,-0.26325903958483693,0.8900793406014622,0.7612146468046868,-0.250104,0.895418,0.819738
r7,right,wrist,1331,44.39806,0,5.652595950714794,-0.26382969168103965,0.890156077306385,0.7642113526065993,-0.251364,0.894296,0.81919
r7,right,wrist,1332,44.43142,0,5.290017766666769,-0.2644013430394893,0.8902328504860136,0.7672080463852948,-0.252634,0.893359,0.818688
r7,right,wrist,1333,44.46477,0,5.799143984072603,-0.26325903958483693,0.8900793406014622,0.7612146468046868,-0.25359,0.892812,0.818329
r7,right,wrist,1334,44.49813,0,5.214905961584389,-0.2644013430394893,0.8902328504860136,0.7672080463852948,-0.254061,0.892681,0.818263
r7,right,wrist,1335,44.53149,0,5.808396307570591,-0.26325903958483693,0.8900793406014622,0.7612146468046868,-0.254002,0.892956,0.818484
r7,right,wrist,1336,44.56484,0,5.297550991813844,-0.2644013430394893,0.8902328504860136,0.7672080463852948,-0.253623,0.893476,0.818974
r7,right,wrist,1337,44.5982,0,5.655151823781472,-0.26382969168103965,0.890156077306385,0.7642113526065993,-0.253092,0.894112,0.819593
r7,right,wrist,1338,44.63156,0,5.740104748743685,-0.2639109520997147,0.8879798717526194,0.7643630599963889,-0.252642,0.894637,0.820252
r7,right,wrist,1339,44.66492,0,5.230497005274949,-0.264972994397939,0.8903096236656424,0.7702047401639903,-0.252501,0.894989,0.820785
r7,right,wrist,1340,44.69827,0,4.9803852706423815,-0.2655446829805841,0.8903853999577064,0.7732015034375964,-0.25273,0.89509,0.821098
r7,right,wrist,1341,44.73163,0,5.812287051393726,-0.26382969168103965,0.890156077306385,0.7642113526065993,-0.253232,0.894908,0.821162
r7,right,wrist,1342,44.76499,0,5.773132830821553,-0.26382969168103965,0.890156077306385,0.7642113526065993,-0.253856,0.894532,0.820906
r7,right,wrist,1343,44.79835,0,5.710254409452381,-0.26382969168103965,0.890156077306385,0.7642113526065993,-0.254435,0.893992,0.820405
r7,right,wrist,1344,44.8317,0,5.350887287734777,-0.2644013430394893,0.8902328504860136,0.7672080463852948,-0.254774,0.893455,0.819745
r7,right,wrist,1345,44.86506,0,5.557316872292923,-0.26382969168103965,0.890156077306385,0.7642113526065993,-0.254819,0.893064,0.818972
r7,right,wrist,1346,44.89842,0,5.193129585789768,-0.2644013430394893,0.8902328504860136,0.7672080463852948,-0.254583,0.892937,0.818131
r7,right,wrist,1347,44.93177,0,5.415481373874013,-0.26374843126236464,0.8923322828601505,0.7640596452168098,-0.254242,0.893101,0.817368
r7,right,wrist,1348,44.96513,0,5.6390548449676805,-0.26325903958483693,0.8900793406014622,0.7612146468046868,-0.25395,0.893471,0.816728
r7,right,wrist,1349,44.99849,0,5.606668252607756,-0.26325903958483693,0.8900793406014622,0.7612146468046868,-0.253769,0.894015,0.816332
r7,right,wrist,1350,45.03185,0,5.6042520697139455,-0.26325903958483693,0.8900793406014622,0.7612146468046868,-0.2538,0.894462,0.816279
r7,right,wrist,1351,45.0652,0,5.344511933452409,-0.26374843126236464,0.8923322828601505,0.7640596452168098,-0.254026,0.894736,0.816558
r7,right,wrist,1352,45.09856,0,5.690721027894733,-0.26317796528713916,0.8922505617174041,0.76106328688945,-0.254459,0.894728,0.817244
r7,right,wrist,1353,45.13192,0,4.91734094254045,-0.2648913989615049,0.8924948012074904,0.7700524073200056,-0.255055,0.894407,0.818194
r7,right,wrist,1354,45.16528,0,5.298683538939045,-0.2643199337240324,0.8924130435900381,0.7670560610158631,-0.255672,0.893944,0.81931
r7,right,wrist,1355,45.19864,0,5.398829913802963,-0.2643199337240324,0.8924130435900381,0.7670560610158631,-0.256221,0.893565,0.820421
r7,right,wrist,1356,45.23199,0,4.922438660107055,-0.2654628641989772,0.8925765588249426,0.7730487536241483,-0.256554,0.893414,0.821453
r7,right,wrist,1357,45.26535,0,5.297009359096205,-0.2648913989615049,0.8924948012074904,0.7700524073200056,-0.256575,0.893547,0.822355
r7,right,wrist,1358,45.29871,0,5.090388985448394,-0.2654628641989772,0.8925765588249426,0.7730487536241483,-0.256267,0.894031,0.823094
r7,right,wrist,1359,45.33207,0,5.456147312989297,-0.2648913989615049,0.8924948012074904,0.7700524073200056,-0.255715,0.894662,0.823793
r7,right,wrist,1360,45.36542,0,5.831677534231613,-0.2643199337240324,0.8924130435900381,0.7670560610158631,-0.255021,0.895285,0.824555
r7,right,wrist,1361,45.39878,0,5.080093548766577,-0.2660343294364496,0.8926583164423948,0.7760450999282907,-0.254375,0.895689,0.825397
r7,right,wrist,1362,45.43214,0,5.173985506830174,-0.2660343294364496,0.8926583164423948,0.7760450999282907,-0.253895,0.895808,0.826242
r7,right,wrist,1363,45.4655,0,5.53864378552809,-0.2654628641989772,0.8925765588249426,0.7730487536241483,-0.253606,0.895629,0.827065
r7,right,wrist,1364,45.49885,0,5.331970005415658,-0.2660343294364496,0.8926583164423948,0.7760450999282907,-0.253402,0.895208,0.827784
r7,right,wrist,1365,45.53221,0,5.375407771068982,-0.2660343294364496,0.8926583164423948,0.7760450999282907,-0.253164,0.894667,0.828197
r7,right,wrist,1366,45.56557,0,5.208347811273334,-0.2664156517569119,0.8927125013830768,0.7780426832882836,-0.252749,0.894099,0.828282
r7,right,wrist,1367,45.59893,0,5.204902408891636,-0.2664156517569119,0.8927125013830768,0.7780426832882836,-0.252069,0.893574,0.828068
r7,right,wrist,1368,45.63228,0,5.640641218828581,-0.2654628641989772,0.8925765588249426,0.7730487536241483,-0.251129,0.893102,0.827601
r7,right,wrist,1369,45.66564,0,5.62691537906268,-0.2654628641989772,0.8925765588249426,0.7730487536241483,-0.249933,0.892785,0.827132
r7,right,wrist,1370,45.699,0,5.632223150879721,-0.2654628641989772,0.8925765588249426,0.7730487536241483,-0.248666,0.892627,0.826808
r7,right,wrist,1371,45.73235,0,5.331961678424539,-0.2638359524932744,0.8925780720893072,0.7760715510060247,-0.247497,0.892656,0.826826
r7,right,wrist,1372,45.76571,0,5.221971224653521,-0.2642132777647492,0.8926321111311653,0.778069182458886,-0.246658,0.892869,0.827249
r7,right,wrist,1373,45.79907,0,5.494491487138639,-0.2638359524932744,0.8925780720893072,0.7760715510060247,-0.246322,0.893172,0.828147
r7,right,wrist,1374,45.83243,0,5.170844748631478,-0.2647797466909871,0.892713686375088,0.7810655888791145,-0.246581,0.893518,0.829459
r7,right,wrist,1375,45.86578,0,6.015237602393815,-0.2632694835670365,0.8924964968453847,0.7730751445857963,-0.247323,0.893913,0.831058
r7,right,wrist,1376,45.89914,0,4.883478841372735,-0.26591268454346284,0.892876836862933,0.7870584017195713,-0.248505,0.894202,0.832666
r7,right,wrist,1377,45.9325,0,5.232417548147521,-0.265346215617225,0.8927952616190105,0.7840619952993428,-0.24976,0.894339,0.833987
r7,right,wrist,1378,45.96586,0,5.277830607262951,-0.265346215617225,0.8927952616190105,0.7840619952993428,-0.25089,0.894286,0.8348
r7,right,wrist,1379,45.99921,0,5.823140199558199,-0.2642132777647492,0.8926321111311653,0.778069182458886,-0.251666,0.894011,0.834916
r7,right,wrist,1380,46.03257,0,5.205504115375763,-0.265346215617225,0.8927952616190105,0.7840619952993428,-0.251941,0.893596,0.834355
r7,right,wrist,1381,46.06593,0,5.100071438818132,-0.265346215617225,0.8927952616190105,0.7840619952993428,-0.251682,0.893132,0.833197
r7,right,wrist,1382,46.09929,0,5.987535500388234,-0.2632694835670365,0.8924964968453847,0.7730751445857963,-0.250978,0.892886,0.831674
r7,right,wrist,1383,46.13264,0,5.576572018753579,-0.2638359524932744,0.8925780720893072,0.7760715510060247,-0.250013,0.892895,0.830096
r7,right,wrist,1384,46.166,0,5.743649529075509,-0.2633513023486434,0.8903053379781485,0.7732278943992444,-0.248983,0.893234,0.828761
r7,right,wrist,1385,46.19936,0,5.6881909034921945,-0.2633513023486434,0.8903053379781485,0.7732278943992444,-0.248123,0.893861,0.827918
r7,right,wrist,1386,46.23272,0,5.232013759018651,-0.26429539433991966,0.8904329771634114,0.7782224882316189,-0.247571,0.894649,0.827618
r7,right,wrist,1387,46.26608,0,5.714160214801287,-0.2633513023486434,0.8903053379781485,0.7732278943992444,-0.247385,0.895448,0.827852
r7,right,wrist,1388,46.29943,0,5.764692849846656,-0.2632694835670365,0.8924964968453847,0.7730751445857963,-0.247499,0.896157,0.828402
r7,right,wrist,1389,46.33279,0,5.3780517868199835,-0.2642132777647492,0.8926321111311653,0.778069182458886,-0.247762,0.896773,0.829104
r7,right,wrist,1390,46.36615,0,5.448224025222274,-0.26429539433991966,0.8904329771634114,0.7782224882316189,-0.248043,0.897253,0.829775
r7,right,wrist,1391,46.39951,0,5.495369076662233,-0.26429539433991966,0.8904329771634114,0.7782224882316189,-0.248183,0.897621,0.830267
r7,right,wrist,1392,46.43287,0,5.526665274103519,-0.26429539433991966,0.8904329771634114,0.7782224882316189,-0.248132,0.897897,0.830543
r7,right,wrist,1393,46.46622,0,5.991879763344031,-0.2633513023486434,0.8903053379781485,0.7732278943992444,-0.24789,0.898088,0.830592
r7,right,wrist,1394,46.49958,0,5.282550697224981,-0.2648620493871348,0.8905095679695103,0.7812192421264003,-0.24749,0.898208,0.830509
r7,right,wrist,1395,46.53294,0,6.280248198214541,-0.2627846100772327,0.8902297440596141,0.7702310710095525,-0.246955,0.898275,0.830471
r7,right,wrist,1396,46.5663,0,5.323767504793752,-0.2648620493871348,0.8905095679695103,0.7812192421264003,-0.246314,0.898246,0.830518
r7,right,wrist,1397,46.59965,0,5.362391656297807,-0.2648620493871348,0.8905095679695103,0.7812192421264003,-0.245658,0.898144,0.830701
r7,right,wrist,1398,46.63301,0,5.601152218141062,-0.2620930203477569,0.8903525869114999,0.778248987402221,-0.245058,0.897919,0.831068
r7,right,wrist,1399,46.66637,0,5.826480971908738,-0.26171858119043645,0.8903016479564536,0.7762511113949764,-0.244694,0.897571,0.831497
r7,right,wrist,1400,46.69973,0,5.864857823295404,-0.26171858119043645,0.8903016479564536,0.7762511113949764,-0.244639,0.897061,0.831949
r7,right,wrist,1401,46.73308,0,5.436328354387137,-0.2626546790837376,0.8904289953440692,0.7812458014130882,-0.245067,0.896449,0.832332
r7,right,wrist,1402,46.76644,0,5.691540850890491,-0.2620930203477569,0.8903525869114999,0.778248987402221,-0.246033,0.895721,0.832587
r7,right,wrist,1403,46.7998,0,5.375940426395075,-0.2626546790837376,0.8904289953440692,0.7812458014130882,-0.247474,0.895015,0.832613
r7,right,wrist,1404,46.83316,0,5.578964760143603,-0.26201090377258646,0.8925517208792538,0.7780956816294883,-0.249183,0.894372,0.83236
r7,right,wrist,1405,46.86651,0,5.681677785306698,-0.2616365762878523,0.8924977912615135,0.7760980141069753,-0.250834,0.89385,0.831862
r7,right,wrist,1406,46.89987,0,5.170185626300312,-0.2647797466909871,0.892713686375088,0.7810655888791145,-0.25215,0.893497,0.831195
r7,right,wrist,1407,46.93323,0,5.777522567422898,-0.261075103672849,0.8924163983911206,0.7731015475706612,-0.25288,0.893349,0.830285
r7,right,wrist,1408,46.96658,0,5.243730393360165,-0.2642132777647492,0.8926321111311653,0.778069182458886,-0.252799,0.893423,0.829243
r7,right,wrist,1409,46.99994,0,5.141625617973268,-0.2642132777647492,0.8926321111311653,0.778069182458886,-0.251977,0.89378,0.827995
r7,right,wrist,1410,47.0333,0,5.508066750856581,-0.2632694835670365,0.8924964968453847,0.7730751445857963,-0.250532,0.894313,0.826632
r7,right,wrist,1411,47.06665,0,5.700193320469495,-0.26270301464079865,0.8924149216014621,0.7700787381655677,-0.248773,0.895019,0.825291
r7,right,wrist,1412,47.10001,0,6.180271106170354,-0.2616512999828024,0.8900765624474161,0.7642375632199898,-0.247075,0.895773,0.824026
r7,right,wrist,1413,47.13337,0,5.306780207204953,-0.2633513023486434,0.8903053379781485,0.7732278943992444,-0.245833,0.896438,0.822944
r7,right,wrist,1414,47.16673,0,5.715164293394383,-0.260033567758299,0.8900734195463107,0.7672605998674648,-0.245296,0.896858,0.822061
r7,right,wrist,1415,47.20008,0,5.704747086537611,-0.26221795503001755,0.8901531532535152,0.7672343171147714,-0.245474,0.896926,0.821347
r7,right,wrist,1416,47.23344,0,5.895707965184658,-0.2616512999828024,0.8900765624474161,0.7642375632199898,-0.246331,0.896629,0.820791
r7,right,wrist,1417,47.2668,0,5.544974325399286,-0.26221795503001755,0.8901531532535152,0.7672343171147714,-0.247574,0.896071,0.820387
r7,right,wrist,1418,47.30016,0,5.750493646031561,-0.2616512999828024,0.8900765624474161,0.7642375632199898,-0.248961,0.895332,0.820078
r7,right,wrist,1419,47.33352,0,5.418573355919515,-0.26221795503001755,0.8901531532535152,0.7672343171147714,-0.250226,0.894552,0.819893
r7,right,wrist,1420,47.36687,0,5.386476513574225,-0.26221795503001755,0.8901531532535152,0.7672343171147714,-0.251233,0.893939,0.819831
r7,right,wrist,1421,47.40023,0,5.376425767280296,-0.2621365457145608,0.8923333463575396,0.7670823317453395,-0.251818,0.89351,0.819834
r7,right,wrist,1422,47.43359,0,5.095668820160871,-0.26270301464079865,0.8924149216014621,0.7700787381655677,-0.252007,0.893373,0.819891
r7,right,wrist,1423,47.46695,0,6.144624913855551,-0.2606252461041678,0.8921171172406951,0.7590918299803278,-0.251786,0.893511,0.819883
r7,right,wrist,1424,47.5003,0,5.106124932999013,-0.26270301464079865,0.8924149216014621,0.7700787381655677,-0.251252,0.893805,0.81982
r7,right,wrist,1425,47.53366,0,5.383940431174969,-0.2621365457145608,0.8923333463575396,0.7670823317453395,-0.250508,0.894222,0.819617
r7,right,wrist,1426,47.56702,0,5.0928667251415,-0.26270301464079865,0.8924149216014621,0.7700787381655677,-0.249764,0.894685,0.819284
r7,right,wrist,1427,47.60037,0,5.9032878872331445,-0.2610035706378895,0.8921711927572591,0.761089449409972,-0.249253,0.895037,0.81887
r7,right,wrist,1428,47.63373,0,5.032288787883619,-0.26270301464079865,0.8924149216014621,0.7700787381655677,-0.249239,0.895182,0.818488
r7,right,wrist,1429,47.66709,0,5.829904091712434,-0.2610035706378895,0.8921711927572591,0.761089449409972,-0.249888,0.895061,0.818246
r7,right,wrist,1430,47.70044,0,5.797366448032053,-0.2610035706378895,0.8921711927572591,0.761089449409972,-0.251148,0.894683,0.818164
r7,right,wrist,1431,47.7338,0,5.207072041352656,-0.2621365457145608,0.8923333463575396,0.7670823317453395,-0.252843,0.894115,0.818286
r7,right,wrist,1432,47.76716,0,5.489792566375141,-0.26157003956412744,0.8922527680011816,0.7640858558302003,-0.254645,0.893408,0.818533
r7,right,wrist,1433,47.80052,0,4.907473831778759,-0.26270301464079865,0.8924149216014621,0.7700787381655677,-0.256215,0.892677,0.818722
r7,right,wrist,1434,47.83387,0,5.191034992603166,-0.2621365457145608,0.8923333463575396,0.7670823317453395,-0.257244,0.892083,0.818761
r7,right,wrist,1435,47.86723,0,5.465644739474133,-0.26157003956412744,0.8922527680011816,0.7640858558302003,-0.257598,0.891702,0.818595
r7,right,wrist,1436,47.90059,0,5.134163299963285,-0.2621365457145608,0.8923333463575396,0.7670823317453395,-0.257294,0.891545,0.818189
r7,right,wrist,1437,47.93395,0,5.380501231555207,-0.26157003956412744,0.8922527680011816,0.7640858558302003,-0.25655,0.89167,0.817653
r7,right,wrist,1438,47.9673,0,5.620248627308355,-0.2610035706378895,0.8921711927572591,0.761089449409972,-0.255576,0.892005,0.817029
r7,right,wrist,1439,48.00066,0,5.578363812925515,-0.2610035706378895,0.8921711927572591,0.761089449409972,-0.254698,0.892421,0.816515
r7,right,wrist,1440,48.03402,0,5.264356996514035,-0.26157003956412744,0.8922527680011816,0.7640858558302003,-0.254065,0.892784,0.816189
r7,right,wrist,1441,48.06738,0,5.250909493153093,-0.26157003956412744,0.8922527680011816,0.7640858558302003,-0.253715,0.89298,0.815999
r7,right,wrist,1442,48.10073,0,5.266192644089907,-0.2614888163696479,0.8944279766673826,0.7639342179353213,-0.253544,0.893044,0.815975
r7,right,wrist,1443,48.13409,0,4.99156844488557,-0.2620550991749085,0.8945145363491286,0.7669302768809969,-0.253407,0.892913,0.816065
r7,right,wrist,1444,48.16745,0,5.570608638229162,-0.2610035706378895,0.8921711927572591,0.761089449409972,-0.253118,0.892705,0.816232
r7,right,wrist,1445,48.20081,0,5.321844077771057,-0.26157003956412744,0.8922527680011816,0.7640858558302003,-0.252605,0.892533,0.816543
r7,right,wrist,1446,48.23417,0,5.3808178735633,-0.26157003956412744,0.8922527680011816,0.7640858558302003,-0.251832,0.892487,0.817005
r7,right,wrist,1447,48.26752,0,5.456943031416458,-0.26157003956412744,0.8922527680011816,0.7640858558302003,-0.250935,0.892567,0.817608
r7,right,wrist,1448,48.30088,0,5.547045929088395,-0.26157003956412744,0.8922527680011816,0.7640858558302003,-0.250104,0.892756,0.818356
r7,right,wrist,1449,48.33424,0,5.07308612918061,-0.26270301464079865,0.8924149216014621,0.7700787381655677,-0.24948,0.892957,0.819053
r7,right,wrist,1450,48.3676,0,5.131488234520494,-0.26270301464079865,0.8924149216014621,0.7700787381655677,-0.249177,0.89311,0.819574
r7,right,wrist,1451,48.40096,0,5.149929237027391,-0.26270301464079865,0.8924149216014621,0.7700787381655677,-0.249173,0.893183,0.819763
r7,right,wrist,1452,48.43431,0,4.847016718061306,-0.2632694835670365,0.8924964968453847,0.7730751445857963,-0.249424,0.893228,0.81952
r7,right,wrist,1453,48.46767,0,5.889908222862072,-0.2610035706378895,0.8921711927572591,0.761089449409972,-0.249762,0.893235,0.818896
r7,right,wrist,1454,48.50103,0,5.506432107626089,-0.26157003956412744,0.8922527680011816,0.7640858558302003,-0.250071,0.893297,0.817926
r7,right,wrist,1455,48.53439,0,5.39388652224807,-0.26157003956412744,0.8922527680011816,0.7640858558302003,-0.250227,0.893403,0.816806
r7,right,wrist,1456,48.56775,0,5.567502296302837,-0.2610035706378895,0.8921711927572591,0.761089449409972,-0.250259,0.893528,0.815701
r7,right,wrist,1457,48.6011,0,5.475255958447744,-0.2610035706378895,0.8921711927572591,0.761089449409972,-0.250248,0.893644,0.814755
r7,right,wrist,1459,48.66782,0,5.339845751645579,-0.2610035706378895,0.8921711927572591,0.761089449409972,-0.25048,0.893778,0.813416
r7,right,wrist,1460,48.70118,0,5.483163353065965,-0.2606252461041678,0.8921171172406951,0.7590918299803278,-0.250874,0.893837,0.813022
r7,right,wrist,1461,48.73453,0,5.2602883963037,-0.2610035706378895,0.8921711927572591,0.761089449409972,-0.251457,0.893927,0.812789
r7,right,wrist,1462,48.76789,0,5.468737685100429,-0.26279664296667676,0.8921963767767223,0.7590657035294571,-0.252097,0.893995,0.812666
r7,right,wrist,1463,48.80125,0,5.454490950191551,-0.26279664296667676,0.8921963767767223,0.7590657035294571,-0.252655,0.894004,0.812629
r7,right,wrist,1464,48.83461,0,5.451159714709118,-0.26279664296667676,0.8921963767767223,0.7590657035294571,-0.253056,0.893989,0.81267
r7,right,wrist,1465,48.86797,0,4.985758035067015,-0.26374843126236464,0.8923322828601505,0.7640596452168098,-0.253105,0.893921,0.812742
r7,right,wrist,1466,48.90132,0,5.280241702082185,-0.26317796528713916,0.8922505617174041,0.76106328688945,-0.252836,0.893827,0.812819
r7,right,wrist,1467,48.93468,0,5.2934400765626135,-0.26317796528713916,0.8922505617174041,0.76106328688945,-0.252342,0.893716,0.812856
r7,right,wrist,1468,48.96804,0,5.4964101793583655,-0.26279664296667676,0.8921963767767223,0.7590657035294571,-0.251766,0.893648,0.812892
r7,right,wrist,1469,49.00139,0,5.05057663284212,-0.2636672080678851,0.8945074915263512,0.7639080073219308,-0.251248,0.893677,0.812856
r7,right,wrist,1471,49.06811,0,5.497112150948708,-0.26279664296667676,0.8921963767767223,0.7590657035294571,-0.250853,0.894433,0.812677
r7,right,wrist,1472,49.10147,0,5.023924898023365,-0.26374843126236464,0.8923322828601505,0.7640596452168098,-0.250953,0.895139,0.812561
r7,right,wrist,1473,49.13482,0,5.478208925655418,-0.26279664296667676,0.8921963767767223,0.7590657035294571,-0.251076,0.895971,0.812446
r7,right,wrist,1474,49.16818,0,5.295140276685971,-0.26317796528713916,0.8922505617174041,0.76106328688945,-0.250929,0.896847,0.812373
r7,right,wrist,1475,49.20154,0,5.499592064237991,-0.26279664296667676,0.8921963767767223,0.7590657035294571,-0.250347,0.897695,0.812351
r7,right,wrist,1476,49.23489,0,5.544275584029015,-0.26279664296667676,0.8921963767767223,0.7590657035294571,-0.249143,0.898457,0.812435
r7,right,wrist,1478,49.30161,0,5.207889179766893,-0.26157003956412744,0.8922527680011816,0.7640858558302003,-0.245439,0.899163,0.813119
r7,right,wrist,1479,49.33497,0,5.063064511516441,-0.2621365457145608,0.8923333463575396,0.7670823317453395,-0.243542,0.898969,0.813705
r7,right,wrist,1480,49.36832,0,5.692960287991467,-0.2610035706378895,0.8921711927572591,0.761089449409972,-0.242152,0.89845,0.814439
r7,right,wrist,1481,49.40168,0,5.5177222423965375,-0.26157003956412744,0.8922527680011816,0.7640858558302003,-0.241606,0.897658,0.81524
r7,right,wrist,1482,49.43504,0,5.831837452709961,-0.2610035706378895,0.8921711927572591,0.761089449409972,-0.241997,0.896824,0.816027
r7,right,wrist,1483,49.4684,0,5.324898192995183,-0.26221795503001755,0.8901531532535152,0.7672343171147714,-0.24319,0.896114,0.816609
r7,right,wrist,1484,49.50175,0,5.372105288980935,-0.2644013430394893,0.8902328504860136,0.7672080463852948,-0.244773,0.895728,0.816912
r7,right,wrist,1485,49.53511,0,5.306397792291221,-0.2644013430394893,0.8902328504860136,0.7672080463852948,-0.246357,0.895713,0.816808
r7,right,wrist,1486,49.56847,0,5.9412440687403745,-0.26287760559178813,0.8900281463234743,0.7592168549599622,-0.24748,0.896102,0.816277
r7,right,wrist,1487,49.60183,0,5.403290557514755,-0.26382969168103965,0.890156077306385,0.7642113526065993,-0.248023,0.896727,0.815461
r7,right,wrist,1488,49.63518,0,5.776111493707092,-0.26287760559178813,0.8900281463234743,0.7592168549599622,-0.248089,0.897286,0.814579
r7,right,wrist,1489,49.66854,0,5.531286865953394,-0.26325903958483693,0.8900793406014622,0.7612146468046868,-0.247903,0.897546,0.813826
r7,right,wrist,1490,49.7019,0,5.67638518731912,-0.26287760559178813,0.8900281463234743,0.7592168549599622,-0.247769,0.897335,0.813443
r7,right,wrist,1491,49.73525,0,5.6739446146495025,-0.26287760559178813,0.8900281463234743,0.7592168549599622,-0.247981,0.896666,0.813562
r7,right,wrist,1492,49.76861,0,5.245914485469522,-0.26382969168103965,0.890156077306385,0.7642113526065993,-0.248553,0.895579,0.814103
r7,right,wrist,1493,49.80197,0,5.634604916752211,-0.26551350926953743,0.8879874519709592,0.7613398562226186,-0.249454,0.894415,0.814965
r7,right,wrist,1494,49.83533,0,5.874590041416996,-0.26512996507940856,0.8879391754062537,0.7593418799395966,-0.250303,0.893543,0.815909
r7,right,wrist,1495,49.86868,0,5.470967228362704,-0.2660903430601988,0.888059423086294,0.7643368373597811,-0.250758,0.89324,0.816598
r7,right,wrist,1496,49.90204,0,4.9857764846043935,-0.2673256433021512,0.8860171908875513,0.7704832019730017,-0.250576,0.893679,0.816814
r7,right,wrist,1497,49.9354,0,4.997270266631138,-0.2673256433021512,0.8860171908875513,0.7704832019730017,-0.249771,0.894911,0.816418
r7,right,wrist,1498,49.96875,0,5.76623066178766,-0.26559458356723514,0.8858162308550172,0.7614912161378551,-0.248462,0.89673,0.815457
r7,right,wrist,7,0.233465,0,15.04273211792013,-0.28355560684579795,0.8470963740116138,0.7810764138599426,-0.313366,0.859996,0.927955
r7,right,wrist,8,0.266818,0,10.673127674283252,-0.28599485125106794,0.8470137327639237,0.7930890497553462,-0.320505,0.856962,0.893596
r7,right,wrist,9,0.300171,0,8.855420448709886,-0.2824576399965651,0.8493209759236069,0.7759184665811174,-0.319085,0.856791,0.856196
r7,right,wrist,10,0.333523,0,4.835740834814187,-0.28530186558052456,0.8492484621197178,0.7899315485967126,-0.307314,0.854199,0.832703
r7,right,wrist,11,0.366876,0,5.080608929423526,-0.2813197993513414,0.8471721345677805,0.7700648289519533,-0.291164,0.849738,0.819842
r7,right,wrist,12,0.400229,0,5.079185349766021,-0.2804244743394974,0.8385285707278575,0.7646639506651981,-0.273768,0.84531,0.814559
r7,right,wrist,13,0.433582,0,4.599701792688916,-0.281482692430646,0.8428097545846023,0.7703689386806382,-0.264511,0.844224,0.813097
r7,right,wrist,14,0.466934,0,5.818302953049925,-0.2791647683610191,0.8450846491085229,0.7592040479999156,-0.25946,0.845809,0.813944
r7,right,wrist,15,0.500287,0,4.778176721366001,-0.2826568152812523,0.8602840045623243,0.7781559366418396,-0.256532,0.849624,0.816717
r7,right,wrist,16,0.53364,0,4.778169927627374,-0.2843925901581815,0.8735994346629294,0.7882339964160485,-0.254754,0.855157,0.820861
r7,right,wrist,17,0.566992,0,5.39100988862184,-0.2835380456883397,0.8801876084885252,0.7847729989597078,-0.253559,0.861538,0.825513
r7,right,wrist,18,0.600344,0,5.632255378368851,-0.2834555568712147,0.8823967113319263,0.7846189982378692,-0.25276,0.867814,0.829534
r7,right,wrist,19,0.633697,0,5.116543745151633,-0.2828832549877148,0.8869368242929669,0.7933287818089538,-0.252136,0.873307,0.831887
r7,right,wrist,20,0.667049,0,6.127591535477614,-0.2798752461731531,0.8865974045165784,0.7783436176060857,-0.251643,0.87756,0.831972
r7,right,wrist,21,0.700401,0,6.801647024815989,-0.2776695604868586,0.8863488362713562,0.7673544716210358,-0.251206,0.880553,0.829743
r7,right,wrist,22,0.733754,0,5.750841490743624,-0.27939256072546104,0.8887486387371903,0.7761924704501119,-0.250811,0.88251,0.825704
r7,right,wrist,23,0.767106,0,6.501123515611636,-0.27638548251578554,0.8883842967716841,0.7612090436200085,-0.25044,0.883839,0.820645
r7,right,wrist,24,0.800458,0,6.711427378433964,-0.27470172905288176,0.8903479322233167,0.7530674421135939,-0.250184,0.884876,0.815303
r7,right,wrist,25,0.83381,0,6.244266004622299,-0.27470172905288176,0.8903479322233167,0.7530674421135939,-0.250087,0.885846,0.810277
r7,right,wrist,26,0.867162,0,6.502337938355271,-0.27309801340123335,0.8901413069718662,0.7450771430507228,-0.250146,0.886815,0.805824
r7,right,wrist,27,0.900514,0,5.876800982414167,-0.27369967985128535,0.8902181775051086,0.748073545627814,-0.250396,0.887812,0.80197
r7,right,wrist,28,0.933866,0,5.9056551669530455,-0.2751663579876431,0.8923640327413512,0.7449018095811955,-0.250717,0.888855,0.798545
r7,right,wrist,29,0.967218,0,5.854197132900038,-0.2744799982238907,0.8944213161106266,0.7417566785166442,-0.251046,0.889913,0.795214
r7,right,wrist,30,1.000569,0,6.46003507813592,-0.27225904318342015,0.8940993185284736,0.7307728220779751,-0.25122,0.890875,0.791766
r7,right,wrist,31,1.033921,0,6.287189763674621,-0.27185584876611235,0.8940413404815666,0.7287757117134914,-0.251249,0.891589,0.788124
r7,right,wrist,32,1.067273,0,6.0105592955732385,-0.27397728251627645,0.8941187762822962,0.7287501864234783,-0.251218,0.892031,0.784341
r7,right,wrist,33,1.100625,0,6.348420856547412,-0.27234859109948595,0.8938842867242438,0.7207620763268386,-0.251177,0.892156,0.780587
r7,right,wrist,34,1.133976,0,6.612591839953322,-0.27314729660863285,0.8958799756554389,0.7145997014437627,-0.251326,0.892021,0.776902
r7,right,wrist,35,1.167334,0,5.757875724083508,-0.274378454163838,0.8960656780029024,0.7205900035824205,-0.251792,0.891766,0.773379
r7,right,wrist,36,1.200688,0,6.4240158961993785,-0.2742126151143121,0.8958017253275803,0.7095826088227671,-0.252755,0.891626,0.769989
r7,right,wrist,37,1.234042,0,6.051154026042218,-0.2742126151143121,0.8958017253275803,0.7095826088227671,-0.254354,0.891923,0.766611
r7,right,wrist,38,1.267395,0,6.5957025076030105,-0.2742188578129611,0.8955666825594506,0.6995740544353511,-0.256546,0.892776,0.763058
r7,right,wrist,39,1.300748,0,5.814005131065609,-0.277187184527041,0.8999558528870597,0.7042508824580304,-0.259292,0.894266,0.759275
r7,right,wrist,40,1.334102,0,5.881262077533482,-0.28028563525423306,0.8999348450225011,0.699210516026828,-0.262442,0.896301,0.755133
r7,right,wrist,41,1.367455,0,6.782070494182535,-0.27913669843123323,0.899490587802247,0.6842150833988908,-0.265705,0.898641,0.750687
r7,right,wrist,42,1.400808,0,6.167211148597542,-0.28367143277331347,0.8997103545214648,0.6861617133164363,-0.268854,0.900974,0.746014
r7,right,wrist,43,1.434161,0,6.35326976758467,-0.28410958558466737,0.9015794136335361,0.6790091305556788,-0.271654,0.903073,0.741291
r7,right,wrist,44,1.467515,0,6.838226728171041,-0.28393682302640055,0.9012879245653942,0.669006227116096,-0.27404,0.904649,0.736585
r7,right,wrist,45,1.500868,0,6.580653525696725,-0.28551465029698525,0.901289279847337,0.6669861901690551,-0.275874,0.905687,0.731934
r7,right,wrist,46,1.534221,0,6.640534863159825,-0.2865631485303359,0.897159532031279,0.6622531277956625,-0.277134,0.906207,0.72736
r7,right,wrist,47,1.567574,0,6.247424731047101,-0.2905891761230872,0.8973064886215474,0.6622046862537584,-0.277896,0.906388,0.722698
r7,right,wrist,48,1.600927,0,6.935769132833487,-0.289845374523199,0.8969768493072877,0.6502048734592812,-0.278314,0.906371,0.717949
r7,right,wrist,49,1.63428,0,6.443746444538649,-0.28977103780487834,0.8989676337740168,0.6500660921228589,-0.278504,0.906272,0.713089
r7,right,wrist,50,1.667633,0,5.974906693464022,-0.289845374523199,0.8969768493072877,0.6502048734592812,-0.278519,0.906175,0.708145
r7,right,wrist,51,1.700986,0,6.360423231537614,-0.289608861115813,0.9006986471057676,0.6409238767695202,-0.278453,0.90612,0.703307
r7,right,wrist,52,1.734338,0,6.375709814387583,-0.2884517517270309,0.9005143183680546,0.6359352731794514,-0.278313,0.906018,0.69864
r7,right,wrist,53,1.767691,0,6.610485136315313,-0.2868330125871104,0.9002559031498778,0.6289512415234592,-0.27816,0.905948,0.694237
r7,right,wrist,54,1.801044,0,6.051003448316962,-0.2892582298775984,0.9004006655399668,0.6309231134625906,-0.278054,0.905921,0.69013
r7,right,wrist,55,1.834397,0,5.201605068267023,-0.29034885354028356,0.9025531056533621,0.6357744499366601,-0.278155,0.905962,0.686226
r7,right,wrist,56,1.867749,0,5.660801450081801,-0.28818009539311734,0.9041589666727903,0.6266600149851461,-0.278541,0.906087,0.682408
r7,right,wrist,57,1.901102,0,6.011615254319174,-0.29036687441910775,0.9059600849882009,0.619495625038655,-0.279213,0.9063,0.678567
r7,right,wrist,58,1.934455,0,6.278806040719233,-0.2886423979049887,0.9075954764158326,0.6123799043702561,-0.280027,0.906593,0.674566
r7,right,wrist,59,1.967807,0,6.087270092952657,-0.2900278812126233,0.9095054454950372,0.6102279614990933,-0.280701,0.906913,0.670326
r7,right,wrist,60,2.00116,0,5.713904085333097,-0.2938860327478957,0.9096462743347061,0.6101815398576707,-0.280954,0.907197,0.665784
r7,right,wrist,61,2.034512,0,5.424981869608575,-0.29340505056314214,0.9095545112715231,0.6081875336695697,-0.280484,0.907524,0.660837
r7,right,wrist,62,2.067865,0,5.811807367551369,-0.2931480548521992,0.9092156936948974,0.5991912407744752,-0.279206,0.907781,0.655594
r7,right,wrist,63,2.101217,0,6.284599930612508,-0.29261861026907643,0.9088293289523077,0.5891983642757345,-0.27731,0.908022,0.650146
r7,right,wrist,64,2.134569,0,5.3212727996755405,-0.2940116292381832,0.9110044549214572,0.5950477425478279,-0.275108,0.908264,0.644714
r7,right,wrist,65,2.167922,0,6.184260015097559,-0.29035099133881437,0.9102958198935165,0.5800946310466428,-0.273116,0.908406,0.639457
r7,right,wrist,66,2.201279,0,5.848298851899615,-0.29216051046519015,0.9122415680997586,0.5799411564585641,-0.271717,0.908475,0.634605
r7,right,wrist,67,2.234634,0,5.453635634048451,-0.29216051046519015,0.9122415680997586,0.5799411564585641,-0.271147,0.908443,0.630123
r7,right,wrist,68,2.267988,0,5.626823055189441,-0.292556839256544,0.9120164452805556,0.5739381965881819,-0.271407,0.908462,0.625959
r7,right,wrist,69,2.301343,0,5.751252501452041,-0.2910042070853532,0.9135799150725206,0.5678283833708573,-0.27221,0.908484,0.621944
r7,right,wrist,70,2.334697,0,5.356826768825104,-0.2909348584092233,0.9154371166055784,0.5676989143524523,-0.273165,0.908605,0.61777
r7,right,wrist,71,2.368052,0,5.601648632880619,-0.2889567949699597,0.9150191742786423,0.5597269681508271,-0.273754,0.908921,0.613295
r7,right,wrist,72,2.401406,0,5.699886124967907,-0.289310899968606,0.9147725452957894,0.5537259151769941,-0.273706,0.909368,0.60828
r7,right,wrist,73,2.43476,0,5.52785475343729,-0.2883158912875905,0.9145628568403033,0.5497400489629398,-0.273006,0.910025,0.602662
r7,right,wrist,74,2.468114,0,5.675893471818208,-0.286325836701364,0.914144476816896,0.5417682470399207,-0.271817,0.910809,0.59654
r7,right,wrist,75,2.501469,0,5.341317435622991,-0.2875743755879346,0.9159166804417491,0.5396272542887,-0.270489,0.91171,0.590059
r7,right,wrist,76,2.534823,0,5.797401545459103,-0.2845700715596639,0.9152679447174427,0.527671216514181,-0.26933,0.91263,0.583544
r7,right,wrist,77,2.568177,0,5.838532212050642,-0.2828167157499018,0.914889817445197,0.5206968480000891,-0.268623,0.913603,0.577316
r7,right,wrist,78,2.601531,0,5.371874719246592,-0.2844664347722075,0.9185157707017602,0.5204271627601096,-0.268386,0.914499,0.571525
r7,right,wrist,79,2.634885,0,5.4118139986327645,-0.28288892444838687,0.9199415726561809,0.5143272310420484,-0.268676,0.915368,0.566345
r7,right,wrist,80,2.668239,0,4.447959344799555,-0.2843335071702429,0.9220756561953454,0.5201789964344392,-0.269247,0.91624,0.561613
r7,right,wrist,81,2.701594,0,5.1699776336659085,-0.282821878237055,0.9213519645557091,0.5072115716562083,-0.269868,0.917168,0.557087
r7,right,wrist,82,2.734948,0,5.258469166766573,-0.2813012299457999,0.9209869916968484,0.5012365730297149,-0.270202,0.918295,0.552566
r7,right,wrist,83,2.768302,0,4.426353034897778,-0.28231499547330335,0.921230306936089,0.5052199054473773,-0.27009,0.91975,0.547736
r7,right,wrist,84,2.801656,0,4.971469953887955,-0.281267318251446,0.9206257076161525,0.494244733371226,-0.269482,0.921467,0.542535
r7,right,wrist,85,2.835009,0,5.276533996279439,-0.2789718192877878,0.9200787163321897,0.4852823402732239,-0.268557,0.92346,0.536899
r7,right,wrist,86,2.868363,0,5.668338671557908,-0.2764203807866365,0.9194708050516522,0.47532414412884927,-0.267645,0.92557,0.530991
r7,right,wrist,87,2.901717,0,5.298014323655787,-0.2758469213103095,0.9210517219684415,0.4732138166824041,-0.266959,0.9276,0.525031
r7,right,wrist,88,2.935071,0,5.432173986098323,-0.2741249190471738,0.9189228168801248,0.4663618205257579,-0.266801,0.92938,0.519162
r7,right,wrist,89,2.968425,0,5.592720087698695,-0.27402205825778386,0.9185590160447183,0.4593708104692522,-0.267205,0.930811,0.513512
r7,right,wrist,90,3.001779,0,5.569348648407177,-0.27273832629713524,0.9182552670505844,0.45439177383534696,-0.268021,0.931799,0.508207
r7,right,wrist,91,3.035132,0,4.660733251186742,-0.2736397855919519,0.9218545800038216,0.45814103008218404,-0.268959,0.932386,0.503301
r7,right,wrist,92,3.068486,0,4.406270803978188,-0.2731271305998915,0.9217267222105774,0.4561498529821193,-0.269802,0.93264,0.49871
r7,right,wrist,93,3.10184,0,4.669480866873377,-0.2713303771962584,0.921278131859893,0.449180832684846,-0.270216,0.932674,0.49445
r7,right,wrist,94,3.135194,0,5.065319043281023,-0.2692778331519139,0.920764633962375,0.4412162873208424,-0.270233,0.932642,0.490448
r7,right,wrist,95,3.168547,0,4.798201043578739,-0.26902100602476026,0.9207006868283998,0.44022070478241876,-0.269867,0.932577,0.486702
r7,right,wrist,96,3.201901,0,4.453214109212734,-0.26902100602476026,0.9207006868283998,0.44022070478241876,-0.269331,0.932627,0.483125
r7,right,wrist,97,3.235258,0,4.848139551901203,-0.26728641123650415,0.9186142466836003,0.4333658526000064,-0.26884,0.932798,0.4797
r7,right,wrist,98,3.268613,0,5.026447576000949,-0.2660030142936147,0.9183015257013838,0.4283874414202961,-0.268472,0.933115,0.476356
r7,right,wrist,99,3.301968,0,5.014812986514474,-0.2668591457291262,0.9181740495585671,0.4253807725329489,-0.268227,0.933528,0.473101
r7,right,wrist,100,3.335322,0,5.017211124387289,-0.26608451840189584,0.9179860498080769,0.42239379503090385,-0.268042,0.933989,0.469905
r7,right,wrist,101,3.368677,0,5.3711346831791555,-0.2645943443366503,0.9160010373029459,0.416532016835702,-0.267838,0.934453,0.46687
r7,right,wrist,102,3.402031,0,5.593863147454492,-0.2633026182780266,0.9156969965111643,0.4115530763875338,-0.267606,0.934864,0.463929
r7,right,wrist,103,3.435386,0,5.62682095751714,-0.2625278048298189,0.9155139811984977,0.4085657514109358,-0.26728,0.935166,0.461076
r7,right,wrist,104,3.468741,0,5.657755329774199,-0.2617519921193644,0.915330929411125,0.405578438457555,-0.266919,0.935329,0.458251
r7,right,wrist,105,3.502095,0,5.720809636800688,-0.262625229338691,0.9136198607654611,0.40268256296841387,-0.266537,0.935348,0.455459
r7,right,wrist,106,3.53545,0,5.737513597846735,-0.2618452334582716,0.9134416475170882,0.3996949506333487,-0.266022,0.935231,0.452607
r7,right,wrist,107,3.568804,0,5.831753617296004,-0.26080522654298066,0.9132043621484461,0.3957114443549584,-0.265303,0.934994,0.449618
r7,right,wrist,108,3.602159,0,6.291727976284396,-0.25872421345015184,0.9127297549364558,0.38774444382139484,-0.264382,0.93466,0.446444
r7,right,wrist,109,3.635513,0,6.089415580233164,-0.2597068575925692,0.9142267194502537,0.38562525512432166,-0.263196,0.934202,0.443044
r7,right,wrist,110,3.668868,0,5.956738041698892,-0.2592410571155277,0.9125492971596821,0.38374220537068215,-0.261759,0.933682,0.439378
r7,right,wrist,111,3.702222,0,6.322559555821389,-0.2575243465061741,0.9090460000582838,0.3769864567738894,-0.260099,0.933112,0.435396
r7,right,wrist,112,3.735576,0,6.282802741010824,-0.256476860840614,0.9088214189050412,0.37300213122418174,-0.25833,0.932583,0.431134
r7,right,wrist,113,3.768931,0,6.023204816494512,-0.2559536176389574,0.908709146565773,0.37100996243771933,-0.256592,0.93205,0.426532
r7,right,wrist,114,3.802285,0,6.032751074858136,-0.2546440107414455,0.9084284110055432,0.3660295585063888,-0.255033,0.931658,0.421704
r7,right,wrist,115,3.835639,0,5.901808594034668,-0.25543828887017594,0.9067953181749687,0.36312896769399444,-0.253736,0.931327,0.41678
r7,right,wrist,116,3.868993,0,5.738998259172474,-0.2546477420043559,0.9066316934930071,0.36014043316744226,-0.25274,0.931121,0.412008
r7,right,wrist,117,3.902348,0,6.5510907125849425,-0.2515972643516314,0.9029855351834609,0.34839484928787473,-0.251911,0.931006,0.40761
r7,right,wrist,118,3.935702,0,6.656033079731687,-0.25027873275125795,0.9027294300147015,0.3434128041695171,-0.251125,0.930934,0.403696
r7,right,wrist,119,3.969056,0,5.900753607527958,-0.2515972643516314,0.9029855351834609,0.34839484928787473,-0.250148,0.930799,0.400416
r7,right,wrist,120,4.00241,0,6.022292249266236,-0.2505420393664339,0.902780636458571,0.3444092180024755,-0.248777,0.930597,0.397794
r7,right,wrist,121,4.035764,0,6.330285765257994,-0.24927882292050435,0.90104315636865,0.3395304423212352,-0.246995,0.930166,0.39569
r7,right,wrist,122,4.069118,0,6.623897407059218,-0.24685761064581307,0.8978405755244798,0.3357677877985028,-0.244911,0.929475,0.393932
r7,right,wrist,123,4.102473,0,6.630618634357112,-0.2463326236980005,0.8977482044617998,0.33377424113704585,-0.242756,0.928483,0.392418
r7,right,wrist,124,4.135827,0,6.771929299057794,-0.24413198382710083,0.8960896449170499,0.3309038102643152,-0.240826,0.927233,0.390946
r7,right,wrist,125,4.169181,0,6.624443163502813,-0.24271882437792006,0.89456964196632,0.33102369938376963,-0.239293,0.925813,0.389337
r7,right,wrist,126,4.202535,0,6.034760185072017,-0.24406899242340588,0.8933085692815044,0.3361117468415437,-0.238207,0.924283,0.387571
r7,right,wrist,127,4.235889,0,5.9366372882783836,-0.24238941689972213,0.8917402411254812,0.3352350497129596,-0.237585,0.922872,0.385555
r7,right,wrist,128,4.269246,0,6.100765736836428,-0.24141421647371208,0.8901157624379378,0.3313481240482695,-0.237163,0.921598,0.383432
r7,right,wrist,129,4.302601,0,6.838497677417685,-0.23925861845363255,0.8854201748766207,0.3226750796214356,-0.236747,0.920497,0.381325
r7,right,wrist,130,4.335956,0,6.87042107821097,-0.23879674305520113,0.8839056100061566,0.32078058196520065,-0.236195,0.919559,0.379452
r7,right,wrist,131,4.369311,0,6.933158915496181,-0.23833560634964843,0.8823980598233515,0.3188855858213744,-0.235375,0.918572,0.377958
r7,right,wrist,132,4.402666,0,6.681085581358405,-0.23745398778469343,0.8809556934700666,0.32099999188664147,-0.234242,0.917497,0.37684
r7,right,wrist,133,4.436021,0,6.234943281460076,-0.23671329509732747,0.8824400070642553,0.3239104993161097,-0.232848,0.916244,0.376158
r7,right,wrist,134,4.469375,0,6.37559402465469,-0.23625822841364705,0.8809306819545564,0.32201557002280173,-0.231232,0.914795,0.3758
r7,right,wrist,135,4.50273,0,5.713159003026667,-0.236577497315346,0.8810727853889165,0.32902006307957266,-0.229463,0.91331,0.375648
r7,right,wrist,136,4.536085,0,6.155884715329027,-0.2333002111197772,0.8822751578657241,0.321949394396955,-0.227591,0.911855,0.375633
r7,right,wrist,137,4.56944,0,5.696857155354099,-0.23455677440076886,0.8824221887344669,0.32693966900307647,-0.225906,0.910638,0.375668
r7,right,wrist,138,4.602795,0,5.741291960629864,-0.23284575434398042,0.8823391015552422,0.32595920539543155,-0.224532,0.909736,0.375724
r7,right,wrist,139,4.63615,0,5.877057980606335,-0.23089159324690084,0.8822275054273965,0.32398054657923536,-0.223616,0.909115,0.375731
r7,right,wrist,140,4.669505,0,5.596945857449977,-0.23163493159083967,0.8823155366942721,0.32697482489002794,-0.223234,0.908746,0.37559
r7,right,wrist,141,4.70286,0,5.823859271855116,-0.23089159324690084,0.8822275054273965,0.32398054657923536,-0.223267,0.908553,0.375367
r7,right,wrist,142,4.736215,0,5.589943735070739,-0.23168939058878818,0.8808570901870989,0.327076495944202,-0.223619,0.908397,0.375047
r7,left,elbow,759,25.31765,2,8.984380722873055,0.26282910345606575,1.06944956550631,0.8408486013426775,0.222347,1.078544,0.920538
r7,left,elbow,760,25.35101,2,9.569387952857122,0.2616618206636102,1.0685418323969644,0.8348861645518482,0.222502,1.078901,0.921584
r7,left,elbow,761,25.38436,2,9.405394497510429,0.26224496242871453,1.0689957171889903,0.8378673769356543,0.222785,1.078959,0.92266
r7,left,elbow,762,25.41772,2,9.475487252885976,0.26224496242871453,1.0689957171889903,0.8378673769356543,0.223244,1.078829,0.923662
r7,left,elbow,763,25.45108,2,9.02763802488307,0.2634132444834171,1.06990341382363,0.8438298257497006,0.223796,1.078631,0.924478
r7,left,elbow,764,25.48444,2,9.807293819218724,0.2616618206636102,1.0685418323969644,0.8348861645518482,0.224318,1.07846,0.925027
r7,left,elbow,765,25.51779,2,9.308156382385208,0.26282910345606575,1.06944956550631,0.8408486013426775,0.224683,1.078359,0.925286
r7,left,elbow,766,25.55115,2,9.814682264395042,0.2616618206636102,1.0685418323969644,0.8348861645518482,0.224805,1.078409,0.925313
r7,left,elbow,767,25.58451,2,9.304772238355486,0.26282910345606575,1.06944956550631,0.8408486013426775,0.224709,1.078532,0.925242
r7,left,elbow,768,25.61787,2,9.311956279814023,0.26282910345606575,1.06944956550631,0.8408486013426775,0.224505,1.078623,0.925219
r7,left,elbow,769,25.65122,2,9.085030286426063,0.2634998279620419,1.0722221742991493,0.8436681805876987,0.224203,1.078629,0.925329
r7,left,elbow,770,25.68458,2,9.36339734731558,0.2629155008137134,1.071763341544006,0.8406873036552284,0.223938,1.07855,0.925552
r7,left,elbow,771,25.71794,2,9.141649774596061,0.2634132444834171,1.06990341382363,0.8438298257497006,0.223777,1.078345,0.925773
r7,left,elbow,772,25.7513,2,9.14777318734912,0.2634132444834171,1.06990341382363,0.8438298257497006,0.223679,1.078027,0.925826
r7,left,elbow,773,25.78465,2,9.369901649668783,0.26282910345606575,1.06944956550631,0.8408486013426775,0.223645,1.077691,0.925561
r7,left,elbow,774,25.81801,2,9.06597008187943,0.2634132444834171,1.06990341382363,0.8438298257497006,0.223553,1.077323,0.924918
r7,left,elbow,775,25.85137,2,9.472290932082055,0.26224496242871453,1.0689957171889903,0.8378673769356543,0.223494,1.076932,0.923936
r7,left,elbow,776,25.88473,2,9.36458612588568,0.26224496242871453,1.0689957171889903,0.8378673769356543,0.223383,1.076576,0.922731
r7,left,elbow,777,25.91809,2,9.008629014665399,0.26282910345606575,1.06944956550631,0.8408486013426775,0.223206,1.076272,0.921465
r7,left,elbow,778,25.95144,2,8.909042201619275,0.26282910345606575,1.06944956550631,0.8408486013426775,0.223084,1.075946,0.920317
r7,left,elbow,779,25.9848,2,8.594921986961687,0.2634132444834171,1.06990341382363,0.8438298257497006,0.222954,1.075645,0.919443
r7,left,elbow,780,26.01816,2,9.281678742378665,0.2616618206636102,1.0685418323969644,0.8348861645518482,0.222954,1.075366,0.91897
r7,left,elbow,781,26.05152,2,8.790356225888921,0.2629155008137134,1.071763341544006,0.8406873036552284,0.223063,1.075211,0.918962
r7,left,elbow,782,26.08487,2,9.311638209255033,0.26174784577930327,1.0708456395590131,0.8347255618135049,0.223258,1.075137,0.919406
r7,left,elbow,783,26.11826,2,8.879431340292228,0.2629155008137134,1.071763341544006,0.8406873036552284,0.223496,1.075239,0.920176
r7,left,elbow,784,26.15165,2,9.194943230585265,0.2623311736653849,1.0713045087888624,0.837706426722758,0.223749,1.075523,0.921063
r7,left,elbow,785,26.18504,2,9.508414310480472,0.26174784577930327,1.0708456395590131,0.8347255618135049,0.223939,1.075949,0.92182
r7,left,elbow,786,26.21842,2,9.047328532015971,0.2629155008137134,1.071763341544006,0.8406873036552284,0.223979,1.0765,0.922216
r7,left,elbow,787,26.25181,2,9.045900911555124,0.26282910345606575,1.06944956550631,0.8408486013426775,0.223808,1.07707,0.922102
r7,left,elbow,788,26.2852,2,9.755325184694206,0.26116351863097487,1.0703868068038698,0.8317446848810344,0.223507,1.077506,0.921455
r7,left,elbow,789,26.31859,2,8.927161455499423,0.2629155008137134,1.071763341544006,0.8406873036552284,0.223114,1.077784,0.920368
r7,left,elbow,790,26.35198,2,9.320330159851482,0.26174784577930327,1.0708456395590131,0.8347255618135049,0.222655,1.077834,0.919045
r7,left,elbow,791,26.38537,2,8.971553659532088,0.2623311736653849,1.0713045087888624,0.837706426722758,0.222305,1.077752,0.917739
r7,left,elbow,792,26.41876,2,8.648803841132013,0.2629155008137134,1.071763341544006,0.8406873036552284,0.222052,1.077524,0.916695
r7,left,elbow,793,26.45215,2,9.660712233134412,0.2603844405826671,1.0697756943887216,0.8277701359744668,0.221936,1.077284,0.916078
r7,left,elbow,794,26.48554,2,8.820576845200256,0.2623311736653849,1.0713045087888624,0.837706426722758,0.222001,1.077151,0.915934
r7,left,elbow,795,26.51893,2,8.594875903976808,0.2629155008137134,1.071763341544006,0.8406873036552284,0.222233,1.077195,0.916203
r7,left,elbow,796,26.55232,2,9.357184025193318,0.26116351863097487,1.0703868068038698,0.8317446848810344,0.222718,1.077363,0.916768
r7,left,elbow,797,26.58571,2,8.899951557007062,0.2623311736653849,1.0713045087888624,0.837706426722758,0.223435,1.077644,0.917505
r7,left,elbow,798,26.6191,2,9.52817252521776,0.26355169506673864,1.0726025886931532,0.8316120616146507,0.224429,1.077945,0.918327
r7,left,elbow,799,26.65249,2,9.899208196162936,0.2627663608755814,1.0719847169132877,0.8276379270331543,0.225608,1.078238,0.919178
r7,left,elbow,800,26.68588,2,9.086706820343213,0.26472967774137685,1.0735288979191688,0.8375732982343506,0.22683,1.078574,0.920005
r7,left,elbow,801,26.71927,2,9.357326001324505,0.2641412046472789,1.0730662235125903,0.8345926511886541,0.228069,1.078933,0.920734
r7,left,elbow,802,26.75266,2,9.979803426510085,0.262851939300929,1.07427656142456,0.8274781582337378,0.229116,1.079351,0.921264
r7,left,elbow,803,26.78605,2,9.36995636850459,0.2642272297629719,1.0753700306746388,0.8344320484503105,0.229871,1.079919,0.921487
r7,left,elbow,804,26.81944,2,9.604428976510958,0.2636375340614544,1.074901411417378,0.83145180635086,0.230293,1.080546,0.921345
r7,left,elbow,805,26.85283,2,9.635202048955918,0.265939834278307,1.0748173736948716,0.8314795078431775,0.230548,1.081193,0.920869
r7,left,elbow,806,26.88623,2,10.180586175249315,0.2645535891557436,1.0737253025541227,0.8245254158763059,0.230717,1.081676,0.920214
r7,left,elbow,807,26.91962,2,10.190175179641937,0.2668448974878804,1.0736416660533816,0.8245529851132346,0.231128,1.081949,0.919628
r7,left,elbow,808,26.95301,2,9.959821766158186,0.2697398539687956,1.0740251412764534,0.8275610342695643,0.232023,1.081918,0.919403
r7,left,elbow,966,32.22313,2,13.32995336152222,0.21639358742193351,1.0764359256542264,0.6564623050744152,0.202449,1.112,0.784171
r7,left,elbow,967,32.25648,2,13.212075004542962,0.21639358742193351,1.0764359256542264,0.6564623050744152,0.20276,1.111811,0.783027
r7,left,elbow,968,32.28984,2,13.090436567716427,0.21639358742193351,1.0764359256542264,0.6564623050744152,0.202756,1.111341,0.781888
r7,left,elbow,969,32.3232,2,12.98403351415918,0.21639358742193351,1.0764359256542264,0.6564623050744152,0.202621,1.110687,0.780944
r7,left,elbow,970,32.35655,2,12.945637340182772,0.21631843177131282,1.0744232096610737,0.65660261529887,0.202354,1.109849,0.780332
r7,left,elbow,971,32.3899,2,14.04113564846314,0.2154647707679962,1.0755381237976698,0.6515039281777149,0.197623,1.108608,0.786794
r7,left,elbow,972,32.42326,2,14.56840014915563,0.2160220607603586,1.0760768049116036,0.654478954315735,0.191674,1.107274,0.794685
r7,left,elbow,973,32.45661,2,15.327584881882556,0.2160220607603586,1.0760768049116036,0.654478954315735,0.185892,1.106035,0.801748
r7,left,elbow,974,32.48996,2,15.746589289378054,0.21639358742193351,1.0764359256542264,0.6564623050744152,0.180815,1.105022,0.807169
r7,left,elbow,975,32.52332,2,15.901460980632356,0.21695087741429592,1.0769746067681605,0.6594373312124354,0.17645,1.104263,0.810767
r7,left,elbow,976,32.55667,2,16.9135036823435,0.2154647707679962,1.0755381237976698,0.6515039281777149,0.1727,1.103733,0.812696
r7,left,elbow,977,32.59003,2,17.738559185683663,0.21401453140842294,1.0702936874143494,0.6448401681414251,0.169507,1.103337,0.813342
r7,left,elbow,978,32.62338,2,17.333657386780764,0.2149437517374799,1.0711755025951648,0.6497996689799119,0.166718,1.103044,0.813214
r7,left,elbow,979,32.65673,2,16.102883344683157,0.21732253568370438,1.0714543674405832,0.6518076608462237,0.17369,1.103065,0.803555
r7,left,elbow,980,32.69009,2,14.71519239678627,0.2178844497453467,1.0719828973053405,0.6547834420494355,0.180721,1.103021,0.793741
r7,left,elbow,981,32.72344,2,14.163674865412634,0.21739743076495685,1.073460105220783,0.651667837086143,0.185733,1.102809,0.786564
r7,left,elbow,983,32.79015,2,13.109809689285557,0.21803457492561074,1.0760033448538224,0.6545031690750783,0.190571,1.102391,0.779947
r7,left,elbow,984,32.8235,2,12.795573786700897,0.21848529151098942,1.078376032578339,0.6563461882072616,0.191428,1.102289,0.779101
r7,left,elbow,985,32.85686,2,12.785092862722907,0.21848529151098942,1.078376032578339,0.6563461882072616,0.191664,1.102256,0.77905
r7,left,elbow,986,32.89021,2,12.536687078851067,0.21904776393556355,1.078919515756567,0.6593209269868148,0.191527,1.102245,0.779385
r7,left,elbow,987,32.92356,2,11.914433516719818,0.2204353342880805,1.0822176628665106,0.6661204613207223,0.191147,1.102217,0.779864
r7,left,elbow,988,32.95692,2,12.648805513979156,0.21904776393556355,1.078919515756567,0.6593209269868148,0.190647,1.102178,0.780365
r7,left,elbow,989,32.99027,2,12.498475253359368,0.21949789072484527,1.081303205719001,0.6611631696517646,0.190085,1.102015,0.780859
r7,left,elbow,990,33.02362,2,12.274630250863035,0.2200605492703967,1.0818516733350527,0.6641375609567647,0.189568,1.101857,0.781341
r7,left,elbow,991,33.05698,2,12.329134511366732,0.2200605492703967,1.0818516733350527,0.6641375609567647,0.189134,1.10173,0.78182
r7,left,elbow,992,33.09033,2,12.400646550192493,0.21998487248103968,1.079825000915994,0.6642788441099677,0.188806,1.101713,0.782289
r7,left,elbow,993,33.12368,2,12.942638930912825,0.21897238493977017,1.0769008184380258,0.6594616541807331,0.188438,1.101871,0.782731
r7,left,elbow,1055,35.19165,2,11.960010034475056,0.25099703870214335,1.0728602943739758,0.6891205710639902,0.215857,1.071804,0.803437
r7,left,elbow,1056,35.225,2,11.926927765086216,0.251699885183785,1.075448053341376,0.6919534062780264,0.217077,1.07075,0.80599
r7,left,elbow,1057,35.25835,2,12.369197874464168,0.25107420445931844,1.074926842295623,0.6889765081143641,0.218508,1.069865,0.808197
r7,left,elbow,1058,35.29171,2,6.741602982409628,0.25240306668318574,1.0780447842968586,0.6947856160378674,0.236043,1.079833,0.760162
r7,left,elbow,1059,35.32506,2,3.8704207189590276,0.2528203360629453,1.0783962458776195,0.696769936834,0.237956,1.083168,0.732186
r7,left,elbow,1060,35.35842,2,11.230173704098268,0.25107420445931844,1.074926842295623,0.6889765081143641,0.224272,1.071691,0.797985
r7,left,elbow,1061,35.39177,0,10.475706924860393,0.25162257052982806,1.0733775178694698,0.6920977472072947,0.221753,1.071085,0.79248
r7,left,elbow,1062,35.42513,0,9.191088120138964,0.25369703895438783,1.0733017963799198,0.6921227074061015,0.222806,1.069515,0.778604
r7,left,elbow,1063,35.45848,0,8.449047105246914,0.2524914712353031,1.0683152970461947,0.6874481857333037,0.224055,1.068808,0.767008
r7,left,elbow,1064,35.49184,0,8.181193776257171,0.25186135256253384,1.0678092216874422,0.6844701850298969,0.224327,1.069139,0.761498
r7,left,elbow,1065,35.52519,0,7.6639174770501794,0.252911217263067,1.0686526927769315,0.6894335155278357,0.223732,1.069816,0.760291
r7,left,elbow,1066,35.55854,0,7.905625529846858,0.252911217263067,1.0686526927769315,0.6894335155278357,0.222294,1.070413,0.762299
r7,left,elbow,1067,35.5919,0,8.381254228939572,0.252911217263067,1.0686526927769315,0.6894335155278357,0.220353,1.070866,0.766632
r7,left,elbow,1068,35.62526,0,9.004034689370602,0.2529883830202421,1.0707192406985788,0.6892894525782097,0.218235,1.071215,0.772351
r7,left,elbow,1069,35.65861,0,9.153018410788151,0.25424999186998193,1.071741323817025,0.6952447710591345,0.216367,1.071497,0.778567
r7,left,elbow,1070,35.69196,0,11.171442061444507,0.25286293603068644,1.0668898711390746,0.679531607691681,0.215026,1.07177,0.78453
r7,left,elbow,1071,35.72532,0,10.581402133947597,0.2556931562385483,1.071154579005605,0.6922920660058703,0.21435,1.072048,0.789691
r7,left,elbow,1072,35.75867,0,10.94885017912987,0.2556931562385483,1.071154579005605,0.6922920660058703,0.214332,1.072391,0.79366
r7,left,elbow,1073,35.79203,0,11.847408366552035,0.2539218313156371,1.0677340108437754,0.6844949769036636,0.21477,1.072757,0.7962
r7,left,elbow,1074,35.82538,0,11.232353941548585,0.2556931562385483,1.071154579005605,0.6922920660058703,0.215636,1.073211,0.79721
r7,left,elbow,1075,35.85873,0,11.394588150508568,0.2549035608434126,1.0665116026268286,0.6896024090652724,0.216763,1.073767,0.79673
r7,left,elbow,1076,35.89209,0,11.36357488009581,0.25455694629964093,1.068239903828998,0.6874730377231562,0.218084,1.074453,0.794917
r7,left,elbow,1077,35.92544,0,10.67951685107828,0.2576903100091514,1.0690083220441489,0.6924613671339456,0.219548,1.075177,0.792022
r7,left,elbow,1078,35.9588,0,10.711171009511435,0.2566224213639787,1.0681645106118016,0.6874978897130086,0.221124,1.075961,0.788255
r7,left,elbow,1079,35.99215,0,10.527610316583779,0.2559823100687404,1.0676588000001086,0.6845197687774301,0.22278,1.076712,0.784012
r7,left,elbow,1080,36.02551,0,10.075508122384544,0.2560591408081565,1.0697163759336734,0.6843763312819994,0.224489,1.077358,0.779752
r7,left,elbow,1081,36.05886,0,9.398811806691239,0.25669943822437197,1.07022707098319,0.6873541047430249,0.226164,1.077794,0.775921
r7,left,elbow,1082,36.09221,0,9.068873566175077,0.25669943822437197,1.07022707098319,0.6873541047430249,0.227735,1.077943,0.772946
r7,left,elbow,1083,36.12556,0,8.07178540214077,0.25632845734352944,1.0716654564286512,0.69526977935081,0.229176,1.077797,0.771036
r7,left,elbow,1084,36.15892,0,8.47330030585036,0.2549806893763923,1.0685771536609114,0.6894584156105569,0.230425,1.077481,0.770065
r7,left,elbow,1085,36.19227,0,8.412569663605677,0.25505785513356743,1.0706437015825587,0.6893143526609308,0.231384,1.077109,0.769781
r7,left,elbow,1086,36.22563,0,8.188410705936477,0.2577676246631083,1.0710788575160548,0.6923170262046773,0.231918,1.076867,0.769798
r7,left,elbow,1087,36.25898,0,8.635507662072218,0.2566224213639787,1.0681645106118016,0.6874978897130086,0.232054,1.076778,0.769835
r7,left,elbow,1088,36.29234,0,8.118549142949817,0.2556158415845915,1.0690840435336988,0.6924364069351386,0.231807,1.076927,0.769655
r7,left,elbow,1089,36.32569,0,8.563425511777575,0.25455694629964093,1.068239903828998,0.6874730377231562,0.231196,1.07726,0.769364
r7,left,elbow,1090,36.35904,0,8.395273707926048,0.25505785513356743,1.0706437015825587,0.6893143526609308,0.230355,1.077729,0.769237
r7,left,elbow,1091,36.3924,0,7.9280917335290395,0.25625095656859515,1.0695899365189216,0.6954144677546313,0.229448,1.078155,0.769534
r7,left,elbow,1092,36.42575,0,8.575063315795871,0.25505785513356743,1.0706437015825587,0.6893143526609308,0.228507,1.078527,0.770469
r7,left,elbow,1093,36.45911,0,8.487516940712085,0.2556931562385483,1.071154579005605,0.6922920660058703,0.227683,1.078795,0.772047
r7,left,elbow,1094,36.49246,0,8.68691975258692,0.2557705081167008,1.0732261113650758,0.6921476555816912,0.227092,1.078913,0.773949
r7,left,elbow,1095,36.52582,0,8.432657249485514,0.2568299989887787,1.074086201270812,0.6971099128751049,0.226796,1.079005,0.775753
r7,left,elbow,1096,36.55917,0,8.98420820244096,0.2556158415845915,1.0690840435336988,0.6924364069351386,0.226843,1.079109,0.776954
r7,left,elbow,1097,36.59253,0,9.26845956336333,0.25505785513356743,1.0706437015825587,0.6893143526609308,0.227225,1.079263,0.7773
r7,left,elbow,1098,36.62588,0,9.19532219973957,0.25505785513356743,1.0706437015825587,0.6893143526609308,0.227898,1.079465,0.776721
r7,left,elbow,1099,36.65923,0,8.353146198324023,0.2567523493170627,1.0720066938108233,0.6972548792585683,0.228556,1.079703,0.775506
r7,left,elbow,1100,36.69259,0,9.090655017426172,0.254711017244623,1.0723660214593396,0.687185398288278,0.229101,1.079946,0.77408
r7,left,elbow,1101,36.72594,0,8.7881451776247,0.25513498366654713,1.072709252616641,0.6891703592062153,0.229399,1.08016,0.772868
r7,left,elbow,1102,36.7593,0,8.723015531552498,0.25505785513356743,1.0706437015825587,0.6893143526609308,0.229428,1.080259,0.772138
r7,left,elbow,1103,36.79265,0,8.910336635452127,0.25463396316003417,1.0703024642003864,0.6873292527531725,0.229267,1.080303,0.772158
r7,left,elbow,1104,36.826,0,8.993096444077485,0.25455694629964093,1.068239903828998,0.6874730377231562,0.229037,1.080219,0.772871
r7,left,elbow,1105,36.85936,0,8.917215195127708,0.25505785513356743,1.0706437015825587,0.6893143526609308,0.228849,1.080089,0.774023
r7,left,elbow,1106,36.89271,0,9.212682315656807,0.25463396316003417,1.0703024642003864,0.6873292527531725,0.228764,1.079935,0.775223
r7,left,elbow,1107,36.92607,0,8.840098498541844,0.2556931562385483,1.071154579005605,0.6922920660058703,0.2288,1.079801,0.776058
r7,left,elbow,1108,36.95942,0,8.845995544498498,0.2556931562385483,1.071154579005605,0.6922920660058703,0.228961,1.07973,0.776179
r7,left,elbow,1109,36.99277,0,9.497752462536303,0.2539218313156371,1.0677340108437754,0.6844949769036636,0.229247,1.079786,0.775416
r7,left,elbow,1110,37.02613,0,9.076878190040603,0.25455694629964093,1.068239903828998,0.6874730377231562,0.229633,1.079874,0.773974
r7,left,elbow,1111,37.05948,0,9.17035600707195,0.2539218313156371,1.0677340108437754,0.6844949769036636,0.230075,1.08,0.77219
r7,left,elbow,1112,37.09283,0,8.736492695805806,0.25455694629964093,1.068239903828998,0.6874730377231562,0.230502,1.08004,0.770628
r7,left,elbow,1113,37.12619,0,8.648154842253426,0.25455694629964093,1.068239903828998,0.6874730377231562,0.230798,1.07998,0.769794
r7,left,elbow,1114,37.15954,0,8.64836288012176,0.25463396316003417,1.0703024642003864,0.6873292527531725,0.230885,1.079835,0.76994
r7,left,elbow,1115,37.1929,0,8.753442538315955,0.25463396316003417,1.0703024642003864,0.6873292527531725,0.230757,1.079604,0.771029
r7,left,elbow,1116,37.22625,0,8.7567730920838,0.25505785513356743,1.0706437015825587,0.6893143526609308,0.230309,1.079288,0.772866
r7,left,elbow,1117,37.25961,0,8.938755102534323,0.2529883830202421,1.0707192406985788,0.6892894525782097,0.229594,1.079,0.775163
r7,left,elbow,1118,37.29296,0,9.201332286014608,0.2529883830202421,1.0707192406985788,0.6892894525782097,0.228647,1.078679,0.777667
r7,left,elbow,1119,37.32631,0,9.200508322645145,0.25369703895438783,1.0733017963799198,0.6921227074061015,0.227466,1.078238,0.780171
r7,left,elbow,1120,37.35966,0,9.4762936591805,0.25369703895438783,1.0733017963799198,0.6921227074061015,0.226162,1.077727,0.782689
r7,left,elbow,1121,37.39302,0,9.48009406834519,0.25432752986911167,1.0738178406143195,0.6951000131604027,0.224954,1.077066,0.785177
r7,left,elbow,1122,37.42637,0,9.99926737850419,0.25369703895438783,1.0733017963799198,0.6921227074061015,0.223965,1.076259,0.787547
r7,left,elbow,1123,37.45972,0,9.893738952962822,0.25224806513331727,1.0738937444773993,0.69507499284551,0.223521,1.075403,0.789738
r7,left,elbow,1124,37.49308,0,9.209672588005644,0.2544122048095824,1.0777075949524975,0.7048532408488697,0.223778,1.074682,0.791653
r7,left,elbow,1125,37.52644,0,9.208265940888577,0.2568495307522021,1.0758830144394826,0.707009166682696,0.224879,1.074291,0.793349
r7,left,elbow,1126,37.55979,0,9.045557800103268,0.2574800216669259,1.0763990586738825,0.709986472436997,0.226759,1.07436,0.795041
r7,left,elbow,1127,37.59315,0,8.916874759954272,0.2581901293446943,1.0790204929702472,0.7128170169633765,0.229166,1.074979,0.797033
r7,left,elbow,1128,37.6265,0,8.44816791380925,0.2619940346982258,1.080332442645642,0.7207811056815292,0.231953,1.076088,0.799627
r7,left,elbow,1129,37.65985,0,8.062778858660167,0.2638487418189529,1.0859860389524258,0.7284225261840436,0.235031,1.077467,0.803241
r7,left,elbow,1130,37.69321,0,7.768497516121522,0.2656242788669808,1.089546207848021,0.7362098739755523,0.238243,1.078835,0.808116
r7,left,elbow,1131,37.72656,0,7.881262689666764,0.26884140606631424,1.0903604826279545,0.7411957840395298,0.241488,1.079855,0.814359
r7,left,elbow,1132,37.75992,0,8.286358390613982,0.27164403832745604,1.0908172050776213,0.7441978263464899,0.244668,1.080349,0.821845
r7,left,elbow,1133,37.79327,0,8.398133054458375,0.27554136477552005,1.0921656745826573,0.7521602414041976,0.24759,1.080204,0.830445
r7,left,elbow,1134,37.82663,0,9.278468857914577,0.27771575942476967,1.0920863056225123,0.7521864039247195,0.250049,1.079484,0.839849
r7,left,elbow,1135,37.85998,0,9.391129375902153,0.2796834110269386,1.0936915524513537,0.7611150412110569,0.25186,1.078412,0.849499
r7,left,elbow,1136,37.89333,0,8.806104084747021,0.283319298832733,1.094509529172385,0.7781346158810519,0.25291,1.07731,0.858969
r7,left,elbow,1137,37.92669,0,8.718287085023988,0.2850367293930633,1.0894136977912348,0.7875303979562878,0.253267,1.076333,0.867658
r7,left,elbow,1138,37.96004,0,8.806211538553583,0.28402176153402386,1.0882877991821083,0.7936146466007042,0.253233,1.075647,0.875145
r7,left,elbow,1139,37.9934,0,9.083542187515482,0.28458829713293793,1.0865551324639642,0.7967489038426995,0.25305,1.075213,0.881175
r7,left,elbow,1140,38.02675,0,8.864935091001168,0.2834639546756026,1.0831432491743322,0.8029922852547681,0.253145,1.074901,0.885887
r7,left,elbow,1141,38.0601,0,8.6249472233923,0.28458442755727986,1.0796084983555736,0.8092655441503268,0.253734,1.074427,0.889642
r7,left,elbow,1142,38.09346,0,8.09894221006948,0.2864325340867505,1.0787893755059441,0.818362913880801,0.254921,1.073544,0.892786
r7,left,elbow,1143,38.12682,0,8.20345634521899,0.2840661610904714,1.0765947591742595,0.8184942607467119,0.256533,1.072091,0.895639
r7,left,elbow,1144,38.16017,0,7.793865475642217,0.28296744959271364,1.0753431435710552,0.8245865244004381,0.258383,1.070028,0.898355
r7,left,elbow,1145,38.19352,0,7.322336016430963,0.28214377331548446,1.07652785941214,0.8315131870720434,0.260216,1.067497,0.90079
r7,left,elbow,1146,38.22688,0,8.0514246081284,0.27838583219068713,1.0755103800978314,0.8245313979497977,0.261838,1.064833,0.9026
r7,left,elbow,1147,38.26023,0,6.901992686491192,0.2786906825004187,1.075332235114504,0.8375792208966946,0.263103,1.062316,0.903544
r7,left,elbow,1148,38.29359,0,7.30795212797723,0.2749793184565839,1.0698825075194194,0.8319109178813734,0.263838,1.060295,0.903497
r7,left,elbow,1149,38.32694,0,6.00118604723682,0.2749380883137446,1.0671608172649836,0.844131180695005,0.263885,1.058928,0.902539
r7,left,elbow,1150,38.36029,0,6.3386511709899525,0.2713226733507114,1.0640394907487116,0.8383006457775303,0.263118,1.058264,0.900888
r7,left,elbow,1151,38.39365,0,5.815048585382716,0.2695217416105955,1.062253485976371,0.8414162094216597,0.261422,1.058172,0.898855
r7,left,elbow,1152,38.427,0,5.543964211294197,0.2648007659518359,1.0601088796248668,0.8415217434279596,0.25885,1.058381,0.896614
r7,left,elbow,1153,38.46035,0,5.2986764268886075,0.26239707944363216,1.0578796884302668,0.8416551592748341,0.255488,1.058709,0.894183
r7,left,elbow,1154,38.49371,0,4.494988563114638,0.26106168005408575,1.0541750369248462,0.8479170540115558,0.251514,1.058931,0.891583
r7,left,elbow,1219,40.66173,0,5.645518143485973,0.241969456484385,1.0503668228273193,0.83296554273169,0.229279,1.052354,0.88794
r7,left,elbow,1220,40.69508,0,5.602700733417774,0.241969456484385,1.0503668228273193,0.83296554273169,0.228903,1.052417,0.887409
r7,left,elbow,1221,40.72844,0,5.612046243610638,0.2442727559634844,1.0502827486301067,0.8329932562472244,0.229463,1.052474,0.88708
r7,left,elbow,1222,40.76179,0,5.544674881712991,0.2442727559634844,1.0502827486301067,0.8329932562472244,0.230262,1.052421,0.886598
r7,left,elbow,1223,40.79514,0,6.100859389003472,0.24299412510097862,1.0493125284277989,0.8260316463129865,0.231132,1.052346,0.885799
r7,left,elbow,1224,40.8285,0,6.01648792701052,0.24528543343311532,1.0492288919270578,0.8260592155499155,0.231941,1.05234,0.884643
r7,left,elbow,1225,40.86185,0,5.224126872964203,0.246575056180337,1.0501987109076003,0.8330209577395419,0.232566,1.052569,0.883293
r7,left,elbow,1226,40.89521,0,5.736941042863981,0.24528543343311532,1.0492288919270578,0.8260592155499155,0.232956,1.05303,0.881959
r7,left,elbow,1227,40.92856,0,5.002579004519189,0.246575056180337,1.0501987109076003,0.8330209577395419,0.233008,1.053623,0.88105
r7,left,elbow,1228,40.96191,0,4.99932558909003,0.246575056180337,1.0501987109076003,0.8330209577395419,0.232611,1.054228,0.880855
r7,left,elbow,1229,40.99527,0,4.80295910777283,0.2472137927123517,1.0529185820131235,0.8358439290132199,0.231847,1.054675,0.881315
r7,left,elbow,1230,41.02862,0,4.919591050256343,0.2471277675966586,1.0506147748510748,0.8360045317515632,0.230858,1.054879,0.882236
r7,left,elbow,1231,41.06197,0,5.674568826612162,0.24592376049898007,1.0519377972693693,0.8288829512676094,0.229849,1.054836,0.883227
r7,left,elbow,1232,41.09533,0,5.391302060948979,0.246575056180337,1.0501987109076003,0.8330209577395419,0.229092,1.054603,0.88383
r7,left,elbow,1233,41.12868,0,5.771910955785094,0.24592376049898007,1.0519377972693693,0.8288829512676094,0.22874,1.05428,0.883935
r7,left,elbow,1234,41.16204,0,5.117099716623418,0.2471277675966586,1.0506147748510748,0.8360045317515632,0.228715,1.053998,0.883628
r7,left,elbow,1235,41.19539,0,5.086406107862305,0.2471277675966586,1.0506147748510748,0.8360045317515632,0.228928,1.053817,0.883393
r7,left,elbow,1238,41.29545,0,5.574627978353505,0.2472137927123517,1.0529185820131235,0.8358439290132199,0.228797,1.054003,0.888449
r7,left,elbow,1239,41.3288,0,6.284807438916998,0.24666089517505282,1.0524975336318254,0.8328607024757514,0.227998,1.054079,0.892853
r7,left,elbow,1240,41.36216,0,6.55432474017936,0.2472137927123517,1.0529185820131235,0.8358439290132199,0.226852,1.054096,0.898133
r7,left,elbow,1241,41.39551,0,7.11718282417616,0.2472137927123517,1.0529185820131235,0.8358439290132199,0.225473,1.054016,0.903605
r7,left,elbow,1242,41.42886,0,7.619728683949724,0.2472137927123517,1.0529185820131235,0.8358439290132199,0.223999,1.053906,0.908412
r7,left,elbow,1243,41.46222,0,7.9854677460566625,0.2472137927123517,1.0529185820131235,0.8358439290132199,0.22266,1.053789,0.911825
r7,left,elbow,1244,41.49557,0,7.912168594053851,0.24776665302545509,1.0533386335068569,0.8388272250455986,0.221578,1.053744,0.913488
r7,left,elbow,1245,41.52892,0,8.460497473465788,0.24666089517505282,1.0524975336318254,0.8328607024757514,0.22082,1.053816,0.913412
r7,left,elbow,1246,41.56228,0,8.419297492622754,0.24896319539190534,1.052413495909319,0.8328884039680688,0.220321,1.053935,0.912045
r7,left,elbow,1247,41.59563,0,8.187664892141465,0.24666089517505282,1.0524975336318254,0.8328607024757514,0.220007,1.054045,0.910262
r7,left,elbow,1248,41.62898,0,8.135326586497134,0.24896319539190534,1.052413495909319,0.8328884039680688,0.219856,1.054082,0.908838
r7,left,elbow,1249,41.66234,0,7.745315362105757,0.2472137927123517,1.0529185820131235,0.8358439290132199,0.219781,1.054008,0.908268
r7,left,elbow,1250,41.69569,0,8.044096425772084,0.24666089517505282,1.0524975336318254,0.8328607024757514,0.219809,1.053882,0.908675
r7,left,elbow,1251,41.72905,0,7.941627284124252,0.24952108924043875,1.0528343619170875,0.835871690621623,0.219998,1.053726,0.909591
r7,left,elbow,1253,41.79576,0,7.917840797030568,0.24952108924043875,1.0528343619170875,0.835871690621623,0.221184,1.053748,0.9098
r7,left,elbow,1254,41.82911,0,7.950049431783755,0.24896319539190534,1.052413495909319,0.8328884039680688,0.222278,1.054033,0.907759
r7,left,elbow,1255,41.86247,0,7.02428302968245,0.2500789458647766,1.053254231037291,0.8388550467700875,0.223678,1.054485,0.903936
r7,left,elbow,1256,41.89582,0,6.9902898979482595,0.24887735639718953,1.050114673185094,0.8330486592318593,0.22528,1.055008,0.898666
r7,left,elbow,1257,41.92918,0,5.87720944087056,0.2500789458647766,1.053254231037291,0.8388550467700875,0.2269,1.055515,0.892816
r7,left,elbow,1258,41.96253,0,5.843535349147235,0.24896319539190534,1.052413495909319,0.8328884039680688,0.228224,1.055936,0.887406
r7,left,elbow,1259,41.99589,0,5.182035735685245,0.24952108924043875,1.0528343619170875,0.835871690621623,0.229086,1.056194,0.883374
r7,left,elbow,1260,42.02924,0,4.721033936559535,0.2500789458647766,1.053254231037291,0.8388550467700875,0.229499,1.056206,0.881241
r7,left,elbow,1261,42.0626,0,4.952410373782995,0.24952108924043875,1.0528343619170875,0.835871690621623,0.229528,1.056015,0.881069
r7,left,elbow,1262,42.09595,0,5.361113341143692,0.2490490716108166,1.0547133155211088,0.8327280792093678,0.229315,1.055714,0.882565
r7,left,elbow,1263,42.12931,0,5.34690851812518,0.24960711435613184,1.055138169079136,0.8357110878832795,0.228978,1.055341,0.88504
r7,left,elbow,1264,42.16266,0,6.475121615756827,0.24774760082238373,1.0537209693483431,0.8257678031472957,0.228653,1.055017,0.887626
r7,left,elbow,1265,42.19601,0,6.054644004864773,0.2490490716108166,1.0547133155211088,0.8327280792093678,0.228429,1.054812,0.889655
r7,left,elbow,1266,42.22937,0,6.142058642245752,0.2490490716108166,1.0547133155211088,0.8327280792093678,0.228309,1.054777,0.890541
r7,left,elbow,1267,42.26273,0,6.120084822482081,0.2490490716108166,1.0547133155211088,0.8327280792093678,0.228192,1.054884,0.890265
r7,left,elbow,1268,42.29608,0,6.0202626300444235,0.2490490716108166,1.0547133155211088,0.8327280792093678,0.22792,1.055067,0.8891
r7,left,elbow,1269,42.32943,0,5.91139784142242,0.24896319539190534,1.052413495909319,0.8328884039680688,0.227411,1.055296,0.887858
r7,left,elbow,1270,42.36279,0,5.9133532217260445,0.2490490716108166,1.0547133155211088,0.8327280792093678,0.226555,1.055468,0.887411
r7,left,elbow,1271,42.39614,0,6.022469065360151,0.24887735639718953,1.050114673185094,0.8330486592318593,0.225468,1.055557,0.88827
r7,left,elbow,1272,42.4295,0,6.618696743839276,0.2482200651423512,1.0518539783950984,0.828910580620624,0.224426,1.055616,0.890558
r7,left,elbow,1273,42.46285,0,6.609300782463102,0.24896319539190534,1.052413495909319,0.8328884039680688,0.223577,1.055644,0.893826
r7,left,elbow,1274,42.4962,0,6.679317180839119,0.24952108924043875,1.0528343619170875,0.835871690621623,0.223276,1.055693,0.897226
r7,left,elbow,1275,42.52956,0,6.657504480088383,0.2500789458647766,1.053254231037291,0.8388550467700875,0.223624,1.055779,0.899896
r7,left,elbow,1276,42.56292,0,6.998777550483326,0.24952108924043875,1.0528343619170875,0.835871690621623,0.224643,1.055829,0.90122
r7,left,elbow,1277,42.59627,0,6.950180036935798,0.24952108924043875,1.0528343619170875,0.835871690621623,0.22605,1.055847,0.901221
r7,left,elbow,1278,42.62962,0,6.57635463671848,0.25016515710144693,1.0555630226371633,0.8386940965571912,0.227419,1.055854,0.900398
r7,left,elbow,1279,42.66298,0,6.972415458145555,0.24896319539190534,1.052413495909319,0.8328884039680688,0.228427,1.055907,0.899428
r7,left,elbow,1280,42.69633,0,6.375990686947495,0.2500789458647766,1.053254231037291,0.8388550467700875,0.228749,1.056055,0.898876
r7,left,elbow,1281,42.72971,0,6.64681755075645,0.24952108924043875,1.0528343619170875,0.835871690621623,0.228433,1.05631,0.89881
r7,left,elbow,1282,42.76308,0,6.937025610319098,0.24896319539190534,1.052413495909319,0.8328884039680688,0.227647,1.056671,0.898765
r7,left,elbow,1283,42.79645,0,6.380486689986667,0.2500789458647766,1.053254231037291,0.8388550467700875,0.226761,1.057081,0.898123
r7,left,elbow,1284,42.82982,0,6.768650383808285,0.24896319539190534,1.052413495909319,0.8328884039680688,0.226127,1.057373,0.896413
r7,left,elbow,1285,42.86319,0,6.514339142656393,0.24896319539190534,1.052413495909319,0.8328884039680688,0.225996,1.057394,0.893645
r7,left,elbow,1286,42.89656,0,6.174237495530549,0.24896319539190534,1.052413495909319,0.8328884039680688,0.226473,1.057034,0.890203
r7,left,elbow,1287,42.92994,0,6.16200358785919,0.2482200651423512,1.0518539783950984,0.828910580620624,0.227396,1.056334,0.886732
r7,left,elbow,1288,42.96331,0,6.109472949717346,0.24766217129381787,1.05143311238733,0.8259272939670699,0.228546,1.055452,0.883815
r7,left,elbow,1289,42.99668,0,5.8816160759814915,0.24766217129381787,1.05143311238733,0.8259272939670699,0.229711,1.054626,0.881846
r7,left,elbow,1290,43.03005,0,5.490191595488434,0.2482200651423512,1.0518539783950984,0.828910580620624,0.230658,1.054153,0.880877
r7,left,elbow,1291,43.06342,0,5.107496454162076,0.24896319539190534,1.052413495909319,0.8328884039680688,0.23133,1.054191,0.88079
r7,left,elbow,1292,43.0968,0,5.238207740167874,0.25135237108991604,1.0546292413238965,0.8327557927249024,0.231741,1.054759,0.881328
r7,left,elbow,1293,43.13017,0,5.31198574658161,0.25135237108991604,1.0546292413238965,0.8327557927249024,0.231994,1.055657,0.882212
r7,left,elbow,1294,43.16354,0,5.393233322862994,0.25135237108991604,1.0546292413238965,0.8327557927249024,0.232342,1.056678,0.883185
r7,left,elbow,1295,43.19692,0,5.180398018973998,0.2519154101464657,1.055053912508394,0.8357388615149,0.232959,1.057631,0.883881
r7,left,elbow,1296,43.23029,0,5.429690122532343,0.25135237108991604,1.0546292413238965,0.8327557927249024,0.233922,1.058296,0.884048
r7,left,elbow,1297,43.26367,0,5.358169123783869,0.25143821008463185,1.0569280640481216,0.8325955374611117,0.235111,1.058527,0.883604
r7,left,elbow,1298,43.29704,0,5.04219566243722,0.2543087317902459,1.0572734995744064,0.8356060203849598,0.236343,1.058451,0.882704
r7,left,elbow,1299,43.33042,0,5.804902451786634,0.25241464775297595,1.0558415897825806,0.8256634387781618,0.237343,1.058056,0.881678
r7,left,elbow,1300,43.36379,0,5.019357346461218,0.25143821008463185,1.0569280640481216,0.8325955374611117,0.237909,1.05758,0.880927
r7,left,elbow,1301,43.39717,0,5.622192958602062,0.2501233394208393,1.0559252262833216,0.8256358695412332,0.237955,1.057173,0.880511
r7,left,elbow,1302,43.43054,0,4.983846597794293,0.25143821008463185,1.0569280640481216,0.8325955374611117,0.237537,1.057,0.880456
r7,left,elbow,1303,43.46392,0,5.66637893737422,0.25020876894940514,1.0582130832443346,0.825476378721459,0.236787,1.057183,0.880518
r7,left,elbow,1304,43.49729,0,5.034556450040481,0.25135237108991604,1.0546292413238965,0.8327557927249024,0.235891,1.05773,0.880568
r7,left,elbow,1305,43.53067,0,5.061334059279104,0.25143821008463185,1.0569280640481216,0.8325955374611117,0.235047,1.058629,0.880451
r7,left,elbow,1306,43.56404,0,4.801792582237891,0.2519154101464657,1.055053912508394,0.8357388615149,0.234383,1.059724,0.880197
r7,left,elbow,1307,43.59742,0,4.812179029214211,0.2519154101464657,1.055053912508394,0.8357388615149,0.234063,1.060836,0.880051
r7,left,elbow,1308,43.63079,0,5.089494906526402,0.25135237108991604,1.0546292413238965,0.8327557927249024,0.234006,1.06184,0.880057
r7,left,elbow,1309,43.66417,0,5.175365915507785,0.2537405103014844,1.0568440263256151,0.8326232389534292,0.234282,1.062574,0.880236
r7,left,elbow,1310,43.69755,0,4.679545624036558,0.2548769905032028,1.0577039697107624,0.8385887323215793,0.234807,1.06295,0.880535
r7,left,elbow,1311,43.7309,0,5.199582099570461,0.2537405103014844,1.0568440263256151,0.8326232389534292,0.23549,1.06304,0.880915
r7,left,elbow,1312,43.76426,0,4.952176168212769,0.2543087317902459,1.0572734995744064,0.8356060203849598,0.236257,1.062809,0.881387
r7,left,elbow,1313,43.79762,0,5.251613738985613,0.2537405103014844,1.0568440263256151,0.8326232389534292,0.23704,1.062294,0.882114
r7,left,elbow,1314,43.83098,0,5.068691239272708,0.2543087317902459,1.0572734995744064,0.8356060203849598,0.237682,1.061627,0.88329
r7,left,elbow,1315,43.86433,0,5.491794419642422,0.2538263865203957,1.0591438459374047,0.8324629141947281,0.238103,1.060887,0.885053
r7,left,elbow,1316,43.89769,0,5.707015478445133,0.2538263865203957,1.0591438459374047,0.8324629141947281,0.238243,1.060257,0.887353
r7,left,elbow,1317,43.93105,0,5.420521280357296,0.25496320173987314,1.0600127613106345,0.838427782108683,0.238137,1.05984,0.889955
r7,left,elbow,1318,43.96441,0,6.222050841890791,0.2538263865203957,1.0591438459374047,0.8324629141947281,0.237805,1.059675,0.892583
r7,left,elbow,1319,43.99776,0,5.922631575439266,0.25496320173987314,1.0600127613106345,0.838427782108683,0.2373,1.059693,0.894958
r7,left,elbow,1320,44.03112,0,6.365029273725857,0.2543087317902459,1.0572734995744064,0.8356060203849598,0.236861,1.059802,0.896766
r7,left,elbow,1321,44.06448,0,6.4827348946574865,0.2543087317902459,1.0572734995744064,0.8356060203849598,0.23662,1.059926,0.897917
r7,left,elbow,1322,44.09784,0,6.259726080509048,0.25496320173987314,1.0600127613106345,0.838427782108683,0.23681,1.059953,0.898335
r7,left,elbow,1323,44.1312,0,7.1169985260531945,0.2529828692417374,1.0562710630313719,0.8286462202096923,0.237439,1.059884,0.898004
r7,left,elbow,1324,44.16455,0,6.393554080945857,0.25661602831833297,1.0571892794783702,0.8356337819933629,0.238458,1.059729,0.896884
r7,left,elbow,1325,44.19791,0,6.189389905183608,0.25661602831833297,1.0571892794783702,0.8356337819933629,0.239667,1.059524,0.895116
r7,left,elbow,1326,44.23127,0,5.678200369848884,0.2571892833425243,1.0576195672411963,0.8386165540460683,0.240763,1.059258,0.892946
r7,left,elbow,1327,44.26463,0,6.005907731940246,0.25604281051833694,1.0567599886031087,0.8326509404457467,0.24139,1.058949,0.890854
r7,left,elbow,1328,44.29798,0,5.811893738913605,0.2537405103014844,1.0568440263256151,0.8326232389534292,0.241317,1.058653,0.88937
r7,left,elbow,1329,44.33134,0,6.453161950926193,0.25241464775297595,1.0558415897825806,0.8256634387781618,0.240577,1.058335,0.889051
r7,left,elbow,1330,44.3647,0,5.383514724722326,0.2548769905032028,1.0577039697107624,0.8385887323215793,0.239268,1.0579,0.890111
r7,left,elbow,1331,44.39806,0,5.909606610245469,0.2543087317902459,1.0572734995744064,0.8356060203849598,0.237618,1.057377,0.892296
r7,left,elbow,1332,44.43142,0,6.494303553874841,0.2537405103014844,1.0568440263256151,0.8326232389534292,0.235936,1.056834,0.895078
r7,left,elbow,1333,44.46477,0,6.49297639896713,0.2542227066745528,1.0549696924123577,0.8357666231233031,0.234608,1.056412,0.897646
r7,left,elbow,1334,44.49813,0,6.947927783661534,0.2536546713067686,1.05454520360139,0.8327834942172196,0.233878,1.056165,0.899369
r7,left,elbow,1335,44.53149,0,6.996417917529795,0.2536546713067686,1.05454520360139,0.8327834942172196,0.23385,1.056188,0.899866
r7,left,elbow,1336,44.56484,0,6.925526812433951,0.2536546713067686,1.05454520360139,0.8327834942172196,0.234324,1.056449,0.899259
r7,left,elbow,1337,44.5982,0,6.782202629395133,0.2536546713067686,1.05454520360139,0.8327834942172196,0.23508,1.056924,0.897969
r7,left,elbow,1338,44.63156,0,6.361738765861137,0.2542227066745528,1.0549696924123577,0.8357666231233031,0.235807,1.057443,0.89661
r7,left,elbow,1339,44.66492,0,6.533873221882818,0.2537405103014844,1.0568440263256151,0.8326232389534292,0.236194,1.057958,0.895552
r7,left,elbow,1340,44.69827,0,6.46995122137515,0.2537405103014844,1.0568440263256151,0.8326232389534292,0.236131,1.058391,0.894861
r7,left,elbow,1341,44.73163,0,5.882046274345179,0.254790742042337,1.0553941812233254,0.8387497520293863,0.235704,1.058701,0.894289
r7,left,elbow,1342,44.76499,0,5.813430734858411,0.254790742042337,1.0553941812233254,0.8387497520293863,0.235097,1.058965,0.89333
r7,left,elbow,1343,44.79835,0,5.678718188143865,0.254790742042337,1.0553941812233254,0.8387497520293863,0.234525,1.059172,0.891663
r7,left,elbow,1344,44.8317,0,5.731639972834989,0.2543087317902459,1.0572734995744064,0.8356060203849598,0.234227,1.059404,0.889247
r7,left,elbow,1345,44.86506,0,5.2061767108195856,0.2548769905032028,1.0577039697107624,0.8385887323215793,0.234273,1.05968,0.886359
r7,left,elbow,1346,44.89842,0,5.184450618354225,0.2543087317902459,1.0572734995744064,0.8356060203849598,0.234648,1.05999,0.883501
r7,left,elbow,1347,44.93177,0,4.961927283218244,0.2543087317902459,1.0572734995744064,0.8356060203849598,0.235169,1.060272,0.881287
r7,left,elbow,1348,44.96513,0,4.585134707323051,0.25496320173987314,1.0600127613106345,0.838427782108683,0.235678,1.060439,0.880024
r7,left,elbow,1349,44.99849,0,4.7936157232034144,0.2543087317902459,1.0572734995744064,0.8356060203849598,0.236105,1.060564,0.879829
r7,left,elbow,1350,45.03185,0,4.853749932655171,0.2543087317902459,1.0572734995744064,0.8356060203849598,0.236344,1.060555,0.880577
r7,left,elbow,1351,45.0652,0,4.719057508289098,0.2548769905032028,1.0577039697107624,0.8385887323215793,0.23642,1.060532,0.881928
r7,left,elbow,1352,45.09856,0,4.887505132053363,0.25496320173987314,1.0600127613106345,0.838427782108683,0.236343,1.060527,0.883614
r7,left,elbow,1353,45.13192,0,4.78801486576365,0.2555316093496117,1.0604472189972494,0.8414102160656607,0.236186,1.060548,0.885208
r7,left,elbow,1354,45.16528,0,4.893801283358334,0.2554452119919641,1.0581334429595537,0.8415715137531099,0.236111,1.060683,0.886456
r7,left,elbow,1355,45.19864,0,5.224097530378251,0.25496320173987314,1.0600127613106345,0.838427782108683,0.236203,1.061003,0.887174
r7,left,elbow,1356,45.23199,0,5.317022289636832,0.2572754945791947,1.0599283588410686,0.838455603833172,0.236576,1.061466,0.887407
r7,left,elbow,1357,45.26535,0,5.539656190853077,0.25670209065822147,1.0594940835279836,0.8354731097601089,0.237267,1.061978,0.887289
r7,left,elbow,1358,45.29871,0,4.964559770521937,0.25784889850016773,1.0603626341541537,0.8414380979062355,0.238218,1.062531,0.886986
r7,left,elbow,1359,45.33207,0,5.16682078876296,0.2572754945791947,1.0599283588410686,0.838455603833172,0.239275,1.062942,0.886793
r7,left,elbow,1360,45.36542,0,5.6836526649938435,0.2561286867372482,1.0590598082148985,0.8324906156870455,0.240284,1.063156,0.88692
r7,left,elbow,1361,45.39878,0,4.901964260710853,0.25784889850016773,1.0603626341541537,0.8414380979062355,0.241038,1.063093,0.887404
r7,left,elbow,1362,45.43214,0,4.952340555645545,0.25784889850016773,1.0603626341541537,0.8414380979062355,0.241432,1.062793,0.888098
r7,left,elbow,1363,45.4655,0,5.286430896413191,0.2572754945791947,1.0599283588410686,0.838455603833172,0.241484,1.062288,0.888851
r7,left,elbow,1364,45.49885,0,5.346035284284838,0.2572754945791947,1.0599283588410686,0.838455603833172,0.241356,1.061609,0.889463
r7,left,elbow,1365,45.53221,0,5.366440118226834,0.2572754945791947,1.0599283588410686,0.838455603833172,0.241213,1.060819,0.889652
r7,left,elbow,1366,45.56557,0,5.0532654670920385,0.2577625011425202,1.058048858116458,0.8415993955936846,0.241215,1.059976,0.889307
r7,left,elbow,1367,45.59893,0,5.229340488993133,0.2572754945791947,1.0599283588410686,0.838455603833172,0.241447,1.059159,0.88829
r7,left,elbow,1368,45.63228,0,4.771464013175532,0.25784889850016773,1.0603626341541537,0.8414380979062355,0.241893,1.058447,0.886365
r7,left,elbow,1369,45.66564,0,5.279536792102791,0.2561286867372482,1.0590598082148985,0.8324906156870455,0.242551,1.05804,0.8835
r7,left,elbow,1370,45.699,0,4.367867011407498,0.2572754945791947,1.0599283588410686,0.838455603833172,0.24326,1.05803,0.879781
r7,left,elbow,1371,45.73235,0,4.496076188070709,0.2561286867372482,1.0590598082148985,0.8324906156870455,0.243902,1.058473,0.875753
r7,left,elbow,1372,45.76571,0,3.617609340757013,0.2572754945791947,1.0599283588410686,0.838455603833172,0.244321,1.059309,0.872227
r7,left,elbow,1373,45.79907,0,3.682718124200726,0.25670209065822147,1.0594940835279836,0.8354731097601089,0.244442,1.060312,0.87019
r7,left,elbow,1374,45.83243,0,3.701667624423547,0.25670209065822147,1.0594940835279836,0.8354731097601089,0.244261,1.061274,0.870291
r7,left,elbow,1375,45.86578,0,3.6754678530700997,0.2572754945791947,1.0599283588410686,0.838455603833172,0.243911,1.062076,0.872627
r7,left,elbow,1376,45.89914,0,4.065240028507003,0.2572754945791947,1.0599283588410686,0.838455603833172,0.243362,1.062518,0.876565
r7,left,elbow,1377,45.9325,0,4.239308617086026,0.25784889850016773,1.0603626341541537,0.8414380979062355,0.242847,1.062615,0.881024
r7,left,elbow,1378,45.96586,0,4.353715719899208,0.258422302421141,1.060796909467239,0.8444205919792986,0.242418,1.062442,0.884876
r7,left,elbow,1379,45.99921,0,4.841205373539969,0.25784889850016773,1.0603626341541537,0.8414380979062355,0.242198,1.062088,0.887218
r7,left,elbow,1380,46.03257,0,5.157386089561856,0.2572754945791947,1.0599283588410686,0.838455603833172,0.242265,1.061698,0.887765
r7,left,elbow,1381,46.06593,0,4.7788229648015825,0.25784889850016773,1.0603626341541537,0.8414380979062355,0.242616,1.061338,0.886723
r7,left,elbow,1382,46.09929,0,4.595522216350827,0.25793529585781544,1.0626764101918496,0.8412768002187863,0.243158,1.061192,0.884766
r7,left,elbow,1383,46.13264,0,4.366414051627029,0.25784889850016773,1.0603626341541537,0.8414380979062355,0.243762,1.061199,0.882759
r7,left,elbow,1384,46.166,0,4.493643012097513,0.2572754945791947,1.0599283588410686,0.838455603833172,0.244334,1.06137,0.881464
r7,left,elbow,1385,46.19936,0,4.203171803032514,0.25784889850016773,1.0603626341541537,0.8414380979062355,0.244754,1.061655,0.881357
r7,left,elbow,1386,46.23272,0,4.298003132677916,0.25784889850016773,1.0603626341541537,0.8414380979062355,0.244968,1.061971,0.882411
r7,left,elbow,1387,46.26608,0,4.474075779913127,0.25784889850016773,1.0603626341541537,0.8414380979062355,0.244956,1.062235,0.88424
r7,left,elbow,1388,46.29943,0,5.204783008985751,0.25670209065822147,1.0594940835279836,0.8354731097601089,0.244767,1.062411,0.88605
r7,left,elbow,1389,46.33279,0,5.30920676684354,0.25670209065822147,1.0594940835279836,0.8354731097601089,0.244515,1.062551,0.887057
r7,left,elbow,1390,46.36615,0,4.996397521456466,0.2572754945791947,1.0599283588410686,0.838455603833172,0.244288,1.062637,0.886626
r7,left,elbow,1391,46.39951,0,4.523746842112115,0.25784889850016773,1.0603626341541537,0.8414380979062355,0.244194,1.062702,0.884502
r7,left,elbow,1392,46.43287,0,4.455961337304283,0.2572754945791947,1.0599283588410686,0.838455603833172,0.244233,1.062753,0.88097
r7,left,elbow,1393,46.46622,0,4.589937955539736,0.2561286867372482,1.0590598082148985,0.8324906156870455,0.24437,1.06278,0.876702
r7,left,elbow,1394,46.49958,0,3.9259955051498214,0.25670209065822147,1.0594940835279836,0.8354731097601089,0.24457,1.062776,0.872667
r7,left,elbow,1395,46.53294,0,3.3909659631894273,0.2572754945791947,1.0599283588410686,0.838455603833172,0.24485,1.062742,0.869881
r7,left,elbow,1396,46.5663,0,3.5562024366642486,0.25670209065822147,1.0594940835279836,0.8354731097601089,0.245233,1.062625,0.868989
r7,left,elbow,1397,46.59965,0,3.399837003710497,0.2572754945791947,1.0599283588410686,0.838455603833172,0.245668,1.062456,0.870311
r7,left,elbow,1398,46.63301,0,4.261814368073102,0.2561286867372482,1.0590598082148985,0.8324906156870455,0.246097,1.062201,0.873792
r7,left,elbow,1399,46.66637,0,4.748309546135075,0.2561286867372482,1.0590598082148985,0.8324906156870455,0.246332,1.061887,0.878866
r7,left,elbow,1400,46.69973,0,4.480756544053754,0.2577625011425202,1.058048858116458,0.8415993955936846,0.246288,1.061489,0.884776
r7,left,elbow,1401,46.73308,0,5.048302720360371,0.2577625011425202,1.058048858116458,0.8415993955936846,0.245787,1.061075,0.890548
r7,left,elbow,1402,46.76644,0,6.085642363822395,0.25661602831833297,1.0571892794783702,0.8356337819933629,0.244789,1.060624,0.895231
r7,left,elbow,1403,46.7998,0,6.674634826192571,0.2561286867372482,1.0590598082148985,0.8324906156870455,0.243396,1.060274,0.898
r7,left,elbow,1404,46.83316,0,6.190610311557912,0.2572754945791947,1.0599283588410686,0.838455603833172,0.241862,1.060071,0.898412
r7,left,elbow,1405,46.86651,0,6.316618163042922,0.25670209065822147,1.0594940835279836,0.8354731097601089,0.240529,1.06007,0.896531
r7,left,elbow,1406,46.89987,0,5.721429080025363,0.2572754945791947,1.0599283588410686,0.838455603833172,0.23964,1.060279,0.892883
r7,left,elbow,1407,46.93323,0,5.814091657926831,0.2561286867372482,1.0590598082148985,0.8324906156870455,0.239352,1.060641,0.888136
r7,left,elbow,1408,46.96658,0,4.807398269759304,0.2572754945791947,1.0599283588410686,0.838455603833172,0.239772,1.061043,0.883216
r7,left,elbow,1409,46.99994,0,4.61706147599303,0.25670209065822147,1.0594940835279836,0.8354731097601089,0.240738,1.061424,0.878753
r7,left,elbow,1410,47.0333,0,3.738406136345006,0.25784889850016773,1.0603626341541537,0.8414380979062355,0.242092,1.061618,0.875316
r7,left,elbow,1411,47.06665,0,4.009945023721244,0.25670209065822147,1.0594940835279836,0.8354731097601089,0.243554,1.061656,0.873294
r7,left,elbow,1412,47.10001,0,4.19512910974221,0.2561286867372482,1.0590598082148985,0.8324906156870455,0.244831,1.061537,0.872816
r7,left,elbow,1413,47.13337,0,4.2759088521752675,0.2561286867372482,1.0590598082148985,0.8324906156870455,0.245628,1.061313,0.873879
r7,left,elbow,1414,47.16673,0,4.215711244400423,0.25670209065822147,1.0594940835279836,0.8354731097601089,0.245783,1.06102,0.876163
r7,left,elbow,1415,47.20008,0,4.506180775195925,0.25670209065822147,1.0594940835279836,0.8354731097601089,0.245338,1.060691,0.879062
r7,left,elbow,1416,47.23344,0,4.528362510792985,0.2572754945791947,1.0599283588410686,0.838455603833172,0.244353,1.06037,0.881854
r7,left,elbow,1417,47.2668,0,4.757536109305932,0.2572754945791947,1.0599283588410686,0.838455603833172,0.243114,1.060119,0.883874
r7,left,elbow,1418,47.30016,0,5.140969895020531,0.25670209065822147,1.0594940835279836,0.8354731097601089,0.24183,1.0599,0.884683
r7,left,elbow,1419,47.33352,0,5.128787401752789,0.25661602831833297,1.0571892794783702,0.8356337819933629,0.240712,1.059696,0.884329
r7,left,elbow,1420,47.36687,0,5.048685796593311,0.25661602831833297,1.0571892794783702,0.8356337819933629,0.239831,1.059574,0.883189
r7,left,elbow,1421,47.40023,0,5.193549455896115,0.25604281051833694,1.0567599886031087,0.8326509404457467,0.239304,1.059457,0.881741
r7,left,elbow,1422,47.43359,0,5.077552422642797,0.25604281051833694,1.0567599886031087,0.8326509404457467,0.239086,1.059427,0.880437
r7,left,elbow,1423,47.46695,0,4.715728497880829,0.25661602831833297,1.0571892794783702,0.8356337819933629,0.23921,1.059485,0.879401
r7,left,elbow,1424,47.5003,0,4.379082325294289,0.2571892833425243,1.0576195672411963,0.8386165540460683,0.239624,1.059563,0.878683
r7,left,elbow,1425,47.53366,0,4.826186596485213,0.2559569715236212,1.0544611658788836,0.8328111957095371,0.240292,1.059695,0.878159
r7,left,elbow,1426,47.56702,0,4.50659257704492,0.25661602831833297,1.0571892794783702,0.8356337819933629,0.24107,1.059876,0.877848
r7,left,elbow,1427,47.60037,0,4.762462488107317,0.2561286867372482,1.0590598082148985,0.8324906156870455,0.241783,1.060024,0.877893
r7,left,elbow,1428,47.63373,0,4.812777297152395,0.2561286867372482,1.0590598082148985,0.8324906156870455,0.242191,1.060113,0.878544
r7,left,elbow,1429,47.66709,0,4.761651245093383,0.2590093871863085,1.0594098634319473,0.835500871368512,0.242105,1.060125,0.88001
r7,left,elbow,1430,47.70044,0,5.259032363269248,0.25843198621634766,1.058975734017686,0.8325183292025802,0.241499,1.060071,0.882296
r7,left,elbow,1431,47.7338,0,5.057631986514305,0.2595877874185161,1.0598439563715027,0.838483425557661,0.240438,1.059985,0.885294
r7,left,elbow,1432,47.76716,0,6.288521471554895,0.25766009491577596,1.058396303156373,0.8285416285981771,0.239143,1.059858,0.888621
r7,left,elbow,1433,47.80052,0,6.261737768716038,0.25843198621634766,1.058975734017686,0.8325183292025802,0.237891,1.059722,0.891666
r7,left,elbow,1434,47.83387,0,6.840842058798992,0.2575744792662329,1.0561034617575364,0.8287014668925041,0.236981,1.059652,0.89384
r7,left,elbow,1435,47.86723,0,6.322213342175839,0.2590093871863085,1.0594098634319473,0.835500871368512,0.236577,1.059645,0.894609
r7,left,elbow,1436,47.90059,0,6.485993166057765,0.25843198621634766,1.058975734017686,0.8325183292025802,0.236696,1.05965,0.893624
r7,left,elbow,1437,47.93395,0,6.222372925444419,0.25843198621634766,1.058975734017686,0.8325183292025802,0.237139,1.059695,0.890981
r7,left,elbow,1438,47.9673,0,5.5002011123935945,0.25670209065822147,1.0594940835279836,0.8354731097601089,0.237703,1.05973,0.887089
r7,left,elbow,1439,48.00066,0,4.821866402122486,0.2571892833425243,1.0576195672411963,0.8386165540460683,0.23809,1.059688,0.882843
r7,left,elbow,1440,48.03402,0,4.988023239868991,0.25604281051833694,1.0567599886031087,0.8326509404457467,0.238189,1.059547,0.879143
r7,left,elbow,1441,48.06738,0,5.453683104683576,0.2570826939458151,1.0579621737421117,0.8255590864322453,0.23799,1.059305,0.876627
r7,left,elbow,1442,48.10073,0,5.119035539575977,0.25766009491577596,1.058396303156373,0.8285416285981771,0.237596,1.059086,0.875631
r7,left,elbow,1443,48.13409,0,5.417143844502155,0.2570826939458151,1.0579621737421117,0.8255590864322453,0.237145,1.058863,0.87592
r7,left,elbow,1444,48.16745,0,4.689560965169822,0.2590093871863085,1.0594098634319473,0.835500871368512,0.236844,1.058733,0.876822
r7,left,elbow,1445,48.20081,0,4.993460758722653,0.25843198621634766,1.058975734017686,0.8325183292025802,0.236832,1.058764,0.877539
r7,left,elbow,1446,48.23417,0,4.955983088634363,0.25843198621634766,1.058975734017686,0.8325183292025802,0.23723,1.058998,0.877314
r7,left,elbow,1447,48.26752,0,5.028671377528428,0.2552791738851085,1.056187244157101,0.8286738495627068,0.237965,1.059406,0.875776
r7,left,elbow,1448,48.30088,0,4.755698701163251,0.2552791738851085,1.056187244157101,0.8286738495627068,0.238849,1.059957,0.873143
r7,left,elbow,1449,48.33424,0,3.945662522255521,0.25892332484642,1.057105059382334,0.835661543601766,0.239676,1.060535,0.869934
r7,left,elbow,1450,48.3676,0,4.230293680688039,0.2575744792662329,1.0561034617575364,0.8287014668925041,0.240225,1.061039,0.866966
r7,left,elbow,1451,48.40096,0,3.4856891981678144,0.25892332484642,1.057105059382334,0.835661543601766,0.240403,1.061374,0.864881
r7,left,elbow,1452,48.43431,0,3.9633249550497456,0.25766009491577596,1.058396303156373,0.8285416285981771,0.240159,1.061532,0.863963
r7,left,elbow,1453,48.46767,0,3.4675792813237614,0.2590093871863085,1.0594098634319473,0.835500871368512,0.239618,1.061482,0.864173
r7,left,elbow,1454,48.50103,0,4.02797247234636,0.2552791738851085,1.056187244157101,0.8286738495627068,0.238925,1.061345,0.865121
r7,left,elbow,1455,48.53439,0,4.431700650099976,0.25470595608511265,1.0557579532818395,0.8256910080150908,0.23831,1.061179,0.866505
r7,left,elbow,1456,48.56775,0,4.433442479895837,0.25766009491577596,1.058396303156373,0.8285416285981771,0.237881,1.061044,0.868131
r7,left,elbow,1457,48.6011,0,4.182629990967773,0.2561286867372482,1.0590598082148985,0.8324906156870455,0.23768,1.060985,0.869979
r7,left,elbow,1459,48.66782,0,5.23352913751032,0.2570826939458151,1.0579621737421117,0.8255590864322453,0.23779,1.06112,0.874106
r7,left,elbow,1460,48.70118,0,5.154201252189258,0.25766009491577596,1.058396303156373,0.8285416285981771,0.237918,1.06132,0.876063
r7,left,elbow,1461,48.73453,0,5.289368457301764,0.25766009491577596,1.058396303156373,0.8285416285981771,0.238003,1.061591,0.877543
r7,left,elbow,1462,48.76789,0,5.006770345092918,0.25834610999743646,1.0566759144058964,0.8326786539612813,0.238092,1.061845,0.878174
r7,left,elbow,1463,48.80125,0,5.3034851472191304,0.2575744792662329,1.0561034617575364,0.8287014668925041,0.238239,1.062031,0.877729
r7,left,elbow,1464,48.83461,0,4.8138381357350895,0.25843198621634766,1.058975734017686,0.8325183292025802,0.238443,1.06218,0.876193
r7,left,elbow,1465,48.86797,0,4.575524169089153,0.25843198621634766,1.058975734017686,0.8325183292025802,0.238841,1.062268,0.873736
r7,left,elbow,1466,48.90132,0,4.2883778762672815,0.25834610999743646,1.0566759144058964,0.8326786539612813,0.23936,1.0623,0.870717
r7,left,elbow,1467,48.93468,0,3.9833481804349575,0.25834610999743646,1.0566759144058964,0.8326786539612813,0.239906,1.062238,0.867546
r7,left,elbow,1468,48.96804,0,4.024576505807483,0.25766009491577596,1.058396303156373,0.8285416285981771,0.240366,1.06208,0.864695
r7,left,elbow,1469,49.00139,0,4.055531051105261,0.2570826939458151,1.0579621737421117,0.8255590864322453,0.24065,1.061837,0.862433
r7,left,elbow,1471,49.06811,0,3.872887201519474,0.2570826939458151,1.0579621737421117,0.8255590864322453,0.240452,1.061588,0.860347
r7,left,elbow,1472,49.10147,0,3.8908853359962317,0.2570826939458151,1.0579621737421117,0.8255590864322453,0.24008,1.06172,0.860354
r7,left,elbow,1473,49.13482,0,3.6029901389978205,0.2552791738851085,1.056187244157101,0.8286738495627068,0.239721,1.062057,0.860637
r7,left,elbow,1474,49.16818,0,3.878701939985603,0.25470595608511265,1.0557579532818395,0.8256910080150908,0.239645,1.062567,0.86078
r7,left,elbow,1475,49.20154,0,3.591928224792762,0.2552791738851085,1.056187244157101,0.8286738495627068,0.239963,1.063178,0.860403
r7,left,elbow,1476,49.23489,0,3.994127669653264,0.2541327382851167,1.0553286624065779,0.8227081664674746,0.240802,1.063799,0.859394
r7,left,elbow,1478,49.30161,0,2.797489215120847,0.25604281051833694,1.0567599886031087,0.8326509404457467,0.243449,1.064424,0.856426
r7,left,elbow,1479,49.33497,0,2.973982458078246,0.2552791738851085,1.056187244157101,0.8286738495627068,0.244802,1.064344,0.855285
r7,left,elbow,1480,49.36832,0,3.165077666177342,0.25470595608511265,1.0557579532818395,0.8256910080150908,0.245792,1.064119,0.854887
r7,left,elbow,1481,49.40168,0,3.1836685944651624,0.25470595608511265,1.0557579532818395,0.8256910080150908,0.246173,1.063825,0.855283
r7,left,elbow,1482,49.43504,0,3.550220403256528,0.2541327382851167,1.0553286624065779,0.8227081664674746,0.245855,1.06365,0.856214
r7,left,elbow,1483,49.4684,0,3.3841163995203782,0.25470595608511265,1.0557579532818395,0.8256910080150908,0.244886,1.063641,0.857102
r7,left,elbow,1484,49.50175,0,3.463118102802196,0.25470595608511265,1.0557579532818395,0.8256910080150908,0.243524,1.063825,0.857459
r7,left,elbow,1485,49.53511,0,3.2244439414385027,0.2552791738851085,1.056187244157101,0.8286738495627068,0.242002,1.06408,0.856978
r7,left,elbow,1486,49.56847,0,3.432707073869248,0.25470595608511265,1.0557579532818395,0.8256910080150908,0.240693,1.064335,0.855831
r7,left,elbow,1487,49.60183,0,3.332324412545052,0.25232921822441007,1.0535537328215672,0.8258229295979361,0.239727,1.064431,0.85469
r7,left,elbow,1488,49.63518,0,3.275370399604552,0.25241464775297595,1.0558415897825806,0.8256634387781618,0.239111,1.064203,0.854402
r7,left,elbow,1489,49.66854,0,3.3758373689686754,0.25241464775297595,1.0558415897825806,0.8256634387781618,0.238771,1.063632,0.855543
r7,left,elbow,1490,49.7019,0,3.644291490233525,0.25232921822441007,1.0535537328215672,0.8258229295979361,0.238524,1.062767,0.858267
r7,left,elbow,1491,49.73525,0,3.983036059702494,0.25232921822441007,1.0535537328215672,0.8258229295979361,0.238128,1.061771,0.862117
r7,left,elbow,1492,49.76861,0,4.337933582988733,0.25241464775297595,1.0558415897825806,0.8256634387781618,0.237563,1.060705,0.86613
r7,left,elbow,1493,49.80197,0,4.398494254177638,0.25289725359219434,1.053978221632535,0.8288060585040192,0.236824,1.059793,0.869334
r7,left,elbow,1494,49.83533,0,4.822418765641342,0.25232921822441007,1.0535537328215672,0.8258229295979361,0.236254,1.059192,0.870938
r7,left,elbow,1495,49.86868,0,4.7822602994422905,0.25232921822441007,1.0535537328215672,0.8258229295979361,0.236155,1.058947,0.870503
r7,left,elbow,1496,49.90204,0,4.27979795157603,0.25289725359219434,1.053978221632535,0.8288060585040192,0.236734,1.059055,0.868108
r7,left,elbow,1497,49.9354,0,4.13180949798277,0.25232921822441007,1.0535537328215672,0.8258229295979361,0.237943,1.059503,0.864096
r7,left,elbow,1498,49.96875,0,3.8566313141580357,0.2518464262642145,1.0554121165337893,0.8226806573466314,0.239632,1.060154,0.858953
r7,left,elbow,5,0.166759,0,5.204145836121168,0.24302801952811914,1.0607302048660225,0.8101945348048913,0.224387,1.08162,0.854063
r7,left,elbow,6,0.200112,0,4.206146611666031,0.2412258023142534,1.0589901663457768,0.8133068656134829,0.223829,1.067723,0.850593
r7,left,elbow,7,0.233465,0,3.870236698763513,0.23949909066384512,1.05951339086978,0.81626133476611,0.222551,1.059188,0.851054
r7,left,elbow,8,0.266818,0,4.46030139296991,0.2388697941823979,1.0568051541426797,0.8134376377624597,0.220623,1.05431,0.854061
r7,left,elbow,9,0.300171,0,4.168250420341639,0.24024537860677336,1.05126360564876,0.8228614104560762,0.218123,1.05163,0.858187
r7,left,elbow,10,0.333523,0,3.7311341852908173,0.24253851424172862,1.037343903471754,0.8398983720767158,0.215452,1.050052,0.862191
r7,left,elbow,11,0.366876,0,4.033877798442733,0.24253851424172862,1.037343903471754,0.8398983720767158,0.213192,1.048963,0.865018
r7,left,elbow,12,0.400229,0,4.59225830717605,0.24165277448677186,1.0277411558724021,0.8375553138978332,0.212027,1.048282,0.866003
r7,left,elbow,13,0.433582,0,5.15127980521908,0.2422253337922771,1.028723809553809,0.827466924701133,0.212634,1.048138,0.864897
r7,left,elbow,14,0.466934,0,4.805781604759924,0.2422253337922771,1.028723809553809,0.827466924701133,0.215329,1.048841,0.861839
r7,left,elbow,15,0.500287,0,4.099181150174478,0.24244644722008687,1.048897278998359,0.8230480629221405,0.22,1.05049,0.857311
r7,left,elbow,16,0.53364,0,4.878058184274399,0.2455478430751218,1.0674362845486165,0.809748543120362,0.226063,1.053034,0.852086
r7,left,elbow,17,0.566992,0,4.623228855721222,0.2452414731152679,1.0737513878156049,0.8062956793560393,0.232727,1.056093,0.847149
r7,left,elbow,18,0.600344,0,4.402040755354284,0.2470230664818426,1.0754482563024164,0.8031861778823877,0.239002,1.059207,0.843307
r7,left,elbow,19,0.633697,0,3.9804200102567195,0.24775677847454664,1.0804436569711169,0.8058506125073895,0.244236,1.062094,0.840997
r7,left,elbow,20,0.667049,0,4.03871174237144,0.24719131984529252,1.079954188094913,0.8028720608865797,0.247998,1.064479,0.840168
r7,left,elbow,21,0.700401,0,3.7330626564396363,0.24775677847454664,1.0804436569711169,0.8058506125073895,0.250265,1.066283,0.8403
r7,left,elbow,22,0.733754,0,4.091619180681009,0.24727544652701747,1.0822071539911615,0.8027150023886758,0.251251,1.067505,0.840691
r7,left,elbow,23,0.767106,0,3.8036858365381696,0.24784109127724885,1.0827016073051887,0.8056932065349328,0.251362,1.068286,0.840716
r7,left,elbow,24,0.800458,0,3.9607856867961617,0.24953178068051268,1.0821247941051286,0.8027421508130042,0.25096,1.068772,0.840004
r7,left,elbow,25,0.83381,0,3.8177287303985508,0.24953178068051268,1.0821247941051286,0.8027421508130042,0.250394,1.069115,0.838624
r7,left,elbow,26,0.867162,0,3.6447623936341103,0.24953178068051268,1.0821247941051286,0.8027421508130042,0.24992,1.069405,0.836896
r7,left,elbow,27,0.900514,0,3.8384970151343354,0.24904511740399,1.0838795015106206,0.7996071060323995,0.249593,1.069728,0.835284
r7,left,elbow,28,0.933866,0,3.7189301623368998,0.24904511740399,1.0838795015106206,0.7996071060323995,0.249488,1.070169,0.834174
r7,left,elbow,29,0.967218,0,3.6521910553244497,0.24904511740399,1.0838795015106206,0.7996071060323995,0.249552,1.070738,0.833679
r7,left,elbow,30,1.000569,0,3.3868075920066962,0.24961594458643308,1.0843787568889418,0.8025850228201896,0.249825,1.071333,0.833839
r7,left,elbow,31,1.033921,0,3.7062430192196163,0.24904511740399,1.0838795015106206,0.7996071060323995,0.250214,1.071776,0.834618
r7,left,elbow,32,1.067273,0,4.098475394347743,0.2484743274457422,1.0833812430198642,0.7966291197496991,0.250614,1.071994,0.835942
r7,left,elbow,33,1.100625,0,3.999600311114521,0.24904511740399,1.0838795015106206,0.7996071060323995,0.251007,1.071889,0.837713
r7,left,elbow,34,1.133976,0,4.398349403471944,0.24839053578177625,1.0811372491116982,0.7967855527934078,0.251256,1.071489,0.839602
r7,left,elbow,35,1.167334,0,4.358661791853976,0.2512964552462507,1.0837973239981173,0.7996341943406421,0.251315,1.070939,0.841281
r7,left,elbow,36,1.200688,0,5.023216959206187,0.2501448454830908,1.0828001748760994,0.7936781710379801,0.251088,1.070508,0.842374
r7,left,elbow,37,1.234042,0,4.981188170970363,0.2500612771642976,1.0805621622933217,0.7938341871122254,0.250513,1.070553,0.842628
r7,left,elbow,38,1.267395,0,4.699661683603655,0.2507206689767685,1.083299247880891,0.796656147941856,0.24968,1.071205,0.842058
r7,left,elbow,39,1.300748,0,4.855355837872054,0.2501448454830908,1.0828001748760994,0.7936781710379801,0.248612,1.072533,0.841109
r7,left,elbow,40,1.334102,0,5.0247875400213475,0.24957005847585548,1.082302062284167,0.790700136662411,0.247376,1.074411,0.840276
r7,left,elbow,41,1.367455,0,4.6986991775063895,0.2501448454830908,1.0828001748760994,0.7936781710379801,0.246145,1.076561,0.840077
r7,left,elbow,42,1.400808,0,5.3182886389216115,0.24899423498217785,1.0818029892793755,0.7877221597585352,0.24502,1.078641,0.840662
r7,left,elbow,43,1.434161,0,5.432398904039122,0.24899423498217785,1.0818029892793755,0.7877221597585352,0.244126,1.080424,0.84181
r7,left,elbow,44,1.467515,0,5.249090999967885,0.24957005847585548,1.082302062284167,0.790700136662411,0.243451,1.081643,0.842829
r7,left,elbow,45,1.500868,0,5.839538155570191,0.24841844871269558,1.0813049131621488,0.784744113359749,0.243089,1.082316,0.842887
r7,left,elbow,46,1.534221,0,5.994041955683873,0.25006498445611863,1.080724720411327,0.7817928760908184,0.24304,1.082491,0.841294
r7,left,elbow,47,1.567574,0,5.620943777223,0.25006498445611863,1.080724720411327,0.7817928760908184,0.243202,1.082353,0.837558
r7,left,elbow,48,1.600927,0,4.7808709059333685,0.25072881421689214,1.0834466703118957,0.7846159394601933,0.243371,1.082036,0.831834
r7,left,elbow,49,1.63428,0,4.343752214345038,0.25006498445611863,1.080724720411327,0.7817928760908184,0.243374,1.08165,0.824702
r7,left,elbow,50,1.667633,0,4.160395220188119,0.2467735042729831,1.0820177938787405,0.7756561124313723,0.243145,1.081282,0.817095
r7,left,elbow,51,1.700986,0,4.061438597317531,0.24562252153011555,1.0810106394063694,0.7697007961010333,0.242674,1.080979,0.810208
r7,left,elbow,52,1.734338,0,3.547799254826595,0.24562252153011555,1.0810106394063694,0.7697007961010333,0.242132,1.080668,0.805005
r7,left,elbow,53,1.767691,0,2.9873562615343863,0.2461985311447705,1.0815146968489844,0.7726784255303563,0.241669,1.080439,0.802187
r7,left,elbow,54,1.801044,0,2.9733992236070037,0.2461985311447705,1.0815146968489844,0.7726784255303563,0.241389,1.080307,0.801996
r7,left,elbow,55,1.834397,0,3.4970510350360278,0.24570463810528603,1.0832097733741233,0.7695474903283004,0.241187,1.080292,0.804102
r7,left,elbow,56,1.867749,0,3.8602318345923052,0.24570463810528603,1.0832097733741233,0.7695474903283004,0.240921,1.080399,0.807749
r7,left,elbow,57,1.901102,0,3.7160652278430852,0.2468559930901081,1.0842268967221416,0.7755021117095339,0.240434,1.080605,0.811924
r7,left,elbow,58,1.934455,0,3.8065465500097817,0.24743215160154486,1.0847349417150154,0.7784794631592146,0.239672,1.080855,0.815543
r7,left,elbow,59,1.967807,0,4.3174334619058055,0.2468559930901081,1.0842268967221416,0.7755021117095339,0.238734,1.081031,0.817785
r7,left,elbow,60,2.00116,0,4.383631388766653,0.2468559930901081,1.0842268967221416,0.7755021117095339,0.237792,1.081006,0.81827
r7,left,elbow,61,2.034512,0,4.285538826108448,0.2468559930901081,1.0842268967221416,0.7755021117095339,0.237124,1.080813,0.817098
r7,left,elbow,62,2.067865,0,4.641915349329127,0.24570463810528603,1.0832097733741233,0.7695474903283004,0.236903,1.080354,0.815035
r7,left,elbow,63,2.101217,0,4.634094037976495,0.24532086551841048,1.082871064553972,0.7675625933695858,0.237121,1.079759,0.813066
r7,left,elbow,64,2.134569,0,3.8236791214773387,0.2468559930901081,1.0842268967221416,0.7755021117095339,0.237697,1.079172,0.81228
r7,left,elbow,65,2.167922,0,4.198043737857216,0.24628083384091817,1.0837188152545618,0.7725247722830705,0.238316,1.078619,0.813426
r7,left,elbow,66,2.201279,0,3.7349934056109957,0.24800834733717705,1.0852439835954537,0.7814567451139844,0.238686,1.0782,0.816932
r7,left,elbow,67,2.234634,0,4.281560675911664,0.24800834733717705,1.0852439835954537,0.7814567451139844,0.238516,1.077884,0.822553
r7,left,elbow,68,2.267988,0,5.263549715710999,0.24743215160154486,1.0847349417150154,0.7784794631592146,0.237641,1.077747,0.829722
r7,left,elbow,69,2.301343,0,6.332926941365373,0.2468559930901081,1.0842268967221416,0.7755021117095339,0.236165,1.07765,0.837575
r7,left,elbow,70,2.334697,0,6.513127955301415,0.24578698736232324,1.0853250668667784,0.7814300175022563,0.234377,1.077616,0.845089
r7,left,elbow,71,2.368052,0,7.76095879688575,0.24472711455484825,1.0865167180898077,0.7753215036081387,0.232813,1.077703,0.851503
r7,left,elbow,72,2.401406,0,7.404775652472064,0.24644019748033535,1.0880573868647594,0.7842522536671368,0.231861,1.077833,0.856127
r7,left,elbow,73,2.43476,0,6.8476235419681855,0.24815424244387388,1.0895970222774407,0.7931830852442623,0.231663,1.078078,0.858638
r7,left,elbow,74,2.468114,0,7.676781679421419,0.24644019748033535,1.0880573868647594,0.7842522536671368,0.232132,1.078361,0.859049
r7,left,elbow,75,2.501469,0,7.518450004252884,0.24644019748033535,1.0880573868647594,0.7842522536671368,0.232918,1.078689,0.857615
r7,left,elbow,76,2.534823,0,7.669626108075418,0.2461183571502505,1.0941993599678415,0.7808113738082998,0.23367,1.078992,0.854947
r7,left,elbow,77,2.568177,0,7.6201142629150755,0.24554645046613904,1.0936711948501436,0.7778354723729168,0.234072,1.07934,0.851792
r7,left,elbow,78,2.601531,0,7.81469832039486,0.2443203344017686,1.0904107462091708,0.772037322749436,0.234094,1.079626,0.848758
r7,left,elbow,79,2.634885,0,7.037312769201792,0.24546377552803683,1.0914571075689192,0.7779898205693083,0.233659,1.07988,0.846393
r7,left,elbow,80,2.668239,0,7.464710224689367,0.2465277047051659,1.0903301735837296,0.772063882036124,0.232937,1.080065,0.844742
r7,left,elbow,81,2.701594,0,7.370186568418996,0.2465277047051659,1.0903301735837296,0.772063882036124,0.232033,1.080131,0.843603
r7,left,elbow,82,2.734948,0,7.752424493200255,0.24556684300196735,1.0894584975815869,0.7671033710004931,0.231149,1.080124,0.842701
r7,left,elbow,83,2.768302,0,7.48051684753977,0.24595098783079736,1.089807175277385,0.7690875730101021,0.23036,1.080144,0.841609
r7,left,elbow,84,2.801656,0,7.8014751019598485,0.2449901261275988,1.0889354992752425,0.7641270619744714,0.229728,1.080191,0.840133
r7,left,elbow,85,2.835009,0,7.293964089913474,0.2433674667965453,1.0895387784093806,0.7670769078995423,0.229187,1.080464,0.838047
r7,left,elbow,86,2.868363,0,7.303849375917168,0.2427957462334112,1.0890155977295062,0.7641006589896062,0.228597,1.081063,0.835303
r7,left,elbow,87,2.901717,0,7.248491059919027,0.24222402567027712,1.0884924170496322,0.76112441007967,0.227955,1.082057,0.831899
r7,left,elbow,88,2.935071,0,6.856241498264631,0.24222402567027712,1.0884924170496322,0.76112441007967,0.227119,1.083465,0.827813
r7,left,elbow,89,2.968425,0,6.14905757667082,0.2427957462334112,1.0890155977295062,0.7641006589896062,0.226123,1.085237,0.823167
r7,left,elbow,90,3.001779,0,6.240389604129831,0.2416522678829477,1.0879682394821932,0.7581482306646447,0.225069,1.087165,0.818303
r7,left,elbow,91,3.035132,0,5.767821474119531,0.23946788061122906,1.0880479731893977,0.758121947911951,0.224096,1.089051,0.813705
r7,left,elbow,92,3.068486,0,5.1722654348810595,0.24011623752375819,1.0907575106722143,0.7609457343669059,0.223215,1.090671,0.809829
r7,left,elbow,93,3.10184,0,5.156288624961132,0.23744738568106194,1.0924900504050743,0.7577915674537897,0.222561,1.091875,0.807155
r7,left,elbow,94,3.135194,0,4.7823309014106155,0.2380094858636815,1.0930235647076552,0.7607670011824484,0.221968,1.09264,0.805818
r7,left,elbow,95,3.168547,0,5.074005007836134,0.23752883222071425,1.0946712403966634,0.7576395125894474,0.221381,1.092931,0.80571
r7,left,elbow,96,3.201901,0,5.4257428127352965,0.23696654591711727,1.0941327416562592,0.7546644263353413,0.220634,1.092917,0.806391
r7,left,elbow,97,3.235258,0,5.555943549720064,0.23494963856978776,1.0985637072099002,0.7543348584140649,0.219616,1.092686,0.807412
r7,left,elbow,98,3.268613,0,5.671547944120933,0.23285150802797877,1.1008194640973405,0.7541569283876676,0.218368,1.09237,0.808337
r7,left,elbow,99,3.301968,0,5.516572436767668,0.23340436007203846,1.101373280898275,0.7571308519859434,0.216987,1.092032,0.808962
r7,left,elbow,100,3.335322,0,6.100686183757647,0.23229865598391905,1.100265647296406,0.7511830047893919,0.215593,1.091731,0.809234
r7,left,elbow,101,3.368677,0,6.279259378791583,0.22975835800462133,1.0999757077900454,0.7491742585985984,0.214258,1.091518,0.809433
r7,left,elbow,102,3.402031,0,6.127891820833771,0.22794986668541975,1.1004243852166957,0.7511306797483478,0.212926,1.091407,0.809851
r7,left,elbow,103,3.435386,0,6.271033982545017,0.22794986668541975,1.1004243852166957,0.7511306797483478,0.211524,1.091387,0.810973
r7,left,elbow,104,3.468741,0,6.971074253920226,0.2270441389447171,1.0995017826656432,0.7461742592867128,0.209821,1.091431,0.81324
r7,left,elbow,105,3.502095,0,7.115250175165168,0.2254975261669617,1.1023024208406416,0.7489708662895694,0.20764,1.091515,0.816996
r7,left,elbow,106,3.53545,0,7.938336504888708,0.22495947693562823,1.1017430724812942,0.7459974705141037,0.205012,1.09162,0.822164
r7,left,elbow,107,3.568804,0,8.107887109822869,0.22368215168461825,1.1027543442529277,0.750926994792067,0.202062,1.091761,0.828293
r7,left,elbow,108,3.602159,0,8.738400130655794,0.22150775703536862,1.1028337132130728,0.7509008322715451,0.198997,1.091987,0.834636
r7,left,elbow,109,3.635513,0,9.35072296652217,0.22150775703536862,1.1028337132130728,0.7509008322715451,0.196201,1.092317,0.840302
r7,left,elbow,110,3.668868,0,9.790852529973243,0.21941443668381674,1.1050843032891597,0.7507233098357864,0.194007,1.092843,0.844482
r7,left,elbow,111,3.702222,0,9.489227040784726,0.21835995008926337,1.1084739169864968,0.756490801665406,0.192668,1.093565,0.846614
r7,left,elbow,112,3.735576,0,9.74538855609194,0.21784055182286183,1.1079049036196542,0.7535182597852615,0.192195,1.094509,0.846578
r7,left,elbow,113,3.768931,0,9.214213895443892,0.2161755628175448,1.1085536506937013,0.7564645189127126,0.1924,1.095526,0.844528
r7,left,elbow,114,3.802285,0,8.806469169840303,0.21399117554582617,1.1086333844009058,0.7564382361600192,0.19293,1.096632,0.841101
r7,left,elbow,115,3.835639,0,8.085652131752044,0.21231123483100106,1.1092836754831068,0.759384245444302,0.193409,1.097625,0.837131
r7,left,elbow,116,3.868993,0,8.04236399184613,0.21188823481375987,1.1108943080996994,0.7562598985429831,0.193497,1.098474,0.833561
r7,left,elbow,117,3.902348,0,8.178908067251822,0.21154612297323916,1.1146711773944102,0.7529845392009801,0.193102,1.099097,0.83113
r7,left,elbow,118,3.935702,0,8.099574589165659,0.21154612297323916,1.1146711773944102,0.7529845392009801,0.192224,1.099455,0.830156
r7,left,elbow,119,3.969056,0,8.1266828951202,0.20936773127500194,1.114750692253379,0.7529583285875894,0.19109,1.099492,0.830659
r7,left,elbow,120,4.00241,0,8.308923816894865,0.20936773127500194,1.114750692253379,0.7529583285875894,0.190009,1.099295,0.832269
r7,left,elbow,121,4.035764,0,8.532835591911466,0.20936773127500194,1.114750692253379,0.7529583285875894,0.189171,1.09882,0.834317
r7,left,elbow,122,4.069118,0,8.423403162112846,0.2076833153876787,1.1154151221350157,0.7559033048270389,0.188661,1.098157,0.836126
r7,left,elbow,123,4.102473,0,8.81073091197259,0.20718834031451783,1.1148302435870536,0.7529321059509816,0.188413,1.097373,0.837227
r7,left,elbow,124,4.135827,0,8.836174558105883,0.20718834031451783,1.1148302435870536,0.7529321059509816,0.188235,1.096573,0.837284
r7,left,elbow,125,4.169181,0,8.755592557475161,0.20718834031451783,1.1148302435870536,0.7529321059509816,0.187978,1.09584,0.836217
r7,left,elbow,126,4.202535,0,8.341767749145198,0.2076833153876787,1.1154151221350157,0.7559033048270389,0.187563,1.095163,0.834284
r7,left,elbow,127,4.235889,0,8.63818562275353,0.20669336524135692,1.1142453650390916,0.7499609070749247,0.186916,1.094666,0.831737
r7,left,elbow,128,4.269246,0,8.150161263056608,0.20718834031451783,1.1148302435870536,0.7529321059509816,0.186255,1.094278,0.828971
r7,left,elbow,129,4.302601,0,8.093060669581966,0.20661229094365915,1.1120741439231496,0.7501122669901614,0.18576,1.093996,0.826192
r7,left,elbow,130,4.335956,0,7.851912921485467,0.20661229094365915,1.1120741439231496,0.7501122669901614,0.185581,1.093828,0.823529
r7,left,elbow,131,4.369311,0,7.4411351294148025,0.20718834031451783,1.1148302435870536,0.7529321059509816,0.185852,1.093609,0.820987
r7,left,elbow,132,4.402666,0,7.68396917925984,0.20644461553145094,1.1160220028228547,0.7478290762263049,0.186579,1.093337,0.818505
r7,left,elbow,133,4.436021,0,7.709462854210688,0.20594945433731277,1.115432139837069,0.7448582248248006,0.187614,1.092921,0.816277
r7,left,elbow,134,4.469375,0,6.901809252516067,0.20726960073319284,1.1170064491408191,0.752780398561192,0.188783,1.092294,0.814514
r7,left,elbow,135,4.50273,0,7.1987047415527865,0.20644461553145094,1.1160220028228547,0.7478290762263049,0.189907,1.091545,0.813476
r7,left,elbow,136,4.536085,0,7.038429831670463,0.20677440231485925,1.1164155892674688,0.7498096166545986,0.19091,1.090677,0.813369
r7,left,elbow,137,4.56944,0,7.281524745721785,0.20644461553145094,1.1160220028228547,0.7478290762263049,0.191602,1.089872,0.814146
r7,left,elbow,138,4.602795,0,7.7576902697259476,0.20603023084144692,1.1175953858524932,0.7447074208688486,0.192055,1.089247,0.815554
r7,left,elbow,139,4.63615,0,7.66916247545358,0.20652557815656233,1.1181902332761027,0.7476779247958001,0.192337,1.088845,0.817098
r7,left,elbow,140,4.669505,0,7.771754538238933,0.20652557815656233,1.1181902332761027,0.7476779247958001,0.192506,1.088719,0.818211
r7,left,elbow,141,4.70286,0,7.409541931545265,0.20735086115186788,1.1191826546945847,0.7526286911714025,0.192677,1.088841,0.818615
r7,left,elbow,142,4.736215,0,7.134865741616951,0.2078462084669833,1.119777502118194,0.755599195098354,0.1928,1.089061,0.818215
r7,left,wrist,759,25.31765,2,9.27989109522111,0.31761450699719146,0.8651095230949375,0.8065625699865345,0.293481,0.868611,0.8961
r7,left,wrist,760,25.35101,2,9.047531133622751,0.31834052505550753,0.8651289467558915,0.8095755768734156,0.293954,0.86914,0.89661
r7,left,wrist,761,25.38436,2,9.121301594102444,0.31834052505550753,0.8651289467558915,0.8095755768734156,0.294342,0.869258,0.897478
r7,left,wrist,762,25.41772,2,9.225470811532322,0.31834052505550753,0.8651289467558915,0.8095755768734156,0.294729,0.86908,0.89867
r7,left,wrist,763,25.45108,2,9.344473386875306,0.31834052505550753,0.8651289467558915,0.8095755768734156,0.295111,0.868762,0.900014
r7,left,wrist,764,25.48444,2,9.139943796428742,0.31690299398451627,0.8674743959386906,0.8124051105012142,0.295476,0.86846,0.901252
r7,left,wrist,765,25.51779,2,9.21746824812478,0.31690299398451627,0.8674743959386906,0.8124051105012142,0.295813,0.86828,0.902131
r7,left,wrist,766,25.55115,2,8.696055593903338,0.31834540972063397,0.867523576883305,0.8184303090936995,0.296133,0.868359,0.902502
r7,left,wrist,767,25.58451,2,9.227119181457285,0.31690299398451627,0.8674743959386906,0.8124051105012142,0.296506,0.868647,0.902386
r7,left,wrist,768,25.61787,2,9.777059282663206,0.3176979264192028,0.8673435481274564,0.8064068318919316,0.297011,0.869027,0.901949
r7,left,wrist,769,25.65122,2,8.883278982825479,0.31987553969483595,0.8674168088984947,0.8154447981056995,0.297548,0.8694,0.901403
r7,left,wrist,770,25.68458,2,9.050427502816943,0.31690299398451627,0.8674743959386906,0.8124051105012142,0.298096,0.869691,0.900906
r7,left,wrist,771,25.71794,2,9.047674606793855,0.31915033477778953,0.8673923643250112,0.8124321507165884,0.298554,0.869782,0.900501
r7,left,wrist,772,25.7513,2,9.28347856373739,0.31842413059849617,0.8673679562262337,0.8094194913042597,0.298752,0.869623,0.900118
r7,left,wrist,773,25.78465,2,8.91249804684999,0.31690299398451627,0.8674743959386906,0.8124051105012142,0.298645,0.86929,0.899621
r7,left,wrist,774,25.81801,2,9.131688998441891,0.3161827853787043,0.8674497689916774,0.8093925232281886,0.298154,0.868788,0.898902
r7,left,wrist,775,25.85137,2,8.769184669552354,0.31690299398451627,0.8674743959386906,0.8124051105012142,0.29748,0.868178,0.897916
r7,left,wrist,776,25.88473,2,8.45060897566356,0.31987553969483595,0.8674168088984947,0.8154447981056995,0.296673,0.867578,0.896703
r7,left,wrist,777,25.91809,2,9.393183414133421,0.31474036964258667,0.867400588047063,0.8033673246357034,0.295848,0.867055,0.895379
r7,left,wrist,778,25.95144,2,8.726114291667198,0.3161827853787043,0.8674497689916774,0.8093925232281886,0.295225,0.866573,0.894095
r7,left,wrist,779,25.9848,2,8.627966872928873,0.3161827853787043,0.8674497689916774,0.8093925232281886,0.294826,0.86621,0.892978
r7,left,wrist,780,26.01816,2,8.798537006593945,0.3153781580886342,0.8651911534868514,0.806535662026549,0.294871,0.865999,0.892094
r7,left,wrist,781,26.05152,2,8.720588536374507,0.3153781580886342,0.8651911534868514,0.806535662026549,0.29541,0.866079,0.89142
r7,left,wrist,782,26.08487,2,8.940283710577802,0.31474036964258667,0.867400588047063,0.8033673246357034,0.296446,0.866431,0.890873
r7,left,wrist,783,26.11826,2,8.021242868979877,0.31690299398451627,0.8674743959386906,0.8124051105012142,0.29787,0.867137,0.890326
r7,left,wrist,784,26.15165,2,9.914327382295285,0.3118565374325981,0.8673021896831282,0.7913169394739498,0.299479,0.868137,0.889681
r7,left,wrist,785,26.18504,2,9.53137190057923,0.31257774530065696,0.8673267801554354,0.7943295387701927,0.30093,0.869266,0.888909
r7,left,wrist,786,26.21842,2,9.14639412182902,0.3132979539064689,0.8673514071024486,0.7973421260432181,0.301857,0.870354,0.888038
r7,left,wrist,787,26.25181,2,9.059410973825448,0.3132979539064689,0.8673514071024486,0.7973421260432181,0.301985,0.871169,0.887146
r7,left,wrist,788,26.2852,2,9.277089053112173,0.31257774530065696,0.8673267801554354,0.7943295387701927,0.301326,0.871499,0.886321
r7,left,wrist,789,26.31859,2,8.936793764841843,0.3132979539064689,0.8673514071024486,0.7973421260432181,0.299999,0.871361,0.885624
r7,left,wrist,790,26.35198,2,8.909388943222803,0.3132979539064689,0.8673514071024486,0.7973421260432181,0.298243,0.870802,0.885087
r7,left,wrist,791,26.38537,2,8.340342027724391,0.31474036964258667,0.867400588047063,0.8033673246357034,0.296514,0.870072,0.884711
r7,left,wrist,792,26.41876,2,8.625651109564894,0.3140191617745278,0.8673759975747559,0.8003547253394608,0.295069,0.869294,0.884482
r7,left,wrist,793,26.45215,2,8.359572780947833,0.31474036964258667,0.867400588047063,0.8033673246357034,0.294133,0.86869,0.884373
r7,left,wrist,794,26.48554,2,8.354855777976617,0.3146571363415526,0.8651715474523677,0.8035227152557535,0.293818,0.868405,0.884366
r7,left,wrist,795,26.51893,2,9.201033777431233,0.31257774530065696,0.8673267801554354,0.7943295387701927,0.294056,0.86848,0.884449
r7,left,wrist,796,26.55232,2,8.923504829702473,0.3132979539064689,0.8673514071024486,0.7973421260432181,0.294815,0.868801,0.88463
r7,left,wrist,797,26.58571,2,9.532810049983059,0.3140689040472299,0.8672214346841571,0.7913435588767236,0.295956,0.869299,0.884912
r7,left,wrist,798,26.6191,2,8.434593601136408,0.31705495554094354,0.8695481806233741,0.8032387818595529,0.297458,0.86985,0.885276
r7,left,wrist,799,26.65249,2,9.565291874735014,0.31415139286435495,0.8694305375275583,0.791189558154885,0.299222,0.870423,0.885665
r7,left,wrist,800,26.68588,2,8.994881964578454,0.3156031742026492,0.8694893590754662,0.7972141700072188,0.30112,0.871084,0.885975
r7,left,wrist,801,26.71927,2,9.294440978510817,0.3170941468282449,0.8693790291663643,0.794228537588303,0.303113,0.871818,0.886083
r7,left,wrist,802,26.75266,2,9.540302396841165,0.3163627602167398,0.8693498190032932,0.7912161655344417,0.304926,0.872641,0.885874
r7,left,wrist,803,26.78605,2,9.78003080760914,0.3178397431708788,0.8692399997400746,0.7882303647904857,0.306355,0.873602,0.885256
r7,left,wrist,804,26.81944,2,9.96224869780249,0.31710336024813923,0.869210971950533,0.7852179326205385,0.307248,0.874566,0.884207
r7,left,wrist,805,26.85283,2,10.02078877050772,0.3166944432022302,0.8713877633958986,0.7830565472192395,0.307716,0.875467,0.882778
r7,left,wrist,806,26.88623,2,9.857024869828452,0.3166944432022302,0.8713877633958986,0.7830565472192395,0.307881,0.876138,0.881117
r7,left,wrist,807,26.91962,2,9.496192139010757,0.31718547682330966,0.871410105918287,0.7850646268478058,0.308215,0.876588,0.87946
r7,left,wrist,808,26.95301,2,10.154496599366812,0.3174116879599966,0.8712397863857282,0.7770587327204475,0.309174,0.876803,0.878116
r7,left,wrist,966,32.22313,2,14.271612738347624,0.11761728005758498,0.88149602951144,0.5579079383507464,0.111343,0.930656,0.691743
r7,left,wrist,967,32.25648,2,14.339422511518556,0.11921718118052636,0.8813833890035945,0.5559259962444267,0.111761,0.930493,0.690442
r7,left,wrist,968,32.28984,2,14.003104948660235,0.11945192554288935,0.8814290619513176,0.5579300129774369,0.111974,0.93005,0.689036
r7,left,wrist,969,32.3232,2,14.477383531224842,0.11867975829909763,0.879472723302549,0.5520447909902091,0.112163,0.929394,0.687783
r7,left,wrist,970,32.35655,2,14.549974778696177,0.11844512560932094,0.8794300410175198,0.5500405657724673,0.112304,0.928504,0.686877
r7,left,wrist,971,32.3899,2,14.330720964013894,0.12128557176594684,0.8813621308659014,0.5579520755809103,0.107984,0.927193,0.69308
r7,left,wrist,972,32.42326,2,15.451472321690348,0.120809125429688,0.8812720371809611,0.5539438884574591,0.102452,0.925755,0.700774
r7,left,wrist,973,32.45661,2,15.769008686699967,0.12128557176594684,0.8813621308659014,0.5579520755809103,0.097092,0.924368,0.707723
r7,left,wrist,974,32.48996,2,16.922386792888204,0.12239507410536819,0.8811609042065633,0.5519617085311886,0.092403,0.923179,0.713119
r7,left,wrist,975,32.52332,2,17.136951681219458,0.12263677607926408,0.8812053249437805,0.5539658789216295,0.088361,0.922229,0.716784
r7,left,wrist,976,32.55667,2,17.57517109337701,0.12239507410536819,0.8811609042065633,0.5519617085311886,0.08487,0.921499,0.718855
r7,left,wrist,977,32.59003,2,17.74637202171863,0.1242197269682036,0.8810943013935006,0.5519836629257077,0.081911,0.920906,0.719669
r7,left,wrist,978,32.62338,2,17.611365618655654,0.12446442672884019,0.8811386127065998,0.5539878693857999,0.079397,0.920428,0.719642
r7,left,wrist,979,32.65673,2,16.92557404084463,0.1257956457972194,0.8809825362785977,0.550001432262176,0.086595,0.920401,0.709867
r7,left,wrist,980,32.69009,2,15.097549793940054,0.12862115592042367,0.88109437004953,0.5580403380180206,0.094135,0.920297,0.6997
r7,left,wrist,981,32.72344,2,14.78996621870131,0.12786703416938064,0.8809611687167869,0.5520275476683112,0.099971,0.920003,0.691927
r7,left,wrist,983,32.79015,2,13.552573830061773,0.132030720972497,0.8809156738492108,0.5560801699579626,0.106945,0.919518,0.683547
r7,left,wrist,984,32.8235,2,13.90839473166351,0.1312576132387629,0.8807831655358807,0.5500671511671271,0.108901,0.919393,0.681801
r7,left,wrist,985,32.85686,2,14.003705006587177,0.1309999230689166,0.8807393283939589,0.5480627884052118,0.110147,0.91927,0.68107
r7,left,wrist,986,32.89021,2,13.604681385159298,0.1334069656142912,0.8825817499201738,0.5519664890987201,0.110875,0.919047,0.681084
r7,left,wrist,987,32.92356,2,13.455478760598746,0.13366880172990678,0.8826294287135307,0.5539706219738618,0.111196,0.918667,0.681647
r7,left,wrist,988,32.95692,2,13.15509519647002,0.13419047543664425,0.8827248592496563,0.5579788636777108,0.111246,0.918165,0.682571
r7,left,wrist,989,32.99027,2,12.904626415399898,0.13655375224021893,0.8827520700151531,0.5620093336656806,0.111122,0.917498,0.68366
r7,left,wrist,990,33.02362,2,12.803731019374018,0.13681758688032838,0.8827996758590981,0.5640134905872566,0.110986,0.916888,0.684696
r7,left,wrist,991,33.05698,2,13.23968951618637,0.13628891833786264,0.8827045006459141,0.5600051647208876,0.110929,0.916433,0.685497
r7,left,wrist,992,33.09033,2,13.68349148845602,0.13759093545590909,0.8825435006589964,0.5560187958934298,0.111019,0.91625,0.685948
r7,left,wrist,993,33.12368,2,13.135748862882766,0.1383933940367578,0.882684920081501,0.5620314684084567,0.111141,0.916389,0.686032
r7,left,wrist,1055,35.19165,2,12.668823849139857,0.21201104229021323,0.8799977555448284,0.5629172428624545,0.178543,0.886624,0.684925
r7,left,wrist,1056,35.225,2,12.97108698896782,0.2134489512565708,0.8798880332766525,0.5609335614796879,0.181107,0.885998,0.686399
r7,left,wrist,1057,35.25835,2,12.885582917617947,0.2156923244077848,0.8798633827281125,0.5629615363944411,0.18377,0.885484,0.687674
r7,left,wrist,1058,35.29171,2,9.137384967737267,0.21753196620432363,0.8797962327944603,0.5629836711372174,0.194275,0.890061,0.65075
r7,left,wrist,1059,35.32506,2,6.901603027231603,0.2189608818104591,0.8796868387986378,0.5609998815454963,0.193201,0.893669,0.623483
r7,left,wrist,1060,35.35842,2,10.931869460701177,0.2206787213555341,0.8817018319689299,0.5688949464483994,0.189163,0.890221,0.673225
r7,left,wrist,1061,35.39177,0,11.171745709850123,0.21813546960486016,0.8796034934606856,0.5569879152887228,0.187696,0.892216,0.663736
r7,left,wrist,1062,35.42513,0,9.786246663551518,0.22038184054281482,0.8795787334880276,0.5590159262731275,0.189768,0.889319,0.651455
r7,left,wrist,1063,35.45848,0,8.566603649191354,0.22079752582025727,0.8796197982891036,0.561021980218621,0.192764,0.887067,0.641628
r7,left,wrist,1064,35.49184,0,8.312652515799114,0.2222154867658723,0.8795118024026113,0.5590379888766008,0.194191,0.886616,0.636975
r7,left,wrist,1065,35.52519,0,8.120419435395396,0.22447181310210054,0.8794856807953293,0.5610661895880878,0.194532,0.886854,0.636189
r7,left,wrist,1066,35.55854,0,7.852031581265466,0.22580779338934576,0.8814543814742843,0.566955887314523,0.193868,0.887151,0.63846
r7,left,wrist,1067,35.5919,0,8.832855529940604,0.22454030562173502,0.8813199539143988,0.5609383189526262,0.192559,0.887332,0.643054
r7,left,wrist,1068,35.62526,0,9.295513585947418,0.22510038024032467,0.8850402753938837,0.5626879513457,0.190945,0.887379,0.649109
r7,left,wrist,1069,35.65861,0,9.36407385034809,0.22864433427691372,0.8851787918415803,0.5707317945179818,0.189477,0.88731,0.655761
r7,left,wrist,1070,35.69196,0,10.49355994876208,0.22729735631392228,0.8831835399454376,0.5648438529219608,0.188478,0.887183,0.662253
r7,left,wrist,1071,35.72532,0,10.869141000955814,0.22772329478320183,0.8832312182124071,0.5668495406352517,0.188145,0.887019,0.668008
r7,left,wrist,1072,35.75867,0,10.695401104042382,0.2314254475024478,0.8870704486937592,0.574635589668904,0.18854,0.886886,0.672615
r7,left,wrist,1073,35.79203,0,11.636014827083931,0.22970866020089398,0.8868522604705407,0.5666146403946303,0.189514,0.886752,0.675812
r7,left,wrist,1074,35.82538,0,11.219361782021165,0.2309962506770593,0.8870159016379545,0.5726303523503357,0.19106,0.886694,0.677475
r7,left,wrist,1075,35.85873,0,11.054657462831742,0.2332860738061715,0.8870025327912822,0.5746579768992405,0.193002,0.886756,0.677603
r7,left,wrist,1076,35.89209,0,10.022528594236068,0.23551898965456824,0.8891477997343973,0.5845537869498001,0.195233,0.887004,0.676301
r7,left,wrist,1077,35.92544,0,10.674139428234424,0.23707567582750197,0.8887239389940919,0.5745732703182912,0.197648,0.887393,0.673757
r7,left,wrist,1078,35.9588,0,10.58852676907758,0.23619707358661435,0.8886095930512135,0.5705629721862748,0.200154,0.887987,0.670123
r7,left,wrist,1079,35.99215,0,9.981521915844075,0.23849300396179438,0.8885989960189994,0.5725904603897507,0.202668,0.888724,0.665755
r7,left,wrist,1080,36.02551,0,9.459434054390634,0.23849300396179438,0.8885989960189994,0.5725904603897507,0.20513,0.889539,0.661101
r7,left,wrist,1081,36.05886,0,8.962103793568737,0.23849300396179438,0.8885989960189994,0.5725904603897507,0.207447,0.890305,0.656645
r7,left,wrist,1082,36.09221,0,8.713197897989929,0.23805070505460976,0.8885419324716781,0.5705852752540912,0.209563,0.890896,0.652895
r7,left,wrist,1083,36.12556,0,8.453459004169053,0.2399043365226052,0.8884742718921427,0.5706075783219074,0.211476,0.891229,0.650171
r7,left,wrist,1084,36.15892,0,8.414014576528196,0.23945804056643316,0.8884173542436451,0.5686023450933791,0.213135,0.891353,0.648465
r7,left,wrist,1085,36.19227,0,7.766075729906298,0.2407959291727025,0.8885881436638439,0.5746180327557469,0.214438,0.891319,0.647618
r7,left,wrist,1086,36.22563,0,8.060578884898781,0.2399043365226052,0.8884742718921427,0.5706075783219074,0.21524,0.891276,0.647296
r7,left,wrist,1087,36.25898,0,8.222124238374143,0.23945804056643316,0.8884173542436451,0.5686023450933791,0.215569,0.89124,0.647226
r7,left,wrist,1088,36.29234,0,8.216836423657963,0.23945804056643316,0.8884173542436451,0.5686023450933791,0.215436,0.891326,0.647127
r7,left,wrist,1089,36.32569,0,7.870670407374628,0.24034963321653047,0.8885312260153462,0.5726127995272187,0.214857,0.891537,0.647016
r7,left,wrist,1090,36.35904,0,8.080518896095876,0.2399043365226052,0.8884742718921427,0.5706075783219074,0.213955,0.891902,0.647056
r7,left,wrist,1091,36.3924,0,7.914738461487943,0.23849300396179438,0.8885989960189994,0.5725904603897507,0.21289,0.892317,0.64739
r7,left,wrist,1092,36.42575,0,7.85486211160846,0.23893530286897882,0.8886560595663209,0.5745956455254104,0.211704,0.892823,0.648155
r7,left,wrist,1093,36.45911,0,8.187083354439002,0.23856224096533785,0.8904532068893631,0.5724611998560777,0.210569,0.893378,0.649342
r7,left,wrist,1094,36.49246,0,8.696945807172371,0.23767638331935378,0.8903321380564733,0.5684513040259151,0.209626,0.893892,0.650696
r7,left,wrist,1095,36.52582,0,8.661601312113037,0.2381197931613715,0.8903921557917829,0.5704562927000603,0.208959,0.894409,0.651917
r7,left,wrist,1096,36.55917,0,8.743153529271002,0.2381197931613715,0.8903921557917829,0.5704562927000603,0.208634,0.894869,0.652644
r7,left,wrist,1097,36.59253,0,8.753995205725214,0.2381197931613715,0.8903921557917829,0.5704562927000603,0.208666,0.895219,0.652751
r7,left,wrist,1098,36.62588,0,8.813773417144843,0.235826748900346,0.8903996527371848,0.5684290490509674,0.209035,0.895401,0.652247
r7,left,wrist,1099,36.65923,0,8.722770657351472,0.235826748900346,0.8903996527371848,0.5684290490509674,0.20946,0.895397,0.651426
r7,left,wrist,1100,36.69259,0,8.458579531961808,0.23626616169337608,0.8904598163713182,0.5704339896322438,0.209859,0.895219,0.650651
r7,left,wrist,1101,36.72594,0,8.408484684217374,0.23626616169337608,0.8904598163713182,0.5704339896322438,0.210099,0.89492,0.650219
r7,left,wrist,1102,36.7593,0,8.231411608741638,0.2367056117106017,0.8905209768930163,0.5724388607186098,0.210141,0.894519,0.650246
r7,left,wrist,1103,36.79265,0,8.299558039831815,0.2367748487141453,0.89237518776338,0.5723096001849366,0.210026,0.894172,0.650856
r7,left,wrist,1104,36.826,0,8.394677472114118,0.2367056117106017,0.8905209768930163,0.5724388607186098,0.209834,0.893871,0.651898
r7,left,wrist,1105,36.85936,0,8.45831374934914,0.2348489824558656,0.8905887468966694,0.572416521581142,0.209633,0.893714,0.653093
r7,left,wrist,1106,36.89271,0,8.61430926868763,0.2367056117106017,0.8905209768930163,0.5724388607186098,0.209451,0.893698,0.654095
r7,left,wrist,1107,36.92607,0,8.843571002316692,0.23626616169337608,0.8904598163713182,0.5704339896322438,0.209292,0.893807,0.654589
r7,left,wrist,1108,36.95942,0,8.824683090270998,0.23626616169337608,0.8904598163713182,0.5704339896322438,0.209164,0.894008,0.654341
r7,left,wrist,1109,36.99277,0,8.495090352760979,0.2348489824558656,0.8905887468966694,0.572416521581142,0.209093,0.894295,0.653284
r7,left,wrist,1110,37.02613,0,8.701924038699506,0.2339761152190912,0.8904672038926023,0.5684067820528025,0.2091,0.894521,0.651696
r7,left,wrist,1111,37.05948,0,8.532247489554235,0.2339761152190912,0.8904672038926023,0.5684067820528025,0.209213,0.89466,0.649949
r7,left,wrist,1112,37.09283,0,8.219032051313732,0.23441253022538067,0.8905274769508535,0.5704116865644275,0.209441,0.894575,0.648612
r7,left,wrist,1113,37.12619,0,8.165654711200766,0.23441253022538067,0.8905274769508535,0.5704116865644275,0.209746,0.89426,0.648164
r7,left,wrist,1114,37.15954,0,8.035663776891273,0.2348489824558656,0.8905887468966694,0.572416521581142,0.210091,0.893767,0.648798
r7,left,wrist,1115,37.1929,0,8.174216977997283,0.2348489824558656,0.8905887468966694,0.572416521581142,0.210462,0.893152,0.650394
r7,left,wrist,1116,37.22625,0,8.381405539974232,0.2348489824558656,0.8905887468966694,0.572416521581142,0.210675,0.892498,0.652646
r7,left,wrist,1117,37.25961,0,8.49389786973881,0.23714502450363192,0.8905811405271497,0.5744438012998863,0.210653,0.892015,0.655133
r7,left,wrist,1118,37.29296,0,9.073950980197557,0.23619707358661435,0.8886095930512135,0.5705629721862748,0.21029,0.891744,0.657469
r7,left,wrist,1119,37.32631,0,9.095815393219562,0.23663637470705823,0.8886667660226526,0.5725681212522831,0.209473,0.891688,0.659323
r7,left,wrist,1120,37.35966,0,9.435598695022287,0.23619707358661435,0.8886095930512135,0.5705629721862748,0.208285,0.891953,0.660634
r7,left,wrist,1121,37.39302,0,10.076568756978995,0.23481041713628034,0.8865968228048732,0.5646758820880858,0.207022,0.892469,0.661356
r7,left,wrist,1122,37.42637,0,10.713656715547987,0.2353264950157655,0.8863673447932214,0.5586818720393394,0.205996,0.893179,0.6615
r7,left,wrist,1123,37.45972,0,10.515692654128111,0.2357686822503636,0.8864214176778487,0.5606872656597306,0.205813,0.894039,0.661199
r7,left,wrist,1124,37.49308,0,9.78288231342648,0.23945804056643316,0.8884173542436451,0.5686023450933791,0.206945,0.895017,0.660634
r7,left,wrist,1125,37.52644,0,10.476522010018925,0.241279613542005,0.8862202596745401,0.5607535737023222,0.209831,0.896036,0.660204
r7,left,wrist,1126,37.55979,0,10.296384732251395,0.2455503211252808,0.8898151194464838,0.5625471533515745,0.214617,0.896936,0.660496
r7,left,wrist,1127,37.59315,0,10.071788772491683,0.2520100635844609,0.8897327323695903,0.5666241146870089,0.221127,0.897563,0.66217
r7,left,wrist,1128,37.6265,0,8.860625349615415,0.2639480958752946,0.8956159048668817,0.5843699487443341,0.229115,0.89772,0.665815
r7,left,wrist,1129,37.65985,0,8.631033089003886,0.2737564587112458,0.8975378936854641,0.5933506807556777,0.238202,0.897206,0.671997
r7,left,wrist,1130,37.69321,0,7.912689116904597,0.2837297015980446,0.8979378745238243,0.6104595863796464,0.247791,0.895913,0.680925
r7,left,wrist,1131,37.72656,0,7.6158416674653635,0.2933549054555959,0.8982593827416331,0.625565699981975,0.25729,0.893769,0.692493
r7,left,wrist,1132,37.75992,0,7.463062585038626,0.2989315248845682,0.8986850790966127,0.6396236585591569,0.266193,0.890876,0.706234
r7,left,wrist,1133,37.79327,0,7.578239064896786,0.30647041572698397,0.8970486461968334,0.6538446933045847,0.274083,0.887345,0.721667
r7,left,wrist,1134,37.82663,0,8.393535023676204,0.31031052050920577,0.8972116223019647,0.6608871322323081,0.280731,0.883378,0.73821
r7,left,wrist,1135,37.85998,0,8.444334486388483,0.3148047282568425,0.8977826477389605,0.6779321419322578,0.286077,0.879272,0.755151
r7,left,wrist,1136,37.89333,0,8.480927831580546,0.321202016799131,0.8941704345769366,0.6952882839395936,0.290184,0.875398,0.771957
r7,left,wrist,1137,37.92669,0,8.442782909056824,0.32488010127973566,0.8863077814422723,0.7109114798110372,0.293256,0.871972,0.787869
r7,left,wrist,1138,37.96004,0,8.255913735123835,0.32889317835869264,0.880370165592124,0.7274054669389094,0.295649,0.869244,0.802152
r7,left,wrist,1139,37.9934,0,8.12439903110482,0.332105512742972,0.8742341728242489,0.740898277674859,0.297559,0.86725,0.814099
r7,left,wrist,1140,38.02675,0,8.602280747093124,0.33274220261725557,0.8700123138053383,0.7442076065234974,0.299309,0.865884,0.82336
r7,left,wrist,1141,38.0601,0,8.690251158678677,0.333907929511166,0.8657854557186017,0.7495272907738455,0.301021,0.864829,0.829961
r7,left,wrist,1142,38.09346,0,8.415068710472012,0.3331852772250156,0.8616082288567484,0.7558281023420431,0.302763,0.863747,0.834258
r7,left,wrist,1143,38.12682,0,7.686834689740012,0.3359992298727005,0.8594854161862531,0.7670309596946374,0.304432,0.862322,0.837061
r7,left,wrist,1144,38.16017,0,7.587568468318782,0.3342701724005936,0.857398643262395,0.7691657814723051,0.306018,0.860268,0.839527
r7,left,wrist,1145,38.19352,0,7.7112561107037045,0.32992138310209423,0.8575573811826849,0.769113456431261,0.307542,0.857405,0.842907
r7,left,wrist,1146,38.22688,0,6.572504794799666,0.32990605928721206,0.857733993962565,0.7861433749896886,0.309108,0.853757,0.848364
r7,left,wrist,1147,38.26023,0,6.721739687493137,0.32701118716622213,0.8579015631537036,0.7921191846393759,0.310744,0.849538,0.8568
r7,left,wrist,1148,38.29359,0,6.446601562532159,0.3230020610448809,0.8492463858168116,0.804717587038495,0.312134,0.845477,0.868149
r7,left,wrist,1149,38.32694,0,6.735166588246101,0.3183964331472694,0.8472024004769062,0.8138396311405041,0.312038,0.842286,0.88071
r7,left,wrist,1150,38.36029,0,7.971536487052128,0.31077965804917196,0.8429903081488926,0.8110550993440807,0.310178,0.840523,0.89073
r7,left,wrist,1151,38.39365,0,7.597132282347445,0.3029388595272674,0.8365163964672221,0.817449388208124,0.306641,0.839877,0.893256
r7,left,wrist,1152,38.427,0,4.976445411025855,0.3019997776513609,0.8227549415669703,0.836449630950223,0.302093,0.840031,0.883119
r7,left,wrist,1153,38.46035,0,3.1604081819183243,0.29676858740941453,0.8229937992103411,0.833375842785959,0.287661,0.841091,0.857632
r7,left,wrist,1154,38.49371,0,3.6784278529880368,0.2866769953216285,0.8143260280592549,0.8308800532503345,0.270351,0.846824,0.825364
r7,left,wrist,1219,40.66173,0,3.573561763949574,0.26131940513108426,0.8087679910813195,0.8189992718500934,0.24341,0.839387,0.823331
r7,left,wrist,1220,40.69508,0,3.7268925339324244,0.2616175593092044,0.8087156833329943,0.8205095062641943,0.243413,0.835105,0.839514
r7,left,wrist,1221,40.72844,0,5.199675110782598,0.26348676518840186,0.8064368352228268,0.8191831406765977,0.247127,0.831637,0.861621
r7,left,wrist,1222,40.76179,0,7.6652198546430235,0.2677732765592485,0.8066297360486775,0.8071802814531048,0.250871,0.830541,0.878019
r7,left,wrist,1223,40.79514,0,7.1454925395813245,0.2703257557623742,0.8084392445566013,0.8191076371062814,0.253288,0.830451,0.884918
r7,left,wrist,1224,40.8285,0,7.834992343539739,0.270710151632265,0.8086717647859839,0.8100725201088023,0.254151,0.830452,0.88349
r7,left,wrist,1225,40.86185,0,7.0069003516223525,0.27133247803112015,0.8085671978345434,0.8130932320457391,0.253818,0.830666,0.877238
r7,left,wrist,1226,40.89521,0,6.703113983518362,0.2729474998030692,0.8085900979193641,0.8100994400920049,0.252953,0.831255,0.86993
r7,left,wrist,1227,40.92856,0,5.671247220579927,0.27203855886974565,0.8107056279037045,0.8159575804338781,0.252087,0.832054,0.864563
r7,left,wrist,1228,40.96191,0,5.6343398287849435,0.2719547672057798,0.8084616339955385,0.8161140134775869,0.251442,0.832774,0.862619
r7,left,wrist,1229,40.99527,0,5.349293277014933,0.2731993827792947,0.8082515032050933,0.8221555068463718,0.251089,0.833183,0.864001
r7,left,wrist,1230,41.02862,0,5.788444557140931,0.2703257557623742,0.8084392445566013,0.8191076371062814,0.250924,0.833262,0.867667
r7,left,wrist,1231,41.06197,0,5.4358067312033125,0.271897629924229,0.8172612798495033,0.8245193863530671,0.250835,0.833106,0.87206
r7,left,wrist,1232,41.09533,0,5.616008143744874,0.2723466694242042,0.8126499665915313,0.827854224664637,0.250847,0.832817,0.875656
r7,left,wrist,1233,41.12868,0,5.666262962808113,0.2725157044957586,0.817176833022887,0.827538648275707,0.250977,0.83248,0.877664
r7,left,wrist,1234,41.16204,0,5.947350740375091,0.26946767385409476,0.8128279214409219,0.8248069897575666,0.251139,0.8322,0.877966
r7,left,wrist,1235,41.19539,0,5.871677381559339,0.26946767385409476,0.8128279214409219,0.8248069897575666,0.25132,0.832029,0.877244
r7,left,wrist,1238,41.29545,0,6.544185134781897,0.2681573592186142,0.8107694400022352,0.8189238257514704,0.251,0.832344,0.878277
r7,left,wrist,1239,41.3288,0,6.1032027181831765,0.26999584372456054,0.8104697564527282,0.8279847094551468,0.250368,0.832499,0.881411
r7,left,wrist,1240,41.36216,0,7.316346239965179,0.2704096963231219,0.8106872260150262,0.8189509260829303,0.249494,0.832605,0.885547
r7,left,wrist,1241,41.39551,0,7.748328771913797,0.2704096963231219,0.8106872260150262,0.8189509260829303,0.24842,0.832621,0.889937
r7,left,wrist,1242,41.42886,0,8.125807121552523,0.2704096963231219,0.8106872260150262,0.8189509260829303,0.247206,0.832607,0.893677
r7,left,wrist,1243,41.46222,0,8.17029490494136,0.27094304862579943,0.8083338630911261,0.8221283584220433,0.246013,0.832576,0.896062
r7,left,wrist,1244,41.49557,0,8.627233635789054,0.2749123720076434,0.8105228709900201,0.8190051026994157,0.244932,0.832596,0.896831
r7,left,wrist,1245,41.52892,0,9.286058130503731,0.2707935710542763,0.8109057898185026,0.809916782014199,0.244047,0.832704,0.896129
r7,left,wrist,1246,41.56228,0,9.158802665874601,0.2707935710542763,0.8109057898185026,0.809916782014199,0.243358,0.832822,0.894506
r7,left,wrist,1247,41.59563,0,8.76864758148845,0.2714160463499133,0.8108052104173211,0.8129372159714938,0.242878,0.832906,0.89285
r7,left,wrist,1248,41.62898,0,8.14819052942123,0.2727449747261304,0.8128530299609479,0.818821303367822,0.242662,0.832903,0.891844
r7,left,wrist,1249,41.66234,0,7.900440935121167,0.27336767336694007,0.8127584318851547,0.8218413203556533,0.242649,0.832795,0.891817
r7,left,wrist,1250,41.69569,0,8.214743055570883,0.2727449747261304,0.8128530299609479,0.818821303367822,0.24284,0.832648,0.892727
r7,left,wrist,1251,41.72905,0,8.56191892866567,0.2721223133095161,0.8129486249243058,0.81580121688508,0.243231,0.832489,0.893994
r7,left,wrist,1253,41.79576,0,8.552055961823932,0.2721223133095161,0.8129486249243058,0.81580121688508,0.244625,0.83252,0.89438
r7,left,wrist,1254,41.82911,0,8.078672719726871,0.2727449747261304,0.8128530299609479,0.818821303367822,0.245596,0.832798,0.892249
r7,left,wrist,1255,41.86247,0,7.447063957067562,0.27336767336694007,0.8127584318851547,0.8218413203556533,0.246684,0.833227,0.888286
r7,left,wrist,1256,41.89582,0,6.995334762102255,0.27328350946101965,0.8105044691013417,0.8219984483484679,0.247799,0.833711,0.882871
r7,left,wrist,1257,41.92918,0,6.634552207716031,0.2727449747261304,0.8128530299609479,0.818821303367822,0.24881,0.834165,0.876913
r7,left,wrist,1258,41.96253,0,6.68545875806336,0.2714160463499133,0.8108052104173211,0.8129372159714938,0.249474,0.834524,0.871465
r7,left,wrist,1259,41.99589,0,5.7979003980226995,0.2704096963231219,0.8106872260150262,0.8189509260829303,0.249697,0.834718,0.86748
r7,left,wrist,1260,42.02924,0,5.940330036527194,0.27203855886974565,0.8107056279037045,0.8159575804338781,0.249555,0.834673,0.865443
r7,left,wrist,1261,42.0626,0,5.534838857368351,0.2756240075204353,0.8126760719991221,0.8218684687799819,0.249164,0.834439,0.865339
r7,left,wrist,1262,42.09595,0,5.868608231371591,0.27499631256839113,0.8127708524484448,0.8188483916760645,0.248709,0.83412,0.866778
r7,left,wrist,1263,42.12931,0,6.4594895018878855,0.2738245654314868,0.8152004197049977,0.8126520824041639,0.248329,0.83376,0.869026
r7,left,wrist,1264,42.16266,0,6.329311029663565,0.2722060677492865,0.815191621944907,0.8156448533362819,0.248157,0.833475,0.871263
r7,left,wrist,1265,42.19601,0,7.043328763526739,0.2731977208449078,0.8152911761293558,0.8096322953031062,0.248246,0.833321,0.872982
r7,left,wrist,1266,42.22937,0,6.960429224364563,0.2736573915697051,0.8107233976518777,0.8129641840475651,0.248535,0.833327,0.873814
r7,left,wrist,1267,42.26273,0,7.131694646893304,0.2707935710542763,0.8109057898185026,0.809916782014199,0.248862,0.833446,0.873925
r7,left,wrist,1268,42.29608,0,6.383652061821028,0.2726610341653827,0.810605048502523,0.8189780143911729,0.249036,0.833608,0.873639
r7,left,wrist,1269,42.32943,0,6.393685814396995,0.2726610341653827,0.810605048502523,0.8189780143911729,0.248974,0.833796,0.87365
r7,left,wrist,1270,42.36279,0,6.465936633934913,0.2750802903533343,0.8150198307944344,0.818691611157803,0.248578,0.833931,0.874556
r7,left,wrist,1271,42.39614,0,6.33834776330586,0.273451800048665,0.8150113977814031,0.8216842618577492,0.247953,0.834005,0.876516
r7,left,wrist,1272,42.4295,0,6.377531270956959,0.27407464758625644,0.8149207872558687,0.8247040008659382,0.247339,0.83408,0.879343
r7,left,wrist,1273,42.46285,0,6.861324985727679,0.2735359267303899,0.8172643636776515,0.8215272033598453,0.246828,0.834152,0.882431
r7,left,wrist,1274,42.4962,0,7.343859482604651,0.2729128930718212,0.8173499897653621,0.818507811826209,0.246708,0.834265,0.884994
r7,left,wrist,1275,42.52956,0,7.217269831759625,0.2735359267303899,0.8172643636776515,0.8215272033598453,0.247022,0.83442,0.886424
r7,left,wrist,1276,42.56292,0,7.2360307889270015,0.273451800048665,0.8150113977814031,0.8216842618577492,0.247776,0.834524,0.886461
r7,left,wrist,1277,42.59627,0,7.872387760611932,0.271583220211695,0.8152822324704413,0.8126251143280927,0.248746,0.834566,0.885454
r7,left,wrist,1278,42.62962,0,7.243950663766853,0.275164230914082,0.8172678122528592,0.8185349001344517,0.249637,0.834564,0.884084
r7,left,wrist,1279,42.66298,0,7.127664608801554,0.275164230914082,0.8172678122528592,0.8185349001344517,0.250279,0.834586,0.883042
r7,left,wrist,1280,42.69633,0,6.852752404661973,0.2757922608838852,0.8171820037916186,0.8215543517841738,0.250446,0.834699,0.882765
r7,left,wrist,1281,42.72971,0,6.901849526122435,0.2757922608838852,0.8171820037916186,0.8215543517841738,0.250187,0.834927,0.883142
r7,left,wrist,1282,42.76308,0,7.059198787474632,0.27804859503738044,0.8170996439055859,0.8215815002085022,0.249577,0.835273,0.883568
r7,left,wrist,1283,42.79645,0,7.649551924687266,0.27661599563381556,0.8127845981716532,0.8158552852926111,0.248847,0.835669,0.883359
r7,left,wrist,1284,42.82982,0,7.484519350636812,0.2743686548405424,0.8128666297853324,0.815828245077237,0.248236,0.835937,0.88206
r7,left,wrist,1285,42.86319,0,6.952251227983987,0.275164230914082,0.8172678122528592,0.8185349001344517,0.24795,0.835914,0.879732
r7,left,wrist,1286,42.89656,0,6.676435109205639,0.275164230914082,0.8172678122528592,0.8185349001344517,0.248135,0.835494,0.876799
r7,left,wrist,1287,42.92994,0,6.37911519933889,0.275164230914082,0.8172678122528592,0.8185349001344517,0.248731,0.834728,0.873904
r7,left,wrist,1288,42.96331,0,6.77028884577884,0.27839182345211044,0.8172747702821823,0.8125500145052781,0.249634,0.833789,0.871575
r7,left,wrist,1289,42.99668,0,6.577495546649023,0.27839182345211044,0.8172747702821823,0.8125500145052781,0.250706,0.832926,0.870125
r7,left,wrist,1290,43.03005,0,6.565972999546949,0.2806341679341491,0.8171929210420328,0.8125769946045663,0.251731,0.832441,0.869527
r7,left,wrist,1291,43.06342,0,6.489159936127904,0.28585366156367426,0.8191865690904225,0.8154942499431508,0.252609,0.83249,0.869612
r7,left,wrist,1292,43.0968,0,5.855797544564675,0.2878966052691839,0.8212003451135682,0.8243949767193596,0.253268,0.833084,0.870097
r7,left,wrist,1293,43.13017,0,5.523659865386382,0.28920237354279754,0.8210468786817899,0.8304330792582323,0.253702,0.834015,0.870715
r7,left,wrist,1294,43.16354,0,6.783185433128399,0.2853676377785031,0.8237453270346081,0.8121627435441514,0.254067,0.835059,0.871268
r7,left,wrist,1295,43.19692,0,6.801237843506967,0.2853676377785031,0.8237453270346081,0.8121627435441514,0.254484,0.836018,0.871503
r7,left,wrist,1296,43.23029,0,5.844068429886128,0.28814954367729056,0.8279741961157837,0.8239227588019888,0.255052,0.836666,0.871297
r7,left,wrist,1297,43.26367,0,6.206664146524135,0.28675871811706577,0.8258497744621959,0.8180434521337845,0.255741,0.836861,0.870664
r7,left,wrist,1298,43.29704,0,6.205043780255378,0.28901005595932655,0.8257675969496929,0.8180705404420273,0.2565,0.836741,0.869771
r7,left,wrist,1299,43.33042,0,6.434125408654684,0.2854512060972963,0.8259833396173858,0.8120067274699061,0.257159,0.836308,0.868864
r7,left,wrist,1300,43.36379,0,6.590087018279705,0.2847984493496584,0.8260500857202748,0.8089883771611844,0.257555,0.835812,0.868195
r7,left,wrist,1301,43.39717,0,5.7394952376095345,0.2896678090181989,0.8257006684732741,0.8210889508668352,0.257575,0.835409,0.867672
r7,left,wrist,1302,43.43054,0,6.3737253502322915,0.2876935505793349,0.8259014903772364,0.8120337075691946,0.257212,0.835265,0.867221
r7,left,wrist,1303,43.46392,0,5.918904130970017,0.28901005595932655,0.8257675969496929,0.8180705404420273,0.256542,0.835496,0.866594
r7,left,wrist,1304,43.49729,0,6.741537219705819,0.2839782639619009,0.821659783996044,0.8062807265744347,0.255722,0.836108,0.865759
r7,left,wrist,1305,43.53067,0,6.036919198091199,0.2859374160034447,0.8214295661110238,0.8153378863943526,0.254948,0.837076,0.864727
r7,left,wrist,1306,43.56404,0,6.015655572765764,0.2859374160034447,0.8214295661110238,0.8153378863943526,0.254366,0.838234,0.863708
r7,left,wrist,1307,43.59742,0,6.4318754064494446,0.2846316477298312,0.821583032542802,0.8092997838554798,0.254172,0.839394,0.863076
r7,left,wrist,1308,43.63079,0,6.052024771844116,0.28835130363820727,0.8258345619008176,0.8150521179940025,0.254302,0.840428,0.86291
r7,left,wrist,1309,43.66417,0,5.679710970781109,0.2896678090181989,0.8257006684732741,0.8210889508668352,0.254828,0.841177,0.863191
r7,left,wrist,1310,43.69755,0,5.876071237232272,0.28901005595932655,0.8257675969496929,0.8180705404420273,0.255631,0.841557,0.86378
r7,left,wrist,1311,43.7309,0,5.976295204814488,0.291345334362335,0.8279334008956147,0.817940917726919,0.256571,0.841641,0.864572
r7,left,wrist,1312,43.76426,0,6.198006410449635,0.29068239887125086,0.8279955273077396,0.8149227946605784,0.257532,0.841392,0.86555
r7,left,wrist,1313,43.79762,0,6.466537521251742,0.2900184641179198,0.8280576901945704,0.8119046595710203,0.258435,0.840847,0.866864
r7,left,wrist,1314,43.83098,0,6.131078144988045,0.291345334362335,0.8279334008956147,0.817940917726919,0.25914,0.840144,0.868663
r7,left,wrist,1315,43.86433,0,6.508536470180788,0.29068239887125086,0.8279955273077396,0.8149227946605784,0.259603,0.839373,0.870965
r7,left,wrist,1316,43.89769,0,6.074490942473057,0.29258789180404793,0.8255511612625869,0.8241345818552742,0.259794,0.838731,0.873539
r7,left,wrist,1317,43.93105,0,6.375993099101497,0.2896678090181989,0.8257006684732741,0.8210889508668352,0.259765,0.838332,0.875967
r7,left,wrist,1318,43.96441,0,6.783610906806336,0.28901005595932655,0.8257675969496929,0.8180705404420273,0.259526,0.838223,0.877881
r7,left,wrist,1319,43.99776,0,7.006472929233118,0.2912613938015873,0.8256854194371899,0.8180976287502699,0.259097,0.838332,0.879045
r7,left,wrist,1320,44.03112,0,7.288399469905382,0.2905986444314804,0.8257525302871382,0.8150791582093765,0.258668,0.838557,0.879333
r7,left,wrist,1321,44.06448,0,7.918265115391178,0.2863770451993433,0.8260353838047798,0.8059968746963618,0.258312,0.838797,0.878931
r7,left,wrist,1322,44.09784,0,7.345184766555462,0.2876935505793349,0.8259014903772364,0.8120337075691946,0.258214,0.838913,0.87804
r7,left,wrist,1323,44.1312,0,7.2308259882607935,0.2876935505793349,0.8259014903772364,0.8120337075691946,0.258373,0.838879,0.876844
r7,left,wrist,1324,44.16455,0,7.3234268703197065,0.28703479825821565,0.825968455328361,0.8090152851211696,0.25879,0.838702,0.875373
r7,left,wrist,1325,44.19791,0,6.929155349498404,0.28760998226054174,0.8236634777944587,0.8121897236434399,0.259366,0.838428,0.873717
r7,left,wrist,1326,44.23127,0,6.743556058557991,0.28760998226054174,0.8236634777944587,0.8121897236434399,0.25993,0.838075,0.87197
r7,left,wrist,1327,44.26463,0,7.072457150132469,0.28629381189830927,0.8238063432100845,0.8061522653164119,0.260253,0.837689,0.870426
r7,left,wrist,1328,44.29798,0,6.232774539645596,0.28835130363820727,0.8258345619008176,0.8150521179940025,0.26019,0.837348,0.86945
r7,left,wrist,1329,44.33134,0,6.750158038383727,0.2869513788362043,0.8237344302958423,0.8091710232157728,0.259804,0.837025,0.869527
r7,left,wrist,1330,44.3647,0,6.500308515079861,0.2905986444314804,0.8257525302871382,0.8150791582093765,0.259148,0.836618,0.87092
r7,left,wrist,1331,44.39806,0,6.909019965912966,0.28760998226054174,0.8236634777944587,0.8121897236434399,0.258345,0.836138,0.87352
r7,left,wrist,1332,44.43142,0,7.239724026298052,0.28760998226054174,0.8236634777944587,0.8121897236434399,0.257552,0.835625,0.876957
r7,left,wrist,1333,44.46477,0,7.331622477248106,0.28826754919843683,0.8235915648802165,0.8152084815428008,0.256999,0.835203,0.880498
r7,left,wrist,1334,44.49813,0,7.585550400270913,0.28835130363820727,0.8258345619008176,0.8150521179940025,0.256825,0.834921,0.883445
r7,left,wrist,1335,44.53149,0,7.24996955876204,0.2896678090181989,0.8257006684732741,0.8210889508668352,0.257088,0.834888,0.885201
r7,left,wrist,1336,44.56484,0,7.505635758507403,0.28901005595932655,0.8257675969496929,0.8180705404420273,0.257604,0.835089,0.8856
r7,left,wrist,1337,44.5982,0,6.939627696572777,0.29032656133931806,0.8256337035221495,0.8241073733148601,0.258199,0.835515,0.88482
r7,left,wrist,1338,44.63156,0,6.801077192629135,0.29032656133931806,0.8256337035221495,0.8241073733148601,0.25862,0.836008,0.883374
r7,left,wrist,1339,44.66492,0,7.6253436097565865,0.2876935505793349,0.8259014903772364,0.8120337075691946,0.258623,0.83652,0.881724
r7,left,wrist,1340,44.69827,0,7.2842137261982405,0.28826754919843683,0.8235915648802165,0.8152084815428008,0.258168,0.836969,0.880178
r7,left,wrist,1341,44.73163,0,7.43777474075598,0.28760998226054174,0.8236634777944587,0.8121897236434399,0.257406,0.837303,0.878776
r7,left,wrist,1342,44.76499,0,6.515717074272912,0.28741147486470364,0.825783028359307,0.8210618024425068,0.256565,0.837586,0.877228
r7,left,wrist,1343,44.79835,0,6.500230258403921,0.2896678090181989,0.8257006684732741,0.8210889508668352,0.255876,0.837801,0.875283
r7,left,wrist,1344,44.8317,0,6.318886063735755,0.2896678090181989,0.8257006684732741,0.8210889508668352,0.255561,0.838034,0.872833
r7,left,wrist,1345,44.86506,0,6.123796949523029,0.2895836823364739,0.8234477025770258,0.8212460093647391,0.255658,0.838311,0.870013
r7,left,wrist,1346,44.89842,0,5.693040642630982,0.2902422485366159,0.8233757531880775,0.8242647792873169,0.256115,0.838625,0.867205
r7,left,wrist,1347,44.93177,0,6.425911389098022,0.2847150299276471,0.823816060687756,0.8091441152557873,0.256722,0.838915,0.86498
r7,left,wrist,1348,44.96513,0,5.843298254467878,0.28602120766741057,0.8236735600191897,0.8151814533506438,0.257308,0.839093,0.863681
r7,left,wrist,1349,44.99849,0,5.917652862820379,0.28826754919843683,0.8235915648802165,0.8152084815428008,0.257813,0.839226,0.863478
r7,left,wrist,1350,45.03185,0,5.557272617921736,0.2895836823364739,0.8234477025770258,0.8212460093647391,0.258153,0.839223,0.864276
r7,left,wrist,1351,45.0652,0,5.743421784193313,0.291925142433941,0.8256182721125354,0.8211161113143808,0.258376,0.839209,0.865708
r7,left,wrist,1352,45.09856,0,5.842625716654262,0.292009269115666,0.8278712380087837,0.8209590528164767,0.258507,0.83922,0.867461
r7,left,wrist,1353,45.13192,0,5.766602473723868,0.2926722046067502,0.8278091115966588,0.8239771758828174,0.258621,0.839266,0.869084
r7,left,wrist,1354,45.16528,0,6.162756504007064,0.29434976717508166,0.8300428409065641,0.8208290732479908,0.258874,0.839434,0.870339
r7,left,wrist,1355,45.19864,0,6.202726337645937,0.29434976717508166,0.8300428409065641,0.8208290732479908,0.259331,0.83979,0.871089
r7,left,wrist,1356,45.23199,0,6.513492628168886,0.29601692765479426,0.8322659692003169,0.8176816148250088,0.260081,0.840286,0.871411
r7,left,wrist,1357,45.26535,0,6.246563062603359,0.29677435469202673,0.8344664128130279,0.8205421046765111,0.26112,0.840825,0.871437
r7,left,wrist,1358,45.29871,0,6.166619206450418,0.2968584813737517,0.8367193787092763,0.8203850461786072,0.262347,0.841398,0.871275
r7,left,wrist,1359,45.33207,0,6.014687677619795,0.2998787965008928,0.8388521969011895,0.8232717141700823,0.263557,0.841822,0.871121
r7,left,wrist,1360,45.36542,0,6.159879894401748,0.2991989794331674,0.8388909816070567,0.8202550666101212,0.264563,0.842047,0.871096
r7,left,wrist,1361,45.39878,0,6.1353965373297426,0.2991989794331674,0.8388909816070567,0.8202550666101212,0.265143,0.841993,0.871195
r7,left,wrist,1362,45.43214,0,6.472221512631111,0.3006875216850066,0.8365985739797251,0.8174222998998814,0.265206,0.841701,0.871311
r7,left,wrist,1363,45.4655,0,6.1633906762285955,0.2991148155272471,0.8366370188232435,0.8204121946029356,0.264811,0.841198,0.871414
r7,left,wrist,1364,45.49885,0,6.335440424542306,0.30145531358666267,0.8388086217210238,0.8202822150344495,0.264177,0.84051,0.87148
r7,left,wrist,1365,45.53221,0,6.169942474505062,0.3021401269656225,0.838769654641627,0.8232989227104965,0.263539,0.839689,0.871423
r7,left,wrist,1366,45.56557,0,6.5722687629570204,0.3006875216850066,0.8365985739797251,0.8174222998998814,0.263124,0.838786,0.871308
r7,left,wrist,1367,45.59893,0,6.555231417700978,0.3006875216850066,0.8365985739797251,0.8174222998998814,0.263072,0.837877,0.871093
r7,left,wrist,1368,45.63228,0,6.286445537636211,0.30137114968074225,0.8365546589372108,0.8204393430272642,0.263388,0.837051,0.870529
r7,left,wrist,1369,45.66564,0,5.453640684336018,0.30115182151558384,0.8365087750042777,0.8294629471753119,0.264062,0.836525,0.869445
r7,left,wrist,1370,45.699,0,5.635550439999166,0.29979448369819056,0.8365942465671177,0.8234291201425392,0.264903,0.836413,0.867684
r7,left,wrist,1371,45.73235,0,5.400819339187976,0.2997101708954883,0.8343362962330456,0.823586526114996,0.265757,0.836783,0.865516
r7,left,wrist,1372,45.76571,0,4.878467137961623,0.29803782798356404,0.832108365874999,0.826734271896445,0.26644,0.837581,0.863498
r7,left,wrist,1373,45.79907,0,4.610568464617778,0.29871109111487615,0.832054846703897,0.8297518897407621,0.266857,0.838577,0.86244
r7,left,wrist,1374,45.83243,0,4.826315871347684,0.29803782798356404,0.832108365874999,0.826734271896445,0.266987,0.839557,0.862924
r7,left,wrist,1375,45.86578,0,5.006173686195338,0.29803782798356404,0.832108365874999,0.826734271896445,0.266951,0.840397,0.865089
r7,left,wrist,1376,45.89914,0,4.918884107616324,0.29938439147038376,0.8320023244203597,0.8327694380901683,0.2667,0.840892,0.868438
r7,left,wrist,1377,45.9325,0,5.397927050529798,0.29871109111487615,0.832054846703897,0.8297518897407621,0.266439,0.841047,0.872077
r7,left,wrist,1378,45.96586,0,5.854773494862028,0.29803782798356404,0.832108365874999,0.826734271896445,0.266192,0.84093,0.875065
r7,left,wrist,1379,45.99921,0,6.033409276877917,0.2978687929120096,0.8275814994436433,0.827049848285375,0.266054,0.840621,0.876628
r7,left,wrist,1380,46.03257,0,6.015886977518527,0.2978687929120096,0.8275814994436433,0.827049848285375,0.266085,0.840258,0.876529
r7,left,wrist,1381,46.06593,0,5.869033743130374,0.2978687929120096,0.8275814994436433,0.827049848285375,0.26628,0.83991,0.874953
r7,left,wrist,1382,46.09929,0,5.454348451708381,0.29854172102556265,0.8275190082844589,0.8300680915838873,0.266561,0.839762,0.872522
r7,left,wrist,1383,46.13264,0,5.6460984791896545,0.2971948655362096,0.8276440270775337,0.8240315929636458,0.266832,0.839759,0.870066
r7,left,wrist,1384,46.166,0,5.5003505526315175,0.2971948655362096,0.8276440270775337,0.8240315929636458,0.267046,0.839917,0.868369
r7,left,wrist,1385,46.19936,0,5.4402377269328905,0.29727917833891176,0.8299019774116057,0.823874186991189,0.267134,0.840185,0.867978
r7,left,wrist,1386,46.23272,0,5.527857397961206,0.29727917833891176,0.8299019774116057,0.823874186991189,0.267087,0.840479,0.868955
r7,left,wrist,1387,46.26608,0,5.70887759072189,0.29727917833891176,0.8299019774116057,0.823874186991189,0.266895,0.840713,0.870981
r7,left,wrist,1388,46.29943,0,6.13681423782372,0.2966061013285769,0.8299604810205313,0.8208562216723192,0.266586,0.84085,0.873261
r7,left,wrist,1389,46.33279,0,5.8426812741554714,0.29803782798356404,0.832108365874999,0.826734271896445,0.266231,0.840942,0.874942
r7,left,wrist,1390,46.36615,0,5.890348238912348,0.29803782798356404,0.832108365874999,0.826734271896445,0.265868,0.840975,0.875274
r7,left,wrist,1391,46.39951,0,6.023003598716527,0.29727917833891176,0.8299019774116057,0.823874186991189,0.265578,0.840984,0.873873
r7,left,wrist,1392,46.43287,0,5.566310281000224,0.29803782798356404,0.832108365874999,0.826734271896445,0.265364,0.840984,0.870916
r7,left,wrist,1393,46.46622,0,5.2961403937718785,0.297953291835689,0.8298444342155389,0.8268920948383653,0.265216,0.840968,0.86701
r7,left,wrist,1394,46.49958,0,5.38070249570873,0.2966061013285769,0.8299604810205313,0.8208562216723192,0.265139,0.840933,0.863101
r7,left,wrist,1395,46.53294,0,5.188983501597022,0.2965219374226565,0.8277065182367183,0.8210133496651338,0.265192,0.840882,0.860223
r7,left,wrist,1396,46.5663,0,4.702809047187712,0.297953291835689,0.8298444342155389,0.8268920948383653,0.265438,0.840764,0.859066
r7,left,wrist,1397,46.59965,0,4.943441556638393,0.2971948655362096,0.8276440270775337,0.8240315929636458,0.265867,0.840612,0.860006
r7,left,wrist,1398,46.63301,0,5.321550198154121,0.2965219374226565,0.8277065182367183,0.8210133496651338,0.26646,0.840392,0.863052
r7,left,wrist,1399,46.66637,0,5.631341923289419,0.2966061013285769,0.8299604810205313,0.8208562216723192,0.267061,0.840133,0.867705
r7,left,wrist,1400,46.69973,0,5.8488857261756735,0.29727917833891176,0.8299019774116057,0.823874186991189,0.267582,0.839806,0.87328
r7,left,wrist,1401,46.73308,0,6.312535483374322,0.29727917833891176,0.8299019774116057,0.823874186991189,0.267783,0.839471,0.878858
r7,left,wrist,1402,46.76644,0,6.727830400400834,0.29727917833891176,0.8299019774116057,0.823874186991189,0.267505,0.839095,0.883501
r7,left,wrist,1403,46.7998,0,7.011937100059695,0.29727917833891176,0.8299019774116057,0.823874186991189,0.266711,0.838802,0.886349
r7,left,wrist,1404,46.83316,0,7.102262164392892,0.2973635283658095,0.8321609246332423,0.8237167115238215,0.26554,0.838632,0.88688
r7,left,wrist,1405,46.86651,0,7.000544967594225,0.2973635283658095,0.8321609246332423,0.8237167115238215,0.264284,0.838635,0.885073
r7,left,wrist,1406,46.89987,0,6.962832754025136,0.2966902280103018,0.8322134469167797,0.8206991631744153,0.263196,0.838825,0.881383
r7,left,wrist,1407,46.93323,0,6.35970624887956,0.2973635283658095,0.8321609246332423,0.8237167115238215,0.26249,0.839153,0.876438
r7,left,wrist,1408,46.96658,0,6.159894837108216,0.2966061013285769,0.8299604810205313,0.8208562216723192,0.262343,0.839516,0.871147
r7,left,wrist,1409,46.99994,0,5.6158805578426625,0.29434976717508166,0.8300428409065641,0.8208290732479908,0.262662,0.839863,0.866142
r7,left,wrist,1410,47.0333,0,5.25015198793176,0.29434976717508166,0.8300428409065641,0.8208290732479908,0.263354,0.840033,0.86201
r7,left,wrist,1411,47.06665,0,4.979682017390844,0.29434976717508166,0.8300428409065641,0.8208290732479908,0.264208,0.840063,0.85918
r7,left,wrist,1412,47.10001,0,5.053938416519464,0.29359667220459573,0.8278512233831116,0.8179680060351615,0.265013,0.839957,0.857851
r7,left,wrist,1413,47.13337,0,5.464106443951645,0.2922608085999585,0.827975840954421,0.8119316396703088,0.265548,0.839765,0.858117
r7,left,wrist,1414,47.16673,0,5.462128470893704,0.29525887359726927,0.8300755309379589,0.8148204180011834,0.265702,0.839517,0.859773
r7,left,wrist,1415,47.20008,0,5.92001019469342,0.29450215381975037,0.8278940281889774,0.81195860774638,0.265509,0.839238,0.862311
r7,left,wrist,1416,47.23344,0,5.952409236044379,0.29517508193330333,0.8278315370297931,0.8149768510448923,0.264959,0.838962,0.865039
r7,left,wrist,1417,47.2668,0,5.723754426911641,0.2966061013285769,0.8299604810205313,0.8208562216723192,0.264221,0.838746,0.867226
r7,left,wrist,1418,47.30016,0,5.653157361790152,0.29727917833891176,0.8299019774116057,0.823874186991189,0.26338,0.83855,0.86828
r7,left,wrist,1419,47.33352,0,6.303880447947644,0.29525887359726927,0.8300755309379589,0.8148204180011834,0.262553,0.838364,0.86807
r7,left,wrist,1420,47.36687,0,6.257064849856382,0.29517508193330333,0.8278315370297931,0.8149768510448923,0.261769,0.838258,0.866846
r7,left,wrist,1421,47.40023,0,5.745069085017776,0.2965219374226565,0.8277065182367183,0.8210133496651338,0.261164,0.838158,0.865072
r7,left,wrist,1422,47.43359,0,6.11170401614386,0.2922608085999585,0.827975840954421,0.8119316396703088,0.260754,0.838144,0.863305
r7,left,wrist,1423,47.46695,0,6.4273106167867935,0.29100717903410844,0.8303295355951316,0.8057398706621886,0.260656,0.838214,0.861844
r7,left,wrist,1424,47.5003,0,5.497070463719863,0.29359667220459573,0.8278512233831116,0.8179680060351615,0.260896,0.838293,0.860903
r7,left,wrist,1425,47.53366,0,5.6275142578719715,0.2929287404022771,0.8279135321687663,0.8149498228527353,0.261498,0.838415,0.860433
r7,left,wrist,1426,47.56702,0,5.378054126593623,0.29359667220459573,0.8278512233831116,0.8179680060351615,0.262357,0.83858,0.86041
r7,left,wrist,1427,47.60037,0,5.361113343325051,0.29359667220459573,0.8278512233831116,0.8179680060351615,0.263311,0.838721,0.860849
r7,left,wrist,1428,47.63373,0,5.832746579187627,0.2922608085999585,0.827975840954421,0.8119316396703088,0.264111,0.838822,0.861852
r7,left,wrist,1429,47.66709,0,5.710740814752084,0.293012532066243,0.8301575260769323,0.8147933898090265,0.264533,0.838869,0.86352
r7,left,wrist,1430,47.70044,0,5.910901520636457,0.293012532066243,0.8301575260769323,0.8147933898090265,0.264498,0.838873,0.865831
r7,left,wrist,1431,47.7338,0,5.955421912255887,0.2936806499895389,0.830100201729101,0.8178112255169,0.264015,0.838857,0.868703
r7,left,wrist,1432,47.76716,0,6.7267944158332575,0.2923444141429471,0.8302148504247633,0.8117755541011529,0.26325,0.838803,0.871815
r7,left,wrist,1433,47.80052,0,7.249375984577306,0.29175867915522025,0.8325052393922544,0.8086020377703698,0.262428,0.838734,0.874604
r7,left,wrist,1434,47.83387,0,7.203145239737428,0.2924279824617403,0.8324528630075411,0.8116195380269076,0.261801,0.838716,0.876514
r7,left,wrist,1435,47.86723,0,6.7879126878476015,0.2937645905502866,0.8323481831875258,0.8176545144935489,0.261494,0.83874,0.877029
r7,left,wrist,1436,47.90059,0,6.922887628467311,0.293012532066243,0.8301575260769323,0.8147933898090265,0.261503,0.83875,0.875834
r7,left,wrist,1437,47.93395,0,6.910899837371002,0.2923444141429471,0.8302148504247633,0.8117755541011529,0.261635,0.838768,0.873093
r7,left,wrist,1438,47.9673,0,5.907381499635833,0.29434976717508166,0.8300428409065641,0.8208290732479908,0.261741,0.838743,0.869313
r7,left,wrist,1439,48.00066,0,6.487874998117178,0.291591877535393,0.8280381862147816,0.8089134444646652,0.261605,0.838614,0.865466
r7,left,wrist,1440,48.03402,0,6.241823777767802,0.291591877535393,0.8280381862147816,0.8089134444646652,0.261217,0.838368,0.862455
r7,left,wrist,1441,48.06738,0,5.698778252313994,0.2929287404022771,0.8279135321687663,0.8149498228527353,0.260642,0.838023,0.860808
r7,left,wrist,1442,48.10073,0,5.503040517701177,0.2936806499895389,0.830100201729101,0.8178112255169,0.260016,0.837721,0.860671
r7,left,wrist,1443,48.13409,0,6.027060004854419,0.2922608085999585,0.827975840954421,0.8119316396703088,0.25945,0.837444,0.861594
r7,left,wrist,1444,48.16745,0,5.931468438872119,0.2929287404022771,0.8279135321687663,0.8149498228527353,0.259096,0.837292,0.862758
r7,left,wrist,1445,48.20081,0,5.981146270738098,0.2929287404022771,0.8279135321687663,0.8149498228527353,0.259036,0.837328,0.863324
r7,left,wrist,1446,48.23417,0,6.116479500453975,0.2922608085999585,0.827975840954421,0.8119316396703088,0.259355,0.837587,0.862587
r7,left,wrist,1447,48.26752,0,5.9019464302986675,0.2922608085999585,0.827975840954421,0.8119316396703088,0.259965,0.838034,0.860296
r7,left,wrist,1448,48.30088,0,5.368335499133729,0.293012532066243,0.8301575260769323,0.8147933898090265,0.260688,0.838631,0.856808
r7,left,wrist,1449,48.33424,0,5.2464186009065665,0.2922608085999585,0.827975840954421,0.8119316396703088,0.261343,0.839253,0.85279
r7,left,wrist,1450,48.3676,0,4.959799676408787,0.2922608085999585,0.827975840954421,0.8119316396703088,0.261728,0.839791,0.849189
r7,left,wrist,1451,48.40096,0,5.290974882429687,0.2931552983303973,0.8280190469820522,0.8059221091261384,0.26176,0.840141,0.846749
r7,left,wrist,1452,48.43431,0,4.543703828978147,0.293012532066243,0.8301575260769323,0.8147933898090265,0.261384,0.840288,0.845802
r7,left,wrist,1453,48.46767,0,4.964505368079654,0.29167529695740435,0.8302722112473004,0.8087577063700623,0.260729,0.840205,0.846285
r7,left,wrist,1454,48.50103,0,4.615573422857985,0.2936806499895389,0.830100201729101,0.8178112255169,0.259953,0.840022,0.847717
r7,left,wrist,1455,48.53439,0,5.630419337870408,0.2932385316314313,0.8302480875767474,0.8057667185060883,0.259311,0.839809,0.849672
r7,left,wrist,1456,48.56775,0,5.443294347779012,0.2945857593627389,0.8301330376593198,0.8118025221772239,0.258936,0.839641,0.851823
r7,left,wrist,1457,48.6011,0,5.997562884328002,0.2932385316314313,0.8302480875767474,0.8057667185060883,0.258875,0.839569,0.85403
r7,left,wrist,1459,48.66782,0,5.8857937880407585,0.2945857593627389,0.8301330376593198,0.8118025221772239,0.259411,0.839756,0.858002
r7,left,wrist,1460,48.70118,0,6.168311923924946,0.2939960273260244,0.8324235725256347,0.8086289577535724,0.259737,0.840019,0.859358
r7,left,wrist,1461,48.73453,0,6.423641771827748,0.29332172770827,0.832476131283878,0.8056113973809488,0.259962,0.840375,0.859935
r7,left,wrist,1462,48.76789,0,6.382041461975973,0.29332172770827,0.832476131283878,0.8056113973809488,0.260122,0.840724,0.859489
r7,left,wrist,1463,48.80125,0,5.853155118956992,0.2945857593627389,0.8301330376593198,0.8118025221772239,0.260276,0.841004,0.857961
r7,left,wrist,1464,48.83461,0,5.635943469765918,0.2946693276815321,0.8323710502420975,0.8116465061029786,0.260433,0.841231,0.85553
r7,left,wrist,1465,48.86797,0,5.8024951504676565,0.2932385316314313,0.8302480875767474,0.8057667185060883,0.260739,0.841361,0.852534
r7,left,wrist,1466,48.90132,0,5.534254374191045,0.2932385316314313,0.8302480875767474,0.8057667185060883,0.261125,0.841387,0.849441
r7,left,wrist,1467,48.93468,0,5.108866007996902,0.2939126451282086,0.8301905443806807,0.8087846263532649,0.261488,0.841268,0.846679
r7,left,wrist,1468,48.96804,0,4.795229993603491,0.29167529695740435,0.8302722112473004,0.8087577063700623,0.261713,0.841013,0.844623
r7,left,wrist,1469,49.00139,0,4.877394088137353,0.29100717903410844,0.8303295355951316,0.8057398706621886,0.261711,0.840656,0.843343
r7,left,wrist,1471,49.06811,0,4.909706520589534,0.29092394573307445,0.8281004950004363,0.8058952612822388,0.260853,0.84022,0.842765
r7,left,wrist,1472,49.10147,0,4.751275770963982,0.29167529695740435,0.8302722112473004,0.8087577063700623,0.260159,0.840316,0.842865
r7,left,wrist,1473,49.13482,0,5.149784193754494,0.29033806184856575,0.8303868964176685,0.8027220229310981,0.259511,0.840665,0.842673
r7,left,wrist,1474,49.16818,0,4.934448929296103,0.29100717903410844,0.8303295355951316,0.8057398706621886,0.259174,0.841233,0.841832
r7,left,wrist,1475,49.20154,0,5.190508065162516,0.28966994392526996,0.8304442207654997,0.7997041872232246,0.259214,0.841937,0.840133
r7,left,wrist,1476,49.23489,0,4.689260410418881,0.29092394573307445,0.8281004950004363,0.8058952612822388,0.259693,0.842663,0.837699
r7,left,wrist,1478,49.30161,0,4.416697290708642,0.29025501466850895,0.8281628402607969,0.8028770660765954,0.261305,0.843428,0.832535
r7,left,wrist,1479,49.33497,0,4.540244667283337,0.289001826001974,0.830501545113331,0.796686351515351,0.262148,0.843353,0.830966
r7,left,wrist,1480,49.36832,0,4.28657226161911,0.28966994392526996,0.8304442207654997,0.7997041872232246,0.262837,0.843096,0.830646
r7,left,wrist,1481,49.40168,0,4.143744573237995,0.29033806184856575,0.8303868964176685,0.8027220229310981,0.263236,0.842751,0.831526
r7,left,wrist,1482,49.43504,0,4.432534610274008,0.28966994392526996,0.8304442207654997,0.7997041872232246,0.263254,0.842526,0.833185
r7,left,wrist,1483,49.4684,0,4.709131235233375,0.28670182536220096,0.8283693920921718,0.7968139506979723,0.262815,0.842478,0.834866
r7,left,wrist,1484,49.50175,0,4.27405371358549,0.2886915938735047,0.8281819794935262,0.805868401415122,0.261979,0.842635,0.83594
r7,left,wrist,1485,49.53511,0,4.533161553130545,0.28802865838242064,0.8282441059056512,0.8028502783487813,0.260796,0.842865,0.83601
r7,left,wrist,1486,49.56847,0,4.396617003280765,0.2886915938735047,0.8281819794935262,0.805868401415122,0.259541,0.843091,0.835211
r7,left,wrist,1487,49.60183,0,4.567578036015345,0.28802865838242064,0.8282441059056512,0.8028502783487813,0.25836,0.843156,0.834214
r7,left,wrist,1488,49.63518,0,4.944744250650868,0.28670182536220096,0.8283693920921718,0.7968139506979723,0.257378,0.842902,0.833881
r7,left,wrist,1489,49.66854,0,4.540639500308212,0.2886915938735047,0.8281819794935262,0.805868401415122,0.256686,0.842322,0.834807
r7,left,wrist,1490,49.7019,0,5.095868622407879,0.28448446243633474,0.8284503294646726,0.7967872711791129,0.256248,0.841477,0.837158
r7,left,wrist,1491,49.73525,0,4.7831278668114185,0.2864602412761819,0.8282634275119104,0.8058415535712223,0.255881,0.840531,0.840515
r7,left,wrist,1492,49.76861,0,5.233100060945609,0.28580130283408545,0.8283254080252116,0.8028234785977504,0.255526,0.839533,0.84401
r7,left,wrist,1493,49.80197,0,5.469284122938268,0.28580130283408545,0.8283254080252116,0.8028234785977504,0.255055,0.838679,0.846855
r7,left,wrist,1494,49.83533,0,5.61528451358178,0.28580130283408545,0.8283254080252116,0.8028234785977504,0.254666,0.838087,0.848523
r7,left,wrist,1495,49.86868,0,5.439756394044308,0.2864602412761819,0.8282634275119104,0.8058415535712223,0.254554,0.837763,0.848863
r7,left,wrist,1496,49.90204,0,5.565922253903468,0.28580130283408545,0.8283254080252116,0.8028234785977504,0.254925,0.837693,0.848176
r7,left,wrist,1497,49.9354,0,5.648806851952274,0.28506053981935164,0.8261692772323233,0.7999600418235291,0.255831,0.837891,0.846855
r7,left,wrist,1498,49.96875,0,4.843237026427672,0.28703479825821565,0.825968455328361,0.8090152851211696,0.257287,0.83828,0.845198
r7,left,wrist,5,0.166759,0,6.382049990955162,0.26586364513219674,0.8425916038765842,0.7374752395756268,0.249667,0.868492,0.79351
r7,left,wrist,6,0.200112,0,5.488864530224393,0.260827873431358,0.8385508342223772,0.7347031578707212,0.246953,0.855875,0.784904
r7,left,wrist,7,0.233465,0,4.736333428392579,0.2566729145856135,0.8408187791886717,0.7345048862892264,0.242779,0.849115,0.779018
r7,left,wrist,8,0.266818,0,4.520402942159892,0.25659399929125193,0.838705377551483,0.7346522154996494,0.23746,0.846533,0.774852
r7,left,wrist,9,0.300171,0,4.6013713153419245,0.25643616870252905,0.8344785742771055,0.7349468739204958,0.231414,0.846544,0.771629
r7,left,wrist,10,0.333523,0,6.4392844336422,0.24806877927113644,0.8119414325289308,0.720406734446402,0.225484,0.847735,0.768937
r7,left,wrist,11,0.366876,0,6.1394280899488765,0.2462121650464652,0.8182801852952948,0.7199450148478761,0.220748,0.848995,0.766608
r7,left,wrist,12,0.400229,0,6.277601612152978,0.24797152961270777,0.8203478835271035,0.7178118166983305,0.218389,0.849686,0.764769
r7,left,wrist,13,0.433582,0,5.718391356255277,0.24940165042565526,0.8201496171488625,0.7248567327307354,0.219484,0.849515,0.763749
r7,left,wrist,14,0.466934,0,6.209893404824977,0.2451207267106409,0.8163501432349756,0.7150574217792491,0.224553,0.84871,0.763905
r7,left,wrist,15,0.500287,0,3.6744655967077877,0.26363167413670435,0.8511894602813104,0.7448716489557913,0.233358,0.847747,0.76541
r7,left,wrist,16,0.53364,0,3.7952306353877194,0.2709481233254533,0.8637571869137144,0.746065395814057,0.244777,0.847309,0.768086
r7,left,wrist,17,0.566992,0,3.8367488335129014,0.2775218189174178,0.8677927252158879,0.7458449261429523,0.257159,0.847758,0.771458
r7,left,wrist,18,0.600344,0,3.563216624103337,0.28171896433167437,0.8655022771983788,0.7460451741159069,0.268609,0.849063,0.774812
r7,left,wrist,19,0.633697,0,4.020685851410515,0.28364145359143794,0.871804571431553,0.7436168217023159,0.277851,0.850979,0.777519
r7,left,wrist,20,0.667049,0,4.283440948746567,0.2850892718194397,0.8716908254969834,0.7406310197596151,0.284235,0.85306,0.779192
r7,left,wrist,21,0.700401,0,3.8751303414116847,0.28569629242093214,0.8695953158462925,0.7437910834129655,0.287849,0.855012,0.779629
r7,left,wrist,22,0.733754,0,4.330785451723025,0.28432345280014276,0.8695336127966145,0.7377674213947866,0.2892,0.856647,0.778825
r7,left,wrist,23,0.767106,0,3.994902001380239,0.28516870825253754,0.873818183560078,0.7404827176204439,0.28905,0.85795,0.776939
r7,left,wrist,24,0.800458,0,3.964436733516962,0.2866063477370931,0.8736998179347446,0.7374971429201248,0.288104,0.858945,0.774263
r7,left,wrist,25,0.83381,0,4.128833300850146,0.2854533919472505,0.873632752481527,0.7324784362967353,0.286989,0.85969,0.771311
r7,left,wrist,26,0.867162,0,3.772483295358172,0.2853744766528891,0.8715193508443382,0.7326257655071584,0.286126,0.860227,0.768613
r7,left,wrist,27,0.900514,0,3.749685921847406,0.285532307241612,0.8757461541187157,0.7323311070863119,0.285633,0.860637,0.766649
r7,left,wrist,28,0.933866,0,3.2754111096619076,0.28614518031083425,0.8736733905084834,0.7354896324728047,0.285566,0.861031,0.7657
r7,left,wrist,29,0.967218,0,3.8249925103279168,0.2847616035836668,0.8735921144545707,0.729467240120666,0.285798,0.861459,0.765727
r7,left,wrist,30,1.000569,0,3.6139415982256744,0.2854533919472505,0.873632752481527,0.7324784362967353,0.286284,0.86185,0.766633
r7,left,wrist,31,1.033921,0,3.766053830700299,0.2854533919472505,0.873632752481527,0.7324784362967353,0.286851,0.862046,0.768285
r7,left,wrist,32,1.067273,0,3.508759205665752,0.2866063477370931,0.8736998179347446,0.7374971429201248,0.287346,0.861982,0.770562
r7,left,wrist,33,1.100625,0,3.9803949877278013,0.28614518031083425,0.8736733905084834,0.7354896324728047,0.287757,0.861559,0.773371
r7,left,wrist,34,1.133976,0,4.103304802979804,0.2866063477370931,0.8736998179347446,0.7374971429201248,0.288022,0.860809,0.776427
r7,left,wrist,35,1.167334,0,4.540683427849708,0.2860660416713,0.8715540075459064,0.7356373786526915,0.288225,0.859881,0.779465
r7,left,wrist,36,1.200688,0,4.812934139672082,0.28818847468371106,0.8714765352704709,0.7356629159659216,0.288423,0.859062,0.782163
r7,left,wrist,37,1.234042,0,4.765989166865134,0.28857331513619905,0.8693784858722134,0.7378185561373325,0.28867,0.858732,0.784274
r7,left,wrist,38,1.267395,0,4.67657440695453,0.2893491267779652,0.871535333825523,0.7406822747343328,0.289083,0.859058,0.785752
r7,left,wrist,39,1.300748,0,4.282548793862416,0.29264820008058057,0.8715160765098443,0.7457273631874487,0.289602,0.860141,0.786902
r7,left,wrist,40,1.334102,0,5.1843588136136365,0.2929816408723011,0.87346710931079,0.7375738510455524,0.290115,0.861873,0.788023
r7,left,wrist,41,1.367455,0,4.5278106883494225,0.29700477672396464,0.8734952979319951,0.7456299644584019,0.290558,0.86398,0.789425
r7,left,wrist,42,1.400808,0,5.126419178855859,0.29581784601772754,0.8734294726187799,0.7406108490456291,0.290811,0.866095,0.7911
r7,left,wrist,43,1.434161,0,4.787863207868681,0.29700477672396464,0.8734952979319951,0.7456299644584019,0.290849,0.867956,0.792787
r7,left,wrist,44,1.467515,0,5.406316544974719,0.29589724522662986,0.8755558337943098,0.7404626164013686,0.290644,0.869257,0.7939
r7,left,wrist,45,1.500868,0,5.688083745868909,0.2951863219835733,0.8755119012365077,0.7374514697638156,0.290411,0.869981,0.793861
r7,left,wrist,46,1.534221,0,5.992394619233128,0.2939201409652157,0.8733237022980215,0.7325803090156613,0.290376,0.870148,0.792315
r7,left,wrist,47,1.567574,0,5.408629881434987,0.2947110159890761,0.875481996905871,0.7354440689710979,0.290672,0.869922,0.789092
r7,left,wrist,48,1.600927,0,4.49843150864146,0.29802767233701594,0.8754780697212267,0.7404882499003359,0.291266,0.869435,0.784549
r7,left,wrist,49,1.63428,0,4.744512805484092,0.29611649296075365,0.8753598140333042,0.7324584570023823,0.292027,0.868817,0.779272
r7,left,wrist,50,1.667633,0,3.4681075419117207,0.29802767233701594,0.8754780697212267,0.7404882499003359,0.292805,0.868198,0.773992
r7,left,wrist,51,1.700986,0,3.796401016502663,0.29611649296075365,0.8753598140333042,0.7324584570023823,0.29342,0.867672,0.769538
r7,left,wrist,52,1.734338,0,2.685596232012695,0.29794827312811356,0.8733517085456968,0.7406364825445966,0.293862,0.867204,0.766458
r7,left,wrist,53,1.767691,0,3.029384083960935,0.29675334832390143,0.8732861750301291,0.7356172709460868,0.294165,0.8669,0.765117
r7,left,wrist,54,1.801044,0,2.9586028219951266,0.29731075352047803,0.8754343560116602,0.7374770311234801,0.294414,0.866779,0.76562
r7,left,wrist,55,1.834397,0,3.362754212172457,0.2989548827516511,0.8753270888297058,0.7354951315743409,0.294569,0.866851,0.76774
r7,left,wrist,56,1.867749,0,3.6731458959663676,0.2989548827516511,0.8753270888297058,0.7354951315743409,0.294599,0.867094,0.771026
r7,left,wrist,57,1.901102,0,4.040067244791216,0.2989548827516511,0.8753270888297058,0.7354951315743409,0.294454,0.867445,0.774863
r7,left,wrist,58,1.934455,0,4.202463998061502,0.29943618431962965,0.8753567743121067,0.7375026045063616,0.29416,0.86781,0.778506
r7,left,wrist,59,1.967807,0,4.2257757304181975,0.3022875272955413,0.8753225780497661,0.7405395048750534,0.293834,0.868048,0.781299
r7,left,wrist,60,2.00116,0,3.922588739229667,0.3034987753134631,0.875396499958121,0.7455582833908426,0.293586,0.868034,0.78279
r7,left,wrist,61,2.034512,0,4.657489414956523,0.3015606158565344,0.8752792290872591,0.737528165866026,0.293575,0.86782,0.782803
r7,left,wrist,62,2.067865,0,4.00750530641871,0.3030144759587438,0.8753669238998378,0.7435507743891705,0.293828,0.867331,0.781722
r7,left,wrist,63,2.101217,0,4.135317881443852,0.3022875272955413,0.8753225780497661,0.7405395048750534,0.294241,0.866722,0.78018
r7,left,wrist,64,2.134569,0,4.306253783145059,0.3015606158565344,0.8752792290872591,0.737528165866026,0.294721,0.866162,0.779055
r7,left,wrist,65,2.167922,0,3.5928111714577966,0.3034987753134631,0.875396499958121,0.7455582833908426,0.295022,0.865698,0.779098
r7,left,wrist,66,2.201279,0,4.498468078780285,0.3015606158565344,0.8752792290872591,0.737528165866026,0.294974,0.865446,0.780928
r7,left,wrist,67,2.234634,0,4.861726195065108,0.3015606158565344,0.8752792290872591,0.737528165866026,0.294424,0.865371,0.784587
r7,left,wrist,68,2.267988,0,5.849636793130071,0.30034936783861277,0.8752053071789044,0.732509387350237,0.293329,0.86554,0.789773
r7,left,wrist,69,2.301343,0,5.7578350089669295,0.3023669637286392,0.8774499361128607,0.7403912027358821,0.29187,0.8658,0.795793
r7,left,wrist,70,2.334697,0,6.626152533947407,0.30163982894445945,0.8774006058249655,0.7373802806963181,0.290358,0.866163,0.8017
r7,left,wrist,71,2.368052,0,7.216391961240556,0.30384447283153615,0.8794444008631186,0.737257968909492,0.289308,0.866666,0.806778
r7,left,wrist,72,2.401406,0,7.562315050923106,0.30384447283153615,0.8794444008631186,0.737257968909492,0.289081,0.867204,0.810409
r7,left,wrist,73,2.43476,0,7.768347290613867,0.305968904368441,0.879366855638271,0.7372835302691565,0.289817,0.867821,0.812387
r7,left,wrist,74,2.468114,0,7.495723254779017,0.3067062178960669,0.8794208056169304,0.740294225066339,0.291438,0.868415,0.81285
r7,left,wrist,75,2.501469,0,7.423177437839677,0.3067856171049693,0.8815471667924601,0.7401459924220782,0.293604,0.868986,0.81211
r7,left,wrist,76,2.534823,0,7.882682080985494,0.30579382971837105,0.887806094765155,0.7346855778396126,0.295927,0.869476,0.810714
r7,left,wrist,77,2.568177,0,7.29377057756021,0.31128374413859256,0.8877727524227192,0.7397524104741926,0.297993,0.869981,0.809227
r7,left,wrist,78,2.601531,0,7.107291112861189,0.3133337355536341,0.8855676667612471,0.739926334089114,0.299635,0.870408,0.807999
r7,left,wrist,79,2.634885,0,7.016871595907652,0.3133337355536341,0.8855676667612471,0.739926334089114,0.300643,0.870794,0.807338
r7,left,wrist,80,2.668239,0,7.2928568331506405,0.31470634275272,0.8854227257777176,0.7369420052553038,0.30111,0.871096,0.807145
r7,left,wrist,81,2.701594,0,7.293988140796123,0.31470634275272,0.8854227257777176,0.7369420052553038,0.301142,0.871259,0.807196
r7,left,wrist,82,2.734948,0,8.045896272493861,0.31268778404363323,0.885242505354649,0.7289155365836476,0.301003,0.871328,0.807296
r7,left,wrist,83,2.768302,0,7.474183613935639,0.31420142534174,0.8853769321249534,0.7349354372027684,0.300851,0.871406,0.807136
r7,left,wrist,84,2.801656,0,7.0107434698749955,0.31759359051215935,0.8854121750897868,0.7399775890638316,0.300819,0.871501,0.806612
r7,left,wrist,85,2.835009,0,7.588175525949699,0.31344460469268665,0.8853097187398012,0.731925486893208,0.300871,0.871818,0.805532
r7,left,wrist,86,2.868363,0,7.410388972371767,0.31344460469268665,0.8853097187398012,0.731925486893208,0.300854,0.872457,0.803812
r7,left,wrist,87,2.901717,0,6.882402357228188,0.31420142534174,0.8853769321249534,0.7349354372027684,0.300723,0.873486,0.801371
r7,left,wrist,88,2.935071,0,6.552774768224623,0.31420142534174,0.8853769321249534,0.7349354372027684,0.300289,0.874916,0.798109
r7,left,wrist,89,2.968425,0,6.157079091079607,0.31420142534174,0.8853769321249534,0.7349354372027684,0.29955,0.876688,0.794103
r7,left,wrist,90,3.001779,0,6.004209253167034,0.31344460469268665,0.8853097187398012,0.731925486893208,0.298604,0.878588,0.789715
r7,left,wrist,91,3.035132,0,5.59610169715452,0.3114070825481185,0.8875003738041899,0.7317526925088575,0.29761,0.880412,0.785521
r7,left,wrist,92,3.068486,0,4.955967616308912,0.3100376964809461,0.8876511866889898,0.7347366404428558,0.296628,0.881935,0.782104
r7,left,wrist,93,3.10184,0,5.307576291988391,0.3085426316993804,0.8875051011360604,0.7287177327088773,0.295849,0.883012,0.780057
r7,left,wrist,94,3.135194,0,5.0037676500846064,0.3092896458469421,0.8875776637060957,0.7317272153117133,0.295159,0.883635,0.779566
r7,left,wrist,95,3.168547,0,4.6740335181567305,0.3105356935045886,0.887699229439825,0.73674298534305,0.294541,0.883789,0.780487
r7,left,wrist,96,3.201901,0,4.86684703708296,0.3105356935045886,0.887699229439825,0.73674298534305,0.293857,0.883665,0.782286
r7,left,wrist,97,3.235258,0,5.269245084614131,0.3100376964809461,0.8876511866889898,0.7347366404428558,0.293008,0.883368,0.784417
r7,left,wrist,98,3.268613,0,5.963276803496628,0.30643119057168533,0.8875821721897306,0.7286923276510358,0.292044,0.88304,0.786385
r7,left,wrist,99,3.301968,0,5.913564826279056,0.3072521237023739,0.8897683187704843,0.7315544209273627,0.291056,0.88274,0.787993
r7,left,wrist,100,3.335322,0,5.626182649354083,0.30849051227980445,0.8898991482899437,0.7365694693187671,0.290142,0.882514,0.78924
r7,left,wrist,101,3.368677,0,5.880835643794725,0.3058729311337098,0.8899244808401673,0.7345379011546365,0.289331,0.882393,0.790467
r7,left,wrist,102,3.402031,0,6.317946550200608,0.3051356862634444,0.8898455721976843,0.7315289557534355,0.28851,0.882366,0.792021
r7,left,wrist,103,3.435386,0,6.305080263753261,0.3058729311337098,0.8899244808401673,0.7345379011546365,0.287556,0.882405,0.794399
r7,left,wrist,104,3.468741,0,6.899041063522773,0.3030192488245148,0.8899228256248842,0.7315034905795083,0.286202,0.882475,0.797997
r7,left,wrist,105,3.502095,0,7.164839738770261,0.3037514973835458,0.8900019166408971,0.7345123758646237,0.284275,0.88256,0.80306
r7,left,wrist,106,3.53545,0,7.335434835449203,0.30284343343044423,0.89021009694117,0.7395016678804966,0.281842,0.882663,0.809379
r7,left,wrist,107,3.568804,0,8.345674251744185,0.3021152191445964,0.8901318569138981,0.7364927611933396,0.27909,0.882826,0.816377
r7,left,wrist,108,3.602159,0,8.48855433267807,0.3014362242946715,0.8903662834150549,0.742484880952601,0.27629,0.883122,0.823236
r7,left,wrist,109,3.635513,0,9.377074498662868,0.3007130063200581,0.8902878610142532,0.7394760343815293,0.27387,0.883582,0.829072
r7,left,wrist,110,3.668868,0,9.786623238477757,0.2986629776808212,0.8924919497881604,0.7393021802615184,0.272179,0.8843,0.83316
r7,left,wrist,111,3.702222,0,10.017067399102142,0.298742414113919,0.8946193078512551,0.7391538781223471,0.271451,0.885264,0.83508
r7,left,wrist,112,3.735576,0,9.53706537220147,0.29993939203991166,0.8947666226218349,0.7441673791149725,0.271643,0.886471,0.834865
r7,left,wrist,113,3.768931,0,9.042152050092145,0.30065802316944046,0.8948561931593781,0.7471754011259419,0.272493,0.887736,0.832803
r7,left,wrist,114,3.802285,0,8.635748568892916,0.29851560491209156,0.8949343949289328,0.7471496233483689,0.273569,0.88904,0.829615
r7,left,wrist,115,3.835639,0,8.719479470438628,0.29732558459763175,0.8947858279478466,0.7421362760131741,0.274451,0.890162,0.82615
r7,left,wrist,116,3.868993,0,8.25091389472516,0.2978019700937972,0.8948446420178598,0.7441416614534854,0.274803,0.891078,0.823291
r7,left,wrist,117,3.902348,0,7.770958685434273,0.29637218739249577,0.8950126331731934,0.7471238335475784,0.274583,0.891733,0.821644
r7,left,wrist,118,3.935702,0,8.030447330295711,0.29566354888543595,0.8949226978885907,0.7441159317687807,0.27387,0.892126,0.821356
r7,left,wrist,119,3.969056,0,7.90574390029104,0.296452070515939,0.8971519538870645,0.7469746974694802,0.272955,0.892231,0.822299
r7,left,wrist,120,4.00241,0,8.094622990455346,0.296452070515939,0.8971519538870645,0.7469746974694802,0.272174,0.892148,0.824032
r7,left,wrist,121,4.035764,0,8.589513388542198,0.29582301733875876,0.8991933642158154,0.7438182155718689,0.271696,0.891822,0.825925
r7,left,wrist,122,4.069118,0,8.920673135947727,0.29535036832221284,0.8991274260340253,0.7418133646888003,0.271566,0.891323,0.827436
r7,left,wrist,123,4.102473,0,9.00425244063717,0.29535036832221284,0.8991274260340253,0.7418133646888003,0.271671,0.890692,0.828276
r7,left,wrist,124,4.135827,0,8.560518864297292,0.29653199086357773,0.8992922714885003,0.7468254918964714,0.2718,0.89002,0.828254
r7,left,wrist,125,4.169181,0,8.693741482587734,0.2936845961303974,0.8992714200865461,0.7437924858871643,0.271815,0.88939,0.827352
r7,left,wrist,126,4.202535,0,8.733331725779724,0.2932149449005922,0.8992053724806383,0.7417876710737473,0.271668,0.888807,0.82578
r7,left,wrist,127,4.235889,0,8.147090142498282,0.29446845646742514,0.9015098304466322,0.746650566017583,0.271317,0.888413,0.823657
r7,left,wrist,128,4.269246,0,7.728875858346905,0.29525272627060284,0.9037592065699301,0.7495078817039854,0.27099,0.888149,0.82121
r7,left,wrist,129,4.302601,0,8.49211276501552,0.29274920253791015,0.905486363248578,0.7383356874375376,0.270855,0.888014,0.818504
r7,left,wrist,130,4.335956,0,7.783744949972241,0.2939237615861863,0.9056764226898186,0.7433459810867072,0.271034,0.888003,0.815612
r7,left,wrist,131,4.369311,0,7.656827666553546,0.29345373811442654,0.9056004062082635,0.7413418612223959,0.271632,0.887939,0.812578
r7,left,wrist,132,4.402666,0,7.401340794822706,0.2955891615360471,0.9055224597616507,0.7413675548374491,0.272641,0.887811,0.809468
r7,left,wrist,133,4.436021,0,7.688852950129609,0.29424931084847067,0.9074161153270455,0.7352072018658531,0.273918,0.887524,0.806641
r7,left,wrist,134,4.469375,0,7.207434169477218,0.29495902885719877,0.9075349603510247,0.7382130882922442,0.275313,0.887013,0.804452
r7,left,wrist,135,4.50273,0,7.335400726808093,0.29424931084847067,0.9074161153270455,0.7352072018658531,0.276667,0.88637,0.803242
r7,left,wrist,136,4.536085,0,6.813573728016322,0.29566874686592676,0.9076538053750041,0.7412189747186354,0.277918,0.885603,0.803196
r7,left,wrist,137,4.56944,0,7.241247186918337,0.2950384280661011,0.9096613215265548,0.7380648556479835,0.278862,0.884896,0.80416
r7,left,wrist,138,4.602795,0,7.389203081378931,0.2950384280661011,0.9096613215265548,0.7380648556479835,0.279541,0.884359,0.805738
r7,left,wrist,139,4.63615,0,7.626169533331584,0.29511786449919897,0.9117886795896494,0.7379165535088122,0.279979,0.884023,0.807312
r7,left,wrist,140,4.669505,0,7.7129956954325145,0.29511786449919897,0.9117886795896494,0.7379165535088122,0.280189,0.883922,0.80827
r7,left,wrist,141,4.70286,0,7.464183446788362,0.29582795474988144,0.9119174934892759,0.7409217449860976,0.280252,0.884012,0.808376
r7,left,wrist,142,4.736215,0,7.396004071126641,0.29582795474988144,0.9119174934892759,0.7409217449860976,0.280114,0.884138,0.807641
