frame,time_s,mask,pel_x,pel_y,pel_z,hip_x,hip_y,hip_z,rh_x,rh_y,rh_z,lh_x,lh_y,lh_z,rsh_x,rsh_y,rsh_z,lsh_x,lsh_y,lsh_z,rel_x,rel_y,rel_z,lel_x,lel_y,lel_z
500,16.678340,10,0.037279,-0.219137,1.213000,0.002245,0.720075,0.661400,-0.180457,0.802529,0.621527,0.227992,0.776737,0.792826,-0.191630,1.280097,0.776218,0.168325,1.282048,0.806310,-0.224183,1.040151,0.693136,0.199037,1.021947,0.799369
509,16.978690,10,0.038427,-0.222117,1.213000,0.003262,0.717053,0.661582,-0.188971,0.798103,0.621833,0.228877,0.774252,0.793000,-0.192762,1.275976,0.778090,0.167203,1.279282,0.807927,-0.227043,1.035727,0.696596,0.198949,1.019325,0.800244
510,17.012070,10,0.038263,-0.222059,1.213000,0.003101,0.717118,0.661575,-0.189622,0.798104,0.621955,0.228738,0.774265,0.792979,-0.192775,1.276095,0.778078,0.167193,1.279310,0.807894,-0.227154,1.035803,0.696752,0.198873,1.019346,0.800217
512,17.078810,10,0.037941,-0.222465,1.213000,0.002761,0.716727,0.661592,-0.192340,0.797630,0.621220,0.228452,0.773691,0.792983,-0.192711,1.275819,0.778218,0.167262,1.278776,0.807999,-0.226861,1.035704,0.696276,0.198758,1.018791,0.800270
513,17.112190,10,0.037870,-0.222982,1.213000,0.002668,0.716214,0.661619,-0.193829,0.797221,0.620389,0.228394,0.773040,0.793010,-0.192522,1.275379,0.778367,0.167454,1.278152,0.808130,-0.226454,1.035479,0.695706,0.198822,1.018153,0.800347
514,17.145560,10,0.037885,-0.223741,1.213000,0.002650,0.715456,0.661660,-0.194892,0.796707,0.619428,0.228418,0.772111,0.793052,-0.192188,1.274713,0.778555,0.167792,1.277257,0.808298,-0.225935,1.035077,0.695057,0.198998,1.017241,0.800451
515,17.178930,10,0.037993,-0.224671,1.213000,0.002717,0.714524,0.661712,-0.195242,0.796137,0.618534,0.228535,0.770973,0.793107,-0.191699,1.273892,0.778780,0.168284,1.276161,0.808502,-0.225360,1.034531,0.694462,0.199297,1.016123,0.800577
516,17.212310,10,0.038196,-0.225635,1.213000,0.002879,0.713553,0.661767,-0.194808,0.795596,0.617863,0.228753,0.769766,0.793166,-0.191063,1.273040,0.779055,0.168924,1.274998,0.808751,-0.224762,1.033937,0.694023,0.199720,1.014937,0.800729
517,17.245680,10,0.038448,-0.226618,1.213000,0.003087,0.712562,0.661825,-0.193814,0.795052,0.617466,0.229022,0.768514,0.793232,-0.190360,1.272157,0.779411,0.169631,1.273789,0.809077,-0.224205,1.033285,0.693793,0.200202,1.013706,0.800921
518,17.279060,10,0.038724,-0.227509,1.213000,0.003324,0.711662,0.661878,-0.192622,0.794574,0.617277,0.229318,0.767337,0.793301,-0.189652,1.271334,0.779870,0.170343,1.272650,0.809499,-0.223704,1.032668,0.693759,0.200700,1.012548,0.801161
519,17.312430,10,0.039062,-0.228254,1.213000,0.003630,0.710903,0.661924,-0.191548,0.794183,0.617173,0.229678,0.766308,0.793368,-0.188944,1.270606,0.780429,0.171056,1.271646,0.810015,-0.223202,1.032135,0.693863,0.201231,1.011531,0.801446
520,17.345810,10,0.039381,-0.228877,1.213000,0.003921,0.710269,0.661964,-0.190924,0.793840,0.617038,0.271137,0.772707,0.811000,-0.188352,1.269951,0.781049,0.171652,1.270780,0.810586,-0.222772,1.031670,0.694023,0.211323,1.012077,0.822548
521,17.379180,26,0.039691,-0.229289,1.213000,0.004213,0.709845,0.661991,-0.190791,0.793632,0.616799,0.293224,0.780559,0.809910,-0.187878,1.269466,0.781659,0.172131,1.270159,0.811143,-0.222395,1.031372,0.694161,0.211833,1.012343,0.835610
522,17.412560,90,0.039995,-0.229544,1.213000,0.004506,0.709577,0.662010,-0.190999,0.793520,0.616455,0.306055,0.790047,0.791640,-0.187512,1.269113,0.782193,0.172502,1.269746,0.811623,-0.222067,1.031196,0.694229,0.211054,1.012395,0.842091
523,17.445940,90,0.040248,-0.229672,1.213000,0.004752,0.709439,0.662022,-0.191309,0.793505,0.616059,0.308938,0.800540,0.764893,-0.187275,1.268883,0.782614,0.172743,1.269513,0.811994,-0.221827,1.031127,0.694215,0.210321,1.012337,0.845053
524,17.479310,90,0.040374,-0.229686,1.213000,0.004878,0.709419,0.662025,-0.191457,0.793602,0.615703,0.298779,0.804865,0.745984,-0.187207,1.268775,0.782935,0.172814,1.269436,0.812273,-0.221732,1.031160,0.694148,0.209795,1.012299,0.846292
525,17.512690,122,0.040337,-0.229643,1.213000,0.004843,0.709464,0.662022,-0.191198,0.793774,0.615494,0.282410,0.805808,0.732595,-0.187314,1.268735,0.783213,0.172710,1.269433,0.812522,-0.221804,1.031239,0.694092,0.209438,1.012297,0.846815
526,17.546070,122,0.040168,-0.229622,1.213000,0.004675,0.709493,0.662018,-0.190349,0.793947,0.615537,0.262861,0.805199,0.723627,-0.187542,1.268675,0.783518,0.172483,1.269401,0.812810,-0.222005,1.031276,0.694131,0.209227,1.012271,0.847133
527,17.579440,122,0.039884,-0.229611,1.213000,0.004392,0.709515,0.662012,-0.188907,0.794128,0.615892,0.241524,0.803970,0.718635,-0.187870,1.268602,0.783882,0.172156,1.269339,0.813169,-0.222334,1.031266,0.694328,0.209096,1.012227,0.847423
528,17.612800,122,0.039492,-0.229705,1.213000,0.003996,0.709438,0.662010,-0.187045,0.794218,0.616559,0.219223,0.802373,0.717539,-0.188302,1.268423,0.784287,0.171723,1.269162,0.813574,-0.222831,1.031104,0.694713,0.208941,1.012069,0.847659
529,17.646160,122,0.039096,-0.229853,1.213000,0.003594,0.709307,0.662011,-0.184941,0.794259,0.617456,0.196838,0.800557,0.720378,-0.188755,1.268195,0.784656,0.171270,1.268947,0.813944,-0.223452,1.030833,0.695260,0.208758,1.011854,0.847737
530,17.679520,122,0.038748,-0.230026,1.213000,0.003239,0.709149,0.662014,-0.182865,0.794282,0.618419,0.182522,0.799239,0.724218,-0.189200,1.267954,0.784894,0.170825,1.268751,0.814183,-0.224196,1.030490,0.695886,0.208518,1.011638,0.847588
531,17.712870,122,0.038624,-0.230113,1.213000,0.003111,0.709068,0.662017,-0.180896,0.794402,0.619256,0.175214,0.798054,0.727544,-0.189469,1.267815,0.784937,0.170556,1.268702,0.814225,-0.224890,1.030210,0.696476,0.208363,1.011555,0.847242
532,17.746230,122,0.038712,-0.230057,1.213000,0.003202,0.709120,0.662015,-0.179189,0.794689,0.619803,0.171735,0.796599,0.731007,-0.189559,1.267837,0.784791,0.170466,1.268847,0.814080,-0.225487,1.030092,0.696913,0.208302,1.011671,0.846833
533,17.779590,122,0.039006,-0.229678,1.213000,0.003512,0.709485,0.662000,-0.177740,0.795327,0.619992,0.170597,0.794905,0.735232,-0.189414,1.268198,0.784534,0.170610,1.269325,0.813834,-0.225853,1.030360,0.697120,0.208416,1.012137,0.846537
534,17.812940,10,0.039453,-0.228939,1.213000,0.003990,0.710204,0.661968,-0.176470,0.796352,0.619889,0.170494,0.796140,0.734372,-0.188990,1.268941,0.784306,0.171031,1.270105,0.813636,-0.225861,1.031091,0.697104,0.208755,1.012916,0.846414
535,17.846300,10,0.039877,-0.227820,1.213000,0.004462,0.711303,0.661915,-0.175347,0.797779,0.619663,0.170877,0.797404,0.734032,-0.188342,1.270102,0.784245,0.171675,1.271141,0.813628,-0.225505,1.032330,0.696956,0.209358,1.013950,0.846444
536,17.879660,10,0.040138,-0.226360,1.213000,0.004787,0.712748,0.661841,-0.174290,0.799554,0.619540,0.171587,0.798716,0.734137,-0.187495,1.271669,0.784436,0.172516,1.272337,0.813898,-0.224784,1.034037,0.696820,0.210178,1.015146,0.846733
537,17.913020,10,0.040169,-0.224730,1.213000,0.004889,0.714372,0.661754,-0.173208,0.801487,0.619726,0.172545,0.799945,0.734612,-0.186462,1.273494,0.784890,0.173541,1.273509,0.814454,-0.223728,1.036018,0.696842,0.211192,1.016317,0.847299
538,17.946380,10,0.039935,-0.223065,1.213000,0.004727,0.716043,0.661660,-0.172055,0.803419,0.620345,0.173659,0.801011,0.735340,-0.185301,1.275452,0.785539,0.174691,1.274547,0.815220,-0.222431,1.038097,0.697107,0.212335,1.017355,0.848072
539,17.979730,10,0.039517,-0.221633,1.213000,0.004372,0.717490,0.661575,-0.170742,0.805067,0.621411,0.174873,0.801726,0.736181,-0.184054,1.277258,0.786277,0.175925,1.275248,0.816077,-0.220979,1.039955,0.697620,0.213564,1.018056,0.848934
540,18.013090,10,0.038959,-0.220466,1.213000,0.003865,0.718677,0.661502,-0.169235,0.806404,0.622825,0.176040,0.802153,0.736982,-0.182859,1.278843,0.786973,0.177101,1.275669,0.816886,-0.219555,1.041513,0.698296,0.214738,1.018477,0.849745
541,18.046450,10,0.038379,-0.219633,1.213000,0.003322,0.719533,0.661447,-0.167421,0.807395,0.624428,0.177075,0.802321,0.737628,-0.181800,1.280094,0.787527,0.178141,1.275833,0.817536,-0.218283,1.042668,0.699017,0.215777,1.018641,0.850397
542,18.079810,10,0.037890,-0.219117,1.213000,0.002855,0.720069,0.661410,-0.165200,0.808105,0.626039,0.177922,0.802313,0.738054,-0.180935,1.280981,0.787880,0.178988,1.275823,0.817967,-0.217256,1.043420,0.699666,0.216625,1.018631,0.850826
543,18.113160,10,0.037495,-0.218758,1.213000,0.002477,0.720443,0.661384,-0.162625,0.808747,0.627491,0.178500,0.802322,0.738249,-0.180344,1.281634,0.788018,0.179564,1.275831,0.818166,-0.216589,1.043931,0.700157,0.217202,1.018638,0.851024
544,18.146520,10,0.037147,-0.218529,1.213000,0.002139,0.720687,0.661365,-0.159895,0.809391,0.628656,0.178756,0.802369,0.738255,-0.180079,1.282078,0.787980,0.179818,1.275877,0.818176,-0.216353,1.044256,0.700452,0.217458,1.018684,0.851033
545,18.179880,10,0.036924,-0.218315,1.213000,0.001925,0.720910,0.661350,-0.157151,0.810145,0.629466,0.178849,0.802522,0.738142,-0.179981,1.282433,0.787829,0.179909,1.276030,0.818065,-0.216394,1.044539,0.700556,0.217550,1.018837,0.850920
546,18.213240,10,0.036762,-0.218107,1.213000,0.001773,0.721124,0.661336,-0.154652,0.810980,0.629933,0.178842,0.802731,0.737978,-0.179984,1.282737,0.787631,0.179902,1.276238,0.817903,-0.216627,1.044822,0.700511,0.217543,1.019046,0.850758
547,18.246600,10,0.036681,-0.217854,1.213000,0.001703,0.721381,0.661320,-0.152465,0.811891,0.630143,0.178887,0.802992,0.737818,-0.179935,1.283072,0.787436,0.179947,1.276499,0.817743,-0.216864,1.045183,0.700368,0.217588,1.019307,0.850597
548,18.279950,10,0.036640,-0.217577,1.213000,0.001674,0.721658,0.661305,-0.150562,0.812806,0.630234,0.179039,0.803245,0.737685,-0.179778,1.283444,0.787269,0.180098,1.276751,0.817612,-0.217005,1.045607,0.700182,0.217740,1.019559,0.850465
549,18.313310,10,0.036720,-0.217288,1.213000,0.001767,0.721943,0.661291,-0.148678,0.813694,0.630342,0.179405,0.803465,0.737588,-0.179406,1.283845,0.787137,0.180464,1.276971,0.817514,-0.216894,1.046072,0.699988,0.218106,1.019779,0.850368
550,18.346670,0,0.036910,-0.216994,1.213000,0.001969,0.722228,0.661278,-0.136568,0.823316,0.619914,0.179931,0.803662,0.737519,-0.178873,1.284256,0.787039,0.180990,1.277168,0.817445,-0.219848,1.044192,0.708131,0.218632,1.019976,0.850299
551,18.380030,0,0.037205,-0.216747,1.213000,0.002274,0.722462,0.661270,-0.139951,0.834454,0.600152,0.180512,0.803815,0.737480,-0.178287,1.284592,0.786979,0.181572,1.277322,0.817406,-0.222637,1.042944,0.715039,0.219213,1.020130,0.850260
552,18.413380,0,0.037603,-0.216524,1.213000,0.002681,0.722668,0.661265,-0.143506,0.840680,0.585665,0.181028,0.803987,0.737473,-0.177768,1.284836,0.786962,0.182087,1.277493,0.817399,-0.221143,1.043444,0.713583,0.219729,1.020301,0.850253
553,18.446740,0,0.038101,-0.216262,1.213000,0.003191,0.722908,0.661260,-0.149283,0.846954,0.571689,0.181378,0.804269,0.737501,-0.177421,1.285017,0.786992,0.182437,1.277776,0.817427,-0.219972,1.043968,0.712019,0.220079,1.020583,0.850281
554,18.480100,0,0.038651,-0.216031,1.213000,0.003750,0.723115,0.661257,-0.162978,0.855356,0.556801,0.181447,0.804615,0.737564,-0.177359,1.285045,0.787071,0.182507,1.278122,0.817489,-0.220712,1.043495,0.714200,0.220148,1.020930,0.850343
555,18.513460,0,0.039225,-0.215865,1.213000,0.004331,0.723256,0.661258,-0.183517,0.863657,0.544198,0.181198,0.804999,0.737651,-0.177620,1.284889,0.787184,0.182258,1.278505,0.817575,-0.222232,1.042698,0.717258,0.219899,1.021313,0.850430
556,18.546810,0,0.039763,-0.215833,1.213000,0.004869,0.723266,0.661266,-0.194732,0.866994,0.538434,0.180602,0.805347,0.737743,-0.178231,1.284498,0.787311,0.181662,1.278854,0.817664,-0.222854,1.042362,0.717206,0.219303,1.021663,0.850521
557,18.580170,0,0.040231,-0.215866,1.213000,0.005336,0.723212,0.661276,-0.200811,0.867918,0.534912,0.179703,0.805710,0.737811,-0.179146,1.283969,0.787421,0.180764,1.279218,0.817730,-0.223102,1.042237,0.715522,0.218404,1.022026,0.850588
558,18.613530,0,0.040666,-0.216083,1.213000,0.005760,0.722977,0.661296,-0.204640,0.866998,0.535158,0.178629,0.805942,0.737844,-0.180235,1.283221,0.787499,0.179691,1.279450,0.817761,-0.224482,1.041444,0.715931,0.217331,1.022258,0.850620
559,18.646890,0,0.041083,-0.216392,1.213000,0.006163,0.722652,0.661320,-0.206111,0.865635,0.534203,0.177514,0.806100,0.737828,-0.181362,1.282384,0.787528,0.178577,1.279608,0.817743,-0.224988,1.041037,0.714153,0.216217,1.022417,0.850603
560,18.680240,0,0.041441,-0.216696,1.213000,0.006508,0.722333,0.661342,-0.207461,0.864843,0.529777,0.176443,0.806245,0.737754,-0.182442,1.281598,0.787498,0.177506,1.279753,0.817669,-0.223866,1.041593,0.708646,0.215146,1.022561,0.850529
561,18.713600,0,0.041721,-0.217048,1.213000,0.006772,0.721970,0.661366,-0.208451,0.864385,0.526530,0.175502,0.806290,0.737631,-0.183389,1.280849,0.787412,0.176565,1.279799,0.817548,-0.223099,1.041783,0.704910,0.214205,1.022607,0.850407
562,18.746960,0,0.041910,-0.217274,1.213000,0.006952,0.721736,0.661382,-0.209353,0.863972,0.526077,0.174772,0.806384,0.737464,-0.184124,1.280338,0.787274,0.175834,1.279892,0.817383,-0.223551,1.041297,0.704566,0.213474,1.022700,0.850241
563,18.780320,0,0.041955,-0.217437,1.213000,0.006990,0.721572,0.661391,-0.210452,0.864206,0.526615,0.174231,0.806448,0.737280,-0.184667,1.280014,0.787111,0.175293,1.279956,0.817202,-0.224769,1.040499,0.706114,0.212933,1.022764,0.850058
564,18.813670,0,0.041928,-0.217469,1.213000,0.006961,0.721541,0.661393,-0.211460,0.864805,0.526569,0.173944,0.806544,0.737109,-0.184956,1.279930,0.786952,0.175005,1.280051,0.817033,-0.225428,1.040105,0.707065,0.212646,1.022859,0.849888
565,18.847030,0,0.041814,-0.217434,1.213000,0.006848,0.721580,0.661389,-0.212326,0.865038,0.528401,0.173839,0.806616,0.736980,-0.185063,1.279998,0.786831,0.174899,1.280123,0.816905,-0.226763,1.039487,0.709683,0.212540,1.022930,0.849759
566,18.880390,0,0.041707,-0.217317,1.213000,0.006747,0.721702,0.661381,-0.213144,0.865315,0.531453,0.173929,0.806698,0.736903,-0.184972,1.280200,0.786758,0.174989,1.280205,0.816829,-0.228563,1.038780,0.713596,0.212631,1.023013,0.849683
567,18.913740,0,0.041553,-0.217159,1.213000,0.006600,0.721867,0.661369,-0.213679,0.865491,0.534250,0.174086,0.806780,0.736863,-0.184816,1.280474,0.786718,0.175146,1.280287,0.816788,-0.229906,1.038339,0.716909,0.212787,1.023094,0.849643
568,18.947100,0,0.041377,-0.217029,1.213000,0.006429,0.722003,0.661359,-0.214586,0.865452,0.537227,0.174278,0.806814,0.736827,-0.184624,1.280741,0.786680,0.175337,1.280321,0.816753,-0.231129,1.037937,0.720200,0.212979,1.023128,0.849607
569,18.980460,0,0.041238,-0.216865,1.213000,0.006298,0.722173,0.661348,-0.215151,0.865434,0.539841,0.174550,0.806878,0.736759,-0.184351,1.281064,0.786605,0.175610,1.280384,0.816684,-0.232054,1.037734,0.722956,0.213251,1.023192,0.849538
570,19.013810,0,0.041069,-0.216682,1.213000,0.006137,0.722362,0.661335,-0.215641,0.865594,0.541772,0.174844,0.806958,0.736639,-0.184055,1.281435,0.786474,0.175903,1.280465,0.816565,-0.232614,1.037699,0.725064,0.213545,1.023273,0.849419
571,19.047170,0,0.040885,-0.216491,1.213000,0.005961,0.722561,0.661321,-0.216616,0.865825,0.543464,0.175199,0.807037,0.736473,-0.183697,1.281853,0.786289,0.176259,1.280544,0.816398,-0.232876,1.037711,0.727026,0.213900,1.023352,0.849252
572,19.080530,0,0.040692,-0.216296,1.213000,0.005778,0.722764,0.661308,-0.217657,0.866208,0.544973,0.175643,0.807099,0.736280,-0.183250,1.282314,0.786075,0.176702,1.280606,0.816204,-0.232929,1.037771,0.728921,0.214344,1.023414,0.849059
573,19.113890,0,0.040546,-0.216148,1.213000,0.005638,0.722918,0.661297,-0.217891,0.866270,0.546108,0.176221,0.807082,0.736091,-0.182669,1.282756,0.785863,0.177280,1.280589,0.816015,-0.232699,1.038000,0.729938,0.214921,1.023397,0.848870
574,19.147240,0,0.040373,-0.216124,1.213000,0.005466,0.722949,0.661293,-0.217229,0.866436,0.545958,0.176817,0.806918,0.735934,-0.182067,1.283085,0.785686,0.177876,1.280425,0.815857,-0.232052,1.038354,0.729611,0.215518,1.023233,0.848712
575,19.180600,0,0.040287,-0.216262,1.213000,0.005374,0.722815,0.661298,-0.216168,0.866424,0.545743,0.177480,0.806579,0.735834,-0.181399,1.283232,0.785573,0.178539,1.280087,0.815757,-0.231375,1.038582,0.729139,0.216181,1.022895,0.848613
576,19.213960,0,0.040343,-0.216531,1.213000,0.005419,0.722544,0.661314,-0.214664,0.865581,0.545950,0.178197,0.806110,0.735810,-0.180677,1.283196,0.785543,0.179256,1.279617,0.815734,-0.230722,1.038742,0.728327,0.216898,1.022425,0.848589
577,19.247310,0,0.040522,-0.216866,1.213000,0.005582,0.722203,0.661335,-0.213052,0.863929,0.546754,0.178897,0.805591,0.735869,-0.179973,1.283025,0.785603,0.179957,1.279098,0.815793,-0.230143,1.038840,0.727359,0.217598,1.021905,0.848648
578,19.280670,0,0.040811,-0.217233,1.213000,0.005855,0.721824,0.661360,-0.211911,0.862040,0.547836,0.179556,0.805060,0.736006,-0.179311,1.282749,0.785744,0.180616,1.278566,0.815931,-0.229536,1.038795,0.726584,0.218257,1.021374,0.848786
579,19.314030,0,0.041155,-0.217466,1.213000,0.006189,0.721577,0.661379,-0.211580,0.859636,0.550322,0.180094,0.804700,0.736096,-0.178713,1.282553,0.785924,0.181213,1.278192,0.816110,-0.229401,1.038702,0.726736,0.218822,1.020989,0.848917
580,19.347380,0,0.041478,-0.217533,1.213000,0.006508,0.721496,0.661388,-0.212144,0.857339,0.553551,0.180523,0.804533,0.736156,-0.178199,1.282502,0.786090,0.181724,1.278006,0.816281,-0.229644,1.038610,0.727731,0.219287,1.020788,0.849027
581,19.380740,0,0.041689,-0.217467,1.213000,0.006722,0.721554,0.661388,-0.212681,0.855670,0.556012,0.180803,0.804517,0.736188,-0.177803,1.282599,0.786182,0.182118,1.277978,0.816384,-0.229777,1.038680,0.728405,0.219616,1.020746,0.849094
582,19.414100,0,0.041694,-0.217333,1.213000,0.006734,0.721686,0.661381,-0.213356,0.854646,0.557521,0.180861,0.804589,0.736194,-0.177596,1.282801,0.786150,0.182321,1.278052,0.816370,-0.229783,1.038850,0.728701,0.219737,1.020810,0.849092
583,19.447450,0,0.041547,-0.217267,1.213000,0.006589,0.721759,0.661375,-0.213975,0.853970,0.558728,0.180752,0.804619,0.736177,-0.177548,1.282973,0.785984,0.182367,1.278104,0.816223,-0.230079,1.038968,0.729082,0.219695,1.020859,0.849018
584,19.480810,0,0.041274,-0.217333,1.213000,0.006313,0.721704,0.661374,-0.215038,0.853499,0.559742,0.180500,0.804557,0.736143,-0.177688,1.283024,0.785706,0.182224,1.278080,0.815960,-0.230577,1.038882,0.729729,0.219490,1.020842,0.848881
585,19.514170,0,0.040937,-0.217567,1.213000,0.005967,0.721486,0.661380,-0.216175,0.852666,0.561043,0.180158,0.804379,0.736100,-0.178019,1.282887,0.785367,0.181892,1.277951,0.815626,-0.231470,1.038635,0.730410,0.219152,1.020732,0.848705
586,19.547530,0,0.040668,-0.217933,1.213000,0.005683,0.721131,0.661396,-0.217353,0.852122,0.561839,0.179857,0.804116,0.736056,-0.178440,1.282565,0.785029,0.181474,1.277740,0.815277,-0.232309,1.038164,0.731157,0.218800,1.020552,0.848520
587,19.580880,0,0.040534,-0.218367,1.213000,0.005530,0.720705,0.661416,-0.218574,0.851862,0.562665,0.179669,0.803819,0.736015,-0.178862,1.282120,0.784739,0.181057,1.277489,0.814962,-0.233290,1.037499,0.732449,0.218514,1.020339,0.848351
588,19.614240,0,0.040567,-0.218733,1.213000,0.005547,0.720338,0.661437,-0.219862,0.851736,0.563357,0.179644,0.803591,0.735980,-0.179169,1.281698,0.784519,0.180756,1.277298,0.814707,-0.233922,1.036820,0.733799,0.218371,1.020186,0.848211
589,19.647600,0,0.040734,-0.218917,1.213000,0.005705,0.720148,0.661450,-0.221141,0.851700,0.563854,0.179768,0.803515,0.735947,-0.179288,1.281451,0.784374,0.180642,1.277248,0.814524,-0.234002,1.036309,0.734904,0.218394,1.020165,0.848106
590,19.680960,0,0.041017,-0.218908,1.213000,0.005988,0.720144,0.661454,-0.222077,0.851867,0.564340,0.180034,0.803572,0.735922,-0.179150,1.281417,0.784302,0.180784,1.277319,0.814419,-0.233771,1.036029,0.735954,0.218611,1.020253,0.848040
591,19.714310,0,0.041258,-0.218704,1.213000,0.006238,0.720337,0.661448,-0.223556,0.852242,0.564205,0.180291,0.803765,0.735902,-0.178884,1.281617,0.784289,0.181052,1.277514,0.814385,-0.232562,1.035910,0.736509,0.218877,1.020448,0.848012
592,19.747670,0,0.041429,-0.218452,1.213000,0.006420,0.720581,0.661437,-0.225202,0.853031,0.562821,0.180494,0.803961,0.735893,-0.178561,1.281898,0.784322,0.181375,1.277704,0.814410,-0.230548,1.035912,0.736112,0.219137,1.020627,0.848018
593,19.781030,0,0.041515,-0.218176,1.213000,0.006517,0.720853,0.661424,-0.226794,0.853921,0.561241,0.180618,0.804168,0.735892,-0.178284,1.282215,0.784375,0.181650,1.277901,0.814465,-0.228575,1.036022,0.735426,0.219329,1.020808,0.848042
594,19.814380,0,0.041507,-0.217988,1.213000,0.006518,0.721041,0.661413,-0.227260,0.854835,0.559564,0.180634,0.804313,0.735894,-0.178173,1.282427,0.784418,0.181759,1.278038,0.814517,-0.227449,1.036224,0.734498,0.219385,1.020933,0.848068
595,19.847740,0,0.041404,-0.217944,1.213000,0.006417,0.721089,0.661409,-0.227923,0.855003,0.558602,0.180524,0.804372,0.735896,-0.178319,1.282457,0.784429,0.181613,1.278094,0.814535,-0.226866,1.036287,0.733642,0.219258,1.020991,0.848078
596,19.881100,0,0.041352,-0.218072,1.213000,0.006359,0.720964,0.661415,-0.227952,0.854604,0.558086,0.180432,0.804324,0.735897,-0.178610,1.282264,0.784396,0.181324,1.278052,0.814502,-0.226968,1.036230,0.732772,0.219076,1.020967,0.848064
597,19.914460,0,0.041326,-0.218236,1.213000,0.006326,0.720801,0.661423,-0.228133,0.853760,0.558330,0.180342,0.804298,0.735886,-0.179040,1.281989,0.784317,0.180897,1.278039,0.814413,-0.227503,1.036055,0.732319,0.218834,1.020988,0.848016
598,19.947810,0,0.041413,-0.218418,1.213000,0.006405,0.720616,0.661435,-0.227921,0.852699,0.559297,0.180351,0.804284,0.735868,-0.179450,1.281668,0.784209,0.180493,1.278044,0.814285,-0.228562,1.035820,0.732417,0.218658,1.021033,0.847946
599,19.981170,0,0.041556,-0.218559,1.213000,0.006543,0.720469,0.661445,-0.228788,0.851110,0.560526,0.180420,0.804310,0.735844,-0.179801,1.281387,0.784092,0.180147,1.278089,0.814143,-0.228979,1.035569,0.732220,0.218543,1.021121,0.847865
600,20.014530,0,0.041728,-0.218630,1.213000,0.006711,0.720392,0.661452,-0.229312,0.849660,0.561359,0.180532,0.804376,0.735820,-0.180035,1.281200,0.783988,0.179917,1.278173,0.814013,-0.229197,1.035495,0.731563,0.218504,1.021241,0.847789
601,20.047890,0,0.041864,-0.218615,1.213000,0.006847,0.720401,0.661454,-0.229882,0.848463,0.562252,0.180633,0.804479,0.735798,-0.180158,1.281139,0.783914,0.179798,1.278288,0.813919,-0.229270,1.035501,0.731132,0.218509,1.021379,0.847732
602,20.081250,0,0.041832,-0.218507,1.213000,0.006820,0.720509,0.661447,-0.230270,0.847300,0.563401,0.180595,0.804619,0.735781,-0.180267,1.281228,0.783874,0.179690,1.278433,0.813868,-0.229497,1.035680,0.730782,0.218441,1.021533,0.847698
603,20.114600,0,0.041666,-0.218304,1.213000,0.006663,0.720719,0.661433,-0.230841,0.846458,0.564532,0.180453,0.804796,0.735770,-0.180319,1.281472,0.783863,0.179637,1.278609,0.813861,-0.229566,1.035955,0.730644,0.218339,1.021701,0.847689
604,20.147960,0,0.041283,-0.218102,1.213000,0.006289,0.720937,0.661416,-0.231280,0.846017,0.565148,0.180118,0.804922,0.735764,-0.180416,1.281776,0.783871,0.179537,1.278731,0.813884,-0.229582,1.036310,0.730343,0.218108,1.021801,0.847699
605,20.181320,0,0.040792,-0.217951,1.213000,0.005805,0.721108,0.661399,-0.232154,0.845934,0.565317,0.179691,0.804961,0.735764,-0.180496,1.282077,0.783880,0.179454,1.278764,0.813915,-0.229205,1.036577,0.730092,0.217834,1.021804,0.847715
606,20.214680,0,0.040296,-0.217976,1.213000,0.005308,0.721105,0.661391,-0.233342,0.845896,0.565281,0.179258,0.804815,0.735769,-0.180547,1.282221,0.783875,0.179398,1.278617,0.813932,-0.228566,1.036622,0.729917,0.217569,1.021625,0.847728
607,20.248030,0,0.039948,-0.218188,1.213000,0.004952,0.720908,0.661396,-0.234246,0.845849,0.565091,0.178952,0.804513,0.735775,-0.180555,1.282146,0.783849,0.179387,1.278318,0.813915,-0.227995,1.036450,0.729822,0.217396,1.021304,0.847724
608,20.281390,0,0.039924,-0.218644,1.213000,0.004908,0.720454,0.661421,-0.234898,0.845425,0.564897,0.178924,0.804042,0.735782,-0.180508,1.281736,0.783808,0.179434,1.277857,0.813861,-0.227477,1.035983,0.729629,0.217405,1.020842,0.847701
609,20.314750,0,0.040312,-0.219322,1.213000,0.005266,0.719761,0.661464,-0.235547,0.844783,0.564540,0.179242,0.803465,0.735788,-0.180462,1.280960,0.783759,0.179486,1.277296,0.813772,-0.226929,1.035141,0.729445,0.217610,1.020309,0.847660
610,20.348100,0,0.041156,-0.220161,1.213000,0.006073,0.718888,0.661524,-0.236012,0.843939,0.564663,0.179942,0.802862,0.735793,-0.180440,1.279851,0.783708,0.179518,1.276714,0.813653,-0.226761,1.033865,0.730031,0.218019,1.019791,0.847601
611,20.381460,0,0.042378,-0.220931,1.213000,0.007260,0.718069,0.661588,-0.236218,0.843041,0.564105,0.180960,0.802452,0.735788,-0.180471,1.278654,0.783639,0.179501,1.276326,0.813497,-0.226547,1.032656,0.729806,0.218581,1.019501,0.847517
612,20.414820,0,0.043789,-0.221515,1.213000,0.008644,0.717425,0.661644,-0.237033,0.842306,0.562256,0.182133,0.802307,0.735770,-0.180579,1.277542,0.783541,0.179406,1.276204,0.813308,-0.225740,1.031741,0.728060,0.219192,1.019498,0.847411
613,20.448180,0,0.045145,-0.221758,1.213000,0.009988,0.717126,0.661681,-0.238171,0.841881,0.559295,0.183256,0.802517,0.735737,-0.180761,1.276761,0.783410,0.179232,1.276433,0.813099,-0.224721,1.031481,0.724749,0.219738,1.019851,0.847290
614,20.481530,0,0.046272,-0.221579,1.213000,0.011122,0.717256,0.661692,-0.239106,0.841874,0.555794,0.184200,0.803077,0.735697,-0.180928,1.276478,0.783280,0.179069,1.277006,0.812918,-0.223713,1.032025,0.720444,0.220185,1.020530,0.847179
615,20.514890,0,0.047036,-0.220989,1.213000,0.011911,0.717812,0.661674,-0.239961,0.842448,0.552269,0.184858,0.803907,0.735665,-0.181000,1.276746,0.783219,0.178997,1.277834,0.812843,-0.222631,1.033279,0.715937,0.220511,1.021426,0.847126
616,20.548250,0,0.047368,-0.220145,1.213000,0.012279,0.718640,0.661634,-0.240403,0.843753,0.549315,0.185176,0.804805,0.735662,-0.180931,1.277440,0.783320,0.179063,1.278708,0.812971,-0.221575,1.034789,0.712578,0.220707,1.022311,0.847186
617,20.581610,0,0.047334,-0.219172,1.213000,0.012287,0.719612,0.661581,-0.240354,0.845515,0.547724,0.185216,0.805629,0.735705,-0.180652,1.278419,0.783664,0.179337,1.279475,0.813378,-0.220666,1.036111,0.711399,0.220842,1.023031,0.847403
618,20.614970,0,0.047117,-0.218286,1.213000,0.012109,0.720505,0.661529,-0.239467,0.847244,0.547326,0.185139,0.806185,0.735807,-0.180080,1.279423,0.784285,0.179903,1.279938,0.814091,-0.219902,1.037143,0.711824,0.221040,1.023392,0.847795
619,20.648320,0,0.046809,-0.217543,1.213000,0.011833,0.721260,0.661483,-0.238196,0.848558,0.547259,0.185010,0.806471,0.735960,-0.179290,1.280345,0.785140,0.180685,1.280098,0.815053,-0.218984,1.038229,0.712061,0.221306,1.023415,0.848329
620,20.681680,0,0.046654,-0.217022,1.213000,0.011702,0.721786,0.661453,-0.235666,0.849695,0.547632,0.185042,0.806473,0.736146,-0.178231,1.281052,0.786125,0.181733,1.279956,0.816149,-0.218144,1.038959,0.713089,0.221780,1.023120,0.848944
621,20.715040,0,0.046677,-0.216711,1.213000,0.011738,0.722095,0.661436,-0.232833,0.850589,0.547845,0.185233,0.806280,0.736339,-0.177062,1.281523,0.787097,0.182890,1.279619,0.817225,-0.217188,1.039525,0.713865,0.222389,1.022639,0.849552
622,20.748390,0,0.046989,-0.216605,1.213000,0.012054,0.722187,0.661436,-0.229169,0.850775,0.548074,0.185675,0.805953,0.736515,-0.175809,1.281743,0.787925,0.184131,1.279168,0.818143,-0.216169,1.039996,0.713996,0.223177,1.022070,0.850078
623,20.781750,0,0.047544,-0.216653,1.213000,0.012607,0.722117,0.661448,-0.224793,0.850830,0.548480,0.186316,0.805583,0.736657,-0.174587,1.281764,0.788522,0.185343,1.278708,0.818811,-0.215497,1.040113,0.714582,0.224063,1.021526,0.850467
624,20.815110,0,0.048222,-0.216676,1.213000,0.013283,0.722064,0.661462,-0.219775,0.850419,0.548915,0.187042,0.805354,0.736750,-0.173515,1.281769,0.788867,0.186408,1.278426,0.819208,-0.214956,1.040349,0.714466,0.224932,1.021195,0.850705
625,20.848470,0,0.049061,-0.216588,1.213000,0.014125,0.722116,0.661472,-0.215830,0.849643,0.550824,0.187903,0.805327,0.736803,-0.172507,1.281843,0.789023,0.187412,1.278376,0.819402,-0.215028,1.040317,0.715587,0.225850,1.021123,0.850826
626,20.881820,0,0.049881,-0.216344,1.213000,0.014954,0.722325,0.661473,-0.210760,0.848929,0.553426,0.188727,0.805522,0.736833,-0.171686,1.282029,0.789114,0.188231,1.278555,0.819519,-0.216091,1.040385,0.717195,0.226666,1.021297,0.850899
627,20.915180,0,0.050690,-0.215822,1.213000,0.015785,0.722811,0.661459,-0.206494,0.847800,0.556227,0.189532,0.806028,0.736859,-0.171009,1.282424,0.789274,0.188906,1.279034,0.819703,-0.216699,1.040871,0.717856,0.227407,1.021775,0.850999
628,20.948540,0,0.051445,-0.215061,1.213000,0.016573,0.723538,0.661432,-0.204240,0.846286,0.559500,0.190267,0.806800,0.736901,-0.170541,1.282960,0.789616,0.189374,1.279748,0.820068,-0.217058,1.041533,0.718303,0.228014,1.022489,0.851191
629,20.981900,0,0.052123,-0.214131,1.213000,0.017290,0.724438,0.661394,-0.202881,0.845323,0.562392,0.190900,0.807779,0.736968,-0.170355,1.283545,0.790172,0.189560,1.280635,0.820651,-0.217578,1.042220,0.718980,0.228437,1.023378,0.851497
630,21.015250,0,0.052761,-0.213115,1.213000,0.017972,0.725424,0.661350,-0.202439,0.844786,0.564588,0.191461,0.808898,0.737056,-0.170453,1.284093,0.790884,0.189463,1.281636,0.821392,-0.217993,1.042856,0.719605,0.228691,1.024391,0.851886
631,21.048610,0,0.053381,-0.212158,1.213000,0.018632,0.726353,0.661309,-0.203777,0.843825,0.566200,0.191965,0.810030,0.737150,-0.170804,1.284499,0.791623,0.189113,1.282642,0.822160,-0.217723,1.043420,0.719404,0.228799,1.025424,0.852291
632,21.081970,0,0.053940,-0.211329,1.213000,0.019227,0.727155,0.661275,-0.201725,0.844116,0.567750,0.192639,0.810410,0.737399,-0.169404,1.285361,0.792498,0.190487,1.282866,0.823296,-0.216417,1.044384,0.720003,0.229736,1.025528,0.852971
633,21.115330,0,0.054420,-0.210664,1.213000,0.019735,0.727798,0.661247,-0.198781,0.845356,0.569629,0.193247,0.810648,0.737585,-0.168006,1.286148,0.793132,0.191863,1.282988,0.824132,-0.216837,1.045042,0.722284,0.230650,1.025542,0.853475
634,21.148680,0,0.054760,-0.210182,1.213000,0.020096,0.728265,0.661227,-0.195447,0.846407,0.571549,0.193668,0.810865,0.737698,-0.167065,1.286744,0.793389,0.192786,1.283151,0.824550,-0.218175,1.045634,0.724181,0.231264,1.025641,0.853745
635,21.182040,0,0.054930,-0.209791,1.213000,0.020283,0.728648,0.661209,-0.191464,0.847152,0.572412,0.193875,0.811118,0.737774,-0.166533,1.287264,0.793277,0.193298,1.283403,0.824631,-0.218896,1.046360,0.724293,0.231569,1.025865,0.853843
636,21.215400,0,0.054965,-0.209396,1.213000,0.020335,0.729041,0.661188,-0.187715,0.848010,0.572054,0.193928,0.811421,0.737848,-0.166190,1.287840,0.792895,0.193615,1.283741,0.824517,-0.218831,1.047179,0.723274,0.231686,1.026188,0.853859
637,21.248760,112,0.054933,-0.208898,1.213000,0.020324,0.729538,0.661161,-0.185387,0.848902,0.571364,0.198780,0.799240,0.770062,-0.165842,1.288573,0.792376,0.193928,1.284179,0.824350,-0.218418,1.048062,0.722190,0.231620,1.027253,0.859172
638,21.282110,112,0.054916,-0.208249,1.213000,0.020336,0.730187,0.661126,-0.183452,0.849448,0.570558,0.201659,0.794844,0.786095,-0.165405,1.289475,0.791860,0.194323,1.284724,0.824259,-0.217268,1.049163,0.720472,0.231696,1.028102,0.861578
639,21.315470,112,0.054958,-0.207474,1.213000,0.020411,0.730957,0.661085,-0.182297,0.850372,0.568976,0.203179,0.793247,0.793866,-0.164945,1.290457,0.791463,0.194735,1.285354,0.824335,-0.215593,1.050285,0.718744,0.231834,1.028806,0.862423
640,21.348830,120,0.055229,-0.206637,1.213000,0.020718,0.731781,0.661044,-0.164744,0.858904,0.556664,0.203980,0.792720,0.797661,-0.164449,1.291379,0.791267,0.195183,1.286037,0.824623,-0.208347,1.051585,0.713115,0.231975,1.029411,0.862488
641,21.382190,122,0.055815,-0.205769,1.213000,0.021341,0.732623,0.661008,-0.155620,0.866626,0.546316,0.204402,0.792682,0.799672,-0.163957,1.292161,0.791301,0.195632,1.286779,0.825105,-0.202776,1.052666,0.709623,0.232055,1.030004,0.862302
642,21.415540,126,0.056607,-0.204884,1.213000,0.022171,0.733471,0.660974,-0.158080,0.873753,0.536618,0.204495,0.792987,0.800915,-0.163610,1.292784,0.791546,0.195949,1.287601,0.825708,-0.199800,1.053404,0.708341,0.231955,1.030671,0.862244
643,21.448900,126,0.057654,-0.204042,1.213000,0.023253,0.734267,0.660947,-0.166791,0.880085,0.528117,0.204427,0.793594,0.801711,-0.163291,1.293222,0.791963,0.196252,1.288443,0.826342,-0.197979,1.053931,0.707863,0.231832,1.031409,0.862557
644,21.482260,126,0.058777,-0.203271,1.213000,0.024409,0.734988,0.660925,-0.172985,0.883876,0.523594,0.204114,0.794527,0.801971,-0.163033,1.293511,0.792504,0.196512,1.289260,0.826932,-0.196664,1.054321,0.707691,0.231684,1.032194,0.863318
645,21.515620,126,0.059938,-0.202486,1.213000,0.025603,0.735722,0.660904,-0.175585,0.885932,0.521606,0.203593,0.795889,0.801443,-0.162696,1.293803,0.793131,0.196867,1.290095,0.827441,-0.195431,1.054718,0.707675,0.231650,1.033065,0.864446
646,21.548970,126,0.060919,-0.201693,1.213000,0.026617,0.736472,0.660878,-0.176349,0.887189,0.520799,0.202708,0.797648,0.799927,-0.162355,1.294158,0.793809,0.197237,1.290908,0.827866,-0.194281,1.055164,0.707794,0.231632,1.033953,0.865749
647,21.582330,126,0.061710,-0.200896,1.213000,0.027441,0.737232,0.660849,-0.176256,0.888142,0.520573,0.201527,0.799715,0.797443,-0.161945,1.294605,0.794503,0.197681,1.291669,0.828225,-0.193170,1.055673,0.708059,0.231675,1.034793,0.867000
648,21.615690,126,0.062255,-0.200048,1.213000,0.028023,0.738055,0.660813,-0.175986,0.889110,0.520600,0.200102,0.801991,0.794307,-0.161524,1.295210,0.795146,0.198135,1.292431,0.828518,-0.192211,1.056299,0.708452,0.231722,1.035610,0.868004
649,21.649050,126,0.062627,-0.199224,1.213000,0.028431,0.738862,0.660775,-0.175885,0.890129,0.520694,0.198625,0.804198,0.791107,-0.161095,1.295886,0.795679,0.198594,1.293144,0.828738,-0.191457,1.056955,0.708924,0.231799,1.036343,0.868677
650,21.682400,126,0.062864,-0.198412,1.213000,0.028702,0.739662,0.660736,-0.176157,0.891213,0.520757,0.197264,0.806106,0.788565,-0.160718,1.296622,0.796053,0.198993,1.293853,0.828867,-0.190987,1.057643,0.709398,0.231887,1.037049,0.869036
651,21.715760,126,0.063032,-0.197706,1.213000,0.028901,0.740359,0.660700,-0.176827,0.892195,0.520773,0.196207,0.807395,0.787352,-0.160417,1.297293,0.796266,0.199310,1.294493,0.828902,-0.190808,1.058263,0.709797,0.231994,1.037680,0.869188
652,21.749120,126,0.063216,-0.197103,1.213000,0.029111,0.740953,0.660671,-0.177778,0.892970,0.520778,0.195622,0.807918,0.787885,-0.160162,1.297873,0.796357,0.199576,1.295072,0.828863,-0.190834,1.058815,0.710064,0.232148,1.038259,0.869235
653,21.782480,126,0.063458,-0.196602,1.213000,0.029374,0.741443,0.660648,-0.178872,0.893438,0.520836,0.195553,0.807662,0.790196,-0.159930,1.298340,0.796384,0.199818,1.295583,0.828794,-0.190967,1.059301,0.710169,0.232326,1.038771,0.869225
654,21.815830,126,0.063829,-0.196201,1.213000,0.029762,0.741827,0.660633,-0.179926,0.893520,0.521015,0.195962,0.806763,0.793898,-0.159643,1.298682,0.796401,0.200111,1.296004,0.828753,-0.191050,1.059717,0.710115,0.232522,1.039170,0.869126
655,21.849190,14,0.064264,-0.195850,1.213000,0.030213,0.742158,0.660622,-0.180904,0.893227,0.521363,0.196707,0.807279,0.793224,-0.159354,1.298950,0.796423,0.200400,1.296373,0.828781,-0.191062,1.060104,0.709918,0.232922,1.039540,0.869070
656,21.882550,14,0.064832,-0.195475,1.213000,0.030796,0.742508,0.660612,-0.181641,0.892637,0.521885,0.197290,0.807739,0.792979,-0.158992,1.299222,0.796423,0.200753,1.296759,0.828886,-0.190865,1.060514,0.709598,0.233331,1.039926,0.869132
657,21.915910,14,0.065516,-0.195138,1.213000,0.031494,0.742816,0.660606,-0.182039,0.891748,0.522544,0.197799,0.808129,0.792958,-0.158579,1.299449,0.796349,0.201147,1.297111,0.829040,-0.190430,1.060863,0.709182,0.233752,1.040278,0.869266
658,21.949260,14,0.066308,-0.194869,1.213000,0.032297,0.743050,0.660606,-0.181937,0.890653,0.523248,0.198285,0.808453,0.793011,-0.158119,1.299617,0.796143,0.201575,1.297417,0.829181,-0.189725,1.061100,0.708697,0.234194,1.040585,0.869396
659,21.982620,14,0.067204,-0.194784,1.213000,0.033195,0.743096,0.660617,-0.181134,0.889401,0.523886,0.198808,0.808619,0.793021,-0.157586,1.299631,0.795769,0.202070,1.297573,0.829234,-0.188719,1.061104,0.708180,0.234695,1.040741,0.869444
660,22.015980,14,0.068202,-0.194942,1.213000,0.034185,0.742896,0.660643,-0.179459,0.888099,0.524368,0.199459,0.808571,0.792895,-0.156909,1.299461,0.795230,0.202706,1.297520,0.829130,-0.187387,1.060835,0.707680,0.235336,1.040688,0.869337
661,22.049340,14,0.069151,-0.195521,1.213000,0.035108,0.742278,0.660691,-0.177012,0.886686,0.524667,0.200190,0.808126,0.792570,-0.156153,1.298960,0.794555,0.203429,1.297073,0.828816,-0.185889,1.060153,0.707244,0.236060,1.040241,0.869021
662,22.082690,14,0.070026,-0.196511,1.213000,0.035939,0.741254,0.660760,-0.173936,0.885213,0.524804,0.201058,0.807285,0.791999,-0.155268,1.298159,0.793770,0.204293,1.296231,0.828251,-0.184304,1.059108,0.706895,0.236926,1.039399,0.868455
663,22.116050,14,0.070763,-0.197855,1.213000,0.036617,0.739881,0.660846,-0.170555,0.883712,0.524816,0.202018,0.806103,0.791167,-0.154306,1.297113,0.792892,0.205250,1.295049,0.827421,-0.182812,1.057777,0.706627,0.237884,1.038217,0.867626
664,22.149410,14,0.071381,-0.199428,1.213000,0.037167,0.738286,0.660942,-0.167184,0.882244,0.524725,0.203014,0.804721,0.790100,-0.153320,1.295919,0.791921,0.206243,1.293666,0.826355,-0.181555,1.056281,0.706407,0.238878,1.036834,0.866560
665,22.182760,14,0.071891,-0.201064,1.213000,0.037604,0.736633,0.661039,-0.164132,0.880889,0.524536,0.203919,0.803316,0.788880,-0.152431,1.294688,0.790866,0.207147,1.292261,0.825137,-0.180682,1.054752,0.706200,0.239782,1.035429,0.865341
666,22.216120,14,0.072295,-0.202532,1.213000,0.037945,0.735151,0.661126,-0.161616,0.879791,0.524257,0.204598,0.802123,0.787632,-0.151766,1.293594,0.789758,0.207824,1.291068,0.823890,-0.180285,1.053377,0.705981,0.240461,1.034236,0.864094
667,22.249480,14,0.072648,-0.203666,1.213000,0.038247,0.734004,0.661193,-0.159673,0.879041,0.523917,0.205016,0.801291,0.786499,-0.151350,1.292753,0.788657,0.208243,1.290236,0.822757,-0.180307,1.052286,0.705753,0.240879,1.033404,0.862961
668,22.282840,14,0.072974,-0.204433,1.213000,0.038540,0.733225,0.661240,-0.158234,0.878614,0.523578,0.205199,0.800822,0.785591,-0.151157,1.292181,0.787646,0.208428,1.289767,0.821848,-0.180617,1.051498,0.705551,0.241063,1.032935,0.862052
669,22.316190,14,0.073337,-0.204867,1.213000,0.038884,0.732777,0.661270,-0.157090,0.878441,0.523310,0.205289,0.800645,0.784949,-0.151047,1.291851,0.786800,0.208519,1.289589,0.821206,-0.180973,1.050983,0.705416,0.241153,1.032758,0.861410
670,22.349550,14,0.073718,-0.205033,1.213000,0.039258,0.732595,0.661286,-0.156062,0.878445,0.523169,0.205393,0.800667,0.784535,-0.150921,1.291731,0.786159,0.208624,1.289612,0.820792,-0.181188,1.050704,0.705376,0.241257,1.032780,0.860996
671,22.382910,14,0.074109,-0.205017,1.213000,0.039649,0.732595,0.661292,-0.154973,0.878545,0.523181,0.205625,0.800797,0.784255,-0.150673,1.291782,0.785722,0.208858,1.289742,0.820513,-0.181106,1.050612,0.705427,0.241491,1.032909,0.860717
672,22.416270,14,0.074505,-0.204908,1.213000,0.040049,0.732686,0.661293,-0.153699,0.878660,0.523326,0.206054,0.800952,0.784002,-0.150241,1.291946,0.785441,0.209286,1.289896,0.820260,-0.180647,1.050646,0.705531,0.241919,1.033064,0.860464
673,22.449620,14,0.074952,-0.204704,1.213000,0.040505,0.732871,0.661290,-0.152161,0.878805,0.523545,0.206718,0.801161,0.783690,-0.149586,1.292244,0.785231,0.209951,1.290106,0.819948,-0.179781,1.050817,0.705624,0.242584,1.033274,0.860152
674,22.482980,0,0.075426,-0.204502,1.213000,0.040987,0.733052,0.661287,-0.149104,0.871139,0.533660,0.207501,0.801364,0.783289,-0.148819,1.292572,0.785006,0.210734,1.290309,0.819546,-0.181293,1.050778,0.707434,0.243366,1.033477,0.859750
675,22.516340,0,0.075913,-0.204201,1.213000,0.041486,0.733332,0.661280,-0.137361,0.864198,0.542619,0.208262,0.801696,0.782819,-0.148074,1.293000,0.784701,0.211494,1.290641,0.819076,-0.179507,1.051471,0.705888,0.244127,1.033808,0.859281
676,22.549690,0,0.076357,-0.203851,1.213000,0.041944,0.733663,0.661269,-0.130702,0.860219,0.547960,0.208820,0.802125,0.782351,-0.147523,1.293446,0.784311,0.212052,1.291070,0.818608,-0.177841,1.052177,0.704273,0.244686,1.034238,0.858813
677,22.583050,0,0.076828,-0.203475,1.213000,0.042432,0.734017,0.661257,-0.126275,0.861348,0.547816,0.209186,0.802621,0.781967,-0.147154,1.293850,0.783888,0.212418,1.291566,0.818224,-0.177375,1.052604,0.703745,0.245051,1.034734,0.858429
678,22.616410,0,0.077364,-0.203038,1.213000,0.042986,0.734431,0.661243,-0.122902,0.861921,0.548214,0.209417,0.803198,0.781724,-0.146911,1.294239,0.783509,0.212650,1.292143,0.817981,-0.177083,1.053004,0.703314,0.245282,1.035311,0.858185
679,22.649770,0,0.077932,-0.202569,1.213000,0.043574,0.734874,0.661228,-0.120262,0.863484,0.547318,0.209572,0.803795,0.781631,-0.146740,1.294596,0.783239,0.212805,1.292740,0.817887,-0.176886,1.053367,0.703017,0.245438,1.035908,0.858092
680,22.683120,0,0.078566,-0.202184,1.213000,0.044224,0.735231,0.661218,-0.117964,0.864091,0.547491,0.209815,0.804265,0.781656,-0.146483,1.294846,0.783106,0.213048,1.293210,0.817913,-0.176617,1.053620,0.702870,0.245680,1.036377,0.858117
681,22.716480,0,0.079233,-0.201792,1.213000,0.044907,0.735594,0.661209,-0.115309,0.863934,0.548852,0.210250,0.804680,0.781725,-0.146039,1.295132,0.783077,0.213483,1.293625,0.817983,-0.176167,1.053907,0.702835,0.246115,1.036793,0.858187
682,22.749840,0,0.079917,-0.201446,1.213000,0.045605,0.735910,0.661202,-0.112776,0.863915,0.550009,0.210947,0.804983,0.781769,-0.145338,1.295445,0.783087,0.214180,1.293928,0.818026,-0.175463,1.054221,0.702842,0.246813,1.037096,0.858230
683,22.783200,0,0.080558,-0.201123,1.213000,0.046260,0.736205,0.661196,-0.110308,0.865060,0.549682,0.211861,0.805209,0.781730,-0.144424,1.295834,0.783056,0.215094,1.294153,0.817987,-0.174548,1.054610,0.702809,0.247727,1.037321,0.858192
684,22.816550,0,0.081129,-0.200662,1.213000,0.046850,0.736641,0.661181,-0.107967,0.867120,0.548312,0.212885,0.805551,0.781582,-0.143400,1.296445,0.782912,0.216117,1.294496,0.817839,-0.173523,1.055222,0.702664,0.248750,1.037664,0.858044
685,22.849910,10,0.081665,-0.200081,1.213000,0.047411,0.737197,0.661160,-0.110914,0.876045,0.537040,0.213878,0.806037,0.781345,-0.142402,1.297208,0.782630,0.217110,1.294982,0.817602,-0.171051,1.055439,0.703489,0.249743,1.038150,0.857806
686,22.883270,14,0.082282,-0.199240,1.213000,0.048064,0.738010,0.661125,-0.116288,0.881374,0.530021,0.214738,0.806857,0.781057,-0.141529,1.298173,0.782226,0.217970,1.295802,0.817314,-0.169667,1.056221,0.703465,0.250603,1.038970,0.857518
687,22.916630,14,0.083041,-0.198120,1.213000,0.048871,0.739095,0.661078,-0.119388,0.883723,0.527250,0.215306,0.808082,0.780770,-0.140945,1.299274,0.781763,0.218538,1.297027,0.817027,-0.169010,1.057286,0.703084,0.251171,1.040195,0.857231
688,22.949980,14,0.084021,-0.196760,1.213000,0.049908,0.740410,0.661022,-0.121344,0.884599,0.526497,0.215507,0.809704,0.780522,-0.140725,1.300394,0.781320,0.218741,1.298649,0.816778,-0.168853,1.058402,0.702677,0.251373,1.041817,0.856983
689,22.983340,14,0.085260,-0.195280,1.213000,0.051211,0.741834,0.660964,-0.122806,0.884781,0.526676,0.215339,0.811611,0.780320,-0.140881,1.301382,0.780972,0.218575,1.300556,0.816572,-0.169011,1.059354,0.702441,0.251206,1.043724,0.856779
690,23.016700,14,0.086680,-0.193740,1.213000,0.052696,0.743310,0.660906,-0.124008,0.884801,0.527162,0.214814,0.813721,0.780136,-0.141401,1.302200,0.780753,0.218053,1.302667,0.816380,-0.169355,1.060077,0.702451,0.250682,1.045835,0.856591
691,23.050060,14,0.088190,-0.192320,1.213000,0.054266,0.744662,0.660856,-0.124908,0.884888,0.527576,0.214040,0.815805,0.779930,-0.142180,1.302740,0.780662,0.217281,1.304752,0.816165,-0.169734,1.060461,0.702702,0.249909,1.047921,0.856381
692,23.083410,14,0.089695,-0.191210,1.213000,0.055818,0.745705,0.660823,-0.125395,0.885103,0.527715,0.213177,0.817606,0.779684,-0.143054,1.302914,0.780672,0.216419,1.306553,0.815913,-0.170006,1.060429,0.703142,0.249047,1.049722,0.856132
693,23.116770,14,0.090998,-0.190455,1.213000,0.057152,0.746403,0.660806,-0.125521,0.885485,0.527536,0.212284,0.819008,0.779408,-0.143962,1.302789,0.780735,0.215527,1.307955,0.815634,-0.170187,1.060072,0.703684,0.248154,1.051125,0.855855
694,23.150130,14,0.091949,-0.190128,1.213000,0.058116,0.746689,0.660805,-0.125405,0.885880,0.527137,0.211414,0.819880,0.779147,-0.144846,1.302385,0.780819,0.214655,1.308827,0.815378,-0.170326,1.059443,0.704231,0.247283,1.051996,0.855596
695,23.183490,14,0.092524,-0.190214,1.213000,0.058687,0.746579,0.660820,-0.125130,0.886091,0.526697,0.210665,0.820190,0.778959,-0.145605,1.301772,0.780904,0.213903,1.309136,0.815197,-0.170421,1.058647,0.704677,0.246533,1.052306,0.855411
696,23.216840,14,0.092812,-0.190507,1.213000,0.058962,0.746274,0.660841,-0.124693,0.886057,0.526401,0.210182,0.820124,0.778866,-0.146093,1.301175,0.780973,0.213419,1.309070,0.815111,-0.170395,1.057943,0.704924,0.246049,1.052239,0.855322
697,23.250200,14,0.092806,-0.190853,1.213000,0.058941,0.745929,0.660859,-0.124168,0.885703,0.526404,0.209959,0.819844,0.778845,-0.146320,1.300750,0.781010,0.213194,1.308789,0.815096,-0.170283,1.057502,0.704905,0.245826,1.051958,0.855304
698,23.283560,14,0.092653,-0.191077,1.213000,0.058778,0.745713,0.660869,-0.123457,0.885065,0.526795,0.210100,0.819551,0.778830,-0.146183,1.300652,0.780986,0.213334,1.308496,0.815084,-0.169977,1.057475,0.704601,0.245966,1.051664,0.855290
699,23.316920,14,0.092427,-0.191088,1.213000,0.058552,0.745711,0.660865,-0.122519,0.884213,0.527589,0.210591,0.819377,0.778733,-0.145700,1.300937,0.780865,0.213825,1.308322,0.814987,-0.169462,1.057896,0.704039,0.246457,1.051490,0.855193
700,23.350270,14,0.092213,-0.190794,1.213000,0.058351,0.746013,0.660845,-0.121313,0.883330,0.528710,0.210836,0.819461,0.778636,-0.144915,1.301652,0.780607,0.214621,1.308414,0.814728,-0.168743,1.058778,0.703273,0.246966,1.051559,0.855018
701,23.383630,14,0.092107,-0.190197,1.213000,0.058271,0.746613,0.660811,-0.119811,0.882583,0.530009,0.211066,0.819851,0.778512,-0.143910,1.302730,0.780194,0.215642,1.308821,0.814278,-0.167857,1.060022,0.702378,0.247577,1.051941,0.854735
702,23.416990,14,0.092003,-0.189449,1.213000,0.058200,0.747364,0.660769,-0.118208,0.882028,0.531297,0.211219,0.820444,0.778368,-0.142981,1.303952,0.779645,0.216586,1.309440,0.813676,-0.167066,1.061382,0.701441,0.248114,1.052547,0.854370
703,23.450340,14,0.091952,-0.188624,1.213000,0.058184,0.748189,0.660724,-0.116535,0.881769,0.532401,0.211349,0.821189,0.778227,-0.142243,1.305172,0.779019,0.217333,1.310215,0.813019,-0.166451,1.062697,0.700560,0.248541,1.053325,0.853981
704,23.483700,14,0.091926,-0.187862,1.213000,0.058192,0.748950,0.660682,-0.114876,0.881791,0.533214,0.211422,0.821950,0.778123,-0.141820,1.306202,0.778412,0.217757,1.311004,0.812436,-0.166104,1.063773,0.699834,0.248777,1.054133,0.853652
705,23.517060,14,0.091913,-0.187281,1.213000,0.058204,0.749531,0.660651,-0.113248,0.882011,0.533738,0.211426,0.822585,0.778079,-0.141734,1.306904,0.777929,0.217835,1.311663,0.812046,-0.166013,1.064477,0.699345,0.248800,1.054815,0.853453
706,23.550420,14,0.091906,-0.186891,1.213000,0.058214,0.749920,0.660629,-0.111610,0.882371,0.534051,0.211374,0.823049,0.778100,-0.141915,1.307279,0.777656,0.217639,1.312139,0.811923,-0.166072,1.064821,0.699125,0.248654,1.055312,0.853420
707,23.583770,14,0.091953,-0.186695,1.213000,0.058270,0.750113,0.660620,-0.109840,0.882761,0.534274,0.211339,0.823302,0.778172,-0.142199,1.307352,0.777635,0.217335,1.312390,0.812072,-0.166081,1.064853,0.699148,0.248464,1.055573,0.853545
708,23.617130,14,0.092077,-0.186698,1.213000,0.058393,0.750106,0.660622,-0.107856,0.883059,0.534504,0.211373,0.823325,0.778273,-0.142454,1.307163,0.777849,0.217064,1.312398,0.812431,-0.165886,1.064631,0.699332,0.248330,1.055578,0.853782
709,23.650490,14,0.092338,-0.186749,1.213000,0.058652,0.750043,0.660629,-0.105592,0.883308,0.534775,0.211562,0.823268,0.778369,-0.142550,1.306899,0.778209,0.216956,1.312320,0.812880,-0.165363,1.064348,0.699566,0.248364,1.055489,0.854054
710,23.683850,14,0.092669,-0.186774,1.213000,0.058981,0.750004,0.660637,-0.103203,0.883514,0.535066,0.211840,0.823237,0.778438,-0.142555,1.306661,0.778580,0.216946,1.312269,0.813280,-0.164621,1.064104,0.699745,0.248500,1.055429,0.854282
711,23.717200,14,0.093035,-0.186737,1.213000,0.059348,0.750025,0.660641,-0.100888,0.883672,0.535331,0.212162,0.823310,0.778468,-0.142550,1.306502,0.778820,0.216948,1.312331,0.813514,-0.163813,1.063932,0.699801,0.248672,1.055494,0.854408
712,23.750560,14,0.093417,-0.186619,1.213000,0.059735,0.750127,0.660641,-0.098850,0.883766,0.535542,0.212494,0.823537,0.778463,-0.142609,1.306442,0.778820,0.216885,1.312562,0.813504,-0.163105,1.063837,0.699706,0.248818,1.055751,0.854400
713,23.783920,14,0.093759,-0.186359,1.213000,0.060088,0.750372,0.660633,-0.097296,0.883822,0.535716,0.212767,0.823991,0.778427,-0.142819,1.306540,0.778534,0.216668,1.313037,0.813230,-0.162671,1.063868,0.699465,0.248856,1.056278,0.854252
714,23.817280,14,0.094029,-0.185980,1.213000,0.060375,0.750739,0.660618,-0.096322,0.883784,0.535929,0.212954,0.824638,0.778366,-0.143185,1.306779,0.777998,0.216289,1.313718,0.812736,-0.162588,1.064006,0.699125,0.248765,1.057033,0.853991
715,23.850630,14,0.094215,-0.185490,1.213000,0.060581,0.751220,0.660595,-0.095916,0.883627,0.536282,0.213049,0.825431,0.778290,-0.143662,1.307148,0.777313,0.215797,1.314554,0.812113,-0.162844,1.064255,0.698756,0.248571,1.057953,0.853660
716,23.883990,14,0.094357,-0.184995,1.213000,0.060745,0.751707,0.660570,-0.095928,0.883266,0.536852,0.213109,0.826223,0.778209,-0.144133,1.307545,0.776607,0.215311,1.315387,0.811467,-0.163316,1.064531,0.698426,0.248359,1.058871,0.853318
717,23.917350,14,0.094479,-0.184498,1.213000,0.060888,0.752198,0.660546,-0.096192,0.882758,0.537642,0.213163,0.826978,0.778131,-0.144526,1.307965,0.775975,0.214905,1.316177,0.810884,-0.163876,1.064846,0.698163,0.248185,1.059736,0.853005
718,23.950700,14,0.094689,-0.184049,1.213000,0.061118,0.752637,0.660525,-0.096456,0.882132,0.538568,0.213321,0.827629,0.778069,-0.144725,1.308348,0.775455,0.214695,1.316857,0.810409,-0.164329,1.065154,0.697942,0.248159,1.060476,0.852751
719,23.984060,14,0.094945,-0.183674,1.213000,0.061389,0.753000,0.660510,-0.096662,0.881443,0.539486,0.213522,0.828163,0.778035,-0.144816,1.308662,0.775025,0.214591,1.317414,0.810047,-0.164660,1.065431,0.697691,0.248203,1.061081,0.852568
720,24.017420,14,0.095322,-0.183387,1.213000,0.061779,0.753270,0.660501,-0.096671,0.880734,0.540253,0.213823,0.828584,0.778044,-0.144785,1.308879,0.774628,0.214604,1.317853,0.809787,-0.164768,1.065647,0.697332,0.248344,1.061563,0.852462
721,24.050780,14,0.095761,-0.183194,1.213000,0.062226,0.753445,0.660498,-0.096519,0.880037,0.540776,0.214144,0.828905,0.778111,-0.144749,1.308984,0.774218,0.214609,1.318190,0.809621,-0.164713,1.065778,0.696833,0.248473,1.061941,0.852442
722,24.084130,14,0.096231,-0.182997,1.213000,0.062703,0.753621,0.660496,-0.096218,0.879470,0.541036,0.214447,0.829230,0.778238,-0.144767,1.309064,0.773786,0.214548,1.318526,0.809561,-0.164528,1.065899,0.696219,0.248541,1.062316,0.852516
723,24.117490,14,0.096715,-0.182848,1.213000,0.063194,0.753748,0.660496,-0.095762,0.878992,0.541100,0.214721,0.829496,0.778429,-0.144848,1.309058,0.773391,0.214411,1.318798,0.809652,-0.164239,1.065941,0.695583,0.248538,1.062623,0.852705
724,24.150850,14,0.097208,-0.182624,1.213000,0.063695,0.753951,0.660493,-0.095117,0.878731,0.541074,0.214982,0.829807,0.778664,-0.144958,1.309085,0.773120,0.214237,1.319107,0.809929,-0.163850,1.066019,0.695032,0.248502,1.062955,0.853012
725,24.184200,14,0.097654,-0.182362,1.213000,0.064152,0.754193,0.660487,-0.094297,0.878655,0.541076,0.215207,0.830109,0.778916,-0.145095,1.309112,0.773075,0.214038,1.319393,0.810417,-0.163406,1.066103,0.694669,0.248437,1.063247,0.853426
726,24.217560,14,0.098027,-0.182081,1.213000,0.064537,0.754458,0.660478,-0.093299,0.878752,0.541188,0.215401,0.830369,0.779155,-0.145219,1.309132,0.773323,0.213863,1.319623,0.811097,-0.162918,1.066194,0.694559,0.248385,1.063461,0.853915
727,24.250920,14,0.098263,-0.181741,1.213000,0.064788,0.754788,0.660464,-0.092180,0.879078,0.541430,0.215529,0.830625,0.779342,-0.145326,1.309214,0.773857,0.213723,1.319837,0.811899,-0.162422,1.066355,0.694719,0.248344,1.063639,0.854419
728,24.284280,14,0.098432,-0.181420,1.213000,0.064970,0.755100,0.660450,-0.090894,0.879563,0.541771,0.215675,0.830801,0.779461,-0.145294,1.309312,0.774611,0.213747,1.319965,0.812725,-0.161827,1.066528,0.695123,0.248422,1.063714,0.854880
729,24.317630,14,0.098416,-0.181060,1.213000,0.064970,0.755460,0.660430,-0.089607,0.880271,0.542134,0.215722,0.830976,0.779499,-0.145198,1.309532,0.775446,0.213857,1.320093,0.813457,-0.161229,1.066800,0.695695,0.248518,1.063779,0.855237
730,24.350990,14,0.098308,-0.180730,1.213000,0.064877,0.755794,0.660410,-0.088312,0.881098,0.542434,0.215739,0.831098,0.779473,-0.144953,1.309830,0.776210,0.214130,1.320176,0.814007,-0.160557,1.067115,0.696325,0.248695,1.063796,0.855464
731,24.384350,14,0.098154,-0.180465,1.213000,0.064734,0.756065,0.660393,-0.087067,0.881959,0.542590,0.215738,0.831155,0.779412,-0.144566,1.310184,0.776756,0.214551,1.320208,0.814319,-0.159822,1.067441,0.696886,0.248935,1.063768,0.855558
732,24.417700,126,0.098027,-0.180233,1.213000,0.064618,0.756302,0.660379,-0.085903,0.882823,0.542539,0.219798,0.824219,0.802061,-0.144051,1.310610,0.776980,0.215093,1.320247,0.814386,-0.159039,1.067801,0.697258,0.248739,1.063663,0.855334
733,24.451060,126,0.098063,-0.180066,1.213000,0.064661,0.756466,0.660370,-0.084764,0.883604,0.542248,0.224555,0.821761,0.812518,-0.143381,1.311031,0.776866,0.215775,1.320275,0.814253,-0.158167,1.068135,0.697374,0.249162,1.063724,0.855615
734,24.484420,126,0.098332,-0.179933,1.213000,0.064935,0.756588,0.660368,-0.083615,0.884320,0.541712,0.228465,0.820822,0.817244,-0.142578,1.311432,0.776480,0.216574,1.320325,0.813994,-0.157195,1.068443,0.697239,0.249903,1.063844,0.855837
735,24.517770,126,0.098816,-0.179867,1.213000,0.065422,0.756634,0.660373,-0.082451,0.884961,0.540960,0.231521,0.820360,0.819460,-0.141706,1.311731,0.775959,0.217428,1.320353,0.813702,-0.156141,1.068662,0.696933,0.250768,1.063914,0.855794
736,24.551130,126,0.099458,-0.179783,1.213000,0.066067,0.756689,0.660380,-0.081265,0.885649,0.540036,0.233806,0.820078,0.820777,-0.140824,1.311979,0.775464,0.218289,1.320420,0.813453,-0.155010,1.068855,0.696564,0.251655,1.063975,0.855486
737,24.584490,126,0.100179,-0.179742,1.213000,0.066789,0.756700,0.660390,-0.080052,0.886358,0.539010,0.235391,0.819779,0.821933,-0.139973,1.312109,0.775135,0.219124,1.320445,0.813302,-0.153801,1.068962,0.696238,0.252508,1.063952,0.855030
738,24.617840,126,0.100840,-0.179721,1.213000,0.067449,0.756693,0.660401,-0.078870,0.887110,0.537960,0.236367,0.819456,0.823170,-0.139236,1.312152,0.775035,0.219856,1.320433,0.813254,-0.152578,1.069021,0.696009,0.253236,1.063872,0.854558
739,24.651200,126,0.101420,-0.179710,1.213000,0.068029,0.756679,0.660411,-0.077680,0.887864,0.536979,0.237018,0.819129,0.824490,-0.138581,1.312146,0.775142,0.220522,1.320393,0.813274,-0.151319,1.069059,0.695880,0.253859,1.063761,0.854170
740,24.684560,126,0.101860,-0.179705,1.213000,0.068469,0.756665,0.660418,-0.076515,0.888533,0.536175,0.237601,0.818824,0.825826,-0.138031,1.312129,0.775363,0.221093,1.320340,0.813298,-0.150091,1.069099,0.695819,0.254331,1.063650,0.853914
741,24.717920,126,0.102130,-0.179703,1.213000,0.068739,0.756656,0.660423,-0.075405,0.889013,0.535659,0.238334,0.818558,0.827128,-0.137607,1.312135,0.775573,0.221544,1.320294,0.813257,-0.148978,1.069151,0.695789,0.254621,1.063573,0.853804
742,24.751270,126,0.102265,-0.179701,1.213000,0.068874,0.756652,0.660425,-0.074337,0.889204,0.535532,0.239373,0.818352,0.828389,-0.137285,1.312181,0.775670,0.221894,1.320273,0.813105,-0.148024,1.069210,0.695757,0.254758,1.063555,0.853845
743,24.784630,126,0.102333,-0.179701,1.213000,0.068942,0.756650,0.660426,-0.073276,0.889048,0.535843,0.240761,0.818229,0.829619,-0.137023,1.312265,0.775598,0.222179,1.320287,0.812828,-0.147244,1.069269,0.695696,0.254811,1.063616,0.854048
744,24.817990,126,0.102316,-0.179750,1.213000,0.068923,0.756601,0.660429,-0.072271,0.888510,0.536560,0.242329,0.818167,0.830807,-0.136875,1.312328,0.775359,0.222344,1.320294,0.812440,-0.146715,1.069278,0.695573,0.254780,1.063721,0.854419
745,24.851340,126,0.102208,-0.179825,1.213000,0.068812,0.756531,0.660431,-0.071360,0.887712,0.537529,0.243835,0.818218,0.831878,-0.136884,1.312374,0.774984,0.222346,1.320323,0.811961,-0.146458,1.069270,0.695330,0.254672,1.063900,0.854936
746,24.884700,126,0.102054,-0.179813,1.213000,0.068659,0.756550,0.660427,-0.070519,0.886935,0.538478,0.245070,0.818501,0.832675,-0.137034,1.312490,0.774513,0.222203,1.320485,0.811411,-0.146388,1.069365,0.694899,0.254531,1.064259,0.855534
747,24.918060,126,0.101827,-0.179706,1.213000,0.068436,0.756665,0.660417,-0.069788,0.886393,0.539080,0.245776,0.819012,0.832992,-0.137379,1.312665,0.773996,0.221863,1.320789,0.810820,-0.146453,1.069581,0.694221,0.254293,1.064779,0.856115
748,24.951420,126,0.101614,-0.179403,1.213000,0.068236,0.756977,0.660397,-0.069068,0.886370,0.539046,0.245886,0.819815,0.832642,-0.137830,1.312985,0.773474,0.221414,1.321320,0.810227,-0.146457,1.070027,0.693270,0.253998,1.065519,0.856575
749,24.984770,126,0.101407,-0.178752,1.213000,0.068058,0.757636,0.660359,-0.068318,0.887120,0.538246,0.245348,0.821008,0.831543,-0.138359,1.313604,0.772993,0.220885,1.322206,0.809688,-0.146304,1.070861,0.692070,0.253603,1.066570,0.856844
750,25.018130,126,0.101303,-0.177676,1.213000,0.068002,0.758713,0.660299,-0.067371,0.888702,0.536798,0.244348,0.822596,0.829812,-0.138794,1.314607,0.772604,0.220446,1.323480,0.809279,-0.145825,1.072157,0.690725,0.253222,1.067943,0.856929
751,25.051490,126,0.101302,-0.176088,1.213000,0.068069,0.760298,0.660213,-0.066134,0.891086,0.535032,0.243122,0.824599,0.827783,-0.139021,1.316116,0.772350,0.220209,1.325180,0.809064,-0.144989,1.074004,0.689391,0.252948,1.069677,0.856924
752,25.084840,126,0.101451,-0.173994,1.213000,0.068309,0.762380,0.660102,-0.064473,0.894079,0.533390,0.242077,0.826942,0.825963,-0.138864,1.318164,0.772255,0.220353,1.327254,0.809083,-0.143756,1.076389,0.688249,0.252988,1.071744,0.856977
753,25.118200,126,0.101875,-0.171497,1.213000,0.068841,0.764853,0.659975,-0.062204,0.897379,0.532293,0.241729,0.829458,0.824911,-0.138096,1.320687,0.772314,0.221108,1.329568,0.809331,-0.142035,1.079194,0.687453,0.253629,1.074045,0.857233
754,25.151560,126,0.102538,-0.168799,1.213000,0.069620,0.767517,0.659841,-0.059378,0.900629,0.532006,0.242339,0.831911,0.825059,-0.136725,1.323511,0.772482,0.222464,1.331929,0.809750,-0.139934,1.082197,0.687080,0.254921,1.076416,0.857744
755,25.184920,126,0.103419,-0.166049,1.213000,0.070620,0.770222,0.659708,-0.056126,0.903598,0.532558,0.243988,0.834160,0.826553,-0.134838,1.326479,0.772671,0.224335,1.334233,0.810238,-0.137569,1.085216,0.687110,0.256806,1.078759,0.858433
756,25.218270,126,0.104459,-0.163575,1.213000,0.071767,0.772646,0.659593,-0.052743,0.905993,0.533736,0.246443,0.835960,0.829175,-0.132667,1.329234,0.772784,0.226486,1.336232,0.810686,-0.135138,1.087885,0.687458,0.259038,1.080814,0.859123
757,25.251630,14,0.105580,-0.161537,1.213000,0.072974,0.774631,0.659503,-0.049613,0.907786,0.535122,0.248770,0.837564,0.829170,-0.130508,1.331562,0.772724,0.228620,1.337855,0.810990,-0.132872,1.090002,0.687992,0.261171,1.082408,0.859274
758,25.284990,14,0.106640,-0.160069,1.213000,0.074097,0.776051,0.659443,-0.047141,0.909039,0.536255,0.250657,0.838746,0.829111,-0.128685,1.333283,0.772433,0.230410,1.339048,0.811088,-0.131035,1.091415,0.688586,0.262961,1.083587,0.859293
759,25.318350,14,0.107520,-0.159084,1.213000,0.075019,0.776996,0.659405,-0.045559,0.910001,0.536808,0.251946,0.839621,0.828908,-0.127407,1.334455,0.771914,0.231650,1.339927,0.810964,-0.129803,1.092220,0.689135,0.264201,1.084458,0.859130
760,25.351700,14,0.108160,-0.158542,1.213000,0.075682,0.777509,0.659387,-0.044845,0.910784,0.536724,0.252638,0.840205,0.828572,-0.126699,1.335116,0.771245,0.232318,1.340514,0.810668,-0.129200,1.092501,0.689586,0.264869,1.085042,0.858815
761,25.385060,14,0.108530,-0.158271,1.213000,0.076063,0.777764,0.659379,-0.044788,0.911514,0.536177,0.252853,0.840610,0.828165,-0.126461,1.335457,0.770545,0.232521,1.340920,0.810282,-0.129130,1.092502,0.689910,0.265072,1.085445,0.858418
762,25.418420,14,0.108765,-0.158136,1.213000,0.076304,0.777889,0.659376,-0.044968,0.912203,0.535455,0.252898,0.840894,0.827763,-0.126397,1.335637,0.769944,0.232560,1.341205,0.809890,-0.129290,1.092426,0.690094,0.265111,1.085729,0.858020
763,25.451770,14,0.108933,-0.158068,1.213000,0.076474,0.777950,0.659375,-0.045076,0.912772,0.534821,0.252972,0.841074,0.827412,-0.126316,1.335747,0.769525,0.232631,1.341385,0.809544,-0.129454,1.092389,0.690135,0.265182,1.085909,0.857672
764,25.485130,14,0.109116,-0.158034,1.213000,0.076659,0.777976,0.659377,-0.044902,0.913137,0.534433,0.253206,0.841167,0.827110,-0.126092,1.335833,0.769297,0.232864,1.341478,0.809244,-0.129435,1.092438,0.690026,0.265415,1.086002,0.857371
765,25.518490,14,0.109408,-0.157967,1.213000,0.076954,0.778030,0.659378,-0.044347,0.913293,0.534324,0.253652,0.841260,0.826805,-0.125667,1.335957,0.769184,0.233309,1.341572,0.808940,-0.129118,1.092611,0.689768,0.265860,1.086095,0.857067
766,25.551850,14,0.109754,-0.157934,1.213000,0.077301,0.778049,0.659383,-0.043537,0.913177,0.534441,0.254164,0.841333,0.826432,-0.125185,1.336049,0.769067,0.233821,1.341645,0.808568,-0.128599,1.092790,0.689385,0.266371,1.086168,0.856694
767,25.585210,14,0.110077,-0.157867,1.213000,0.077626,0.778102,0.659385,-0.042619,0.912916,0.534698,0.254585,0.841491,0.825937,-0.124791,1.336174,0.768824,0.234241,1.341803,0.808073,-0.128026,1.092985,0.688922,0.266792,1.086326,0.856199
768,25.618560,14,0.110289,-0.157783,1.213000,0.077841,0.778176,0.659384,-0.041709,0.912588,0.535053,0.254812,0.841723,0.825320,-0.124583,1.336331,0.768392,0.234469,1.342035,0.807457,-0.127546,1.093147,0.688462,0.267020,1.086558,0.855583
769,25.651920,14,0.110244,-0.157642,1.213000,0.077803,0.778319,0.659376,-0.040899,0.912325,0.535540,0.254786,0.842039,0.824643,-0.124616,1.336591,0.767789,0.234442,1.342350,0.806780,-0.127311,1.093322,0.688109,0.266993,1.086874,0.854906
770,25.685280,14,0.109872,-0.157371,1.213000,0.077443,0.778605,0.659354,-0.040157,0.912264,0.536271,0.254606,0.842434,0.824013,-0.124794,1.337071,0.767109,0.234261,1.342746,0.806149,-0.127342,1.093626,0.687963,0.266812,1.087269,0.854275
771,25.718630,14,0.109236,-0.156935,1.213000,0.076827,0.779067,0.659320,-0.039298,0.912459,0.537389,0.254533,0.842854,0.823557,-0.124856,1.337843,0.766500,0.234187,1.343166,0.805692,-0.127479,1.094158,0.688099,0.266739,1.087689,0.853819
772,25.751990,14,0.108418,-0.156218,1.213000,0.076041,0.779817,0.659266,-0.038144,0.913026,0.538986,0.254812,0.843342,0.823371,-0.124561,1.339051,0.766088,0.234468,1.343653,0.805503,-0.127528,1.095101,0.688529,0.267019,1.088177,0.853631
773,25.785350,14,0.107509,-0.155159,1.213000,0.075179,0.780912,0.659193,-0.036563,0.914030,0.541031,0.255597,0.843923,0.823488,-0.123758,1.340754,0.765945,0.235255,1.344234,0.805613,-0.127314,1.096556,0.689196,0.267805,1.088758,0.853745
774,25.818710,14,0.106555,-0.153829,1.213000,0.074283,0.782279,0.659104,-0.034534,0.915449,0.543334,0.256874,0.844548,0.823863,-0.122459,1.342858,0.766059,0.236537,1.344859,0.805980,-0.126754,1.098459,0.689985,0.269084,1.089384,0.854116
775,25.852060,14,0.105577,-0.152265,1.213000,0.073375,0.783882,0.659003,-0.032118,0.917345,0.545538,0.258514,0.845249,0.824373,-0.120792,1.345287,0.766328,0.238184,1.345561,0.806481,-0.125837,1.100755,0.690732,0.270728,1.090086,0.854621
776,25.885420,14,0.104389,-0.150682,1.213000,0.072256,0.785511,0.658896,-0.029635,0.919640,0.547203,0.260126,0.845917,0.824850,-0.119151,1.347790,0.766600,0.239800,1.346228,0.806951,-0.124815,1.103192,0.691262,0.272342,1.090753,0.855096
777,25.918780,14,0.102944,-0.149191,1.213000,0.070878,0.787060,0.658790,-0.027292,0.922333,0.547935,0.261472,0.846545,0.825124,-0.117775,1.350228,0.766711,0.241146,1.346856,0.807222,-0.123826,1.105622,0.691429,0.273687,1.091382,0.855368
778,25.952140,14,0.101072,-0.148046,1.213000,0.069057,0.788282,0.658695,-0.025466,0.925197,0.547543,0.262219,0.846967,0.825081,-0.116999,1.352326,0.766552,0.241889,1.347278,0.807180,-0.123173,1.107751,0.691180,0.274432,1.091804,0.855325
779,25.985490,14,0.098836,-0.147323,1.213000,0.066855,0.789098,0.658616,-0.024307,0.928040,0.546128,0.262337,0.847145,0.824688,-0.116855,1.353983,0.766093,0.242001,1.347456,0.806792,-0.122939,1.109448,0.690582,0.274548,1.091982,0.854935
780,26.018850,14,0.096418,-0.147061,1.213000,0.064451,0.789462,0.658559,-0.023834,0.930585,0.544082,0.261980,0.847029,0.824008,-0.117190,1.355137,0.765391,0.241638,1.347339,0.806116,-0.123088,1.110614,0.689829,0.274188,1.091865,0.854257
781,26.052210,14,0.093959,-0.147181,1.213000,0.061989,0.789447,0.658522,-0.024047,0.932613,0.541956,0.261321,0.846652,0.823159,-0.117828,1.355856,0.764551,0.240974,1.346963,0.805273,-0.123601,1.111271,0.689178,0.273527,1.091489,0.853411
782,26.085560,14,0.091780,-0.147490,1.213000,0.059799,0.789231,0.658500,-0.024677,0.934022,0.540297,0.260753,0.846137,0.822281,-0.118375,1.356316,0.763687,0.240403,1.346448,0.804399,-0.124236,1.111567,0.688856,0.272957,1.090973,0.852534
783,26.118920,14,0.089990,-0.147795,1.213000,0.057998,0.789003,0.658485,-0.025558,0.934814,0.539486,0.260470,0.845618,0.821485,-0.118629,1.356718,0.762880,0.240120,1.345929,0.803607,-0.124899,1.111696,0.688979,0.272675,1.090454,0.851740
784,26.152280,14,0.088695,-0.147948,1.213000,0.056698,0.788906,0.658470,-0.026427,0.935074,0.539661,0.260647,0.845199,0.820842,-0.118416,1.357216,0.762173,0.240298,1.345510,0.802965,-0.125427,1.111844,0.689513,0.272852,1.090035,0.851098
785,26.185640,14,0.087897,-0.147874,1.213000,0.055904,0.789014,0.658452,-0.027038,0.934950,0.540710,0.261319,0.844938,0.820371,-0.117696,1.357894,0.761570,0.240971,1.345249,0.802494,-0.125690,1.112149,0.690284,0.273524,1.089774,0.850627
786,26.218990,14,0.087549,-0.147537,1.213000,0.055571,0.789365,0.658427,-0.027151,0.934658,0.542334,0.262438,0.844880,0.820050,-0.116518,1.358794,0.761050,0.242091,1.345191,0.802173,-0.125556,1.112717,0.691046,0.274644,1.089715,0.850306
787,26.252350,14,0.087524,-0.147069,1.213000,0.055567,0.789833,0.658402,-0.026627,0.934305,0.544155,0.263856,0.844916,0.819838,-0.115033,1.359786,0.760599,0.243511,1.345227,0.801961,-0.124968,1.113466,0.691580,0.276062,1.089752,0.850094
788,26.285710,14,0.087762,-0.146534,1.213000,0.055827,0.790356,0.658377,-0.025349,0.934058,0.545832,0.265487,0.845007,0.819680,-0.113335,1.360803,0.760207,0.245143,1.345319,0.801804,-0.123853,1.114345,0.691768,0.277694,1.089843,0.849936
789,26.319070,14,0.088231,-0.146067,1.213000,0.056316,0.790802,0.658360,-0.023294,0.933969,0.547153,0.267287,0.845037,0.819533,-0.111475,1.361708,0.759888,0.246944,1.345349,0.801658,-0.122190,1.115205,0.691643,0.279494,1.089873,0.849789
790,26.352420,14,0.088816,-0.145684,1.213000,0.056916,0.791160,0.658350,-0.020635,0.934131,0.548064,0.269150,0.845002,0.819356,-0.109566,1.362489,0.759648,0.248808,1.345314,0.801482,-0.120126,1.115993,0.691353,0.281358,1.089838,0.849613
791,26.385780,14,0.089458,-0.145392,1.213000,0.057571,0.791424,0.658345,-0.017583,0.934550,0.548643,0.271040,0.844895,0.819121,-0.107646,1.363148,0.759484,0.250697,1.345207,0.801249,-0.117819,1.116663,0.691091,0.283248,1.089731,0.849379
792,26.419140,14,0.090029,-0.145046,1.213000,0.058156,0.791744,0.658337,-0.014478,0.935304,0.549020,0.272849,0.844866,0.818809,-0.105822,1.363846,0.759363,0.252507,1.345178,0.800938,-0.115530,1.117334,0.690998,0.285057,1.089701,0.849068
793,26.452490,14,0.090464,-0.144673,1.213000,0.058608,0.792098,0.658324,-0.011615,0.936253,0.549308,0.274509,0.844889,0.818423,-0.104156,1.364566,0.759237,0.254166,1.345201,0.800554,-0.113465,1.117972,0.691113,0.286716,1.089725,0.848683
794,26.485850,14,0.090732,-0.144237,1.213000,0.058894,0.792522,0.658306,-0.009219,0.937307,0.549543,0.275955,0.845010,0.817983,-0.102703,1.365349,0.759054,0.255612,1.345322,0.800114,-0.111766,1.118629,0.691354,0.288162,1.089846,0.848243
795,26.519210,14,0.090816,-0.143768,1.213000,0.058998,0.792985,0.658282,-0.007417,0.938336,0.549695,0.277113,0.845210,0.817522,-0.101532,1.366157,0.758777,0.256769,1.345521,0.799654,-0.110513,1.119301,0.691564,0.289320,1.090045,0.847782
796,26.552560,14,0.090708,-0.143284,1.213000,0.058911,0.793473,0.658254,-0.006221,0.939276,0.549688,0.277912,0.845486,0.817075,-0.100710,1.366960,0.758398,0.257568,1.345798,0.799208,-0.109717,1.119999,0.691575,0.290119,1.090321,0.847336
797,26.585920,14,0.090554,-0.142842,1.213000,0.058777,0.793920,0.658227,-0.005404,0.940068,0.549460,0.278453,0.845786,0.816671,-0.100139,1.367678,0.757941,0.258108,1.346098,0.798804,-0.109192,1.120675,0.691280,0.290659,1.090622,0.846932
798,26.619280,14,0.090477,-0.142471,1.213000,0.058716,0.794294,0.658206,-0.004708,0.940712,0.548991,0.278845,0.846083,0.816309,-0.099713,1.368269,0.757443,0.258500,1.346394,0.798443,-0.108742,1.121299,0.690657,0.291052,1.090918,0.846570
799,26.652640,14,0.090539,-0.142286,1.213000,0.058785,0.794476,0.658197,-0.003940,0.941136,0.548320,0.279170,0.846260,0.815955,-0.099360,1.368616,0.756932,0.258825,1.346572,0.798091,-0.108239,1.121745,0.689763,0.291377,1.091095,0.846217
800,26.685990,14,0.090769,-0.142243,1.213000,0.059018,0.794509,0.658199,-0.002971,0.941406,0.547515,0.279513,0.846362,0.815524,-0.098999,1.368780,0.756378,0.259168,1.346674,0.797660,-0.107591,1.122040,0.688689,0.291719,1.091197,0.845786
801,26.719350,14,0.091235,-0.142371,1.213000,0.059477,0.794361,0.658214,-0.001689,0.941496,0.546666,0.280010,0.846358,0.814912,-0.098495,1.368762,0.755701,0.259665,1.346670,0.797049,-0.106698,1.122139,0.687540,0.292216,1.091193,0.845174
802,26.752710,14,0.091767,-0.142736,1.213000,0.059993,0.793975,0.658243,-0.000260,0.941329,0.545861,0.280561,0.846197,0.814552,-0.097922,1.368549,0.754798,0.260238,1.346491,0.796168,-0.105700,1.121976,0.686408,0.292782,1.091063,0.844558
803,26.786070,14,0.092284,-0.143268,1.213000,0.060486,0.793422,0.658281,0.001219,0.940944,0.545191,0.281090,0.845914,0.814317,-0.097248,1.368254,0.753587,0.260907,1.346177,0.794987,-0.104650,1.121619,0.685377,0.293382,1.090832,0.843858
804,26.819420,14,0.092592,-0.143984,1.213000,0.060763,0.792695,0.658325,0.002532,0.940288,0.544768,0.281393,0.845443,0.814170,-0.096570,1.367892,0.752075,0.261564,1.345670,0.793573,-0.103713,1.121065,0.684539,0.293855,1.090427,0.843093
805,26.852780,14,0.092596,-0.144842,1.213000,0.060729,0.791839,0.658371,0.003560,0.939360,0.544715,0.281367,0.844769,0.814111,-0.095930,1.367501,0.750377,0.262161,1.344959,0.792080,-0.102970,1.120363,0.683975,0.294119,1.089819,0.842340
806,26.886140,14,0.092298,-0.145721,1.213000,0.060394,0.790974,0.658414,0.004276,0.938241,0.545131,0.281014,0.843965,0.814141,-0.095346,1.367161,0.748687,0.262677,1.344125,0.790706,-0.102439,1.119640,0.683732,0.294165,1.089071,0.841697
807,26.919490,14,0.091749,-0.146461,1.213000,0.059813,0.790260,0.658444,0.004684,0.937066,0.546031,0.280393,0.843182,0.814243,-0.094871,1.366964,0.747213,0.263066,1.343321,0.789621,-0.102129,1.119053,0.683784,0.294003,1.088325,0.841238
808,26.952850,14,0.091124,-0.146980,1.213000,0.059167,0.789768,0.658461,0.004899,0.935923,0.547313,0.279690,0.842532,0.814390,-0.094505,1.366916,0.746099,0.263343,1.342661,0.788911,-0.101964,1.118669,0.684018,0.293740,1.087694,0.840988
809,26.986210,14,0.090512,-0.147140,1.213000,0.058548,0.789635,0.658459,0.004951,0.935002,0.548748,0.279005,0.842233,0.814536,-0.094354,1.367098,0.745363,0.263418,1.342359,0.788533,-0.101960,1.118616,0.684247,0.293391,1.087401,0.840897
810,27.019570,14,0.090056,-0.146970,1.213000,0.058100,0.789824,0.658441,0.004941,0.934360,0.550046,0.278482,0.842350,0.814648,-0.094442,1.367448,0.744904,0.263281,1.342472,0.788347,-0.102061,1.118846,0.684282,0.293029,1.087522,0.840879
811,27.052920,14,0.089878,-0.146535,1.213000,0.057941,0.790265,0.658414,0.004969,0.934035,0.550925,0.278237,0.842903,0.814704,-0.094751,1.367900,0.744546,0.262955,1.343010,0.788175,-0.102200,1.119279,0.683980,0.292725,1.088089,0.840834
812,27.086280,14,0.089939,-0.145918,1.213000,0.058029,0.790879,0.658382,0.004987,0.934038,0.551197,0.278217,0.843866,0.814705,-0.095346,1.368394,0.744099,0.262374,1.343939,0.787851,-0.102436,1.119821,0.683292,0.292419,1.089086,0.840682
813,27.119640,14,0.090270,-0.145309,1.213000,0.058385,0.791472,0.658355,0.005022,0.934225,0.550831,0.278435,0.845059,0.814669,-0.096154,1.368770,0.743437,0.261605,1.345071,0.787292,-0.102741,1.120271,0.682277,0.292144,1.090333,0.840394
814,27.153000,14,0.090785,-0.144754,1.213000,0.058924,0.792003,0.658334,0.005002,0.934533,0.549969,0.278797,0.846398,0.814618,-0.097147,1.369020,0.742527,0.260663,1.346323,0.786496,-0.103164,1.120574,0.681090,0.291857,1.091745,0.839983
815,27.186350,14,0.091342,-0.144377,1.213000,0.059497,0.792356,0.658324,0.004809,0.934765,0.548911,0.279160,0.847685,0.814574,-0.098313,1.369056,0.741432,0.259550,1.347503,0.785548,-0.103789,1.120607,0.679957,0.291484,1.093115,0.839501
816,27.219710,14,0.091971,-0.144139,1.213000,0.060136,0.792567,0.658322,0.004532,0.934852,0.548018,0.279572,0.848852,0.814550,-0.099440,1.368946,0.740281,0.258469,1.348553,0.784570,-0.104482,1.120410,0.679121,0.291149,1.094365,0.839017
817,27.253070,14,0.092586,-0.143969,1.213000,0.060757,0.792710,0.658324,0.004182,0.934773,0.547600,0.279971,0.849868,0.814546,-0.100428,1.368794,0.739203,0.257516,1.349456,0.783682,-0.105190,1.120075,0.678767,0.290866,1.095454,0.838588
818,27.286430,14,0.093143,-0.143835,1.213000,0.061319,0.792820,0.658327,0.003848,0.934528,0.547810,0.280338,0.850687,0.814563,-0.101166,1.368667,0.738293,0.256800,1.350179,0.782960,-0.105798,1.119681,0.678959,0.290683,1.096331,0.838252
819,27.319780,14,0.093621,-0.143617,1.213000,0.061807,0.793017,0.658323,0.003668,0.934267,0.548580,0.280668,0.851385,0.814593,-0.101573,1.368709,0.737574,0.256400,1.350806,0.782421,-0.106178,1.119406,0.679581,0.290636,1.097070,0.838012
820,27.353140,14,0.094161,-0.143259,1.213000,0.062361,0.793351,0.658314,0.003928,0.934122,0.549669,0.281110,0.852014,0.814631,-0.101484,1.368987,0.737010,0.256482,1.351390,0.782030,-0.106086,1.119374,0.680370,0.290884,1.097727,0.837849
821,27.386500,9,0.094580,-0.141479,1.202200,0.063024,0.794518,0.647443,0.001456,0.928834,0.558316,0.268430,0.847838,0.822636,-0.111372,1.365523,0.736516,0.242141,1.347995,0.808612,-0.115365,1.115777,0.680419,0.274263,1.092429,0.856552
822,27.419860,9,0.093090,-0.138590,1.182900,0.061959,0.796408,0.627991,-0.005669,0.929435,0.551280,0.281499,0.849706,0.785118,-0.108386,1.364932,0.738256,0.250208,1.349734,0.778949,-0.113881,1.115027,0.682998,0.288385,1.093977,0.821081
823,27.453210,14,0.094295,-0.138545,1.188250,0.063082,0.796694,0.633351,-0.001089,0.930697,0.552722,0.281250,0.850427,0.792232,-0.106225,1.366689,0.737452,0.251888,1.350501,0.781828,-0.110948,1.116706,0.682475,0.288690,1.094947,0.826343
824,27.486570,14,0.095398,-0.138222,1.190925,0.064156,0.797116,0.636024,0.002728,0.931600,0.553536,0.281383,0.850915,0.796167,-0.104369,1.367951,0.736728,0.253392,1.351018,0.783594,-0.108454,1.117989,0.681605,0.289227,1.095548,0.829364
825,27.519930,14,0.096449,-0.137761,1.192263,0.065205,0.797604,0.637354,0.005892,0.932279,0.554090,0.281788,0.851450,0.798351,-0.102917,1.368921,0.735979,0.254603,1.351564,0.784499,-0.106504,1.119010,0.680593,0.289849,1.096148,0.831019
826,27.553290,14,0.097474,-0.137231,1.192931,0.066243,0.798126,0.638011,0.008468,0.932813,0.554711,0.282365,0.852070,0.799593,-0.101780,1.369713,0.735232,0.255577,1.352181,0.784884,-0.105063,1.119808,0.679802,0.290498,1.096812,0.831908
827,27.586640,14,0.098337,-0.136515,1.193266,0.067130,0.798822,0.638321,0.010395,0.933435,0.555588,0.282905,0.852854,0.800337,-0.100909,1.370567,0.734579,0.256328,1.352959,0.785057,-0.104130,1.120570,0.679559,0.291052,1.097626,0.832420
828,27.620000,14,0.098919,-0.135558,1.193433,0.067750,0.799761,0.638447,0.011715,0.934322,0.556733,0.283258,0.853772,0.800825,-0.100198,1.371630,0.734125,0.256940,1.353882,0.785256,-0.103584,1.121438,0.680012,0.291460,1.098556,0.832805
829,27.653360,14,0.099159,-0.134329,1.193516,0.068043,0.800981,0.638468,0.012622,0.935613,0.557977,0.283352,0.854779,0.801180,-0.099519,1.372999,0.733934,0.257523,1.354915,0.785610,-0.103189,1.122548,0.681051,0.291733,1.099553,0.833192
830,27.686710,14,0.098980,-0.132864,1.193558,0.067926,0.802452,0.638428,0.013279,0.937338,0.559026,0.283100,0.855828,0.801458,-0.098884,1.374673,0.733992,0.258060,1.356011,0.786135,-0.102783,1.123973,0.682318,0.291814,1.100570,0.833619
831,27.720070,14,0.098490,-0.131332,1.193579,0.067503,0.804003,0.638357,0.013906,0.939307,0.559579,0.282590,0.856814,0.801685,-0.098285,1.376473,0.734208,0.258560,1.357059,0.786755,-0.102192,1.125607,0.683343,0.291752,1.101511,0.834063
832,27.753430,14,0.097845,-0.129966,1.193590,0.066918,0.805394,0.638282,0.014585,0.941184,0.559459,0.281940,0.857637,0.801879,-0.097823,1.378114,0.734442,0.258927,1.357941,0.787344,-0.101413,1.127214,0.683722,0.291558,1.102288,0.834471
833,27.786790,14,0.097172,-0.129033,1.193595,0.066287,0.806353,0.638225,0.015251,0.942568,0.558707,0.281227,0.858195,0.802056,-0.097715,1.379260,0.734539,0.258955,1.358540,0.787772,-0.100638,1.128463,0.683273,0.291169,1.102815,0.834791
834,27.820140,14,0.096686,-0.128717,1.193597,0.065815,0.806690,0.638202,0.015873,0.943154,0.557562,0.280621,0.858441,0.802237,-0.098055,1.379656,0.734388,0.258556,1.358795,0.787954,-0.100029,1.129060,0.682100,0.290627,1.103055,0.834992
835,27.853500,14,0.096443,-0.129158,1.193599,0.065553,0.806260,0.638223,0.016243,0.942731,0.556361,0.280150,0.858301,0.802439,-0.098952,1.379121,0.733946,0.257627,1.358626,0.787871,-0.099865,1.128759,0.680524,0.289893,1.102941,0.835075
836,27.886860,14,0.096572,-0.130229,1.193599,0.065635,0.805186,0.638284,0.016309,0.941415,0.555400,0.279945,0.857869,0.802670,-0.100228,1.377784,0.733237,0.256338,1.358128,0.787556,-0.100194,1.127607,0.678945,0.289117,1.102565,0.835061
837,27.920220,14,0.097036,-0.131715,1.193600,0.066034,0.803684,0.638372,0.016013,0.939474,0.554862,0.279996,0.857255,0.802926,-0.101691,1.375903,0.732334,0.254873,1.357418,0.787082,-0.101013,1.125800,0.677710,0.288381,1.102023,0.834983
838,27.953580,14,0.097818,-0.133357,1.193600,0.066744,0.802012,0.638475,0.015503,0.937276,0.554769,0.280324,0.856573,0.803199,-0.103041,1.373805,0.731324,0.253517,1.356622,0.786528,-0.102100,1.123634,0.677016,0.287837,1.101418,0.834876
839,27.986930,14,0.098809,-0.134879,1.193600,0.067668,0.800452,0.638575,0.014968,0.935244,0.554966,0.280863,0.855982,0.803474,-0.104106,1.371836,0.730279,0.252438,1.355911,0.785953,-0.103212,1.121476,0.676849,0.287534,1.100901,0.834760
840,28.020290,14,0.099954,-0.136189,1.193600,0.068755,0.799096,0.638666,0.014678,0.933603,0.555168,0.281583,0.855502,0.803742,-0.104787,1.370123,0.729258,0.251731,1.355319,0.785400,-0.104051,1.119512,0.677010,0.287505,1.100489,0.834652
841,28.053650,14,0.101177,-0.137145,1.193600,0.069935,0.798091,0.638739,0.014825,0.932583,0.555028,0.282425,0.855271,0.803984,-0.105153,1.368808,0.728304,0.251336,1.354985,0.784887,-0.104418,1.117969,0.677166,0.287693,1.100316,0.834548
842,28.087000,14,0.102339,-0.137872,1.193600,0.071064,0.797316,0.638799,0.015411,0.932068,0.554269,0.283250,0.855197,0.804190,-0.105444,1.367735,0.727467,0.251017,1.354813,0.784433,-0.104321,1.116769,0.676963,0.287916,1.100292,0.834451
843,28.120360,14,0.103469,-0.138436,1.193600,0.072169,0.796705,0.638850,0.016491,0.931920,0.552786,0.284084,0.855258,0.804352,-0.105757,1.366796,0.726790,0.250687,1.354775,0.784056,-0.103731,1.115867,0.676131,0.288147,1.100394,0.834365
844,28.153720,14,0.104435,-0.138968,1.193600,0.073110,0.796134,0.638896,0.017890,0.931904,0.550713,0.284787,0.855350,0.804465,-0.106307,1.365840,0.726301,0.250136,1.354765,0.783766,-0.102866,1.115139,0.674595,0.288214,1.100519,0.834291
845,28.187080,14,0.105167,-0.139484,1.193600,0.073819,0.795588,0.638937,0.019499,0.931909,0.548401,0.285296,0.855449,0.804532,-0.107124,1.364864,0.725998,0.249331,1.354760,0.783564,-0.101895,1.114568,0.672510,0.288066,1.100641,0.834232
846,28.220430,14,0.105684,-0.139992,1.193600,0.074313,0.795059,0.638973,0.021288,0.931862,0.546297,0.285632,0.855492,0.804562,-0.108047,1.363908,0.725864,0.248429,1.354707,0.783450,-0.100886,1.114134,0.670209,0.287792,1.100699,0.834192
847,28.253790,14,0.105942,-0.140396,1.193600,0.074553,0.794645,0.639000,0.023173,0.931844,0.544791,0.285770,0.855496,0.804565,-0.108893,1.363149,0.725865,0.247606,1.354637,0.783420,-0.099927,1.113918,0.668077,0.287462,1.100709,0.834177
848,28.287150,14,0.105921,-0.140498,1.193600,0.074528,0.794544,0.639005,0.025114,0.932086,0.544098,0.285711,0.855580,0.804546,-0.109447,1.362865,0.725952,0.247068,1.354686,0.783455,-0.099037,1.114104,0.666408,0.287173,1.100792,0.834182
849,28.320510,14,0.105661,-0.140199,1.193600,0.074281,0.794853,0.638984,0.027155,0.932749,0.544227,0.285501,0.855788,0.804515,-0.109507,1.363213,0.726075,0.247012,1.354910,0.783537,-0.098148,1.114783,0.665333,0.287043,1.100992,0.834204
850,28.353860,14,0.105230,-0.139400,1.193600,0.073886,0.795669,0.638933,0.029370,0.934004,0.545001,0.285208,0.856211,0.804479,-0.108962,1.364308,0.726176,0.247543,1.355402,0.783633,-0.097161,1.116056,0.664797,0.287155,1.101404,0.834232
851,28.387220,14,0.104615,-0.138150,1.193600,0.073326,0.796942,0.638855,0.031710,0.935857,0.546131,0.284791,0.856849,0.804448,-0.107935,1.366073,0.726204,0.248535,1.356149,0.783714,-0.096098,1.117873,0.664620,0.287424,1.102030,0.834260
852,28.420580,14,0.103958,-0.136475,1.193600,0.072741,0.798641,0.638753,0.034218,0.938287,0.547317,0.284360,0.857762,0.804433,-0.106508,1.368404,0.726131,0.249902,1.357192,0.783771,-0.094871,1.120183,0.664594,0.287861,1.102926,0.834287
853,28.453940,14,0.103279,-0.134537,1.193600,0.072148,0.800603,0.638636,0.036749,0.941089,0.548338,0.283895,0.858886,0.804448,-0.104952,1.371043,0.725977,0.251378,1.358448,0.783825,-0.093566,1.122776,0.664579,0.288325,1.104032,0.834334
854,28.487290,14,0.102589,-0.132519,1.193600,0.071547,0.802646,0.638515,0.039119,0.943999,0.549110,0.283373,0.860127,0.804506,-0.103530,1.373718,0.725803,0.252705,1.359808,0.783935,-0.092295,1.125410,0.664542,0.288678,1.105250,0.834433
855,28.520650,14,0.102045,-0.130459,1.193600,0.071092,0.804724,0.638394,0.041317,0.946867,0.549679,0.282936,0.861485,0.804609,-0.102273,1.376316,0.725696,0.253860,1.361267,0.784169,-0.091004,1.127986,0.664531,0.288983,1.106581,0.834621
856,28.554010,14,0.101622,-0.128430,1.193600,0.070758,0.806766,0.638277,0.043227,0.949523,0.550173,0.282565,0.862904,0.804752,-0.101285,1.378733,0.725739,0.254747,1.362768,0.784583,-0.089784,1.130409,0.664595,0.289186,1.107965,0.834918
857,28.587360,14,0.101311,-0.126565,1.193600,0.070528,0.808640,0.638171,0.044829,0.951767,0.550741,0.282259,0.864240,0.804922,-0.100573,1.380836,0.725981,0.255367,1.364172,0.785187,-0.088689,1.132557,0.664724,0.289292,1.109261,0.835323
858,28.620720,14,0.101156,-0.124932,1.193600,0.070444,0.810275,0.638080,0.046229,0.953499,0.551482,0.282084,0.865418,0.805098,-0.100038,1.382577,0.726404,0.255826,1.365406,0.785928,-0.087691,1.134405,0.664806,0.289389,1.110394,0.835794
859,28.654080,14,0.101078,-0.123616,1.193600,0.070423,0.811591,0.638007,0.047451,0.954658,0.552414,0.281981,0.866368,0.805251,-0.099698,1.383910,0.726919,0.256108,1.366399,0.786686,-0.086882,1.135925,0.664669,0.289445,1.111300,0.836258
860,28.687440,14,0.101089,-0.122658,1.193600,0.070476,0.812547,0.637956,0.048578,0.955256,0.553480,0.281970,0.867080,0.805359,-0.099505,1.384826,0.727387,0.256266,1.367138,0.787307,-0.086267,1.137110,0.664160,0.289497,1.111977,0.836628
861,28.720790,14,0.101144,-0.122029,1.193600,0.070559,0.813172,0.637923,0.049568,0.955400,0.554556,0.282008,0.867627,0.805408,-0.099488,1.385387,0.727637,0.256270,1.367693,0.787633,-0.085910,1.137996,0.663223,0.289510,1.112507,0.836817
862,28.754150,14,0.101222,-0.121715,1.193600,0.070650,0.813482,0.637907,0.050307,0.955177,0.555478,0.282061,0.868060,0.805400,-0.099666,1.385634,0.727518,0.256095,1.368112,0.787545,-0.085854,1.138560,0.661945,0.289448,1.112948,0.836771
863,28.787510,14,0.101311,-0.121607,1.193600,0.070744,0.813586,0.637903,0.050648,0.954749,0.556076,0.282101,0.868503,0.805353,-0.100036,1.385691,0.726923,0.255736,1.368515,0.786988,-0.086108,1.138842,0.660534,0.289290,1.113429,0.836476
864,28.820870,14,0.101406,-0.121654,1.193600,0.070836,0.813535,0.637907,0.050487,0.954195,0.556243,0.282103,0.868987,0.805296,-0.100568,1.385623,0.725833,0.255210,1.368936,0.785999,-0.086641,1.138824,0.659258,0.289025,1.113978,0.835966
865,28.854220,14,0.101503,-0.121727,1.193600,0.070930,0.813458,0.637913,0.049833,0.953651,0.555989,0.282054,0.869579,0.805258,-0.101194,1.385560,0.724332,0.254576,1.369447,0.784700,-0.087361,1.138598,0.658344,0.288671,1.114654,0.835319
866,28.887580,14,0.101601,-0.121763,1.193600,0.071027,0.813417,0.637917,0.048818,0.953183,0.555447,0.281959,0.870250,0.805264,-0.101821,1.385560,0.722602,0.253921,1.370026,0.783285,-0.088135,1.138246,0.657914,0.288271,1.115416,0.834644
867,28.920940,14,0.101601,-0.121682,1.193600,0.071030,0.813499,0.637912,0.047549,0.952870,0.554817,0.281739,0.870978,0.805320,-0.102441,1.385703,0.720889,0.253254,1.370667,0.781973,-0.088910,1.137931,0.657945,0.287791,1.116227,0.834049
868,28.954300,14,0.101600,-0.121541,1.193600,0.071035,0.813640,0.637905,0.046348,0.952641,0.554307,0.281523,0.871605,0.805423,-0.102866,1.385918,0.719454,0.252769,1.371225,0.780967,-0.089466,1.137690,0.658303,0.287398,1.116919,0.833630
869,28.987650,14,0.101500,-0.121370,1.193600,0.070943,0.813814,0.637894,0.045300,0.952458,0.554049,0.281247,0.872045,0.805549,-0.103150,1.386169,0.718491,0.252425,1.371626,0.780389,-0.089834,1.137583,0.658793,0.287048,1.117398,0.833430
870,29.021010,14,0.101400,-0.121185,1.193600,0.070851,0.814003,0.637882,0.044625,0.952303,0.554097,0.281041,0.872275,0.805667,-0.103200,1.386427,0.718082,0.252326,1.371849,0.780252,-0.089920,1.137638,0.659228,0.286864,1.117640,0.833438
871,29.054370,14,0.101300,-0.120993,1.193600,0.070759,0.814199,0.637870,0.044350,0.952171,0.554422,0.280916,0.872335,0.805744,-0.103077,1.386674,0.718172,0.252422,1.371929,0.780460,-0.089789,1.137851,0.659464,0.286833,1.117689,0.833586
872,29.087730,14,0.101200,-0.120796,1.193600,0.070668,0.814399,0.637857,0.044414,0.952070,0.554928,0.280865,0.872304,0.805761,-0.102866,1.386906,0.718586,0.252629,1.371930,0.780842,-0.089544,1.138196,0.659411,0.286912,1.117635,0.833781
873,29.121080,14,0.101100,-0.120698,1.193600,0.070572,0.814501,0.637850,0.044691,0.951909,0.555486,0.280860,0.872170,0.805722,-0.102651,1.387029,0.719096,0.252860,1.371830,0.781208,-0.089293,1.138530,0.659047,0.287037,1.117476,0.833934
874,29.154440,14,0.101050,-0.120649,1.193600,0.070524,0.814552,0.637847,0.045093,0.951744,0.555951,0.280923,0.872051,0.805638,-0.102423,1.387110,0.719471,0.253113,1.371735,0.781390,-0.089054,1.138860,0.658401,0.287215,1.117340,0.833970
875,29.187800,14,0.101025,-0.120675,1.193600,0.070498,0.814528,0.637848,0.045483,0.951555,0.556214,0.281001,0.871956,0.805532,-0.102207,1.387148,0.719546,0.253355,1.371649,0.781288,-0.088868,1.139122,0.657568,0.287393,1.117244,0.833856
876,29.221160,14,0.101013,-0.120737,1.193600,0.070483,0.814466,0.637851,0.045799,0.951380,0.556227,0.281066,0.871919,0.805425,-0.101974,1.387203,0.719249,0.253604,1.371607,0.780876,-0.088704,1.139323,0.656678,0.287563,1.117222,0.833592
877,29.254510,14,0.101006,-0.120869,1.193600,0.070471,0.814335,0.637858,0.046038,0.951174,0.556021,0.281107,0.871883,0.805334,-0.101686,1.387256,0.718596,0.253892,1.371555,0.780191,-0.088506,1.139411,0.655864,0.287731,1.117215,0.833206
878,29.287870,14,0.100953,-0.121034,1.193600,0.070411,0.814172,0.637866,0.046178,0.950949,0.555683,0.281076,0.871854,0.805259,-0.101379,1.387334,0.717667,0.254186,1.371502,0.779305,-0.088276,1.139415,0.655214,0.287857,1.117228,0.832735
879,29.321230,14,0.100927,-0.121317,1.193600,0.070372,0.813891,0.637881,0.046299,0.950577,0.555334,0.281048,0.871735,0.805204,-0.101021,1.387325,0.716580,0.254522,1.371352,0.778313,-0.087947,1.139244,0.654767,0.288001,1.117154,0.832223
880,29.354590,14,0.100913,-0.121609,1.193600,0.070346,0.813601,0.637896,0.046354,0.950126,0.555069,0.281019,0.871640,0.805156,-0.100712,1.387292,0.715439,0.254807,1.371221,0.777286,-0.087604,1.138996,0.654504,0.288117,1.117108,0.831698
881,29.387940,14,0.100957,-0.121904,1.193600,0.070377,0.813304,0.637913,0.046299,0.949571,0.554938,0.281032,0.871595,0.805107,-0.100523,1.387193,0.714336,0.254978,1.371130,0.776289,-0.087331,1.138656,0.654406,0.288199,1.117110,0.831188
882,29.421300,14,0.101028,-0.122152,1.193600,0.070437,0.813054,0.637927,0.046005,0.948969,0.554925,0.281056,0.871666,0.805055,-0.100567,1.387045,0.713338,0.254926,1.371147,0.775375,-0.087285,1.138265,0.654448,0.288179,1.117226,0.830715
883,29.454660,14,0.101114,-0.122276,1.193600,0.070518,0.812927,0.637936,0.045385,0.948434,0.554958,0.281079,0.871920,0.805002,-0.100872,1.386914,0.712493,0.254624,1.371340,0.774593,-0.087575,1.137902,0.654596,0.288038,1.117522,0.830306
884,29.488020,14,0.101257,-0.122238,1.193600,0.070662,0.812959,0.637936,0.044459,0.948056,0.554938,0.281148,0.872351,0.804956,-0.101323,1.386851,0.711849,0.254183,1.371710,0.773996,-0.088184,1.137640,0.654777,0.287853,1.117987,0.829991
885,29.521370,14,0.101329,-0.121969,1.193600,0.070745,0.813224,0.637923,0.043137,0.947962,0.554770,0.281148,0.872972,0.804921,-0.101913,1.386966,0.711439,0.253606,1.372278,0.773627,-0.089200,1.137615,0.654883,0.287565,1.118633,0.829793
886,29.554730,14,0.101364,-0.121635,1.193600,0.070795,0.813556,0.637905,0.041514,0.948011,0.554416,0.281124,0.873553,0.804908,-0.102459,1.387134,0.711299,0.253070,1.372824,0.773516,-0.090508,1.137726,0.654828,0.287286,1.119225,0.829734
887,29.588090,14,0.101232,-0.121417,1.193600,0.070673,0.813778,0.637891,0.039503,0.948023,0.553894,0.280958,0.873876,0.804912,-0.102975,1.387218,0.711430,0.252563,1.373137,0.773648,-0.092149,1.137842,0.654594,0.286952,1.119546,0.829801
888,29.621450,14,0.100966,-0.121559,1.193600,0.070401,0.813649,0.637894,0.037126,0.947727,0.553272,0.280694,0.873693,0.804923,-0.103368,1.387004,0.711802,0.252181,1.372966,0.773965,-0.094034,1.137728,0.654270,0.286635,1.119349,0.829960
889,29.654800,14,0.100533,-0.122379,1.193600,0.069933,0.812848,0.637931,0.034271,0.946766,0.552648,0.280298,0.872708,0.804936,-0.103679,1.386184,0.712367,0.251888,1.372013,0.774396,-0.096203,1.137028,0.654042,0.286304,1.118342,0.830171
890,29.688160,14,0.100067,-0.124040,1.193600,0.069395,0.811212,0.638012,0.030957,0.944947,0.552132,0.279896,0.870791,0.804946,-0.103827,1.384583,0.713080,0.251769,1.370141,0.774882,-0.098590,1.135516,0.654138,0.286065,1.116398,0.830404
891,29.721520,14,0.099633,-0.126520,1.193600,0.068854,0.808756,0.638139,0.027134,0.942279,0.551839,0.279546,0.867988,0.804956,-0.103819,1.382197,0.713935,0.251817,1.367391,0.775424,-0.101246,1.133141,0.654767,0.285944,1.113563,0.830659
892,29.754880,14,0.099417,-0.129560,1.193600,0.068506,0.805733,0.638299,0.022877,0.939004,0.551881,0.279425,0.864558,0.804972,-0.103551,1.379240,0.714990,0.252134,1.364024,0.776092,-0.104115,1.130114,0.656063,0.286081,1.110095,0.830975
893,29.788230,14,0.099558,-0.132880,1.193600,0.068503,0.802414,0.638481,0.018216,0.935368,0.552344,0.279675,0.860769,0.805000,-0.102963,1.375936,0.716372,0.252782,1.360307,0.777017,-0.107166,1.126703,0.658053,0.286575,1.106255,0.831419
894,29.821590,14,0.100079,-0.136090,1.193600,0.068884,0.799190,0.638663,0.013077,0.931707,0.553247,0.280331,0.856995,0.805025,-0.102103,1.372625,0.718229,0.253719,1.356618,0.778325,-0.110415,1.123320,0.660663,0.287426,1.102410,0.832045
895,29.854950,14,0.100990,-0.138845,1.193600,0.069674,0.796403,0.638828,0.007418,0.928297,0.554536,0.281431,0.853567,0.805016,-0.101001,1.369608,0.720686,0.254921,1.353288,0.780098,-0.113787,1.120344,0.663766,0.288647,1.098885,0.832876
896,29.888310,14,0.102195,-0.141073,1.193600,0.070781,0.794129,0.638970,0.001939,0.925050,0.556888,0.282907,0.850559,0.804939,-0.099755,1.366942,0.723811,0.256301,1.350385,0.782348,-0.117034,1.117882,0.667185,0.290166,1.095748,0.833895
897,29.921670,14,0.103547,-0.142686,1.193600,0.072062,0.792462,0.639081,-0.004168,0.922189,0.559288,0.284640,0.848065,0.804751,-0.098468,1.364724,0.727576,0.257761,1.347997,0.785000,-0.120290,1.116053,0.670807,0.291880,1.093093,0.835041
898,29.955020,14,0.104974,-0.143793,1.193600,0.073439,0.791297,0.639166,-0.011772,0.919548,0.561437,0.286566,0.845996,0.804430,-0.097148,1.362875,0.731872,0.259293,1.346025,0.787928,-0.123824,1.114756,0.674761,0.293755,1.090834,0.836240
899,29.988380,14,0.106437,-0.144597,1.193600,0.074865,0.790433,0.639235,-0.021428,0.917238,0.562598,0.288636,0.844182,0.803980,-0.095780,1.361230,0.736530,0.260904,1.344289,0.790989,-0.127640,1.113774,0.679201,0.295765,1.088803,0.837422
0,0.000000,15,0.023700,0.059400,1.221500,0.000646,0.998985,0.654608,-0.277454,1.078030,0.711277,0.685507,1.510758,0.930991,-0.177198,1.550407,0.824019,0.180900,1.533949,0.868422,-0.253830,1.306298,0.815390,0.440639,1.522012,0.900628
1,0.033401,15,0.025400,0.039400,1.225350,0.001416,0.979171,0.659561,-0.275166,1.059016,0.698743,0.663000,1.418465,0.983507,-0.180556,1.531792,0.820469,0.177174,1.517560,0.868467,-0.250732,1.286066,0.805306,0.427245,1.466553,0.927682
2,0.066803,15,0.027700,0.019400,1.228425,0.002798,0.959290,0.663752,-0.268429,1.039047,0.682665,0.619175,1.324745,1.037731,-0.185248,1.512110,0.816798,0.171766,1.500667,0.870526,-0.246343,1.264678,0.792695,0.402063,1.410114,0.956592
3,0.100205,15,0.029850,-0.000600,1.226213,0.004111,0.939125,0.662661,-0.260491,1.014110,0.673545,0.557312,1.231615,1.081288,-0.191342,1.489924,0.813703,0.164551,1.481008,0.874833,-0.242862,1.241278,0.781192,0.366719,1.352637,0.981103
4,0.133607,11,0.031475,-0.020600,1.215106,0.005037,0.918497,0.652681,-0.260321,0.985394,0.668579,0.482413,1.137843,1.102496,-0.199177,1.464401,0.809781,0.155237,1.457497,0.879207,-0.242473,1.215162,0.770519,0.323645,1.292960,0.994141
5,0.167010,8,0.030088,-0.040600,1.235106,0.002474,0.899698,0.673704,-0.297708,0.965758,0.734015,0.466189,1.127650,1.026838,-0.199087,1.458464,0.781168,0.161406,1.467733,0.802045,-0.257971,1.209356,0.784862,0.318288,1.292681,0.917754
6,0.200413,8,0.033194,-0.060600,1.255106,0.004400,0.880708,0.694807,-0.300505,0.953928,0.751446,0.455906,1.081637,0.966957,-0.191184,1.447920,0.761235,0.169712,1.455829,0.774199,-0.255536,1.200612,0.776524,0.317026,1.263219,0.873418
7,0.233817,0,0.033747,-0.080600,1.235106,0.004392,0.859638,0.675929,-0.273180,0.926088,0.708698,0.388437,0.996446,0.954870,-0.193897,1.420523,0.778321,0.166584,1.427656,0.800208,-0.247845,1.170698,0.763726,0.280780,1.205697,0.879818
8,0.267221,0,0.034423,-0.100600,1.224053,0.004370,0.839053,0.665985,-0.259096,0.903607,0.687672,0.318488,0.933107,0.927560,-0.196997,1.395710,0.784220,0.163221,1.403359,0.809932,-0.244761,1.145827,0.755701,0.243142,1.161304,0.870479
9,0.300625,0,0.035412,-0.120600,1.218527,0.004574,0.818757,0.661565,-0.251898,0.882748,0.677494,0.261086,0.887805,0.886819,-0.198909,1.373165,0.786549,0.161184,1.381527,0.813744,-0.243331,1.123508,0.751421,0.212607,1.127391,0.851358
10,0.334030,0,0.036806,-0.140600,1.215763,0.005140,0.798594,0.659910,-0.247584,0.862474,0.672963,0.235736,0.859353,0.861844,-0.199299,1.351943,0.787993,0.160752,1.360673,0.815626,-0.241976,1.102451,0.749668,0.199349,1.102626,0.839416
11,0.367435,0,0.038603,-0.160600,1.214382,0.006088,0.778490,0.659643,-0.244179,0.842424,0.671778,0.225876,0.836023,0.848819,-0.198294,1.331396,0.789716,0.161758,1.339989,0.817382,-0.240074,1.081998,0.749825,0.194762,1.080580,0.833563
12,0.400841,0,0.040601,-0.180600,1.213691,0.007226,0.758416,0.660069,-0.241023,0.822450,0.672674,0.222815,0.814164,0.843412,-0.196345,1.311171,0.792036,0.163725,1.319164,0.819647,-0.237673,1.061822,0.751375,0.194140,1.059222,0.831880
13,0.434247,0,0.042701,-0.200600,1.213345,0.008460,0.738356,0.660841,-0.237918,0.802497,0.674767,0.222907,0.792718,0.842308,-0.193839,1.291093,0.794825,0.166250,1.298164,0.822432,-0.234944,1.041769,0.753787,0.195414,1.037993,0.832663
14,0.467653,0,0.044700,-0.214100,1.213173,0.009874,0.724793,0.661432,-0.234755,0.789045,0.676993,0.224579,0.777933,0.843015,-0.190970,1.277579,0.797392,0.169132,1.283586,0.825088,-0.231966,1.028268,0.756169,0.197673,1.023309,0.834316
15,0.501060,0,0.046400,-0.218750,1.213086,0.011371,0.720078,0.661628,-0.231707,0.784462,0.678663,0.226875,0.772177,0.844059,-0.188069,1.272963,0.799235,0.172036,1.277930,0.827104,-0.229010,1.023659,0.757918,0.200263,1.017601,0.835831
16,0.534467,0,0.047700,-0.219425,1.213043,0.012641,0.719347,0.661644,-0.229179,0.783902,0.679664,0.229013,0.770670,0.844892,-0.185620,1.272387,0.800331,0.174478,1.276472,0.828423,-0.226531,1.023086,0.758962,0.202549,1.016118,0.836901
17,0.567875,0,0.048600,-0.218613,1.213022,0.013576,0.720118,0.661595,-0.227345,0.784890,0.679955,0.230641,0.770981,0.845234,-0.183830,1.273364,0.800678,0.176256,1.276807,0.829009,-0.224724,1.024065,0.759279,0.204250,1.016440,0.837361
18,0.601283,0,0.049100,-0.217506,1.213011,0.014124,0.721199,0.661533,-0.226272,0.786219,0.679613,0.231604,0.771916,0.845023,-0.182780,1.274687,0.800368,0.177292,1.277753,0.828921,-0.223665,1.025390,0.758953,0.205249,1.017381,0.837209
19,0.634692,0,0.049300,-0.216553,1.213005,0.014365,0.722141,0.661480,-0.225856,0.787407,0.678812,0.231963,0.772972,0.844359,-0.182373,1.275871,0.799584,0.177685,1.278816,0.828320,-0.223254,1.026575,0.758159,0.205624,1.018440,0.836576
20,0.668100,0,0.049350,-0.215927,1.213003,0.014442,0.722764,0.661444,-0.225910,0.788230,0.677775,0.231876,0.773891,0.843435,-0.182431,1.276693,0.798553,0.177616,1.279737,0.827428,-0.223311,1.027397,0.757125,0.205545,1.019360,0.835667
21,0.701510,0,0.049375,-0.215513,1.213001,0.014485,0.723175,0.661421,-0.226238,0.788766,0.676706,0.231526,0.774695,0.842445,-0.182760,1.277229,0.797486,0.177276,1.280543,0.826453,-0.223640,1.027933,0.756057,0.205201,1.020165,0.834685
22,0.734919,0,0.049388,-0.215307,1.213001,0.014506,0.723381,0.661409,-0.226732,0.789016,0.675762,0.231017,0.775311,0.841549,-0.183255,1.277479,0.796541,0.176773,1.281160,0.825565,-0.224135,1.028183,0.755112,0.204694,1.020782,0.833792
23,0.768330,0,0.049444,-0.215203,1.213000,0.014567,0.723482,0.661404,-0.227188,0.789110,0.675023,0.230549,0.775770,0.840839,-0.183713,1.277573,0.795803,0.176309,1.281619,0.824858,-0.224591,1.028277,0.754374,0.204228,1.021241,0.833084
24,0.801740,0,0.049522,-0.215152,1.213000,0.014647,0.723530,0.661403,-0.227457,0.789157,0.674507,0.230273,0.776066,0.840339,-0.183984,1.277619,0.795289,0.176034,1.281915,0.824360,-0.224861,1.028323,0.753859,0.203953,1.021537,0.832585
25,0.835151,8,0.049561,-0.215076,1.213000,0.014690,0.723604,0.661399,-0.212621,0.788435,0.671504,0.230296,0.776234,0.840029,-0.183959,1.277763,0.794968,0.176057,1.282084,0.824052,-0.218154,1.028390,0.748281,0.203976,1.021705,0.832276
26,0.868563,10,0.049430,-0.214988,1.213000,0.014563,0.723697,0.661392,-0.203910,0.788445,0.669456,0.230599,0.776250,0.839862,-0.183659,1.278051,0.794787,0.176360,1.282100,0.823884,-0.214119,1.029082,0.743575,0.204278,1.021721,0.832108
27,0.901974,10,0.049115,-0.214944,1.213000,0.014250,0.723754,0.661384,-0.200128,0.788652,0.668553,0.231167,0.776073,0.839780,-0.183095,1.278444,0.794687,0.176928,1.281923,0.823800,-0.211689,1.029876,0.740535,0.204847,1.021544,0.832026
28,0.935386,10,0.048608,-0.214922,1.213000,0.013744,0.723798,0.661374,-0.198563,0.789182,0.667388,0.231878,0.775779,0.839710,-0.182388,1.278937,0.794593,0.177640,1.281629,0.823725,-0.210128,1.030842,0.737888,0.205558,1.021250,0.831953
29,0.968798,10,0.047904,-0.214961,1.213000,0.013039,0.723789,0.661364,-0.197996,0.789980,0.665490,0.232500,0.775419,0.839562,-0.181770,1.279431,0.794427,0.178263,1.281269,0.823574,-0.209190,1.031906,0.735134,0.206181,1.020890,0.831804
30,1.002159,10,0.047152,-0.215181,1.213000,0.012279,0.723602,0.661362,-0.197892,0.790847,0.662711,0.232894,0.774983,0.839240,-0.181381,1.279724,0.794101,0.178655,1.280832,0.823252,-0.208784,1.032865,0.732087,0.206573,1.020454,0.831482
31,1.035505,10,0.046326,-0.215640,1.213000,0.011434,0.723178,0.661372,-0.198349,0.791620,0.659072,0.232762,0.774522,0.838640,-0.181516,1.279687,0.793520,0.178521,1.280372,0.822656,-0.209103,1.033571,0.728701,0.206441,1.019994,0.830884
32,1.068851,10,0.045613,-0.216470,1.213000,0.010685,0.722381,0.661404,-0.199509,0.792056,0.654699,0.232111,0.773977,0.837696,-0.182173,1.279143,0.792618,0.177868,1.279826,0.821717,-0.210106,1.033817,0.725009,0.205789,1.019448,0.829942
33,1.102197,10,0.045056,-0.217685,1.213000,0.010077,0.721192,0.661460,-0.201754,0.792077,0.649708,0.230944,0.773347,0.836381,-0.183342,1.278067,0.791365,0.176703,1.279196,0.820404,-0.211773,1.033561,0.721047,0.204622,1.018818,0.828628
34,1.135543,10,0.044778,-0.219293,1.213000,0.009729,0.719601,0.661542,-0.205292,0.791679,0.644160,0.229498,0.772571,0.834725,-0.184785,1.276479,0.789786,0.175262,1.278422,0.818746,-0.213852,1.032820,0.716835,0.203179,1.018043,0.826971
35,1.168889,10,0.044739,-0.221146,1.213000,0.009609,0.717753,0.661641,-0.210180,0.791106,0.638034,0.227985,0.771702,0.832787,-0.186292,1.274590,0.787937,0.173756,1.277552,0.816806,-0.216102,1.031826,0.712350,0.201669,1.017173,0.825032
36,1.202235,10,0.044970,-0.223073,1.213000,0.009756,0.715821,0.661749,-0.215946,0.790697,0.631274,0.226752,0.770791,0.830642,-0.187521,1.272657,0.785889,0.172525,1.276642,0.814660,-0.218121,1.030865,0.707553,0.200437,1.016263,0.822887
37,1.235580,10,0.045435,-0.224937,1.213000,0.010140,0.713942,0.661858,-0.221761,0.790759,0.623853,0.226076,0.769868,0.828354,-0.188200,1.270908,0.783702,0.171843,1.275718,0.812374,-0.219563,1.030186,0.702429,0.199759,1.015339,0.820599
38,1.268925,10,0.045967,-0.226568,1.213000,0.010601,0.712292,0.661956,-0.226764,0.791548,0.615836,0.226021,0.769033,0.825952,-0.188271,1.269586,0.781405,0.171774,1.274882,0.809978,-0.220296,1.030031,0.697002,0.199696,1.014504,0.818201
39,1.302271,10,0.046434,-0.227934,1.213000,0.011007,0.710909,0.662038,-0.230301,0.793047,0.607432,0.226558,0.768293,0.823454,-0.187760,1.268766,0.779011,0.172291,1.274140,0.807483,-0.220295,1.030447,0.691367,0.200224,1.013763,0.815704
40,1.335616,10,0.046717,-0.229017,1.213000,0.011243,0.709817,0.662101,-0.232177,0.795111,0.598964,0.227553,0.767670,0.820864,-0.186800,1.268459,0.776527,0.173265,1.273515,0.804893,-0.219687,1.031398,0.685662,0.201209,1.013139,0.813114
41,1.368960,10,0.046758,-0.229909,1.213000,0.011246,0.708926,0.662150,-0.232512,0.797430,0.590799,0.228813,0.767107,0.818198,-0.185576,1.268527,0.773965,0.174505,1.272949,0.802221,-0.218698,1.032691,0.680049,0.202459,1.012574,0.810445
42,1.402305,10,0.046479,-0.230604,1.213000,0.010937,0.708244,0.662183,-0.231587,0.799781,0.583275,0.230065,0.766658,0.815470,-0.184359,1.268903,0.771343,0.175741,1.272498,0.799485,-0.217680,1.034217,0.674658,0.203703,1.012125,0.807713
43,1.435650,10,0.045940,-0.231252,1.213000,0.010370,0.707620,0.662208,-0.229665,0.801847,0.576608,0.231148,0.766228,0.812704,-0.183302,1.269359,0.768681,0.176814,1.272067,0.796713,-0.216887,1.035728,0.669560,0.204781,1.011694,0.804944
44,1.468995,10,0.045220,-0.231826,1.213000,0.009626,0.707078,0.662226,-0.227136,0.803613,0.570761,0.231966,0.765893,0.809891,-0.182502,1.269857,0.765964,0.177626,1.271732,0.793899,-0.216496,1.037201,0.664714,0.205597,1.011359,0.802130
45,1.502339,10,0.044410,-0.232363,1.213000,0.008793,0.706577,0.662241,-0.224482,0.805151,0.565416,0.232494,0.765661,0.806984,-0.181988,1.270330,0.763140,0.178150,1.271499,0.790995,-0.216565,1.038609,0.659961,0.206123,1.011126,0.799225
46,1.535683,10,0.043605,-0.232832,1.213000,0.007969,0.706144,0.662252,-0.222172,0.806700,0.560020,0.232783,0.765593,0.803887,-0.181713,1.270803,0.760110,0.178431,1.271431,0.787906,-0.217006,1.040039,0.655046,0.206407,1.011059,0.796132
47,1.569027,10,0.042852,-0.233316,1.213000,0.007196,0.705693,0.662265,-0.220648,0.808411,0.553947,0.232891,0.765623,0.800504,-0.181621,1.271211,0.756780,0.178526,1.271460,0.784533,-0.217665,1.041495,0.649693,0.206510,1.011088,0.792754
48,1.602371,10,0.042176,-0.233808,1.213000,0.006499,0.705231,0.662279,-0.220219,0.810491,0.546674,0.232884,0.765753,0.796773,-0.181650,1.271576,0.753096,0.178500,1.271588,0.780814,-0.218353,1.043056,0.643701,0.206494,1.011217,0.789029
49,1.635715,10,0.041588,-0.234404,1.213000,0.005886,0.704661,0.662301,-0.220970,0.812945,0.537989,0.232796,0.765865,0.792737,-0.181765,1.271799,0.749113,0.178388,1.271698,0.776792,-0.218923,1.044647,0.637055,0.206394,1.011328,0.784999
50,1.669059,10,0.041044,-0.235152,1.213000,0.005310,0.703938,0.662332,-0.222712,0.815688,0.528136,0.232430,0.765925,0.790497,-0.182017,1.271802,0.745001,0.178140,1.271706,0.772627,-0.219368,1.046167,0.629980,0.206085,1.011362,0.781825
51,1.702403,10,0.040522,-0.236026,1.213000,0.004751,0.703088,0.662370,-0.224957,0.818544,0.517795,0.231967,0.765921,0.789157,-0.182463,1.271562,0.741010,0.177700,1.271601,0.768565,-0.219763,1.047527,0.622887,0.205633,1.011310,0.779164
52,1.735746,10,0.040061,-0.236963,1.213000,0.004249,0.702173,0.662412,-0.227112,0.821247,0.507867,0.231505,0.765873,0.788290,-0.183090,1.271101,0.737379,0.177079,1.271411,0.764849,-0.220187,1.048648,0.616241,0.205094,1.011193,0.776915
53,1.769089,10,0.039681,-0.237982,1.213000,0.003825,0.701173,0.662460,-0.228791,0.823449,0.499126,0.231083,0.765717,0.787698,-0.183848,1.270403,0.734238,0.176328,1.271091,0.761619,-0.220733,1.049412,0.610389,0.204512,1.010957,0.775043
54,1.802433,10,0.039390,-0.238941,1.213000,0.003493,0.700229,0.662507,-0.229742,0.825072,0.491983,0.230734,0.765550,0.787270,-0.184592,1.269662,0.731533,0.175588,1.270755,0.758835,-0.221396,1.049941,0.605421,0.203973,1.010708,0.773471
55,1.835776,10,0.039245,-0.239720,1.213000,0.003315,0.699457,0.662547,-0.229691,0.826181,0.486449,0.230540,0.765451,0.786930,-0.185060,1.269095,0.729051,0.175124,1.270498,0.756299,-0.222001,1.050417,0.601178,0.203648,1.010533,0.772066
56,1.869118,10,0.039223,-0.240260,1.213000,0.003269,0.698920,0.662575,-0.228561,0.826969,0.482172,0.230506,0.765446,0.786627,-0.185041,1.268872,0.726521,0.175143,1.270357,0.753753,-0.222348,1.051025,0.597343,0.203640,1.010462,0.770674
57,1.902461,10,0.039311,-0.240430,1.213000,0.003350,0.698746,0.662586,-0.226546,0.827838,0.478564,0.230646,0.765644,0.786317,-0.184375,1.269200,0.723721,0.175809,1.270446,0.750978,-0.222206,1.052017,0.593581,0.204035,1.010607,0.769168
58,1.935804,10,0.039506,-0.240215,1.213000,0.003553,0.698953,0.662578,-0.224053,0.829087,0.475021,0.230962,0.766064,0.785980,-0.183031,1.270108,0.720568,0.177149,1.270776,0.747888,-0.221428,1.053486,0.589662,0.204848,1.010983,0.767495
59,1.969146,10,0.039753,-0.239708,1.213000,0.003822,0.699448,0.662555,-0.219577,0.831333,0.471610,0.227482,0.763621,0.794099,-0.179048,1.272120,0.717338,0.179964,1.269043,0.757059,-0.217945,1.055975,0.585792,0.204423,1.008885,0.776125
60,2.002489,10,0.040026,-0.238954,1.213000,0.004128,0.700189,0.662519,-0.217490,0.833541,0.467182,0.227106,0.764053,0.795363,-0.177014,1.273729,0.713843,0.181700,1.269498,0.756064,-0.216178,1.058099,0.581533,0.205072,1.009328,0.776293
61,2.035848,10,0.040263,-0.238127,1.213000,0.004401,0.701004,0.662479,-0.216687,0.835833,0.462085,0.227958,0.765527,0.794023,-0.175742,1.275167,0.710226,0.183120,1.270733,0.751155,-0.214956,1.060048,0.577102,0.206200,1.010686,0.773220
62,2.069197,10,0.040432,-0.237313,1.213000,0.004604,0.701808,0.662438,-0.216528,0.838158,0.456706,0.229097,0.767253,0.791916,-0.174842,1.276468,0.706704,0.184288,1.272121,0.745213,-0.213885,1.061839,0.572741,0.207353,1.012248,0.769253
63,2.102546,10,0.040566,-0.236657,1.213000,0.004767,0.702457,0.662404,-0.216556,0.840270,0.451428,0.230173,0.768828,0.789808,-0.174167,1.277521,0.703383,0.185220,1.273331,0.739442,-0.212857,1.063335,0.568612,0.208359,1.013646,0.765367
64,2.135895,10,0.040583,-0.236278,1.213000,0.004800,0.702834,0.662384,-0.216576,0.841894,0.446578,0.230969,0.770072,0.787970,-0.173787,1.278217,0.700279,0.185807,1.274209,0.734238,-0.212021,1.064396,0.564800,0.209053,1.014712,0.761896
65,2.169243,10,0.040541,-0.236139,1.213000,0.004765,0.702975,0.662376,-0.216352,0.842930,0.442377,0.231523,0.771028,0.786451,-0.173648,1.278597,0.697347,0.186101,1.274804,0.729636,-0.211400,1.065041,0.561315,0.209481,1.015493,0.758881
66,2.202592,10,0.040421,-0.236170,1.213000,0.004643,0.702949,0.662376,-0.215831,0.843380,0.438890,0.231834,0.771792,0.785216,-0.173762,1.278739,0.694518,0.186103,1.275208,0.725527,-0.211059,1.065342,0.558111,0.209642,1.016082,0.756251
67,2.235940,10,0.040310,-0.236385,1.213000,0.004524,0.702739,0.662385,-0.214947,0.843251,0.436020,0.232022,0.772369,0.784209,-0.174016,1.278637,0.691717,0.185933,1.275417,0.721763,-0.210903,1.065305,0.555098,0.209657,1.016481,0.753907
68,2.269289,10,0.040205,-0.236742,1.213000,0.004403,0.702387,0.662403,-0.213777,0.842686,0.433538,0.232113,0.772818,0.783369,-0.174376,1.278350,0.688855,0.185635,1.275483,0.718185,-0.210875,1.065010,0.552145,0.209558,1.016743,0.751737
69,2.302637,10,0.040103,-0.237171,1.213000,0.004282,0.701964,0.662424,-0.212397,0.841884,0.431156,0.232132,0.773221,0.782640,-0.174803,1.277963,0.685848,0.185254,1.275477,0.714649,-0.210881,1.064570,0.549107,0.209384,1.016948,0.749646
70,2.335985,10,0.039951,-0.237686,1.213000,0.004108,0.701457,0.662449,-0.210907,0.840943,0.428619,0.232047,0.773576,0.781982,-0.175315,1.277474,0.682624,0.184775,1.275386,0.711037,-0.210875,1.064008,0.545862,0.209107,1.017087,0.747555
71,2.369333,10,0.039726,-0.238243,1.213000,0.003859,0.700911,0.662475,-0.209359,0.839965,0.425769,0.231846,0.773933,0.781363,-0.175923,1.276928,0.679143,0.184191,1.275252,0.707277,-0.210812,1.063377,0.542341,0.208721,1.017206,0.745412
72,2.402681,10,0.039413,-0.238771,1.213000,0.003523,0.700397,0.662498,-0.207810,0.839024,0.422577,0.231528,0.774373,0.780762,-0.176647,1.276389,0.675400,0.183484,1.275150,0.703338,-0.210694,1.062736,0.538546,0.208213,1.017383,0.743191
73,2.436029,10,0.039056,-0.239186,1.213000,0.003149,0.699999,0.662514,-0.206280,0.838151,0.419142,0.231139,0.774988,0.780166,-0.177480,1.275923,0.671432,0.182662,1.275170,0.699238,-0.210530,1.062129,0.534553,0.207615,1.017709,0.740895
74,2.469377,10,0.038728,-0.239443,1.213000,0.002810,0.699756,0.662522,-0.204785,0.837291,0.415663,0.230752,0.775832,0.779569,-0.178409,1.275544,0.667302,0.181741,1.275363,0.695022,-0.210358,1.061541,0.530488,0.206968,1.018237,0.738541
75,2.502725,10,0.038564,-0.239421,1.213000,0.002647,0.699784,0.662518,-0.203265,0.836455,0.412370,0.230501,0.777034,0.778965,-0.179360,1.275343,0.663073,0.180794,1.275860,0.690739,-0.210171,1.061031,0.526482,0.206380,1.019097,0.736152
76,2.536072,10,0.038582,-0.239161,1.213000,0.002676,0.700044,0.662504,-0.201753,0.835509,0.409480,0.230400,0.778567,0.778354,-0.180369,1.275262,0.658802,0.179786,1.276633,0.686431,-0.210070,1.060516,0.522647,0.205838,1.020261,0.733747
77,2.569420,10,0.038841,-0.238680,1.213000,0.002956,0.700512,0.662483,-0.200183,0.834391,0.407146,0.230505,0.780405,0.777737,-0.181394,1.275270,0.654542,0.178757,1.277663,0.682139,-0.210067,1.059963,0.519056,0.205394,1.021707,0.731347
78,2.602767,10,0.039321,-0.238040,1.213000,0.003463,0.701130,0.662457,-0.198523,0.833070,0.405445,0.230801,0.782465,0.777118,-0.182423,1.275321,0.650359,0.177721,1.278876,0.677922,-0.210190,1.059344,0.515752,0.205043,1.023356,0.728982
79,2.636115,10,0.039960,-0.237370,1.213000,0.004131,0.701771,0.662432,-0.196734,0.831521,0.404386,0.231233,0.784565,0.776514,-0.183433,1.275318,0.646351,0.176701,1.280118,0.673871,-0.210435,1.058611,0.512767,0.204770,1.025040,0.726705
80,2.669462,10,0.040630,-0.236785,1.213000,0.004826,0.702327,0.662413,-0.194826,0.829791,0.403919,0.231686,0.786528,0.775944,-0.184437,1.275200,0.642636,0.175682,1.281243,0.670104,-0.210818,1.057757,0.510126,0.204509,1.026596,0.724583
81,2.702809,10,0.041265,-0.236393,1.213000,0.005477,0.702691,0.662403,-0.192760,0.827947,0.403956,0.232106,0.788179,0.775434,-0.185383,1.274910,0.639330,0.174718,1.282117,0.666744,-0.211273,1.056788,0.507844,0.204257,1.027870,0.722690
82,2.736156,10,0.041933,-0.236146,1.213000,0.006154,0.702908,0.662401,-0.190395,0.826166,0.404397,0.232575,0.789511,0.775000,-0.186116,1.274535,0.636512,0.173968,1.282763,0.663875,-0.211623,1.055833,0.505918,0.204135,1.028869,0.721075
83,2.769503,10,0.042716,-0.235973,1.213000,0.006945,0.703048,0.662406,-0.187632,0.824593,0.405143,0.233186,0.790578,0.774649,-0.186514,1.274163,0.634198,0.173552,1.283252,0.661522,-0.211723,1.055001,0.504320,0.204247,1.029655,0.719752
84,2.802850,10,0.043608,-0.235837,1.213000,0.007842,0.703146,0.662414,-0.184537,0.823271,0.406107,0.233927,0.791434,0.774377,-0.186606,1.273830,0.632336,0.173443,1.283632,0.659640,-0.211583,1.054322,0.503000,0.204576,1.030281,0.718699
85,2.836197,10,0.044704,-0.235668,1.213000,0.008944,0.703267,0.662425,-0.181146,0.822219,0.407192,0.234890,0.792186,0.774169,-0.186345,1.273582,0.630824,0.173686,1.283988,0.658128,-0.211144,1.053814,0.501893,0.205189,1.030840,0.717859
86,2.869543,10,0.045902,-0.235484,1.213000,0.010148,0.703400,0.662436,-0.177757,0.821362,0.408287,0.235963,0.792869,0.774006,-0.185893,1.273383,0.629533,0.174121,1.284328,0.656854,-0.210561,1.053407,0.500931,0.205953,1.031357,0.717156
87,2.902890,10,0.047101,-0.235292,1.213000,0.011354,0.703541,0.662447,-0.174683,0.820629,0.409264,0.237043,0.793518,0.773863,-0.185384,1.273212,0.628338,0.174613,1.284657,0.655687,-0.209969,1.053042,0.500054,0.206748,1.031851,0.716516
88,2.936237,10,0.048101,-0.235246,1.213000,0.012355,0.703544,0.662462,-0.172310,0.819824,0.410012,0.237925,0.794007,0.773725,-0.185026,1.272920,0.627153,0.174954,1.284831,0.654528,-0.209573,1.052539,0.499225,0.207367,1.032187,0.715883
89,2.969583,10,0.048750,-0.235373,1.213000,0.012998,0.703390,0.662480,-0.170883,0.818886,0.410471,0.238466,0.794317,0.773573,-0.184948,1.272491,0.625929,0.175016,1.284820,0.653317,-0.209492,1.051857,0.498436,0.207676,1.032341,0.715217
90,3.002929,10,0.048925,-0.235837,1.213000,0.013153,0.702920,0.662509,-0.170533,0.817628,0.410674,0.238540,0.794281,0.773408,-0.185259,1.271775,0.624672,0.174694,1.284461,0.652050,-0.209816,1.050831,0.497720,0.207558,1.032148,0.714517
91,3.036276,10,0.048563,-0.236668,1.213000,0.012755,0.702106,0.662547,-0.171245,0.815996,0.410719,0.238088,0.793861,0.773230,-0.186016,1.270748,0.623419,0.173929,1.283723,0.650756,-0.210584,1.049427,0.497128,0.206954,1.031574,0.713797
92,3.069634,10,0.047681,-0.237784,1.213000,0.011826,0.701030,0.662592,-0.172865,0.814062,0.410732,0.237130,0.793138,0.773041,-0.187217,1.269490,0.622220,0.172726,1.282695,0.649482,-0.211773,1.047725,0.496709,0.205877,1.030703,0.713082
93,3.102983,10,0.046441,-0.239042,1.213000,0.010532,0.699828,0.662638,-0.175088,0.811972,0.410800,0.235827,0.792249,0.772844,-0.188730,1.268129,0.621123,0.171215,1.281524,0.648277,-0.213233,1.045869,0.496480,0.204473,1.029677,0.712396
