frame,time_s,geometry_available,raw_required_valid,raw_all_eight_valid,required_repaired_points,root_ex,root_ey,root_ez,sh_y,sh_z,sh_twist,el_y,el_z,perpendicular_fraction,twist_ok,upper_length_m,forearm_length_m
0,0,True,True,True,0,5.02611446923,-173.085384029,-4.74045256416,-11.6096809732,-3.06228227661,-3.17699358195,-8.34041324396,-1.48781962964e-15,0.145054121279,True,0.257765194978,0.237788417157
1,0.033357,True,True,True,1,4.65638281914,-172.937487607,-4.55170052313,-13.6283421909,-3.5865167224,-13.8015097279,-4.00274074977,-7.54688140541e-16,0.0698041922478,True,0.256662919213,0.238508023601
2,0.066714,True,True,True,0,4.28076506273,-172.876952094,-4.3736198547,-15.4291525897,-4.08990232562,-99.1900505163,-1.41283529673,-1.67614351693e-15,0.0246561288545,True,0.255859901769,0.239513127045
3,0.100071,True,True,True,0,3.88543863382,-172.971307533,-4.21157841012,-16.8505917546,-4.54730394335,-155.62185309,-4.18559804715,1.72659388842e-15,0.0729875083577,True,0.255287012664,0.240587978509
4,0.133428,True,True,True,0,3.46255926045,-173.249803311,-4.06602600153,-17.8217587224,-4.95306764519,-163.984952645,-7.07442925175,-4.96789995493e-15,0.123158592905,True,0.254866437424,0.24156868333
5,0.166785,True,True,True,0,3.02985731677,-173.683230414,-3.93136324986,-18.3608422838,-5.30883790085,-167.142990458,-9.40471150066,1.33150911801e-15,0.163407088701,True,0.254541282043,0.242371007138
6,0.200142,True,True,True,0,2.64189312526,-174.176640346,-3.8001147891,-18.5478394227,-5.60671868025,-168.74068866,-11.0757785945,6.88644814238e-16,0.19210711446,True,0.254288681095,0.24292137571
7,0.2335,True,True,True,0,2.37707172199,-174.590417269,-3.6644598701,-18.4891886402,-5.82560658076,-169.705933323,-11.9430189965,2.39293469871e-15,0.206938814383,True,0.254106868896,0.243103028838
8,0.266856,True,True,True,0,2.30761227588,-174.782535646,-3.52361545581,-18.2960035939,-5.94112278313,-170.474864878,-11.8566000278,-3.66114508191e-15,0.205462932751,True,0.254005275294,0.242800694276
9,0.300214,True,True,True,0,2.46542160913,-174.661117241,-3.38438421028,-18.0745099205,-5.94431370924,-171.338641108,-10.7815499058,1.79097951577e-15,0.187064993754,True,0.253998896781,0.242012471705
10,0.333571,True,True,True,0,2.82511023663,-174.222029544,-3.2603554733,-17.9204733818,-5.8527056678,-172.546007561,-8.89909045121,1.66854546857e-15,0.154694702791,True,0.254105166293,0.240928269136
11,0.366928,True,True,True,0,3.308862832,-173.560878196,-3.16597050407,-17.8957375414,-5.7077897407,-174.441236915,-6.60265822865,-3.64749374769e-15,0.114983237742,True,0.254310119793,0.23987098445
12,0.400285,True,True,True,0,3.81058845762,-172.845317628,-3.112791637,-18.0053516393,-5.56230724022,-177.725513852,-4.38747269787,-5.55523821781e-16,0.0765010280204,True,0.254553177079,0.239128452571
13,0.433642,True,True,True,0,4.2299190027,-172.257904882,-3.10529294605,-18.1959958818,-5.46024976824,176.148780226,-2.6980218778,-1.10014564118e-15,0.0470719642629,True,0.254749209057,0.238829970868
14,0.466999,True,True,True,0,4.49652562784,-171.935702323,-3.14369900613,-18.3855586141,-5.42440355032,166.965081739,-1.80762358583,-1.36542649255e-15,0.0315437498177,True,0.254829205526,0.238943496896
15,0.500356,True,True,True,0,4.58039415203,-171.934778594,-3.22046872944,-18.5099778976,-5.45909854633,162.973043691,-1.74825943422,6.05849951158e-18,0.0305081487609,True,0.25477481695,0.239358551017
16,0.533713,True,True,True,0,4.48758507311,-172.233650854,-3.3242992589,-18.5493177983,-5.55612737768,168.0870716,-2.41561790288,-3.36729329679e-15,0.0421479968953,True,0.254615761731,0.239967447305
17,0.56707,True,True,True,0,4.25252853151,-172.760146922,-3.43852384947,-18.5233346018,-5.70613974531,174.466974265,-3.70780460498,-3.40146323318e-15,0.0646682397814,True,0.254411899566,0.240693191929
18,0.600427,True,True,True,0,3.93266648575,-173.415498132,-3.5465656234,-18.4677494208,-5.89568744192,179.300974158,-5.44102806155,1.66345308529e-15,0.0948211859246,True,0.254227556435,0.241469483681
19,0.633784,True,True,True,0,3.60334818126,-174.084202885,-3.63682138634,-18.4143337266,-6.09696067579,-176.979804221,-7.34536925931,3.12716201573e-15,0.127849993309,True,0.254110658342,0.242207014995
20,0.667141,True,True,True,0,3.3462584092,-174.640721748,-3.70576161414,-18.383056837,-6.26191472442,-173.755580453,-9.09006989661,1.20584335515e-15,0.157986933232,True,0.254074717424,0.242745368269
21,0.700498,True,True,True,0,3.23069995107,-174.968084,-3.75944991619,-18.3818382906,-6.32245441754,-170.605033523,-10.3303957681,-1.21596515612e-15,0.179324147076,True,0.254106486318,0.242862335507
22,0.733855,True,True,True,1,3.28735710768,-174.997970719,-3.80804708628,-18.3996437308,-6.21000123625,-167.129337385,-10.7876520519,7.51035390464e-16,0.187169615201,True,0.254168510996,0.242358046355
23,0.767212,True,True,True,0,3.49082651631,-174.748021776,-3.8574861569,-18.397663089,-5.87917892976,-162.818345832,-10.3324416958,2.29258368262e-15,0.179359276307,True,0.25423789062,0.241165214699
24,0.80057,True,True,True,0,3.75884789013,-174.337103708,-3.90739549773,-18.3025906289,-5.32199769649,-156.843732429,-9.03335290288,9.89944947734e-16,0.157009389635,True,0.254302244815,0.239430135804
25,0.833927,True,True,True,0,3.97888255305,-173.951988658,-3.94876567298,-18.0250714288,-4.57054149102,-147.643335131,-7.15731157833,1.18692674744e-15,0.124594020305,True,0.254348484189,0.237492332327
26,0.867284,True,True,True,0,4.0539222833,-173.775939022,-3.96857996905,-17.5077741716,-3.67869844271,-132.017289809,-5.15829125376,1.49297231211e-15,0.0899075972715,True,0.254348119431,0.235734960439
27,0.900641,True,True,True,0,3.94803532383,-173.906207022,-3.95579865248,-16.7797738709,-2.69974762076,-104.953437878,-3.67336505891,6.56587757379e-15,0.0640684028399,True,0.254260641329,0.234433983759
28,0.933998,True,True,True,0,3.70590781224,-174.308063908,-3.90564309064,-15.9788516952,-1.67191043724,-70.6517355328,-3.21995819955,2.80350801569e-15,0.056169294756,True,0.254061359323,0.233659141542
29,0.967355,True,True,True,0,3.43661453281,-174.826750011,-3.82260812944,-15.3178357321,-0.620216297032,-46.4357654125,-3.34243947105,8.33570401291e-16,0.0583034913728,True,0.253767453575,0.233293751434
30,1.000712,True,True,True,0,3.26622477042,-175.25915035,-3.72246810133,-14.997963914,0.437404627236,-34.7766655278,-3.23597588338,1.54179855214e-15,0.0564484125238,True,0.253445770825,0.233145561315
31,1.034069,True,True,True,0,3.28367127091,-175.440646149,-3.62614898323,-15.1198991921,1.48491134356,-32.4248057108,-2.65216662796,2.62333191782e-17,0.0462725113437,True,0.253195419021,0.233049190895
32,1.067426,True,True,True,1,3.50570085459,-175.308385678,-3.55276368689,-15.6375580216,2.50793815277,-41.9008003651,-1.79564152849,-2.6029839312e-15,0.0313347268449,True,0.253119087903,0.232902322809
33,1.100783,True,True,True,0,3.87645872428,-174.911671613,-3.51176503616,-16.3783980179,3.49144843009,-73.387668233,-1.21484699446,3.49973268655e-15,0.0212014912834,True,0.2532770842,0.232632103687
34,1.13414,True,True,True,0,4.29438781264,-174.378257935,-3.49739340784,-17.110443627,4.41117341597,-104.598160913,-1.317892403,-4.45314014565e-15,0.0229995334265,True,0.253675335029,0.232168393615
35,1.167497,True,True,True,0,4.64980328339,-173.86074624,-3.49094167775,-17.627503841,5.2393680786,-105.867718453,-1.5440348045,7.4443748171e-15,0.0269452294616,True,0.254254879642,0.231474985597
36,1.200854,True,True,True,0,4.85722761614,-173.489376979,-3.47190812661,-17.8154995873,5.95804796751,-85.2581216453,-1.75864165943,1.74464394234e-15,0.0306892679255,True,0.254895214429,0.230618884801
37,1.234211,True,True,True,0,4.87288829899,-173.340892995,-3.42710585598,-17.6921883228,6.57373313213,-59.9541094619,-2.35922355717,-3.01179540745e-15,0.0411645842668,True,0.25541548943,0.229790679683
38,1.267568,True,True,True,0,4.70120226972,-173.421071034,-3.35621272453,-17.4131195066,7.12092632923,-45.6595784691,-3.25272147825,-5.76992708421e-16,0.0567402098618,True,0.255589032155,0.22922344295
39,1.300925,True,True,True,1,4.39380832046,-173.658870453,-3.27226542335,-17.2346278822,7.65312949217,-41.6229710004,-3.89955942316,1.56213388287e-15,0.0680076189535,True,0.255188925001,0.229095595495
40,1.334282,True,True,True,0,4.0385516779,-173.927588767,-3.194163516,-17.4183055102,8.22671134147,-46.3123710104,-3.92040772618,-2.69325560511e-15,0.0683706435397,True,0.254088242878,0.229482086257
41,1.367639,True,True,True,0,3.73831111484,-174.087456618,-3.13795522974,-18.1195449172,8.89020915914,-63.3634390675,-3.4259623445,3.54521493209e-16,0.0597586982811,True,0.252332810813,0.230407742609
42,1.400997,True,True,True,1,3.57878068836,-174.045292896,-3.11249979871,-19.2946881925,9.68406649576,-96.4389579469,-3.27133564464,-5.22074286179e-17,0.0570645619659,True,0.250150183728,0.231862175251
43,1.434354,True,True,True,0,3.59703820775,-173.798358833,-3.11520766046,-20.6965645281,10.6372854714,-126.854671525,-4.17296431642,3.29740482301e-15,0.0727675944931,True,0.247840003343,0.233774545796
44,1.467711,True,True,True,0,3.76627744002,-173.441570569,-3.13354812851,-21.9612386627,11.7554507316,-143.036320041,-5.39258310728,-2.40550397878e-15,0.0939794378323,True,0.2456683636,0.235967979516
45,1.501068,True,True,True,0,4.00859669447,-173.130505336,-3.15388280142,-22.7515560972,13.0087859432,-151.642393485,-6.09638467405,-1.49954057051e-15,0.106201329055,True,0.243823098194,0.238190319407
46,1.534426,True,True,True,0,4.23206554011,-173.010230297,-3.16606580727,-22.9051414231,14.3340632479,-157.666170095,-6.00180382106,1.73178640885e-16,0.104559773367,True,0.242435013991,0.240198818702
47,1.567783,True,True,True,0,4.37140606437,-173.147833877,-3.17021313962,-22.5137560936,15.6565740114,-164.150501237,-5.28543451236,-1.95933386557e-15,0.0921174555969,True,0.241570057476,0.241833683514
48,1.60114,True,True,True,0,4.41010162861,-173.500984787,-3.17613675765,-21.8980549783,16.9081393505,-173.761837265,-4.45749108596,3.8525622808e-15,0.0777194407839,True,0.241212643189,0.243012405401
49,1.634497,True,True,True,0,4.37550244697,-173.937660733,-3.20018945867,-21.4702019749,18.0407821384,173.428293655,-4.13797552524,2.71955323167e-15,0.0721585302866,True,0.241254835371,0.243697954987
50,1.667854,True,True,True,0,4.313250661,-174.301731594,-3.25771898135,-21.5383652574,19.0251102917,163.543630807,-4.64701169316,4.75487570722e-15,0.0810167631147,True,0.241572033659,0.243874192134
51,1.701211,True,True,True,1,4.25817919619,-174.490572812,-3.35539012681,-22.1471689293,19.848269825,160.110305311,-5.79358767373,-7.86026265154e-16,0.100944953276,True,0.242080819573,0.243572333217
52,1.734569,True,True,True,0,4.2182228016,-174.505352109,-3.48536897184,-23.0414172938,20.5167294522,160.029502941,-7.13697037114,-5.32567126236e-15,0.124241757814,True,0.24273504892,0.242865696437
53,1.767926,True,True,True,0,4.17878695116,-174.445594623,-3.62907622637,-23.7811080036,21.0603239978,160.005821634,-8.17101601624,-1.26123842941e-15,0.142128221387,True,0.243484902581,0.24184031054
54,1.801283,True,True,True,0,4.12194378289,-174.456972641,-3.76234272497,-23.9331615586,21.5239149498,158.13484456,-8.4751900605,8.08487133915e-16,0.147381138452,True,0.244262535001,0.240590909589
55,1.83464,True,True,True,0,4.04583770457,-174.656505032,-3.86697667849,-23.2471982967,21.9562989991,152.752728967,-7.89409028946,-3.9442082152e-15,0.137342380291,True,0.245041608569,0.239242547079
56,1.867998,True,True,True,0,3.97200132557,-175.077377261,-3.93522565232,-21.7294451915,22.3960124761,140.95885867,-6.65398310684,-3.86173026616e-15,0.115873038227,True,0.245869179872,0.23794588224
57,1.901355,True,True,True,0,3.93545675468,-175.653599749,-3.97042509836,-19.6160905631,22.8619420183,117.862148254,-5.48617922067,-3.43089677343e-15,0.09560564215,True,0.24681404706,0.236839453204
58,1.934712,True,True,True,0,3.96253875428,-176.252382775,-3.98370066939,-17.2777269678,23.3466060638,85.5003901899,-5.5388646398,1.96308201034e-15,0.0965209235138,True,0.247895912247,0.23599218015
59,1.968069,True,True,True,0,4.04930340796,-176.734632921,-3.98701235238,-15.1077236639,23.8186930999,60.7587678189,-7.0331389751,-5.23961998749e-16,0.122443396027,True,0.249049420068,0.235387479219
60,2.001426,True,True,True,0,4.15593731939,-177.012799802,-3.9858257096,-13.4246985882,24.2273682858,47.5779051787,-8.99966005016,1.28432773074e-15,0.156428604842,True,0.250126149782,0.234945705975
61,2.034783,True,True,True,1,4.22735746482,-177.069668843,-3.97855987963,-12.4137004476,24.5199077162,41.0764965898,-10.6684269225,-4.97406579063e-16,0.185125114357,True,0.250959089985,0.234567510408
62,2.068141,True,True,True,0,4.22519676873,-176.94306827,-3.96009908305,-12.0965209825,24.6560151563,38.1457895354,-11.678310689,1.01255405782e-15,0.202416596149,True,0.251432049574,0.234183541751
63,2.101498,True,True,True,0,4.1520797196,-176.688537234,-3.92711998644,-12.3257460102,24.630008898,37.1685444288,-11.9923962863,7.5714187024e-15,0.207781879177,True,0.251550419006,0.233797904075
64,2.134855,True,True,True,0,4.04734200972,-176.354306045,-3.88488037225,-12.8007808069,24.4880309674,36.8822737162,-11.8863061494,1.77629884301e-15,0.205970313142,True,0.251468462965,0.233493326102
65,2.168212,True,True,True,0,3.95890421972,-175.97229554,-3.84533914876,-13.1419357044,24.3200434887,35.8960618972,-11.8855596714,-1.11792169718e-15,0.205957563978,True,0.251427924485,0.233386108743
66,2.20157,True,True,True,0,3.91269457381,-175.558958575,-3.82327104194,-13.0244128371,24.2168362953,33.0897744202,-12.5820971658,4.13714401084e-15,0.21783829248,True,0.251680784014,0.233569287538
67,2.234927,True,True,True,0,3.89786516535,-175.125488288,-3.82855047013,-12.3338945062,24.2053695383,28.7150713328,-14.3386212123,-6.16742881256e-15,0.247652138393,True,0.252397817427,0.234110479281
68,2.268284,True,True,True,0,3.8754744176,-174.689901712,-3.86355591294,-11.26935475,24.2143241471,24.1980236583,-16.9697881091,-5.67883059116e-15,0.291867407501,True,0.253511275215,0.235067463008
69,2.301641,True,True,True,1,3.80122005747,-174.294106759,-3.92128711327,-10.3048370798,24.0951628531,20.6462825192,-19.6251434034,2.59380688724e-15,0.335864945383,True,0.254548152684,0.236367968934
70,2.334999,True,True,True,0,3.64995237594,-174.002199973,-3.98755058314,-9.99290744905,23.6770048939,18.3527192637,-21.1046353798,-3.17156582137e-15,0.360072285346,True,0.254694598033,0.237659353693
71,2.368355,True,True,True,0,3.42751527179,-173.88257279,-4.04632608571,-10.6959990331,22.8148849426,17.1104150075,-20.4292397482,8.57125786315e-16,0.349050324914,True,0.253288758764,0.238467720646
72,2.401713,True,True,True,0,3.16655898901,-173.974671914,-4.08255748552,-12.3985209437,21.424892773,16.3011025206,-17.3290381937,-4.65126943188e-15,0.297858720181,True,0.250423684513,0.238625186885
73,2.43507,True,True,True,0,2.90817637604,-174.261013451,-4.08646443726,-14.6904853414,19.5404850995,14.5569986415,-12.4300334409,2.02469091355e-15,0.21524725209,True,0.24699340224,0.238436912182
74,2.468427,True,True,True,0,2.68493052847,-174.659397868,-4.05776990651,-16.9428309074,17.3577133415,7.96550685727,-7.08035939355,2.94161248396e-17,0.123261304795,True,0.244038217132,0.238315024661
75,2.501784,True,True,True,0,2.51252032706,-175.041559058,-4.0056409344,-18.6026890389,15.1795917876,-21.049573814,-3.10490971974,-1.73037822091e-15,0.0541643781671,True,0.242091851067,0.238322388961
76,2.535141,True,True,True,0,2.39719421927,-175.277269129,-3.94388259072,-19.4330333167,13.2775584854,-79.8971724477,-2.7780904305,-4.44701965036e-16,0.0484678286339,True,0.241142724155,0.238197890482
77,2.568498,True,True,True,0,2.34918267032,-175.284011529,-3.88831605441,-19.5584999592,11.7852056575,-92.6565122566,-3.71793107349,-6.8371114387e-15,0.0648446090382,True,0.240981439395,0.237707258175
78,2.601855,True,True,True,0,2.38809568947,-175.063310104,-3.85020940831,-19.3219462587,10.6861905358,-85.1401911136,-4.17177090435,1.78124272385e-15,0.0727468207266,True,0.241434478412,0.236841275317
79,2.635212,True,True,True,1,2.53467274741,-174.699354778,-3.83572742945,-19.0744746304,9.8730878113,-73.7523643757,-4.47088310945,-1.56014063514e-15,0.0779524665772,True,0.242327129814,0.235718209184
80,2.668569,True,True,True,0,2.79324513077,-174.323848154,-3.84564311729,-19.0058146696,9.21897431827,-66.6736983923,-4.70103207304,2.50216455691e-15,0.0819564611184,True,0.243442383504,0.234457496022
81,2.701926,True,True,True,0,3.13871775071,-174.05939263,-3.87691892728,-19.1087714307,8.61949618902,-66.157291539,-4.72364384927,-3.29569530535e-15,0.0823497770331,True,0.244587650567,0.233153883485
82,2.735283,True,True,True,0,3.51707285386,-173.972883578,-3.9239042863,-19.2597662725,7.99982368343,-70.8855143036,-4.54533603637,2.85613193592e-15,0.0792478949884,True,0.245649616358,0.231918136634
83,2.76864,True,True,True,0,3.85584432792,-174.057497707,-3.97788615732,-19.3424321269,7.29875514014,-78.1554681908,-4.28480650185,8.48636260725e-15,0.0747142940622,True,0.246594228653,0.230874146636
84,2.801997,True,True,True,0,4.08340715025,-174.250202515,-4.02654413259,-19.3211357438,6.45887021422,-85.0495705115,-4.0093760371,-2.72342794383e-15,0.0699197169021,True,0.24745397776,0.230117072648
85,2.835354,True,True,True,0,4.15336258431,-174.46341174,-4.05722997848,-19.2432693892,5.43158490645,-89.7805169091,-3.73178897299,-2.19666060799e-15,0.0650859640753,True,0.248305669941,0.22969664575
86,2.868712,True,True,True,0,4.06573840091,-174.620426534,-4.05971522782,-19.1853979752,4.19824902347,-92.2642140919,-3.48853728958,4.86469802688e-15,0.0608488494324,True,0.249260765918,0.229611166795
87,2.902069,True,True,True,0,3.87635101358,-174.675634204,-4.03379338417,-19.1931881859,2.79490091691,-93.5628259435,-3.35365140098,-5.70658802476e-16,0.0584988424691,True,0.250416250481,0.229799290323
88,2.935426,True,True,True,0,3.68087912355,-174.626976497,-3.99402351584,-19.247015219,1.32393525975,-94.8706279086,-3.38470391687,9.69740681893e-16,0.0590398743603,True,0.251796177719,0.230162245788
89,2.968783,True,True,True,0,3.57977463522,-174.511689998,-3.96703532174,-19.2711264931,-0.0689942280445,-96.5340083668,-3.59150678057,-2.74620526345e-15,0.0626425767041,True,0.25332089252,0.230596734159
90,3.00214,True,True,True,1,3.64006018616,-174.385384326,-3.98571280508,-19.1815839232,-1.23809645575,-98.1669779357,-3.9322829819,6.4853244968e-15,0.0685774193857,True,0.254812537339,0.231031232287
91,3.035497,True,True,True,0,3.87276113922,-174.289948704,-4.07607376983,-18.9493354255,-2.09214814691,-99.52501174,-4.34726529469,-4.29678785857e-15,0.0758013141532,True,0.256074614966,0.231439170738
92,3.068854,True,True,True,0,4.23473077888,-174.228451,-4.24684681579,-18.6370005942,-2.62523723528,-100.860235378,-4.797295705,1.69505396665e-15,0.0836308099205,True,0.256971150266,0.231829676608
93,3.102211,True,True,True,0,4.64915169048,-174.163109215,-4.4815794738,-18.386942922,-2.91049564133,-102.754268257,-5.27510893323,1.24883053312e-15,0.091938004998,True,0.257479501928,0.232222116031
94,3.135568,True,True,True,0,5.03469859557,-174.034933884,-4.74148083561,-18.3645777799,-3.06626863006,-105.671845451,-5.79769299763,-3.90084245954e-15,0.101016238441,True,0.257685361068,0.232623320402
95,3.168925,True,True,True,0,5.33110243663,-173.795542164,-4.97595905126,-18.6824104659,-3.2122078688,-109.607325407,-6.37671256011,-4.52240863138e-15,0.111065013492,True,0.257749798964,0.233029382821
96,3.202282,True,True,True,0,5.51232649028,-173.425497043,-5.1367868106,-19.3605585262,-3.43718444759,-114.145455136,-6.99082329507,3.01879461609e-15,0.121710371963,True,0.257847601891,0.23342876003
97,3.235639,True,True,True,0,5.58511366979,-172.945363382,-5.1958701496,-20.323119808,-3.78243674457,-118.766154417,-7.58312891342,2.31380138289e-15,0.131964515156,True,0.258103609093,0.233817411672
98,3.268996,True,True,True,0,5.57426842532,-172.417494274,-5.15435520883,-21.4324295118,-4.24412543809,-123.194607718,-8.0896664827,-3.93948195332e-15,0.140722675019,True,0.258549904695,0.234208362176
99,3.302353,True,True,True,0,5.50643188287,-171.939435524,-5.04395047728,-22.5309585945,-4.78479573365,-127.468200454,-8.49053477561,1.63858960192e-15,0.147646024355,True,0.259123525968,0.234630807419
100,3.33571,True,True,True,0,5.3981480233,-171.628619974,-4.91399535393,-23.4698437938,-5.35501316732,-131.77800028,-8.83683719211,2.77074957024e-15,0.153621166581,True,0.259700266704,0.235129145231
101,3.369067,True,True,True,0,5.25190244613,-171.59603674,-4.81605028626,-24.1230406086,-5.90585699908,-136.250672423,-9.23015918046,-1.83564388197e-15,0.160400771343,True,0.260140920551,0.235742499244
102,3.402425,True,True,True,0,5.05930286547,-171.913054989,-4.7873122477,-24.3907344466,-6.39823622059,-140.741703056,-9.75546637457,-4.38637914927e-16,0.169443531271,True,0.26033964684,0.236475758703
103,3.435782,True,True,True,0,4.80608602033,-172.586212217,-4.8400025881,-24.2065721312,-6.81143747128,-144.851897928,-10.4127755341,2.98150910038e-15,0.180738452741,True,0.260242695961,0.23729646809
104,3.469139,True,True,True,0,4.48087994688,-173.547580465,-4.95916070605,-23.5546109776,-7.14616382887,-148.173678704,-11.0854907219,5.22577995329e-15,0.192273463027,True,0.259855079696,0.238132198373
105,3.502496,True,True,True,0,4.09040988866,-174.65658647,-5.11008054457,-22.4939463206,-7.42398570762,-150.46181053,-11.5695736431,9.33963830873e-16,0.200557699072,True,0.259232497089,0.238878518852
106,3.535853,True,True,True,0,3.67124289675,-175.728420833,-5.24941290117,-21.1547155579,-7.68255681412,-151.577053544,-11.6335223559,6.52170073598e-16,0.20165101216,True,0.258468403216,0.239432284851
107,3.56921,True,True,True,0,3.29229011992,-176.570644996,-5.3418294749,-19.7152493486,-7.96216714412,-151.320217615,-11.0899406013,1.76451136862e-15,0.192349678371,True,0.257677784343,0.239732272008
108,3.602567,True,True,True,0,3.04183688029,-177.026900828,-5.36821086137,-18.3515921296,-8.29308001485,-149.126104745,-9.84490348325,4.64503691758e-15,0.170981724415,True,0.256976741681,0.239805418327
109,3.635924,True,True,True,0,3.00291022024,-177.006156034,-5.33016643981,-17.205956549,-8.68453873462,-143.450118672,-7.96669200509,9.39902143174e-17,0.138597400802,True,0.256456032282,0.239788721207
110,3.669281,True,True,True,0,3.22615743397,-176.496787431,-5.24562416877,-16.3682713911,-9.12109025218,-130.003848528,-5.80086077675,4.15978822227e-15,0.101071243651,True,0.256156065351,0.239895589434
111,3.702639,True,True,True,0,3.70637879963,-175.574176048,-5.13780264419,-15.875384816,-9.57306533292,-100.090694191,-4.26986338336,6.93881135026e-16,0.0744542138654,True,0.256039572662,0.240312951247
112,3.735996,True,True,True,0,4.37256920799,-174.395497206,-5.0278921026,-15.7168533,-10.0159827722,-62.7374716035,-4.58013596638,-1.77773093732e-15,0.0798533434662,True,0.255983859405,0.24108262203
113,3.769353,True,True,True,0,5.09780773635,-173.180218756,-4.92527462398,-15.8377450162,-10.4557615923,-43.2548715935,-5.92595984632,5.35489440133e-18,0.103243210939,True,0.255804217207,0.242047884108
114,3.80271,True,True,True,0,5.73077494124,-172.165638985,-4.82674134192,-16.1522846289,-10.9392073927,-37.1117194532,-6.88025694162,-4.8795446535e-16,0.119794746021,True,0.255340603291,0.242919619516
115,3.836067,True,True,True,1,6.13987427997,-171.543804402,-4.71928595991,-16.557067981,-11.54239268,-38.5414525823,-6.90633937262,-3.55547666694e-15,0.120246679675,True,0.254549732284,0.243437616109
116,3.869424,True,True,True,0,6.2488073586,-171.408731048,-4.59149057006,-16.9370291771,-12.335770416,-47.1460564121,-6.10781727622,4.69445659606e-15,0.10639973504,True,0.253576355617,0.243504408983
117,3.902781,True,True,True,0,6.05823309134,-171.73003852,-4.43926822618,-17.1644717484,-13.3496003097,-65.0438844164,-5.12285699838,2.65066339691e-15,0.089291640324,True,0.252716916968,0.243159476593
118,3.936138,True,True,True,0,5.64502605251,-172.367513096,-4.2734073782,-17.1058007868,-14.5506408515,-88.9369884016,-4.77958897756,-1.17934050718e-17,0.0833228478672,True,0.252286701619,0.242469933019
119,3.969495,True,True,True,0,5.14156140861,-173.116141687,-4.11439629853,-16.6587950274,-15.8508245321,-105.458839792,-5.03045834024,-7.44013672982e-16,0.0876853058375,True,0.252483847707,0.241440452247
120,4.002853,True,True,True,0,4.69530359213,-173.766112306,-3.9847381015,-15.8096586553,-17.1412242003,-108.170619473,-5.07198869619,3.55800138636e-15,0.0884073322646,True,0.253356220153,0.240047455569
121,4.03621,True,True,True,0,4.4193957012,-174.160832989,-3.90021078709,-14.6673412097,-18.3333252249,-95.5636635595,-4.69339935972,-2.40724556396e-15,0.0818236925637,True,0.254843599147,0.238368519987
122,4.069567,True,True,True,2,4.35683185907,-174.235754438,-3.86558868483,-13.4390551347,-19.3866927036,-67.9305490255,-4.77461459211,1.73461754084e-15,0.0832363300542,True,0.256815441788,0.236619361029
123,4.102924,True,True,True,0,4.47451287118,-174.023999075,-3.87456106771,-12.3573336661,-20.3111830586,-42.1060059702,-6.190736331,3.8904282626e-15,0.107838618451,True,0.259037503758,0.235048979498
124,4.136281,True,True,True,0,4.68966583657,-173.627836719,-3.91557097904,-11.5948101601,-21.1477745918,-28.607667103,-8.26441738659,2.32366142507e-15,0.143741644281,True,0.261165815472,0.233782993979
125,4.169638,True,True,True,0,4.91162256679,-173.164607643,-3.97479696177,-11.2233813556,-21.9452928993,-23.1695322796,-10.0204489992,1.97356953259e-15,0.173999646816,True,0.2628384556,0.232782752117
126,4.202995,True,True,True,0,5.07866163808,-172.720050673,-4.03909099648,-11.2127416965,-22.7447780109,-22.230481667,-11.0002873941,2.73606722912e-15,0.19081391919,True,0.263813994657,0.231965882806
127,4.236352,True,True,True,1,5.17470710069,-172.328175383,-4.09890718687,-11.4571739562,-23.5663575658,-24.2401742737,-11.2148733456,-5.47276483554e-16,0.194488989694,True,0.264062904087,0.231329031168
128,4.269709,True,True,True,0,5.22492247771,-171.985165853,-4.14424189363,-11.7949063123,-24.4110576615,-28.2107515706,-11.0033075876,-6.73607664712e-16,0.190865662721,True,0.263751653527,0.230962647036
129,4.303067,True,True,True,0,5.27289883046,-171.682663668,-4.16774071638,-12.0259591807,-25.2606690358,-32.6947994767,-10.8266385871,-4.86361944198e-15,0.187837990163,True,0.263156418151,0.230942208897
130,4.336424,True,True,True,0,5.35281465351,-171.437428155,-4.16463560912,-11.9395841044,-26.0877924647,-35.5858035645,-11.0542418812,2.28074910929e-15,0.191738215618,True,0.262570015779,0.231243064674
131,4.369781,True,True,True,0,5.4710010356,-171.288256786,-4.13644115313,-11.3829897365,-26.8627999326,-35.3171241062,-11.8627560713,4.1682229377e-15,0.205568082481,True,0.262230368954,0.231748113727
132,4.403138,True,True,True,1,5.60748635198,-171.264491414,-4.0929432069,-10.3499690417,-27.5617006056,-32.1836484454,-13.2639710389,4.19975686631e-15,0.229437733516,True,0.262273628535,0.232332151346
133,4.436495,True,True,True,0,5.73224508346,-171.356136374,-4.04827930197,-9.02062484491,-28.1702572097,-27.8459998411,-15.0945077359,-3.68603381565e-15,0.260411959082,True,0.262671347446,0.232918395929
134,4.469853,True,True,True,0,5.82152633176,-171.517648696,-4.01596181484,-7.703648105,-28.6887659909,-23.9225925265,-16.9853359181,-5.77500425682e-15,0.292126941848,True,0.263223249298,0.233452477068
135,4.50321,True,True,True,0,5.86649845422,-171.698633617,-4.00180182662,-6.7008140085,-29.1305247772,-21.2850358891,-18.474460054,6.14223316961e-16,0.316881903794,True,0.26362628416,0.233854548611
136,4.536567,True,True,True,0,5.87093392157,-171.875106297,-4.00253881163,-6.17208671125,-29.5120888533,-20.2039827851,-19.2224758718,1.08331372228e-14,0.329237079467,True,0.263645188101,0.234029326577
137,4.569924,True,True,True,0,5.84181058794,-172.058214398,-4.00299145697,-6.08225995699,-29.8436017601,-20.5985456016,-19.1577621159,-1.76189272686e-15,0.328170372486,True,0.263234963295,0.233955085104
138,4.603281,True,True,True,0,5.78446530222,-172.271395256,-3.98251851267,-6.24675441864,-30.1270948556,-22.1462642698,-18.4900237481,2.67444209232e-15,0.317139530958,True,0.262538145851,0.233715382157
139,4.636639,True,True,True,0,5.70217184679,-172.5210859,-3.92171740067,-6.44154354886,-30.3623102726,-24.2766785236,-17.5835265211,9.11248645363e-16,0.302095820264,True,0.26177533062,0.233460431542
140,4.669996,True,True,True,0,5.60244161073,-172.78005124,-3.81096060665,-6.51319183969,-30.553343748,-26.2492808725,-16.7846597981,-7.43175232268e-15,0.288775476707,True,0.261132266329,0.233297367439
141,4.703353,True,True,True,0,5.50135694051,-172.993848952,-3.65639760298,-6.43809726769,-30.7078702044,-27.4208872788,-16.2959239921,2.91425916727e-16,0.280598427895,True,0.260704017111,0.233246316177
142,4.73671,True,True,True,0,5.4210525069,-173.108981453,-3.4806769341,-6.29556827814,-30.8310752025,-27.5630124027,-16.1611098094,3.71314443784e-15,0.278339231082,True,0.260504023604,0.233259465647
143,4.770068,True,True,True,0,5.37642367986,-173.108865585,-3.31699012137,-6.18236034732,-30.9197938979,-26.8703644001,-16.3194225155,4.01844809936e-15,0.280992054156,True,0.260499242294,0.233256834965
144,4.803425,True,True,True,1,5.35969909928,-173.036496764,-3.19995579932,-6.11904955381,-30.9621329627,-25.6807678424,-16.6823138833,-2.14009947593e-15,0.287064844589,True,0.260648055101,0.233165933929
145,4.836782,True,True,True,0,5.33655323727,-172.98784546,-3.15298190063,-6.01991307547,-30.9467192221,-24.2307670454,-17.1779432071,-8.87979249228e-16,0.295340280688,True,0.260936114959,0.232941102022
146,4.870139,True,True,True,0,5.26145188347,-173.066958611,-3.18455469927,-5.74878718564,-30.8666937698,-22.625344166,-17.7567597402,-2.12720295032e-15,0.304976660299,True,0.261361678425,0.232594285474
147,4.903497,True,True,True,0,5.10768195381,-173.323269933,-3.2860904805,-5.22819291175,-30.7249475491,-20.970577297,-18.3645828854,9.68337020143e-15,0.315062433469,True,0.261923630415,0.232183878471
148,4.936854,True,True,True,0,4.89068251525,-173.709307737,-3.43485678794,-4.52782547117,-30.5364017975,-19.47834517,-18.911227007,8.625267527e-15,0.324102795736,True,0.262582736464,0.231805997796
149,4.970211,True,True,True,0,4.66372394475,-174.091506801,-3.60164540482,-3.85597960933,-30.3279350827,-18.4301080641,-19.2800686939,6.79422821353e-15,0.330186055596,True,0.263264445533,0.231553663188
150,5.003568,True,True,True,0,4.49097503308,-174.312107887,-3.75670577809,-3.45396544737,-30.1330789051,-18.0379999474,-19.3854966388,-5.06733370381e-15,0.331922361968,True,0.263871968585,0.231498311082
151,5.036926,True,True,True,0,4.40970659009,-174.273752486,-3.87730921511,-3.45779865987,-29.9788637172,-18.3130387303,-19.2276975921,9.0854061743e-15,0.329323133221,True,0.264328816961,0.231673106055
152,5.070283,True,True,True,0,4.40744772363,-174.0011698,-3.95159180228,-3.80935865295,-29.8749297844,-19.0147473902,-18.9009243331,1.65898667703e-15,0.323932681025,True,0.264597177874,0.232059957341
153,5.10364,True,True,True,0,4.42625344194,-173.638803068,-3.98007427573,-4.28359500328,-29.8131561186,-19.7205330631,-18.5357434517,-4.16502962416e-15,0.317896197722,True,0.264676971658,0.232590426789
154,5.136997,True,True,True,0,4.39194303433,-173.381196489,-3.97207297314,-4.60603823282,-29.7802131927,-20.0004386353,-18.2345284164,-2.1381825909e-15,0.312907347743,True,0.264596374421,0.233153972707
155,5.170354,True,True,True,0,4.25637584753,-173.371135948,-3.94296740361,-4.59388482977,-29.7579355348,-19.5941038916,-18.0445710406,7.6501249801e-15,0.309756738516,True,0.264406104071,0.233638676976
156,5.203712,True,True,True,0,4.03111819749,-173.62234093,-3.90893000506,-4.24192555866,-29.7217502545,-18.4880141062,-17.9742899227,5.31025354903e-15,0.308590199968,True,0.264185314234,0.233969860597
157,5.237069,True,True,True,0,3.79351295715,-174.008205498,-3.88371469593,-3.71538146265,-29.6446718931,-16.8890453629,-18.0271577557,4.4332959035e-15,0.309467753067,True,0.264034227666,0.2341259387
158,5.270426,True,True,True,0,3.65627676258,-174.324124008,-3.87668734828,-3.25943666078,-29.5066014434,-15.1218078624,-18.2142111936,-1.69501382968e-15,0.312570532483,True,0.264047188529,0.234130233202
159,5.303783,True,True,True,0,3.7115062428,-174.389301349,-3.89012395187,-3.07918308903,-29.3060069162,-13.5489099396,-18.5344504008,-1.01770526951e-16,0.317874800349,True,0.264277428635,0.23402910215
160,5.337141,True,True,True,0,3.97953072915,-174.135254515,-3.91900837867,-3.24652550892,-29.0620370522,-12.4880548157,-18.9447508977,-1.30571338665e-15,0.324656259772,True,0.264707089845,0.233860395666
161,5.370498,True,True,True,0,4.39403877253,-173.634985978,-3.95094035808,-3.68590372033,-28.811968976,-12.1460884628,-19.3410776064,5.88626134388e-15,0.331190955877,True,0.265250891026,0.233624095217
162,5.403855,True,True,True,0,4.82972341672,-173.066391418,-3.96987815382,-4.22075013608,-28.6065135104,-12.5852502887,-19.5956034737,-6.619942975e-15,0.335379281058,True,0.265777473925,0.233290976941
163,5.437212,True,True,True,0,5.15749747395,-172.632323446,-3.96174933064,-4.64682530282,-28.4931405015,-13.7080932507,-19.6354028205,7.89066974964e-16,0.336033599004,True,0.266174312882,0.232835598863
164,5.470569,True,True,True,0,5.29780464524,-172.472336475,-3.91901396204,-4.79149594253,-28.4903445677,-15.2198664807,-19.5236087047,-2.35674102152e-15,0.334195245962,True,0.26639781528,0.232283159633
165,5.503926,True,True,True,0,5.24714865019,-172.605332982,-3.84579868479,-4.55504032107,-28.5667713487,-16.5884134421,-19.4650250104,-2.10027201512e-15,0.333231381635,True,0.266507161093,0.231724851358
166,5.537283,True,True,True,0,5.06812277727,-172.932633196,-3.75709980373,-3.92866489847,-28.6476746302,-17.1495554051,-19.7213508661,5.00530017163e-15,0.337446067335,True,0.266628183362,0.231290806653
167,5.57064,True,True,True,0,4.85196013042,-173.291771833,-3.67595250287,-3.01862080906,-28.6499267378,-16.5057920315,-20.4504425834,5.63930579078e-15,0.349397085036,True,0.2668802755,0.231107123036
168,5.603997,True,True,True,0,4.66915513634,-173.546226001,-3.62722423593,-2.03793376575,-28.5256843622,-14.9259075334,-21.5599754453,-3.10623570124e-15,0.367474958013,True,0.267293882139,0.231241297542
169,5.637354,True,True,True,0,4.54018019261,-173.648897795,-3.62486930182,-1.26342002397,-28.2906856377,-13.2158828337,-22.6564515239,-2.75889278303e-15,0.385204742663,True,0.267746628322,0.23161109821
170,5.670711,True,True,True,0,4.4400179675,-173.646570204,-3.66847277505,-0.954536918998,-28.0069012372,-12.2248261799,-23.169757878,-4.3064047051e-15,0.393456712493,True,0.267988355047,0.231955210948
171,5.704068,True,True,True,0,4.33058577286,-173.631487062,-3.74309785965,-1.27042552099,-27.7360324178,-12.5445813274,-22.6216402997,1.01605453654e-14,0.384643986644,True,0.267771810297,0.231961951854
172,5.737426,True,True,True,0,4.19348601829,-173.676021054,-3.82734171785,-2.22863147305,-27.4870317199,-14.5282493507,-20.8675737233,-1.10294534212e-15,0.356209233593,True,0.267032775734,0.231471392809
173,5.770783,True,True,True,0,4.04141431219,-173.797604681,-3.90068808349,-3.70079860598,-27.2014741143,-18.4029487562,-18.1654055471,-1.09934194985e-15,0.31176128074,True,0.265914238101,0.230576765195
174,5.80414,True,True,True,1,3.90142523955,-173.972108355,-3.95131369085,-5.4436618537,-26.7756675348,-24.2754729029,-15.0371345947,3.33302288339e-15,0.259445027457,True,0.264623233256,0.22953850184
175,5.837497,True,True,True,0,3.7874174809,-174.174389448,-3.97516497268,-7.15719054043,-26.1176522447,-32.0419626265,-12.028472327,-7.22156996876e-15,0.208397741738,True,0.263266220575,0.228643920693
176,5.870854,True,True,True,0,3.68074498531,-174.415755004,-3.97330560702,-8.5575298758,-25.1871498249,-41.1984642569,-9.48773016967,1.62346012111e-15,0.164836390064,True,0.261825304195,0.22814155067
177,5.904211,True,True,True,0,3.53660285409,-174.743457957,-3.95069504545,-9.44445684343,-24.0048096766,-50.8548763804,-7.50351492402,2.63431731218e-15,0.130587014139,True,0.260260496069,0.228242707505
178,5.937568,True,True,True,0,3.31253201858,-175.205509168,-3.91226534135,-9.74145120002,-22.6308387889,-60.0344733149,-5.99292142785,9.30924510482e-17,0.104405594869,True,0.258608877363,0.229118558956
179,5.970925,True,True,True,0,3.00132221828,-175.803036271,-3.86347910103,-9.51436710802,-21.1328794578,-68.0699304212,-4.82985091991,2.68368082825e-15,0.0841970015801,True,0.257000198866,0.23085853013
180,6.004282,True,True,True,1,2.64329235531,-176.465988268,-3.81296450134,-8.96982003812,-19.5674819199,-75.0358659917,-3.91928698703,-3.59934748583e-16,0.0683511287105,True,0.255594797408,0.233429361264
181,6.037639,True,True,True,0,2.31078812746,-177.067287717,-3.77256526222,-8.42390464169,-17.9777772129,-82.5103051257,-3.21951093344,1.41247185287e-15,0.056161500812,True,0.254508652179,0.236651253717
182,6.070996,True,True,True,0,2.07499222677,-177.466419281,-3.75757934505,-8.23576796071,-16.3977014528,-94.2787090363,-2.77712400138,7.93505338192e-17,0.0484509810803,True,0.253769087396,0.240194379328
183,6.104353,True,True,True,1,1.97926719651,-177.556648272,-3.78451165064,-8.70878872408,-14.8429388274,-113.020285578,-2.7966962339,1.94906659029e-15,0.0487921769582,True,0.253342221548,0.243605944143
184,6.13771,True,True,True,0,2.03076072434,-177.29777412,-3.86290921556,-9.99703643885,-13.3066763109,-132.161696973,-3.55384262048,-3.1089648538e-15,0.0619864906586,True,0.253197295258,0.246384890231
185,6.171067,True,True,True,0,2.2092588398,-176.725082551,-3.99304539263,-12.0434042048,-11.7604060871,-144.186822819,-5.02607706833,6.54595142276e-16,0.087609132497,True,0.253360271047,0.248095643914
186,6.204425,True,True,True,1,2.47997332549,-175.94076552,-4.16127692484,-14.5717981838,-10.1751300249,-149.98382413,-6.88575138672,1.47328926228e-15,0.119889951049,True,0.253875310113,0.248483307618
187,6.237781,True,True,True,0,2.79829891774,-175.100651939,-4.34281146461,-17.1273285482,-8.54271001519,-152.083568834,-8.65899370503,-1.78177426568e-15,0.150553321573,True,0.254717998222,0.247528500084
188,6.271139,True,True,True,0,3.11091543701,-174.382284809,-4.50797908103,-19.1890397177,-6.88946991092,-151.79263845,-9.80901131846,1.2725187167e-16,0.170364479233,True,0.255721203925,0.24542569636
189,6.304496,True,True,True,0,3.35799969468,-173.942512384,-4.63193210762,-20.3197341951,-5.27003598074,-149.411945144,-9.87414673494,-4.81256078116e-15,0.171484577232,True,0.256640735821,0.242523421558
190,6.337853,True,True,True,0,3.48269772008,-173.874759347,-4.70184662944,-20.3080145116,-3.75574993456,-144.243033675,-8.66118834452,2.96908244657e-15,0.150591188558,True,0.257309600408,0.239279117639
191,6.37121,True,True,True,0,3.44573609076,-174.182749719,-4.71875019866,-19.2440410551,-2.42370624532,-133.403539459,-6.42985050398,-4.63103509201e-16,0.111986659784,True,0.257745571807,0.236197838944
192,6.404567,True,True,True,0,3.2389499938,-174.787042625,-4.69631906247,-17.4961823231,-1.34577858074,-107.564083367,-4.11203791473,3.93261240271e-15,0.0717070063055,True,0.258064752444,0.233722893286
193,6.437924,True,True,True,0,2.89485807759,-175.553050334,-4.65449339366,-15.5950233399,-0.579516603999,-60.548511052,-3.456076577,-1.96877597943e-16,0.0602833432001,True,0.25831773509,0.232071493801
194,6.471281,True,True,True,0,2.48596331039,-176.325461061,-4.6134462984,-14.0766842908,-0.158123476012,-31.5288135597,-4.23817894569,-3.26377237713e-16,0.0739027396325,True,0.258423765869,0.231179352508
195,6.504638,True,True,True,0,2.11074842923,-176.959585085,-4.58874493851,-13.3373198819,-0.0808391537241,-24.3872698241,-4.36577879642,-1.18766898184e-15,0.0761235021122,True,0.258272451607,0.230833265163
196,6.537995,True,True,True,0,1.86775212091,-177.343856724,-4.58762693283,-13.5446171805,-0.300038318916,-35.4185284647,-3.30501893971,-1.27205664242e-15,0.0576514785096,True,0.257886345278,0.230875853413
197,6.571352,True,True,True,0,1.82925284443,-177.407786483,-4.60861632034,-14.6227351776,-0.712379367028,-87.3223864909,-2.52431290489,3.890067269e-15,0.0440433197887,True,0.257455517591,0.231289065479
198,6.604709,True,True,True,0,2.01944602756,-177.135199775,-4.64205554943,-16.2835889122,-1.17199790692,-131.819993036,-4.5745306891,3.30616326916e-15,0.0797558249501,True,0.257193254705,0.232064325602
199,6.638067,True,True,True,0,2.40465524316,-176.575716893,-4.67188954436,-18.1037295661,-1.5358770634,-144.348701288,-7.34956182147,2.24927865043e-15,0.127922566479,True,0.257166738473,0.23303032293
200,6.671424,True,True,True,0,2.89788121587,-175.854025835,-4.6808142833,-19.6302656001,-1.71798399809,-148.304828339,-9.32061874669,7.17799693385e-15,0.161958945481,True,0.257277522953,0.233835907822
201,6.704781,True,True,True,0,3.38158211771,-175.154160653,-4.65428136849,-20.5016068146,-1.71795105364,-149.050592741,-9.9727267843,4.62473885749e-15,0.173179382222,True,0.257379732137,0.234162158044
202,6.738138,True,True,True,0,3.74622053469,-174.666138237,-4.5880130281,-20.5494451353,-1.60219906217,-147.716473854,-9.34913278901,6.17076467649e-15,0.162450018917,True,0.257414241677,0.233925493512
203,6.771495,True,True,True,0,3.92660292124,-174.513932473,-4.49019440805,-19.8462760496,-1.45517815232,-144.41768479,-7.89991013918,-1.4827157688e-15,0.137442992554,True,0.257420665759,0.233293388372
204,6.804852,True,True,True,0,3.91850583181,-174.703508964,-4.37976334245,-18.6666851949,-1.33863838791,-139.171316558,-6.24891002006,1.09101537445e-15,0.108847964164,True,0.257440331498,0.232535967553
205,6.838209,True,True,True,0,3.76901667871,-175.125090873,-4.28154037448,-17.372397766,-1.27304830777,-132.877403669,-4.91406959151,1.04298052632e-15,0.0856615838043,True,0.257460464019,0.231863332696
206,6.871566,True,True,True,0,3.54822540237,-175.607763531,-4.21445664374,-16.2760000847,-1.25113977886,-127.910020798,-4.10589868433,3.26107632377e-15,0.0716001319416,True,0.257446039733,0.231365058181
207,6.904923,True,True,True,0,3.31796515025,-175.995791525,-4.18273481088,-15.5407515428,-1.25962311676,-125.85343599,-3.74391850546,-4.67158351557e-16,0.0652972140172,True,0.257387198767,0.231041703324
208,6.938281,True,True,True,0,3.11629622243,-176.196607397,-4.17604937594,-15.1727168176,-1.29140618598,-124.953553845,-3.62168851927,2.30512943074e-15,0.0631683041383,True,0.25732440476,0.230826310296
209,6.971637,True,True,True,0,2.95604284563,-176.191493283,-4.17430342434,-15.0807127059,-1.35074383812,-122.173378884,-3.54639521845,-6.94052066002e-16,0.0618567584054,True,0.25731438536,0.230647346074
210,7.004995,True,True,True,0,2.83765073701,-176.009154271,-4.15961154981,-15.165835264,-1.4469086814,-116.066146274,-3.46125351745,3.88143474859e-15,0.0603735332825,True,0.257394802331,0.230494029858
211,7.038352,True,True,True,0,2.75779859277,-175.70014423,-4.1267416342,-15.3774266702,-1.5845190743,-108.307584248,-3.46620444747,-3.51144254408e-15,0.0604597854623,True,0.257570655357,0.230427462057
212,7.071709,True,True,True,0,2.7127954627,-175.32165308,-4.08501984386,-15.7114490443,-1.75722227809,-103.529214501,-3.66105786172,-8.34400554558e-16,0.0638540415577,True,0.257813685994,0.230536084225
213,7.105066,True,True,True,0,2.69485947222,-174.942448979,-4.05596383074,-16.1602876107,-1.9414235784,-105.43687025,-4.05703219872,-4.90925324636e-16,0.070749413926,True,0.258076490601,0.230875138794
214,7.138423,True,True,True,0,2.68640879098,-174.652276155,-4.06149494138,-16.6592822972,-2.10630635436,-113.365031785,-4.69112392975,4.55414296734e-15,0.0817841119217,True,0.258315232929,0.231446186767
215,7.17178,True,True,True,0,2.65758684405,-174.560065799,-4.11563410404,-17.0700652268,-2.22548646794,-123.43631833,-5.60888930539,-2.09028522937e-16,0.0977373057736,True,0.258500890683,0.232190547342
216,7.205137,True,True,True,0,2.57318751939,-174.760355626,-4.215139896,-17.2237171228,-2.2887500229,-132.203003005,-6.69799931537,2.1530235788e-15,0.116636056965,True,0.258620842482,0.232985459591
217,7.238494,True,True,True,0,2.40923886828,-175.279736359,-4.34111853996,-16.994857473,-2.30136963649,-138.456012111,-7.68454007611,1.16389515557e-15,0.133718786942,True,0.258670431838,0.233663746775
218,7.271851,True,True,True,1,2.1736750578,-176.030438181,-4.46323613522,-16.3759505244,-2.27537175404,-142.356498861,-8.28617447551,1.95221313491e-15,0.144117423314,True,0.258653725705,0.234085169152
219,7.305208,True,True,True,0,1.91555817156,-176.813963295,-4.55241847837,-15.5087668745,-2.22329224697,-144.360313908,-8.35351657975,1.49782406258e-15,0.14528039508,True,0.258579254661,0.234221957542
220,7.338565,True,True,True,0,1.71445961773,-177.384601093,-4.5882053496,-14.6598880859,-2.16539752907,-144.908475397,-7.95224527239,-2.48671549804e-16,0.138347686828,True,0.258463571062,0.234180613273
221,7.371923,True,True,True,0,1.65066046146,-177.548703953,-4.56445128283,-14.1411543272,-2.13447901758,-144.54818776,-7.36357012363,1.54524805825e-15,0.12816504495,True,0.258324127611,0.234142549222
222,7.40528,True,True,True,0,1.77290930349,-177.246991526,-4.48783122901,-14.1971362286,-2.16985335557,-144.173521677,-6.97246728209,2.131509072e-15,0.12139237462,True,0.258166028495,0.234247543407
223,7.438637,True,True,True,0,2.07888584033,-176.58251692,-4.37533757056,-14.8961961305,-2.29236323615,-144.803832597,-7.08164655989,3.92167593726e-15,0.12328359874,True,0.257980739793,0.234521419099
224,7.471994,True,True,True,0,2.51668859971,-175.774703764,-4.25038491788,-16.0852469104,-2.48884025043,-146.569697962,-7.7536350109,3.20239458692e-15,0.134913793417,True,0.257786666379,0.234860587398
225,7.505351,True,True,True,0,3.00186088081,-175.069984465,-4.14080239625,-17.4391059471,-2.71242838999,-148.608152818,-8.77539016747,1.06527767123e-15,0.152561355755,True,0.257631759777,0.235089049558
226,7.538708,True,True,True,0,3.44404047117,-174.649317272,-4.06955086597,-18.5833328964,-2.90962288444,-150.043374409,-9.74722549389,2.49744298551e-15,0.169301778821,True,0.257562519645,0.235014228833
227,7.572066,True,True,True,0,3.76949964116,-174.574743517,-4.05100392027,-19.2391342051,-3.03908094273,-150.450676076,-10.2715568196,1.0673045706e-15,0.178313765861,True,0.257574800873,0.234526755629
228,7.605423,True,True,True,0,3.93918418535,-174.786031057,-4.0865040291,-19.3176955846,-3.08163982186,-149.651148322,-10.1247094581,-8.13868868216e-16,0.17579128799,True,0.257622054574,0.233669686108
229,7.63878,True,True,True,0,3.95697296358,-175.137372895,-4.16333521702,-18.9338200399,-3.03820355637,-147.530215345,-9.32838969492,-1.30396329756e-15,0.162092781986,True,0.257651949028,0.232637667245
230,7.672137,True,True,True,0,3.87086471678,-175.44862677,-4.26023016398,-18.345273845,-2.92197011218,-144.018603489,-8.10520732099,-3.30858447376e-15,0.140991209553,True,0.257641024482,0.231680148774
231,7.705494,True,True,True,0,3.75851394217,-175.564464844,-4.35518941701,-17.8454915399,-2.75612841713,-139.173103898,-6.75822418641,-3.11631406986e-15,0.11767994043,True,0.257576271056,0.230992360917
232,7.738852,True,True,True,0,3.70540063958,-175.394769327,-4.43158511161,-17.6667087308,-2.56684055645,-133.396510209,-5.54357252428,4.88568595218e-15,0.0966027076263,True,0.257459995124,0.230630165195
233,7.772209,True,True,True,0,3.7758309427,-174.937834904,-4.48284512963,-17.9253550882,-2.38027673467,-127.671114043,-4.6095053241,-6.02333072268e-16,0.0803642880449,True,0.25729793971,0.230528479084
234,7.805566,True,True,True,0,3.99017680026,-174.275680707,-4.514025246,-18.6296896381,-2.22092193958,-123.771322569,-4.01676631488,5.47630158731e-16,0.0700483853258,True,0.25711747182,0.230545177258
235,7.838923,True,True,True,0,4.31495747463,-173.548843507,-4.53581055661,-19.7277480839,-2.12060058606,-124.04338877,-3.81326215409,1.71794364341e-15,0.066504857987,True,0.256966032364,0.230516420452
236,7.87228,True,True,True,0,4.6725216905,-172.915310857,-4.55992915502,-21.1564451305,-2.11885769688,-129.643656094,-4.10696438504,-7.63118690023e-16,0.0716186841769,True,0.256916827563,0.230309786726
237,7.905637,True,True,True,0,4.96964730539,-172.506473548,-4.59074662904,-22.8534877962,-2.25290977625,-138.214457269,-5.05327502344,1.07929550242e-15,0.0880819912429,True,0.257077887968,0.229850197146
238,7.938994,True,True,True,0,5.13588839407,-172.385643581,-4.6278254197,-24.7456519947,-2.53083142456,-146.020203265,-6.69927346394,2.17754750315e-15,0.116658143243,True,0.25757529747,0.229128244573
239,7.972352,True,True,True,0,5.15403389837,-172.529236124,-4.66486193747,-26.7268782179,-2.91321381141,-151.619544962,-8.85474416011,6.92947892131e-17,0.15392998477,True,0.25848416637,0.22818944471
240,8.005709,True,True,True,0,5.0651473371,-172.839043655,-4.69628433651,-28.6593550259,-3.31052819243,-155.394217319,-11.1283272282,4.30807006773e-15,0.193007097406,True,0.259727492247,0.227107352884
241,8.039066,True,True,True,0,4.94076390555,-173.194564084,-4.71804587895,-30.389225942,-3.61606322515,-158.028594544,-13.0464277602,8.84215157106e-17,0.225740529304,True,0.261027088874,0.225950855606
242,8.072423,True,True,True,0,4.83754804032,-173.515743577,-4.72938898709,-31.7764051096,-3.75342364246,-159.991146955,-14.1926790602,-1.50416979654e-16,0.245183513478,True,0.262008705495,0.224767168913
243,8.10578,True,True,True,0,4.7630844298,-173.80321783,-4.73074480445,-32.729098362,-3.71748638686,-161.533468548,-14.3374059367,7.37187665057e-16,0.247631588505,True,0.262408856987,0.223602280822
244,8.139137,True,True,True,0,4.67656714253,-174.122681562,-4.72224048899,-33.2437370222,-3.57875653518,-162.753308169,-13.5041602738,1.36915682508e-15,0.233515967482,True,0.262234250904,0.222536722385
245,8.172495,True,True,True,0,4.52930324226,-174.538479452,-4.70504857879,-33.4353875754,-3.44126577868,-163.651225351,-11.9467012337,-5.140351894e-15,0.207001689986,True,0.261735691771,0.221698395071
246,8.205852,True,True,True,0,4.31520151731,-175.034894164,-4.68208477338,-33.5365376881,-3.383626467,-164.181890384,-10.0406630934,5.90498610363e-17,0.174347056728,True,0.261254793382,0.221211457479
247,8.239209,True,True,True,0,4.09774184331,-175.483724884,-4.65844978709,-33.8376229231,-3.41581462756,-164.287085397,-8.13543873355,9.49309677344e-16,0.141513556936,True,0.261045062717,0.221158649602
248,8.272566,True,True,True,0,3.99039808896,-175.687085932,-4.64272666498,-34.5843921024,-3.47320914198,-163.944182892,-6.43584284827,-9.75847685557e-16,0.112090587432,True,0.261179867429,0.221536312992
249,8.305923,True,True,True,0,4.09631094161,-175.487510846,-4.64186987841,-35.8722546396,-3.45708470189,-163.206105449,-4.98225033493,-2.31108762968e-16,0.0868471273187,True,0.26155716556,0.222258648939
250,8.339281,True,True,True,0,4.44355599354,-174.876623625,-4.65917082874,-37.596195561,-3.29096021716,-162.173178426,-3.72989732374,-4.19298705219e-16,0.0650530185362,True,0.261991806536,0.223159519046
251,8.372638,True,True,True,0,4.9566298319,-174.02818113,-4.69221380581,-39.5025181366,-2.97496416685,-161.118667775,-2.67215329276,-8.74312253153e-16,0.0466209679773,True,0.262372440628,0.223976342699
252,8.405995,True,True,True,0,5.48373860224,-173.229054525,-4.73544533001,-41.3153291476,-2.59744138694,-161.208505356,-1.92255856676,1.57221562855e-15,0.0335486806114,True,0.262782577084,0.224350437176
253,8.439352,True,True,True,0,5.86336863155,-172.748670552,-4.78092042785,-42.8606773659,-2.29333519265,-164.976827966,-1.69196041694,-1.60652442175e-15,0.0295259883578,True,0.26349331541,0.223893735207
254,8.472709,True,True,True,0,5.99501594611,-172.722463784,-4.82292830024,-44.1205738166,-2.17153507395,-170.443039412,-2.19177921731,-9.91473514317e-16,0.0382444347243,True,0.264813740002,0.222333295368
255,8.506066,True,True,True,0,5.88196403045,-173.099896874,-4.85764591763,-45.2094601961,-2.25650154658,-172.997284277,-3.48183964995,8.39748608904e-16,0.0607321697623,True,0.266907129094,0.219648686411
256,8.539423,True,True,True,0,5.63090800465,-173.675205855,-4.88348890052,-46.3059738523,-2.47424828658,-173.417825609,-5.4123923087,5.81728749277e-17,0.0943236378168,True,0.269665051918,0.216119018471
257,8.572781,True,True,True,0,5.40810917443,-174.179836853,-4.90134245139,-47.5688253772,-2.68498184008,-173.173427062,-7.65079963109,9.37479557364e-16,0.133135170495,True,0.272673132167,0.212239192184
258,8.606138,True,True,True,0,5.36415767563,-174.398503466,-4.90945215106,-49.0599114221,-2.74536014662,-172.875336263,-9.7407765029,1.60184952035e-16,0.169190846454,True,0.275268923235,0.208593309207
259,8.639495,True,True,True,0,5.5656100028,-174.257102342,-4.90304903996,-50.6934260428,-2.56865138497,-172.733749226,-11.1915298292,-5.83550040303e-15,0.194089332173,True,0.276708000515,0.205720067755
260,8.672852,True,True,True,1,5.97059957362,-173.84145489,-4.87332525957,-52.2562303833,-2.15787085962,-172.833576257,-11.6046361856,2.85682653204e-15,0.201157184487,True,0.27638019702,0.204053158775
261,8.706209,True,True,True,1,6.45727242039,-173.344060845,-4.81256205432,-53.4901567647,-1.60070651245,-173.263040154,-10.7960500463,8.02806767299e-17,0.187313595554,True,0.274036138881,0.203892100382
262,8.739566,True,True,True,0,6.88367482297,-172.975204831,-4.72007577084,-54.2014755883,-1.02668519229,-174.287169466,-8.87953623362,2.03481865752e-15,0.154357516594,True,0.269922134155,0.205349665439
263,8.772924,True,True,True,0,7.14739363271,-172.876587983,-4.6038600775,-54.3484755771,-0.558023006197,-176.626126386,-6.25796530562,1.51925341865e-15,0.109005068316,True,0.264737941108,0.208230696191
264,8.806281,True,True,True,0,7.22007301214,-173.072250886,-4.48107030359,-54.073743671,-0.266334459215,177.210165761,-3.52759378789,1.09541828484e-15,0.0615292366026,True,0.259444736875,0.21192116663
265,8.839638,True,True,True,0,7.14694145699,-173.476969087,-4.3753738161,-53.6542639965,-0.15871880922,153.739771716,-1.38335345607,-3.46340061967e-15,0.0241417268532,True,0.255004470326,0.215441346201
266,8.872995,True,True,True,0,7.01939468109,-173.949783919,-4.30872052928,-53.3924883537,-0.190582802357,78.6099883479,-0.861881394761,-5.63780185867e-16,0.0150421007929,True,0.252123608664,0.217740710096
267,8.906352,True,True,True,0,6.931393579,-174.369785588,-4.29623256152,-53.4842672241,-0.292321362713,56.9275805287,-0.959893771133,-4.31816367686e-15,0.0167525230857,True,0.251097587963,0.21810675876
268,8.939709,True,True,True,1,6.94591724867,-174.682251846,-4.33824797947,-53.9418551852,-0.393838078408,100.031174262,-0.496587488455,1.01805083407e-15,0.00866697818855,True,0.251756985857,0.216471354712
269,8.973067,True,True,True,0,7.08251406931,-174.894637003,-4.42439551595,-54.617705862,-0.437177211205,-178.451049764,-1.33109819683,4.41225980861e-16,0.0232299564277,True,0.253518985045,0.213424954164
270,9.006424,True,True,True,0,7.32552030448,-175.034297229,-4.5344987141,-55.3015245273,-0.38733497079,-166.566302588,-2.81533307833,1.17643232999e-15,0.0491170612518,True,0.255563618189,0.209934271183
271,9.039781,True,True,True,0,7.64105002183,-175.106467325,-4.6465031387,-55.8240321981,-0.231296153853,-162.261066855,-4.02860992848,1.61059753672e-15,0.0702545861167,True,0.257069747757,0.206955699938
272,9.073138,True,True,True,0,7.98978491292,-175.084079502,-4.73973357008,-56.109849869,0.019693037934,-159.084274964,-4.58864541282,-3.25818270224e-15,0.0800013861693,True,0.257471541332,0.205124990077
273,9.106495,True,True,True,0,8.3313102958,-174.930514839,-4.80138120508,-56.1752598325,0.332475110819,-155.297830185,-4.37438388239,7.57339659056e-16,0.0762732525524,True,0.256616806235,0.204661429796
274,9.139853,True,True,True,0,8.62633940899,-174.631405893,-4.82554418871,-56.0978008736,0.657274839386,-149.168193575,-3.52988607258,1.3451139942e-15,0.0615691686649,True,0.254800198487,0.205395914633
275,9.17321,True,True,True,0,8.84009329579,-174.216423424,-4.81255517548,-55.9830917945,0.934569601194,-136.841449544,-2.42322814225,4.89305236476e-15,0.042280702227,True,0.252624223908,0.206882490774
276,9.206567,True,True,True,0,8.9479778295,-173.757574787,-4.76833071267,-55.9339557793,1.10878425877,-110.806617299,-1.58021999916,8.32340771375e-15,0.0275765455244,True,0.250781390841,0.208548496674
277,9.239924,True,True,True,0,8.93906531867,-173.351893792,-4.70097990298,-56.0224940621,1.13785044809,-79.4390901368,-1.39193857486,-9.87812688763e-16,0.0242915215001,True,0.24983473653,0.20984562655
278,9.273281,True,True,True,1,8.8163842207,-173.099335061,-4.61901882993,-56.2613957555,1.00341227784,-71.3992402416,-1.47343939257,5.81716796029e-15,0.0257135343147,True,0.250080999706,0.210392593166
279,9.306638,True,True,True,0,8.59737911533,-173.072571413,-4.52859303471,-56.5990671481,0.716813938531,-88.8312930918,-1.57920876425,-2.39499418303e-15,0.0275589028535,True,0.251491743717,0.210050942831
280,9.339996,True,True,True,0,8.31554004053,-173.2905065,-4.43300488659,-56.9355207118,0.323770626004,-116.676726665,-2.10359326118,7.94839254479e-15,0.0367063807537,True,0.253703590487,0.208954013709
281,9.373353,True,True,True,0,8.02499401973,-173.697446963,-4.33401913042,-57.162710264,-0.0955925662068,-134.76129949,-3.12392220962,9.00779920985e-16,0.0544957186099,True,0.256057770937,0.207475208731
282,9.40671,True,True,True,0,7.79736525309,-174.169059739,-4.23730794285,-57.2008635102,-0.437117489501,-143.543379723,-4.19157053027,6.25894356696e-15,0.0730914694341,True,0.257720877635,0.206135013622
283,9.440068,True,True,True,0,7.7076692442,-174.548908269,-4.15621138659,-57.0152484226,-0.59317182264,-147.470103341,-4.83429178508,5.29454533189e-15,0.0842742338259,True,0.25790741702,0.205455808085
284,9.473425,True,True,True,0,7.80741957363,-174.703225969,-4.11109632982,-56.6139797105,-0.487311360923,-148.244684027,-4.72710675665,-4.06459403415e-16,0.082410010736,True,0.256186268428,0.205805025966
285,9.506782,True,True,True,0,8.09910014683,-174.565891697,-4.12061719824,-56.0444846168,-0.106188354037,-145.178339265,-3.78428588168,-1.6095573145e-15,0.0660002377833,True,0.252711873279,0.207271202327
286,9.54014,True,True,True,0,8.5249612476,-174.160762579,-4.19342318885,-55.3950505693,0.483973026596,-131.747806673,-2.25690087263,-2.52052989409e-15,0.0393801655655,True,0.248231064055,0.209623316062
287,9.573497,True,True,True,0,8.98185299326,-173.59194747,-4.32108723084,-54.794177178,1.15004503771,-71.1672122714,-1.22488868563,-4.19182182027e-15,0.0213767121357,True,0.243814905619,0.212347705476
288,9.606854,True,True,True,0,9.35388753046,-173.010928528,-4.47995790094,-54.380731279,1.73130927927,-18.2914156321,-2.20119462456,-1.25377833916e-15,0.0384086438428,True,0.240467875545,0.214799462618
289,9.640211,True,True,True,0,9.54540926799,-172.57754885,-4.63889946954,-54.237627144,2.08669561717,-6.40353057333,-3.18597512491,-4.19137941052e-16,0.055577104746,True,0.238828805662,0.21639487338
290,9.673569,True,True,True,0,9.4982387433,-172.422878396,-4.76960168763,-54.333384133,2.13088315327,-3.14635669832,-3.43722219779,2.27603329937e-17,0.0599548674259,True,0.239061548144,0.216826019772
291,9.706926,True,True,True,0,9.19431427892,-172.620858691,-4.85377978545,-54.5227946407,1.8495672642,-3.50232977888,-2.96367279412,-8.81875672331e-17,0.0517027853305,True,0.240923503158,0.216132701667
292,9.740283,True,True,True,0,8.65595582215,-173.16583578,-4.88583283377,-54.6275093787,1.29276400371,-8.2548621394,-2.01260882923,-1.24624027708e-15,0.0351194273826,True,0.243894923844,0.214637828062
293,9.773641,True,True,True,0,7.95116253116,-173.955278268,-4.86949933589,-54.5489928498,0.561288471212,-29.0979465269,-0.935639485938,1.09404786547e-15,0.0163292638685,True,0.24735935009,0.212757644678
294,9.806998,True,True,True,0,7.19429840706,-174.801241133,-4.81765758433,-54.3341421617,-0.210025660849,-119.628776719,-0.721681122014,-2.77783570331e-15,0.0125953786756,True,0.250776503467,0.210830289045
295,9.840355,True,True,True,0,6.52568041106,-175.479608702,-4.74558197756,-54.1535891517,-0.887277052271,-151.733644648,-1.64658940034,3.08866796862e-16,0.0287344508052,True,0.253817329915,0.209019645476
296,9.873713,True,True,True,0,6.07219827918,-175.800624829,-4.6706329804,-54.2139783942,-1.36749774136,-159.834271345,-2.65008328842,-2.66266167885e-15,0.046236189127,True,0.256382419805,0.207331824631
297,9.90707,True,True,True,0,5.9063812221,-175.6682042,-4.60820237825,-54.6513792997,-1.60226915299,-163.506331496,-3.6883294776,3.05343429611e-15,0.06432904244,True,0.258521852409,0.205697465023
298,9.940427,True,True,True,0,6.02787081795,-175.107019497,-4.5711776131,-55.4464915131,-1.59671625593,-165.466427763,-4.77871315587,1.16483682494e-15,0.0833076150406,True,0.260264375538,0.204093057346
299,9.973785,True,True,True,0,6.36883007257,-174.250824268,-4.56759904583,-56.4029629594,-1.39574013503,-166.498913713,-5.85247090055,4.47922981163e-15,0.10196735646,True,0.261507820371,0.202611250045
300,10.007142,True,True,True,0,6.81284658643,-173.309830983,-4.59664464007,-57.194177165,-1.07588976963,-167.021701193,-6.75813303073,-2.46712537453e-15,0.117678360518,True,0.262047618364,0.201449505306
301,10.0405,True,True,True,1,7.21969024377,-172.521448066,-4.64531509548,-57.4662657383,-0.736916671668,-167.373054053,-7.33332723638,-2.37685072932e-15,0.127641542319,True,0.261757942458,0.20081636636
302,10.073857,True,True,True,0,7.45237857705,-172.094763251,-4.68887664704,-56.9600558331,-0.490314309632,-167.859390304,-7.50443632052,5.5178807266e-16,0.130602957818,True,0.260782353862,0.200823796162
303,10.107214,True,True,True,0,7.40740987234,-172.157620171,-4.69756681421,-55.6003527345,-0.43207166627,-168.800514668,-7.33865552264,1.14721423969e-15,0.127733777231,True,0.259580037896,0.201427721603
304,10.140572,True,True,True,0,7.04783111038,-172.716172304,-4.64681109882,-53.5267173628,-0.610552581592,-170.433670922,-7.02185332164,2.54358294424e-15,0.122247903956,True,0.25871347519,0.202475055078
305,10.173929,True,True,True,0,6.42619021965,-173.645015834,-4.52825990639,-51.0405234152,-0.996934709506,-172.757022222,-6.75944642141,1.16422269645e-15,0.117701124204,True,0.258550430504,0.20379323529
306,10.207286,True,True,True,0,5.67968379179,-174.714487557,-4.35960107169,-48.5009992073,-1.48177200427,-175.402491815,-6.66409226806,-8.53538845578e-16,0.116048286088,True,0.259074442651,0.205274429321
307,10.240644,True,True,True,0,4.98760937181,-175.653535369,-4.17891146006,-46.218042177,-1.91737540181,-177.833667025,-6.70574247819,1.59124432613e-15,0.116770277192,True,0.259922012631,0.206892403969
308,10.274001,True,True,True,1,4.49519543035,-176.244410257,-4.03422242681,-44.3691941212,-2.18369117515,-179.714024117,-6.75480782186,3.24570977018e-16,0.117620727723,True,0.260614524221,0.208655227445
309,10.307358,True,True,True,0,4.24743043567,-176.406718657,-3.96431281201,-42.9608244514,-2.242965339,179.067666371,-6.67003085105,-5.69613100792e-17,0.116151233002,True,0.260786379849,0.210557935576
310,10.340716,True,True,True,0,4.17161688054,-176.226735552,-3.98153121561,-41.8455878658,-2.1545416514,178.553121106,-6.35916238822,-1.58634841252e-15,0.110760595089,True,0.260338618651,0.212554915318
311,10.374073,True,True,True,0,4.12188787354,-175.910560984,-4.0684396571,-40.7991684484,-2.04315794672,178.891967101,-5.80429863323,-1.6925324981e-15,0.101130938125,True,0.259442164202,0.21457128389
312,10.40743,True,True,True,0,3.95806551504,-175.68278725,-4.18409093132,-39.6312025119,-2.03712103656,-179.62538983,-5.06446495096,1.1844519202e-15,0.0882765315492,True,0.258437259034,0.216521425716
313,10.440787,True,True,True,0,3.61633019691,-175.680582402,-4.27929239998,-38.2772030393,-2.20786499761,-176.502551338,-4.26914728187,-1.26424842923e-16,0.0744417502208,True,0.257684030691,0.218320939832
314,10.474144,True,True,True,1,3.13601661802,-175.899691822,-4.31662819136,-36.8214766961,-2.53993695773,-171.241876184,-3.5904724625,1.75971922122e-15,0.0626245598922,True,0.257435557227,0.219891237863
315,10.507501,True,True,True,0,2.63489719436,-176.21463253,-4.28157789204,-35.4365997816,-2.94900578432,-164.114779665,-3.18454261414,3.56805973794e-15,0.0555521413422,True,0.257759175299,0.221177264767
316,10.540859,True,True,True,1,2.25017924524,-176.455939869,-4.19109239032,-34.2802787999,-3.31663859737,-157.12194735,-3.11347432361,-1.16678058613e-16,0.0543136386655,True,0.258529120205,0.222173909055
317,10.574216,True,True,True,0,2.07616293768,-176.503282491,-4.08325360171,-33.3993699868,-3.53952098225,-152.284157767,-3.30220690462,1.22425838276e-15,0.0576024807992,True,0.259481281674,0.222942589401
318,10.607573,True,True,True,1,2.12752486821,-176.345662607,-4.00364094715,-32.6993497196,-3.56245504869,-149.484698996,-3.58577174891,-1.96832067341e-16,0.0625426777897,True,0.260302673818,0.223599661147
319,10.64093,True,True,True,0,2.34473171186,-176.076820839,-3.98472485306,-31.9935705516,-3.39614939277,-147.232806876,-3.78175625449,3.10899416847e-15,0.0659561836607,True,0.26072060277,0.224273376639
320,10.674287,True,True,True,0,2.63295109505,-175.829960602,-4.03870665355,-31.107107759,-3.10151898564,-143.881082959,-3.74970176157,3.60319862017e-15,0.0653979351315,True,0.260592258375,0.225030760222
321,10.707645,True,True,True,0,2.91436233561,-175.685182543,-4.15421757802,-29.9930956682,-2.75867422111,-137.839051327,-3.46332065187,2.84774365786e-16,0.0604095457327,True,0.259935905958,0.225848536061
322,10.741002,True,True,True,0,3.16503392241,-175.608389482,-4.30651019257,-28.798648779,-2.42849051732,-127.976088939,-3.0664342528,5.7610501017e-15,0.0534938282004,True,0.258922265026,0.226623333278
323,10.774359,True,True,True,0,3.41549667093,-175.464640449,-4.46834684482,-27.8349961763,-2.13741084259,-116.357463288,-2.81801777748,3.16080854881e-15,0.0491638614826,True,0.257828827529,0.227208791355
324,10.807716,True,True,True,0,3.71949936498,-175.100050889,-4.61902265797,-27.4481455515,-1.88150757582,-110.703652743,-2.86891090805,-3.68867538642e-15,0.0500510205253,True,0.256944384373,0.227490991246
325,10.841073,True,True,True,0,4.10790114158,-174.44342643,-4.75036540239,-27.8381972473,-1.63883543251,-116.62172612,-3.25012342956,1.55307909598e-16,0.0566949383507,True,0.256497932358,0.227434132937
326,10.87443,True,True,True,0,4.55792616304,-173.5671072,-4.86430911872,-28.9265926398,-1.38536401886,-129.604805852,-4.1068130782,8.87102754196e-16,0.0716160501556,True,0.256597634488,0.227133715817
327,10.907788,True,True,True,0,4.99591979376,-172.666248282,-4.96814487829,-30.3493584028,-1.11295430889,-141.130444669,-5.4156210716,1.71483408251e-15,0.0943797389675,True,0.257192519524,0.226783977772
328,10.941145,True,True,True,0,5.32579129922,-171.98206862,-5.06902405658,-31.5853205916,-0.839415388935,-148.27078554,-6.73214011397,1.1172293745e-15,0.117227838595,True,0.258057439191,0.226574362151
329,10.974502,True,True,True,0,5.46559065546,-171.712120935,-5.16783631078,-32.1462301867,-0.601808490072,-151.706854929,-7.46561746546,4.411078607e-15,0.129931214161,True,0.258861639756,0.226599930366
330,11.007859,True,True,True,1,5.37159416311,-171.950400001,-5.25525342563,-31.7435245646,-0.436962878483,-152.153206198,-7.21311208139,4.00120805247e-15,0.12556027473,True,0.259312199071,0.226863681593
331,11.041216,True,True,True,0,5.04607322744,-172.66967643,-5.31436567082,-30.3686426968,-0.366973498235,-149.144310464,-5.93889723903,-1.04499202913e-15,0.103467801761,True,0.259308819088,0.227338482954
332,11.074573,True,True,True,0,4.53638623936,-173.729145645,-5.32399864816,-28.2968700569,-0.398025796917,-139.489933907,-4.03308058043,3.54263182919e-15,0.0703324207001,True,0.258962466072,0.227984357613
333,11.107931,True,True,True,0,3.93117756014,-174.896974942,-5.27285571679,-26.0210800667,-0.522144267266,-111.726661702,-2.35037216631,4.45038238829e-15,0.0410102288078,True,0.258496923794,0.228706756146
334,11.141288,True,True,True,0,3.35084563533,-175.891936646,-5.16695833705,-24.1217647275,-0.718503674375,-65.0162872615,-2.03481431273,-2.73152770378e-15,0.0355067444581,True,0.258107663732,0.229332105057
335,11.174645,True,True,True,0,2.92375482684,-176.451543777,-5.03044067126,-23.0775246641,-0.953101593634,-44.7887885403,-2.40044790579,4.27492349616e-15,0.0418834643015,True,0.257893417733,0.229703355441
336,11.208002,True,True,True,0,2.74330051483,-176.424896947,-4.89602359496,-23.0698595613,-1.1701071492,-46.6280191509,-2.38661515618,-2.73957361065e-16,0.0416422479095,True,0.257878011486,0.229799630927
337,11.241359,True,True,True,0,2.82787188314,-175.839138679,-4.79119584596,-23.8889104626,-1.29559944049,-60.7560957632,-2.16352020978,-2.64914397899e-15,0.0377515781955,True,0.258011452246,0.229762018127
338,11.274717,True,True,True,0,3.10478763415,-174.907646767,-4.72901810067,-25.0026348538,-1.27087664764,-73.789808231,-2.08913523017,-4.25060873974e-15,0.0364542093969,True,0.258174320445,0.2297826018
339,11.308074,True,True,True,0,3.43763546079,-173.954468329,-4.70623156551,-25.7856978018,-1.09278278344,-68.6408459964,-2.1173642161,3.63703515646e-15,0.0369465662232,True,0.258218611159,0.22999274502
340,11.341431,True,True,True,0,3.68534009456,-173.285876686,-4.70923492395,-25.7940568337,-0.820028831816,-43.7406779174,-2.52818573054,5.63253608294e-15,0.0441108476556,True,0.258082438246,0.23042858199
341,11.374788,True,True,True,0,3.76000389983,-173.072144024,-4.72216596545,-24.9401283175,-0.535208053842,-21.4192864396,-3.78358981219,-2.29276936189e-15,0.0659881155628,True,0.257836197372,0.231026203577
342,11.408145,True,True,True,0,3.65769333381,-173.289029562,-4.7313804898,-23.4936143006,-0.301787096741,-10.3121075565,-5.42836774098,-1.79880245813e-15,0.0946012149273,True,0.257607176501,0.231621964177
343,11.441503,True,True,True,0,3.44996039855,-173.744612182,-4.73214900485,-21.9228374446,-0.143917491401,-5.33795240118,-6.77710036695,5.71259656065e-16,0.118007096369,True,0.257460380799,0.232025091964
344,11.47486,True,True,True,0,3.24895417671,-174.160482863,-4.72500215477,-20.6908566326,-0.0539203625245,-3.42248759295,-7.43567280066,9.67729163251e-16,0.1294129938,True,0.257381690984,0.232117955932
345,11.508217,True,True,True,1,3.15797509415,-174.280197507,-4.71608147504,-20.0967575571,-0.00745504683842,-3.54649899916,-7.33755535592,4.35507454334e-16,0.127714732966,True,0.257348943215,0.231935395828
346,11.541574,True,True,True,0,3.23141852077,-173.955968664,-4.71247137144,-20.212556121,0.0243321580131,-5.64320778897,-6.64411279043,2.39622324013e-16,0.11570192739,True,0.257366088335,0.23163154939
347,11.574932,True,True,True,0,3.45498207293,-173.196609935,-4.71658986269,-20.8937132882,0.0587981236831,-10.3454786318,-5.60985170562,3.00426560228e-16,0.0977540223925,True,0.257462689858,0.231384654642
348,11.608289,True,True,True,0,3.75660594955,-172.160650315,-4.72827008239,-21.8336684015,0.0974561582684,-19.1061614525,-4.49807652723,1.01675127425e-15,0.0784256282388,True,0.257653496413,0.231337012162
349,11.641646,True,True,True,0,4.03614899543,-171.102248916,-4.74465814349,-22.6468879799,0.122570212324,-34.1607715667,-3.57325885935,-9.91790072334e-16,0.0623247127246,True,0.25794206017,0.231571396809
350,11.675003,True,True,True,0,4.20247446549,-170.286689803,-4.76183373309,-22.9649631012,0.1099965246,-55.6984551119,-3.10652227502,-3.19120126478e-16,0.0541924812295,True,0.258305740817,0.232143961985
351,11.708361,True,True,True,0,4.20228655699,-169.901820972,-4.77775774183,-22.5375893869,0.0484512602727,-76.6833365645,-3.18780708128,-3.82018679523e-16,0.0556090289694,True,0.258730182068,0.233073387872
352,11.741718,True,True,True,0,4.03366630933,-169.996471074,-4.79017008121,-21.2978469387,-0.0512043558998,-89.6117952431,-3.55839553159,-8.43291369167e-16,0.0620658009433,True,0.259214573167,0.23433578715
353,11.775075,True,True,True,1,3.74238301903,-170.466955345,-4.79716271509,-19.373706315,-0.155713136786,-93.6941717252,-3.88596161963,7.84879225221e-15,0.0677708400557,True,0.259781588541,0.235821846728
354,11.808432,True,True,True,0,3.40030893575,-171.105903958,-4.79771810676,-17.03363689,-0.230140645475,-89.7969349444,-4.02057713088,1.41376058855e-15,0.0701147330785,True,0.260460764243,0.237332606976
355,11.84179,True,True,True,0,3.07273768796,-171.694986064,-4.79149388574,-14.59053067,-0.25864821789,-78.1410112647,-4.06623969315,7.93444146432e-16,0.0709097114077,True,0.261279450797,0.238630391338
356,11.875147,True,True,True,0,2.79256249389,-172.10187862,-4.77927404938,-12.3060943059,-0.25248424619,-61.1821752432,-4.32404177758,2.96935770137e-15,0.0753971472491,True,0.262210504477,0.239548151675
357,11.908504,True,True,True,0,2.55487992126,-172.319061507,-4.7630975905,-10.3445715218,-0.241921912024,-45.3691933746,-4.94533222585,1.88765989869e-15,0.0862052013291,True,0.263153026448,0.240038573179
358,11.941861,True,True,True,0,2.33423223936,-172.429883022,-4.74666831444,-8.78238133774,-0.257464026931,-35.1902564096,-5.6542907558,-3.41471714953e-16,0.0985258859636,True,0.26391629724,0.240175528731
359,11.975219,True,True,True,0,2.10783511332,-172.532463329,-4.73536433538,-7.64385150433,-0.315719639741,-30.8690798869,-6.01025656992,1.33403690144e-15,0.104706491866,True,0.264283343374,0.240096000594
360,12.008576,True,True,True,0,1.87341290242,-172.677926793,-4.73777212018,-6.91631926989,-0.40710781609,-31.9586770076,-5.7456244042,8.27586890943e-17,0.100112077014,True,0.264106719644,0.239963733495
361,12.041933,True,True,True,0,1.65256112412,-172.854634995,-4.7590159106,-6.53347894114,-0.501485436411,-39.5034439341,-4.92610299796,-1.92369778127e-16,0.0858708324944,True,0.263389657278,0.239945560511
362,12.07529,True,True,True,0,1.48302341252,-173.013567245,-4.80097686259,-6.35394129282,-0.550450961433,-56.223318138,-3.98740410202,-6.25929266777e-16,0.0695371676871,True,0.262294980268,0.240166942357
363,12.108647,True,True,True,0,1.40181463177,-173.103900692,-4.85525779876,-6.17808765912,-0.509913984662,-81.1424867907,-3.54958723483,-3.12575396316e-16,0.0619123628201,True,0.261063956687,0.240664688091
364,12.142005,True,True,True,1,1.42617826975,-173.099580367,-4.90452750552,-5.80620285869,-0.360445055823,-102.447967097,-3.72847329661,6.21857201206e-16,0.0650282171995,True,0.259943316475,0.241375115055
365,12.175362,True,True,True,0,1.5383920967,-173.00644492,-4.92559387018,-5.10744059678,-0.123242177613,-113.267261536,-4.00688052287,1.25209268466e-15,0.0698762684913,True,0.259146901681,0.242170115764
366,12.208719,True,True,True,0,1.68452045276,-172.852791881,-4.8964571834,-4.06423965988,0.142548684663,-115.712655917,-4.04474085206,2.15361916785e-15,0.0705354254033,True,0.25885008944,0.242912796421
367,12.242076,True,True,True,0,1.79450706852,-172.669610814,-4.80623267302,-2.78012243042,0.36633669265,-112.634331461,-3.88246370287,8.12930205846e-17,0.0677099301246,True,0.259138872318,0.243534261516
368,12.275434,True,True,True,0,1.81642965911,-172.467763793,-4.66162539225,-1.45538169046,0.495161938137,-107.627459886,-3.74346493067,1.09295512884e-15,0.0652893145363,True,0.25994336613,0.244119034958
369,12.308791,True,True,True,0,1.74505148638,-172.22963323,-4.48493669244,-0.333772911923,0.507490934263,-106.556840536,-3.82388751505,-1.02308353132e-15,0.0666898938134,True,0.260992759373,0.244964329838
370,12.342148,True,True,True,0,1.62611746606,-171.921928663,-4.30764354247,0.372711828252,0.412258493834,-114.047019379,-4.30160303539,2.32228544717e-16,0.0750066262875,True,0.261867024415,0.246593083319
371,12.375506,True,True,True,0,1.52900008157,-171.525944065,-4.15712487602,0.562615783078,0.236610042885,-127.420395112,-5.50801279518,-1.12599574369e-16,0.0959849574006,True,0.2621519029,0.249620267857
372,12.408863,True,True,True,0,1.50637268108,-171.066940114,-4.04713372671,0.307876793879,0.0227820130744,-139.433495977,-7.61992812014,1.00481954827e-15,0.132601138226,True,0.26163368797,0.254477099765
373,12.44222,True,True,True,0,1.56336106826,-170.622562644,-3.9749713076,-0.125497018532,-0.170936082331,-147.251894189,-10.2518506963,4.42544405373e-15,0.177975330628,True,0.260461579497,0.260995825227
374,12.475578,True,True,True,0,1.6582655994,-170.297704572,-3.92667619961,-0.326093622115,-0.27646716195,-151.740912276,-12.6214921354,-1.54879275689e-15,0.21850930074,True,0.259145952575,0.268113841429
375,12.508935,True,True,True,0,1.72648224159,-170.18199568,-3.88288042371,0.129482556493,-0.235127458568,-154.036250535,-13.9266571307,4.10925982001e-15,0.240679646866,True,0.258415570688,0.274066497102
376,12.542292,True,True,True,1,1.71724070682,-170.307427013,-3.82785766167,1.49276346137,-0.019251841791,-154.721852063,-13.65848456,-1.52543482499e-15,0.236134117807,True,0.258976471568,0.277150208048
377,12.575649,True,True,True,0,1.62157224417,-170.628170949,-3.75635416971,3.69348986138,0.354570252626,-153.874077211,-11.7967260021,3.90165924692e-15,0.204440117025,True,0.261233671294,0.276644877187
378,12.609007,True,True,True,0,1.48121055164,-171.030079834,-3.67492316186,6.33219787389,0.819715530974,-150.919441874,-8.82938888483,1.88630597787e-15,0.153492710891,True,0.26500432261,0.273251546693
379,12.642364,True,True,True,0,1.3697395557,-171.373030719,-3.60230269501,8.84899739202,1.28044023176,-143.798214864,-5.60184529685,2.11179483663e-15,0.0976149525055,True,0.269418257631,0.268712198822
380,12.675721,True,True,True,0,1.35605148632,-171.540947437,-3.56162834783,10.7588769219,1.64894769934,-126.602542239,-3.05863489636,-8.7002123195e-16,0.0533578981614,True,0.273224818595,0.264909335709
381,12.709079,True,True,True,0,1.46845744645,-171.47965351,-3.57113429543,11.8128092491,1.88467521994,-95.288284857,-1.89004902527,-1.39530294391e-15,0.0329815961016,True,0.275383478649,0.263060817898
382,12.742436,True,True,True,0,1.68224662153,-171.200515133,-3.63590831636,12.0219874351,2.00467638008,-78.849562859,-1.65032825873,-2.80139565207e-15,0.0287996791878,True,0.275555896032,0.263403715435
383,12.775793,True,True,True,0,1.93410885028,-170.758132749,-3.74576876533,11.5900597677,2.06171249845,-91.8440248061,-1.59348877393,3.78477248233e-15,0.0278080405176,True,0.274164219141,0.265337318146
384,12.809151,True,True,True,0,2.14734719699,-170.232526931,-3.87814178113,10.8172050611,2.11235667088,-115.435541107,-1.85813735214,1.40423403893e-15,0.0324249302598,True,0.272061582387,0.267799561609
385,12.842508,True,True,True,0,2.25652489133,-169.72091865,-4.00840814572,10.0126645505,2.18781765516,-129.59945114,-2.30203125587,-4.66597851969e-15,0.0401672160498,True,0.270075122871,0.269742781232
386,12.875865,True,True,True,0,2.21868449576,-169.340638445,-4.11517037615,9.42890048951,2.28224280366,-134.495538141,-2.56899382643,2.36529895175e-15,0.0448223787823,True,0.268697520722,0.270543023311
387,12.909223,True,True,True,0,2.01913425066,-169.215179745,-4.18310125559,9.22109065899,2.35611095382,-133.583727533,-2.57773540522,-2.140722572e-15,0.0449747942553,True,0.268004922959,0.270201568517
388,12.94258,True,True,True,0,1.66882435442,-169.447326134,-4.20391604617,9.44189592898,2.35687098921,-128.910577098,-2.48017895907,1.37374594529e-15,0.0432737715972,True,0.267762967264,0.269230394504
389,12.975938,True,True,True,0,1.20337803918,-170.074204447,-4.17159383442,10.0472127005,2.23862448429,-123.362110285,-2.49149434078,3.13502308412e-16,0.0434710764199,True,0.267624543174,0.268347373742
390,13.009295,True,True,True,0,0.686286189817,-171.021163729,-4.08357542166,10.8986943143,1.97790736834,-120.582432082,-2.74081342717,3.80289311789e-16,0.0478179766076,True,0.267315040256,0.268126570623
391,13.042652,True,True,True,0,0.20651940781,-172.087494766,-3.94537826333,11.7707121547,1.58411431709,-121.719489874,-3.24419280376,-2.47998367176e-15,0.0565915955894,True,0.266718969243,0.268810159254
392,13.07601,True,True,True,0,-0.14011880385,-172.986910729,-3.7711344369,12.3849250209,1.09013796199,-125.179371096,-3.95831326848,-2.29843170454e-15,0.0690306569514,True,0.26585608113,0.270297994203
393,13.109367,True,True,True,0,-0.286305775325,-173.44953227,-3.5867295767,12.4951057753,0.552748248989,-129.298553111,-4.80346317677,-2.21278296063e-15,0.0837380750317,True,0.264816345215,0.272260377205
394,13.142724,True,True,True,0,-0.223395709984,-173.337660471,-3.42198100212,11.9962981851,0.044619215423,-133.243647541,-5.6795636863,-2.10154778949e-15,0.0989648260564,True,0.263718465102,0.274281699938
395,13.176082,True,True,True,0,-0.00598202014005,-172.711942128,-3.30324927069,11.0040832152,-0.354145065726,-136.588136722,-6.4656573109,2.4484707802e-15,0.112607653454,True,0.262737926699,0.275952415538
396,13.209439,True,True,True,0,0.276289825397,-171.799061482,-3.24744936633,9.83053109009,-0.576930247111,-139.014344474,-7.01498640894,3.77967596621e-16,0.122128951768,True,0.262104700732,0.276942063011
397,13.242796,True,True,True,0,0.538595189678,-170.890893084,-3.2626932567,8.86354607623,-0.591105918173,-140.233811877,-7.1855992024,2.06515512231e-15,0.125083870177,True,0.262047094756,0.277076256042
398,13.276154,True,True,True,0,0.732276759001,-170.224567484,-3.34545726791,8.39892157765,-0.412032401738,-139.978164638,-6.90587746653,-5.38949788874e-15,0.120238676385,True,0.262660592731,0.276411603145
399,13.309511,True,True,True,0,0.855805722764,-169.903187114,-3.48551186207,8.51987978609,-0.0947737604176,-137.958616058,-6.23454626154,3.49915090647e-15,0.108598755394,True,0.263833525608,0.275234701638
400,13.342868,True,True,True,0,0.944387888935,-169.886467662,-3.66346573543,9.09108239664,0.279590884241,-133.869584537,-5.35422514664,-3.60426127587e-16,0.0933129071075,True,0.265272647674,0.273947135729
401,13.376226,True,True,True,0,1.04646255762,-170.03368734,-3.85460602643,9.83322909386,0.623443988307,-127.743057017,-4.51205854501,9.09116407015e-16,0.0786689065202,True,0.266608331078,0.272907286075
402,13.409583,True,True,True,0,1.19628492132,-170.183357328,-4.03180444147,10.449216643,0.860989347669,-120.88553203,-3.92201948036,-8.18794737278e-16,0.0683987081045,True,0.267531495159,0.272309712721
403,13.442941,True,True,True,0,1.39282358457,-170.233332685,-4.17197393334,10.7331059059,0.945460965882,-116.426395509,-3.68899453779,-3.86392859834e-16,0.0643406258837,True,0.267869956393,0.272183633882
404,13.476299,True,True,True,0,1.60047705171,-170.18161041,-4.25840674896,10.6304931492,0.865888182302,-117.139601776,-3.82285919272,4.56682929804e-16,0.066671986148,True,0.267602822164,0.272461835825
405,13.509656,True,True,True,0,1.76812753558,-170.115754502,-4.28119793067,10.2375439379,0.639756504697,-122.428618604,-4.32963451007,-2.34598889053e-15,0.0754944806426,True,0.266833042635,0.27306360783
406,13.543014,True,True,True,0,1.8569136292,-170.157312851,-4.23926206109,9.75538292178,0.307190342589,-129.04098044,-5.17774475678,-9.23866930613e-16,0.0902457447122,True,0.265751477117,0.273896787663
407,13.576372,True,True,True,0,1.8567027823,-170.394405314,-4.13786129385,9.42367925673,-0.0737449035732,-134.255067519,-6.18136428556,-1.99810325938e-15,0.107675997849,True,0.264631854337,0.274763778291
408,13.609729,True,True,True,0,1.78499238993,-170.836199825,-3.98905289802,9.4590658988,-0.428679022475,-137.024223414,-6.98742326219,6.11186525518e-17,0.121651471148,True,0.263824770037,0.275276662364
409,13.643087,True,True,True,0,1.6706798515,-171.406292814,-3.8130864974,9.99370739663,-0.678265659147,-136.975906586,-7.19761406041,-4.15048300489e-15,0.125291919318,True,0.263711721433,0.274897789596
410,13.676445,True,True,True,0,1.5335196948,-171.973463041,-3.63366764436,11.0127626872,-0.76587912762,-133.226515876,-6.56907268858,1.35612540677e-16,0.114400927633,True,0.26458236058,0.273192861309
411,13.709803,True,True,True,0,1.36982193716,-172.40775366,-3.47529120093,12.3228248577,-0.68216718982,-123.079521899,-5.23001861835,2.4770241471e-15,0.0911543352007,True,0.266462401351,0.27015234016
412,13.74316,True,True,True,0,1.15492375086,-172.633931069,-3.35334232133,13.594893504,-0.478393741142,-100.552060046,-3.84878246776,-1.72389622004e-15,0.0671234190936,True,0.268958053865,0.26632631801
413,13.776518,True,True,True,0,0.865004926853,-172.649671408,-3.27363805353,14.4778895812,-0.24473012592,-66.893512023,-3.41751907151,-7.46254561908e-16,0.0596115980788,True,0.27127270448,0.262618260424
414,13.809876,True,True,True,0,0.498682399941,-172.517522476,-3.23166724538,14.7298507922,-0.0809477199258,-44.5948189691,-3.75258075266,-1.12707975422e-15,0.0654480753552,True,0.272525600887,0.259868163816
415,13.843233,True,True,True,0,0.090208793292,-172.329047998,-3.21993373735,14.2981476941,-0.0582617834733,-39.2338728054,-3.77969310981,-4.79771407206e-15,0.0659202533585,True,0.272217267906,0.258509469422
416,13.876591,True,True,True,0,-0.295803441096,-172.168482348,-3.23205490861,13.3292780937,-0.192462539284,-48.9006511134,-3.2540718575,-2.77880171222e-15,0.0567637404406,True,0.27051964493,0.258467114104
417,13.909949,True,True,True,0,-0.581211424612,-172.08153726,-3.26764309263,12.1130747817,-0.430707463002,-75.7126977016,-2.8311852664,1.28527668757e-15,0.0493933983076,True,0.268161682859,0.259267830866
418,13.943307,True,True,True,0,-0.698326621455,-172.062401791,-3.33063281424,10.97687321,-0.673315542629,-105.078067226,-3.22013478268,8.42668788122e-18,0.0561723718472,True,0.265990278576,0.2602877621
419,13.976665,True,True,True,0,-0.611216126391,-172.058584115,-3.42626642498,10.1559680497,-0.822769541087,-120.551988832,-3.94406200558,2.71709280302e-15,0.0687825166975,True,0.264567042923,0.261042950713
420,14.010022,True,True,True,0,-0.327543473782,-171.993333554,-3.55222814202,9.70794203439,-0.836915604689,-126.347898495,-4.38689075349,1.2385350892e-15,0.0764909009356,True,0.264027669717,0.261392914659
421,14.04338,True,True,True,0,0.100977031711,-171.801965051,-3.6985495144,9.53203317876,-0.735792795821,-127.203171097,-4.44575911012,6.32507536004e-16,0.0775152968984,True,0.264204777099,0.261509393738
422,14.076738,True,True,True,0,0.591863409556,-171.466492841,-3.84379627809,9.48281589968,-0.57476720554,-125.148024047,-4.25741209466,2.45796641762e-16,0.0742374993001,True,0.264847333045,0.261653415802
423,14.110095,True,True,True,0,1.05164174079,-171.040700349,-3.96476522302,9.49490177403,-0.401143133214,-120.758039342,-3.94920563105,1.65444097157e-15,0.0688720770085,True,0.265808693541,0.261916237712
424,14.143453,True,True,True,0,1.3977655576,-170.642451066,-4.04522001478,9.62551229163,-0.235265213812,-113.177276013,-3.56001742279,-1.20657842442e-15,0.0620940536852,True,0.267106305783,0.262133753632
425,14.176811,True,True,True,0,1.57612715246,-170.408227459,-4.0803599075,9.98375669148,-0.0766206195716,-100.032108531,-3.13325178312,1.63373188583e-16,0.0546583076949,True,0.268808089631,0.262013654934
426,14.210169,True,True,True,0,1.57163558385,-170.423371081,-4.07944182002,10.6014942445,0.0838971186398,-79.4785046274,-2.85575542167,2.42468358096e-16,0.0498217004305,True,0.270834548791,0.261387709118
427,14.243526,True,True,True,0,1.40900956041,-170.669012206,-4.06004820785,11.3424815362,0.247262742249,-56.662106031,-2.93935123805,1.63217258046e-15,0.0512788572023,True,0.272826703803,0.260384437647
428,14.276884,True,True,True,0,1.1481941949,-171.009946589,-4.03860470956,11.906139039,0.392656043803,-41.0293649414,-3.19263302539,6.04280694868e-16,0.0556931270525,True,0.274179071957,0.259423412592
429,14.310242,True,True,True,0,0.871297785746,-171.250925714,-4.02287756147,11.9442338204,0.473851513737,-35.7354908576,-3.14356535487,-3.06679371951e-16,0.0548380435054,True,0.274280361517,0.259035093368
430,14.3436,True,True,True,0,0.664785008297,-171.224802636,-4.00970786473,11.2204499735,0.436714478702,-44.081754788,-2.55915464431,1.40928818361e-15,0.0446508245881,True,0.272845563431,0.259615489571
431,14.376957,True,True,True,0,0.5996016531,-170.878449959,-3.98876720885,9.75556552375,0.253303490832,-80.1759199131,-2.00147458907,-1.77527237793e-15,0.0349252174474,True,0.270141196273,0.261241897899
432,14.410314,True,True,True,0,0.717527712929,-170.29504106,-3.95047954479,7.86321927733,-0.0514400732281,-123.54947501,-2.83187453089,-7.19194725779e-16,0.049405413555,True,0.266924912354,0.263616155924
433,14.443672,True,True,True,0,1.02216035974,-169.649420008,-3.89531356907,6.04427883239,-0.398413322397,-139.886673649,-4.3663030985,2.83716090065e-15,0.0761326263546,True,0.264084771274,0.266179767477
434,14.477029,True,True,True,0,1.47736603004,-169.120688286,-3.83677114855,4.76397340772,-0.694591360739,-144.689691261,-5.52234681081,1.33763165798e-15,0.0962339750466,True,0.262249754396,0.268352567539
435,14.510386,True,True,True,0,2.00823610372,-168.817629641,-3.7954166989,4.23630161819,-0.881527752459,-144.950108528,-5.94744086084,9.67829895143e-17,0.103616114615,True,0.261578219405,0.269785781186
436,14.543744,True,True,True,0,2.50863804397,-168.755796705,-3.7875848717,4.34852992968,-0.954774204726,-142.641159615,-5.74211780644,2.48480647633e-15,0.100051182617,True,0.261772385471,0.270439294262
437,14.577101,True,True,True,0,2.86254198231,-168.881420166,-3.81944180394,4.75848457758,-0.943568398313,-138.86297928,-5.24593658499,2.04211170897e-15,0.091430995977,True,0.262234834229,0.270470143175
438,14.610458,True,True,True,0,2.97587554679,-169.120520967,-3.88261876133,5.08376684879,-0.890009906352,-135.18244432,-4.80335078386,2.52756829706e-15,0.0837361202948,True,0.262324152761,0.270032731472
439,14.643816,True,True,True,0,2.80979461325,-169.419443716,-3.9599556258,5.06107258216,-0.838838299571,-133.368885202,-4.61387982544,1.94065522752e-15,0.0804403903144,True,0.261640227278,0.269157818374
440,14.677173,True,True,True,0,2.39850624906,-169.761360109,-4.03285520463,4.61165736675,-0.837409937305,-133.79498772,-4.72796965483,3.5334315673e-15,0.0824250199131,True,0.26017567188,0.267783336623
441,14.710531,True,True,True,0,1.84175614381,-170.15225601,-4.08617624235,3.8068271327,-0.927353261183,-135.094773699,-5.09438729382,-8.98071517943e-17,0.0887967240553,True,0.258232366159,0.265884397041
442,14.743888,True,True,True,0,1.27512567404,-170.592074973,-4.11365198626,2.77864108744,-1.12881464615,-135.795907475,-5.60713146712,5.11708449027e-16,0.0977067725508,True,0.256206163839,0.263576692395
443,14.777245,True,True,True,0,0.83422899852,-171.045097256,-4.11500980662,1.62279106076,-1.43685476521,-135.449731968,-6.16664712485,1.01199595166e-15,0.10742062478,True,0.254383523423,0.26111952494
444,14.810603,True,True,True,0,0.619664426781,-171.441834986,-4.09590939044,0.355797530271,-1.82639234241,-134.448132618,-6.72973744664,1.59045895454e-15,0.117186193172,True,0.252877716019,0.258805744515
445,14.84396,True,True,True,0,0.677400584205,-171.698763158,-4.06495373118,-1.07183504145,-2.26052234377,-133.5197495,-7.30285396793,-2.09728284782e-15,0.127114015834,True,0.251655359939,0.256835092419
446,14.877317,True,True,True,0,0.991404119342,-171.752171093,-4.0319491427,-2.71393025025,-2.69632967858,-133.238821554,-7.8982242403,1.8659181532e-15,0.137413847256,True,0.250638434922,0.255228188776
447,14.910675,True,True,True,0,1.4931735105,-171.582875187,-4.00771797782,-4.56034827946,-3.08401806058,-133.718019989,-8.48230437085,4.68877471133e-16,0.147503949511,True,0.2497916571,0.253825174224
448,14.944032,True,True,True,0,2.08174874715,-171.226507654,-4.00287637428,-6.50284023659,-3.3783986204,-134.578603566,-8.96184048358,4.21380003821e-16,0.15577662087,True,0.249141476655,0.252392953041
449,14.97739,True,True,True,0,2.64585222053,-170.773782757,-4.02564514687,-8.35687184577,-3.55642375959,-135.274696185,-9.22378846223,3.03112702121e-15,0.160291020034,True,0.248746760192,0.250768082724
450,15.010747,True,True,True,0,3.08804733071,-170.346815755,-4.08012454804,-9.9378913678,-3.62953406331,-135.405090858,-9.20556349789,-5.03889875459e-15,0.159977039208,True,0.248647981132,0.248953060447
451,15.044104,True,True,True,0,3.34400055857,-170.064008471,-4.16262248446,-11.135640085,-3.64141018196,-134.846058569,-8.94370514074,3.00475633357e-15,0.155463955625,True,0.248852828041,0.247111592836
452,15.077462,True,True,True,0,3.39799353652,-169.998723546,-4.26131599843,-11.9405449554,-3.643849062,-133.681697175,-8.5379063359,1.2572551862e-17,0.148463702104,True,0.249356764342,0.245438901181
453,15.110819,True,True,True,0,3.28993132549,-170.147936402,-4.35607575596,-12.4228151603,-3.6738049165,-131.946725813,-8.06704536484,-1.69511307183e-15,0.140331779837,True,0.250153596116,0.244034633237
454,15.144176,True,True,True,0,3.10466909396,-170.434281369,-4.42621799136,-12.697839778,-3.74127653822,-129.395921124,-7.5532331382,3.85186140679e-15,0.13144728076,True,0.251222012071,0.24285111374
455,15.177534,True,True,True,0,2.94441661269,-170.738538917,-4.45670531266,-12.9140526725,-3.83883967457,-125.635042134,-7.01578986541,8.26606826377e-16,0.122142869744,True,0.252473273201,0.241767738691
456,15.210891,True,True,True,0,2.88778590533,-170.955401503,-4.44725869469,-13.2419288461,-3.95692424214,-120.763494458,-6.55716091669,2.34274292531e-15,0.114194390454,True,0.253731341231,0.240687967036
457,15.244249,True,True,True,0,2.96023132901,-171.034041144,-4.41278425378,-13.8414375439,-4.09230314734,-116.115187308,-6.34726558241,-2.36820969848e-16,0.110554231846,True,0.254775761679,0.239568963649
458,15.277606,True,True,True,0,3.12996004737,-170.990191568,-4.37764841119,-14.8071860569,-4.2431276964,-113.919487111,-6.5140783316,-6.95159539957e-17,0.113447344108,True,0.255429400958,0.238405581841
459,15.310963,True,True,True,0,3.32968954761,-170.885425906,-4.36433668915,-16.1264887697,-4.40351046979,-115.202472381,-7.08823430739,-1.49519759146e-15,0.123397698698,True,0.255653535241,0.237186752179
460,15.344321,True,True,True,0,3.48877157815,-170.793463353,-4.38650075032,-17.6800869003,-4.56203788869,-118.734001446,-8.01408228826,1.55253021852e-15,0.139416487114,True,0.255563067711,0.235899767829
461,15.377678,True,True,True,0,3.56112844605,-170.771854358,-4.44456954705,-19.2824765622,-4.70554176371,-122.472831363,-9.13006051836,1.45924173471e-15,0.158676097074,True,0.255352853348,0.234550905424
462,15.411035,True,True,True,0,3.54004063481,-170.840562968,-4.52885994796,-20.74804974,-4.81842824499,-125.103609461,-10.1785725465,7.53877240854e-16,0.176716658852,True,0.255200809628,0.23317161478
463,15.444393,True,True,True,0,3.45836452629,-170.976860378,-4.62452295526,-21.940363151,-4.88126234451,-126.157455979,-10.8966793167,-1.22856496557e-15,0.189038531431,True,0.255195330578,0.231830336876
464,15.47775,True,True,True,0,3.37233380612,-171.125467802,-4.71614237673,-22.7884909484,-4.86934660087,-125.502160697,-11.1004683959,-3.34544298913e-16,0.192529988636,True,0.255339416473,0.230617981532
465,15.511107,True,True,True,0,3.33909704228,-171.220002287,-4.7898967861,-23.2786044654,-4.76233815205,-122.956780262,-10.7360703348,4.2392131934e-15,0.18628517861,True,0.255585113811,0.229631400956
466,15.544465,True,True,True,0,3.39613088347,-171.205734984,-4.83906411263,-23.4390790346,-4.54991574085,-118.151187062,-9.904882886,-7.05628377855e-15,0.172013053073,True,0.255885298079,0.228944175093
467,15.577822,True,True,True,0,3.55233358833,-171.055009242,-4.86287723388,-23.3285721747,-4.24243518869,-110.595553554,-8.84910532843,2.24013404571e-15,0.153832740793,True,0.25622602168,0.228573192597
468,15.611179,True,True,True,1,3.79112010575,-170.769808776,-4.86570132297,-23.0312841421,-3.86955020165,-100.162628697,-7.88396797515,4.20748568904e-15,0.137167384603,True,0.256630431701,0.228442776662
469,15.644537,True,True,True,0,4.08181647896,-170.374725283,-4.85558311782,-22.6522935992,-3.47163656194,-87.9265815984,-7.26393324764,-1.52895104976e-15,0.126440202204,True,0.257116383994,0.228416276797
470,15.677894,True,True,True,1,4.38798992635,-169.913293817,-4.8406488246,-22.300584963,-3.09339127365,-76.2669039447,-7.04995091733,-3.70653809312e-15,0.12273460663,True,0.257653972059,0.228347314042
471,15.711251,True,True,True,1,4.66991937353,-169.450092161,-4.8279319225,-22.0661322375,-2.77655489641,-67.400619842,-7.1033772644,-1.11179592864e-16,0.12365996892,True,0.258151634965,0.228146946876
472,15.744609,True,True,True,0,4.88276278998,-169.076524506,-4.82037325744,-21.9868786768,-2.55977412778,-62.22170524,-7.2214113413,4.93933306833e-16,0.125703976484,True,0.25847225933,0.227809559185
473,15.777966,True,True,True,0,4.97784439723,-168.907511905,-4.81801734527,-22.01965166,-2.47368148218,-60.6837823666,-7.25739781338,2.28550416192e-15,0.126327051994,True,0.258507948199,0.227398134559
474,15.811323,True,True,True,0,4.91174404472,-169.059156125,-4.8173012509,-22.0433492412,-2.53861297867,-62.5513722268,-7.16531061315,3.22959334418e-15,0.124732540721,True,0.258226970156,0.227018440665
475,15.844681,True,True,True,0,4.66045505225,-169.608027695,-4.81235552578,-21.905818331,-2.75620689557,-67.6245525797,-7.00202956575,-2.26120384594e-15,0.121904501899,True,0.257701471952,0.226775077877
476,15.878038,True,True,True,0,4.2335913189,-170.552614258,-4.79658852088,-21.4948084627,-3.10505052057,-75.4870813666,-6.90171230875,8.13182751689e-16,0.120166507757,True,0.257066855648,0.226741314217
477,15.911395,True,True,True,0,3.68290801228,-171.789267173,-4.7658922748,-20.8049615735,-3.54042132337,-85.1027349152,-7.01983570813,4.93849638271e-15,0.122212954001,True,0.256464738453,0.226929403862
478,15.944753,True,True,True,0,3.09476345396,-173.12468921,-4.72236988938,-19.9605637605,-4.0023497545,-94.8671543703,-7.45383666329,3.98598851843e-15,0.129727340615,True,0.255995648926,0.227295649448
479,15.97811,True,True,True,0,2.56684921751,-174.324378942,-4.67548935157,-19.1708801282,-4.43002400655,-103.301144141,-8.20234685623,-5.34419915313e-16,0.142669475185,True,0.255695542061,0.227747600203
480,16.011468,True,True,True,0,2.17748992232,-175.181648458,-4.64215215738,-18.6333709239,-4.76670440075,-109.593364129,-9.16495694789,-9.92126305087e-16,0.159277408861,True,0.255551200165,0.22815668697
481,16.044825,True,True,True,0,1.9655014417,-175.573985668,-4.64125004284,-18.4348427204,-4.96012294122,-113.414803838,-10.165503149,8.54646165561e-15,0.176492140192,True,0.255506979458,0.22838146434
482,16.078182,True,True,True,0,1.93362009493,-175.483185025,-4.68830277334,-18.5070699459,-4.96174149414,-114.490333558,-10.9788385649,-4.22125725294e-15,0.19044643141,True,0.255500277434,0.228269134964
483,16.11154,True,True,True,1,2.06565796556,-174.978531675,-4.78793467155,-18.6585555549,-4.73872154876,-112.268774827,-11.4072800891,1.41038742308e-15,0.197781893533,True,0.255497692093,0.227693175789
484,16.144897,True,True,True,1,2.33878740989,-174.188345147,-4.93032603348,-18.6468037634,-4.29418818595,-105.700775815,-11.4229949767,3.20681488626e-15,0.198050744576,True,0.255539734832,0.226601914886
485,16.178254,True,True,True,0,2.71623664011,-173.28703086,-5.08918108914,-18.247578823,-3.68703579959,-93.5949382461,-11.3673965013,3.10541204192e-15,0.197099496467,True,0.255760322022,0.225076526011
486,16.211612,True,True,True,0,3.13152134717,-172.486481333,-5.22977881126,-17.2994763179,-3.03121989571,-76.720364528,-12.0176089015,2.43889442633e-15,0.208212298332,True,0.256346500895,0.223366246736
487,16.244969,True,True,True,0,3.49103461296,-172.002310888,-5.31812552775,-15.74086259,-2.46822934554,-59.9411771201,-14.0680612013,2.41333231126e-15,0.243074331226,True,0.257422447961,0.221836690209
488,16.278326,True,True,True,0,3.69861997508,-171.99165469,-5.33313818487,-13.6408990668,-2.11574670331,-47.8419546258,-17.3847094675,-7.3017679264e-16,0.298786123364,True,0.258931890299,0.220824575693
489,16.311684,True,True,True,0,3.69315691803,-172.481662068,-5.2726604657,-11.2170578186,-2.02442935095,-40.8176337706,-21.2189177221,3.32755984886e-15,0.361932381809,True,0.26059834684,0.220475133802
490,16.345041,True,True,True,0,3.47262474084,-173.341132287,-5.15427576852,-8.80038435903,-2.16389030789,-37.4294997597,-24.8412524624,-4.74081463291e-15,0.420105565551,True,0.262015705104,0.220665703681
491,16.378398,True,True,True,1,3.09790652163,-174.309093012,-5.00873436472,-6.76386292095,-2.4494453251,-36.3974591649,-27.8293858057,-2.17928602177e-15,0.466840262041,True,0.262821268959,0.22109541362
492,16.411755,True,True,True,0,2.67316028624,-175.081340073,-4.86973407457,-5.41860673021,-2.78772439992,-36.8574805746,-30.1097061594,5.33910829972e-17,0.501657290454,True,0.262846215719,0.221465558157
493,16.445113,True,True,True,0,2.31234250693,-175.418343763,-4.76136433994,-4.92399419753,-3.11210956643,-38.192892183,-31.8601812502,1.45010577857e-15,0.527848198757,True,0.262164057609,0.221599729876
494,16.47847,True,True,True,0,2.10429763632,-175.231138168,-4.69486892132,-5.23630617607,-3.39100190038,-39.9191673666,-33.3629245565,-5.36029016139e-15,0.549940404371,True,0.26100760678,0.221477002483
495,16.511827,True,True,True,0,2.08838639072,-174.608558617,-4.66816352013,-6.12470002042,-3.62023828547,-41.6935535382,-34.8660502668,-1.04991127465e-15,0.571659804651,True,0.259647118538,0.221201403786
496,16.545184,True,True,True,0,2.24675262347,-173.775758149,-4.67421643023,-7.24843619251,-3.81134483021,-43.3611510209,-36.5075827731,-6.34965165797e-16,0.594929167461,True,0.258302686316,0.220948335176
497,16.578542,True,True,True,0,2.51544029506,-173.003936343,-4.70776648034,-8.26826738475,-3.98452699317,-44.9524344818,-38.3039387361,-2.31785382337e-15,0.619832978929,True,0.257101817197,0.220903195923
498,16.611899,True,True,True,1,2.8106614068,-172.509481311,-4.76890080654,-8.94578301795,-4.1535708621,-46.5802665378,-40.1848691193,6.35615988941e-15,0.645255959148,True,0.256103587812,0.221176269945
499,16.645256,True,True,True,0,3.05909428826,-172.384190395,-4.86019247423,-9.18930778586,-4.31718979923,-48.3148121282,-42.0618607764,3.88994259928e-15,0.669932570516,True,0.255328031912,0.221789054153
500,16.678613,True,True,True,0,3.2187103394,-172.584774583,-4.97872707575,-9.02922751159,-4.45197760031,-50.0824582296,-43.892485376,9.45286069883e-15,0.693307318481,True,0.254800060812,0.222681883659
501,16.71197,True,True,True,0,3.28574796122,-172.97047266,-5.11236724726,-8.55686633413,-4.52274304868,-51.6675887498,-45.706815082,7.08215709914e-15,0.715775802079,True,0.254558546472,0.223758087802
502,16.745328,True,True,True,0,3.28333359813,-173.37954653,-5.24066041874,-7.8651939203,-4.50306215537,-52.8154090611,-47.5804460103,5.84333178056e-15,0.738225170693,True,0.254624474662,0.224887929087
503,16.778685,True,True,True,0,3.24386676435,-173.695372386,-5.33884331856,-7.03795634931,-4.40135054697,-53.4019554551,-49.5818211588,3.90875737484e-15,0.761332633316,True,0.254955460883,0.2259327486
504,16.812042,True,True,True,0,3.19427922046,-173.878095043,-5.38794456027,-6.17270046671,-4.27022248783,-53.5554048316,-51.7259804584,-3.16806518264e-15,0.785057325262,True,0.255392213511,0.2267691249
505,16.845399,True,True,True,0,3.1503187517,-173.948856103,-5.38199939535,-5.40124583427,-4.1905601965,-53.6162739894,-53.9552233335,-1.07069191844e-15,0.808557393044,True,0.255653690799,0.227321000275
506,16.878757,True,True,True,0,3.11945208497,-173.947893716,-5.32944629806,-4.87625385118,-4.24429449412,-53.9751742402,-56.1625169539,-2.4822452483e-15,0.830620361457,True,0.255405552391,0.227572515118
507,16.912114,True,True,True,0,3.10544988058,-173.896429638,-5.24911900866,-4.72463089268,-4.4799379085,-54.8887024328,-58.2594449206,2.93959558866e-15,0.850438957156,True,0.254419063342,0.22758839939
508,16.945471,True,True,True,0,3.10991913176,-173.785358532,-5.15997209428,-4.989438433,-4.89599119453,-56.3667281034,-60.2350166247,2.05167520221e-15,0.868069019607,True,0.252709667902,0.227529857298
509,16.978828,True,True,True,0,3.13338011558,-173.593081658,-5.07047259922,-5.59498447098,-5.44465421057,-58.1728845313,-62.1522069089,4.73493805177e-15,0.884191632591,True,0.250565335992,0.22762001191
510,17.012185,True,True,True,0,3.17293025455,-173.315997157,-4.97726384373,-6.35809563081,-6.04845295919,-59.9165366562,-64.0739180923,-4.77258622918e-15,0.89935884696,True,0.248399725606,0.228046840726
511,17.045543,True,True,True,0,3.22247940907,-172.986400542,-4.86898085855,-7.0505489184,-6.62571501711,-61.2138456211,-65.9942934166,6.61104872218e-15,0.913504942683,True,0.246579338911,0.228875936081
512,17.0789,True,True,True,0,3.27247191576,-172.668042003,-4.73745348813,-7.48596946166,-7.11330973114,-61.8381794457,-67.8336217236,9.44686417382e-15,0.926092146056,True,0.245292060577,0.230038401199
513,17.112257,True,True,True,0,3.31282347031,-172.428737898,-4.58341740053,-7.58311242296,-7.47851157119,-61.7775590478,-69.4784061038,8.77113978592e-15,0.936540134964,True,0.244536999495,0.231388821809
514,17.145614,True,True,True,0,3.33388537685,-172.32082313,-4.41999660564,-7.36432520028,-7.71855116768,-61.2007552734,-70.8343836929,5.8110833051e-15,0.944573555896,True,0.244187017708,0.232761712066
515,17.178971,True,True,True,0,3.33107981731,-172.366162517,-4.26607626392,-6.91014662737,-7.85289947947,-60.369523966,-71.8488863488,5.46405919429e-15,0.950238198522,True,0.244065884289,0.234005044461
516,17.212329,True,True,True,0,3.31033858006,-172.550363778,-4.13982782824,-6.3172338743,-7.91469570794,-59.5646304069,-72.5239348847,1.13992330719e-14,0.953842485134,True,0.244031185642,0.234986542736
517,17.245686,True,True,True,0,3.29057479686,-172.820288767,-4.05190144125,-5.67700996455,-7.9422005309,-59.0165009215,-72.9118224807,4.81439310634e-15,0.955853667088,True,0.244014957193,0.235628072477
518,17.279043,True,True,True,0,3.30146982607,-173.088887911,-4.00428430046,-5.07254573792,-7.97162053432,-58.8564765443,-73.1113111371,4.93581441865e-15,0.956870954846,True,0.244030709973,0.235951510158
519,17.3124,True,True,True,0,3.37230307787,-173.256553841,-3.99212776154,-4.57122745249,-8.02757777374,-59.0784681425,-73.246961667,4.68992244703e-15,0.957556076723,True,0.244146791961,0.23608901452
520,17.345758,True,True,True,0,3.51533415166,-173.246533489,-4.00897427687,-4.21198941608,-8.11497966906,-59.5361865524,-73.4388980985,1.83799174616e-14,0.958516307404,True,0.244441525779,0.236238795057
521,17.379115,True,True,True,0,3.71353288271,-173.036957362,-4.04791151816,-3.99978448755,-8.22148852517,-59.991556522,-73.765811429,1.31595712211e-15,0.960127039862,True,0.244966981214,0.23656638704
522,17.412472,True,True,True,0,3.92333171503,-172.669647012,-4.10382181846,-3.91483234777,-8.32239771852,-60.2086243051,-74.2394570178,7.69834778471e-15,0.96240527247,True,0.245706627231,0.237129000259
523,17.44583,True,True,True,0,4.09262200753,-172.229185664,-4.17234408133,-3.93258721587,-8.39472106275,-60.0446161871,-74.8062177824,3.37307618376e-15,0.965044941763,True,0.246580316907,0.237875844612
524,17.479187,True,True,True,0,4.18745959555,-171.800288728,-4.24844269257,-4.04742719247,-8.42480863313,-59.5037371765,-75.3644385956,-6.4043266662e-15,0.967552533826,True,0.247459903817,0.238690887706
525,17.512544,True,True,True,0,4.21026871976,-171.429071799,-4.32636748457,-4.28626400355,-8.41221557316,-58.7369740591,-75.7940385546,6.78461644871e-16,0.969419821187,True,0.248209930589,0.239424150772
526,17.545902,True,True,True,0,4.19781645767,-171.114830328,-4.40123836123,-4.69243381128,-8.36598797309,-57.9927236582,-75.9875549973,7.88903599707e-15,0.970243156435,True,0.248729845604,0.239913552575
527,17.579259,True,True,True,0,4.20275423818,-170.826348753,-4.47008286102,-5.29381879142,-8.2973691572,-57.5396680064,-75.8807455046,-3.05060532665e-15,0.969790092639,True,0.248973588688,0.24000475067
528,17.612616,True,True,True,1,4.26547306225,-170.535079796,-4.53370417684,-6.06339903527,-8.21423790883,-57.5715608952,-75.4801255989,-5.34107093105e-15,0.968060731888,True,0.248959303957,0.239628130406
529,17.645974,True,True,True,0,4.39351624554,-170.244508119,-4.59308730779,-6.89791505936,-8.12322510991,-58.1301800449,-74.8712889798,1.34125495647e-14,0.965341970381,True,0.248757636329,0.238860529517
530,17.679331,True,True,True,0,4.55853101489,-170.001419745,-4.64753335774,-7.62554670758,-8.0327151429,-59.0645752541,-74.2026609479,8.12503586474e-15,0.962230637813,True,0.248482525734,0.237932117395
531,17.712688,True,True,True,0,4.71283175287,-169.879934565,-4.69358781692,-8.05074077862,-7.95345150047,-60.0632699487,-73.6424925447,-7.54596679332e-16,0.959523104952,True,0.248264664745,0.237127760553
532,17.746046,True,True,True,0,4.81364588148,-169.950795286,-4.72487168665,-8.01808254303,-7.89724686256,-60.7638060664,-73.3261815982,-4.20132358771e-15,0.957953705693,True,0.248218783103,0.236657095535
533,17.779403,True,True,True,0,4.84012747493,-170.25274514,-4.73535488913,-7.47512025915,-7.87217223479,-60.9153391291,-73.3150344123,1.09147217915e-14,0.957897865269,True,0.248407734785,0.236587611343
534,17.81276,True,True,True,0,4.79563436918,-170.778790069,-4.72016900831,-6.50151317785,-7.88259875186,-60.5047945373,-73.5757171105,7.54942575114e-15,0.959194227455,True,0.248810188158,0.236854781472
535,17.846118,True,True,True,1,4.69607403213,-171.482311164,-4.67508056011,-5.28500510372,-7.93647135505,-59.7627181774,-73.9844432827,6.57721948813e-15,0.961186820572,True,0.249303790302,0.237308773738
536,17.879475,True,True,True,0,4.55711031082,-172.296492326,-4.59905737758,-4.04995352625,-8.04423470606,-59.0513808016,-74.364337609,-1.33739522043e-15,0.96299499751,True,0.249710119282,0.237723515086
537,17.912832,True,True,True,0,4.38702043067,-173.149556078,-4.49875080123,-2.98410626857,-8.20740130628,-58.702418409,-74.5460260325,-1.06606851111e-15,0.96384481641,True,0.249871246185,0.237868805796
538,17.94619,True,True,True,0,4.19051241751,-173.969228232,-4.39231045051,-2.19854021126,-8.40945617892,-58.9007058957,-74.4420106034,3.95998518322e-15,0.963359486166,True,0.249723195214,0.237623025223
539,17.979547,True,True,True,0,3.97563229128,-174.6753112,-4.30771395029,-1.73760835883,-8.61228028497,-59.6394198051,-74.0745412602,-1.90752627854e-15,0.961619483892,True,0.249323889822,0.237057917735
540,18.012904,True,True,True,0,3.7525122837,-175.189131696,-4.2747779474,-1.58940842978,-8.76868847084,-60.7233123752,-73.5613977293,1.02335930478e-14,0.95912353302,True,0.248819126721,0.236400946686
541,18.046262,True,True,True,0,3.52729962528,-175.461219902,-4.3092545373,-1.68390978955,-8.8406886467,-61.8174397097,-73.0588741527,2.04687560632e-17,0.956604676955,True,0.24838339465,0.235896299558
542,18.079619,True,True,True,0,3.29732467057,-175.501755818,-4.40294993019,-1.89025851573,-8.81597916001,-62.5519839282,-72.7020061793,4.00039952532e-15,0.95477121133,True,0.24817108441,0.235681383662
543,18.112976,True,True,True,0,3.05693186609,-175.379357804,-4.52272859166,-2.04596611377,-8.71235201757,-62.6496117124,-72.5724964992,-1.23514693184e-15,0.954096671033,True,0.248275750137,0.235780620283
544,18.146334,True,True,True,0,2.81237999655,-175.183909183,-4.62237305635,-2.02676334474,-8.56935524802,-62.0431685938,-72.6887183353,3.092190173e-15,0.95470222723,True,0.248709119248,0.236156162793
545,18.179691,True,True,True,0,2.59417134658,-174.970379392,-4.66183136909,-1.82613609683,-8.43506228411,-60.9079177236,-73.0118536026,4.86679773688e-15,0.95636522264,True,0.249389447914,0.236747162283
546,18.213048,True,True,True,0,2.45371145733,-174.730739216,-4.62282683193,-1.57711775492,-8.3520737424,-59.5904897367,-73.4509684562,2.98790273868e-15,0.958576334308,True,0.250148638779,0.237445399208
547,18.246406,True,True,True,0,2.44137286684,-174.411941144,-4.51723495684,-1.49586979176,-8.34594792664,-58.4681803266,-73.8811976681,1.19199722697e-14,0.960688098129,True,0.250770347513,0.238084220668
548,18.279763,True,True,True,0,2.58001747561,-173.96126408,-4.38189153955,-1.77595083323,-8.41584877752,-57.8089726942,-74.1880980468,4.97971824285e-15,0.962161412464,True,0.251063126837,0.238496203888
549,18.313121,True,True,True,0,2.84758913682,-173.371998152,-4.26386578331,-2.49188345829,-8.53211812455,-57.6937454532,-74.3119628589,6.97259383896e-15,0.962748224455,True,0.250948086195,0.238600762757
550,18.346478,True,True,True,0,3.18156825509,-172.701771329,-4.20174215911,-3.55698335262,-8.64848157035,-58.0192175496,-74.2673407902,7.81125824242e-15,0.962537344879,True,0.250500132393,0.238448950782
551,18.379835,True,True,True,0,3.50269641247,-172.058565469,-4.21387693574,-4.75001250138,-8.72185763948,-58.5677296884,-74.1223445161,-5.96579485341e-15,0.9618480765,True,0.249899678971,0.238182637203
552,18.413193,True,True,True,0,3.74440721896,-171.562651473,-4.2928950549,-5.79502651976,-8.72704447633,-59.106172234,-73.9528603305,2.86610792208e-15,0.961034592071,True,0.249348920068,0.237943804092
553,18.44655,True,True,True,0,3.87255031921,-171.301688946,-4.41266838414,-6.46542156926,-8.65803373088,-59.4742735569,-73.8067872621,1.07793757028e-14,0.960326728245,True,0.248980863845,0.237806821605
554,18.479908,True,True,True,1,3.89280538392,-171.293433079,-4.54160337175,-6.66795302111,-8.51978377533,-59.621011647,-73.6922000673,1.25745507038e-14,0.959767074658,True,0.248830189987,0.237760473269
555,18.513265,True,True,True,0,3.84609963675,-171.469587968,-4.65301679524,-6.47878040273,-8.32359518674,-59.5849625273,-73.5892142117,1.1897825532e-14,0.959260807464,True,0.248847523743,0.237728296856
556,18.546623,True,True,True,0,3.79516378078,-171.691174527,-4.7330315125,-6.11443683268,-8.08773275298,-59.4439300852,-73.4717876145,-6.31593733358e-16,0.958679769761,True,0.248938725467,0.237632614828
557,18.57998,True,True,True,0,3.80091042578,-171.803094434,-4.77921072361,-5.83822351061,-7.84260465278,-59.263795197,-73.3312372581,1.52772878947e-14,0.957979019433,True,0.249015863603,0.237445477434
558,18.613337,True,True,True,0,3.89712602366,-171.70338994,-4.79493142028,-5.84752827311,-7.62723465066,-59.0768544775,-73.1788752368,6.67771254387e-15,0.957212867405,True,0.24901743541,0.237202782313
559,18.646695,True,True,True,0,4.07119315339,-171.393076076,-4.78598929896,-6.19370628419,-7.47805301743,-58.8835351874,-73.0369578897,3.45339205549e-15,0.95649314753,True,0.248919932529,0.236993252792
560,18.680052,True,True,True,0,4.26851775895,-170.976206147,-4.76002730817,-6.77396341731,-7.41482959693,-58.6720342986,-72.9214652258,-1.87049808298e-15,0.955903106655,True,0.24873660461,0.236904642684
561,18.71341,True,True,True,0,4.41832463073,-170.608790789,-4.7258737845,-7.39165398256,-7.43355577936,-58.4313429123,-72.8300539452,1.06488495025e-14,0.955433341485,True,0.248492504766,0.236987143898
562,18.746767,True,True,True,0,4.46469507375,-170.434363083,-4.69298419331,-7.83781559978,-7.50457479015,-58.1453478275,-72.7477598069,1.78283407892e-14,0.955008349324,True,0.248213275284,0.237230303387
563,18.780125,True,True,True,0,4.39015575321,-170.527914965,-4.67096271373,-7.97337251968,-7.57849775455,-57.7885373147,-72.6536337872,1.24740360645e-14,0.954519838348,True,0.247919868936,0.237583639005
564,18.813482,True,True,True,0,4.21760816913,-170.877901899,-4.66320504743,-7.7749446297,-7.60727751436,-57.3323454986,-72.5276903395,6.32581341892e-15,0.953862166747,True,0.247617984028,0.237983532787
565,18.84684,True,True,True,0,3.99756439366,-171.398135922,-4.66741539052,-7.34520132266,-7.56389696829,-56.766259617,-72.3455536568,6.50313963787e-15,0.952902905049,True,0.24729596598,0.238361555369
566,18.880197,True,True,True,0,3.78816183714,-171.962308362,-4.67563748202,-6.87796402149,-7.45593070085,-56.1128776467,-72.0818074102,7.76893440032e-15,0.951496763857,True,0.246927179907,0.238649416352
567,18.913555,True,True,True,0,3.64168804979,-172.439145956,-4.67684339746,-6.59255307242,-7.32148404753,-55.4211270208,-71.7188571269,5.77813539858e-15,0.949528767088,True,0.246476414468,0.238789810174
568,18.946912,True,True,True,0,3.59368261478,-172.724164757,-4.66029135534,-6.66563895089,-7.20951634038,-54.7391508686,-71.2520381019,1.9145111819e-15,0.946941563009,True,0.245911456557,0.238742040148
569,18.98027,True,True,True,0,3.65533057878,-172.762150696,-4.61760398636,-7.18924458852,-7.16052842099,-54.0940261082,-70.6889377065,2.78923480163e-15,0.94373712044,True,0.245207383847,0.238478174253
570,19.013627,True,True,True,0,3.8063787087,-172.559369439,-4.5458979516,-8.15758327145,-7.1945010352,-53.47633412,-70.0390024868,3.93570792273e-15,0.939925223621,True,0.244356109965,0.237989122046
571,19.046985,True,True,True,0,4.00211636187,-172.174527926,-4.44962175821,-9.48337975417,-7.30492428041,-52.8448980516,-69.3034115139,6.10850610529e-15,0.935465075824,True,0.243361418325,0.237282352976
572,19.080342,True,True,True,1,4.19200022995,-171.693365109,-4.34099198529,-11.0285268552,-7.46557282114,-52.1488744468,-68.4819279853,-2.58878889238e-15,0.930301921292,True,0.24225604002,0.236387633835
573,19.1137,True,True,True,0,4.33871658151,-171.204145511,-4.23700084541,-12.6260913886,-7.63711988459,-51.3395348927,-67.586035481,-6.7239821882e-16,0.924453129076,True,0.241095407499,0.235365404716
574,19.147057,True,True,True,0,4.42301897813,-170.785010694,-4.15318207502,-14.0990260111,-7.78289806131,-50.3792637431,-66.6562736722,-1.64423896094e-15,0.918144246085,True,0.23994619207,0.234314277375
575,19.180415,True,True,True,0,4.43201953454,-170.50669626,-4.0984951951,-15.2700356045,-7.88501692949,-49.2264361613,-65.7719504865,4.80061214144e-15,0.911919326449,True,0.238862800733,0.233373068988
576,19.213772,True,True,True,1,4.35247202836,-170.431368639,-4.07328402879,-15.9735437699,-7.94760686175,-47.8200000619,-65.0478802112,2.84334814242e-16,0.906660638815,True,0.23787514095,0.232732324781
577,19.24713,True,True,True,0,4.17398852647,-170.604978969,-4.06971227725,-16.0753661487,-7.98938186333,-46.0881883551,-64.6182190951,4.92564739975e-15,0.903471641356,True,0.236997941672,0.232603630251
578,19.280487,True,True,True,0,3.90492387107,-171.04029612,-4.07723434541,-15.5037660662,-8.02592613221,-43.9868370368,-64.6058823309,-6.2264338843e-15,0.903379325175,True,0.236237712292,0.233186647847
579,19.313844,True,True,True,0,3.58403951356,-171.693030929,-4.08518210513,-14.3061126826,-8.06120276037,-41.5595433313,-65.0721297889,-3.02606214308e-15,0.906839103826,True,0.235610412242,0.234584714359
580,19.347202,True,True,True,0,3.27790615252,-172.458091111,-4.08775958051,-12.6778058352,-8.09150254635,-38.9697890524,-65.9740894145,5.53290284656e-15,0.913361427746,True,0.235135359064,0.23674176272
581,19.380559,True,True,True,1,3.06693905156,-173.175518499,-4.08397064403,-10.958130125,-8.11796724614,-36.471289161,-67.1424307561,-6.13492468947e-16,0.92147332117,True,0.234802691767,0.239410379543
582,19.413916,True,True,True,0,3.02525126272,-173.659836313,-4.07720906104,-9.5626347544,-8.15055430558,-34.3325300357,-68.3111867262,4.66168559036e-15,0.929204745106,True,0.234537919981,0.24217012299
583,19.447273,True,True,True,0,3.20012110261,-173.740057752,-4.07310566497,-8.87269374539,-8.19676426429,-32.7453685054,-69.2052055302,-5.35110152916e-15,0.934857935298,True,0.234218398581,0.244543955223
584,19.48063,True,True,True,0,3.59283136844,-173.316086623,-4.0767388134,-9.10840825778,-8.24483985723,-31.7668263899,-69.6366398403,1.1114719925e-15,0.937504704722,True,0.233733208839,0.24618103323
585,19.513988,True,True,True,0,4.1454707541,-172.415727616,-4.08875472971,-10.2268447091,-8.26717412739,-31.2990712003,-69.5785770397,-4.22343698846e-15,0.937151592474,True,0.233054639297,0.247018328982
586,19.547345,True,True,True,0,4.7510625332,-171.206046996,-4.10639582174,-11.9211808091,-8.23743485511,-31.1243956199,-69.1619582732,-8.5133664698e-16,0.934589695892,True,0.232258210277,0.2472928822
587,19.580702,True,True,True,0,5.28790957362,-169.94759605,-4.12474646094,-13.7252835119,-8.15949771838,-30.9884722013,-68.6150766623,-4.49879263669e-15,0.931151796355,True,0.231474416321,0.247405506459
588,19.614059,True,True,True,0,5.66222461387,-168.89970739,-4.14010968816,-15.1922983962,-8.06382375363,-30.6953298144,-68.161853443,-6.33572614473e-15,0.928238370717,True,0.230821678256,0.24770822777
589,19.647416,True,True,True,0,5.83065790831,-168.238881824,-4.14993325096,-16.0468846431,-7.99131615528,-30.1744724476,-67.9381442683,-7.21300670015e-15,0.926778894225,True,0.230371301997,0.248351534044
590,19.680773,True,True,True,0,5.79576689994,-168.026148598,-4.15415588942,-16.2377154992,-7.97123107197,-29.4731899358,-67.9533029199,-2.17611438685e-15,0.926878235616,True,0.230132839677,0.249266049148
591,19.71413,True,True,True,0,5.58876898206,-168.222411319,-4.15383992156,-15.8912020128,-8.01484912838,-28.6993480015,-68.1143738712,-2.27400994396e-15,0.92792979666,True,0.230054980692,0.250246759214
592,19.747487,True,True,True,0,5.25215157547,-168.733356883,-4.14939466977,-15.2039731818,-8.12186355468,-27.9593211601,-68.2958117616,-4.28549987956e-16,0.9291055411,True,0.230043262959,0.251092834965
593,19.780844,True,True,True,1,4.82744362523,-169.457297436,-4.14112666177,-14.3430051253,-8.28182710101,-27.3168979206,-68.4012733447,1.68850398007e-16,0.92978466688,True,0.22999134582,0.251700437133
594,19.814201,True,True,True,0,4.3524395039,-170.310710737,-4.12937898789,-13.4013241748,-8.4767583772,-26.7939461353,-68.3959835416,7.1742407832e-16,0.929750677917,True,0.229820565481,0.252070010961
595,19.847559,True,True,True,0,3.8678326903,-171.221763844,-4.1150099034,-12.4166808277,-8.67987675633,-26.3873252293,-68.3011902397,-6.26144426382e-16,0.929140252305,True,0.229498705916,0.252259783965
596,19.880916,True,True,True,0,3.42968885387,-172.10088037,-4.09930088174,-11.4307635135,-8.85786315466,-26.0967887013,-68.1736204189,3.35099829223e-15,0.92831474681,True,0.229053834607,0.252335460152
597,19.914273,True,True,True,0,3.11403415411,-172.821791631,-4.08523660731,-10.5354507893,-8.97490963821,-25.9360195233,-68.0806291362,2.61276191906e-15,0.927710099169,True,0.2285557701,0.252336786704
598,19.94763,True,True,True,0,2.99628079428,-173.242227789,-4.07550014614,-9.87635863051,-9.00765661073,-25.9309364484,-68.0667547107,-8.19675584785e-15,0.927619675379,True,0.228086512642,0.252275515171
599,19.980987,True,True,True,0,3.11210855111,-173.263178485,-4.07304873714,-9.60278250713,-8.95543602535,-26.1013810852,-68.1296749065,-5.85330496044e-15,0.928029309077,True,0.227706715691,0.25211782299
600,20.014344,True,True,True,0,3.42353448818,-172.886227971,-4.07861072694,-9.80781733905,-8.8451125269,-26.4440060784,-68.2006731029,-4.462814403e-15,0.928490189595,True,0.227427524284,0.251775017863
601,20.047701,True,True,True,0,3.81996399401,-172.229471525,-4.08842911619,-10.4823512795,-8.72567886049,-26.9206117277,-68.1661792883,-4.6589620836e-16,0.928266453099,True,0.227209729215,0.25113191615
602,20.081058,True,True,True,0,4.16045854169,-171.484594206,-4.09893269919,-11.509868863,-8.652469648,-27.4638963952,-67.926398888,-5.94401122137e-15,0.926701876914,True,0.227009829325,0.250125420895
603,20.114415,True,True,True,0,4.33191236278,-170.851963299,-4.10634127786,-12.6839895117,-8.6706345934,-27.9904604899,-67.4596553444,-4.16384506051e-15,0.923609838073,True,0.226834452176,0.248826385747
604,20.147772,True,True,True,0,4.28979275886,-170.480299593,-4.10867647214,-13.7541208482,-8.79220996578,-28.4173435962,-66.8467752195,-5.90332645357e-15,0.91945663985,True,0.226747147958,0.247457776596
605,20.181129,True,True,True,0,4.06236929813,-170.44007579,-4.10595806899,-14.4886380353,-8.99152388603,-28.6873506731,-66.2373363596,7.40417331127e-16,0.915222440796,True,0.226832146642,0.246301270898
606,20.214486,True,True,True,0,3.72778218684,-170.716077899,-4.09965327671,-14.7508898611,-9.21421080324,-28.8001050622,-65.7733035724,-5.7228234214e-15,0.9119290174,True,0.227136909559,0.245555336293
607,20.247844,True,True,True,0,3.38140557645,-171.214733853,-4.09189661186,-14.5510328356,-9.40092112703,-28.8365171575,-65.527109465,4.459287221e-16,0.910157380881,True,0.227643200142,0.245213990755
608,20.2812,True,True,True,0,3.10912446594,-171.784752939,-4.08442689582,-14.0423100171,-9.50808117449,-28.9506175276,-65.4800254348,-3.41981146152e-15,0.909816644424,True,0.228277202309,0.24505674258
609,20.314558,True,True,True,0,2.96925052724,-172.253417675,-4.07949616527,-13.4580047116,-9.51561111582,-29.3170388795,-65.5497970953,1.22018802082e-15,0.910321346697,True,0.22892068096,0.244749119259
610,20.347915,True,True,True,0,2.98112421729,-172.482545431,-4.07897206312,-13.0124039883,-9.42211167783,-30.061533611,-65.6347120703,-2.14756782877e-15,0.910933768814,True,0.229439769147,0.243983596221
611,20.381272,True,True,True,0,3.11699007875,-172.424976416,-4.08300404931,-12.8144724072,-9.24157662853,-31.2139361212,-65.6533678798,-5.55723633425e-15,0.911068049846,True,0.229721727575,0.242611456094
612,20.414629,True,True,True,0,3.30351846455,-172.152137337,-4.09001068866,-12.8274997344,-9.00203677072,-32.6918913625,-65.5694822384,-5.08328984522e-15,0.910463497584,True,0.229718310707,0.240700691418
613,20.447987,True,True,True,0,3.43901543143,-171.830743673,-4.09664230087,-12.8910899338,-8.74528183092,-34.3190166415,-65.4058442046,-2.43514961558e-17,0.909278565213,True,0.229469031168,0.238515023686
614,20.481344,True,True,True,0,3.43241161635,-171.643106516,-4.09935117905,-12.802852046,-8.51766728064,-35.8758355228,-65.2474385565,-1.26189512879e-14,0.908124456474,True,0.229103065071,0.236423439206
615,20.514702,True,True,True,0,3.24463620901,-171.697871733,-4.09673985984,-12.4122375149,-8.34739974198,-37.1666492762,-65.2223727922,-2.71151454373e-15,0.907941196505,True,0.22879928551,0.234769253357
616,20.548059,True,True,True,0,2.91307108893,-171.971858564,-4.088553495,-11.6877466112,-8.23360749884,-38.086316154,-65.4703090499,8.07109966456e-15,0.909746252663,True,0.228733928891,0.233785569046
617,20.581416,True,True,True,0,2.53830841203,-172.323583103,-4.07793462862,-10.7228100035,-8.14846577422,-38.6584382506,-66.0936841304,-6.18217812917e-15,0.914209289821,True,0.229029165108,0.233554841459
618,20.614774,True,True,True,0,2.23630155791,-172.573439243,-4.0674969872,-9.68061010838,-8.06574388325,-39.0249501652,-67.1196109505,-2.30020865351e-15,0.921318539259,True,0.229724769683,0.234025358308
619,20.648131,True,True,True,0,2.08204927426,-172.59985681,-4.05999177166,-8.72549913628,-7.98085278889,-39.3991782664,-68.4721384143,6.26952617974e-15,0.930239237085,True,0.230782654171,0.235014858071
620,20.681488,True,True,True,0,2.07994414776,-172.403300644,-4.05650056405,-7.96377116275,-7.91458692147,-39.9950267722,-69.9744626447,-2.37304103918e-15,0.939540085335,True,0.232084592629,0.236241458497
621,20.714846,True,True,True,0,2.17644402983,-172.094928619,-4.05521393323,-7.43198881577,-7.90380101921,-40.9748247375,-71.3966468755,1.90707928567e-16,0.947749741911,True,0.233457858803,0.237367005923
622,20.748203,True,True,True,0,2.30266945028,-171.826844475,-4.05468211107,-7.11469037465,-7.97592731094,-42.41747591,-72.5296551773,-4.35691540764e-15,0.953872462449,True,0.234713100557,0.238088124191
623,20.781561,True,True,True,0,2.41435298943,-171.710622143,-4.05319539787,-6.97495460707,-8.13908881237,-44.3150381828,-73.2609897044,-3.42238553669e-15,0.957626621115,True,0.235715327346,0.238252914211
624,20.814918,True,True,True,0,2.50782617655,-171.763172079,-4.05136940862,-6.98866413279,-8.37389216154,-46.5707673194,-73.5973647303,5.49866030162e-15,0.959300987475,True,0.236422711534,0.237905088651
625,20.848275,True,True,True,0,2.60831331493,-171.907701858,-4.05079272273,-7.15808623359,-8.64478836574,-49.0114715663,-73.6422957175,1.9552308805e-15,0.959522137468,True,0.236872847144,0.237248048746
626,20.881633,True,True,True,0,2.74411162131,-172.018325446,-4.05373973742,-7.50826523782,-8.91869409524,-51.4201752435,-73.5389623893,-3.96525036901e-15,0.959012649836,True,0.237138178428,0.236533945496
627,20.91499,True,True,True,0,2.92654112528,-171.988461988,-4.06178652111,-8.0494918218,-9.17466369752,-53.5919445621,-73.416097882,7.73896928192e-16,0.958402803941,True,0.237277454768,0.235969320078
628,20.948347,True,True,True,0,3.14287892484,-171.785990588,-4.07405580607,-8.73560350007,-9.41250228664,-55.3952977632,-73.3636274859,-4.00196344687e-15,0.958141020651,True,0.237337923263,0.235683478732
629,20.981705,True,True,True,0,3.36329303022,-171.465673117,-4.08859168567,-9.45561816457,-9.64405855854,-56.8114669351,-73.4205898615,8.54786265314e-15,0.958425177806,True,0.237354699667,0.235719131913
630,21.015062,True,True,True,0,3.55325626488,-171.138173714,-4.10192900934,-10.0658531661,-9.88685007303,-57.9429449072,-73.576489941,8.79326914197e-15,0.959198041196,True,0.237359373897,0.236035638773
631,21.04842,True,True,True,0,3.67882449618,-170.922866444,-4.11066196419,-10.4402827474,-10.1529283439,-58.9850799667,-73.777606694,-1.60344980939e-15,0.960184572311,True,0.237395559499,0.23649574644
632,21.081777,True,True,True,0,3.71102098778,-170.910248968,-4.11293185599,-10.5017427396,-10.4411219957,-60.1770902672,-73.9415916947,8.24755570874e-15,0.960980207038,True,0.237502369289,0.236910160356
633,21.115134,True,True,True,0,3.62741371023,-171.15010951,-4.10801774962,-10.224962766,-10.7358715804,-61.7486696292,-73.9824310518,7.24125995486e-15,0.961177130414,True,0.237718164594,0.237120834582
634,21.148492,True,True,True,0,3.41751931825,-171.650474838,-4.09669193261,-9.63066147024,-11.012676689,-63.8714623732,-73.8369016962,5.92900940424e-15,0.960473172419,True,0.238058196685,0.237120882128
635,21.181849,True,True,True,0,3.09441652402,-172.371634626,-4.08056457035,-8.78686934724,-11.2441565705,-66.6216842425,-73.489396436,-6.6690887288e-15,0.958767156551,True,0.238511238859,0.237119967261
636,21.215207,True,True,True,0,2.70222344854,-173.219546018,-4.06258385952,-7.81844803408,-11.407852303,-69.9486385424,-72.977380305,9.2323510978e-15,0.956189256557,True,0.239027064829,0.237498449888
637,21.248564,True,True,True,0,2.3143829179,-174.048356728,-4.0473186797,-6.90864881284,-11.4951782224,-73.6717897558,-72.380947093,6.23733288833e-15,0.953090066231,True,0.23952477346,0.238608833854
638,21.281921,True,True,True,0,2.01642099612,-174.692248942,-4.03890061117,-6.26581357926,-11.5171878671,-77.5175177982,-71.7911504638,7.87981367769e-15,0.949923798959,True,0.239915483329,0.240543929156
639,21.315279,True,True,True,1,1.87999389423,-175.018614928,-4.03999391171,-6.06141065191,-11.4984766365,-81.2020743864,-71.2729827496,-6.9075184034e-15,0.947058990604,True,0.240129275196,0.243032965988
640,21.348636,True,True,True,0,1.93980645673,-174.974558005,-4.05059519607,-6.37173932462,-11.4637844848,-84.518784458,-70.8450104868,-1.06355811107e-15,0.944634430258,True,0.240157134989,0.245554003692
641,21.381993,True,True,True,0,2.18214916143,-174.602888286,-4.06475888874,-7.15419060075,-11.4278379383,-87.3863917083,-70.4750211182,4.56215162804e-15,0.942495873832,True,0.240052984655,0.247585209417
642,21.415351,True,True,True,0,2.54748325004,-174.02543409,-4.07556571686,-8.25606625284,-11.3919627342,-89.8291775533,-70.1003903843,1.11749243646e-16,0.940290446162,True,0.239932428977,0.248791796322
643,21.448708,True,True,True,0,2.94621615704,-173.400318653,-4.07505529792,-9.45466161679,-11.3553938938,-91.9166384922,-69.6492125299,3.63469241278e-16,0.937581039457,True,0.239923634221,0.249056835257
644,21.482065,True,True,True,0,3.28718201373,-172.871410471,-4.05960215933,-10.5069991797,-11.3173824561,-93.6952912917,-69.0550090472,2.53044305686e-16,0.933924061294,True,0.240114462199,0.248383264086
645,21.515422,True,True,True,0,3.50598663103,-172.525071141,-4.03159431495,-11.2017893286,-11.2815178696,-95.1464986483,-68.2711238826,5.76320016996e-15,0.928946107343,True,0.240513616232,0.24680308286
646,21.54878,True,True,True,0,3.5802943218,-172.374567298,-4.00075355585,-11.402712133,-11.2506911827,-96.1855296624,-67.2765867646,3.36506755561e-15,0.922380316544,True,0.24104756536,0.244338521895
647,21.582137,True,True,True,0,3.52973233834,-172.368113024,-3.98392813985,-11.0860477125,-11.2266512703,-96.7078430932,-66.086139149,-1.50931597006e-15,0.914155917647,True,0.241587385621,0.241045291541
648,21.615494,True,True,True,0,3.40237869699,-172.416162907,-3.99882291466,-10.3607647598,-11.2196903197,-96.6705584781,-64.7684923453,-1.5047463089e-15,0.904592774391,True,0.242005747233,0.237091323658
649,21.648851,True,True,True,0,3.25512830152,-172.426461088,-4.06064928808,-9.45540557525,-11.2550183114,-96.1672108223,-63.4514892214,6.5951792343e-15,0.894556257322,True,0.242205941814,0.232819224881
650,21.682209,True,True,True,1,3.13441579291,-172.332272248,-4.1731268675,-8.66195870923,-11.3759249567,-95.4502197526,-62.3002208924,8.27169919583e-15,0.885395417853,True,0.242129783244,0.228725401716
651,21.715566,True,True,True,0,3.06240916254,-172.111183981,-4.32764979822,-8.23789030252,-11.6278635133,-94.8558176024,-61.4678395118,-5.75330190696e-15,0.878549141964,True,0.241762714909,0.225334769093
652,21.748923,True,True,True,0,3.03641461083,-171.782527684,-4.50125247426,-8.31922521196,-12.0346205265,-94.6646767076,-61.0455528788,-3.4347801138e-15,0.875004877457,True,0.241171300102,0.223034882169
653,21.782281,True,True,True,0,3.03917000071,-171.395398502,-4.66446555208,-8.87127059424,-12.5780634304,-94.9654702131,-61.0420524754,-1.81530894948e-15,0.874975299568,True,0.240522410145,0.221959459704
654,21.815638,True,True,True,0,3.0545305283,-171.01090588,-4.78857631096,-9.70629684138,-13.1975396715,-95.6233250249,-61.382527776,4.85284773772e-15,0.87783695856,True,0.240035291743,0.221958778069
655,21.848995,True,True,True,0,3.08110400626,-170.684728037,-4.85560433029,-10.5567926741,-13.8070346543,-96.3687233801,-61.9244919254,2.13914336749e-15,0.882328126388,True,0.239870272518,0.222677536947
656,21.882352,True,True,True,0,3.13073638465,-170.457251224,-4.86248986397,-11.1731150529,-14.3247107023,-96.9301668316,-62.5011785799,1.43172379454e-16,0.887020331206,True,0.240060803358,0.223662917606
657,21.915709,True,True,True,0,3.21747676866,-170.347862296,-4.82152224143,-11.4089781858,-14.6975964635,-97.1340692529,-62.9746868108,-8.92968930968e-15,0.890805864919,True,0.240513086569,0.224497481324
658,21.949067,True,True,True,0,3.34437754027,-170.352790719,-4.75682833946,-11.2630979505,-14.9143171631,-96.9362866141,-63.2793805154,-4.54966628873e-15,0.893209630504,True,0.241076152736,0.224890089353
659,21.982424,True,True,True,0,3.49764179419,-170.442001306,-4.69641522812,-10.8687432951,-14.9957738192,-96.4021396376,-63.4185253287,2.483900338e-15,0.894298963141,True,0.241591181977,0.224712290412
660,22.015781,True,True,True,0,3.65056114516,-170.563726789,-4.66516492424,-10.4251248906,-14.977346568,-95.641813502,-63.4325326658,1.71343845094e-15,0.894408331253,True,0.24192889779,0.223993691168
661,22.049138,True,True,True,0,3.77464569725,-170.657921553,-4.67492462336,-10.1000745199,-14.8899157311,-94.7314520224,-63.3605897058,-1.81156871444e-15,0.893846039002,True,0.242029461252,0.222849721501
662,22.082496,True,True,True,0,3.84883375263,-170.682567255,-4.72285629592,-9.94611918773,-14.7498350531,-93.6648853004,-63.2212066515,4.66099054203e-15,0.892752638761,True,0.24193028774,0.22143236601
663,22.115853,True,True,True,0,3.86429231018,-170.637029091,-4.79094562932,-9.88140023469,-14.5626704327,-92.3745318362,-63.0174551833,-4.37091877361e-15,0.891144791235,True,0.241746961731,0.219883776412
664,22.14921,True,True,True,0,3.82371015991,-170.570417195,-4.85285314989,-9.74125699905,-14.338644013,-90.811664292,-62.7603438582,5.66186584193e-15,0.889099788983,True,0.241612452239,0.21835159094
665,22.182568,True,True,True,0,3.73679782063,-170.562775812,-4.88062348236,-9.37512693351,-14.1063112193,-89.0270214581,-62.4846502271,4.16247964895e-15,0.886887097013,True,0.241621091501,0.216976035439
666,22.215925,True,True,True,1,3.6157279087,-170.695924021,-4.85215954664,-8.72420718409,-13.9136887259,-87.2037496195,-62.2395442163,3.63651640629e-15,0.884902653734,True,0.24178058799,0.215868867616
667,22.249282,True,True,True,0,3.47287885579,-171.020890352,-4.75790618164,-7.86087535948,-13.8195591627,-85.6319948859,-62.0648868617,3.71691681967e-15,0.883478698099,True,0.242001749868,0.215092951319
668,22.282639,True,True,True,0,3.32230863967,-171.540251446,-4.60510360275,-6.96426210965,-13.8723698863,-84.6326652194,-61.9704988883,2.02641996336e-16,0.882705748897,True,0.242116120448,0.214667933714
669,22.315997,True,True,True,0,3.18234031384,-172.206399555,-4.42017236894,-6.24671208921,-14.0798797846,-84.4497354655,-61.94112778,-8.3331715004e-15,0.882464738203,True,0.241959196174,0.214584627849
670,22.349354,True,True,True,0,3.07710491958,-172.932907353,-4.24414446577,-5.85373932849,-14.3897522556,-85.1288879811,-61.9610182756,1.00815180382e-14,0.882627979121,True,0.241486572217,0.214821749651
671,22.382711,True,True,True,0,3.03127102232,-173.609985673,-4.12216334982,-5.79316025779,-14.6894525409,-86.4384198736,-62.0210112943,-6.64534030615e-15,0.883119696344,True,0.240842667322,0.21531981296
672,22.416068,True,True,True,0,3.06213965338,-174.115707752,-4.08883956312,-5.934757249,-14.8353057316,-87.8904221128,-62.0882885467,5.79273627885e-15,0.883669965173,True,0.240305346,0.215936283873
673,22.449425,True,True,True,0,3.17006208599,-174.332730889,-4.15362126824,-6.09425050968,-14.7101452625,-88.9069634859,-62.0914478286,7.35377569392e-16,0.883695775379,True,0.240146953279,0.216446192708
674,22.482782,True,True,True,0,3.33311479718,-174.17421475,-4.29538927679,-6.16013082797,-14.2758126596,-89.0676662555,-61.9647661403,2.24905250578e-15,0.882658725866,True,0.240539935456,0.216648085461
675,22.516139,True,True,True,0,3.50828089551,-173.623163418,-4.46801141724,-6.16787738775,-13.5974345264,-88.2927895211,-61.7156147385,-1.00515839044e-14,0.880606523406,True,0.241502574373,0.216487849721
676,22.549497,True,True,True,0,3.64089544797,-172.764865806,-4.61480873494,-6.26630715431,-12.8252712316,-86.8642477229,-61.4243126018,-4.41178566435e-17,0.878186022063,True,0.24284370584,0.216094831417
677,22.582854,True,True,True,0,3.68226990141,-171.784994989,-4.68732366691,-6.59774273875,-12.1399931753,-85.2801890938,-61.1734511986,-1.74968193466e-15,0.876083358669,True,0.244170143357,0.215683219083
678,22.616211,True,True,True,0,3.60875424027,-170.924182697,-4.66228343282,-7.18882335706,-11.6843420446,-84.038057941,-60.9938620895,6.48981145934e-15,0.874567766043,True,0.245021696219,0.21542937503
679,22.649568,True,True,True,0,3.43564992834,-170.400500806,-4.54781668946,-7.92530933113,-11.5109572135,-83.4672036013,-60.8826983902,5.38863637036e-15,0.873625324478,True,0.245116036646,0.21542490988
680,22.682925,True,True,True,0,3.21989463601,-170.335403612,-4.37892049886,-8.60305753288,-11.5707191697,-83.6520002819,-60.8467060735,3.83524578129e-15,0.873319478075,True,0.244483059,0.215716790512
681,22.716282,True,True,True,0,3.0502622407,-170.70792437,-4.20525856826,-9.0232933952,-11.7350719369,-84.4494083316,-60.9032170834,3.19853868944e-16,0.873799528757,True,0.243415561331,0.216338856577
682,22.749639,True,True,True,0,3.01835459268,-171.363971311,-4.07624293886,-9.07056622693,-11.8551007198,-85.5566632737,-61.0539995509,2.81040496375e-16,0.875076237134,True,0.242312388924,0.217319331844
683,22.782996,True,True,True,0,3.1770663002,-172.079400075,-4.02669381836,-8.74260713885,-11.8215927574,-86.5971491018,-61.2649027295,4.25140674813e-15,0.876851832045,True,0.241532890013,0.218640561264
684,22.816354,True,True,True,0,3.50538509458,-172.655463921,-4.06601946477,-8.12578811658,-11.6043335035,-87.2130270111,-61.4851651091,5.32881431194e-15,0.878693538362,True,0.241334093789,0.220200547288
685,22.849711,True,True,True,0,3.90598278488,-172.996229399,-4.17488109297,-7.34231639615,-11.2510821303,-87.1427554316,-61.6884986088,7.84808467896e-15,0.880382168657,True,0.241829298099,0.221831442528
686,22.883068,True,True,True,1,4.24476442925,-173.125562875,-4.3123226887,-6.51375754357,-10.8518663146,-86.2913784279,-61.8904539093,3.71445065596e-15,0.882048378149,True,0.24297615875,0.223347570876
687,22.916425,True,True,True,0,4.41242186448,-173.137695861,-4.4290863587,-5.75597890932,-10.4980129961,-84.7645568636,-62.1291912783,1.13175019919e-14,0.884003918093,True,0.244557969353,0.224632798554
688,22.949782,True,True,True,0,4.37145234022,-173.12335248,-4.48437633792,-5.18680173182,-10.251720415,-82.8384533161,-62.4299178793,1.31103355653e-15,0.886445375611,True,0.246261078382,0.225641033939
689,22.983139,True,True,True,0,4.16419476157,-173.120921331,-4.45887317525,-4.91788955842,-10.1357893664,-80.8563482381,-62.788885889,-1.62749938052e-16,0.889327689694,True,0.247778646281,0.226371614577
690,23.016496,True,True,True,1,3.88238983205,-173.113533694,-4.35899955315,-5.02784420682,-10.1382472579,-79.097956911,-63.1916671362,3.04023488007e-15,0.892520235227,True,0.248917899268,0.226826481223
691,23.049853,True,True,True,0,3.61885214363,-173.06341344,-4.21314292338,-5.52568380785,-10.2233789772,-77.6812442175,-63.633661457,-3.20937381948e-16,0.895972830258,True,0.249630420352,0.227017146337
692,23.08321,True,True,True,0,3.42489449379,-172.962850858,-4.06179812368,-6.32099382261,-10.3444150809,-76.541024518,-64.1213887248,3.77950690582e-15,0.899720775983,True,0.249974356249,0.226989659018
693,23.116567,True,True,True,0,3.29709567638,-172.856488831,-3.94524810833,-7.23647885329,-10.4561366461,-75.4854658986,-64.6526740046,4.6832995016e-15,0.903729246068,True,0.250043224141,0.226823158723
694,23.149925,True,True,True,1,3.1968208884,-172.824775616,-3.89362475992,-8.0536669356,-10.5209938347,-74.2940138078,-65.2018040712,6.76327599137e-15,0.907790685363,True,0.249920079093,0.226626823086
695,23.183282,True,True,True,0,3.08850799211,-172.928511457,-3.92255724714,-8.59532480609,-10.5070921081,-72.8149113784,-65.7252063588,-2.74814712929e-15,0.911584227571,True,0.249659986904,0.226507771277
696,23.216639,True,True,True,0,2.9705373575,-173.15923301,-4.02999277294,-8.79536989646,-10.3858909272,-71.0278168747,-66.1790763611,5.56405896261e-15,0.914812237593,True,0.24928971824,0.226551386811
697,23.249996,True,True,True,0,2.88017864353,-173.427075633,-4.19576294061,-8.72956397278,-10.139699376,-69.0540438701,-66.5375448411,1.12847150902e-14,0.917321170203,True,0.248826904641,0.226797292484
698,23.283353,True,True,True,0,2.86862404828,-173.602078728,-4.38450071007,-8.57696043611,-9.77452441568,-67.0941007169,-66.7938781188,1.17841155862e-14,0.919093242504,True,0.248296199399,0.227221157408
699,23.31671,True,True,True,0,2.96320721179,-173.584267102,-4.55277590323,-8.53553926735,-9.32862360362,-65.3287192776,-66.9513336971,1.77560792346e-15,0.920172639412,True,0.247721328599,0.227741208946
700,23.350067,True,True,True,0,3.14143114193,-173.359380799,-4.65916974851,-8.72792469301,-8.86474874077,-63.828679889,-67.0225888442,2.01992834521e-15,0.920658827542,True,0.247134242326,0.228265763609
701,23.383424,True,True,True,0,3.33476406244,-173.008578543,-4.67913055751,-9.14768661706,-8.44798635827,-62.5301366511,-67.0337543048,9.19459834916e-15,0.920734882691,True,0.246565203468,0.228752402667
702,23.416781,True,True,True,0,3.4572612865,-172.673248338,-4.61505252898,-9.66644391435,-8.12307348115,-61.283107374,-67.0230628088,5.77248139562e-15,0.920662056731,True,0.246055143584,0.229228610758
703,23.450139,True,True,True,0,3.44302545845,-172.492786857,-4.49571959401,-10.1046978392,-7.90441808552,-59.9545628279,-67.0270303047,1.12325409146e-14,0.92068908538,True,0.245634181844,0.229760540914
704,23.483496,True,True,True,0,3.2739677271,-172.545920535,-4.36843771301,-10.325479352,-7.77451459229,-58.5215113093,-67.0602163518,1.04189625925e-14,0.920914993109,True,0.245306329297,0.230400375857
705,23.516853,True,True,True,0,2.98716321442,-172.819431541,-4.28226995639,-10.2980186972,-7.69764303931,-57.097649469,-67.1091078244,3.87962120011e-16,0.921247249663,True,0.24503039366,0.231136670446
706,23.55021,True,True,True,0,2.6593085953,-173.219067369,-4.26832702397,-10.0909786384,-7.6391837649,-55.8749049566,-67.147077756,5.24854728323e-15,0.921504822874,True,0.244747724706,0.231904527334
707,23.583567,True,True,True,0,2.37701744147,-173.61093015,-4.32909230966,-9.81174355661,-7.57966217824,-55.015337273,-67.1625319018,3.79452115274e-15,0.921609541901,True,0.244416668482,0.232636663993
708,23.616925,True,True,True,0,2.20557548593,-173.872446173,-4.43782897453,-9.54057460203,-7.51766801579,-54.56261977,-67.1776142462,-1.79326493837e-15,0.921711676911,True,0.244047371944,0.233328242598
709,23.650281,True,True,True,0,2.16846688467,-173.929348783,-4.54959918604,-9.30274875855,-7.46263737622,-54.4151232574,-67.2378803309,7.9074744675e-15,0.922119150793,True,0.243701244275,0.23403358321
710,23.683639,True,True,True,0,2.24734950904,-173.770613909,-4.62187283002,-9.07679929096,-7.42069381539,-54.3687628348,-67.3891972434,-4.49708242308e-16,0.923137744253,True,0.243478268841,0.234810332266
711,23.716996,True,True,True,0,2.39564226585,-173.445628545,-4.63067132673,-8.82152774872,-7.38917281855,-54.2012451145,-67.6563857562,1.32690242383e-14,0.924920603719,True,0.243475654543,0.23566607824
712,23.750353,True,True,True,0,2.56158055216,-173.048627411,-4.57861550425,-8.49897138525,-7.35747996337,-53.7704382359,-68.0303861298,-4.19887931175e-15,0.927382392284,True,0.243739548841,0.236527034066
713,23.78371,True,True,True,0,2.70686923996,-172.688326904,-4.49218109083,-8.09737151106,-7.3132500462,-53.0798264898,-68.467486982,1.35489947695e-14,0.930209443693,True,0.24423260188,0.237264230817
714,23.817067,True,True,True,0,2.81695200894,-172.449528002,-4.41049848818,-7.65422524816,-7.25219423,-52.2920489534,-68.8859843604,5.99254572043e-15,0.932865444833,True,0.244815146029,0.237717639417
715,23.850425,True,True,True,0,2.89527980089,-172.365059886,-4.36818619921,-7.25747302711,-7.18141127362,-51.6587411808,-69.1759413447,-7.20538480915e-15,0.934676483597,True,0.245295296938,0.237720622271
716,23.883782,True,True,True,0,2.94980571465,-172.410640802,-4.38469734496,-7.01859409246,-7.11670005003,-51.4090081331,-69.2345167834,3.32949747266e-15,0.935039434374,True,0.245493677644,0.237175908435
717,23.917139,True,True,True,0,2.97987813846,-172.529193037,-4.45740843567,-7.01574890007,-7.07528657913,-51.6455799135,-69.0151509818,1.12480072929e-14,0.933675158711,True,0.245333926243,0.236138166312
718,23.950496,True,True,True,0,2.97389251345,-172.667414257,-4.56595845685,-7.24141193839,-7.0625238923,-52.296477612,-68.5508536379,1.20512644414e-14,0.930742494544,True,0.244880503807,0.234843124128
719,23.983853,True,True,True,0,2.91598695994,-172.803733997,-4.680898552,-7.59504781574,-7.06813611157,-53.1482909864,-67.9296713032,6.5021987311e-15,0.926723338849,True,0.244304698459,0.233616519268
720,24.01721,True,True,True,0,2.7985817536,-172.94306675,-4.77485076752,-7.94857352967,-7.06941131434,-53.9527479401,-67.2287551878,9.72851229241e-15,0.922057518978,True,0.243785300439,0.232707367516
721,24.050567,True,True,True,0,2.63244599698,-173.088152206,-4.83089334038,-8.24231501799,-7.0421532031,-54.5538478233,-66.4648602107,-3.7661856442e-15,0.916815347121,True,0.243433949114,0.232173666941
722,24.083925,True,True,True,0,2.45338633477,-173.202749732,-4.84573165436,-8.54948202014,-6.97159322765,-54.9626602736,-65.5857605856,-3.10394267647e-16,0.910580966043,True,0.243263788384,0.231888584732
723,24.117282,True,True,True,0,2.31903844142,-173.206442957,-4.82837063677,-9.04112827159,-6.85221799132,-55.3223081616,-64.5111631292,7.85492889797e-15,0.902669145142,True,0.243214814173,0.231634079421
724,24.150639,True,True,True,0,2.29386779439,-173.008567761,-4.79285235548,-9.87181858311,-6.68202579715,-55.7850273866,-63.1858084876,3.74962859932e-15,0.892474113839,True,0.243200267442,0.231242681886
725,24.183996,True,True,True,0,2.42901325741,-172.556472115,-4.75539261199,-11.0684819682,-6.44937519879,-56.3842205119,-61.6215458744,3.88303915148e-15,0.879827367461,True,0.243154516966,0.230688911292
726,24.217353,True,True,True,0,2.74226986811,-171.868959488,-4.72849176291,-12.4985441118,-6.13421614075,-56.9717760912,-59.8874095313,7.89864059188e-15,0.865041195138,True,0.243032581118,0.230091084914
727,24.25071,True,True,True,0,3.20795202864,-171.037787555,-4.71895419462,-13.9216692397,-5.72626378025,-57.256878848,-58.0840996276,-6.51290469689e-15,0.848825005983,True,0.24281403869,0.229637213929
728,24.284067,True,True,True,0,3.75863539629,-170.206500422,-4.72937871327,-15.0800852396,-5.23767743036,-56.9200129956,-56.2994196997,-2.3265498371e-15,0.83194850254,True,0.24250820843,0.229485710191
729,24.317425,True,True,True,0,4.30293113249,-169.531532311,-4.75853730163,-15.7820463136,-4.71021563678,-55.7583864476,-54.5904337814,6.25353575951e-15,0.815031066418,True,0.242178051382,0.229696670925
730,24.350782,True,True,True,0,4.75130435426,-169.140585579,-4.79988857468,-15.9508445607,-4.2009314389,-53.778089059,-52.9642748177,-2.02576477026e-15,0.798260109884,True,0.241934947901,0.230201210327
731,24.384139,True,True,True,0,5.04112597317,-169.096323744,-4.84214790768,-15.6401235066,-3.76325038436,-51.1963745866,-51.364043994,1.01743734494e-14,0.781128802484,True,0.241907280449,0.230803178334
732,24.417496,True,True,True,0,5.14676532006,-169.382132525,-4.86923410081,-15.0223851517,-3.4358758162,-48.358042415,-49.6614866385,7.59632502286e-16,0.762233395064,True,0.242197826695,0.231205307755
733,24.450853,True,True,True,0,5.07837129313,-169.91102796,-4.86288076147,-14.3438054697,-3.24131517603,-45.6249043847,-47.6872064557,8.4803135027e-15,0.739480799933,True,0.242850466687,0.231104901681
734,24.48421,True,True,True,0,4.86857810459,-170.56073594,-4.80647737121,-13.8474883508,-3.19201914087,-43.2847448165,-45.2975718202,-9.66829290198e-15,0.710769663556,True,0.243847425406,0.230311963888
735,24.517568,True,True,True,0,4.56084790352,-171.213757182,-4.69461810386,-13.6938432712,-3.28584881096,-41.5125895692,-42.4425842881,-7.8991475237e-16,0.674851047912,True,0.245134501405,0.228823424629
736,24.550925,True,True,True,0,4.20201189218,-171.791609824,-4.53721727679,-13.9010264059,-3.49975783259,-40.346662001,-39.2112744536,6.29952892296e-15,0.632181781165,True,0.246637535306,0.226827541983
737,24.584282,True,True,True,0,3.83918178,-172.262149923,-4.36383934518,-14.3591497551,-3.78333901798,-39.686917996,-35.8129126395,2.13423591475e-15,0.585140448021,True,0.248257162175,0.224632581047
738,24.617639,True,True,True,0,3.514861211,-172.629938388,-4.21925472398,-14.8974925938,-4.06199653558,-39.3017500234,-32.5007868428,1.10541408228e-15,0.537311190588,True,0.249857854968,0.222565298182
739,24.650996,True,True,True,0,3.25798913702,-172.91595856,-4.15101042625,-15.3803017395,-4.26252671124,-38.9208490725,-29.4758299112,-3.13313592522e-15,0.492056358812,True,0.25128238291,0.220892130854
740,24.684354,True,True,True,0,3.07520887765,-173.141072732,-4.19370740025,-15.7741405168,-4.34198962485,-38.3933746495,-26.8164823843,-2.91746652101e-15,0.451134293865,True,0.25240057785,0.219775945272
741,24.717711,True,True,True,1,2.9525568522,-173.315796121,-4.35573531755,-16.1530890509,-4.30305327875,-37.8122189776,-24.4731831448,-6.51812525944e-16,0.414267296775,True,0.253146080475,0.219280805555
742,24.751068,True,True,True,0,2.8651130645,-173.442948056,-4.61201639544,-16.6364068274,-4.19618720582,-37.471330073,-22.3363792557,2.5243548086e-15,0.380043533617,True,0.25352829196,0.219393315498
743,24.784425,True,True,True,0,2.79056475689,-173.528492966,-4.91177831844,-17.2947305307,-4.09260396066,-37.6310887505,-20.3341858455,1.10264821475e-15,0.347495186436,True,0.253612330438,0.220046975192
744,24.817782,True,True,True,0,2.72151829377,-173.582335898,-5.19265679047,-18.0937835972,-4.05969806583,-38.2763353946,-18.4981267924,4.18431942033e-16,0.317273652083,True,0.253482480438,0.221139129604
745,24.851139,True,True,True,0,2.66840091109,-173.612333522,-5.40204997497,-18.9098597021,-4.13783055601,-39.0241455095,-16.9374034813,2.07638412721e-16,0.291326752817,True,0.253189407229,0.222540384555
746,24.884497,True,True,True,0,2.65371618376,-173.612876828,-5.51275462129,-19.6122620729,-4.33589952477,-39.3304743456,-15.7395334848,4.71703876416e-15,0.271264628681,True,0.252732846692,0.224108765101
747,24.917854,True,True,True,0,2.69718603971,-173.56835776,-5.52805682525,-20.1398492112,-4.64478013341,-38.9638346112,-14.8942096653,-1.58437715213e-15,0.257035129484,True,0.252100512913,0.225702977043
748,24.951211,True,True,True,0,2.80033599228,-173.472938756,-5.47770906478,-20.520006671,-5.04841443017,-38.3175423345,-14.2761100193,1.09251677126e-15,0.246594951606,True,0.251329918197,0.227194462311
749,24.984568,True,True,True,1,2.94081681813,-173.345569013,-5.40256390692,-20.8295024829,-5.52884422191,-38.2192828194,-13.6906061925,2.93455550823e-15,0.236678854616,True,0.250524444318,0.228470238187
750,25.017925,True,True,True,0,3.07792246153,-173.23108112,-5.34006919752,-21.1342695014,-6.06212177791,-39.5212219279,-12.9670637923,-1.42356453371e-15,0.224390905186,True,0.249837077396,0.229453242516
751,25.051282,True,True,True,0,3.16991212731,-173.185073958,-5.31218648753,-21.4473035068,-6.61291967011,-42.8298279527,-12.0538109623,3.39565190824e-15,0.20883025415,True,0.249415033685,0.230121891355
752,25.08464,True,True,True,1,3.19217230107,-173.25275339,-5.32082528903,-21.71971552,-7.13702823534,-48.347432263,-11.0594692412,1.21098151486e-15,0.191827756704,True,0.249346056486,0.230514748747
753,25.117997,True,True,True,0,3.14692580363,-173.45571553,-5.35612790346,-21.861851228,-7.58471925011,-55.5610012567,-10.1886606855,-5.17732139596e-15,0.176889956301,True,0.249614276044,0.230708635367
754,25.151354,True,True,True,0,3.0634955898,-173.775529236,-5.40114910922,-21.7952632703,-7.91621840333,-62.9333384561,-9.60675937657,3.29279408679e-15,0.166885066837,True,0.250104687431,0.230793861517
755,25.184711,True,True,True,1,2.98687427144,-174.147819275,-5.44426316483,-21.5032588743,-8.11059532768,-68.306617966,-9.33755150485,1.1852951495e-15,0.162250569018,True,0.25064714386,0.230852281223
756,25.218068,True,True,True,0,2.96552653801,-174.463877919,-5.48123234294,-21.0641886737,-8.17228525188,-70.0881637134,-9.30720803644,-3.6722679012e-16,0.16172797019,True,0.251083667332,0.230952551354
757,25.251426,True,True,True,0,3.04171172794,-174.59283099,-5.51317823695,-20.6409940777,-8.12773802499,-68.0593361518,-9.47364309286,-1.59248173107e-15,0.16459388243,True,0.251330463456,0.231145944922
758,25.284783,True,True,True,0,3.24349241712,-174.423258147,-5.54279437971,-20.4296874174,-8.01507833967,-63.4003816296,-9.86109396056,1.88896687819e-15,0.171260133547,True,0.251379161093,0.231458697039
759,25.31814,True,True,True,0,3.57768492328,-173.912133649,-5.56964439178,-20.5753881734,-7.87083998671,-58.0059175549,-10.4638834395,7.31833305583e-15,0.18161569175,True,0.251275093402,0.231869563598
760,25.351497,True,True,True,0,4.02184311878,-173.113374848,-5.58555620012,-21.0999457733,-7.72307174493,-53.4085547038,-11.17915934,4.7271743171e-15,0.193877527579,True,0.251077055194,0.232303427082
761,25.384854,True,True,True,0,4.51841187214,-172.179049061,-5.57726163354,-21.8704971092,-7.5943613468,-50.210492887,-11.8580452492,5.68566790931e-16,0.205487618405,True,0.25083291836,0.232655338022
762,25.418212,True,True,True,0,4.98032847179,-171.323760441,-5.5317804314,-22.6389621335,-7.51017609523,-48.3014952312,-12.3887075676,5.14175938611e-15,0.214542830536,True,0.25057620553,0.232837685629
763,25.451569,True,True,True,0,5.30989791884,-170.764826682,-5.44192454808,-23.1364344624,-7.5048502416,-47.3510535659,-12.7240081921,3.98811686731e-15,0.220254955476,True,0.250320793583,0.232823037578
764,25.484926,True,True,True,0,5.42373359786,-170.657836048,-5.3106658008,-23.1897715734,-7.61493744043,-47.2296057594,-12.8428120295,9.50677260496e-15,0.222277077905,True,0.250078055787,0.232642048643
765,25.518284,True,True,True,0,5.27611140648,-171.049109309,-5.15133732068,-22.7946028902,-7.86201431255,-48.159107025,-12.7195818486,-7.0996132793e-16,0.220179597736,True,0.249871012649,0.232349312883
766,25.551641,True,True,True,0,4.87704410454,-171.8556204,-4.9836465814,-22.1193853583,-8.2382138104,-50.6896158905,-12.3377471643,-5.84567080864e-16,0.213674029639,True,0.249728049666,0.232007168909
767,25.584998,True,True,True,0,4.30096912264,-172.875642429,-4.8292170911,-21.4455304195,-8.70042685487,-55.4826705254,-11.7529632189,7.57763878242e-15,0.203692385069,True,0.24969327898,0.231669974492
768,25.618356,True,True,True,0,3.6783853054,-173.83691627,-4.7077857885,-21.0628830139,-9.17911503389,-62.8307573308,-11.145268467,4.45163095022e-16,0.193297209789,True,0.249802177513,0.23138607126
769,25.651713,True,True,True,0,3.16704323349,-174.469863529,-4.63478045375,-21.1651907677,-9.58937082895,-71.875230102,-10.750673679,3.89802035918e-15,0.186535587566,True,0.250062541735,0.231183304936
770,25.68507,True,True,True,1,2.90739667522,-174.587688976,-4.61777305017,-21.7797669992,-9.84550203321,-80.3303716743,-10.667448289,-1.48794025341e-15,0.185108329187,True,0.250425435477,0.231058323767
771,25.718427,True,True,True,0,2.97596201371,-174.148797986,-4.65607544122,-22.7556831285,-9.87787029926,-85.6671894309,-10.7492891032,1.74747035863e-16,0.186511846251,True,0.250773430152,0.230982609932
772,25.751785,True,True,True,0,3.35686313776,-173.273586184,-4.73982993736,-23.8200347783,-9.66223232475,-86.4979686573,-10.7849596522,2.47879365714e-15,0.187123454203,True,0.250986212482,0.230942814569
773,25.785142,True,True,True,0,3.94270489299,-172.213283577,-4.85161334101,-24.6763662895,-9.24456955105,-82.8236984248,-10.7398993888,-1.96252849216e-15,0.186350837989,True,0.250998846055,0.230973639799
774,25.8185,True,True,True,0,4.56923228729,-171.273064934,-4.96564247617,-25.1109076442,-8.74148057604,-76.0400914121,-10.7628153896,-2.12267761733e-15,0.186743776752,True,0.250829583209,0.231129421898
775,25.851857,True,True,True,0,5.0716529877,-170.71638622,-5.05618502674,-25.0567685397,-8.3014543765,-68.7378697292,-10.956794478,1.23339598216e-15,0.190068717131,True,0.250521181065,0.231434727647
776,25.885214,True,True,True,1,5.33611570528,-170.685524512,-5.09838436276,-24.5976475055,-8.05223530539,-63.4566922104,-11.2068945551,1.73497634789e-15,0.194352390783,True,0.250089751669,0.231851129324
777,25.918572,True,True,True,0,5.3335589055,-171.155723811,-5.07906359662,-23.9215571565,-8.05248167622,-61.47314221,-11.3146993618,-2.60312365986e-15,0.196197716699,True,0.249532640314,0.232311233024
778,25.951929,True,True,True,0,5.12152385279,-171.948581407,-5.00203695214,-23.242386402,-8.27584263848,-62.7208777975,-11.2321402482,5.82434228345e-15,0.19478459052,True,0.248878772934,0.232773388846
779,25.985286,True,True,True,0,4.81998824119,-172.791382331,-4.88893314325,-22.7239710455,-8.62728077932,-65.9955677346,-11.1154825101,-1.84603358075e-15,0.192787125161,True,0.248220606645,0.233225725103
780,26.018644,True,True,True,0,4.56157884702,-173.419412576,-4.77614356696,-22.4152016169,-8.97905054346,-69.0711106121,-11.1778774883,1.83222861342e-15,0.193855579501,True,0.247671220575,0.23365691871
781,26.052001,True,True,True,0,4.43655464467,-173.671139368,-4.70017507315,-22.2319043049,-9.21770868526,-69.5475106893,-11.5596607079,2.55905431911e-16,0.200388198018,True,0.247326566717,0.234014177402
782,26.085358,True,True,True,0,4.461380637,-173.535868184,-4.68745428265,-22.0030178593,-9.27637387141,-66.3286527886,-12.3785903849,2.4755404882e-15,0.214370360739,True,0.247256166315,0.234221245469
783,26.118715,True,True,True,0,4.58818349411,-173.125368908,-4.74792418358,-21.5746383086,-9.1469562142,-60.4349280027,-13.7952160865,-6.76525023449e-16,0.238452371849,True,0.247516876404,0.234193653838
784,26.152073,True,True,True,0,4.74453069866,-172.602431595,-4.87385206149,-20.8939814757,-8.87084508332,-54.1426868566,-15.8825593298,5.505799702e-15,0.273666454721,True,0.248131364604,0.233852635623
785,26.18543,True,True,True,0,4.87802567885,-172.100987933,-5.04128709119,-20.0344771688,-8.51476774678,-49.2497523214,-18.4943129364,-5.78966293486e-16,0.317210526147,True,0.24901766961,0.233139089906
786,26.218787,True,True,True,0,4.97778768476,-171.689000146,-5.22069053032,-19.1321229423,-8.14549598178,-46.3046426676,-21.3695411932,-7.90491691004e-16,0.364381777513,True,0.24997926081,0.232064383818
787,26.252145,True,True,True,0,5.06988047171,-171.371879773,-5.38117898041,-18.3061138006,-7.81537919282,-45.050170633,-24.3041896442,1.11711199686e-15,0.411581002125,True,0.250772856288,0.230741825374
788,26.285502,True,True,True,0,5.18739211663,-171.13479902,-5.50072899088,-17.6014829948,-7.55863273703,-45.0007754644,-27.2059719339,2.12295007573e-15,0.457190628363,True,0.251211777198,0.229384849868
789,26.318859,True,True,True,0,5.3411336081,-170.981398658,-5.57065375195,-16.9874141737,-7.39025316036,-45.7260382133,-30.0300159149,1.05482139888e-15,0.500453621762,True,0.251234808866,0.228214020395
790,26.352217,True,True,True,0,5.50319626324,-170.949274129,-5.59388598655,-16.3879078895,-7.31241400118,-46.9256799121,-32.7199331324,7.12385379841e-15,0.540533048362,True,0.250897619146,0.227364608321
791,26.385574,True,True,True,0,5.61736542153,-171.08821163,-5.58277243483,-15.7269369253,-7.31073296769,-48.381972961,-35.1940116677,2.07203757945e-15,0.576346908211,True,0.250345858262,0.22682664405
792,26.418931,True,True,True,1,5.62508998046,-171.419695079,-5.55253351667,-14.9684766235,-7.35730282481,-49.8919119438,-37.3825092718,-8.04278659714e-15,0.607133299843,True,0.249764860741,0.22648568666
793,26.452288,True,True,True,0,5.49747882219,-171.901933346,-5.51761320201,-14.146863476,-7.41267826711,-51.25713798,-39.2588797335,4.17117977206e-15,0.632825336789,True,0.249336712483,0.226179040784
794,26.485645,True,True,True,0,5.25253044255,-172.424477293,-5.48880113121,-13.3758016528,-7.44037309213,-52.3366382341,-40.8448066053,7.54952428608e-15,0.654012391512,True,0.249187087358,0.225773633525
795,26.519002,True,True,True,0,4.95279266482,-172.831336014,-5.47248404037,-12.8332953036,-7.42087372608,-53.1137647783,-42.189635518,5.99451811922e-15,0.671586570977,True,0.249357480002,0.22520799772
796,26.55236,True,True,True,0,4.68180426246,-172.972255485,-5.47108089755,-12.7002764256,-7.3587178005,-53.7015271628,-43.3494165444,1.25013043614e-14,0.686445788238,True,0.249782739342,0.224514702828
797,26.585717,True,True,True,0,4.51166258521,-172.763700115,-5.48245068827,-13.0672629432,-7.27415691608,-54.2571251158,-44.3798617545,7.50516176991e-16,0.69941217538,True,0.250317496622,0.223806413181
798,26.619074,True,True,True,0,4.47259965264,-172.241148128,-5.50076255602,-13.8487793988,-7.1890001912,-54.868412717,-45.3381155578,6.63117323905e-15,0.711267244242,True,0.250786046613,0.223241230354
799,26.652431,True,True,True,0,4.54290212139,-171.568276418,-5.51901176669,-14.7733756775,-7.11632148499,-55.4991011325,-46.2813307513,4.60534408874e-15,0.722741990507,True,0.251040239822,0.222966473108
800,26.685788,True,True,True,0,4.661950809,-170.98655785,-5.53182026049,-15.4748654833,-7.06224484717,-56.0353818585,-47.2522209239,1.23428680968e-15,0.734348820853,True,0.251005334832,0.223069005577
801,26.719146,True,True,True,0,4.76358338969,-170.712781776,-5.53742114594,-15.6536804864,-7.02944035529,-56.3853064764,-48.2658490564,-3.51777068542e-15,0.746241541516,True,0.250706745958,0.223544347766
802,26.752503,True,True,True,0,4.81209602382,-170.834688298,-5.5373408347,-15.2189875871,-7.0124456944,-56.5537674377,-49.3056287409,2.67067367435e-15,0.758198394726,True,0.250259856112,0.224307393186
803,26.78586,True,True,True,0,4.82062760692,-171.264877062,-5.53631475427,-14.3369188946,-6.99345498438,-56.6421459167,-50.334970456,8.25059601273e-15,0.769789283393,True,0.24982221372,0.225225644974
804,26.819217,True,True,True,0,4.84161835106,-171.783134454,-5.538771603,-13.3531745031,-6.95047724289,-56.7898047228,-51.3126566891,1.524663126e-14,0.78056850496,True,0.249520636429,0.226173163691
805,26.852574,True,True,True,0,4.93239618638,-172.144661623,-5.54714885566,-12.6345144656,-6.86995995891,-57.0969724712,-52.2138154923,1.09858774554e-14,0.790302777124,True,0.249407060191,0.227065298469
806,26.885931,True,True,True,0,5.11218371682,-172.200289973,-5.55918277404,-12.4029075776,-6.75691763243,-57.5641161552,-53.0395797409,5.19953370363e-15,0.79905105135,True,0.249448274434,0.227873269363
807,26.919288,True,True,True,0,5.34137625173,-171.963337651,-5.56662249904,-12.640447565,-6.63800936008,-58.0780538531,-53.8209151533,5.12083490718e-15,0.807175852056,True,0.249563179396,0.228621272608
808,26.952646,True,True,True,1,5.53667250822,-171.591973145,-5.55714345809,-13.1117276543,-6.55651443105,-58.4568620336,-54.6033624161,4.26260829112e-15,0.815161789575,True,0.249657807923,0.229368442332
809,26.986003,True,True,True,0,5.61466362165,-171.299319278,-5.52165749148,-13.4854486575,-6.55448981487,-58.5337722142,-55.429228832,2.92226226382e-15,0.823425940856,True,0.249663440139,0.230176407429
810,27.01936,True,True,True,0,5.53393268364,-171.248002997,-5.45737407583,-13.4884115285,-6.65584682533,-58.2369068424,-56.3188424312,1.38858752773e-14,0.832136544645,True,0.249546732369,0.231096991718
811,27.052717,True,True,True,0,5.31256806375,-171.478476626,-5.37088789569,-13.022103217,-6.84738629658,-57.6190227137,-57.2569374719,1.18218549355e-14,0.841104508922,True,0.249325845987,0.232135635295
812,27.086074,True,True,True,0,5.01501854679,-171.910247507,-5.27656686366,-12.1843945735,-7.08685430087,-56.8393685342,-58.191907999,-2.09103079389e-16,0.849818261458,True,0.24905762797,0.23324204985
813,27.119431,True,True,True,0,4.72110660184,-172.396541321,-5.19095792656,-11.2086939295,-7.32244243576,-56.1053307396,-59.0420895666,9.47244471688e-15,0.857545417139,True,0.248801256878,0.234299352411
814,27.152789,True,True,True,0,4.49163097623,-172.801270097,-5.12379651254,-10.3538397972,-7.5173593841,-55.5979845457,-59.7227288065,-1.92465024718e-15,0.863595624996,True,0.248590295798,0.235154286614
815,27.186146,True,True,True,0,4.34755809046,-173.05413412,-5.07541200369,-9.8011879585,-7.6556978432,-55.4093357353,-60.1771024752,9.11075413087e-15,0.867566774797,True,0.248413878503,0.23566756602
816,27.219503,True,True,True,1,4.27369644807,-173.158340638,-5.03619883882,-9.60528254486,-7.74131534221,-55.5206568585,-60.4059759258,9.67739929951e-15,0.869546442706,True,0.248238823241,0.235763284659
817,27.25286,True,True,True,0,4.23679219823,-173.167685592,-4.99737052796,-9.69520028705,-7.78370860029,-55.8211330239,-60.4685986513,-5.50118884233e-15,0.870085689099,True,0.248036831414,0.235454772649
818,27.286217,True,True,True,0,4.20627898486,-173.148617294,-4.95682416246,-9.92672765822,-7.79149231942,-56.1681132401,-60.456858312,3.64245425633e-15,0.869984671789,True,0.247812849031,0.23482842025
819,27.319574,True,True,True,0,4.16526163446,-173.149949566,-4.9238003226,-10.1519995042,-7.76814383038,-56.4506730667,-60.4543965824,6.17618226825e-15,0.869963485715,True,0.247585879898,0.234004762501
820,27.352931,True,True,True,2,4.11332632255,-173.181035207,-4.91428428245,-10.2846164398,-7.71400736284,-56.63807393,-60.5054516123,1.06827404035e-14,0.870402545404,True,0.247379944583,0.233099693134
821,27.386289,True,True,True,0,4.0641214264,-173.205586595,-4.93889198742,-10.3360742952,-7.63211621519,-56.7834686872,-60.6046738348,1.10540748394e-14,0.871253853109,True,0.247209758661,0.232202366097
822,27.419646,True,True,True,0,4.04062685604,-173.156107931,-4.99592781415,-10.4147043036,-7.53584994811,-57.0131377568,-60.7046573173,3.548698493e-15,0.872109049258,True,0.24706703669,0.231364909729
823,27.453003,True,True,True,0,4.07137656951,-172.963692283,-5.06946091444,-10.6863973023,-7.448799204,-57.4951218848,-60.7339740953,-8.17879941839e-17,0.872359303237,True,0.246914803278,0.230599333945
824,27.48636,True,True,True,0,4.18089562269,-172.596735372,-5.13774474154,-11.3047334326,-7.39904865782,-58.3937825308,-60.6276797023,1.23030995078e-15,0.871450866002,True,0.246694604649,0.229900991101
825,27.519717,True,True,True,0,4.37765261266,-172.089592514,-5.18195357523,-12.3309003544,-7.4069442669,-59.8095871214,-60.3623886907,1.40216673833e-14,0.869170498406,True,0.246358488506,0.229269457602
826,27.553074,True,True,True,0,4.63649592573,-171.559421003,-5.1983620586,-13.6685930539,-7.47382400875,-61.7104694621,-59.9717597844,-2.86211168397e-15,0.865778856228,True,0.245905217818,0.228719931401
827,27.586432,True,True,True,0,4.89193627444,-171.189003037,-5.19976602958,-15.056195432,-7.58692985265,-63.89562657,-59.5385893256,-1.53381720845e-15,0.861970797554,True,0.24539970134,0.228277962629
828,27.619789,True,True,True,0,5.05108960615,-171.176667737,-5.20713549844,-16.1337995497,-7.73189254515,-66.0258461916,-59.1496883817,-6.31044113696e-15,0.858509939255,True,0.244925653956,0.227951473566
829,27.653146,True,True,True,1,5.03008982662,-171.65400425,-5.23899775603,-16.575838567,-7.8981785515,-67.723606095,-58.8592598313,4.0897456786e-15,0.855899587105,True,0.244552299586,0.227718462987
830,27.686503,True,True,True,1,4.79580334977,-172.60907624,-5.29926669335,-16.2295629376,-8.06902852774,-68.6956730448,-58.6754170093,7.28703994039e-15,0.854235849672,True,0.24430990423,0.22754150831
831,27.71986,True,True,True,0,4.39743150115,-173.846192508,-5.37780260745,-15.2067911995,-8.20921961187,-68.8292589108,-58.5812061299,6.15929782535e-15,0.853379852431,True,0.244203032688,0.227392613664
832,27.753217,True,True,True,0,3.96128185353,-175.020261676,-5.45707889735,-13.8803454219,-8.27757771958,-68.2385668487,-58.5585217094,2.67075732472e-15,0.853173397715,True,0.244231055339,0.227273929072
833,27.786574,True,True,True,0,3.64460757271,-175.754556194,-5.51960462118,-12.7621567382,-8.25593411842,-67.2410055225,-58.5894270388,-1.2160374492e-14,0.853454639281,True,0.244382534077,0.227192870727
834,27.819932,True,True,True,0,3.56690846043,-175.790940708,-5.55470238625,-12.3148897048,-8.16324416248,-66.2815577018,-58.6423485906,5.85409881352e-15,0.85393565395,True,0.244611164105,0.227126049605
835,27.853289,True,True,True,0,3.75682929774,-175.104515579,-5.5568115655,-12.7741691168,-8.04285436692,-65.8139091709,-58.6537862544,1.08657072286e-14,0.854039517459,True,0.244821589804,0.226992876835
836,27.886646,True,True,True,0,4.14295086208,-173.921928,-5.5277799582,-14.0600826422,-7.93877577386,-66.1723546915,-58.5555741712,-2.407869818e-16,0.853146561857,True,0.244905363328,0.226688181414
837,27.920003,True,True,True,0,4.58944467479,-172.630828823,-5.47750176006,-15.8154501156,-7.88472423093,-67.4595325957,-58.3226291707,-1.16182768696e-15,0.851018579946,True,0.244803883407,0.226177824671
838,27.95336,True,True,True,0,4.95407721308,-171.627349419,-5.42462690451,-17.5492243206,-7.90087070649,-69.4964609211,-58.0066861404,1.36136452195e-15,0.848109929397,True,0.244543755406,0.225559780222
839,27.986718,True,True,True,0,5.13946765458,-171.17509747,-5.39105393498,-18.8052902064,-7.98713785611,-71.8385824399,-57.7043879591,1.23182237137e-15,0.845302753762,True,0.24420974061,0.225034289178
840,28.020075,True,True,True,1,5.1173619453,-171.331723748,-5.39419172591,-19.3004941131,-8.11265971731,-73.8907306684,-57.4854746967,-9.27899346951e-16,0.843255205542,True,0.243882382685,0.224766246865
841,28.053432,True,True,True,0,4.9237163924,-171.961822131,-5.44324281403,-18.9862730293,-8.22164089699,-75.1043993964,-57.3543884182,2.01135048655e-15,0.842023229622,True,0.243611432856,0.224796226447
842,28.086789,True,True,True,0,4.63678528694,-172.805533045,-5.53758630214,-18.0394085783,-8.25416442411,-75.1701242777,-57.2853824349,1.00811133624e-15,0.841372925943,True,0.243426161893,0.225068458832
843,28.120146,True,True,True,0,4.34442055383,-173.586701721,-5.66735869403,-16.7673461123,-8.17382170365,-74.0967336762,-57.2751898168,1.10473794505e-14,0.841276768527,True,0.243356898521,0.225524705691
844,28.153503,True,True,True,0,4.11678284443,-174.10670483,-5.81471640471,-15.486450536,-7.98509087486,-72.1762088427,-57.3532593449,-1.68523394484e-15,0.842012599203,True,0.243425586334,0.226134789694
845,28.18686,True,True,True,0,3.99545288341,-174.292955748,-5.95727944923,-14.4211219094,-7.72416528057,-69.8642741596,-57.5409605677,-6.36603251968e-15,0.843775344016,True,0.243618255921,0.226851016299
846,28.220218,True,True,True,1,3.99615599305,-174.186156134,-6.0714884003,-13.6731690106,-7.44375493809,-67.6403217467,-57.8130348732,2.06061469133e-15,0.846314374357,True,0.243881030367,0.227557439977
847,28.253575,True,True,True,0,4.11804898803,-173.888057297,-6.13842787707,-13.250391589,-7.19240811212,-65.8854628641,-58.0990269923,2.22264153587e-15,0.848962713467,True,0.244148324444,0.228084816965
848,28.286932,True,True,True,0,4.3445897638,-173.509353858,-6.14777896595,-13.1229102264,-7.00680421193,-64.8253685565,-58.3108415276,4.53448454131e-15,0.850910524123,True,0.244366090923,0.228282775439
849,28.320289,True,True,True,0,4.63927726596,-173.142283477,-6.09814604919,-13.2683393604,-6.91488081923,-64.5467058823,-58.3737026254,5.1864827279e-15,0.851486347604,True,0.244504096152,0.228095030715
850,28.353646,True,True,True,0,4.94351946633,-172.857996842,-5.9973629505,-13.6850222845,-6.93809893362,-65.0459797583,-58.2421663648,-2.00669223399e-15,0.850280271646,True,0.244547779779,0.227571679174
851,28.387003,True,True,True,0,5.18710260622,-172.707585376,-5.85964073571,-14.3829418691,-7.09153346483,-66.2782182151,-57.9110300493,-1.66282078305e-14,0.847224205585,True,0.244496840834,0.226844690965
852,28.420361,True,True,True,0,5.31187359833,-172.716067976,-5.70084919734,-15.356163581,-7.37752424707,-68.1653208828,-57.4250094456,-1.88510158392e-15,0.842687488667,True,0.244377744263,0.226075595928
853,28.453718,True,True,True,0,5.29297249307,-172.874717038,-5.53795508774,-16.5476066652,-7.77391339632,-70.5549585215,-56.8779749502,6.96480159055e-16,0.837508727873,True,0.244252987136,0.225422495971
854,28.487075,True,True,True,0,5.14705027739,-173.143340447,-5.38618819241,-17.8246142753,-8.23138714674,-73.1713022068,-56.3833488087,-4.48708777487e-16,0.832760379931,True,0.244195995262,0.224995633044
855,28.520433,True,True,True,0,4.92122880174,-173.470789341,-5.25884801137,-18.9697332706,-8.67881890709,-75.6012371427,-56.0189193235,8.33727608959e-15,0.82922217536,True,0.244221573711,0.224832443686
856,28.55379,True,True,True,0,4.67468419868,-173.814612244,-5.16818965136,-19.7080135912,-9.03528255777,-77.3495495206,-55.7904219916,3.41818204815e-15,0.826986600487,True,0.24424901174,0.224891726295
857,28.587147,True,True,True,0,4.46297860673,-174.144993744,-5.12287166352,-19.7733753811,-9.2282623595,-77.9474431718,-55.6523765737,-5.78820773824e-15,0.825629614455,True,0.244148007203,0.225096364382
858,28.620504,True,True,True,0,4.33137831798,-174.429285645,-5.12148536781,-19.0033891062,-9.21515176777,-77.0779349959,-55.5838392271,3.59509225138e-15,0.824954111602,True,0.243864417275,0.225409848467
859,28.653862,True,True,True,0,4.30978592182,-174.618190839,-5.15119177053,-17.4230832635,-8.99753833849,-74.6898175114,-55.6613049634,1.3060302209e-15,0.825717525549,True,0.243543626519,0.225885100961
860,28.687219,True,True,True,0,4.40560440569,-174.65775225,-5.18781320829,-15.2778893554,-8.63160871325,-71.1012799741,-56.0396482962,-6.49981540645e-15,0.829424331779,True,0.243499689382,0.226650917741
861,28.720576,True,True,True,0,4.59973891275,-174.518111419,-5.20390301089,-12.9931135478,-8.22197717011,-67.0073408214,-56.8141251303,4.33475188249e-15,0.836899278808,True,0.243990100004,0.227793445342
862,28.753933,True,True,True,0,4.85116439039,-174.220391544,-5.18019976972,-11.0589994616,-7.88787199802,-63.2941134878,-57.8494746932,-2.01958174677e-15,0.846652987287,True,0.244948126547,0.229197435424
863,28.787291,True,True,True,0,5.11128406615,-173.829266155,-5.11365261615,-9.89116215731,-7.72309852382,-60.7264144567,-58.7785617585,-6.74577666672e-15,0.85517037121,True,0.245951766357,0.230494759517
864,28.820648,True,True,True,1,5.34119407518,-173.422181901,-5.01734788088,-9.71480629412,-7.762080296,-59.7331758507,-59.2117641298,6.38602828675e-15,0.859065012898,True,0.246490806267,0.231231709073
865,28.854005,True,True,True,0,5.51793649723,-173.060206015,-4.9122819249,-10.5131660482,-7.97853625038,-60.3711677732,-58.9842078436,7.73637827359e-15,0.857025310711,True,0.246338169422,0.231170428621
866,28.887363,True,True,True,0,5.63116451126,-172.783041216,-4.81843201638,-12.0265032775,-8.30296565485,-62.3397470354,-58.2454830048,5.78688315824e-15,0.850310737521,True,0.245670666953,0.230465783404
867,28.92072,True,True,True,0,5.67508597222,-172.621152398,-4.74829576567,-13.8100274541,-8.65119674068,-64.9990653021,-57.3314669188,3.02187851304e-15,0.841807355728,True,0.244871058037,0.229529746068
868,28.954077,True,True,True,0,5.64182626936,-172.613135722,-4.70549241466,-15.3398987687,-8.95331585931,-67.4814623311,-56.5511924941,7.2407622538e-15,0.834378632474,True,0.244235097916,0.228755320493
869,28.987434,True,True,True,0,5.52175801027,-172.805003667,-4.68923057403,-16.1547806771,-9.16707236244,-68.9586254168,-56.055700297,1.25896969783e-14,0.829580802096,True,0.243851158072,0.228352613504
870,29.020792,True,True,True,0,5.30954262575,-173.225078955,-4.69837674911,-15.9882029904,-9.27276926975,-68.9360565473,-55.8723445409,-5.12724954941e-15,0.827789629606,True,0.243691079355,0.228389275357
871,29.054149,True,True,True,0,5.01092049748,-173.854721581,-4.73334102448,-14.8389191943,-9.26433295331,-67.3981698631,-56.0064947905,-1.94925839833e-15,0.829100954808,True,0.243756053482,0.228885349929
872,29.087506,True,True,True,0,4.64858884034,-174.615381711,-4.79688835881,-12.9665095766,-9.14549618115,-64.7752371084,-56.4574781791,1.3452309421e-15,0.833475974757,True,0.244097015076,0.229826194734
873,29.120863,True,True,True,0,4.26041921502,-175.386107811,-4.88970383155,-10.8162616583,-8.94023646559,-61.7712664176,-57.1534447118,-7.52633343708e-16,0.840126164814,True,0.244729504999,0.231091755608
874,29.154221,True,True,True,0,3.88939910005,-176.048492157,-5.00736974022,-8.88138237578,-8.69920809736,-59.1132440611,-57.9070431637,-6.58125246878e-15,0.847187237894,True,0.245531861332,0.232410919791
875,29.187578,True,True,True,0,3.57147371374,-176.523450965,-5.13776155248,-7.55920833647,-8.49274318564,-57.3321964867,-58.4750652748,1.28369039552e-14,0.852412695874,True,0.246261864348,0.233445357731
876,29.220935,True,True,True,0,3.32744364397,-176.791472909,-5.26545855317,-7.04108497696,-8.37965592758,-56.6590662309,-58.6810741173,-4.4772333757e-16,0.854287176504,True,0.246695446154,0.233929117546
877,29.254292,True,True,True,0,3.16360577609,-176.880378493,-5.37465070498,-7.29203654086,-8.38431480726,-57.0479018893,-58.4948771954,6.28500711911e-15,0.85259344445,True,0.246756748957,0.233793254176
878,29.28765,True,True,True,0,3.07968090917,-176.83865927,-5.45525984362,-8.10189275377,-8.48574743234,-58.2480085068,-58.0218346853,8.31765888859e-15,0.848249979994,True,0.246529712832,0.233164085995
879,29.321007,True,True,True,0,3.07757389616,-176.701724051,-5.50388302838,-9.19212556479,-8.63193275154,-59.8981214792,-57.4201077473,1.45655308514e-15,0.842641424789,True,0.246157116779,0.232268797582
880,29.354364,True,True,True,0,3.16518489294,-176.472201498,-5.52189767169,-10.3189868385,-8.76320432372,-61.626893764,-56.8230952337,6.58638756188e-16,0.836984961567,True,0.245752491831,0.231340520216
881,29.387722,True,True,True,0,3.34932141374,-176.124852123,-5.51242967875,-11.3414037912,-8.83639628747,-63.1501618436,-56.3028672614,-1.89731542297e-15,0.831981887253,True,0.245368045454,0.230555750145
882,29.421079,True,True,True,0,3.62346140829,-175.632457669,-5.47671785458,-12.2321182523,-8.84223719302,-64.3269240559,-55.8831673631,5.62772435669e-16,0.827895591599,True,0.245033851133,0.230020759789
883,29.454436,True,True,True,1,3.96015370771,-174.99757535,-5.41793317113,-13.0338112042,-8.80029935023,-65.1484950401,-55.564467017,-8.99047949008e-16,0.824762965428,True,0.244776304748,0.229767599119
884,29.487794,True,True,True,0,4.3168980401,-174.269666443,-5.33858857102,-13.7903249257,-8.7513162898,-65.6784244438,-55.3485839417,-6.3786853499e-15,0.822626465832,True,0.244628432487,0.229770424391
885,29.521151,True,True,True,0,4.64985509331,-173.537944253,-5.24759722813,-14.4903368486,-8.72933090237,-65.9746110318,-55.2412454882,-5.56662844139e-15,0.821559835665,True,0.24460762826,0.229958740451
886,29.554508,True,True,True,0,4.92845047724,-172.903435486,-5.15807990459,-15.0565482418,-8.7514614535,-66.0563456768,-55.2535078034,-5.10774409245e-15,0.821681833154,True,0.244712824586,0.230258593423
887,29.587866,True,True,True,0,5.13980733382,-172.437999863,-5.08714482918,-15.3944010271,-8.80840803191,-65.91563366,-55.3863084306,1.14079825746e-14,0.823000651408,True,0.244924915533,0.230607740193
888,29.621223,True,True,True,0,5.28428449363,-172.157394865,-5.05218715514,-15.4565124733,-8.87290929394,-65.5614484003,-55.6228977868,1.96712846452e-15,0.825339216795,True,0.245221601812,0.23096635098
889,29.65458,True,True,True,0,5.36811658337,-172.016495485,-5.06574977533,-15.2863094931,-8.91161756284,-65.0488280068,-55.9221487555,-2.01668102617e-15,0.828276998239,True,0.245570911441,0.231312664677
890,29.687938,True,True,True,0,5.40084750011,-171.936104104,-5.13216467987,-14.9996740342,-8.89759003543,-64.4688402678,-56.2287615312,2.13585569397e-15,0.831263615738,True,0.245938912224,0.23163206588
891,29.721295,True,True,True,0,5.39916979244,-171.841162627,-5.24405692635,-14.7248117466,-8.81984133578,-63.9095520763,-56.4942337075,9.78063434557e-15,0.83383027047,True,0.24628880545,0.231916164159
892,29.754653,True,True,True,0,5.38967774779,-171.699135381,-5.37680068805,-14.5269057783,-8.68933793329,-63.4063790895,-56.6995983897,9.39510440114e-16,0.835803513015,True,0.246590670728,0.232165011526
893,29.78801,True,True,True,0,5.4024440346,-171.538987906,-5.49228717171,-14.3623730951,-8.53495364334,-62.9074542289,-56.8682053732,1.21089387554e-17,0.83741554425,True,0.24682812043,0.232397337259
894,29.821367,True,True,True,0,5.45871892802,-171.443576791,-5.54630947458,-14.0886775633,-8.39753986536,-62.2802553208,-57.0611346871,4.51537728306e-16,0.839251221134,True,0.247015177661,0.232656658776
895,29.854725,True,True,True,0,5.5608437262,-171.517740568,-5.50209443977,-13.5289974374,-8.31866437986,-61.3687927625,-57.3547731131,6.44214109747e-15,0.842026851515,True,0.247189572276,0.23300207365
896,29.888082,True,True,True,0,5.69515905416,-171.83886229,-5.34369384343,-12.5620184319,-8.32873482444,-60.0809716424,-57.812091791,-2.51123974923e-15,0.846305606326,True,0.247396849855,0.233500102184
897,29.921439,True,True,True,0,5.84334626912,-172.410712912,-5.08366247128,-11.1933715243,-8.43462821192,-58.4519730305,-58.456460571,9.72969453678e-15,0.852242868212,True,0.247676060494,0.234195204641
898,29.954797,True,True,True,0,5.99235696749,-173.147387341,-4.76296443184,-9.57070162762,-8.61097617899,-56.6434882217,-59.2539568199,5.12963539781e-15,0.859441719115,True,0.24804245175,0.235080334143
