frame,time_s,has_pose,left_shoulder_x,left_shoulder_y,left_shoulder_z,left_shoulder_vis,left_shoulder_src,right_shoulder_x,right_shoulder_y,right_shoulder_z,right_shoulder_vis,right_shoulder_src,left_elbow_x,left_elbow_y,left_elbow_z,left_elbow_vis,left_elbow_src,right_elbow_x,right_elbow_y,right_elbow_z,right_elbow_vis,right_elbow_src,left_wrist_x,left_wrist_y,left_wrist_z,left_wrist_vis,left_wrist_src,right_wrist_x,right_wrist_y,right_wrist_z,right_wrist_vis,right_wrist_src,left_hip_x,left_hip_y,left_hip_z,left_hip_vis,left_hip_src,right_hip_x,right_hip_y,right_hip_z,right_hip_vis,right_hip_src
360,12.008576,1,0.069757,-0.519060,1.921000,0.999900,0,-0.277314,-0.485342,1.938000,0.999800,0,0.298183,-0.431570,1.926000,0.921000,0,-0.545829,-0.465732,1.963000,0.941500,0,0.431292,-0.552720,1.794000,0.936400,0,-0.779635,-0.450608,1.926000,0.931100,0,0.047897,0.054052,1.932000,0.999000,0,-0.192471,0.073868,1.951000,0.999300,0
361,12.041933,1,0.066596,-0.519060,1.921000,0.999900,0,-0.276455,-0.483839,1.932000,0.999800,0,0.298183,-0.431570,1.926000,0.920900,0,-0.542492,-0.462885,1.951000,0.941200,0,0.429849,-0.550871,1.788000,0.936800,0,-0.781302,-0.453415,1.938000,0.930900,0,0.047327,0.050264,1.909000,0.999000,0,-0.191781,0.070400,1.944000,0.999300,0
362,12.075290,1,0.066180,-0.515818,1.909000,0.999900,0,-0.278172,-0.486844,1.944000,0.999800,0,0.292409,-0.427761,1.909000,0.920800,0,-0.535688,-0.459800,1.938000,0.941000,0,0.427445,-0.547790,1.778000,0.936400,0,-0.778112,-0.453415,1.938000,0.929800,0,0.047749,0.050711,1.926000,0.999000,0,-0.192471,0.070654,1.951000,0.999300,0
363,12.108647,1,0.066180,-0.515818,1.909000,0.999900,0,-0.279174,-0.488597,1.951000,0.999800,0,0.294247,-0.430450,1.921000,0.922800,0,-0.532371,-0.456953,1.926000,0.941600,0,0.429849,-0.550871,1.788000,0.937700,0,-0.780121,-0.453242,1.951000,0.929900,0,0.047625,0.050580,1.921000,0.999000,0,-0.189260,0.070654,1.951000,0.999300,0
364,12.142005,1,0.066596,-0.519060,1.921000,0.999900,0,-0.279174,-0.488597,1.951000,0.999800,0,0.297770,-0.435603,1.944000,0.924600,0,-0.539367,-0.465732,1.963000,0.940700,0,0.428647,-0.549331,1.783000,0.939500,0,-0.776078,-0.454636,1.957000,0.928600,0,0.048046,0.051027,1.938000,0.999000,0,-0.189260,0.070654,1.951000,0.999300,0
365,12.175362,1,0.066180,-0.515818,1.909000,0.999900,0,-0.278172,-0.486844,1.944000,0.999800,0,0.296851,-0.434259,1.938000,0.924600,0,-0.541016,-0.467155,1.969000,0.939600,0,0.428647,-0.549331,1.783000,0.938900,0,-0.779965,-0.458818,1.975000,0.925700,0,0.047476,0.050422,1.915000,0.999000,0,-0.187999,0.070183,1.938000,0.999200,0
366,12.208719,1,0.066769,-0.520411,1.926000,0.999900,0,-0.278172,-0.486844,1.944000,0.999800,0,0.289652,-0.423727,1.891000,0.925800,0,-0.536070,-0.462885,1.951000,0.939300,0,0.425041,-0.544709,1.768000,0.940000,0,-0.774355,-0.457424,1.969000,0.926100,0,0.047476,0.050422,1.915000,0.999000,0,-0.188581,0.070400,1.944000,0.999300,0
367,12.242076,1,0.066388,-0.517439,1.915000,0.999900,0,-0.277314,-0.485342,1.938000,0.999800,0,0.291490,-0.426416,1.903000,0.924100,0,-0.530947,-0.461224,1.944000,0.935100,0,0.423839,-0.546073,1.763000,0.939300,0,-0.776205,-0.460444,1.982000,0.921700,0,0.047476,0.047267,1.915000,0.999100,0,-0.189260,0.070654,1.951000,0.999300,0
368,12.275434,1,0.065764,-0.512576,1.897000,0.999900,0,-0.276455,-0.483839,1.932000,0.999800,0,0.294247,-0.430450,1.921000,0.918500,0,-0.541321,-0.473087,1.994000,0.930500,0,0.427445,-0.550719,1.778000,0.936500,0,-0.785032,-0.467646,2.013000,0.918200,0,0.047625,0.047415,1.921000,0.999100,0,-0.189842,0.067647,1.957000,0.999300,0
369,12.308791,1,0.066596,-0.519060,1.921000,0.999900,0,-0.279174,-0.488597,1.951000,0.999800,0,0.294247,-0.430450,1.921000,0.915800,0,-0.531293,-0.467155,1.969000,0.929300,0,0.425041,-0.547622,1.768000,0.932800,0,-0.775093,-0.467646,2.013000,0.915700,0,0.047476,0.047267,1.915000,0.999100,0,-0.189842,0.064423,1.957000,0.999300,0
370,12.342148,1,0.066180,-0.515818,1.909000,0.999900,0,-0.277314,-0.485342,1.938000,0.999800,0,0.295013,-0.431570,1.926000,0.917100,0,-0.526436,-0.462885,1.951000,0.930400,0,0.426243,-0.549171,1.773000,0.933400,0,-0.779447,-0.472292,2.033000,0.916500,0,0.047625,0.047415,1.921000,0.999100,0,-0.188581,0.063995,1.944000,0.999300,0
371,12.375506,1,0.066180,-0.518963,1.909000,0.999900,0,-0.280891,-0.494836,1.963000,0.999800,0,0.293328,-0.429105,1.915000,0.914600,0,-0.546943,-0.480916,2.027000,0.926300,0,0.427445,-0.547790,1.778000,0.933000,0,-0.781064,-0.475312,2.046000,0.915500,0,0.044324,0.047267,1.915000,0.999100,0,-0.187999,0.063798,1.938000,0.999300,0
372,12.408863,1,0.066388,-0.520594,1.915000,0.999900,0,-0.280891,-0.494836,1.963000,0.999800,0,0.295013,-0.431570,1.926000,0.916000,0,-0.538243,-0.476171,2.007000,0.927000,0,0.423839,-0.543169,1.763000,0.934500,0,-0.782277,-0.480191,2.067000,0.916600,0,0.044463,0.047415,1.921000,0.999100,0,-0.191006,0.064818,1.969000,0.999300,0
373,12.442220,1,0.066180,-0.518963,1.909000,0.999900,0,-0.276811,-0.493324,1.957000,0.999800,0,0.294247,-0.430450,1.921000,0.913500,0,-0.541730,-0.479255,2.020000,0.922000,0,0.426243,-0.546250,1.773000,0.933700,0,-0.781512,-0.481817,2.074000,0.911300,0,0.044579,0.047538,1.926000,0.999100,0,-0.190424,0.064621,1.963000,0.999300,0
374,12.475578,1,0.066180,-0.518963,1.909000,0.999900,0,-0.279357,-0.497861,1.975000,0.999800,0,0.295013,-0.431570,1.926000,0.908300,0,-0.534940,-0.476171,2.007000,0.916100,0,0.423839,-0.543169,1.763000,0.930900,0,-0.785143,-0.484859,2.102000,0.905500,0,0.044579,0.047538,1.926000,0.999200,0,-0.190424,0.064621,1.963000,0.999400,0
375,12.508935,1,0.066596,-0.522225,1.921000,0.999900,0,-0.274972,-0.490047,1.944000,0.999800,0,0.290176,-0.429105,1.915000,0.903500,0,-0.528193,-0.473087,1.994000,0.912200,0,0.427445,-0.547790,1.778000,0.926800,0,-0.784287,-0.486474,2.109000,0.903000,0,0.044324,0.047267,1.915000,0.999200,0,-0.190424,0.061387,1.963000,0.999400,0
376,12.542292,1,0.066180,-0.518963,1.909000,0.999900,0,-0.276811,-0.493324,1.957000,0.999800,0,0.291843,-0.431570,1.926000,0.901900,0,-0.523331,-0.471663,1.988000,0.907700,0,0.426243,-0.546250,1.773000,0.926100,0,-0.783407,-0.488088,2.116000,0.899600,0,0.044324,0.044112,1.915000,0.999200,0,-0.187999,0.060605,1.938000,0.999400,0
377,12.575649,1,0.066596,-0.522225,1.921000,0.999900,0,-0.275963,-0.491811,1.951000,0.999800,0,0.293661,-0.434259,1.938000,0.902600,0,-0.520059,-0.471663,1.988000,0.908000,0,0.425041,-0.544709,1.768000,0.926600,0,-0.785085,-0.491317,2.130000,0.900700,0,0.044185,0.043974,1.909000,0.999200,0,-0.189260,0.061012,1.951000,0.999400,0
378,12.609007,1,0.066180,-0.518963,1.909000,0.999900,0,-0.270934,-0.488534,1.938000,0.999800,0,0.291843,-0.431570,1.926000,0.901600,0,-0.526599,-0.477594,2.013000,0.904300,0,0.426243,-0.546250,1.773000,0.926800,0,-0.781579,-0.487808,2.130000,0.897800,0,0.044463,0.044250,1.921000,0.999200,0,-0.191006,0.058331,1.969000,0.999400,0
379,12.642364,1,0.066596,-0.522225,1.921000,0.999900,0,-0.274429,-0.494836,1.963000,0.999800,0,0.290176,-0.429105,1.915000,0.906000,0,-0.538894,-0.488746,2.060000,0.907300,0,0.427445,-0.547790,1.778000,0.929600,0,-0.775516,-0.486205,2.123000,0.901000,0,0.044463,0.044250,1.921000,0.999300,0,-0.187417,0.060418,1.932000,0.999400,0
380,12.675721,1,0.066596,-0.522225,1.921000,0.999900,0,-0.274429,-0.494836,1.963000,0.999800,0,0.288357,-0.426416,1.903000,0.905500,0,-0.537323,-0.490406,2.067000,0.904800,0,0.425041,-0.544709,1.768000,0.930400,0,-0.777476,-0.489641,2.138000,0.900400,0,0.041409,0.041193,1.926000,0.999200,0,-0.192471,0.054584,1.951000,0.999400,0
381,12.709079,1,0.066388,-0.520594,1.915000,0.999900,0,-0.274429,-0.494836,1.963000,0.999800,0,0.291085,-0.430450,1.921000,0.904700,0,-0.535730,-0.492067,2.074000,0.904100,0,0.427445,-0.547790,1.778000,0.929400,0,-0.776491,-0.491244,2.145000,0.901100,0,0.041172,0.040957,1.915000,0.999300,0,-0.194839,0.055255,1.975000,0.999400,0
382,12.742436,1,0.066388,-0.520594,1.915000,0.999900,0,-0.267744,-0.488534,1.938000,0.999800,0,0.291085,-0.430450,1.921000,0.908300,0,-0.523589,-0.480916,2.027000,0.906800,0,0.423839,-0.543169,1.763000,0.931500,0,-0.779025,-0.489302,2.152000,0.903700,0,0.041172,0.040957,1.915000,0.999300,0,-0.192471,0.054584,1.951000,0.999400,0
383,12.775793,1,0.066596,-0.522225,1.921000,0.999900,0,-0.269540,-0.491811,1.951000,0.999800,0,0.292752,-0.432915,1.932000,0.909000,0,-0.520253,-0.480916,2.027000,0.906800,0,0.427445,-0.547790,1.778000,0.932400,0,-0.770438,-0.486118,2.138000,0.905900,0,0.041301,0.037921,1.921000,0.999300,0,-0.189842,0.054751,1.957000,0.999400,0
384,12.809151,1,0.066388,-0.520594,1.915000,0.999900,0,-0.271198,-0.494836,1.963000,0.999800,0,0.291843,-0.431570,1.926000,0.911900,0,-0.528902,-0.492067,2.074000,0.907900,0,0.425041,-0.544709,1.768000,0.934400,0,-0.772961,-0.487710,2.145000,0.906200,0,0.044463,0.037921,1.921000,0.999300,0,-0.190424,0.054919,1.963000,0.999400,0
385,12.842508,1,0.066180,-0.518963,1.909000,0.999900,0,-0.266329,-0.491811,1.951000,0.999800,0,0.291085,-0.433614,1.921000,0.913800,0,-0.513580,-0.480916,2.027000,0.907000,0,0.425041,-0.544709,1.768000,0.936500,0,-0.769430,-0.487710,2.145000,0.906500,0,0.044579,0.038020,1.926000,0.999300,0,-0.190424,0.054919,1.963000,0.999500,0
386,12.875865,1,0.066388,-0.520594,1.915000,0.999900,0,-0.265373,-0.490047,1.944000,0.999800,0,0.292752,-0.436097,1.932000,0.917100,0,-0.516874,-0.484000,2.040000,0.908700,0,0.425041,-0.544709,1.768000,0.938700,0,-0.774811,-0.491121,2.160000,0.906200,0,0.044463,0.037921,1.921000,0.999300,0,-0.190424,0.054919,1.963000,0.999500,0
387,12.909223,1,0.066596,-0.522225,1.921000,0.999900,0,-0.267967,-0.494836,1.963000,0.999800,0,0.293661,-0.437452,1.938000,0.920100,0,-0.520168,-0.487085,2.053000,0.910500,0,0.422131,-0.544709,1.768000,0.940500,0,-0.769430,-0.487710,2.145000,0.906100,0,0.044185,0.037684,1.909000,0.999300,0,-0.190424,0.054919,1.963000,0.999500,0
388,12.942580,1,0.066180,-0.518963,1.909000,0.999900,0,-0.269605,-0.497861,1.975000,0.999800,0,0.294247,-0.433614,1.921000,0.921400,0,-0.527262,-0.493728,2.081000,0.911500,0,0.422131,-0.544709,1.768000,0.940900,0,-0.771941,-0.489302,2.152000,0.907000,0,0.044463,0.037921,1.921000,0.999300,0,-0.188581,0.054388,1.944000,0.999500,0
389,12.975938,1,0.066977,-0.525215,1.932000,0.999900,0,-0.265373,-0.490047,1.944000,0.999800,0,0.294247,-0.433614,1.921000,0.921700,0,-0.513580,-0.480916,2.027000,0.912000,0,0.422131,-0.544709,1.768000,0.941400,0,-0.765900,-0.487710,2.145000,0.910100,0,0.044324,0.037802,1.915000,0.999300,0,-0.191588,0.055255,1.975000,0.999500,0
390,13.009295,1,0.066596,-0.522225,1.921000,0.999900,0,-0.267967,-0.494836,1.963000,0.999800,0,0.295932,-0.436097,1.932000,0.923200,0,-0.523715,-0.490406,2.067000,0.909800,0,0.422131,-0.544709,1.768000,0.943000,0,-0.765900,-0.487710,2.145000,0.907200,0,0.041172,0.037802,1.915000,0.999300,0,-0.190424,0.054919,1.963000,0.999500,0
391,13.042652,1,0.066769,-0.523584,1.926000,0.999900,0,-0.267967,-0.494836,1.963000,0.999800,0,0.290571,-0.428197,1.897000,0.926500,0,-0.518551,-0.488746,2.060000,0.911600,0,0.422131,-0.547622,1.768000,0.945400,0,-0.768399,-0.489302,2.152000,0.906000,0,0.041172,0.037802,1.915000,0.999300,0,-0.189260,0.054584,1.951000,0.999500,0
392,13.076010,1,0.066180,-0.518963,1.909000,0.999900,0,-0.268786,-0.499593,1.969000,0.999800,0,0.295013,-0.434743,1.926000,0.928500,0,-0.510244,-0.477577,2.027000,0.912200,0,0.422131,-0.547622,1.768000,0.947300,0,-0.771256,-0.491121,2.160000,0.906400,0,0.041409,0.038020,1.926000,0.999300,0,-0.188581,0.054388,1.944000,0.999500,0
393,13.109367,1,0.066180,-0.518963,1.909000,0.999900,0,-0.265545,-0.499593,1.969000,0.999800,0,0.293328,-0.432260,1.915000,0.926800,0,-0.515027,-0.482053,2.046000,0.908000,0,0.420937,-0.546073,1.763000,0.946400,0,-0.768399,-0.485756,2.152000,0.901800,0,0.041667,0.038256,1.938000,0.999400,0,-0.190424,0.051685,1.963000,0.999500,0
394,13.142724,1,0.066388,-0.520594,1.915000,0.999900,0,-0.265545,-0.499593,1.969000,0.999800,0,0.294247,-0.433614,1.921000,0.930000,0,-0.522075,-0.488650,2.074000,0.910500,0,0.422131,-0.547622,1.768000,0.948800,0,-0.768399,-0.485756,2.152000,0.902300,0,0.041667,0.038256,1.938000,0.999300,0,-0.187999,0.051027,1.938000,0.999500,0
395,13.176082,1,0.066180,-0.518963,1.909000,0.999900,0,-0.263118,-0.495026,1.951000,0.999800,0,0.291490,-0.429551,1.903000,0.931300,0,-0.518551,-0.485352,2.060000,0.911000,0,0.423325,-0.549171,1.773000,0.949500,0,-0.771256,-0.487562,2.160000,0.901900,0,0.041301,0.037921,1.921000,0.999300,0,-0.190424,0.051685,1.963000,0.999500,0
396,13.209439,1,0.066388,-0.520594,1.915000,0.999900,0,-0.265545,-0.499593,1.969000,0.999800,0,0.294247,-0.433614,1.921000,0.931800,0,-0.510159,-0.480640,2.040000,0.911500,0,0.420937,-0.546073,1.763000,0.949300,0,-0.767701,-0.487562,2.160000,0.901900,0,0.041409,0.038020,1.926000,0.999300,0,-0.191006,0.051843,1.969000,0.999500,0
397,13.242796,1,0.066596,-0.522225,1.921000,0.999900,0,-0.266355,-0.501115,1.975000,0.999800,0,0.291490,-0.429551,1.903000,0.931100,0,-0.506908,-0.477577,2.027000,0.909100,0,0.423325,-0.549171,1.773000,0.949100,0,-0.764857,-0.485756,2.152000,0.899200,0,0.041172,0.037802,1.915000,0.999400,0,-0.189260,0.051369,1.951000,0.999500,0
398,13.276154,1,0.066180,-0.518963,1.909000,0.999900,0,-0.264736,-0.498070,1.963000,0.999800,0,0.293328,-0.432260,1.915000,0.932800,0,-0.513410,-0.483703,2.053000,0.910800,0,0.420937,-0.546073,1.763000,0.950300,0,-0.767701,-0.487562,2.160000,0.900900,0,0.041301,0.037921,1.921000,0.999400,0,-0.191588,0.052001,1.975000,0.999500,0
399,13.309511,1,0.066596,-0.522225,1.921000,0.999900,0,-0.266355,-0.501115,1.975000,0.999800,0,0.295013,-0.434743,1.926000,0.934000,0,-0.516789,-0.483703,2.053000,0.911700,0,0.420937,-0.546073,1.763000,0.951800,0,-0.767701,-0.487562,2.160000,0.904100,0,0.041301,0.037921,1.921000,0.999400,0,-0.186049,0.051369,1.951000,0.999500,0
400,13.342868,1,0.066596,-0.522225,1.921000,0.999900,0,-0.263118,-0.495026,1.951000,0.999900,0,0.294247,-0.433614,1.921000,0.932000,0,-0.520313,-0.487001,2.067000,0.908600,0,0.419743,-0.544525,1.758000,0.950800,0,-0.767701,-0.487562,2.160000,0.900500,0,0.041301,0.037921,1.921000,0.999400,0,-0.187766,0.051843,1.969000,0.999500,0
401,13.376226,1,0.065972,-0.517332,1.903000,0.999900,0,-0.266355,-0.501115,1.975000,0.999900,0,0.291490,-0.429551,1.903000,0.927200,0,-0.513516,-0.480640,2.040000,0.904000,0,0.419743,-0.544525,1.758000,0.948000,0,-0.767701,-0.487562,2.160000,0.896100,0,0.041172,0.034648,1.915000,0.999400,0,-0.186621,0.051527,1.957000,0.999500,0
402,13.409583,1,0.066977,-0.525215,1.932000,0.999900,0,-0.265545,-0.499593,1.969000,0.999900,0,0.291490,-0.429551,1.903000,0.926600,0,-0.518661,-0.488650,2.074000,0.901400,0,0.423325,-0.549171,1.773000,0.948200,0,-0.767701,-0.487562,2.160000,0.892700,0,0.041409,0.034847,1.926000,0.999400,0,-0.186049,0.051369,1.951000,0.999500,0
403,13.442941,1,0.066388,-0.520594,1.915000,0.999900,0,-0.263927,-0.496548,1.957000,0.999900,0,0.292752,-0.436097,1.932000,0.924700,0,-0.515160,-0.485352,2.060000,0.897900,0,0.418035,-0.546073,1.763000,0.947400,0,-0.767701,-0.487562,2.160000,0.888200,0,0.041667,0.035064,1.938000,0.999400,0,-0.187766,0.051843,1.969000,0.999500,0
404,13.476299,1,0.066596,-0.522225,1.921000,0.999900,0,-0.264736,-0.498070,1.963000,0.999900,0,0.290176,-0.432260,1.915000,0.918500,0,-0.508408,-0.478990,2.033000,0.895600,0,0.418035,-0.543169,1.763000,0.942400,0,-0.770189,-0.489142,2.167000,0.887700,0,0.041172,0.034648,1.915000,0.999400,0,-0.187766,0.051843,1.969000,0.999500,0
405,13.509656,1,0.063599,-0.523584,1.926000,0.999900,0,-0.263927,-0.496548,1.957000,0.999900,0,0.289267,-0.430906,1.909000,0.918600,0,-0.515160,-0.485352,2.060000,0.893900,0,0.418035,-0.543169,1.763000,0.943700,0,-0.764857,-0.482211,2.152000,0.887900,0,0.041409,0.034847,1.926000,0.999400,0,-0.187193,0.051685,1.963000,0.999500,0
406,13.543014,1,0.063236,-0.520594,1.915000,0.999900,0,-0.263927,-0.496548,1.957000,0.999900,0,0.291085,-0.433614,1.921000,0.916600,0,-0.510159,-0.477279,2.040000,0.893300,0,0.420407,-0.546250,1.773000,0.942400,0,-0.762369,-0.480643,2.145000,0.888500,0,0.041409,0.034847,1.926000,0.999400,0,-0.187766,0.051843,1.969000,0.999500,0
407,13.576372,1,0.063236,-0.520594,1.915000,0.999900,0,-0.265545,-0.499593,1.969000,0.999900,0,0.290176,-0.432260,1.915000,0.915600,0,-0.516789,-0.480320,2.053000,0.893300,0,0.418035,-0.543169,1.763000,0.942100,0,-0.767701,-0.484004,2.160000,0.889800,0,0.041172,0.034648,1.915000,0.999400,0,-0.186621,0.051527,1.957000,0.999500,0
408,13.609729,1,0.063038,-0.518963,1.909000,0.999900,0,-0.261365,-0.491727,1.938000,0.999900,0,0.290176,-0.432260,1.915000,0.913700,0,-0.525599,-0.488509,2.088000,0.891600,0,0.415664,-0.540088,1.753000,0.940600,0,-0.764857,-0.482211,2.152000,0.888400,0,0.041409,0.034847,1.926000,0.999400,0,-0.187766,0.051843,1.969000,0.999500,0
409,13.643087,1,0.063599,-0.523584,1.926000,0.999900,0,-0.266355,-0.501115,1.975000,0.999900,0,0.290176,-0.432260,1.915000,0.912000,0,-0.503699,-0.468155,2.001000,0.890400,0,0.416850,-0.541628,1.758000,0.939800,0,-0.764857,-0.482211,2.152000,0.888500,0,0.041301,0.034756,1.921000,0.999400,0,-0.186621,0.051527,1.957000,0.999500,0
410,13.676445,1,0.063038,-0.518963,1.909000,0.999900,0,-0.264736,-0.498070,1.963000,0.999900,0,0.282677,-0.425714,1.886000,0.910400,0,-0.515027,-0.478683,2.046000,0.886900,0,0.415664,-0.540088,1.753000,0.939800,0,-0.767701,-0.484004,2.160000,0.885700,0,0.041667,0.035064,1.938000,0.999400,0,-0.189842,0.048303,1.957000,0.999500,0
411,13.709803,1,0.063797,-0.525215,1.932000,0.999900,0,-0.266329,-0.495026,1.951000,0.999900,0,0.286125,-0.430906,1.909000,0.908300,0,-0.511754,-0.475641,2.033000,0.886600,0,0.420407,-0.546250,1.773000,0.938400,0,-0.764857,-0.482211,2.152000,0.886000,0,0.041409,0.034847,1.926000,0.999400,0,-0.190424,0.048452,1.963000,0.999500,0
412,13.743160,1,0.063236,-0.520594,1.915000,0.999900,0,-0.267148,-0.496548,1.957000,0.999900,0,0.287923,-0.433614,1.921000,0.908900,0,-0.515027,-0.478683,2.046000,0.886500,0,0.421592,-0.547790,1.778000,0.939000,0,-0.764857,-0.482211,2.152000,0.888300,0,0.041667,0.035064,1.938000,0.999400,0,-0.190424,0.048452,1.963000,0.999500,0
413,13.776518,1,0.063797,-0.525215,1.932000,0.999900,0,-0.266329,-0.495026,1.951000,0.999900,0,0.288673,-0.434743,1.926000,0.907900,0,-0.522075,-0.485234,2.074000,0.887800,0,0.420407,-0.546250,1.773000,0.937200,0,-0.762369,-0.480643,2.145000,0.887600,0,0.041409,0.034847,1.926000,0.999400,0,-0.189842,0.048303,1.957000,0.999500,0
414,13.809876,1,0.063797,-0.525215,1.932000,0.999900,0,-0.268786,-0.499593,1.969000,0.999900,0,0.286125,-0.430906,1.909000,0.902900,0,-0.522075,-0.485234,2.074000,0.885400,0,0.419221,-0.544709,1.768000,0.933100,0,-0.764857,-0.482211,2.152000,0.886500,0,0.041301,0.034756,1.921000,0.999400,0,-0.189842,0.048303,1.957000,0.999500,0
415,13.843233,1,0.063797,-0.525215,1.932000,0.999900,0,-0.267967,-0.498070,1.963000,0.999900,0,0.288673,-0.434743,1.926000,0.903000,0,-0.522075,-0.485234,2.074000,0.886500,0,0.419221,-0.544709,1.768000,0.933400,0,-0.764857,-0.478666,2.152000,0.887500,0,0.041301,0.034756,1.921000,0.999400,0,-0.189260,0.048155,1.951000,0.999500,0
416,13.876591,1,0.063236,-0.520594,1.915000,0.999900,0,-0.267148,-0.496548,1.957000,0.999900,0,0.288673,-0.434743,1.926000,0.903100,0,-0.523837,-0.486871,2.081000,0.883200,0,0.420407,-0.546250,1.773000,0.934900,0,-0.764857,-0.478666,2.152000,0.883900,0,0.041409,0.034847,1.926000,0.999400,0,-0.189842,0.048303,1.957000,0.999500,0
417,13.909949,1,0.059896,-0.518963,1.909000,0.999900,0,-0.270561,-0.502891,1.982000,0.999900,0,0.286125,-0.430906,1.909000,0.903000,0,-0.516789,-0.480320,2.053000,0.882200,0,0.420407,-0.546250,1.773000,0.935700,0,-0.764857,-0.478666,2.152000,0.883400,0,0.041301,0.034756,1.921000,0.999400,0,-0.186049,0.048155,1.951000,0.999500,0
418,13.943307,1,0.060272,-0.522225,1.921000,0.999900,0,-0.267299,-0.502891,1.982000,0.999900,0,0.287923,-0.433614,1.921000,0.903100,0,-0.513516,-0.477279,2.040000,0.881600,0,0.418666,-0.547790,1.778000,0.936400,0,-0.762369,-0.477109,2.145000,0.883600,0,0.041301,0.034756,1.921000,0.999400,0,-0.187193,0.048452,1.963000,0.999500,0
419,13.976665,1,0.060805,-0.526846,1.938000,0.999900,0,-0.265545,-0.499593,1.969000,0.999900,0,0.286392,-0.436097,1.932000,0.902300,0,-0.516789,-0.480320,2.053000,0.878200,0,0.418666,-0.547790,1.778000,0.937100,0,-0.764857,-0.478666,2.152000,0.880900,0,0.041667,0.035064,1.938000,0.999400,0,-0.186049,0.048155,1.951000,0.999500,0
420,14.010022,1,0.060084,-0.520594,1.915000,0.999900,0,-0.268108,-0.504414,1.988000,0.999900,0,0.284761,-0.433614,1.921000,0.904700,0,-0.515027,-0.478683,2.046000,0.880400,0,0.417488,-0.546250,1.773000,0.939200,0,-0.762369,-0.477109,2.145000,0.882800,0,0.041301,0.034756,1.921000,0.999400,0,-0.188338,0.048748,1.975000,0.999500,0
421,14.043380,1,0.060272,-0.522225,1.921000,0.999900,0,-0.264736,-0.498070,1.963000,0.999900,0,0.284761,-0.433614,1.921000,0.904800,0,-0.520313,-0.483596,2.067000,0.879200,0,0.417488,-0.546250,1.773000,0.939400,0,-0.762369,-0.477109,2.145000,0.881700,0,0.041409,0.034847,1.926000,0.999400,0,-0.186049,0.048155,1.951000,0.999500,0
422,14.076738,1,0.059707,-0.517332,1.903000,0.999900,0,-0.267967,-0.498070,1.963000,0.999900,0,0.282093,-0.429551,1.903000,0.902500,0,-0.527262,-0.486871,2.081000,0.878700,0,0.418666,-0.547790,1.778000,0.936600,0,-0.763400,-0.475552,2.138000,0.880200,0,0.041538,0.034955,1.932000,0.999400,0,-0.187193,0.051685,1.963000,0.999500,0
423,14.110095,1,0.060272,-0.522225,1.921000,0.999900,0,-0.268786,-0.499593,1.969000,0.999900,0,0.286392,-0.436097,1.932000,0.903400,0,-0.518394,-0.478683,2.046000,0.880600,0,0.416311,-0.544709,1.768000,0.936800,0,-0.763400,-0.475552,2.138000,0.881000,0,0.041667,0.035064,1.938000,0.999400,0,-0.187193,0.051685,1.963000,0.999500,0
424,14.143453,1,0.060084,-0.520594,1.915000,0.999900,0,-0.267148,-0.496548,1.957000,0.999900,0,0.285503,-0.434743,1.926000,0.905000,0,-0.515100,-0.475641,2.033000,0.882300,0,0.416311,-0.544709,1.768000,0.937800,0,-0.765900,-0.477109,2.145000,0.882600,0,0.041409,0.034847,1.926000,0.999400,0,-0.190424,0.051685,1.963000,0.999500,0
425,14.176811,1,0.060272,-0.522225,1.921000,0.999900,0,-0.268786,-0.499593,1.969000,0.999900,0,0.285503,-0.434743,1.926000,0.908500,0,-0.516874,-0.477279,2.040000,0.887000,0,0.419843,-0.549331,1.783000,0.939600,0,-0.765900,-0.477109,2.145000,0.886000,0,0.041301,0.034756,1.921000,0.999400,0,-0.191006,0.051843,1.969000,0.999500,0
426,14.210169,1,0.060805,-0.526846,1.938000,0.999900,0,-0.269605,-0.501115,1.975000,0.999900,0,0.285503,-0.434743,1.926000,0.913000,0,-0.527262,-0.486871,2.081000,0.891300,0,0.417488,-0.546250,1.773000,0.942200,0,-0.768399,-0.478666,2.152000,0.890200,0,0.041301,0.034756,1.921000,0.999400,0,-0.188338,0.052001,1.975000,0.999500,0
427,14.243526,1,0.060272,-0.522225,1.921000,0.999900,0,-0.268786,-0.499593,1.969000,0.999900,0,0.285503,-0.434743,1.926000,0.914200,0,-0.520168,-0.480320,2.053000,0.893200,0,0.417488,-0.546250,1.773000,0.943000,0,-0.771941,-0.478666,2.152000,0.893500,0,0.041409,0.034847,1.926000,0.999400,0,-0.187193,0.051685,1.963000,0.999500,0
428,14.276884,1,0.059896,-0.518963,1.909000,0.999900,0,-0.266329,-0.495026,1.951000,0.999900,0,0.288673,-0.434743,1.926000,0.915800,0,-0.520168,-0.480320,2.053000,0.895700,0,0.418666,-0.547790,1.778000,0.943200,0,-0.769430,-0.477109,2.145000,0.894100,0,0.044579,0.038020,1.926000,0.999400,0,-0.187193,0.051685,1.963000,0.999500,0
429,14.310242,1,0.061402,-0.532012,1.957000,0.999900,0,-0.270561,-0.502891,1.982000,0.999900,0,0.288673,-0.434743,1.926000,0.916700,0,-0.527117,-0.483596,2.067000,0.895800,0,0.418666,-0.547790,1.778000,0.943700,0,-0.770438,-0.475552,2.138000,0.894600,0,0.044718,0.034955,1.932000,0.999400,0,-0.187193,0.051685,1.963000,0.999500,0
430,14.343600,1,0.059896,-0.518963,1.909000,0.999900,0,-0.266329,-0.495026,1.951000,0.999900,0,0.290471,-0.437452,1.938000,0.920500,0,-0.528902,-0.485234,2.074000,0.900300,0,0.419843,-0.549331,1.783000,0.945400,0,-0.767556,-0.473773,2.130000,0.896800,0,0.044579,0.034847,1.926000,0.999400,0,-0.186049,0.051369,1.951000,0.999500,0
431,14.376957,1,0.060429,-0.523584,1.926000,0.999900,0,-0.266329,-0.495026,1.951000,0.999900,0,0.289572,-0.436097,1.932000,0.921300,0,-0.523547,-0.480320,2.053000,0.902400,0,0.421020,-0.550871,1.788000,0.945300,0,-0.770438,-0.472030,2.138000,0.898600,0,0.044463,0.034756,1.921000,0.999400,0,-0.186049,0.051369,1.951000,0.999500,0
432,14.410314,1,0.060272,-0.522225,1.921000,0.999900,0,-0.268786,-0.496349,1.969000,0.999900,0,0.287923,-0.433614,1.921000,0.923100,0,-0.525332,-0.481958,2.060000,0.903600,0,0.419843,-0.549331,1.783000,0.946300,0,-0.773957,-0.472030,2.138000,0.899500,0,0.044463,0.034756,1.921000,0.999400,0,-0.187193,0.051685,1.963000,0.999500,0
433,14.443672,1,0.060084,-0.520594,1.915000,0.999900,0,-0.269605,-0.497861,1.975000,0.999900,0,0.287281,-0.437452,1.938000,0.921300,0,-0.513346,-0.470962,2.013000,0.903200,0,0.418666,-0.547790,1.778000,0.945700,0,-0.771061,-0.470264,2.130000,0.898500,0,0.044324,0.034648,1.915000,0.999400,0,-0.187766,0.051843,1.969000,0.999500,0
434,14.477029,1,0.060272,-0.522225,1.921000,0.999900,0,-0.272856,-0.497861,1.975000,0.999900,0,0.287281,-0.437452,1.938000,0.915300,0,-0.518456,-0.472600,2.020000,0.903300,0,0.419843,-0.549331,1.783000,0.940300,0,-0.774567,-0.470264,2.130000,0.898300,0,0.044046,0.034431,1.903000,0.999400,0,-0.190424,0.051685,1.963000,0.999500,0
435,14.510386,1,0.060429,-0.523584,1.926000,0.999900,0,-0.271198,-0.494836,1.963000,0.999900,0,0.289208,-0.440386,1.951000,0.911700,0,-0.526926,-0.480320,2.053000,0.903500,0,0.419843,-0.549331,1.783000,0.937100,0,-0.774567,-0.473773,2.130000,0.897600,0,0.044718,0.034955,1.932000,0.999300,0,-0.190424,0.048452,1.963000,0.999500,0
436,14.543744,1,0.060272,-0.522225,1.921000,0.999900,0,-0.271198,-0.498070,1.963000,0.999900,0,0.286392,-0.436097,1.932000,0.909800,0,-0.521793,-0.475641,2.033000,0.903100,0,0.421020,-0.550871,1.788000,0.935500,0,-0.775516,-0.472216,2.123000,0.895700,0,0.044324,0.034648,1.915000,0.999300,0,-0.191588,0.048748,1.975000,0.999500,0
437,14.577101,1,0.060272,-0.522225,1.921000,0.999900,0,-0.270369,-0.496548,1.957000,0.999900,0,0.289208,-0.440386,1.951000,0.911200,0,-0.521781,-0.472600,2.020000,0.906200,0,0.418666,-0.547790,1.778000,0.934800,0,-0.779010,-0.472216,2.123000,0.896300,0,0.044718,0.034955,1.932000,0.999300,0,-0.190424,0.051685,1.963000,0.999500,0
438,14.610458,1,0.060429,-0.523584,1.926000,0.999900,0,-0.271773,-0.493249,1.944000,0.999900,0,0.287281,-0.437452,1.938000,0.914100,0,-0.532113,-0.481958,2.060000,0.908700,0,0.421020,-0.550871,1.788000,0.936300,0,-0.773873,-0.469102,2.109000,0.896300,0,0.044463,0.034756,1.921000,0.999300,0,-0.191006,0.051843,1.969000,0.999500,0
439,14.643816,1,0.059896,-0.518963,1.909000,0.999900,0,-0.271773,-0.493249,1.944000,0.999800,0,0.284761,-0.433614,1.921000,0.917800,0,-0.519973,-0.470962,2.013000,0.910800,0,0.419843,-0.549331,1.783000,0.938900,0,-0.779925,-0.470659,2.116000,0.895200,0,0.044579,0.034847,1.926000,0.999300,0,-0.191588,0.052001,1.975000,0.999500,0
440,14.677173,1,0.060272,-0.522225,1.921000,0.999900,0,-0.273590,-0.496548,1.957000,0.999800,0,0.286392,-0.436097,1.932000,0.919100,0,-0.516873,-0.471451,2.001000,0.911000,0,0.419843,-0.549331,1.783000,0.939500,0,-0.780816,-0.469102,2.109000,0.895700,0,0.044463,0.034756,1.921000,0.999300,0,-0.189260,0.051369,1.951000,0.999500,0
441,14.710531,1,0.060272,-0.522225,1.921000,0.999900,0,-0.276107,-0.501115,1.975000,0.999800,0,0.287281,-0.437452,1.938000,0.920700,0,-0.528485,-0.478990,2.033000,0.911200,0,0.420649,-0.554260,1.799000,0.940800,0,-0.778224,-0.471007,2.102000,0.895500,0,0.044324,0.034648,1.915000,0.999300,0,-0.191006,0.051843,1.969000,0.999400,0
442,14.743888,1,0.060805,-0.526846,1.938000,0.999900,0,-0.273590,-0.496548,1.957000,0.999800,0,0.288171,-0.438806,1.944000,0.924300,0,-0.525106,-0.475927,2.020000,0.914200,0,0.420649,-0.554260,1.799000,0.943300,0,-0.779081,-0.469439,2.095000,0.898100,0,0.044324,0.037802,1.915000,0.999300,0,-0.190424,0.054919,1.963000,0.999400,0
443,14.777245,1,0.060272,-0.522225,1.921000,0.999900,0,-0.273590,-0.496548,1.957000,0.999800,0,0.285503,-0.434743,1.926000,0.924000,0,-0.520167,-0.471451,2.001000,0.911800,0,0.419480,-0.552720,1.794000,0.944100,0,-0.766841,-0.463410,2.053000,0.897200,0,0.044324,0.037802,1.915000,0.999300,0,-0.189260,0.054584,1.951000,0.999400,0
444,14.810603,1,0.060272,-0.522225,1.921000,0.999900,0,-0.274429,-0.498070,1.963000,0.999800,0,0.287281,-0.437452,1.938000,0.926200,0,-0.521629,-0.469802,1.994000,0.915400,0,0.420649,-0.554260,1.799000,0.945300,0,-0.780725,-0.473158,2.081000,0.901400,0,0.044579,0.038020,1.926000,0.999300,0,-0.188581,0.054388,1.944000,0.999400,0
445,14.843960,1,0.060429,-0.523584,1.926000,0.999900,0,-0.274429,-0.498070,1.963000,0.999800,0,0.288171,-0.438806,1.944000,0.926200,0,-0.520059,-0.468388,1.988000,0.914900,0,0.422988,-0.557341,1.809000,0.945900,0,-0.766063,-0.462245,2.033000,0.902000,0,0.044579,0.038020,1.926000,0.999300,0,-0.191006,0.055087,1.969000,0.999400,0
446,14.877317,1,0.060805,-0.526846,1.938000,0.999900,0,-0.274429,-0.498070,1.963000,0.999800,0,0.292420,-0.440386,1.951000,0.928100,0,-0.528333,-0.472865,2.007000,0.918000,0,0.424157,-0.558882,1.814000,0.947100,0,-0.772058,-0.463836,2.040000,0.904900,0,0.044324,0.037802,1.915000,0.999300,0,-0.189260,0.054584,1.951000,0.999400,0
447,14.910675,1,0.060429,-0.523584,1.926000,0.999900,0,-0.272751,-0.495026,1.951000,0.999800,0,0.292420,-0.440386,1.951000,0.928200,0,-0.519909,-0.465325,1.975000,0.919700,0,0.419480,-0.552720,1.794000,0.948100,0,-0.777147,-0.464220,2.027000,0.908200,0,0.041409,0.038020,1.926000,0.999300,0,-0.194247,0.055087,1.969000,0.999400,0
448,14.944032,1,0.060617,-0.525215,1.932000,0.999900,0,-0.273590,-0.496548,1.957000,0.999800,0,0.291370,-0.438806,1.944000,0.929100,0,-0.525014,-0.466974,1.982000,0.923600,0,0.422988,-0.557341,1.809000,0.947700,0,-0.770472,-0.458265,2.001000,0.912800,0,0.044856,0.038256,1.938000,0.999300,0,-0.189842,0.054751,1.957000,0.999400,0
449,14.977390,1,0.060084,-0.520594,1.915000,0.999900,0,-0.273590,-0.496548,1.957000,0.999800,0,0.291370,-0.438806,1.944000,0.926300,0,-0.511770,-0.455194,1.932000,0.923400,0,0.424157,-0.558882,1.814000,0.946200,0,-0.768739,-0.455288,1.988000,0.914100,0,0.041301,0.037921,1.921000,0.999300,0,-0.194247,0.055087,1.969000,0.999400,0
450,15.010747,1,0.064424,-0.530381,1.951000,0.999900,0,-0.272751,-0.495026,1.951000,0.999800,0,0.291370,-0.438806,1.944000,0.925000,0,-0.513350,-0.453780,1.926000,0.926100,0,0.425965,-0.557341,1.809000,0.943500,0,-0.763712,-0.452311,1.975000,0.917300,0,0.044579,0.041193,1.926000,0.999200,0,-0.190424,0.058153,1.963000,0.999400,0
451,15.044104,1,0.063797,-0.525215,1.932000,0.999900,0,-0.271773,-0.493249,1.944000,0.999800,0,0.293319,-0.441740,1.957000,0.927600,0,-0.520014,-0.459671,1.951000,0.928000,0,0.424788,-0.555801,1.804000,0.945800,0,-0.764632,-0.450937,1.969000,0.919500,0,0.044579,0.041193,1.926000,0.999200,0,-0.193655,0.058153,1.963000,0.999400,0
452,15.077462,1,0.063434,-0.522225,1.921000,0.999900,0,-0.272751,-0.495026,1.951000,0.999800,0,0.291370,-0.438806,1.944000,0.925300,0,-0.531539,-0.466974,1.982000,0.930000,0,0.428555,-0.560730,1.820000,0.942900,0,-0.763193,-0.448188,1.957000,0.921300,0,0.044324,0.040957,1.915000,0.999200,0,-0.194839,0.058509,1.975000,0.999400,0
453,15.110819,1,0.063236,-0.520594,1.915000,0.999900,0,-0.274972,-0.493249,1.944000,0.999800,0,0.288171,-0.438806,1.944000,0.926300,0,-0.521348,-0.458021,1.944000,0.932200,0,0.427143,-0.558882,1.814000,0.943300,0,-0.764065,-0.446814,1.951000,0.923700,0,0.044718,0.041321,1.932000,0.999200,0,-0.194839,0.058509,1.975000,0.999400,0
454,15.144176,1,0.063995,-0.526846,1.938000,0.999900,0,-0.275963,-0.495026,1.951000,0.999800,0,0.290098,-0.441740,1.957000,0.928300,0,-0.518341,-0.452602,1.921000,0.935100,0,0.429733,-0.559264,1.825000,0.944400,0,-0.767276,-0.446814,1.951000,0.926000,0,0.044579,0.041193,1.926000,0.999200,0,-0.194839,0.061762,1.975000,0.999400,0
455,15.177534,1,0.063797,-0.525215,1.932000,0.999900,0,-0.277660,-0.498070,1.963000,0.999800,0,0.289208,-0.440386,1.951000,0.926000,0,-0.521503,-0.452602,1.921000,0.934000,0,0.424788,-0.552829,1.804000,0.943000,0,-0.765353,-0.443837,1.938000,0.924800,0,0.044718,0.041321,1.932000,0.999200,0,-0.192471,0.061012,1.951000,0.999400,0
456,15.210891,1,0.063995,-0.526846,1.938000,0.999900,0,-0.274972,-0.493249,1.944000,0.999800,0,0.288171,-0.438806,1.944000,0.923100,0,-0.519874,-0.451189,1.915000,0.935400,0,0.427143,-0.555893,1.814000,0.941100,0,-0.768543,-0.443837,1.938000,0.926900,0,0.044579,0.041193,1.926000,0.999200,0,-0.192471,0.061012,1.951000,0.999400,0
457,15.244249,1,0.062443,-0.514069,1.891000,0.999900,0,-0.275963,-0.495026,1.951000,0.999800,0,0.288171,-0.438806,1.944000,0.924100,0,-0.537775,-0.463912,1.969000,0.937300,0,0.428555,-0.557732,1.820000,0.941600,0,-0.768125,-0.439944,1.921000,0.928300,0,0.044324,0.044112,1.915000,0.999100,0,-0.195530,0.061981,1.982000,0.999400,0
458,15.277606,1,0.063236,-0.520594,1.915000,0.999900,0,-0.275963,-0.495026,1.951000,0.999800,0,0.290098,-0.441740,1.957000,0.923100,0,-0.529201,-0.453780,1.926000,0.936700,0,0.427143,-0.555893,1.814000,0.940200,0,-0.763327,-0.440340,1.909000,0.927200,0,0.044995,0.044780,1.944000,0.999100,0,-0.194839,0.061762,1.975000,0.999300,0
459,15.310963,1,0.063599,-0.523584,1.926000,0.999900,0,-0.279174,-0.495026,1.951000,0.999800,0,0.290987,-0.443095,1.963000,0.915700,0,-0.529201,-0.453780,1.926000,0.934100,0,0.427143,-0.555893,1.814000,0.934000,0,-0.764060,-0.438956,1.903000,0.924300,0,0.044579,0.044365,1.926000,0.999100,0,-0.193655,0.061387,1.963000,0.999300,0
460,15.344321,1,0.063995,-0.526846,1.938000,0.999900,0,-0.279174,-0.495026,1.951000,0.999800,0,0.289208,-0.440386,1.951000,0.913800,0,-0.527672,-0.449775,1.909000,0.932200,0,0.427143,-0.555893,1.814000,0.933700,0,-0.764773,-0.440698,1.897000,0.923800,0,0.044718,0.041321,1.932000,0.999100,0,-0.194247,0.061575,1.969000,0.999300,0
461,15.377678,1,0.063236,-0.520594,1.915000,0.999900,0,-0.277314,-0.491727,1.938000,0.999800,0,0.290987,-0.443095,1.963000,0.911800,0,-0.519656,-0.442942,1.880000,0.933400,0,0.428555,-0.557732,1.820000,0.929200,0,-0.760339,-0.438142,1.886000,0.923400,0,0.044579,0.041193,1.926000,0.999100,0,-0.197488,0.061575,1.969000,0.999300,0
462,15.411035,1,0.063434,-0.522225,1.921000,0.999900,0,-0.277314,-0.491727,1.938000,0.999800,0,0.291877,-0.444449,1.969000,0.907900,0,-0.524355,-0.446948,1.897000,0.932700,0,0.427143,-0.552905,1.814000,0.927100,0,-0.754132,-0.438937,1.863000,0.924000,0,0.044324,0.044112,1.915000,0.999100,0,-0.197488,0.061575,1.969000,0.999300,0
463,15.444393,1,0.063599,-0.523584,1.926000,0.999900,0,-0.278172,-0.490047,1.944000,0.999800,0,0.290098,-0.441740,1.957000,0.907400,0,-0.527477,-0.446948,1.897000,0.934300,0,0.425965,-0.551381,1.809000,0.926700,0,-0.749680,-0.436345,1.852000,0.927400,0,0.044579,0.044365,1.926000,0.999100,0,-0.192471,0.064226,1.951000,0.999300,0
464,15.477750,1,0.063599,-0.523584,1.926000,0.999900,0,-0.280503,-0.488534,1.938000,0.999800,0,0.290987,-0.443095,1.963000,0.906000,0,-0.521082,-0.441529,1.874000,0.936600,0,0.427143,-0.552905,1.814000,0.923600,0,-0.755167,-0.440820,1.858000,0.930200,0,0.044324,0.044112,1.915000,0.999100,0,-0.192471,0.064226,1.951000,0.999300,0
465,15.511107,1,0.063434,-0.522225,1.921000,0.999900,0,-0.280503,-0.488534,1.938000,0.999800,0,0.289208,-0.440386,1.951000,0.904600,0,-0.527523,-0.444356,1.886000,0.937700,0,0.428555,-0.554734,1.820000,0.923900,0,-0.753736,-0.438210,1.847000,0.933400,0,0.044463,0.044250,1.921000,0.999100,0,-0.194247,0.064818,1.969000,0.999300,0
466,15.544465,1,0.063434,-0.522225,1.921000,0.999900,0,-0.281372,-0.490047,1.944000,0.999800,0,0.289208,-0.440386,1.951000,0.904600,0,-0.521089,-0.438937,1.863000,0.939900,0,0.425965,-0.551381,1.809000,0.922100,0,-0.751287,-0.436787,1.841000,0.935400,0,0.044579,0.047538,1.926000,0.999100,0,-0.193063,0.067647,1.957000,0.999300,0
467,15.577822,1,0.060429,-0.523584,1.926000,0.999900,0,-0.281372,-0.490047,1.944000,0.999800,0,0.288171,-0.438806,1.944000,0.904500,0,-0.527523,-0.444356,1.886000,0.941300,0,0.425965,-0.551381,1.809000,0.922000,0,-0.749247,-0.435600,1.836000,0.937300,0,0.044579,0.047538,1.926000,0.999000,0,-0.192471,0.067440,1.951000,0.999300,0
468,15.611179,1,0.061590,-0.533643,1.963000,0.999900,0,-0.280503,-0.488534,1.938000,0.999800,0,0.289208,-0.440386,1.951000,0.904600,0,-0.528921,-0.448649,1.891000,0.942200,0,0.427143,-0.552905,1.814000,0.922600,0,-0.749247,-0.438625,1.836000,0.938800,0,0.044463,0.047415,1.921000,0.999000,0,-0.196122,0.068719,1.988000,0.999300,0
469,15.644537,1,0.059896,-0.518963,1.909000,0.999900,0,-0.281372,-0.490047,1.944000,0.999800,0,0.291877,-0.444449,1.969000,0.904300,0,-0.530599,-0.450073,1.897000,0.943100,0,0.425965,-0.551381,1.809000,0.922700,0,-0.747762,-0.435997,1.825000,0.940700,0,0.044856,0.047834,1.938000,0.999000,0,-0.194247,0.068062,1.969000,0.999300,0
470,15.677894,1,0.060617,-0.525215,1.932000,0.999900,0,-0.282385,-0.491811,1.951000,0.999800,0,0.289208,-0.440386,1.951000,0.906200,0,-0.522768,-0.443430,1.869000,0.944000,0,0.427143,-0.552905,1.814000,0.924400,0,-0.741206,-0.432175,1.809000,0.941400,0,0.044324,0.047267,1.915000,0.999000,0,-0.193655,0.067855,1.963000,0.999300,0
471,15.711251,1,0.060805,-0.526846,1.938000,0.999900,0,-0.279635,-0.487022,1.932000,0.999800,0,0.290098,-0.441740,1.957000,0.906200,0,-0.532033,-0.448649,1.891000,0.945100,0,0.427143,-0.552905,1.814000,0.924800,0,-0.754317,-0.439819,1.841000,0.943600,0,0.044579,0.047538,1.926000,0.999000,0,-0.191189,0.066991,1.938000,0.999300,0
472,15.744609,1,0.060084,-0.520594,1.915000,0.999900,0,-0.279635,-0.487022,1.932000,0.999800,0,0.290098,-0.441740,1.957000,0.907100,0,-0.533722,-0.450073,1.897000,0.944400,0,0.424788,-0.552829,1.804000,0.926100,0,-0.752269,-0.438625,1.836000,0.943800,0,0.047625,0.047415,1.921000,0.999000,0,-0.194247,0.068062,1.969000,0.999300,0
473,15.777966,1,0.060429,-0.523584,1.926000,0.999900,0,-0.280503,-0.488534,1.938000,0.999800,0,0.290098,-0.441740,1.957000,0.905600,0,-0.533722,-0.450073,1.897000,0.944600,0,0.427143,-0.555893,1.814000,0.924000,0,-0.756776,-0.441253,1.847000,0.943800,0,0.047625,0.047415,1.921000,0.999000,0,-0.193655,0.067855,1.963000,0.999300,0
474,15.811323,1,0.060272,-0.522225,1.921000,0.999900,0,-0.281372,-0.490047,1.944000,0.999800,0,0.290098,-0.441740,1.957000,0.905100,0,-0.530627,-0.447463,1.886000,0.945400,0,0.427143,-0.555893,1.814000,0.923000,0,-0.749810,-0.437192,1.830000,0.944700,0,0.047625,0.047415,1.921000,0.999000,0,-0.194839,0.068270,1.975000,0.999300,0
475,15.844681,1,0.060617,-0.525215,1.932000,0.999900,0,-0.279635,-0.487022,1.932000,0.999800,0,0.288171,-0.438806,1.944000,0.902200,0,-0.532033,-0.448649,1.891000,0.945100,0,0.428555,-0.557732,1.820000,0.919600,0,-0.747762,-0.435997,1.825000,0.944600,0,0.047625,0.047415,1.921000,0.999000,0,-0.194247,0.068062,1.969000,0.999300,0
476,15.878038,1,0.060429,-0.523584,1.926000,0.999900,0,-0.283693,-0.488534,1.938000,0.999800,0,0.289208,-0.440386,1.951000,0.902000,0,-0.528939,-0.446040,1.880000,0.945500,0,0.427143,-0.555893,1.814000,0.919400,0,-0.749810,-0.437192,1.830000,0.945200,0,0.047476,0.047267,1.915000,0.999000,0,-0.194247,0.068062,1.969000,0.999300,0
477,15.911395,1,0.060617,-0.525215,1.932000,0.999900,0,-0.283693,-0.488534,1.938000,0.999800,0,0.288171,-0.438806,1.944000,0.900700,0,-0.532033,-0.448649,1.891000,0.945700,0,0.424788,-0.549857,1.804000,0.918400,0,-0.752269,-0.438625,1.836000,0.945200,0,0.047897,0.047686,1.932000,0.999000,0,-0.193655,0.067855,1.963000,0.999300,0
478,15.944753,1,0.060805,-0.526846,1.938000,0.999900,0,-0.284571,-0.490047,1.944000,0.999800,0,0.289208,-0.440386,1.951000,0.900700,0,-0.524156,-0.442006,1.863000,0.947700,0,0.427143,-0.552905,1.814000,0.916800,0,-0.752269,-0.438625,1.836000,0.946800,0,0.047897,0.050869,1.932000,0.999000,0,-0.193063,0.070871,1.957000,0.999300,0
479,15.978110,1,0.060617,-0.525215,1.932000,0.999900,0,-0.283693,-0.488534,1.938000,0.999800,0,0.287281,-0.437452,1.938000,0.902200,0,-0.533722,-0.450073,1.897000,0.948200,0,0.429733,-0.556258,1.825000,0.918600,0,-0.752269,-0.438625,1.836000,0.947200,0,0.047749,0.050711,1.926000,0.999000,0,-0.193063,0.070871,1.957000,0.999300,0
480,16.011468,1,0.060429,-0.523584,1.926000,0.999900,0,-0.283693,-0.488534,1.938000,0.999800,0,0.289208,-0.440386,1.951000,0.902000,0,-0.530627,-0.447463,1.886000,0.948200,0,0.427143,-0.552905,1.814000,0.919300,0,-0.752269,-0.441650,1.836000,0.947900,0,0.047749,0.050711,1.926000,0.999000,0,-0.191189,0.070183,1.938000,0.999300,0
481,16.044825,1,0.060429,-0.523584,1.926000,0.999900,0,-0.283693,-0.488534,1.938000,0.999800,0,0.289208,-0.440386,1.951000,0.904900,0,-0.527251,-0.444616,1.874000,0.949500,0,0.428555,-0.554734,1.820000,0.920600,0,-0.756776,-0.444296,1.847000,0.947700,0,0.048195,0.051185,1.944000,0.999000,0,-0.191189,0.070183,1.938000,0.999300,0
482,16.078182,1,0.060617,-0.525215,1.932000,0.999900,0,-0.282815,-0.487022,1.932000,0.999800,0,0.289208,-0.440386,1.951000,0.904300,0,-0.528939,-0.442942,1.880000,0.948900,0,0.428555,-0.554734,1.820000,0.919900,0,-0.752269,-0.441650,1.836000,0.946500,0,0.047625,0.050580,1.921000,0.999000,0,-0.194839,0.071523,1.975000,0.999300,0
483,16.111540,1,0.061213,-0.530381,1.951000,0.999900,0,-0.283693,-0.488534,1.938000,0.999800,0,0.289208,-0.440386,1.951000,0.903200,0,-0.527251,-0.441529,1.874000,0.949200,0,0.428555,-0.554734,1.820000,0.917100,0,-0.745713,-0.440799,1.820000,0.946600,0,0.047897,0.050869,1.932000,0.999000,0,-0.194247,0.071306,1.969000,0.999300,0
484,16.144897,1,0.060994,-0.528478,1.944000,0.999900,0,-0.284571,-0.490047,1.944000,0.999800,0,0.288171,-0.438806,1.944000,0.903100,0,-0.538786,-0.451189,1.915000,0.949100,0,0.427143,-0.552905,1.814000,0.916300,0,-0.751287,-0.448918,1.841000,0.946100,0,0.047625,0.050580,1.921000,0.999000,0,-0.191189,0.070183,1.938000,0.999300,0
485,16.178254,1,0.060617,-0.525215,1.932000,0.999900,0,-0.283693,-0.485342,1.938000,0.999800,0,0.287281,-0.437452,1.938000,0.902400,0,-0.530627,-0.444356,1.886000,0.947800,0,0.427143,-0.555893,1.814000,0.916400,0,-0.751287,-0.451951,1.841000,0.945500,0,0.047749,0.050711,1.926000,0.999000,0,-0.190005,0.069749,1.926000,0.999300,0
486,16.211612,1,0.060617,-0.525215,1.932000,0.999900,0,-0.281937,-0.482337,1.926000,0.999800,0,0.288171,-0.438806,1.944000,0.902100,0,-0.532033,-0.445534,1.891000,0.947000,0,0.425965,-0.554361,1.809000,0.916400,0,-0.752728,-0.457702,1.852000,0.944600,0,0.047897,0.050869,1.932000,0.999000,0,-0.193063,0.074095,1.957000,0.999300,0
487,16.244969,1,0.060429,-0.523584,1.926000,0.999900,0,-0.283693,-0.485342,1.938000,0.999800,0,0.290098,-0.441740,1.957000,0.903100,0,-0.538786,-0.451189,1.915000,0.946600,0,0.427143,-0.555893,1.814000,0.917200,0,-0.750696,-0.459509,1.847000,0.943100,0,0.047327,0.050264,1.909000,0.999000,0,-0.193655,0.074322,1.963000,0.999300,0
488,16.278326,1,0.060272,-0.519060,1.921000,0.999900,0,-0.283693,-0.485342,1.938000,0.999800,0,0.287281,-0.437452,1.938000,0.900300,0,-0.532033,-0.442419,1.891000,0.947100,0,0.425965,-0.554361,1.809000,0.911500,0,-0.749680,-0.466855,1.852000,0.943200,0,0.047476,0.050422,1.915000,0.999000,0,-0.193655,0.074322,1.963000,0.999300,0
489,16.311684,1,0.060805,-0.523654,1.938000,0.999900,0,-0.282815,-0.483839,1.932000,0.999800,0,0.288171,-0.438806,1.944000,0.900800,0,-0.541881,-0.450608,1.926000,0.947000,0,0.427143,-0.555893,1.814000,0.911500,0,-0.745227,-0.467115,1.841000,0.943300,0,0.047897,0.054052,1.932000,0.999000,0,-0.194839,0.078030,1.975000,0.999300,0
490,16.345041,1,0.059896,-0.515818,1.909000,0.999900,0,-0.279635,-0.483839,1.932000,0.999800,0,0.290098,-0.441740,1.957000,0.903100,0,-0.543569,-0.448828,1.932000,0.947400,0,0.424788,-0.552829,1.804000,0.914700,0,-0.740181,-0.471896,1.836000,0.944200,0,0.047749,0.053884,1.926000,0.999000,0,-0.191781,0.073603,1.944000,0.999300,0
491,16.378398,1,0.060272,-0.519060,1.921000,0.999900,0,-0.279635,-0.483839,1.932000,0.999800,0,0.290987,-0.446329,1.963000,0.902900,0,-0.528921,-0.439304,1.891000,0.949000,0,0.428555,-0.557732,1.820000,0.912400,0,-0.740181,-0.477945,1.836000,0.945000,0,0.047749,0.053884,1.926000,0.999000,0,-0.188581,0.073603,1.944000,0.999300,0
492,16.411755,1,0.060272,-0.519060,1.921000,0.999900,0,-0.279635,-0.483839,1.932000,0.999800,0,0.289208,-0.443600,1.951000,0.902300,0,-0.540389,-0.448828,1.932000,0.949800,0,0.427143,-0.555893,1.814000,0.911700,0,-0.739167,-0.485313,1.841000,0.946400,0,0.047897,0.054052,1.932000,0.999000,0,-0.189842,0.074095,1.957000,0.999300,0
493,16.445113,1,0.060429,-0.520411,1.926000,0.999900,0,-0.279635,-0.483839,1.932000,0.999800,0,0.289208,-0.440386,1.951000,0.897400,0,-0.535541,-0.444262,1.926000,0.950500,0,0.424788,-0.552829,1.804000,0.906400,0,-0.734137,-0.487019,1.836000,0.948200,0,0.048046,0.054220,1.938000,0.999000,0,-0.189260,0.073868,1.951000,0.999300,0
494,16.478470,1,0.060272,-0.519060,1.921000,0.999900,0,-0.280503,-0.485342,1.938000,0.999800,0,0.289208,-0.440386,1.951000,0.897000,0,-0.537209,-0.445646,1.932000,0.951200,0,0.427143,-0.555893,1.814000,0.907200,0,-0.737487,-0.500416,1.852000,0.949800,0,0.047897,0.054052,1.932000,0.998900,0,-0.189260,0.073868,1.951000,0.999200,0
495,16.511827,1,0.060084,-0.517439,1.915000,0.999900,0,-0.280503,-0.485342,1.938000,0.999800,0,0.289208,-0.440386,1.951000,0.895200,0,-0.538877,-0.447030,1.938000,0.951300,0,0.427143,-0.555893,1.814000,0.905500,0,-0.725714,-0.497487,1.830000,0.950900,0,0.047625,0.053744,1.921000,0.998900,0,-0.188581,0.073603,1.944000,0.999200,0
496,16.545184,1,0.060617,-0.522033,1.932000,0.999800,0,-0.279635,-0.480656,1.932000,0.999700,0,0.290098,-0.441740,1.957000,0.886800,0,-0.535688,-0.447030,1.938000,0.951000,0,0.427143,-0.555893,1.814000,0.894800,0,-0.724016,-0.506543,1.841000,0.951900,0,0.047476,0.053576,1.915000,0.998900,0,-0.188581,0.073603,1.944000,0.999200,0
497,16.578542,1,0.060272,-0.519060,1.921000,0.999800,0,-0.281372,-0.483642,1.944000,0.999700,0,0.292420,-0.440386,1.951000,0.884400,0,-0.532371,-0.441089,1.926000,0.951000,0,0.425965,-0.554361,1.809000,0.892400,0,-0.717724,-0.505147,1.825000,0.951900,0,0.050919,0.053884,1.926000,0.998900,0,-0.189260,0.073868,1.951000,0.999200,0
498,16.611899,1,0.061213,-0.527166,1.951000,0.999800,0,-0.281372,-0.483642,1.944000,0.999700,0,0.291370,-0.438806,1.944000,0.884900,0,-0.534029,-0.439280,1.932000,0.950200,0,0.425965,-0.554361,1.809000,0.894200,0,-0.713666,-0.512560,1.830000,0.952300,0,0.050787,0.053744,1.921000,0.998900,0,-0.190424,0.074322,1.963000,0.999200,0
499,16.645256,1,0.060429,-0.523584,1.926000,0.999800,0,-0.281372,-0.483642,1.944000,0.999700,0,0.288171,-0.438806,1.944000,0.884000,0,-0.534146,-0.442009,1.944000,0.950400,0,0.424788,-0.552829,1.804000,0.894300,0,-0.710654,-0.518590,1.830000,0.953900,0,0.050919,0.053884,1.926000,0.998900,0,-0.191588,0.074777,1.975000,0.999200,0
500,16.678613,1,0.059707,-0.517332,1.903000,0.999800,0,-0.280503,-0.482149,1.938000,0.999700,0,0.290471,-0.437452,1.938000,0.885400,0,-0.537718,-0.444964,1.957000,0.950900,0,0.425965,-0.554361,1.809000,0.896700,0,-0.707642,-0.524619,1.830000,0.955300,0,0.050787,0.053744,1.921000,0.998800,0,-0.189260,0.073868,1.951000,0.999200,0
501,16.711970,1,0.059896,-0.518963,1.909000,0.999800,0,-0.279635,-0.480656,1.932000,0.999700,0,0.291370,-0.438806,1.944000,0.886000,0,-0.530849,-0.436097,1.932000,0.950100,0,0.425965,-0.554361,1.809000,0.899700,0,-0.702704,-0.529199,1.825000,0.956000,0,0.051395,0.054388,1.944000,0.998800,0,-0.189260,0.073868,1.951000,0.999200,0
502,16.745328,1,0.060617,-0.525215,1.932000,0.999800,0,-0.280503,-0.482149,1.938000,0.999700,0,0.291370,-0.438806,1.944000,0.888200,0,-0.526178,-0.432260,1.915000,0.950100,0,0.424788,-0.552829,1.804000,0.903300,0,-0.702704,-0.535212,1.825000,0.957000,0,0.050919,0.053884,1.926000,0.998800,0,-0.191006,0.077793,1.969000,0.999100,0
503,16.778685,1,0.059896,-0.518963,1.909000,0.999800,0,-0.281372,-0.483642,1.944000,0.999700,0,0.292420,-0.440386,1.951000,0.891300,0,-0.527669,-0.436097,1.932000,0.950200,0,0.424788,-0.552829,1.804000,0.907600,0,-0.696697,-0.541225,1.825000,0.957700,0,0.051236,0.054220,1.938000,0.998800,0,-0.188581,0.076806,1.944000,0.999100,0
504,16.812042,1,0.063236,-0.520594,1.915000,0.999800,0,-0.276455,-0.480656,1.932000,0.999700,0,0.290471,-0.437452,1.938000,0.893900,0,-0.527669,-0.436097,1.932000,0.949800,0,0.425965,-0.554361,1.809000,0.911500,0,-0.695594,-0.551752,1.830000,0.958100,0,0.050919,0.053884,1.926000,0.998800,0,-0.191588,0.078030,1.975000,0.999100,0
505,16.845399,1,0.063797,-0.525215,1.932000,0.999800,0,-0.275596,-0.479164,1.926000,0.999700,0,0.292420,-0.440386,1.951000,0.897600,0,-0.527669,-0.436097,1.932000,0.950200,0,0.424788,-0.552829,1.804000,0.915600,0,-0.685801,-0.554734,1.820000,0.958800,0,0.047625,0.053744,1.921000,0.998800,0,-0.191189,0.076569,1.938000,0.999100,0
506,16.878757,1,0.063599,-0.523584,1.926000,0.999800,0,-0.277314,-0.482149,1.938000,0.999700,0,0.291370,-0.438806,1.944000,0.898700,0,-0.532858,-0.440386,1.951000,0.949700,0,0.427143,-0.555893,1.814000,0.918300,0,-0.676815,-0.560730,1.820000,0.959500,0,0.047625,0.053744,1.921000,0.998700,0,-0.190424,0.077556,1.963000,0.999100,0
507,16.912114,1,0.063236,-0.517439,1.915000,0.999900,0,-0.275596,-0.479164,1.926000,0.999700,0,0.290471,-0.437452,1.938000,0.898600,0,-0.529647,-0.440386,1.951000,0.948700,0,0.427143,-0.555893,1.814000,0.920100,0,-0.677521,-0.566826,1.830000,0.959300,0,0.047749,0.053884,1.926000,0.998700,0,-0.188581,0.073603,1.944000,0.999000,0
508,16.945471,1,0.063434,-0.519060,1.921000,0.999900,0,-0.276455,-0.480656,1.932000,0.999700,0,0.290471,-0.437452,1.938000,0.900400,0,-0.526118,-0.434259,1.938000,0.948600,0,0.425965,-0.554361,1.809000,0.923400,0,-0.671497,-0.572855,1.830000,0.960700,0,0.047476,0.053576,1.915000,0.998700,0,-0.189260,0.073868,1.951000,0.999000,0
509,16.978828,1,0.060272,-0.519060,1.921000,0.999900,0,-0.275596,-0.479164,1.926000,0.999700,0,0.290471,-0.437452,1.938000,0.900800,0,-0.521309,-0.432915,1.932000,0.948600,0,0.424788,-0.552829,1.804000,0.925900,0,-0.658841,-0.572723,1.820000,0.962200,0,0.048046,0.054220,1.938000,0.998600,0,-0.189260,0.073868,1.951000,0.998900,0
510,17.012185,1,0.060617,-0.522033,1.932000,0.999900,0,-0.276455,-0.480656,1.932000,0.999700,0,0.290471,-0.437452,1.938000,0.898900,0,-0.516520,-0.428397,1.926000,0.947100,0,0.424788,-0.552829,1.804000,0.927400,0,-0.649854,-0.578720,1.820000,0.963600,0,0.047897,0.050869,1.932000,0.998600,0,-0.189842,0.074095,1.957000,0.998900,0
511,17.045543,1,0.060084,-0.517439,1.915000,0.999900,0,-0.277314,-0.482149,1.938000,0.999700,0,0.288171,-0.438806,1.944000,0.896900,0,-0.514950,-0.429732,1.932000,0.946500,0,0.424788,-0.552829,1.804000,0.928300,0,-0.647401,-0.587929,1.830000,0.965000,0,0.047625,0.050580,1.921000,0.998600,0,-0.189260,0.070654,1.951000,0.998900,0
512,17.078900,1,0.059896,-0.518963,1.909000,0.999900,0,-0.274124,-0.482149,1.938000,0.999700,0,0.288171,-0.435603,1.944000,0.898600,0,-0.511770,-0.429732,1.932000,0.946900,0,0.425965,-0.551381,1.809000,0.931500,0,-0.638365,-0.590944,1.830000,0.966900,0,0.047327,0.047119,1.909000,0.998600,0,-0.187193,0.067855,1.963000,0.998900,0
513,17.112257,1,0.060429,-0.523584,1.926000,0.999900,0,-0.273275,-0.480656,1.932000,0.999700,0,0.284761,-0.430450,1.921000,0.900500,0,-0.514948,-0.429198,1.944000,0.948700,0,0.424788,-0.549857,1.804000,0.934500,0,-0.630613,-0.592336,1.825000,0.969300,0,0.047749,0.047538,1.926000,0.998500,0,-0.186049,0.067440,1.951000,0.998900,0
514,17.145614,1,0.060084,-0.520594,1.915000,0.999800,0,-0.268557,-0.477920,1.921000,0.999700,0,0.289208,-0.437172,1.951000,0.893200,0,-0.511749,-0.429198,1.944000,0.948800,0,0.422433,-0.546809,1.794000,0.929500,0,-0.629329,-0.596973,1.830000,0.971200,0,0.047625,0.047415,1.921000,0.998400,0,-0.184237,0.063600,1.932000,0.998900,0
515,17.178971,1,0.060429,-0.523584,1.926000,0.999800,0,-0.270934,-0.482149,1.938000,0.999700,0,0.290098,-0.438516,1.957000,0.888900,0,-0.508590,-0.426549,1.932000,0.948400,0,0.424788,-0.549857,1.804000,0.928600,0,-0.620841,-0.591754,1.814000,0.972200,0,0.047625,0.044250,1.921000,0.998400,0,-0.187766,0.061575,1.969000,0.998900,0
516,17.212329,1,0.060429,-0.523584,1.926000,0.999800,0,-0.270095,-0.480656,1.932000,0.999700,0,0.286392,-0.432915,1.932000,0.892600,0,-0.505410,-0.426549,1.932000,0.950500,0,0.424788,-0.549857,1.804000,0.931500,0,-0.621602,-0.598349,1.825000,0.973900,0,0.047625,0.044250,1.921000,0.998400,0,-0.186621,0.061199,1.957000,0.998900,0
517,17.245686,1,0.060272,-0.522225,1.921000,0.999800,0,-0.270095,-0.480656,1.932000,0.999700,0,0.290098,-0.438516,1.957000,0.887400,0,-0.508549,-0.429198,1.944000,0.950600,0,0.423611,-0.548333,1.799000,0.929100,0,-0.620841,-0.594742,1.814000,0.975300,0,0.047625,0.044250,1.921000,0.998400,0,-0.185382,0.060793,1.944000,0.998800,0
518,17.279043,1,0.059896,-0.518963,1.909000,0.999800,0,-0.270095,-0.480656,1.932000,0.999700,0,0.289208,-0.437172,1.951000,0.889700,0,-0.510380,-0.430744,1.951000,0.950400,0,0.424788,-0.546885,1.804000,0.932500,0,-0.619899,-0.596710,1.820000,0.976500,0,0.047749,0.044365,1.926000,0.998300,0,-0.187193,0.061387,1.963000,0.998800,0
519,17.312400,1,0.060084,-0.520594,1.915000,0.999800,0,-0.270095,-0.480656,1.932000,0.999700,0,0.287281,-0.434259,1.938000,0.891200,0,-0.508549,-0.429198,1.944000,0.950700,0,0.424788,-0.549857,1.804000,0.934800,0,-0.619899,-0.596710,1.820000,0.977600,0,0.047625,0.044250,1.921000,0.998300,0,-0.186049,0.061012,1.951000,0.998800,0
520,17.345758,1,0.060617,-0.525215,1.932000,0.999800,0,-0.270095,-0.480656,1.932000,0.999700,0,0.288171,-0.435603,1.944000,0.891000,0,-0.506979,-0.427874,1.938000,0.951800,0,0.425386,-0.546809,1.794000,0.934800,0,-0.619899,-0.596710,1.820000,0.978800,0,0.047749,0.044365,1.926000,0.998200,0,-0.186049,0.061012,1.951000,0.998800,0
521,17.379115,1,0.060429,-0.523584,1.926000,0.999800,0,-0.269256,-0.479164,1.926000,0.999700,0,0.288171,-0.432401,1.944000,0.891200,0,-0.505410,-0.426549,1.932000,0.952700,0,0.427757,-0.549857,1.804000,0.935800,0,-0.623305,-0.599988,1.830000,0.979900,0,0.047897,0.044504,1.932000,0.998200,0,-0.184809,0.060605,1.938000,0.998700,0
522,17.412472,1,0.059896,-0.518963,1.909000,0.999800,0,-0.268557,-0.481084,1.921000,0.999700,0,0.289208,-0.433958,1.951000,0.895800,0,-0.510380,-0.427530,1.951000,0.954000,0,0.427757,-0.546885,1.804000,0.938900,0,-0.621602,-0.598349,1.825000,0.980700,0,0.047327,0.043974,1.909000,0.998100,0,-0.187193,0.061387,1.963000,0.998700,0
523,17.445830,1,0.060429,-0.523584,1.926000,0.999800,0,-0.270095,-0.483839,1.932000,0.999700,0,0.287281,-0.431066,1.938000,0.896300,0,-0.510380,-0.427530,1.951000,0.954000,0,0.428943,-0.548401,1.809000,0.939500,0,-0.623305,-0.599988,1.830000,0.981300,0,0.047749,0.044365,1.926000,0.998100,0,-0.186621,0.061199,1.957000,0.998700,0
524,17.479187,1,0.060084,-0.520594,1.915000,0.999800,0,-0.269256,-0.482337,1.926000,0.999700,0,0.288171,-0.432401,1.944000,0.897300,0,-0.508549,-0.425996,1.944000,0.954400,0,0.427757,-0.546885,1.804000,0.940300,0,-0.621602,-0.598349,1.825000,0.981900,0,0.047625,0.044250,1.921000,0.998200,0,-0.187193,0.061387,1.963000,0.998700,0
525,17.512544,1,0.060084,-0.520594,1.915000,0.999800,0,-0.269256,-0.482337,1.926000,0.999700,0,0.288171,-0.432401,1.944000,0.896100,0,-0.510380,-0.427530,1.951000,0.954300,0,0.425386,-0.543853,1.794000,0.940300,0,-0.623305,-0.599988,1.830000,0.982600,0,0.047749,0.044365,1.926000,0.998100,0,-0.186049,0.061012,1.951000,0.998700,0
526,17.545902,1,0.060429,-0.523584,1.926000,0.999800,0,-0.270095,-0.483839,1.932000,0.999700,0,0.287281,-0.431066,1.938000,0.894100,0,-0.510380,-0.427530,1.951000,0.954000,0,0.426572,-0.548333,1.799000,0.939300,0,-0.621602,-0.598349,1.825000,0.982900,0,0.047327,0.040829,1.909000,0.998100,0,-0.187193,0.061387,1.963000,0.998700,0
527,17.579259,1,0.059896,-0.518963,1.909000,0.999800,0,-0.270095,-0.483839,1.932000,0.999700,0,0.289208,-0.433958,1.951000,0.892200,0,-0.511950,-0.428845,1.957000,0.954500,0,0.426572,-0.548333,1.799000,0.937700,0,-0.621602,-0.598349,1.825000,0.983300,0,0.047749,0.041193,1.926000,0.998100,0,-0.186621,0.061199,1.957000,0.998700,0
528,17.612616,1,0.060994,-0.528478,1.944000,0.999800,0,-0.266915,-0.483839,1.932000,0.999700,0,0.284761,-0.427285,1.921000,0.892400,0,-0.510380,-0.427530,1.951000,0.954800,0,0.426572,-0.548333,1.799000,0.938200,0,-0.619899,-0.596710,1.820000,0.983800,0,0.047476,0.044112,1.915000,0.998100,0,-0.185382,0.060793,1.944000,0.998700,0
529,17.645974,1,0.059707,-0.517332,1.903000,0.999800,0,-0.266915,-0.483839,1.932000,0.999700,0,0.286392,-0.429732,1.932000,0.890300,0,-0.505410,-0.423366,1.932000,0.953700,0,0.425386,-0.546809,1.794000,0.937500,0,-0.619129,-0.590123,1.809000,0.984000,0,0.047476,0.044112,1.915000,0.998000,0,-0.187193,0.061387,1.963000,0.998700,0
530,17.679331,1,0.060272,-0.522225,1.921000,0.999800,0,-0.266086,-0.482337,1.926000,0.999700,0,0.287281,-0.431066,1.938000,0.890800,0,-0.511950,-0.428845,1.957000,0.954100,0,0.426572,-0.548333,1.799000,0.937700,0,-0.619129,-0.590123,1.809000,0.984300,0,0.047625,0.041086,1.921000,0.998100,0,-0.187193,0.061387,1.963000,0.998700,0
531,17.712688,1,0.059896,-0.518963,1.909000,0.999800,0,-0.265396,-0.481084,1.921000,0.999700,0,0.289208,-0.433958,1.951000,0.892600,0,-0.506979,-0.424681,1.938000,0.954200,0,0.425386,-0.546809,1.794000,0.939200,0,-0.622894,-0.593711,1.820000,0.984500,0,0.047327,0.040829,1.909000,0.998000,0,-0.186621,0.061199,1.957000,0.998700,0
532,17.746046,1,0.059896,-0.518963,1.909000,0.999800,0,-0.266915,-0.480656,1.932000,0.999700,0,0.289208,-0.433958,1.951000,0.892200,0,-0.506979,-0.424681,1.938000,0.954100,0,0.426572,-0.548333,1.799000,0.938900,0,-0.624605,-0.595342,1.825000,0.984600,0,0.047749,0.041193,1.926000,0.998000,0,-0.187193,0.061387,1.963000,0.998700,0
533,17.779403,1,0.060084,-0.520594,1.915000,0.999800,0,-0.265396,-0.481084,1.921000,0.999700,0,0.287281,-0.431066,1.938000,0.892700,0,-0.503840,-0.422051,1.926000,0.953900,0,0.425386,-0.546809,1.794000,0.939200,0,-0.624605,-0.595342,1.825000,0.984900,0,0.047327,0.040829,1.909000,0.998000,0,-0.187193,0.061387,1.963000,0.998700,0
534,17.812760,1,0.060272,-0.522225,1.921000,0.999800,0,-0.266086,-0.482337,1.926000,0.999700,0,0.289208,-0.433958,1.951000,0.892000,0,-0.505410,-0.423366,1.932000,0.953400,0,0.428943,-0.551381,1.809000,0.939000,0,-0.626317,-0.596973,1.830000,0.985100,0,0.047327,0.040829,1.909000,0.998000,0,-0.186049,0.057798,1.951000,0.998600,0
535,17.846118,1,0.059896,-0.518963,1.909000,0.999800,0,-0.266915,-0.483839,1.932000,0.999700,0,0.287281,-0.431066,1.938000,0.896000,0,-0.513519,-0.430159,1.963000,0.954600,0,0.427757,-0.549857,1.804000,0.941200,0,-0.620841,-0.591754,1.814000,0.985400,0,0.047749,0.041193,1.926000,0.998000,0,-0.184237,0.060418,1.932000,0.998600,0
536,17.879475,1,0.060272,-0.522225,1.921000,0.999800,0,-0.264567,-0.479582,1.915000,0.999700,0,0.289208,-0.433958,1.951000,0.895200,0,-0.508549,-0.425996,1.944000,0.953900,0,0.426572,-0.548333,1.799000,0.940300,0,-0.624605,-0.595342,1.825000,0.985300,0,0.047897,0.041321,1.932000,0.998000,0,-0.186049,0.061012,1.951000,0.998700,0
537,17.912832,1,0.060429,-0.523584,1.926000,0.999800,0,-0.265396,-0.481084,1.921000,0.999700,0,0.287281,-0.431066,1.938000,0.898700,0,-0.508549,-0.425996,1.944000,0.954600,0,0.426572,-0.548333,1.799000,0.942700,0,-0.619129,-0.590123,1.809000,0.985400,0,0.047749,0.041193,1.926000,0.998000,0,-0.187766,0.061575,1.969000,0.998700,0
538,17.946190,1,0.059519,-0.515701,1.897000,0.999800,0,-0.266915,-0.483839,1.932000,0.999700,0,0.289208,-0.433958,1.951000,0.897800,0,-0.506979,-0.424681,1.938000,0.954600,0,0.426572,-0.548333,1.799000,0.942000,0,-0.622894,-0.593711,1.820000,0.985600,0,0.047625,0.041086,1.921000,0.998000,0,-0.187193,0.061387,1.963000,0.998700,0
539,17.979547,1,0.060617,-0.525215,1.932000,0.999800,0,-0.265396,-0.481084,1.921000,0.999700,0,0.289208,-0.433958,1.951000,0.896200,0,-0.508549,-0.425996,1.944000,0.954500,0,0.425386,-0.546809,1.794000,0.941000,0,-0.624605,-0.595342,1.825000,0.985800,0,0.047897,0.041321,1.932000,0.998000,0,-0.185382,0.057590,1.944000,0.998600,0
540,18.012904,1,0.060272,-0.522225,1.921000,0.999800,0,-0.265396,-0.481084,1.921000,0.999700,0,0.288171,-0.432401,1.944000,0.896700,0,-0.506979,-0.424681,1.938000,0.955100,0,0.427757,-0.549857,1.804000,0.940500,0,-0.620841,-0.591754,1.814000,0.985900,0,0.047625,0.041086,1.921000,0.998000,0,-0.186049,0.057798,1.951000,0.998700,0
541,18.046262,1,0.060272,-0.522225,1.921000,0.999800,0,-0.265396,-0.481084,1.921000,0.999700,0,0.288171,-0.432401,1.944000,0.894800,0,-0.505410,-0.423366,1.932000,0.954700,0,0.426572,-0.548333,1.799000,0.939700,0,-0.626317,-0.596973,1.830000,0.986100,0,0.048046,0.041449,1.938000,0.998000,0,-0.185382,0.057590,1.944000,0.998700,0
542,18.079619,1,0.059896,-0.518963,1.909000,0.999800,0,-0.265396,-0.481084,1.921000,0.999700,0,0.288171,-0.432401,1.944000,0.897500,0,-0.510380,-0.427530,1.951000,0.954900,0,0.426572,-0.548333,1.799000,0.941500,0,-0.630081,-0.600562,1.841000,0.986300,0,0.048195,0.041577,1.944000,0.998100,0,-0.184809,0.057413,1.938000,0.998700,0
543,18.112976,1,0.059707,-0.517332,1.903000,0.999800,0,-0.266086,-0.482337,1.926000,0.999700,0,0.288171,-0.432401,1.944000,0.898600,0,-0.505410,-0.423366,1.932000,0.955100,0,0.426572,-0.548333,1.799000,0.942800,0,-0.626317,-0.596973,1.830000,0.986300,0,0.047476,0.040957,1.915000,0.998000,0,-0.187193,0.061387,1.963000,0.998700,0
544,18.146334,1,0.060084,-0.520594,1.915000,0.999800,0,-0.265396,-0.481084,1.921000,0.999700,0,0.286392,-0.429732,1.932000,0.897800,0,-0.505410,-0.423366,1.932000,0.955200,0,0.425386,-0.546809,1.794000,0.942700,0,-0.626317,-0.596973,1.830000,0.986400,0,0.047476,0.040957,1.915000,0.998100,0,-0.185382,0.060793,1.944000,0.998700,0
545,18.179691,1,0.060084,-0.520594,1.915000,0.999800,0,-0.266915,-0.483839,1.932000,0.999700,0,0.290987,-0.436627,1.963000,0.898500,0,-0.506979,-0.424681,1.938000,0.955300,0,0.425386,-0.546809,1.794000,0.943400,0,-0.626317,-0.596973,1.830000,0.986500,0,0.047749,0.041193,1.926000,0.998000,0,-0.186049,0.061012,1.951000,0.998700,0
546,18.213048,1,0.060084,-0.520594,1.915000,0.999800,0,-0.266915,-0.483839,1.932000,0.999700,0,0.286392,-0.429732,1.932000,0.900500,0,-0.511950,-0.428845,1.957000,0.955400,0,0.426572,-0.548333,1.799000,0.944700,0,-0.626317,-0.596973,1.830000,0.986600,0,0.047897,0.041321,1.932000,0.998100,0,-0.185382,0.060793,1.944000,0.998700,0
547,18.246406,1,0.060272,-0.522225,1.921000,0.999800,0,-0.266915,-0.483839,1.932000,0.999700,0,0.289208,-0.433958,1.951000,0.901700,0,-0.510380,-0.427530,1.951000,0.955500,0,0.427757,-0.549857,1.804000,0.945900,0,-0.628370,-0.598931,1.836000,0.986500,0,0.047749,0.041193,1.926000,0.998100,0,-0.185382,0.060793,1.944000,0.998700,0
548,18.279763,1,0.059896,-0.518963,1.909000,0.999800,0,-0.267744,-0.485342,1.938000,0.999700,0,0.289208,-0.433958,1.951000,0.901100,0,-0.515089,-0.431474,1.969000,0.955300,0,0.426572,-0.548333,1.799000,0.945800,0,-0.628370,-0.598931,1.836000,0.986600,0,0.047476,0.040957,1.915000,0.998100,0,-0.185382,0.057590,1.944000,0.998700,0
549,18.313121,1,0.059896,-0.518963,1.909000,0.999800,0,-0.266915,-0.483839,1.932000,0.999700,0,0.286392,-0.429732,1.932000,0.900600,0,-0.508549,-0.425996,1.944000,0.954400,0,0.427757,-0.549857,1.804000,0.945500,0,-0.624605,-0.595342,1.825000,0.986100,0,0.047749,0.041193,1.926000,0.998100,0,-0.186049,0.057798,1.951000,0.998700,0
550,18.346478,1,0.060272,-0.522225,1.921000,0.999800,0,-0.266086,-0.482337,1.926000,0.999700,0,0.287281,-0.431066,1.938000,0.902600,0,-0.511950,-0.428845,1.957000,0.954700,0,0.427757,-0.549857,1.804000,0.946400,0,-0.626317,-0.596973,1.830000,0.986000,0,0.047749,0.041193,1.926000,0.998100,0,-0.186621,0.057975,1.957000,0.998700,0
551,18.379835,1,0.060429,-0.523584,1.926000,0.999800,0,-0.266915,-0.483839,1.932000,0.999700,0,0.289208,-0.433958,1.951000,0.902600,0,-0.506979,-0.424681,1.938000,0.954000,0,0.427757,-0.549857,1.804000,0.946600,0,-0.626317,-0.596973,1.830000,0.985600,0,0.047625,0.041086,1.921000,0.998100,0,-0.186621,0.057975,1.957000,0.998700,0
552,18.413193,1,0.060805,-0.526846,1.938000,0.999800,0,-0.266086,-0.482337,1.926000,0.999700,0,0.289208,-0.433958,1.951000,0.902000,0,-0.508549,-0.425996,1.944000,0.953200,0,0.426572,-0.548333,1.799000,0.946500,0,-0.622894,-0.593711,1.820000,0.985200,0,0.047327,0.040829,1.909000,0.998100,0,-0.186049,0.057798,1.951000,0.998700,0
553,18.446550,1,0.060429,-0.523584,1.926000,0.999800,0,-0.266915,-0.483839,1.932000,0.999700,0,0.287281,-0.431066,1.938000,0.904200,0,-0.506979,-0.424681,1.938000,0.953900,0,0.425386,-0.546809,1.794000,0.947100,0,-0.622894,-0.593711,1.820000,0.985000,0,0.047749,0.041193,1.926000,0.998100,0,-0.184809,0.060605,1.938000,0.998700,0
554,18.479908,1,0.060429,-0.523584,1.926000,0.999800,0,-0.266915,-0.483839,1.932000,0.999700,0,0.285503,-0.428397,1.926000,0.903800,0,-0.502532,-0.420956,1.921000,0.954000,0,0.427757,-0.549857,1.804000,0.946900,0,-0.622894,-0.593711,1.820000,0.985100,0,0.047327,0.040829,1.909000,0.998100,0,-0.188338,0.061762,1.975000,0.998700,0
555,18.513265,1,0.060272,-0.522225,1.921000,0.999800,0,-0.267744,-0.485342,1.938000,0.999700,0,0.291877,-0.437962,1.969000,0.903200,0,-0.510380,-0.427530,1.951000,0.954200,0,0.427757,-0.549857,1.804000,0.946600,0,-0.624605,-0.595342,1.825000,0.985500,0,0.047625,0.041086,1.921000,0.998100,0,-0.187193,0.061387,1.963000,0.998700,0
556,18.546623,1,0.060084,-0.520594,1.915000,0.999800,0,-0.267744,-0.485342,1.938000,0.999700,0,0.290098,-0.435292,1.957000,0.900300,0,-0.510380,-0.427530,1.951000,0.953300,0,0.425386,-0.546809,1.794000,0.944800,0,-0.622894,-0.593711,1.820000,0.985300,0,0.047897,0.041321,1.932000,0.998100,0,-0.187193,0.058153,1.963000,0.998700,0
557,18.579980,1,0.060429,-0.523584,1.926000,0.999800,0,-0.267744,-0.485342,1.938000,0.999700,0,0.287281,-0.431066,1.938000,0.901000,0,-0.510380,-0.427530,1.951000,0.953400,0,0.427757,-0.549857,1.804000,0.945000,0,-0.628370,-0.598931,1.836000,0.985100,0,0.051236,0.041449,1.938000,0.998000,0,-0.186621,0.061199,1.957000,0.998700,0
558,18.613337,1,0.060429,-0.523584,1.926000,0.999800,0,-0.266086,-0.479164,1.926000,0.999700,0,0.287281,-0.431066,1.938000,0.898800,0,-0.510380,-0.427530,1.951000,0.952800,0,0.425386,-0.546809,1.794000,0.944300,0,-0.626317,-0.596973,1.830000,0.985100,0,0.050628,0.040957,1.915000,0.998100,0,-0.186049,0.061012,1.951000,0.998700,0
559,18.646695,1,0.060084,-0.520594,1.915000,0.999800,0,-0.266915,-0.480656,1.932000,0.999700,0,0.288171,-0.432401,1.944000,0.898600,0,-0.506979,-0.427874,1.938000,0.953300,0,0.428943,-0.551381,1.809000,0.944400,0,-0.624605,-0.595342,1.825000,0.985300,0,0.047476,0.040957,1.915000,0.998000,0,-0.186049,0.061012,1.951000,0.998700,0
560,18.680052,1,0.060272,-0.522225,1.921000,0.999800,0,-0.268573,-0.486844,1.944000,0.999700,0,0.286392,-0.429732,1.932000,0.901600,0,-0.508549,-0.429198,1.944000,0.953900,0,0.428943,-0.551381,1.809000,0.946300,0,-0.624605,-0.595342,1.825000,0.985500,0,0.047897,0.041321,1.932000,0.998100,0,-0.188338,0.061762,1.975000,0.998700,0
561,18.713410,1,0.060429,-0.523584,1.926000,0.999800,0,-0.266915,-0.483839,1.932000,0.999700,0,0.288171,-0.432401,1.944000,0.902800,0,-0.511950,-0.432068,1.957000,0.954100,0,0.426572,-0.548333,1.799000,0.947400,0,-0.622894,-0.593711,1.820000,0.985500,0,0.050919,0.041193,1.926000,0.998100,0,-0.187766,0.061575,1.969000,0.998700,0
562,18.746767,1,0.060805,-0.526846,1.938000,0.999800,0,-0.266915,-0.483839,1.932000,0.999700,0,0.286392,-0.429732,1.932000,0.899400,0,-0.511950,-0.432068,1.957000,0.953300,0,0.427757,-0.549857,1.804000,0.946000,0,-0.623826,-0.591754,1.814000,0.985300,0,0.050787,0.041086,1.921000,0.998100,0,-0.187766,0.061575,1.969000,0.998700,0
563,18.780125,1,0.060084,-0.520594,1.915000,0.999800,0,-0.267744,-0.485342,1.938000,0.999700,0,0.289208,-0.433958,1.951000,0.901000,0,-0.505410,-0.426549,1.932000,0.952700,0,0.430128,-0.552905,1.814000,0.947500,0,-0.625890,-0.593711,1.820000,0.985300,0,0.047749,0.041193,1.926000,0.998100,0,-0.187766,0.058331,1.969000,0.998700,0
564,18.813482,1,0.060617,-0.525215,1.932000,0.999800,0,-0.268573,-0.486844,1.944000,0.999700,0,0.290098,-0.435292,1.957000,0.904200,0,-0.510380,-0.430744,1.951000,0.953500,0,0.430128,-0.552905,1.814000,0.949300,0,-0.623826,-0.591754,1.814000,0.985300,0,0.050919,0.041193,1.926000,0.998100,0,-0.187193,0.061387,1.963000,0.998700,0
565,18.846840,1,0.060429,-0.523584,1.926000,0.999800,0,-0.267744,-0.485342,1.938000,0.999700,0,0.289208,-0.433958,1.951000,0.904700,0,-0.505410,-0.426549,1.932000,0.953300,0,0.426572,-0.548333,1.799000,0.950100,0,-0.623826,-0.591754,1.814000,0.985100,0,0.050919,0.041193,1.926000,0.998200,0,-0.186049,0.061012,1.951000,0.998700,0
566,18.880197,1,0.060805,-0.526846,1.938000,0.999800,0,-0.266915,-0.480656,1.932000,0.999700,0,0.285503,-0.428397,1.926000,0.902600,0,-0.511950,-0.432068,1.957000,0.952700,0,0.426572,-0.548333,1.799000,0.948700,0,-0.625890,-0.593711,1.820000,0.984900,0,0.050787,0.041086,1.921000,0.998100,0,-0.186621,0.061199,1.957000,0.998700,0
567,18.913555,1,0.060272,-0.522225,1.921000,0.999800,0,-0.265396,-0.477920,1.921000,0.999700,0,0.290987,-0.436627,1.963000,0.903300,0,-0.508549,-0.429198,1.944000,0.952000,0,0.428943,-0.548401,1.809000,0.948900,0,-0.619901,-0.585230,1.794000,0.984400,0,0.050919,0.041193,1.926000,0.998200,0,-0.189005,0.061981,1.982000,0.998700,0
568,18.946912,1,0.060272,-0.522225,1.921000,0.999800,0,-0.267744,-0.482149,1.938000,0.999700,0,0.283212,-0.429732,1.932000,0.901300,0,-0.503840,-0.425224,1.926000,0.950600,0,0.430128,-0.549917,1.814000,0.947800,0,-0.621629,-0.583897,1.799000,0.983400,0,0.047749,0.041193,1.926000,0.998200,0,-0.185382,0.057590,1.944000,0.998700,0
569,18.980270,1,0.060805,-0.526846,1.938000,0.999800,0,-0.266915,-0.480656,1.932000,0.999700,0,0.287281,-0.431066,1.938000,0.904900,0,-0.506979,-0.431066,1.938000,0.951700,0,0.431551,-0.551735,1.820000,0.949400,0,-0.624590,-0.583897,1.799000,0.983200,0,0.050919,0.041193,1.926000,0.998200,0,-0.184809,0.060605,1.938000,0.998700,0
570,19.013627,1,0.060994,-0.528478,1.944000,0.999800,0,-0.269540,-0.485383,1.951000,0.999700,0,0.284092,-0.431066,1.938000,0.904400,0,-0.506979,-0.431066,1.938000,0.950500,0,0.430128,-0.549917,1.814000,0.949500,0,-0.622854,-0.582274,1.794000,0.982700,0,0.050919,0.041193,1.926000,0.998300,0,-0.187766,0.061575,1.969000,0.998800,0
571,19.046985,1,0.060272,-0.522225,1.921000,0.999800,0,-0.266915,-0.480656,1.932000,0.999700,0,0.290098,-0.435292,1.957000,0.905200,0,-0.506979,-0.431066,1.938000,0.950000,0,0.428943,-0.548401,1.809000,0.950200,0,-0.619035,-0.575767,1.783000,0.982400,0,0.051077,0.041321,1.932000,0.998300,0,-0.189005,0.061981,1.982000,0.998800,0
572,19.080342,1,0.060617,-0.525215,1.932000,0.999800,0,-0.265396,-0.477920,1.921000,0.999700,0,0.289208,-0.433958,1.951000,0.900800,0,-0.513519,-0.436627,1.963000,0.948800,0,0.427757,-0.546885,1.804000,0.946900,0,-0.621970,-0.572829,1.783000,0.981700,0,0.051236,0.044642,1.938000,0.998300,0,-0.187193,0.061387,1.963000,0.998800,0
573,19.113700,1,0.060429,-0.523584,1.926000,0.999800,0,-0.267744,-0.482149,1.938000,0.999700,0,0.289208,-0.433958,1.951000,0.902600,0,-0.500962,-0.425950,1.915000,0.948500,0,0.427757,-0.543913,1.804000,0.947500,0,-0.620226,-0.568294,1.778000,0.981300,0,0.050787,0.044250,1.921000,0.998300,0,-0.187193,0.061387,1.963000,0.998800,0
574,19.147057,1,0.060429,-0.523584,1.926000,0.999800,0,-0.272751,-0.485383,1.951000,0.999700,0,0.290098,-0.435292,1.957000,0.905500,0,-0.503840,-0.428397,1.926000,0.948500,0,0.428943,-0.545421,1.809000,0.949100,0,-0.613249,-0.559005,1.758000,0.980700,0,0.047749,0.044365,1.926000,0.998300,0,-0.187193,0.061387,1.963000,0.998800,0
575,19.180415,1,0.063995,-0.526846,1.938000,0.999900,0,-0.272751,-0.485383,1.951000,0.999700,0,0.290098,-0.435292,1.957000,0.907500,0,-0.503840,-0.431570,1.926000,0.947900,0,0.427757,-0.543913,1.804000,0.949900,0,-0.617895,-0.557691,1.763000,0.979700,0,0.047749,0.044365,1.926000,0.998400,0,-0.187766,0.061575,1.969000,0.998800,0
576,19.213772,1,0.065448,-0.538808,1.982000,0.999900,0,-0.269256,-0.479164,1.926000,0.999700,0,0.288171,-0.429198,1.944000,0.908700,0,-0.502532,-0.430450,1.921000,0.947500,0,0.427757,-0.543913,1.804000,0.950500,0,-0.616142,-0.553213,1.758000,0.979100,0,0.048046,0.044642,1.938000,0.998400,0,-0.187193,0.061387,1.963000,0.998900,0
577,19.247130,1,0.063434,-0.522225,1.921000,0.999900,0,-0.270934,-0.482149,1.938000,0.999700,0,0.290987,-0.433393,1.963000,0.903100,0,-0.502532,-0.430450,1.921000,0.944000,0,0.431551,-0.548737,1.820000,0.946600,0,-0.614390,-0.545864,1.753000,0.975900,0,0.047749,0.044365,1.926000,0.998500,0,-0.189005,0.061981,1.982000,0.998900,0
578,19.280487,1,0.064193,-0.528478,1.944000,0.999900,0,-0.271773,-0.483642,1.944000,0.999700,0,0.291877,-0.434718,1.969000,0.907100,0,-0.497823,-0.426416,1.903000,0.945200,0,0.427757,-0.543913,1.804000,0.948500,0,-0.612638,-0.541427,1.748000,0.975900,0,0.047749,0.044365,1.926000,0.998500,0,-0.187193,0.061387,1.963000,0.998900,0
579,19.313844,1,0.063995,-0.526846,1.938000,0.999900,0,-0.272751,-0.485383,1.951000,0.999700,0,0.290098,-0.432068,1.957000,0.903800,0,-0.502230,-0.432915,1.932000,0.943200,0,0.428943,-0.545421,1.809000,0.947600,0,-0.609483,-0.538639,1.739000,0.976200,0,0.047749,0.044365,1.926000,0.998500,0,-0.188338,0.061762,1.975000,0.998900,0
580,19.347202,1,0.060805,-0.526846,1.938000,0.999900,0,-0.270934,-0.482149,1.938000,0.999700,0,0.290098,-0.432068,1.957000,0.896400,0,-0.497811,-0.429105,1.915000,0.940200,0,0.428943,-0.545421,1.809000,0.940400,0,-0.609483,-0.535775,1.739000,0.972400,0,0.048046,0.044642,1.938000,0.998600,0,-0.184809,0.060605,1.938000,0.998900,0
581,19.380559,1,0.060084,-0.517439,1.915000,0.999800,0,-0.270095,-0.480656,1.932000,0.999700,0,0.290098,-0.432068,1.957000,0.896300,0,-0.499370,-0.430450,1.921000,0.940900,0,0.428943,-0.545421,1.809000,0.938900,0,-0.606621,-0.532910,1.739000,0.972900,0,0.047625,0.044250,1.921000,0.998600,0,-0.187193,0.061387,1.963000,0.999000,0
582,19.413916,1,0.060429,-0.520411,1.926000,0.999800,0,-0.270934,-0.482149,1.938000,0.999700,0,0.289208,-0.430744,1.951000,0.888900,0,-0.497811,-0.429105,1.915000,0.938800,0,0.428943,-0.542440,1.809000,0.933100,0,-0.603133,-0.526997,1.729000,0.972200,0,0.047625,0.044250,1.921000,0.998600,0,-0.187766,0.061575,1.969000,0.999000,0
583,19.447273,1,0.060805,-0.523654,1.938000,0.999800,0,-0.269256,-0.482337,1.926000,0.999700,0,0.289208,-0.430744,1.951000,0.892800,0,-0.500600,-0.434259,1.938000,0.939600,0,0.431551,-0.545739,1.820000,0.934500,0,-0.598249,-0.522730,1.715000,0.971700,0,0.047749,0.044365,1.926000,0.998600,0,-0.186049,0.061012,1.951000,0.999000,0
584,19.480630,1,0.063599,-0.520411,1.926000,0.999800,0,-0.270934,-0.485342,1.938000,0.999700,0,0.288171,-0.429198,1.944000,0.893700,0,-0.499050,-0.432915,1.932000,0.938600,0,0.427757,-0.540941,1.804000,0.935400,0,-0.601389,-0.522633,1.724000,0.971700,0,0.047749,0.044365,1.926000,0.998600,0,-0.184809,0.060605,1.938000,0.999000,0
585,19.513988,1,0.060272,-0.519060,1.921000,0.999800,0,-0.270095,-0.483839,1.932000,0.999700,0,0.292766,-0.436043,1.975000,0.890300,0,-0.496208,-0.430450,1.921000,0.934900,0,0.430128,-0.543940,1.814000,0.932900,0,-0.596505,-0.515572,1.710000,0.967600,0,0.048195,0.044780,1.944000,0.998700,0,-0.186049,0.061012,1.951000,0.999000,0
586,19.547345,1,0.060429,-0.520411,1.926000,0.999900,0,-0.270095,-0.483839,1.932000,0.999700,0,0.287281,-0.427874,1.938000,0.891500,0,-0.497500,-0.431570,1.926000,0.933300,0,0.429733,-0.547238,1.825000,0.934000,0,-0.599993,-0.515753,1.720000,0.967000,0,0.047749,0.044365,1.926000,0.998700,0,-0.189005,0.061981,1.982000,0.999100,0
587,19.580702,1,0.060272,-0.519060,1.921000,0.999800,0,-0.269256,-0.482337,1.926000,0.999700,0,0.290987,-0.433393,1.963000,0.887000,0,-0.494659,-0.429105,1.915000,0.930900,0,0.428555,-0.545739,1.820000,0.928400,0,-0.598249,-0.511429,1.715000,0.965100,0,0.047749,0.044365,1.926000,0.998800,0,-0.189577,0.062169,1.988000,0.999100,0
588,19.614059,1,0.060805,-0.523654,1.938000,0.999900,0,-0.271773,-0.486844,1.944000,0.999700,0,0.290098,-0.432068,1.957000,0.886400,0,-0.493047,-0.430450,1.921000,0.927000,0,0.427143,-0.540951,1.814000,0.928600,0,-0.596505,-0.507120,1.710000,0.960300,0,0.047749,0.044365,1.926000,0.998800,0,-0.187193,0.061387,1.963000,0.999100,0
589,19.647416,1,0.060084,-0.517439,1.915000,0.999900,0,-0.270934,-0.485342,1.938000,0.999700,0,0.289208,-0.430744,1.951000,0.887000,0,-0.493047,-0.430450,1.921000,0.926600,0,0.427143,-0.540951,1.814000,0.927400,0,-0.596505,-0.504303,1.710000,0.958000,0,0.047476,0.044112,1.915000,0.998800,0,-0.188338,0.061762,1.975000,0.999100,0
590,19.680773,1,0.063995,-0.523654,1.938000,0.999900,0,-0.270934,-0.485342,1.938000,0.999700,0,0.289208,-0.430744,1.951000,0.884200,0,-0.494330,-0.431570,1.926000,0.922800,0,0.428555,-0.542741,1.820000,0.925500,0,-0.594761,-0.502829,1.705000,0.956200,0,0.047749,0.044365,1.926000,0.998900,0,-0.188338,0.061762,1.975000,0.999100,0
591,19.714130,1,0.063599,-0.520411,1.926000,0.999900,0,-0.270095,-0.483839,1.932000,0.999700,0,0.289208,-0.430744,1.951000,0.877800,0,-0.495870,-0.432915,1.932000,0.918100,0,0.429733,-0.544232,1.825000,0.918600,0,-0.596505,-0.504303,1.710000,0.949200,0,0.047749,0.044365,1.926000,0.998900,0,-0.188338,0.061762,1.975000,0.999200,0
592,19.747487,1,0.063599,-0.520411,1.926000,0.999900,0,-0.270095,-0.483839,1.932000,0.999700,0,0.290987,-0.433393,1.963000,0.879600,0,-0.495870,-0.432915,1.932000,0.918100,0,0.428555,-0.542741,1.820000,0.920100,0,-0.594761,-0.502829,1.705000,0.951200,0,0.047749,0.044365,1.926000,0.998900,0,-0.188338,0.061762,1.975000,0.999200,0
593,19.780844,1,0.064424,-0.527166,1.951000,0.999900,0,-0.271773,-0.486844,1.944000,0.999700,0,0.289208,-0.430744,1.951000,0.876100,0,-0.491507,-0.429105,1.915000,0.914000,0,0.428555,-0.542741,1.820000,0.918700,0,-0.594761,-0.500020,1.705000,0.949600,0,0.047749,0.044365,1.926000,0.998900,0,-0.186621,0.061199,1.957000,0.999200,0
594,19.814201,1,0.063599,-0.520411,1.926000,0.999900,0,-0.270934,-0.485342,1.938000,0.999700,0,0.289208,-0.430744,1.951000,0.871200,0,-0.494330,-0.431570,1.926000,0.910400,0,0.430910,-0.545723,1.830000,0.914900,0,-0.596505,-0.501486,1.710000,0.948400,0,0.047625,0.044250,1.921000,0.998900,0,-0.186621,0.061199,1.957000,0.999200,0
595,19.847559,1,0.063599,-0.520411,1.926000,0.999900,0,-0.270095,-0.483839,1.932000,0.999700,0,0.290098,-0.432068,1.957000,0.872500,0,-0.494330,-0.431570,1.926000,0.910100,0,0.425965,-0.539460,1.809000,0.915400,0,-0.594761,-0.500020,1.705000,0.949200,0,0.047625,0.044250,1.921000,0.998900,0,-0.185087,0.061762,1.975000,0.999200,0
596,19.880916,1,0.063797,-0.522033,1.932000,0.999900,0,-0.270934,-0.485342,1.938000,0.999700,0,0.287281,-0.424681,1.938000,0.862600,0,-0.494330,-0.431570,1.926000,0.907800,0,0.429733,-0.544232,1.825000,0.907100,0,-0.594761,-0.500020,1.705000,0.949400,0,0.047749,0.044365,1.926000,0.998900,0,-0.188338,0.061762,1.975000,0.999200,0
597,19.914273,1,0.063434,-0.519060,1.921000,0.999900,0,-0.271773,-0.486844,1.944000,0.999700,0,0.290987,-0.430159,1.963000,0.866400,0,-0.494220,-0.434259,1.938000,0.909300,0,0.429733,-0.544232,1.825000,0.909400,0,-0.594761,-0.500020,1.705000,0.949900,0,0.047897,0.044504,1.932000,0.999000,0,-0.186621,0.061199,1.957000,0.999200,0
598,19.947630,1,0.063797,-0.522033,1.932000,0.999900,0,-0.270095,-0.483839,1.932000,0.999700,0,0.290098,-0.428845,1.957000,0.860300,0,-0.489885,-0.430450,1.921000,0.907000,0,0.427143,-0.537963,1.814000,0.906500,0,-0.594761,-0.500020,1.705000,0.949100,0,0.047749,0.044365,1.926000,0.999000,0,-0.186049,0.061012,1.951000,0.999200,0
599,19.980987,1,0.063797,-0.522033,1.932000,0.999900,0,-0.271773,-0.486844,1.944000,0.999700,0,0.290987,-0.430159,1.963000,0.854300,0,-0.491160,-0.431570,1.926000,0.903300,0,0.429733,-0.544232,1.825000,0.898800,0,-0.599993,-0.504419,1.720000,0.945100,0,0.047897,0.044504,1.932000,0.999000,0,-0.184809,0.060605,1.938000,0.999300,0
600,20.014344,1,0.063434,-0.519060,1.921000,0.999900,0,-0.271773,-0.486844,1.944000,0.999700,0,0.290098,-0.428845,1.957000,0.855400,0,-0.491160,-0.431570,1.926000,0.903600,0,0.429733,-0.541225,1.825000,0.900300,0,-0.598249,-0.502953,1.715000,0.947200,0,0.047749,0.044365,1.926000,0.999000,0,-0.187193,0.061387,1.963000,0.999200,0
601,20.047701,1,0.063797,-0.522033,1.932000,0.999900,0,-0.270095,-0.483839,1.932000,0.999700,0,0.290987,-0.430159,1.963000,0.854000,0,-0.492690,-0.432915,1.932000,0.903000,0,0.430910,-0.542708,1.830000,0.898700,0,-0.594761,-0.500020,1.705000,0.946600,0,0.047749,0.044365,1.926000,0.999000,0,-0.187193,0.061387,1.963000,0.999300,0
602,20.081058,1,0.063599,-0.520411,1.926000,0.999900,0,-0.269256,-0.482337,1.926000,0.999700,0,0.290098,-0.428845,1.957000,0.857100,0,-0.492690,-0.432915,1.932000,0.902900,0,0.430910,-0.542708,1.830000,0.901600,0,-0.596505,-0.501486,1.710000,0.947300,0,0.047749,0.044365,1.926000,0.999000,0,-0.188338,0.061762,1.975000,0.999300,0
603,20.114415,1,0.063599,-0.520411,1.926000,0.999900,0,-0.270095,-0.483839,1.932000,0.999800,0,0.290098,-0.428845,1.957000,0.854400,0,-0.492690,-0.432915,1.932000,0.901700,0,0.430128,-0.537963,1.814000,0.900000,0,-0.596505,-0.501486,1.710000,0.948000,0,0.047897,0.044504,1.932000,0.999100,0,-0.187766,0.061575,1.969000,0.999300,0
604,20.147772,1,0.064424,-0.527166,1.951000,0.999900,0,-0.272751,-0.488597,1.951000,0.999700,0,0.287281,-0.424681,1.938000,0.853600,0,-0.489885,-0.430450,1.921000,0.900700,0,0.435345,-0.544487,1.836000,0.898900,0,-0.595426,-0.502953,1.715000,0.945200,0,0.047897,0.044504,1.932000,0.999100,0,-0.187193,0.061387,1.963000,0.999300,0
605,20.181129,1,0.064424,-0.527166,1.951000,0.999900,0,-0.270934,-0.485342,1.938000,0.999800,0,0.290987,-0.430159,1.963000,0.855400,0,-0.491160,-0.431570,1.926000,0.901700,0,0.432737,-0.541225,1.825000,0.900400,0,-0.595426,-0.502953,1.715000,0.945500,0,0.047749,0.044365,1.926000,0.999100,0,-0.187766,0.061575,1.969000,0.999300,0
606,20.214486,1,0.064193,-0.525275,1.944000,0.999900,0,-0.272751,-0.488597,1.951000,0.999800,0,0.291877,-0.431474,1.969000,0.856400,0,-0.488355,-0.429105,1.915000,0.902400,0,0.431551,-0.539742,1.820000,0.901100,0,-0.597162,-0.504419,1.720000,0.944100,0,0.047476,0.044112,1.915000,0.999100,0,-0.190424,0.061387,1.963000,0.999300,0
607,20.247844,1,0.063599,-0.520411,1.926000,0.999900,0,-0.272751,-0.488597,1.951000,0.999700,0,0.290098,-0.428845,1.957000,0.864200,0,-0.492690,-0.432915,1.932000,0.906300,0,0.435345,-0.544487,1.836000,0.906200,0,-0.597162,-0.504419,1.720000,0.946400,0,0.048046,0.044642,1.938000,0.999100,0,-0.187193,0.061387,1.963000,0.999300,0
608,20.281200,1,0.063038,-0.515818,1.909000,0.999900,0,-0.270934,-0.485342,1.938000,0.999800,0,0.294218,-0.430159,1.963000,0.865200,0,-0.494220,-0.434259,1.938000,0.907400,0,0.432737,-0.541225,1.825000,0.908000,0,-0.595426,-0.502953,1.715000,0.946900,0,0.047625,0.044250,1.921000,0.999100,0,-0.187766,0.061575,1.969000,0.999300,0
609,20.314558,1,0.063995,-0.523654,1.938000,0.999900,0,-0.267744,-0.485342,1.938000,0.999800,0,0.293319,-0.425621,1.957000,0.864200,0,-0.488355,-0.429105,1.915000,0.906400,0,0.435345,-0.544487,1.836000,0.906400,0,-0.591954,-0.502829,1.705000,0.945300,0,0.047625,0.044250,1.921000,0.999100,0,-0.187193,0.061387,1.963000,0.999300,0
610,20.347915,1,0.063434,-0.519060,1.921000,0.999900,0,-0.268573,-0.486844,1.944000,0.999800,0,0.294218,-0.426925,1.963000,0.867000,0,-0.488355,-0.429105,1.915000,0.909300,0,0.436934,-0.542708,1.830000,0.909000,0,-0.598551,-0.508432,1.724000,0.946800,0,0.048195,0.044780,1.944000,0.999100,0,-0.186621,0.061199,1.957000,0.999300,0
611,20.381272,1,0.063995,-0.523654,1.938000,0.999900,0,-0.268573,-0.486844,1.944000,0.999800,0,0.294218,-0.426925,1.963000,0.870800,0,-0.492690,-0.432915,1.932000,0.912100,0,0.433114,-0.537963,1.814000,0.910300,0,-0.597162,-0.510086,1.720000,0.948600,0,0.047897,0.044504,1.932000,0.999100,0,-0.187193,0.061387,1.963000,0.999300,0
612,20.414629,1,0.063434,-0.519060,1.921000,0.999900,0,-0.269540,-0.488597,1.951000,0.999800,0,0.293319,-0.425621,1.957000,0.869100,0,-0.491160,-0.431570,1.926000,0.912300,0,0.435740,-0.541225,1.825000,0.910100,0,-0.598551,-0.514112,1.724000,0.949400,0,0.047749,0.044365,1.926000,0.999100,0,-0.186049,0.061012,1.951000,0.999300,0
613,20.447987,1,0.063995,-0.523654,1.938000,0.999900,0,-0.268573,-0.486844,1.944000,0.999800,0,0.294218,-0.426925,1.963000,0.875400,0,-0.494220,-0.434259,1.938000,0.915800,0,0.436934,-0.542708,1.830000,0.915000,0,-0.600896,-0.524315,1.739000,0.951200,0,0.048046,0.044642,1.938000,0.999100,0,-0.187766,0.061575,1.969000,0.999300,0
614,20.481344,1,0.063599,-0.520411,1.926000,0.999900,0,-0.268573,-0.486844,1.944000,0.999800,0,0.292420,-0.424316,1.951000,0.877500,0,-0.489885,-0.433614,1.921000,0.917600,0,0.438367,-0.544487,1.836000,0.916100,0,-0.604006,-0.529908,1.748000,0.952500,0,0.047749,0.044365,1.926000,0.999100,0,-0.189005,0.061981,1.982000,0.999300,0
615,20.514702,1,0.063995,-0.523654,1.938000,0.999900,0,-0.266915,-0.483839,1.932000,0.999800,0,0.291370,-0.422793,1.944000,0.877100,0,-0.486723,-0.433614,1.921000,0.918500,0,0.436934,-0.542708,1.830000,0.916100,0,-0.600896,-0.527180,1.739000,0.952100,0,0.047476,0.044112,1.915000,0.999100,0,-0.187193,0.061387,1.963000,0.999300,0
616,20.548059,1,0.063995,-0.523654,1.938000,0.999900,0,-0.267744,-0.485342,1.938000,0.999800,0,0.294218,-0.426925,1.963000,0.880300,0,-0.492690,-0.436097,1.932000,0.921200,0,0.435740,-0.541225,1.825000,0.918700,0,-0.601129,-0.535668,1.748000,0.954500,0,0.047749,0.044365,1.926000,0.999100,0,-0.186621,0.061199,1.957000,0.999300,0
617,20.581416,1,0.063434,-0.519060,1.921000,0.999900,0,-0.268573,-0.486844,1.944000,0.999800,0,0.293319,-0.425621,1.957000,0.885200,0,-0.491030,-0.437452,1.938000,0.923600,0,0.436934,-0.542708,1.830000,0.922300,0,-0.606288,-0.543169,1.763000,0.956500,0,0.047749,0.044365,1.926000,0.999000,0,-0.186049,0.061012,1.951000,0.999300,0
618,20.614774,1,0.066769,-0.520411,1.926000,0.999900,0,-0.267148,-0.490100,1.957000,0.999800,0,0.293319,-0.425621,1.957000,0.888400,0,-0.491030,-0.437452,1.938000,0.924600,0,0.435740,-0.541225,1.825000,0.926000,0,-0.603386,-0.546073,1.763000,0.958500,0,0.047625,0.044250,1.921000,0.999000,0,-0.185382,0.060793,1.944000,0.999200,0
619,20.648131,1,0.067185,-0.523654,1.938000,0.999900,0,-0.264554,-0.485342,1.938000,0.999800,0,0.294218,-0.426925,1.963000,0.888100,0,-0.489510,-0.436097,1.932000,0.925800,0,0.436934,-0.542708,1.830000,0.926700,0,-0.598781,-0.547421,1.758000,0.960000,0,0.047897,0.044504,1.932000,0.999000,0,-0.186049,0.061012,1.951000,0.999200,0
620,20.681488,1,0.067393,-0.525275,1.944000,0.999900,0,-0.266329,-0.488597,1.951000,0.999800,0,0.293319,-0.425621,1.957000,0.888600,0,-0.491030,-0.437452,1.938000,0.927000,0,0.434547,-0.539742,1.820000,0.928100,0,-0.599277,-0.556360,1.768000,0.961800,0,0.050787,0.044250,1.921000,0.998900,0,-0.186621,0.061199,1.957000,0.999200,0
621,20.714846,1,0.066769,-0.520411,1.926000,0.999900,0,-0.264554,-0.485342,1.938000,0.999800,0,0.295117,-0.428230,1.969000,0.892300,0,-0.495844,-0.438516,1.957000,0.929600,0,0.434547,-0.539742,1.820000,0.931500,0,-0.603113,-0.562653,1.788000,0.964000,0,0.050919,0.044365,1.926000,0.998900,0,-0.187193,0.061387,1.963000,0.999200,0
622,20.748203,1,0.066769,-0.520411,1.926000,0.999900,0,-0.265373,-0.486844,1.944000,0.999700,0,0.295117,-0.428230,1.969000,0.892600,0,-0.495844,-0.438516,1.957000,0.930700,0,0.440993,-0.547749,1.847000,0.932900,0,-0.601427,-0.566955,1.783000,0.965500,0,0.047625,0.044250,1.921000,0.998800,0,-0.188338,0.061762,1.975000,0.999100,0
623,20.781561,1,0.066596,-0.519060,1.921000,0.999900,0,-0.266329,-0.488597,1.951000,0.999800,0,0.293319,-0.425621,1.957000,0.891500,0,-0.497365,-0.439861,1.963000,0.930700,0,0.436934,-0.542708,1.830000,0.935000,0,-0.600171,-0.571490,1.788000,0.966700,0,0.050919,0.044365,1.926000,0.998900,0,-0.185382,0.060793,1.944000,0.999100,0
624,20.814918,1,0.067185,-0.523654,1.938000,0.999900,0,-0.266329,-0.488597,1.951000,0.999700,0,0.293319,-0.428845,1.957000,0.893400,0,-0.495844,-0.435292,1.957000,0.934100,0,0.439561,-0.549003,1.841000,0.936200,0,-0.597228,-0.574436,1.788000,0.968600,0,0.050628,0.044112,1.915000,0.998800,0,-0.183962,0.061387,1.963000,0.999100,0
625,20.848275,1,0.066977,-0.522033,1.932000,0.999900,0,-0.263118,-0.485383,1.951000,0.999700,0,0.293319,-0.428845,1.957000,0.895900,0,-0.489510,-0.426549,1.932000,0.935400,0,0.435740,-0.544232,1.825000,0.938300,0,-0.600902,-0.580933,1.799000,0.970000,0,0.050919,0.044365,1.926000,0.998700,0,-0.187193,0.061387,1.963000,0.999100,0
626,20.881633,1,0.067185,-0.523654,1.938000,0.999900,0,-0.261365,-0.482149,1.938000,0.999700,0,0.295631,-0.427530,1.951000,0.893600,0,-0.494324,-0.430744,1.951000,0.935600,0,0.436934,-0.545723,1.830000,0.938200,0,-0.602572,-0.582548,1.804000,0.970900,0,0.050787,0.044250,1.921000,0.998700,0,-0.186049,0.061012,1.951000,0.999000,0
627,20.914990,1,0.067185,-0.523654,1.938000,0.999900,0,-0.260555,-0.480656,1.932000,0.999700,0,0.296540,-0.428845,1.957000,0.891100,0,-0.492551,-0.425996,1.944000,0.935600,0,0.434547,-0.545739,1.820000,0.937900,0,-0.600902,-0.580933,1.799000,0.971400,0,0.051077,0.044504,1.932000,0.998700,0,-0.184809,0.060605,1.938000,0.999000,0
628,20.948347,1,0.066596,-0.519060,1.921000,0.999900,0,-0.261365,-0.482149,1.938000,0.999700,0,0.297449,-0.430159,1.963000,0.893400,0,-0.492551,-0.425996,1.944000,0.937800,0,0.435740,-0.547238,1.825000,0.939900,0,-0.599603,-0.582548,1.804000,0.972900,0,0.051236,0.044642,1.938000,0.998700,0,-0.186305,0.062169,1.988000,0.999100,0
629,20.981705,1,0.066769,-0.520411,1.926000,0.999900,0,-0.263118,-0.485383,1.951000,0.999700,0,0.295631,-0.427530,1.951000,0.896200,0,-0.489510,-0.423366,1.932000,0.939900,0,0.435740,-0.547238,1.825000,0.941300,0,-0.602926,-0.585777,1.814000,0.974000,0,0.050628,0.044112,1.915000,0.998700,0,-0.183962,0.061387,1.963000,0.999000,0
630,21.015062,1,0.067393,-0.525275,1.944000,0.999900,0,-0.263118,-0.485383,1.951000,0.999700,0,0.297449,-0.430159,1.963000,0.898400,0,-0.495844,-0.428845,1.957000,0.941100,0,0.435740,-0.547238,1.825000,0.943400,0,-0.601265,-0.587143,1.809000,0.975100,0,0.050919,0.044365,1.926000,0.998700,0,-0.183400,0.061199,1.957000,0.999000,0
631,21.048420,1,0.066769,-0.520411,1.926000,0.999900,0,-0.261365,-0.482149,1.938000,0.999700,0,0.295631,-0.427530,1.951000,0.899600,0,-0.491030,-0.421488,1.938000,0.943400,0,0.434547,-0.545739,1.820000,0.944600,0,-0.604921,-0.590713,1.820000,0.976300,0,0.050919,0.044365,1.926000,0.998600,0,-0.185087,0.061762,1.975000,0.999000,0
632,21.081777,1,0.067393,-0.525275,1.944000,0.999900,0,-0.261365,-0.482149,1.938000,0.999700,0,0.296540,-0.428845,1.957000,0.902100,0,-0.489510,-0.420183,1.932000,0.944200,0,0.435740,-0.547238,1.825000,0.946400,0,-0.599603,-0.585520,1.804000,0.977300,0,0.050919,0.044365,1.926000,0.998600,0,-0.183400,0.061199,1.957000,0.999000,0
633,21.115134,1,0.067185,-0.523654,1.938000,0.999800,0,-0.261365,-0.482149,1.938000,0.999700,0,0.298358,-0.431474,1.969000,0.903500,0,-0.491030,-0.418296,1.938000,0.945100,0,0.433114,-0.543940,1.814000,0.947500,0,-0.606583,-0.592336,1.825000,0.978000,0,0.050787,0.044250,1.921000,0.998500,0,-0.182838,0.061012,1.951000,0.998900,0
634,21.148492,1,0.066977,-0.522033,1.932000,0.999800,0,-0.262174,-0.483642,1.944000,0.999700,0,0.296540,-0.428845,1.957000,0.901100,0,-0.491030,-0.418296,1.938000,0.944400,0,0.435740,-0.547238,1.825000,0.946500,0,-0.606583,-0.592336,1.825000,0.978000,0,0.051236,0.044642,1.938000,0.998600,0,-0.184525,0.061575,1.969000,0.999000,0
635,21.181849,1,0.067393,-0.525275,1.944000,0.999800,0,-0.260555,-0.480656,1.932000,0.999700,0,0.294570,-0.425996,1.944000,0.903400,0,-0.492551,-0.419591,1.944000,0.945800,0,0.435740,-0.547238,1.825000,0.947800,0,-0.608244,-0.593959,1.830000,0.978600,0,0.050919,0.044365,1.926000,0.998500,0,-0.184525,0.061575,1.969000,0.998900,0
636,21.215207,1,0.066769,-0.520411,1.926000,0.999800,0,-0.262174,-0.483642,1.944000,0.999700,0,0.296540,-0.428845,1.957000,0.905100,0,-0.487990,-0.415706,1.926000,0.946400,0,0.435740,-0.547238,1.825000,0.948800,0,-0.615557,-0.601099,1.852000,0.978800,0,0.050469,0.043974,1.909000,0.998500,0,-0.183400,0.061199,1.957000,0.998900,0
637,21.248564,1,0.067185,-0.523654,1.938000,0.999800,0,-0.261365,-0.482149,1.938000,0.999700,0,0.295631,-0.427530,1.951000,0.905500,0,-0.491030,-0.415103,1.938000,0.946700,0,0.433114,-0.543940,1.814000,0.949000,0,-0.617551,-0.603047,1.858000,0.978900,0,0.051077,0.044504,1.932000,0.998500,0,-0.181620,0.060605,1.938000,0.998900,0
638,21.281921,1,0.067185,-0.523654,1.938000,0.999800,0,-0.261365,-0.478956,1.938000,0.999700,0,0.294570,-0.425996,1.944000,0.907200,0,-0.495750,-0.416388,1.944000,0.947300,0,0.442591,-0.552036,1.841000,0.949800,0,-0.622869,-0.605152,1.874000,0.979300,0,0.051077,0.044504,1.932000,0.998500,0,-0.182838,0.061012,1.951000,0.998900,0
639,21.315279,1,0.067185,-0.523654,1.938000,0.999800,0,-0.260555,-0.477474,1.932000,0.999700,0,0.295631,-0.427530,1.951000,0.909400,0,-0.491160,-0.412533,1.926000,0.948100,0,0.437542,-0.545739,1.820000,0.951000,0,-0.632508,-0.614517,1.903000,0.979800,0,0.051077,0.044504,1.932000,0.998400,0,-0.185087,0.061762,1.975000,0.998900,0
640,21.348636,1,0.067636,-0.527166,1.951000,0.999800,0,-0.261365,-0.478956,1.938000,0.999700,0,0.294570,-0.425996,1.944000,0.906900,0,-0.492690,-0.413818,1.932000,0.946600,0,0.438744,-0.547238,1.825000,0.949500,0,-0.634502,-0.616455,1.909000,0.978500,0,0.050787,0.044250,1.921000,0.998500,0,-0.182838,0.061012,1.951000,0.998900,0
641,21.381993,1,0.066769,-0.520411,1.926000,0.999800,0,-0.260555,-0.477474,1.932000,0.999700,0,0.295631,-0.427530,1.951000,0.909100,0,-0.492690,-0.413818,1.932000,0.947100,0,0.438744,-0.547238,1.825000,0.950600,0,-0.636496,-0.615237,1.915000,0.978500,0,0.050919,0.044365,1.926000,0.998500,0,-0.181620,0.060605,1.938000,0.998900,0
642,21.415351,1,0.066388,-0.517439,1.915000,0.999800,0,-0.263118,-0.482169,1.951000,0.999700,0,0.295631,-0.427530,1.951000,0.907200,0,-0.492690,-0.413818,1.932000,0.946100,0,0.437542,-0.545739,1.820000,0.949400,0,-0.632508,-0.611382,1.903000,0.977900,0,0.050919,0.044365,1.926000,0.998500,0,-0.183400,0.061199,1.957000,0.998900,0
643,21.448708,1,0.066977,-0.522033,1.932000,0.999900,0,-0.259072,-0.474755,1.921000,0.999700,0,0.296540,-0.428845,1.957000,0.910500,0,-0.489885,-0.411462,1.921000,0.947200,0,0.438744,-0.547238,1.825000,0.951100,0,-0.638490,-0.614000,1.921000,0.978400,0,0.050919,0.044365,1.926000,0.998500,0,-0.182838,0.061012,1.951000,0.998900,0
644,21.482065,1,0.069939,-0.520411,1.926000,0.999900,0,-0.260555,-0.477474,1.932000,0.999700,0,0.295631,-0.424316,1.951000,0.909400,0,-0.489885,-0.411462,1.921000,0.946300,0,0.438744,-0.547238,1.825000,0.950500,0,-0.634502,-0.607020,1.909000,0.977700,0,0.050787,0.044250,1.921000,0.998600,0,-0.183400,0.061199,1.957000,0.999000,0
645,21.515422,1,0.069757,-0.519060,1.921000,0.999900,0,-0.261365,-0.478956,1.938000,0.999700,0,0.297449,-0.426925,1.963000,0.912200,0,-0.492690,-0.413818,1.932000,0.947100,0,0.438744,-0.547238,1.825000,0.951600,0,-0.645326,-0.611151,1.932000,0.977100,0,0.050919,0.044365,1.926000,0.998600,0,-0.183962,0.061387,1.963000,0.999000,0
646,21.548780,1,0.070593,-0.525275,1.944000,0.999900,0,-0.257375,-0.477474,1.932000,0.999700,0,0.296540,-0.425621,1.957000,0.913400,0,-0.491160,-0.412533,1.926000,0.945800,0,0.439946,-0.545723,1.830000,0.951700,0,-0.643322,-0.602907,1.926000,0.976000,0,0.050919,0.044365,1.926000,0.998600,0,-0.186049,0.061012,1.951000,0.999000,0
647,21.582137,1,0.069322,-0.515818,1.909000,0.999900,0,-0.257375,-0.477474,1.932000,0.999700,0,0.295631,-0.421102,1.951000,0.912900,0,-0.488355,-0.410177,1.915000,0.943000,0,0.439946,-0.545723,1.830000,0.951200,0,-0.645326,-0.595237,1.932000,0.973600,0,0.050919,0.044365,1.926000,0.998700,0,-0.186621,0.061199,1.957000,0.999000,0
648,21.615494,1,0.069540,-0.514284,1.915000,0.999900,0,-0.258175,-0.478956,1.938000,0.999700,0,0.297449,-0.423692,1.963000,0.913800,0,-0.486825,-0.408891,1.909000,0.942700,0,0.439946,-0.545723,1.830000,0.950900,0,-0.643322,-0.587042,1.926000,0.972700,0,0.050919,0.044365,1.926000,0.998600,0,-0.187766,0.061575,1.969000,0.999000,0
649,21.648851,1,0.069757,-0.515896,1.921000,0.999900,0,-0.258175,-0.478956,1.938000,0.999700,0,0.295631,-0.421102,1.951000,0.913200,0,-0.494220,-0.415103,1.938000,0.942300,0,0.441389,-0.547512,1.836000,0.950300,0,-0.651673,-0.591448,1.951000,0.972200,0,0.050919,0.041193,1.926000,0.998700,0,-0.186049,0.057798,1.951000,0.999000,0
650,21.682209,1,0.069104,-0.511062,1.903000,0.999900,0,-0.258175,-0.478956,1.938000,0.999700,0,0.297449,-0.423692,1.963000,0.913400,0,-0.491030,-0.411910,1.938000,0.942200,0,0.439946,-0.542708,1.830000,0.947900,0,-0.656439,-0.585709,1.975000,0.968700,0,0.051077,0.041321,1.932000,0.998800,0,-0.186049,0.057798,1.951000,0.999000,0
651,21.715566,1,0.070157,-0.518850,1.932000,0.999900,0,-0.258974,-0.480439,1.944000,0.999700,0,0.294570,-0.416388,1.944000,0.915400,0,-0.492623,-0.415949,1.957000,0.942700,0,0.444033,-0.547749,1.847000,0.946100,0,-0.648462,-0.568950,1.951000,0.964600,0,0.050628,0.040957,1.915000,0.998800,0,-0.188338,0.058509,1.975000,0.999100,0
652,21.748923,1,0.069322,-0.512673,1.909000,0.999900,0,-0.258175,-0.478956,1.938000,0.999700,0,0.294570,-0.416388,1.944000,0.912900,0,-0.491113,-0.411459,1.951000,0.937300,0,0.438744,-0.541225,1.825000,0.942800,0,-0.648462,-0.562521,1.951000,0.953100,0,0.050787,0.037921,1.921000,0.998900,0,-0.184809,0.057413,1.938000,0.999100,0
653,21.782281,1,0.070375,-0.520461,1.938000,0.999900,0,-0.257375,-0.477474,1.932000,0.999700,0,0.295631,-0.417887,1.951000,0.914700,0,-0.484820,-0.403014,1.926000,0.937200,0,0.438744,-0.541225,1.825000,0.942100,0,-0.646135,-0.557301,1.944000,0.947700,0,0.050919,0.038020,1.926000,0.998900,0,-0.187193,0.058153,1.963000,0.999100,0
654,21.815638,1,0.069757,-0.515896,1.921000,0.999900,0,-0.258175,-0.478956,1.938000,0.999700,0,0.294570,-0.416388,1.944000,0.916000,0,-0.484651,-0.402332,1.938000,0.935900,0,0.438744,-0.541225,1.825000,0.940800,0,-0.648462,-0.552879,1.951000,0.941300,0,0.050628,0.037802,1.915000,0.998900,0,-0.187766,0.058331,1.969000,0.999200,0
655,21.848995,1,0.069322,-0.512673,1.909000,0.999900,0,-0.258974,-0.480439,1.944000,0.999700,0,0.296540,-0.419173,1.957000,0.919600,0,-0.483150,-0.397904,1.932000,0.935900,0,0.444033,-0.547749,1.847000,0.942000,0,-0.652450,-0.556280,1.963000,0.937300,0,0.047749,0.038020,1.926000,0.999000,0,-0.186621,0.057975,1.957000,0.999200,0
656,21.882352,1,0.069939,-0.517238,1.926000,0.999900,0,-0.258974,-0.480439,1.944000,0.999700,0,0.293661,-0.415103,1.938000,0.919700,0,-0.489402,-0.403053,1.957000,0.933300,0,0.441389,-0.544487,1.836000,0.940000,0,-0.644141,-0.546003,1.938000,0.929500,0,0.047327,0.037684,1.909000,0.999000,0,-0.185382,0.057590,1.944000,0.999200,0
657,21.915709,1,0.070593,-0.522072,1.944000,0.999900,0,-0.258175,-0.478956,1.938000,0.999700,0,0.296540,-0.419173,1.957000,0.922900,0,-0.480399,-0.395638,1.921000,0.934400,0,0.442591,-0.545970,1.841000,0.941200,0,-0.648462,-0.549665,1.951000,0.928300,0,0.047749,0.038020,1.926000,0.999100,0,-0.188338,0.058509,1.975000,0.999200,0
658,21.949067,1,0.069939,-0.517238,1.926000,0.999900,0,-0.259907,-0.482169,1.951000,0.999700,0,0.295631,-0.417887,1.951000,0.925400,0,-0.484651,-0.395947,1.938000,0.934700,0,0.445235,-0.549232,1.852000,0.941800,0,-0.652450,-0.553046,1.963000,0.925700,0,0.047749,0.038020,1.926000,0.999100,0,-0.186049,0.057798,1.951000,0.999300,0
659,21.982424,1,0.071065,-0.525564,1.957000,0.999900,0,-0.259907,-0.482169,1.951000,0.999700,0,0.296540,-0.419173,1.957000,0.926100,0,-0.486151,-0.397173,1.944000,0.934500,0,0.446678,-0.551012,1.858000,0.941300,0,-0.650456,-0.551355,1.957000,0.924000,0,0.047476,0.037802,1.915000,0.999100,0,-0.189005,0.058716,1.982000,0.999300,0
660,22.015781,1,0.069939,-0.517238,1.926000,0.999900,0,-0.258175,-0.478956,1.938000,0.999700,0,0.298358,-0.421743,1.969000,0.928100,0,-0.489402,-0.399829,1.957000,0.935400,0,0.444033,-0.547749,1.847000,0.941800,0,-0.648462,-0.549665,1.951000,0.921900,0,0.051077,0.041321,1.932000,0.999100,0,-0.187193,0.058153,1.963000,0.999300,0
661,22.049138,1,0.070593,-0.522072,1.944000,0.999900,0,-0.258175,-0.478956,1.938000,0.999700,0,0.295631,-0.417887,1.951000,0.927600,0,-0.490903,-0.401055,1.963000,0.934000,0,0.445235,-0.549232,1.852000,0.940600,0,-0.650456,-0.551355,1.957000,0.919400,0,0.047749,0.038020,1.926000,0.999100,0,-0.187193,0.058153,1.963000,0.999300,0
662,22.082496,1,0.070593,-0.522072,1.944000,0.999900,0,-0.258175,-0.478956,1.938000,0.999700,0,0.295631,-0.417887,1.951000,0.926600,0,-0.480399,-0.392474,1.921000,0.932000,0,0.446678,-0.554072,1.858000,0.939300,0,-0.644141,-0.546003,1.938000,0.914800,0,0.047749,0.038020,1.926000,0.999200,0,-0.187193,0.058153,1.963000,0.999300,0
663,22.115853,1,0.069939,-0.517238,1.926000,0.999900,0,-0.258175,-0.478956,1.938000,0.999700,0,0.296540,-0.419173,1.957000,0.926000,0,-0.484651,-0.395947,1.938000,0.928900,0,0.446678,-0.554072,1.858000,0.939000,0,-0.646135,-0.547693,1.944000,0.912100,0,0.047749,0.038020,1.926000,0.999200,0,-0.187193,0.058153,1.963000,0.999300,0
664,22.149210,1,0.070157,-0.518850,1.932000,0.999900,0,-0.258974,-0.480439,1.944000,0.999700,0,0.295631,-0.421102,1.951000,0.925900,0,-0.481650,-0.393495,1.926000,0.927800,0,0.444033,-0.550792,1.847000,0.938800,0,-0.645326,-0.544312,1.932000,0.909600,0,0.050787,0.037921,1.921000,0.999200,0,-0.187766,0.058331,1.969000,0.999300,0
665,22.182568,1,0.069939,-0.517238,1.926000,0.999900,0,-0.257375,-0.477474,1.932000,0.999700,0,0.296540,-0.422397,1.957000,0.927900,0,-0.493904,-0.403506,1.975000,0.928500,0,0.445235,-0.552283,1.852000,0.940700,0,-0.645326,-0.544312,1.932000,0.911400,0,0.050787,0.037921,1.921000,0.999200,0,-0.186621,0.057975,1.957000,0.999300,0
666,22.215925,1,0.071065,-0.525564,1.957000,0.999900,0,-0.258974,-0.477237,1.944000,0.999700,0,0.294570,-0.419591,1.944000,0.928000,0,-0.481650,-0.393495,1.926000,0.929100,0,0.444033,-0.550792,1.847000,0.939800,0,-0.643322,-0.542622,1.926000,0.910200,0,0.050628,0.037802,1.915000,0.999200,0,-0.186621,0.057975,1.957000,0.999300,0
667,22.249282,1,0.069540,-0.514284,1.915000,0.999900,0,-0.258175,-0.475764,1.938000,0.999700,0,0.295631,-0.421102,1.951000,0.928900,0,-0.483150,-0.394721,1.932000,0.930300,0,0.444033,-0.550792,1.847000,0.940200,0,-0.643322,-0.542622,1.926000,0.911600,0,0.050628,0.037802,1.915000,0.999200,0,-0.187193,0.058153,1.963000,0.999300,0
668,22.282639,1,0.069939,-0.517238,1.926000,0.999900,0,-0.258175,-0.475764,1.938000,0.999700,0,0.295631,-0.421102,1.951000,0.930800,0,-0.489402,-0.399829,1.957000,0.931200,0,0.446678,-0.557133,1.858000,0.942300,0,-0.643322,-0.542622,1.926000,0.914300,0,0.051077,0.038138,1.932000,0.999200,0,-0.187193,0.058153,1.963000,0.999300,0
669,22.315997,1,0.069939,-0.517238,1.926000,0.999900,0,-0.258175,-0.475764,1.938000,0.999700,0,0.296540,-0.422397,1.957000,0.930600,0,-0.489402,-0.399829,1.957000,0.931300,0,0.446678,-0.557133,1.858000,0.942200,0,-0.647331,-0.546003,1.938000,0.915700,0,0.051077,0.038138,1.932000,0.999200,0,-0.187193,0.058153,1.963000,0.999300,0
670,22.349354,1,0.070157,-0.518850,1.932000,0.999900,0,-0.258175,-0.475764,1.938000,0.999700,0,0.294570,-0.419591,1.944000,0.932000,0,-0.486151,-0.397173,1.944000,0.931900,0,0.449322,-0.560432,1.869000,0.943000,0,-0.647331,-0.546003,1.938000,0.916200,0,0.050919,0.038020,1.926000,0.999200,0,-0.182838,0.054584,1.951000,0.999300,0
671,22.382711,1,0.070157,-0.518850,1.932000,0.999900,0,-0.257375,-0.474291,1.932000,0.999700,0,0.295631,-0.421102,1.951000,0.931400,0,-0.492403,-0.402280,1.969000,0.932400,0,0.449322,-0.560432,1.869000,0.941800,0,-0.637644,-0.537832,1.909000,0.915900,0,0.050919,0.038020,1.926000,0.999200,0,-0.186049,0.054584,1.951000,0.999300,0
672,22.416068,1,0.069939,-0.517238,1.926000,0.999900,0,-0.258974,-0.477237,1.944000,0.999700,0,0.295631,-0.421102,1.951000,0.930900,0,-0.484651,-0.395947,1.938000,0.932400,0,0.444033,-0.553835,1.847000,0.939400,0,-0.645326,-0.544312,1.932000,0.912900,0,0.050919,0.038020,1.926000,0.999200,0,-0.187766,0.055087,1.969000,0.999300,0
673,22.449425,1,0.071065,-0.525564,1.957000,0.999900,0,-0.258175,-0.475764,1.938000,0.999700,0,0.297449,-0.423692,1.963000,0.931700,0,-0.480399,-0.392474,1.921000,0.933300,0,0.446678,-0.557133,1.858000,0.939700,0,-0.645326,-0.544312,1.932000,0.913100,0,0.051236,0.038256,1.938000,0.999200,0,-0.187193,0.054919,1.963000,0.999300,0
674,22.482782,1,0.069757,-0.515896,1.921000,0.999900,0,-0.258175,-0.475764,1.938000,0.999700,0,0.296540,-0.422397,1.957000,0.932700,0,-0.478899,-0.391248,1.915000,0.934400,0,0.445235,-0.555334,1.852000,0.939600,0,-0.641652,-0.541213,1.921000,0.912200,0,0.050919,0.038020,1.926000,0.999200,0,-0.185382,0.054388,1.944000,0.999300,0
675,22.516139,1,0.070593,-0.522072,1.944000,0.999900,0,-0.257375,-0.474291,1.932000,0.999600,0,0.295631,-0.421102,1.951000,0.933500,0,-0.487902,-0.401817,1.951000,0.935600,0,0.445235,-0.555334,1.852000,0.940100,0,-0.641652,-0.544378,1.921000,0.913900,0,0.051580,0.038513,1.951000,0.999200,0,-0.188338,0.058509,1.975000,0.999300,0
676,22.549497,1,0.070375,-0.520461,1.938000,0.999900,0,-0.258175,-0.475764,1.938000,0.999700,0,0.295631,-0.421102,1.951000,0.932000,0,-0.489351,-0.400375,1.944000,0.934600,0,0.441389,-0.550537,1.836000,0.939900,0,-0.645326,-0.550678,1.932000,0.914800,0,0.051236,0.038256,1.938000,0.999200,0,-0.186621,0.057975,1.957000,0.999300,0
677,22.582854,1,0.070157,-0.518850,1.932000,0.999900,0,-0.257375,-0.474291,1.932000,0.999700,0,0.295631,-0.421102,1.951000,0.932600,0,-0.492623,-0.406277,1.957000,0.935900,0,0.442591,-0.552036,1.841000,0.940800,0,-0.648506,-0.553860,1.932000,0.916000,0,0.050469,0.037684,1.909000,0.999200,0,-0.186621,0.057975,1.957000,0.999200,0
678,22.616211,1,0.067393,-0.522072,1.944000,0.999900,0,-0.258175,-0.475764,1.938000,0.999700,0,0.296540,-0.422397,1.957000,0.934800,0,-0.498885,-0.412012,1.969000,0.937900,0,0.439946,-0.548737,1.830000,0.943200,0,-0.646492,-0.555313,1.926000,0.920300,0,0.050919,0.038020,1.926000,0.999100,0,-0.186621,0.057975,1.957000,0.999200,0
679,22.649568,1,0.067185,-0.520461,1.938000,0.999900,0,-0.259907,-0.482169,1.951000,0.999700,0,0.296540,-0.425621,1.957000,0.935900,0,-0.491030,-0.405525,1.938000,0.939400,0,0.439946,-0.548737,1.830000,0.944300,0,-0.650520,-0.561966,1.938000,0.923500,0,0.050787,0.037921,1.921000,0.999100,0,-0.188338,0.058509,1.975000,0.999200,0
680,22.682925,1,0.066388,-0.514284,1.915000,0.999900,0,-0.257375,-0.477474,1.932000,0.999700,0,0.294570,-0.422793,1.944000,0.935400,0,-0.494324,-0.411459,1.951000,0.939600,0,0.441389,-0.550537,1.836000,0.944100,0,-0.649662,-0.558486,1.926000,0.925000,0,0.050787,0.037921,1.921000,0.999100,0,-0.187193,0.054919,1.963000,0.999200,0
681,22.716282,1,0.070593,-0.522072,1.944000,0.999900,0,-0.258175,-0.478956,1.938000,0.999700,0,0.295631,-0.424316,1.951000,0.934600,0,-0.492551,-0.409983,1.944000,0.940200,0,0.444033,-0.553835,1.847000,0.942800,0,-0.645952,-0.558451,1.915000,0.925700,0,0.047476,0.037802,1.915000,0.999100,0,-0.187193,0.054919,1.963000,0.999200,0
682,22.749639,1,0.070157,-0.518850,1.932000,0.999900,0,-0.263927,-0.483652,1.957000,0.999700,0,0.295631,-0.424316,1.951000,0.934400,0,-0.491030,-0.411910,1.938000,0.940600,0,0.442591,-0.552036,1.841000,0.943900,0,-0.647976,-0.563366,1.921000,0.928600,0,0.047476,0.037802,1.915000,0.999100,0,-0.186049,0.054584,1.951000,0.999200,0
683,22.782996,1,0.069939,-0.520411,1.926000,0.999900,0,-0.262174,-0.483642,1.944000,0.999700,0,0.295631,-0.424316,1.951000,0.934100,0,-0.492551,-0.413186,1.944000,0.942000,0,0.439946,-0.551752,1.830000,0.944000,0,-0.645952,-0.564761,1.915000,0.931600,0,0.047897,0.038138,1.932000,0.999100,0,-0.186049,0.054584,1.951000,0.999200,0
684,22.816354,1,0.069322,-0.515818,1.909000,0.999900,0,-0.260555,-0.480656,1.932000,0.999700,0,0.295631,-0.424316,1.951000,0.935800,0,-0.495750,-0.416388,1.944000,0.943300,0,0.447073,-0.556878,1.847000,0.946100,0,-0.645952,-0.571070,1.915000,0.934800,0,0.047897,0.038138,1.932000,0.999100,0,-0.187193,0.054919,1.963000,0.999200,0
685,22.849711,1,0.066596,-0.519060,1.921000,0.999900,0,-0.259072,-0.477920,1.921000,0.999700,0,0.296540,-0.425621,1.957000,0.936300,0,-0.489885,-0.414626,1.921000,0.944200,0,0.442958,-0.551752,1.830000,0.947200,0,-0.645952,-0.574225,1.915000,0.937900,0,0.048046,0.038256,1.938000,0.999100,0,-0.186049,0.054584,1.951000,0.999200,0
686,22.883068,1,0.066180,-0.515818,1.909000,0.999900,0,-0.260555,-0.483839,1.932000,0.999700,0,0.296540,-0.428845,1.957000,0.938000,0,-0.489967,-0.412036,1.909000,0.945300,0,0.441389,-0.553561,1.836000,0.949500,0,-0.649104,-0.580535,1.915000,0.941100,0,0.047625,0.037921,1.921000,0.999000,0,-0.190424,0.054919,1.963000,0.999200,0
687,22.916425,1,0.066977,-0.522033,1.932000,0.999900,0,-0.259072,-0.484249,1.921000,0.999700,0,0.296540,-0.428845,1.957000,0.935200,0,-0.497410,-0.421488,1.938000,0.944600,0,0.447073,-0.556878,1.847000,0.948200,0,-0.652256,-0.583690,1.915000,0.943400,0,0.047749,0.034847,1.926000,0.999000,0,-0.191588,0.055255,1.975000,0.999100,0
688,22.949782,1,0.066596,-0.522225,1.921000,0.999900,0,-0.259746,-0.488682,1.926000,0.999700,0,0.293661,-0.424681,1.938000,0.936000,0,-0.497410,-0.421488,1.938000,0.946000,0,0.441389,-0.553561,1.836000,0.949000,0,-0.651301,-0.583167,1.903000,0.945600,0,0.048046,0.035064,1.938000,0.999000,0,-0.190424,0.054919,1.963000,0.999100,0
689,22.983139,1,0.066769,-0.523584,1.926000,0.999900,0,-0.264554,-0.491727,1.938000,0.999700,0,0.295631,-0.430744,1.951000,0.936600,0,-0.503958,-0.427530,1.951000,0.947300,0,0.441389,-0.553561,1.836000,0.950800,0,-0.656496,-0.591295,1.909000,0.948500,0,0.047749,0.034847,1.926000,0.998900,0,-0.189842,0.054751,1.957000,0.999100,0
690,23.016496,1,0.066388,-0.520594,1.915000,0.999900,0,-0.262234,-0.487414,1.921000,0.999700,0,0.295631,-0.430744,1.951000,0.938800,0,-0.510288,-0.433393,1.963000,0.949200,0,0.438744,-0.550245,1.825000,0.953500,0,-0.649618,-0.585410,1.880000,0.951600,0,0.047625,0.037921,1.921000,0.998900,0,-0.189260,0.054584,1.951000,0.999100,0
691,23.049853,1,0.066388,-0.520594,1.915000,0.999900,0,-0.265373,-0.496452,1.944000,0.999700,0,0.294218,-0.433393,1.963000,0.937300,0,-0.503789,-0.427874,1.938000,0.949300,0,0.439946,-0.548737,1.830000,0.953300,0,-0.655492,-0.593829,1.897000,0.954000,0,0.044579,0.034847,1.926000,0.998900,0,-0.189260,0.051369,1.951000,0.999100,0
692,23.083210,1,0.063038,-0.522108,1.909000,0.999900,0,-0.262916,-0.491855,1.926000,0.999700,0,0.293319,-0.432068,1.957000,0.938600,0,-0.503840,-0.428397,1.926000,0.950700,0,0.437542,-0.548737,1.820000,0.954700,0,-0.658614,-0.596954,1.897000,0.956000,0,0.044856,0.035064,1.938000,0.998800,0,-0.189260,0.051369,1.951000,0.999000,0
693,23.116567,1,0.063038,-0.522108,1.909000,0.999900,0,-0.262234,-0.490578,1.921000,0.999700,0,0.292420,-0.430744,1.951000,0.935700,0,-0.505410,-0.429732,1.932000,0.950300,0,0.437542,-0.545739,1.820000,0.953700,0,-0.645074,-0.587742,1.858000,0.957100,0,0.047476,0.037802,1.915000,0.998800,0,-0.189260,0.054584,1.951000,0.999000,0
694,23.149925,1,0.063599,-0.526757,1.926000,0.999900,0,-0.263735,-0.493387,1.932000,0.999700,0,0.293319,-0.432068,1.957000,0.935500,0,-0.506979,-0.431066,1.938000,0.951600,0,0.439561,-0.552036,1.841000,0.954000,0,-0.656531,-0.604412,1.891000,0.959500,0,0.047476,0.037802,1.915000,0.998800,0,-0.192471,0.054584,1.951000,0.999000,0
695,23.183282,1,0.063599,-0.526757,1.926000,0.999900,0,-0.266086,-0.491855,1.926000,0.999700,0,0.291370,-0.429198,1.944000,0.929900,0,-0.504115,-0.425950,1.915000,0.951200,0,0.437542,-0.545739,1.820000,0.950400,0,-0.645074,-0.596925,1.858000,0.961200,0,0.044463,0.037921,1.921000,0.998700,0,-0.193655,0.054919,1.963000,0.999000,0
696,23.216639,1,0.063236,-0.523749,1.915000,0.999900,0,-0.262916,-0.491855,1.926000,0.999700,0,0.292420,-0.430744,1.951000,0.928200,0,-0.507010,-0.428397,1.926000,0.951400,0,0.436934,-0.548737,1.830000,0.949600,0,-0.646810,-0.598531,1.863000,0.962400,0,0.044324,0.037802,1.915000,0.998800,0,-0.189260,0.054584,1.951000,0.999000,0
697,23.249996,1,0.063995,-0.530039,1.938000,0.999900,0,-0.267744,-0.494920,1.938000,0.999700,0,0.294218,-0.433393,1.963000,0.929500,0,-0.508590,-0.432915,1.932000,0.952300,0,0.438367,-0.550537,1.836000,0.951400,0,-0.638365,-0.587929,1.830000,0.964500,0,0.044579,0.038020,1.926000,0.998700,0,-0.192471,0.054584,1.951000,0.999000,0
698,23.283353,1,0.063599,-0.526757,1.926000,0.999900,0,-0.267744,-0.494920,1.938000,0.999700,0,0.292420,-0.430744,1.951000,0.928900,0,-0.504115,-0.429105,1.915000,0.952600,0,0.437542,-0.545739,1.820000,0.951100,0,-0.634876,-0.587715,1.820000,0.965800,0,0.044718,0.038138,1.932000,0.998700,0,-0.187999,0.054220,1.938000,0.999000,0
699,23.316710,1,0.063797,-0.528398,1.932000,0.999900,0,-0.266086,-0.491855,1.926000,0.999700,0,0.291370,-0.429198,1.944000,0.928600,0,-0.505694,-0.430450,1.921000,0.954300,0,0.438744,-0.550245,1.825000,0.950600,0,-0.638365,-0.590944,1.830000,0.967200,0,0.044324,0.037802,1.915000,0.998700,0,-0.189260,0.057798,1.951000,0.999000,0
700,23.350067,1,0.063434,-0.525390,1.921000,0.999900,0,-0.266915,-0.493387,1.932000,0.999700,0,0.294218,-0.433393,1.963000,0.927300,0,-0.508590,-0.432915,1.932000,0.954600,0,0.438744,-0.550245,1.825000,0.950300,0,-0.632784,-0.588766,1.814000,0.968600,0,0.044579,0.038020,1.926000,0.998600,0,-0.192471,0.057798,1.951000,0.998900,0
701,23.383424,1,0.064623,-0.535236,1.957000,0.999900,0,-0.265396,-0.487414,1.921000,0.999700,0,0.292420,-0.430744,1.951000,0.924400,0,-0.510169,-0.437452,1.938000,0.953800,0,0.442591,-0.555069,1.841000,0.949000,0,-0.634876,-0.590713,1.820000,0.969300,0,0.044463,0.037921,1.921000,0.998600,0,-0.192471,0.057798,1.951000,0.998900,0
702,23.416781,1,0.064193,-0.528478,1.944000,0.999900,0,-0.266915,-0.490205,1.932000,0.999700,0,0.291370,-0.429198,1.944000,0.924800,0,-0.504115,-0.432260,1.915000,0.953800,0,0.438744,-0.550245,1.825000,0.950200,0,-0.634876,-0.590713,1.820000,0.970500,0,0.044463,0.037921,1.921000,0.998600,0,-0.189260,0.057798,1.951000,0.998900,0
703,23.450139,1,0.063599,-0.523584,1.926000,0.999900,0,-0.266915,-0.490205,1.932000,0.999700,0,0.292420,-0.430744,1.951000,0.924200,0,-0.502535,-0.430906,1.909000,0.953900,0,0.437542,-0.548737,1.820000,0.950500,0,-0.627551,-0.586861,1.799000,0.971400,0,0.044579,0.038020,1.926000,0.998500,0,-0.194247,0.058331,1.969000,0.998900,0
704,23.483496,1,0.063995,-0.526846,1.938000,0.999900,0,-0.266915,-0.487022,1.932000,0.999700,0,0.291370,-0.429198,1.944000,0.924100,0,-0.504115,-0.432260,1.915000,0.954100,0,0.434898,-0.548401,1.809000,0.950300,0,-0.625807,-0.585230,1.794000,0.972100,0,0.044324,0.040957,1.915000,0.998600,0,-0.189260,0.057798,1.951000,0.998900,0
705,23.516853,1,0.063995,-0.526846,1.938000,0.999900,0,-0.266915,-0.487022,1.932000,0.999700,0,0.290471,-0.427874,1.938000,0.922700,0,-0.507010,-0.434743,1.926000,0.954200,0,0.436934,-0.554767,1.830000,0.950200,0,-0.623714,-0.583272,1.788000,0.973100,0,0.044463,0.041086,1.921000,0.998500,0,-0.189260,0.057798,1.951000,0.998900,0
706,23.550210,1,0.063434,-0.522225,1.921000,0.999900,0,-0.266915,-0.487022,1.932000,0.999700,0,0.291370,-0.429198,1.944000,0.921100,0,-0.510169,-0.437452,1.938000,0.954100,0,0.438367,-0.556586,1.836000,0.949800,0,-0.627551,-0.586861,1.799000,0.973800,0,0.047625,0.041086,1.921000,0.998500,0,-0.187999,0.057413,1.938000,0.998800,0
707,23.583567,1,0.063995,-0.526846,1.938000,0.999800,0,-0.266915,-0.483839,1.932000,0.999700,0,0.292420,-0.430744,1.951000,0.919400,0,-0.504115,-0.432260,1.915000,0.953600,0,0.430726,-0.549857,1.804000,0.949100,0,-0.620226,-0.580010,1.778000,0.974400,0,0.047749,0.041193,1.926000,0.998400,0,-0.189260,0.057798,1.951000,0.998800,0
708,23.616925,1,0.063038,-0.518963,1.909000,0.999800,0,-0.267744,-0.485342,1.938000,0.999700,0,0.294218,-0.433393,1.963000,0.920000,0,-0.505694,-0.433614,1.921000,0.953900,0,0.435740,-0.556258,1.825000,0.949700,0,-0.625807,-0.585230,1.794000,0.975000,0,0.047476,0.040957,1.915000,0.998400,0,-0.189260,0.061012,1.951000,0.998800,0
709,23.650281,1,0.063995,-0.526846,1.938000,0.999800,0,-0.268573,-0.486844,1.944000,0.999700,0,0.292420,-0.430744,1.951000,0.918700,0,-0.507010,-0.434743,1.926000,0.953800,0,0.435740,-0.556258,1.825000,0.948900,0,-0.623714,-0.580327,1.788000,0.975500,0,0.047625,0.041086,1.921000,0.998400,0,-0.188581,0.060793,1.944000,0.998800,0
710,23.683639,1,0.063599,-0.523584,1.926000,0.999800,0,-0.266915,-0.483839,1.932000,0.999700,0,0.293319,-0.432068,1.957000,0.919300,0,-0.502532,-0.430450,1.921000,0.954500,0,0.434547,-0.557732,1.820000,0.949300,0,-0.621970,-0.578704,1.783000,0.976000,0,0.047897,0.041321,1.932000,0.998300,0,-0.189842,0.061199,1.957000,0.998700,0
711,23.716996,1,0.064424,-0.530381,1.951000,0.999800,0,-0.267744,-0.485342,1.938000,0.999700,0,0.289572,-0.426549,1.932000,0.920600,0,-0.506979,-0.434259,1.938000,0.954400,0,0.436934,-0.560796,1.830000,0.950900,0,-0.625807,-0.582274,1.794000,0.976800,0,0.047625,0.041086,1.921000,0.998300,0,-0.189260,0.061012,1.951000,0.998800,0
712,23.750353,1,0.063995,-0.526846,1.938000,0.999800,0,-0.267744,-0.482149,1.938000,0.999700,0,0.291370,-0.429198,1.944000,0.921100,0,-0.505410,-0.429732,1.932000,0.954400,0,0.434547,-0.557732,1.820000,0.951400,0,-0.627551,-0.583897,1.799000,0.977400,0,0.047897,0.041321,1.932000,0.998300,0,-0.189260,0.061012,1.951000,0.998800,0
713,23.783710,1,0.063599,-0.523584,1.926000,0.999800,0,-0.266086,-0.479164,1.926000,0.999700,0,0.290471,-0.427874,1.938000,0.921300,0,-0.503840,-0.428397,1.926000,0.954400,0,0.434547,-0.557732,1.820000,0.951300,0,-0.629295,-0.582548,1.804000,0.977700,0,0.047476,0.044112,1.915000,0.998300,0,-0.189260,0.061012,1.951000,0.998700,0
714,23.817067,1,0.063599,-0.523584,1.926000,0.999800,0,-0.267744,-0.482149,1.938000,0.999700,0,0.292420,-0.433958,1.951000,0.920300,0,-0.505410,-0.429732,1.932000,0.953700,0,0.434547,-0.557732,1.820000,0.951300,0,-0.625807,-0.579319,1.794000,0.977900,0,0.050628,0.044112,1.915000,0.998300,0,-0.190424,0.064621,1.963000,0.998800,0
715,23.850425,1,0.063236,-0.520594,1.915000,0.999800,0,-0.269540,-0.485383,1.951000,0.999700,0,0.293319,-0.435292,1.957000,0.920000,0,-0.510380,-0.433958,1.951000,0.954200,0,0.433114,-0.558882,1.814000,0.951400,0,-0.625807,-0.576363,1.794000,0.978300,0,0.050628,0.044112,1.915000,0.998300,0,-0.188581,0.060793,1.944000,0.998700,0
716,23.883782,1,0.063599,-0.523584,1.926000,0.999800,0,-0.267744,-0.482149,1.938000,0.999700,0,0.291370,-0.432401,1.944000,0.920600,0,-0.508549,-0.432401,1.944000,0.953800,0,0.435740,-0.562271,1.825000,0.952000,0,-0.625807,-0.576363,1.794000,0.978100,0,0.050919,0.044365,1.926000,0.998300,0,-0.189260,0.061012,1.951000,0.998700,0
717,23.917139,1,0.064193,-0.525275,1.944000,0.999800,0,-0.267744,-0.482149,1.938000,0.999700,0,0.291370,-0.432401,1.944000,0.921000,0,-0.511950,-0.435292,1.957000,0.953800,0,0.434547,-0.560730,1.820000,0.952200,0,-0.629295,-0.579576,1.804000,0.978500,0,0.051077,0.044504,1.932000,0.998300,0,-0.191588,0.065016,1.975000,0.998700,0
718,23.950496,1,0.063434,-0.519060,1.921000,0.999800,0,-0.266086,-0.479164,1.926000,0.999700,0,0.293319,-0.435292,1.957000,0.919700,0,-0.506979,-0.431066,1.938000,0.952800,0,0.431920,-0.557341,1.809000,0.952200,0,-0.629295,-0.579576,1.804000,0.978700,0,0.050919,0.044365,1.926000,0.998300,0,-0.185382,0.063995,1.944000,0.998700,0
719,23.983853,1,0.063797,-0.522033,1.932000,0.999800,0,-0.266915,-0.480656,1.932000,0.999700,0,0.293319,-0.435292,1.957000,0.917400,0,-0.503840,-0.428397,1.926000,0.952100,0,0.434547,-0.560730,1.820000,0.951000,0,-0.625807,-0.573408,1.794000,0.978400,0,0.050919,0.044365,1.926000,0.998300,0,-0.185382,0.063995,1.944000,0.998700,0
720,24.017210,1,0.066388,-0.517439,1.915000,0.999800,0,-0.268573,-0.483642,1.944000,0.999700,0,0.290471,-0.431066,1.938000,0.916400,0,-0.502532,-0.427285,1.921000,0.951900,0,0.436934,-0.563811,1.830000,0.950300,0,-0.625807,-0.573408,1.794000,0.978200,0,0.050628,0.044112,1.915000,0.998300,0,-0.186621,0.064423,1.957000,0.998700,0
