frame,time_s,has_pose,left_shoulder_x,left_shoulder_y,left_shoulder_z,left_shoulder_vis,left_shoulder_src,right_shoulder_x,right_shoulder_y,right_shoulder_z,right_shoulder_vis,right_shoulder_src,left_elbow_x,left_elbow_y,left_elbow_z,left_elbow_vis,left_elbow_src,right_elbow_x,right_elbow_y,right_elbow_z,right_elbow_vis,right_elbow_src,left_wrist_x,left_wrist_y,left_wrist_z,left_wrist_vis,left_wrist_src,right_wrist_x,right_wrist_y,right_wrist_z,right_wrist_vis,right_wrist_src,left_hip_x,left_hip_y,left_hip_z,left_hip_vis,left_hip_src,right_hip_x,right_hip_y,right_hip_z,right_hip_vis,right_hip_src
0,0.000000,1,0.066388,-0.520594,1.915000,0.9998,0,-0.284366,-0.474755,1.921000,0.9997,0,0.294247,-0.443108,1.921000,0.9177,0,-0.538542,-0.435821,1.903000,0.9286,0,0.410491,-0.594224,1.768000,0.9211,0,-0.767969,-0.399733,1.852000,0.8967,0,0.054089,0.044365,1.926000,0.9988,0,-0.186621,0.064423,1.957000,0.9991,0
1,0.033357,1,0.066180,-0.518963,1.909000,0.9998,0,-0.285995,-0.477474,1.932000,0.9997,0,0.296851,-0.453415,1.938000,0.9154,0,-0.524109,-0.424141,1.852000,0.9288,0,0.411652,-0.595904,1.773000,0.9183,0,-0.772531,-0.402108,1.863000,0.8973,0,0.050628,0.044112,1.915000,0.9988,0,-0.187417,0.063600,1.932000,0.9991,0
2,0.066714,1,0.066596,-0.525390,1.921000,0.9998,0,-0.284366,-0.474755,1.921000,0.9997,0,0.292409,-0.452920,1.909000,0.9132,0,-0.532033,-0.430554,1.880000,0.9298,0,0.412813,-0.594656,1.778000,0.9172,0,-0.770457,-0.401029,1.858000,0.9004,0,0.053611,0.043974,1.909000,0.9988,0,-0.187999,0.063798,1.938000,0.9991,0
3,0.100071,1,0.063038,-0.522108,1.909000,0.9998,0,-0.285107,-0.475991,1.926000,0.9997,0,0.293328,-0.454343,1.915000,0.9116,0,-0.533731,-0.431928,1.886000,0.9304,0,0.412813,-0.594656,1.778000,0.9158,0,-0.775019,-0.403403,1.869000,0.9007,0,0.054257,0.047686,1.932000,0.9988,0,-0.194247,0.064818,1.969000,0.9991,0
4,0.133428,1,0.063038,-0.522108,1.909000,0.9998,0,-0.285107,-0.475991,1.926000,0.9997,0,0.295013,-0.460126,1.926000,0.9142,0,-0.532033,-0.433651,1.880000,0.9294,0,0.415135,-0.595055,1.788000,0.9193,0,-0.767399,-0.397968,1.858000,0.8985,0,0.054089,0.047538,1.926000,0.9988,0,-0.193655,0.064621,1.963000,0.9991,0
5,0.166785,1,0.063038,-0.522108,1.909000,0.9998,0,-0.285107,-0.475991,1.926000,0.9998,0,0.293328,-0.457498,1.915000,0.9150,0,-0.533731,-0.435035,1.886000,0.9296,0,0.413974,-0.593391,1.783000,0.9210,0,-0.769464,-0.399039,1.863000,0.8993,0,0.053780,0.047267,1.915000,0.9988,0,-0.191781,0.063995,1.944000,0.9991,0
6,0.200142,1,0.063236,-0.523749,1.915000,0.9998,0,-0.285107,-0.475991,1.926000,0.9998,0,0.294247,-0.458932,1.921000,0.9165,0,-0.532033,-0.433651,1.880000,0.9304,0,0.411652,-0.590063,1.773000,0.9221,0,-0.767399,-0.397968,1.858000,0.8997,0,0.053611,0.047119,1.909000,0.9988,0,-0.191189,0.063798,1.938000,0.9991,0
7,0.233500,1,0.062839,-0.520467,1.903000,0.9999,0,-0.284366,-0.474755,1.921000,0.9998,0,0.296851,-0.462993,1.938000,0.9149,0,-0.527222,-0.429730,1.863000,0.9299,0,0.413974,-0.593391,1.783000,0.9203,0,-0.769464,-0.399039,1.863000,0.8991,0,0.053780,0.047267,1.915000,0.9988,0,-0.190005,0.063403,1.926000,0.9991,0
8,0.266856,1,0.063038,-0.522108,1.909000,0.9999,0,-0.284366,-0.474755,1.921000,0.9998,0,0.295932,-0.461560,1.932000,0.9169,0,-0.525807,-0.428576,1.858000,0.9303,0,0.412813,-0.591727,1.778000,0.9230,0,-0.771942,-0.400324,1.869000,0.8996,0,0.053443,0.046971,1.903000,0.9988,0,-0.190597,0.063600,1.932000,0.9991,0
9,0.300214,1,0.062641,-0.518826,1.897000,0.9999,0,-0.285107,-0.475991,1.926000,0.9998,0,0.293328,-0.460653,1.915000,0.9179,0,-0.525807,-0.428576,1.858000,0.9316,0,0.411652,-0.590063,1.773000,0.9238,0,-0.769464,-0.399039,1.863000,0.8989,0,0.053780,0.050422,1.915000,0.9987,0,-0.191781,0.063995,1.944000,0.9990,0
10,0.333571,1,0.063599,-0.526757,1.926000,0.9999,0,-0.285107,-0.475991,1.926000,0.9998,0,0.299112,-0.464742,1.932000,0.9187,0,-0.528920,-0.431114,1.869000,0.9311,0,0.412813,-0.591727,1.778000,0.9239,0,-0.767399,-0.397968,1.858000,0.8975,0,0.054089,0.050711,1.926000,0.9987,0,-0.191781,0.063995,1.944000,0.9990,0
11,0.366928,1,0.063434,-0.525390,1.921000,0.9999,0,-0.284366,-0.474755,1.921000,0.9998,0,0.297409,-0.462096,1.921000,0.9201,0,-0.535146,-0.436188,1.891000,0.9312,0,0.411652,-0.590063,1.773000,0.9260,0,-0.767399,-0.394907,1.858000,0.8973,0,0.053948,0.050580,1.921000,0.9988,0,-0.190597,0.063600,1.932000,0.9990,0
12,0.400285,1,0.062839,-0.520467,1.903000,0.9999,0,-0.284366,-0.474755,1.921000,0.9998,0,0.295551,-0.459210,1.909000,0.9221,0,-0.533731,-0.435035,1.886000,0.9325,0,0.411652,-0.590063,1.773000,0.9282,0,-0.767399,-0.394907,1.858000,0.8984,0,0.053780,0.050422,1.915000,0.9988,0,-0.193655,0.064621,1.963000,0.9990,0
13,0.433642,1,0.062278,-0.515817,1.886000,0.9999,0,-0.285107,-0.475991,1.926000,0.9998,0,0.296480,-0.460653,1.915000,0.9221,0,-0.532033,-0.433651,1.880000,0.9306,0,0.414570,-0.590063,1.773000,0.9290,0,-0.762856,-0.392569,1.847000,0.8952,0,0.053611,0.050264,1.909000,0.9987,0,-0.192471,0.064226,1.951000,0.9990,0
14,0.466999,1,0.063038,-0.522108,1.909000,0.9999,0,-0.284366,-0.477920,1.921000,0.9998,0,0.296480,-0.460653,1.915000,0.9222,0,-0.530335,-0.432267,1.874000,0.9314,0,0.415739,-0.591727,1.778000,0.9286,0,-0.763408,-0.391293,1.841000,0.8960,0,0.053611,0.050264,1.909000,0.9988,0,-0.192471,0.064226,1.951000,0.9990,0
15,0.500356,1,0.062839,-0.520467,1.903000,0.9999,0,-0.285995,-0.480656,1.932000,0.9998,0,0.299112,-0.464742,1.932000,0.9210,0,-0.530335,-0.432267,1.874000,0.9310,0,0.414570,-0.590063,1.773000,0.9260,0,-0.767969,-0.390581,1.852000,0.8929,0,0.053948,0.050580,1.921000,0.9988,0,-0.192471,0.064226,1.951000,0.9990,0
16,0.533713,1,0.063434,-0.525390,1.921000,0.9999,0,-0.283478,-0.476427,1.915000,0.9997,0,0.296480,-0.460653,1.915000,0.9166,0,-0.533731,-0.435035,1.886000,0.9303,0,0.415739,-0.588798,1.778000,0.9187,0,-0.765896,-0.389526,1.847000,0.8896,0,0.054089,0.050711,1.926000,0.9987,0,-0.192471,0.064226,1.951000,0.9990,0
17,0.567070,1,0.062839,-0.523602,1.903000,0.9999,0,-0.283478,-0.476427,1.915000,0.9997,0,0.293693,-0.456323,1.897000,0.9167,0,-0.524109,-0.427192,1.852000,0.9309,0,0.414570,-0.587142,1.773000,0.9179,0,-0.763408,-0.388261,1.841000,0.8907,0,0.054089,0.050711,1.926000,0.9987,0,-0.192471,0.064226,1.951000,0.9990,0
18,0.600427,1,0.062278,-0.518924,1.886000,0.9999,0,-0.284366,-0.477920,1.921000,0.9997,0,0.297409,-0.462096,1.921000,0.9162,0,-0.533731,-0.435035,1.886000,0.9307,0,0.413401,-0.585486,1.768000,0.9178,0,-0.763408,-0.388261,1.841000,0.8922,0,0.053274,0.046823,1.897000,0.9987,0,-0.191189,0.063798,1.938000,0.9990,0
19,0.633784,1,0.063236,-0.526904,1.915000,0.9999,0,-0.283478,-0.476427,1.915000,0.9997,0,0.294622,-0.457766,1.903000,0.9137,0,-0.528920,-0.431114,1.869000,0.9291,0,0.413401,-0.585486,1.768000,0.9164,0,-0.772531,-0.392900,1.863000,0.8901,0,0.050628,0.047267,1.915000,0.9988,0,-0.192471,0.064226,1.951000,0.9991,0
20,0.667141,1,0.062641,-0.521951,1.897000,0.9999,0,-0.284366,-0.477920,1.921000,0.9997,0,0.298183,-0.463299,1.926000,0.9140,0,-0.528920,-0.431114,1.869000,0.9300,0,0.414570,-0.587142,1.773000,0.9179,0,-0.758846,-0.385941,1.830000,0.8894,0,0.050919,0.047538,1.926000,0.9987,0,-0.191781,0.063995,1.944000,0.9990,0
21,0.700498,1,0.062641,-0.521951,1.897000,0.9999,0,-0.285107,-0.479164,1.926000,0.9997,0,0.300041,-0.466186,1.938000,0.9156,0,-0.524109,-0.427192,1.852000,0.9302,0,0.414570,-0.587142,1.773000,0.9200,0,-0.767969,-0.393631,1.852000,0.8888,0,0.050787,0.050580,1.921000,0.9987,0,-0.191189,0.063798,1.938000,0.9990,0
22,0.733855,1,0.062839,-0.523602,1.903000,0.9999,0,-0.282590,-0.474934,1.909000,0.9998,0,0.300570,-0.462096,1.921000,0.9161,0,-0.522603,-0.423502,1.836000,0.9311,0,0.414570,-0.587142,1.773000,0.9203,0,-0.770457,-0.394907,1.858000,0.8899,0,0.050469,0.050264,1.909000,0.9987,0,-0.191781,0.067198,1.944000,0.9990,0
23,0.767212,1,0.062641,-0.521951,1.897000,0.9999,0,-0.287528,-0.477920,1.921000,0.9998,0,0.296815,-0.456323,1.897000,0.9179,0,-0.530288,-0.429730,1.863000,0.9330,0,0.418077,-0.592109,1.788000,0.9229,0,-0.770457,-0.401029,1.858000,0.8943,0,0.050919,0.050711,1.926000,0.9987,0,-0.190597,0.066783,1.932000,0.9990,0
24,0.800570,1,0.063599,-0.529930,1.926000,0.9999,0,-0.287528,-0.477920,1.921000,0.9998,0,0.295876,-0.454880,1.891000,0.9182,0,-0.533419,-0.435354,1.874000,0.9334,0,0.415739,-0.591727,1.778000,0.9229,0,-0.766438,-0.403425,1.841000,0.8966,0,0.050919,0.050711,1.926000,0.9987,0,-0.191189,0.066991,1.938000,0.9990,0
25,0.833927,1,0.062080,-0.517273,1.880000,0.9999,0,-0.286630,-0.476427,1.915000,0.9998,0,0.294622,-0.457766,1.903000,0.9168,0,-0.531996,-0.434193,1.869000,0.9343,0,0.415739,-0.591727,1.778000,0.9204,0,-0.768936,-0.413868,1.847000,0.8990,0,0.050628,0.050422,1.915000,0.9987,0,-0.192471,0.067440,1.951000,0.9990,0
26,0.867284,1,0.063236,-0.526904,1.915000,0.9999,0,-0.286630,-0.476427,1.915000,0.9998,0,0.294622,-0.457766,1.903000,0.9164,0,-0.533355,-0.435868,1.863000,0.9358,0,0.414570,-0.590063,1.773000,0.9192,0,-0.767378,-0.420477,1.836000,0.9003,0,0.050628,0.050422,1.915000,0.9987,0,-0.193063,0.067647,1.957000,0.9990,0
27,0.900641,1,0.062839,-0.523602,1.903000,0.9999,0,-0.285732,-0.474934,1.909000,0.9998,0,0.299632,-0.460653,1.915000,0.9172,0,-0.531923,-0.440820,1.858000,0.9357,0,0.412232,-0.586735,1.763000,0.9202,0,-0.764871,-0.428147,1.830000,0.9017,0,0.050469,0.050264,1.909000,0.9987,0,-0.191781,0.067198,1.944000,0.9990,0
28,0.933998,1,0.062839,-0.523602,1.903000,0.9999,0,-0.286630,-0.479582,1.915000,0.9998,0,0.295876,-0.451765,1.891000,0.9199,0,-0.539939,-0.453677,1.886000,0.9374,0,0.412232,-0.586735,1.763000,0.9230,0,-0.760691,-0.434803,1.820000,0.9038,0,0.050628,0.050422,1.915000,0.9987,0,-0.191189,0.066991,1.938000,0.9990,0
29,0.967355,1,0.062641,-0.521951,1.897000,0.9999,0,-0.287528,-0.481084,1.921000,0.9998,0,0.298183,-0.460126,1.926000,0.9207,0,-0.533355,-0.454283,1.863000,0.9389,0,0.414570,-0.590063,1.773000,0.9240,0,-0.767883,-0.446236,1.830000,0.9069,0,0.050628,0.050422,1.915000,0.9987,0,-0.191189,0.066991,1.938000,0.9990,0
30,1.000712,1,0.061882,-0.515622,1.874000,0.9999,0,-0.286630,-0.479582,1.915000,0.9998,0,0.296480,-0.457498,1.915000,0.9193,0,-0.536504,-0.463139,1.874000,0.9402,0,0.412232,-0.586735,1.763000,0.9224,0,-0.761169,-0.448311,1.814000,0.9094,0,0.050919,0.050711,1.926000,0.9987,0,-0.190005,0.066576,1.926000,0.9990,0
31,1.034069,1,0.062278,-0.518924,1.886000,0.9999,0,-0.284834,-0.476577,1.903000,0.9998,0,0.296480,-0.457498,1.915000,0.9161,0,-0.535072,-0.468062,1.869000,0.9413,0,0.414570,-0.590063,1.773000,0.9180,0,-0.761169,-0.460265,1.814000,0.9117,0,0.050469,0.050264,1.909000,0.9987,0,-0.190597,0.066783,1.932000,0.9990,0
32,1.067426,1,0.062278,-0.518924,1.886000,0.9998,0,-0.286630,-0.479582,1.915000,0.9998,0,0.296480,-0.457498,1.915000,0.9127,0,-0.525625,-0.462822,1.836000,0.9426,0,0.413401,-0.585486,1.768000,0.9136,0,-0.759071,-0.467936,1.809000,0.9153,0,0.050787,0.050580,1.921000,0.9987,0,-0.191781,0.063995,1.944000,0.9990,0
33,1.100783,1,0.062839,-0.523602,1.903000,0.9998,0,-0.283478,-0.482737,1.915000,0.9998,0,0.299112,-0.458377,1.932000,0.9108,0,-0.530206,-0.472957,1.852000,0.9449,0,0.412232,-0.583830,1.763000,0.9093,0,-0.761169,-0.478195,1.814000,0.9186,0,0.047327,0.050264,1.909000,0.9987,0,-0.194379,0.063798,1.938000,0.9990,0
34,1.134140,1,0.062839,-0.523602,1.903000,0.9998,0,-0.281702,-0.479712,1.903000,0.9998,0,0.298183,-0.456953,1.926000,0.9102,0,-0.535072,-0.483457,1.869000,0.9458,0,0.413401,-0.585486,1.768000,0.9114,0,-0.761169,-0.487160,1.814000,0.9209,0,0.047476,0.050422,1.915000,0.9987,0,-0.191781,0.063995,1.944000,0.9990,0
35,1.167497,1,0.062839,-0.523602,1.903000,0.9998,0,-0.280814,-0.478199,1.897000,0.9998,0,0.297409,-0.455767,1.921000,0.9099,0,-0.530206,-0.482110,1.852000,0.9472,0,0.414570,-0.587142,1.773000,0.9116,0,-0.756093,-0.488798,1.809000,0.9250,0,0.047476,0.047267,1.915000,0.9987,0,-0.191189,0.063798,1.938000,0.9990,0
36,1.200854,1,0.062641,-0.521951,1.897000,0.9998,0,-0.282590,-0.484369,1.909000,0.9998,0,0.299632,-0.454343,1.915000,0.9108,0,-0.528774,-0.486894,1.847000,0.9484,0,0.415134,-0.583830,1.763000,0.9128,0,-0.758183,-0.499114,1.814000,0.9274,0,0.047476,0.047267,1.915000,0.9987,0,-0.190597,0.063600,1.932000,0.9990,0
37,1.234211,1,0.062080,-0.517273,1.880000,0.9999,0,-0.282590,-0.484369,1.909000,0.9998,0,0.294155,-0.446040,1.880000,0.9130,0,-0.531923,-0.492855,1.858000,0.9496,0,0.418666,-0.585868,1.778000,0.9163,0,-0.758183,-0.511067,1.814000,0.9302,0,0.047327,0.047119,1.909000,0.9987,0,-0.192471,0.061012,1.951000,0.9990,0
38,1.267568,1,0.062443,-0.520300,1.891000,0.9998,0,-0.284366,-0.490578,1.921000,0.9998,0,0.302292,-0.458377,1.932000,0.9122,0,-0.531923,-0.498977,1.858000,0.9506,0,0.416311,-0.582573,1.768000,0.9156,0,-0.751914,-0.515732,1.799000,0.9333,0,0.047749,0.047538,1.926000,0.9987,0,-0.192471,0.061012,1.951000,0.9990,0
39,1.300925,1,0.063236,-0.523749,1.915000,0.9998,0,-0.282590,-0.490659,1.909000,0.9998,0,0.299632,-0.454343,1.915000,0.9120,0,-0.523907,-0.494472,1.830000,0.9513,0,0.416311,-0.582573,1.768000,0.9155,0,-0.756093,-0.527540,1.809000,0.9359,0,0.047476,0.047267,1.915000,0.9986,0,-0.192471,0.061012,1.951000,0.9990,0
40,1.334282,1,0.062278,-0.515817,1.886000,0.9998,0,-0.282590,-0.490659,1.909000,0.9998,0,0.300570,-0.455767,1.921000,0.9129,0,-0.536504,-0.509448,1.874000,0.9515,0,0.416311,-0.582573,1.768000,0.9181,0,-0.751034,-0.532025,1.804000,0.9380,0,0.047327,0.047119,1.909000,0.9986,0,-0.191189,0.060605,1.938000,0.9990,0
41,1.367639,1,0.062641,-0.518826,1.897000,0.9999,0,-0.282590,-0.490659,1.909000,0.9998,0,0.298693,-0.452920,1.909000,0.9146,0,-0.533419,-0.518710,1.874000,0.9528,0,0.417488,-0.584221,1.773000,0.9206,0,-0.753116,-0.548401,1.809000,0.9406,0,0.047749,0.047538,1.926000,0.9986,0,-0.191189,0.060605,1.938000,0.9990,0
42,1.400997,1,0.061882,-0.512535,1.874000,0.9999,0,-0.283478,-0.495356,1.915000,0.9998,0,0.298693,-0.452920,1.909000,0.9157,0,-0.520996,-0.515641,1.841000,0.9534,0,0.417488,-0.584221,1.773000,0.9225,0,-0.748065,-0.555801,1.804000,0.9421,0,0.047327,0.047119,1.909000,0.9987,0,-0.193655,0.061387,1.963000,0.9990,0
43,1.434354,1,0.062278,-0.515817,1.886000,0.9999,0,-0.285107,-0.498201,1.926000,0.9998,0,0.300570,-0.455767,1.921000,0.9142,0,-0.517966,-0.521707,1.841000,0.9535,0,0.417488,-0.581300,1.773000,0.9230,0,-0.748065,-0.564717,1.804000,0.9430,0,0.047476,0.044112,1.915000,0.9986,0,-0.191189,0.057413,1.938000,0.9990,0
44,1.467711,1,0.066180,-0.522108,1.909000,0.9999,0,-0.283478,-0.495356,1.915000,0.9998,0,0.303230,-0.459800,1.938000,0.9144,0,-0.524166,-0.534146,1.874000,0.9532,0,0.418666,-0.582939,1.778000,0.9241,0,-0.743031,-0.572042,1.799000,0.9424,0,0.047476,0.044112,1.915000,0.9986,0,-0.191189,0.057413,1.938000,0.9990,0
45,1.501068,1,0.064966,-0.512535,1.874000,0.9999,0,-0.282590,-0.496949,1.909000,0.9998,0,0.296815,-0.450073,1.897000,0.9159,0,-0.507457,-0.529199,1.825000,0.9520,0,0.417488,-0.581300,1.773000,0.9263,0,-0.743031,-0.577970,1.799000,0.9405,0,0.047327,0.043974,1.909000,0.9986,0,-0.191189,0.057413,1.938000,0.9990,0
46,1.534426,1,0.065972,-0.520467,1.903000,0.9999,0,-0.280814,-0.493825,1.897000,0.9998,0,0.295876,-0.448649,1.891000,0.9162,0,-0.511906,-0.536871,1.841000,0.9507,0,0.417488,-0.581300,1.773000,0.9284,0,-0.740070,-0.586861,1.799000,0.9402,0,0.047178,0.043836,1.903000,0.9986,0,-0.192471,0.057798,1.951000,0.9990,0
47,1.567783,1,0.066596,-0.525390,1.921000,0.9999,0,-0.281205,-0.500072,1.921000,0.9998,0,0.301353,-0.456953,1.926000,0.9125,0,-0.505835,-0.539693,1.830000,0.9495,0,0.417488,-0.581300,1.773000,0.9250,0,-0.740070,-0.598715,1.799000,0.9390,0,0.047476,0.044112,1.915000,0.9986,0,-0.191781,0.057590,1.944000,0.9990,0
48,1.601140,1,0.064966,-0.512535,1.874000,0.9999,0,-0.278570,-0.498522,1.903000,0.9998,0,0.301353,-0.456953,1.926000,0.9144,0,-0.507494,-0.550792,1.847000,0.9494,0,0.419843,-0.584579,1.783000,0.9272,0,-0.738013,-0.605918,1.794000,0.9386,0,0.047327,0.043974,1.909000,0.9986,0,-0.191189,0.057413,1.938000,0.9990,0
49,1.634497,1,0.065556,-0.517185,1.891000,0.9999,0,-0.279448,-0.500093,1.909000,0.9997,0,0.300570,-0.455767,1.921000,0.9158,0,-0.504454,-0.556878,1.847000,0.9481,0,0.416311,-0.579661,1.768000,0.9294,0,-0.740070,-0.613534,1.799000,0.9378,0,0.047476,0.044112,1.915000,0.9986,0,-0.191781,0.057590,1.944000,0.9990,0
50,1.667854,1,0.066180,-0.522108,1.909000,0.9999,0,-0.280326,-0.501665,1.915000,0.9997,0,0.298693,-0.452920,1.909000,0.9153,0,-0.511828,-0.568106,1.874000,0.9464,0,0.416311,-0.579661,1.768000,0.9302,0,-0.735060,-0.614784,1.794000,0.9364,0,0.047625,0.044250,1.921000,0.9986,0,-0.190597,0.057235,1.932000,0.9989,0
51,1.701211,1,0.064585,-0.509527,1.863000,0.9999,0,-0.279448,-0.500093,1.909000,0.9997,0,0.299632,-0.454343,1.915000,0.9157,0,-0.502815,-0.564167,1.841000,0.9460,0,0.418666,-0.582939,1.778000,0.9309,0,-0.735060,-0.620695,1.794000,0.9364,0,0.047749,0.044365,1.926000,0.9986,0,-0.191781,0.057590,1.944000,0.9989,0
52,1.734569,1,0.065764,-0.518826,1.897000,0.9999,0,-0.280326,-0.501665,1.915000,0.9997,0,0.301353,-0.456953,1.926000,0.9145,0,-0.499811,-0.566826,1.830000,0.9461,0,0.418666,-0.582939,1.778000,0.9308,0,-0.735060,-0.623650,1.794000,0.9385,0,0.047749,0.044365,1.926000,0.9986,0,-0.193063,0.057975,1.957000,0.9989,0
53,1.767926,1,0.065764,-0.518826,1.897000,0.9999,0,-0.279448,-0.500093,1.909000,0.9997,0,0.298693,-0.452920,1.909000,0.9141,0,-0.497080,-0.563729,1.820000,0.9449,0,0.418666,-0.582939,1.778000,0.9315,0,-0.729659,-0.624510,1.788000,0.9370,0,0.047625,0.041086,1.921000,0.9986,0,-0.191189,0.057413,1.938000,0.9989,0
54,1.801283,1,0.065764,-0.518826,1.897000,0.9999,0,-0.280326,-0.501665,1.915000,0.9997,0,0.299632,-0.454343,1.915000,0.9116,0,-0.497080,-0.563729,1.820000,0.9444,0,0.418666,-0.582939,1.778000,0.9289,0,-0.732107,-0.626606,1.794000,0.9358,0,0.047476,0.040957,1.915000,0.9986,0,-0.192471,0.057798,1.951000,0.9989,0
55,1.834640,1,0.066180,-0.522108,1.909000,0.9999,0,-0.278570,-0.498522,1.903000,0.9997,0,0.296815,-0.450073,1.897000,0.9112,0,-0.505820,-0.576691,1.852000,0.9440,0,0.421020,-0.586218,1.788000,0.9286,0,-0.729659,-0.624510,1.788000,0.9357,0,0.047327,0.040829,1.909000,0.9986,0,-0.191189,0.057413,1.938000,0.9989,0
56,1.867998,1,0.065382,-0.515817,1.886000,0.9999,0,-0.280326,-0.504820,1.915000,0.9997,0,0.301353,-0.456953,1.926000,0.9112,0,-0.505820,-0.579742,1.852000,0.9441,0,0.417488,-0.581300,1.773000,0.9284,0,-0.729154,-0.629561,1.794000,0.9370,0,0.047749,0.041193,1.926000,0.9986,0,-0.191781,0.057590,1.944000,0.9990,0
57,1.901355,1,0.065556,-0.517185,1.891000,0.9999,0,-0.276306,-0.503238,1.909000,0.9997,0,0.302292,-0.458377,1.932000,0.9104,0,-0.502815,-0.576299,1.841000,0.9432,0,0.413956,-0.573486,1.758000,0.9279,0,-0.726716,-0.630401,1.788000,0.9351,0,0.047476,0.040957,1.915000,0.9986,0,-0.191781,0.057590,1.944000,0.9990,0
58,1.934712,1,0.065972,-0.520467,1.903000,0.9999,0,-0.275438,-0.501657,1.903000,0.9997,0,0.299632,-0.454343,1.915000,0.9115,0,-0.499811,-0.575870,1.830000,0.9429,0,0.418666,-0.580010,1.778000,0.9293,0,-0.729154,-0.635472,1.794000,0.9362,0,0.047749,0.041193,1.926000,0.9986,0,-0.190597,0.057235,1.932000,0.9989,0
59,1.968069,1,0.065764,-0.518826,1.897000,0.9999,0,-0.276306,-0.503238,1.909000,0.9997,0,0.297754,-0.451496,1.903000,0.9108,0,-0.513467,-0.591604,1.880000,0.9423,0,0.419843,-0.581641,1.783000,0.9295,0,-0.724684,-0.631576,1.783000,0.9360,0,0.047625,0.041086,1.921000,0.9986,0,-0.190005,0.057057,1.926000,0.9989,0
60,2.001426,1,0.065382,-0.515817,1.886000,0.9999,0,-0.274569,-0.500075,1.897000,0.9997,0,0.300570,-0.455767,1.921000,0.9098,0,-0.502815,-0.579332,1.841000,0.9416,0,0.421020,-0.583272,1.788000,0.9277,0,-0.726716,-0.636293,1.788000,0.9335,0,0.047749,0.041193,1.926000,0.9986,0,-0.190597,0.057235,1.932000,0.9989,0
61,2.034783,1,0.065556,-0.517185,1.891000,0.9999,0,-0.279635,-0.509301,1.932000,0.9997,0,0.299632,-0.454343,1.915000,0.9099,0,-0.497080,-0.572723,1.820000,0.9427,0,0.421592,-0.580010,1.778000,0.9278,0,-0.722651,-0.632734,1.778000,0.9347,0,0.047625,0.041086,1.921000,0.9986,0,-0.192471,0.057798,1.951000,0.9990,0
62,2.068141,1,0.064966,-0.512535,1.874000,0.9999,0,-0.273701,-0.498493,1.891000,0.9997,0,0.300570,-0.455767,1.921000,0.9090,0,-0.510463,-0.591222,1.869000,0.9435,0,0.419221,-0.576748,1.768000,0.9256,0,-0.724684,-0.634513,1.783000,0.9346,0,0.047625,0.041086,1.921000,0.9986,0,-0.192471,0.057798,1.951000,0.9990,0
63,2.101498,1,0.065972,-0.520467,1.903000,0.9999,0,-0.276306,-0.503238,1.909000,0.9997,0,0.303230,-0.459800,1.938000,0.9106,0,-0.518110,-0.600079,1.897000,0.9440,0,0.420407,-0.578379,1.773000,0.9273,0,-0.726716,-0.636293,1.788000,0.9361,0,0.047897,0.041321,1.932000,0.9986,0,-0.190005,0.060230,1.926000,0.9990,0
64,2.134855,1,0.065556,-0.517185,1.891000,0.9999,0,-0.275438,-0.501657,1.903000,0.9997,0,0.302292,-0.458377,1.932000,0.9101,0,-0.501450,-0.580783,1.836000,0.9442,0,0.418035,-0.575117,1.763000,0.9279,0,-0.721749,-0.634513,1.783000,0.9392,0,0.047476,0.040957,1.915000,0.9986,0,-0.190005,0.057057,1.926000,0.9990,0
65,2.168212,1,0.065174,-0.514176,1.880000,0.9999,0,-0.277174,-0.504820,1.915000,0.9997,0,0.299632,-0.454343,1.915000,0.9100,0,-0.516471,-0.595066,1.891000,0.9427,0,0.421592,-0.580010,1.778000,0.9282,0,-0.721749,-0.634513,1.783000,0.9374,0,0.047625,0.041086,1.921000,0.9986,0,-0.192471,0.054584,1.951000,0.9990,0
66,2.201570,1,0.065556,-0.517185,1.891000,0.9999,0,-0.276306,-0.503238,1.909000,0.9997,0,0.298693,-0.452920,1.909000,0.9120,0,-0.511828,-0.586629,1.874000,0.9429,0,0.420407,-0.578379,1.773000,0.9302,0,-0.726202,-0.635472,1.794000,0.9377,0,0.047327,0.037684,1.909000,0.9986,0,-0.191189,0.054220,1.938000,0.9990,0
67,2.234927,1,0.065174,-0.514176,1.880000,0.9999,0,-0.276306,-0.503238,1.909000,0.9997,0,0.299632,-0.454343,1.915000,0.9116,0,-0.507458,-0.581620,1.858000,0.9430,0,0.420407,-0.578379,1.773000,0.9300,0,-0.723773,-0.633347,1.788000,0.9395,0,0.047625,0.041086,1.921000,0.9986,0,-0.190005,0.057057,1.926000,0.9990,0
68,2.268284,1,0.065382,-0.515817,1.886000,0.9999,0,-0.273701,-0.498493,1.891000,0.9997,0,0.298693,-0.452920,1.909000,0.9123,0,-0.499811,-0.572855,1.830000,0.9435,0,0.421592,-0.580010,1.778000,0.9315,0,-0.729154,-0.635472,1.794000,0.9415,0,0.047476,0.040957,1.915000,0.9986,0,-0.191781,0.057590,1.944000,0.9990,0
69,2.301641,1,0.066388,-0.523749,1.915000,0.9999,0,-0.276306,-0.503238,1.909000,0.9997,0,0.298693,-0.452920,1.909000,0.9130,0,-0.501450,-0.571709,1.836000,0.9439,0,0.419221,-0.576748,1.768000,0.9324,0,-0.724684,-0.628639,1.783000,0.9415,0,0.047625,0.041086,1.921000,0.9986,0,-0.191189,0.057413,1.938000,0.9990,0
70,2.334999,1,0.065556,-0.517185,1.891000,0.9999,0,-0.277174,-0.504820,1.915000,0.9997,0,0.298693,-0.452920,1.909000,0.9147,0,-0.537775,-0.613124,1.969000,0.9435,0,0.419221,-0.576748,1.768000,0.9342,0,-0.731187,-0.631316,1.799000,0.9414,0,0.047327,0.040829,1.909000,0.9986,0,-0.191189,0.057413,1.938000,0.9990,0
71,2.368355,1,0.065556,-0.517185,1.891000,0.9999,0,-0.277174,-0.504820,1.915000,0.9997,0,0.300570,-0.455767,1.921000,0.9151,0,-0.529308,-0.600278,1.938000,0.9430,0,0.422778,-0.581641,1.783000,0.9344,0,-0.729154,-0.626606,1.794000,0.9409,0,0.047476,0.040957,1.915000,0.9986,0,-0.195683,0.057798,1.951000,0.9990,0
72,2.401713,1,0.065764,-0.518826,1.897000,0.9999,0,-0.276306,-0.503238,1.909000,0.9997,0,0.299632,-0.454343,1.915000,0.9143,0,-0.511828,-0.574280,1.874000,0.9425,0,0.420407,-0.578379,1.773000,0.9350,0,-0.726716,-0.621565,1.788000,0.9412,0,0.047476,0.040957,1.915000,0.9986,0,-0.190005,0.057057,1.926000,0.9989,0
73,2.435070,1,0.065972,-0.520467,1.903000,0.9999,0,-0.280503,-0.510883,1.938000,0.9997,0,0.300570,-0.455767,1.921000,0.9152,0,-0.513467,-0.569924,1.880000,0.9428,0,0.421592,-0.580010,1.778000,0.9356,0,-0.736188,-0.621183,1.804000,0.9403,0,0.047030,0.040572,1.897000,0.9986,0,-0.191781,0.060793,1.944000,0.9989,0
74,2.468427,1,0.065972,-0.520467,1.903000,0.9999,0,-0.278043,-0.506402,1.921000,0.9997,0,0.299632,-0.454343,1.915000,0.9154,0,-0.504454,-0.550792,1.847000,0.9423,0,0.421592,-0.580010,1.778000,0.9364,0,-0.729659,-0.606837,1.788000,0.9399,0,0.047625,0.041086,1.921000,0.9986,0,-0.193777,0.057235,1.932000,0.9989,0
75,2.501784,1,0.065556,-0.517185,1.891000,0.9999,0,-0.278043,-0.506402,1.921000,0.9997,0,0.298693,-0.452920,1.909000,0.9150,0,-0.507458,-0.547951,1.858000,0.9419,0,0.420407,-0.578379,1.773000,0.9361,0,-0.732107,-0.597051,1.794000,0.9387,0,0.047476,0.040957,1.915000,0.9986,0,-0.194981,0.057590,1.944000,0.9989,0
76,2.535141,1,0.065556,-0.520300,1.891000,0.9999,0,-0.275438,-0.501657,1.903000,0.9997,0,0.299632,-0.454343,1.915000,0.9163,0,-0.499811,-0.533664,1.830000,0.9422,0,0.419221,-0.576748,1.768000,0.9380,0,-0.734148,-0.586861,1.799000,0.9388,0,0.047749,0.041193,1.926000,0.9986,0,-0.194379,0.057413,1.938000,0.9989,0
77,2.568498,1,0.066180,-0.525253,1.909000,0.9999,0,-0.276306,-0.503238,1.909000,0.9997,0,0.302292,-0.458377,1.932000,0.9158,0,-0.505845,-0.530806,1.841000,0.9426,0,0.420407,-0.578379,1.773000,0.9371,0,-0.727618,-0.575767,1.783000,0.9386,0,0.047327,0.040829,1.909000,0.9986,0,-0.193777,0.057235,1.932000,0.9989,0
78,2.601855,1,0.065556,-0.520300,1.891000,0.9999,0,-0.278043,-0.506402,1.921000,0.9997,0,0.301353,-0.456953,1.926000,0.9163,0,-0.518210,-0.540673,1.886000,0.9437,0,0.418035,-0.575117,1.763000,0.9383,0,-0.737109,-0.575006,1.799000,0.9410,0,0.047476,0.040957,1.915000,0.9986,0,-0.193175,0.057057,1.926000,0.9989,0
79,2.635212,1,0.066596,-0.528554,1.921000,0.9999,0,-0.277174,-0.504820,1.915000,0.9997,0,0.298693,-0.452920,1.909000,0.9165,0,-0.518210,-0.537566,1.886000,0.9451,0,0.421592,-0.580010,1.778000,0.9381,0,-0.741206,-0.572242,1.809000,0.9425,0,0.047030,0.043697,1.897000,0.9986,0,-0.193175,0.060230,1.926000,0.9989,0
80,2.668569,1,0.065382,-0.518924,1.886000,0.9999,0,-0.278043,-0.506402,1.921000,0.9997,0,0.299632,-0.454343,1.915000,0.9151,0,-0.514957,-0.524872,1.863000,0.9457,0,0.421592,-0.580010,1.778000,0.9377,0,-0.735060,-0.561586,1.794000,0.9445,0,0.047476,0.044112,1.915000,0.9986,0,-0.194379,0.060605,1.938000,0.9989,0
81,2.701926,1,0.065382,-0.515817,1.886000,0.9999,0,-0.278043,-0.503237,1.921000,0.9997,0,0.299632,-0.454343,1.915000,0.9175,0,-0.511916,-0.518722,1.852000,0.9468,0,0.421592,-0.580010,1.778000,0.9395,0,-0.737109,-0.554260,1.799000,0.9460,0,0.047327,0.043974,1.909000,0.9986,0,-0.195683,0.061012,1.951000,0.9989,0
82,2.735283,1,0.065972,-0.520467,1.903000,0.9999,0,-0.277174,-0.501665,1.915000,0.9997,0,0.299632,-0.454343,1.915000,0.9205,0,-0.508876,-0.509576,1.841000,0.9483,0,0.420407,-0.578379,1.773000,0.9417,0,-0.735060,-0.540898,1.794000,0.9472,0,0.047327,0.043974,1.909000,0.9986,0,-0.193777,0.060418,1.932000,0.9990,0
83,2.768640,1,0.065556,-0.517185,1.891000,0.9999,0,-0.276306,-0.496949,1.909000,0.9998,0,0.299632,-0.454343,1.915000,0.9206,0,-0.516614,-0.505151,1.847000,0.9477,0,0.420407,-0.578379,1.773000,0.9427,0,-0.740070,-0.533514,1.799000,0.9477,0,0.047749,0.044365,1.926000,0.9986,0,-0.194981,0.060793,1.944000,0.9989,0
84,2.801997,1,0.065764,-0.518826,1.897000,0.9999,0,-0.277174,-0.498510,1.915000,0.9998,0,0.298693,-0.449775,1.909000,0.9225,0,-0.524166,-0.506361,1.874000,0.9490,0,0.421592,-0.580010,1.778000,0.9436,0,-0.740070,-0.524623,1.799000,0.9486,0,0.044324,0.044112,1.915000,0.9986,0,-0.194379,0.060605,1.938000,0.9990,0
85,2.835354,1,0.065764,-0.518826,1.897000,0.9999,0,-0.275438,-0.495387,1.903000,0.9998,0,0.303230,-0.456608,1.938000,0.9221,0,-0.511859,-0.491457,1.830000,0.9498,0,0.420407,-0.578379,1.773000,0.9434,0,-0.740070,-0.512769,1.799000,0.9492,0,0.047476,0.044112,1.915000,0.9986,0,-0.194981,0.060793,1.944000,0.9990,0
86,2.868712,1,0.066180,-0.522108,1.909000,0.9999,0,-0.276306,-0.493804,1.909000,0.9998,0,0.299632,-0.451189,1.915000,0.9234,0,-0.519691,-0.492855,1.858000,0.9513,0,0.421592,-0.580010,1.778000,0.9432,0,-0.740966,-0.502477,1.794000,0.9503,0,0.044579,0.044365,1.926000,0.9987,0,-0.195683,0.061012,1.951000,0.9990,0
87,2.902069,1,0.065972,-0.520467,1.903000,0.9999,0,-0.276306,-0.493804,1.909000,0.9998,0,0.300570,-0.452602,1.921000,0.9220,0,-0.524156,-0.491112,1.863000,0.9512,0,0.419221,-0.576748,1.768000,0.9416,0,-0.743918,-0.490655,1.794000,0.9499,0,0.044324,0.044112,1.915000,0.9987,0,-0.194981,0.063995,1.944000,0.9990,0
88,2.935426,1,0.065764,-0.518826,1.897000,0.9999,0,-0.279448,-0.493804,1.909000,0.9998,0,0.300570,-0.452602,1.921000,0.9239,0,-0.517966,-0.476214,1.841000,0.9519,0,0.421592,-0.580010,1.778000,0.9413,0,-0.745992,-0.477205,1.799000,0.9479,0,0.044463,0.047415,1.921000,0.9987,0,-0.193777,0.063600,1.932000,0.9990,0
89,2.968783,1,0.065764,-0.518826,1.897000,0.9999,0,-0.280326,-0.492201,1.915000,0.9998,0,0.298693,-0.449775,1.909000,0.9250,0,-0.525807,-0.471429,1.858000,0.9517,0,0.420407,-0.578379,1.773000,0.9419,0,-0.748953,-0.462386,1.799000,0.9468,0,0.047327,0.050264,1.909000,0.9987,0,-0.193175,0.066576,1.926000,0.9990,0
90,3.002140,1,0.064966,-0.512535,1.874000,0.9999,0,-0.281205,-0.493743,1.921000,0.9998,0,0.298693,-0.449775,1.909000,0.9261,0,-0.530288,-0.463490,1.863000,0.9519,0,0.420407,-0.578379,1.773000,0.9423,0,-0.753116,-0.453036,1.809000,0.9463,0,0.047476,0.050422,1.915000,0.9987,0,-0.195683,0.067440,1.951000,0.9990,0
91,3.035497,1,0.065764,-0.518826,1.897000,0.9999,0,-0.280326,-0.492201,1.915000,0.9998,0,0.301353,-0.453780,1.926000,0.9252,0,-0.522603,-0.450724,1.836000,0.9517,0,0.421592,-0.580010,1.778000,0.9393,0,-0.751914,-0.444604,1.799000,0.9447,0,0.047178,0.053241,1.903000,0.9987,0,-0.194981,0.070400,1.944000,0.9991,0
92,3.068854,1,0.065764,-0.518826,1.897000,0.9999,0,-0.279448,-0.487514,1.909000,0.9998,0,0.300570,-0.452602,1.921000,0.9254,0,-0.533419,-0.456965,1.874000,0.9514,0,0.418035,-0.575117,1.763000,0.9384,0,-0.756093,-0.441115,1.809000,0.9433,0,0.047749,0.053884,1.926000,0.9988,0,-0.194981,0.070400,1.944000,0.9991,0
93,3.102211,1,0.065972,-0.520467,1.903000,0.9999,0,-0.276813,-0.482917,1.891000,0.9998,0,0.302292,-0.455194,1.932000,0.9240,0,-0.521044,-0.440799,1.820000,0.9515,0,0.421592,-0.580010,1.778000,0.9343,0,-0.754004,-0.433952,1.804000,0.9419,0,0.047476,0.053576,1.915000,0.9988,0,-0.193175,0.072922,1.926000,0.9991,0
94,3.135568,1,0.066180,-0.522108,1.909000,0.9999,0,-0.282590,-0.487514,1.909000,0.9998,0,0.300570,-0.452602,1.921000,0.9253,0,-0.539939,-0.456784,1.886000,0.9513,0,0.421592,-0.580010,1.778000,0.9347,0,-0.761169,-0.433369,1.814000,0.9408,0,0.047749,0.053884,1.926000,0.9988,0,-0.196886,0.074322,1.963000,0.9991,0
95,3.168925,1,0.065764,-0.518826,1.897000,0.9999,0,-0.281702,-0.485982,1.903000,0.9998,0,0.299112,-0.455194,1.932000,0.9281,0,-0.525625,-0.441650,1.836000,0.9511,0,0.421592,-0.580010,1.778000,0.9377,0,-0.761169,-0.430381,1.814000,0.9406,0,0.050628,0.053576,1.915000,0.9988,0,-0.191189,0.073376,1.938000,0.9991,0
96,3.202282,1,0.065764,-0.518826,1.897000,0.9999,0,-0.280814,-0.484449,1.897000,0.9998,0,0.298183,-0.453780,1.926000,0.9290,0,-0.530206,-0.439396,1.852000,0.9483,0,0.421592,-0.580010,1.778000,0.9387,0,-0.754875,-0.420895,1.799000,0.9365,0,0.050469,0.053408,1.909000,0.9988,0,-0.192471,0.077082,1.951000,0.9991,0
97,3.235639,1,0.065764,-0.518826,1.897000,0.9999,0,-0.281702,-0.485982,1.903000,0.9998,0,0.298183,-0.453780,1.926000,0.9306,0,-0.527056,-0.433754,1.841000,0.9475,0,0.421592,-0.580010,1.778000,0.9401,0,-0.759071,-0.423234,1.809000,0.9336,0,0.050469,0.053408,1.909000,0.9988,0,-0.191189,0.076569,1.938000,0.9991,0
98,3.268996,1,0.065556,-0.517185,1.891000,0.9999,0,-0.283478,-0.485891,1.915000,0.9998,0,0.296480,-0.451189,1.915000,0.9328,0,-0.531923,-0.437759,1.858000,0.9481,0,0.422778,-0.581641,1.783000,0.9427,0,-0.761169,-0.421416,1.814000,0.9347,0,0.050919,0.053884,1.926000,0.9989,0,-0.192471,0.077082,1.951000,0.9991,0
99,3.302353,1,0.066180,-0.522108,1.909000,0.9999,0,-0.281702,-0.482847,1.903000,0.9998,0,0.298183,-0.453780,1.926000,0.9320,0,-0.522476,-0.426978,1.825000,0.9483,0,0.421592,-0.580010,1.778000,0.9408,0,-0.759071,-0.414294,1.809000,0.9341,0,0.050628,0.056731,1.915000,0.9989,0,-0.195683,0.077082,1.951000,0.9991,0
100,3.335710,1,0.065556,-0.517185,1.891000,0.9999,0,-0.282590,-0.484369,1.909000,0.9998,0,0.297409,-0.452602,1.921000,0.9297,0,-0.533355,-0.435868,1.863000,0.9480,0,0.422778,-0.581641,1.783000,0.9378,0,-0.759071,-0.408333,1.809000,0.9346,0,0.050469,0.056553,1.909000,0.9989,0,-0.193063,0.077319,1.957000,0.9992,0
101,3.369067,1,0.065972,-0.520467,1.903000,0.9999,0,-0.284366,-0.487414,1.921000,0.9998,0,0.297409,-0.452602,1.921000,0.9315,0,-0.530206,-0.430243,1.852000,0.9486,0,0.421592,-0.580010,1.778000,0.9399,0,-0.767883,-0.410059,1.830000,0.9359,0,0.050787,0.056909,1.921000,0.9989,0,-0.192471,0.077082,1.951000,0.9992,0
102,3.402425,1,0.065972,-0.520467,1.903000,0.9999,0,-0.282590,-0.484369,1.909000,0.9998,0,0.298183,-0.453780,1.926000,0.9322,0,-0.530206,-0.430243,1.852000,0.9484,0,0.423963,-0.583272,1.788000,0.9410,0,-0.759071,-0.402373,1.809000,0.9364,0,0.050469,0.056553,1.909000,0.9989,0,-0.193063,0.077319,1.957000,0.9992,0
103,3.435782,1,0.065764,-0.518826,1.897000,0.9999,0,-0.283478,-0.485891,1.915000,0.9998,0,0.299112,-0.455194,1.932000,0.9342,0,-0.527056,-0.424655,1.841000,0.9494,0,0.422778,-0.581641,1.783000,0.9429,0,-0.756973,-0.395317,1.804000,0.9379,0,0.050469,0.056553,1.909000,0.9989,0,-0.190005,0.076094,1.926000,0.9992,0
104,3.469139,1,0.063038,-0.522108,1.909000,0.9999,0,-0.283478,-0.485891,1.915000,0.9998,0,0.297409,-0.452602,1.921000,0.9353,0,-0.520895,-0.422118,1.830000,0.9503,0,0.422778,-0.581641,1.783000,0.9434,0,-0.756973,-0.392345,1.804000,0.9388,0,0.050787,0.056909,1.921000,0.9989,0,-0.193655,0.077556,1.963000,0.9992,0
105,3.502496,1,0.063236,-0.523749,1.915000,0.9999,0,-0.282590,-0.484369,1.909000,0.9998,0,0.293693,-0.446948,1.897000,0.9345,0,-0.524026,-0.421622,1.841000,0.9498,0,0.421592,-0.580010,1.778000,0.9422,0,-0.759071,-0.390452,1.809000,0.9369,0,0.050787,0.053744,1.921000,0.9989,0,-0.192471,0.077082,1.951000,0.9992,0
106,3.535853,1,0.062839,-0.520467,1.903000,0.9999,0,-0.281702,-0.479712,1.903000,0.9998,0,0.300041,-0.456608,1.938000,0.9354,0,-0.520895,-0.419103,1.830000,0.9489,0,0.425386,-0.585230,1.794000,0.9434,0,-0.763687,-0.389828,1.820000,0.9349,0,0.050919,0.053884,1.926000,0.9989,0,-0.190597,0.076331,1.932000,0.9992,0
107,3.569210,1,0.062641,-0.518826,1.897000,0.9999,0,-0.283478,-0.482737,1.915000,0.9998,0,0.298183,-0.453780,1.926000,0.9364,0,-0.530288,-0.423592,1.863000,0.9483,0,0.423963,-0.583272,1.788000,0.9447,0,-0.758183,-0.385555,1.814000,0.9337,0,0.050628,0.053576,1.915000,0.9989,0,-0.190005,0.076094,1.926000,0.9992,0
108,3.602567,1,0.063434,-0.525390,1.921000,0.9999,0,-0.281702,-0.479712,1.903000,0.9998,0,0.298183,-0.453780,1.926000,0.9381,0,-0.516341,-0.409462,1.814000,0.9481,0,0.421020,-0.583272,1.788000,0.9465,0,-0.754004,-0.377486,1.804000,0.9326,0,0.050628,0.053576,1.915000,0.9989,0,-0.191781,0.076806,1.944000,0.9992,0
109,3.635924,1,0.063236,-0.523749,1.915000,0.9999,0,-0.281702,-0.479712,1.903000,0.9998,0,0.298183,-0.453780,1.926000,0.9396,0,-0.528920,-0.421877,1.869000,0.9462,0,0.422433,-0.585230,1.794000,0.9485,0,-0.764356,-0.378132,1.836000,0.9290,0,0.053780,0.053576,1.915000,0.9990,0,-0.189512,0.075897,1.921000,0.9992,0
110,3.669281,1,0.062443,-0.517185,1.891000,0.9999,0,-0.283478,-0.482737,1.915000,0.9998,0,0.300041,-0.456608,1.938000,0.9397,0,-0.522749,-0.416333,1.858000,0.9450,0,0.425386,-0.585230,1.794000,0.9486,0,-0.755198,-0.370613,1.814000,0.9244,0,0.053948,0.053744,1.921000,0.9990,0,-0.191781,0.076806,1.944000,0.9992,0
111,3.702639,1,0.062641,-0.518826,1.897000,0.9999,0,-0.281702,-0.479712,1.903000,0.9998,0,0.300969,-0.458021,1.944000,0.9397,0,-0.517966,-0.409491,1.841000,0.9457,0,0.423963,-0.583272,1.788000,0.9478,0,-0.752212,-0.364636,1.814000,0.9228,0,0.053780,0.053576,1.915000,0.9990,0,-0.190597,0.076331,1.932000,0.9992,0
112,3.735996,1,0.062080,-0.514176,1.880000,0.9999,0,-0.283478,-0.482737,1.915000,0.9998,0,0.299112,-0.455194,1.932000,0.9401,0,-0.527251,-0.410656,1.874000,0.9434,0,0.423963,-0.583272,1.788000,0.9478,0,-0.758846,-0.361823,1.830000,0.9130,0,0.053780,0.056731,1.915000,0.9990,0,-0.190597,0.076331,1.932000,0.9992,0
113,3.769353,1,0.063038,-0.522108,1.909000,0.9999,0,-0.279448,-0.481224,1.909000,0.9998,0,0.298183,-0.453780,1.926000,0.9416,0,-0.528921,-0.411266,1.891000,0.9417,0,0.425386,-0.585230,1.794000,0.9499,0,-0.751704,-0.353849,1.820000,0.9095,0,0.054089,0.057057,1.926000,0.9990,0,-0.192471,0.077082,1.951000,0.9992,0
114,3.802710,1,0.066596,-0.525390,1.921000,0.9999,0,-0.279448,-0.481224,1.909000,0.9998,0,0.295551,-0.449775,1.909000,0.9397,0,-0.516633,-0.397968,1.858000,0.9403,0,0.422778,-0.581641,1.783000,0.9477,0,-0.753769,-0.345802,1.825000,0.9039,0,0.053780,0.056731,1.915000,0.9990,0,-0.193655,0.077556,1.963000,0.9992,0
115,3.836067,1,0.066388,-0.523749,1.915000,0.9999,0,-0.278570,-0.476577,1.903000,0.9998,0,0.299112,-0.455194,1.932000,0.9393,0,-0.522696,-0.401921,1.891000,0.9397,0,0.423963,-0.583272,1.788000,0.9471,0,-0.750766,-0.342795,1.825000,0.9007,0,0.050628,0.053576,1.915000,0.9990,0,-0.189512,0.072732,1.921000,0.9992,0
116,3.869424,1,0.066180,-0.522108,1.909000,0.9999,0,-0.279448,-0.478079,1.909000,0.9998,0,0.296480,-0.451189,1.915000,0.9383,0,-0.516561,-0.399583,1.880000,0.9378,0,0.423963,-0.583272,1.788000,0.9456,0,-0.746798,-0.337705,1.830000,0.8951,0,0.050311,0.053241,1.903000,0.9990,0,-0.192471,0.073868,1.951000,0.9992,0
117,3.902781,1,0.065556,-0.517185,1.891000,0.9999,0,-0.275438,-0.476577,1.903000,0.9998,0,0.295551,-0.446630,1.909000,0.9342,0,-0.515106,-0.397751,1.886000,0.9350,0,0.421592,-0.577081,1.778000,0.9420,0,-0.746225,-0.332763,1.836000,0.8912,0,0.050919,0.050711,1.926000,0.9990,0,-0.192471,0.070654,1.951000,0.9992,0
118,3.936138,1,0.066180,-0.522108,1.909000,0.9999,0,-0.275438,-0.476577,1.903000,0.9998,0,0.297409,-0.449438,1.921000,0.9347,0,-0.510463,-0.388008,1.869000,0.9341,0,0.425386,-0.582274,1.794000,0.9422,0,-0.744616,-0.325628,1.847000,0.8871,0,0.050787,0.050580,1.921000,0.9990,0,-0.193063,0.067647,1.957000,0.9992,0
119,3.969495,1,0.065972,-0.523602,1.903000,0.9999,0,-0.276306,-0.478079,1.909000,0.9998,0,0.297409,-0.449438,1.921000,0.9331,0,-0.505758,-0.383693,1.863000,0.9348,0,0.425386,-0.582274,1.794000,0.9415,0,-0.736137,-0.318505,1.841000,0.8904,0,0.050469,0.047119,1.909000,0.9990,0,-0.194379,0.063798,1.938000,0.9992,0
120,4.002853,1,0.065556,-0.520300,1.891000,0.9999,0,-0.277174,-0.479582,1.915000,0.9998,0,0.296480,-0.448034,1.915000,0.9311,0,-0.508744,-0.382871,1.874000,0.9359,0,0.421592,-0.577081,1.778000,0.9401,0,-0.731115,-0.308566,1.836000,0.8937,0,0.047476,0.047267,1.915000,0.9990,0,-0.196284,0.064423,1.957000,0.9992,0
121,4.036210,1,0.065764,-0.521951,1.897000,0.9999,0,-0.276306,-0.478079,1.909000,0.9998,0,0.295551,-0.446630,1.909000,0.9291,0,-0.505659,-0.376697,1.874000,0.9372,0,0.422778,-0.578704,1.783000,0.9377,0,-0.735734,-0.306965,1.863000,0.8976,0,0.047625,0.047415,1.921000,0.9990,0,-0.193175,0.063403,1.926000,0.9992,0
122,4.069567,1,0.064412,-0.511220,1.858000,0.9999,0,-0.273164,-0.478079,1.909000,0.9998,0,0.298183,-0.450608,1.926000,0.9276,0,-0.495406,-0.363009,1.836000,0.9373,0,0.423963,-0.580327,1.788000,0.9371,0,-0.728342,-0.292949,1.852000,0.8993,0,0.047476,0.047267,1.915000,0.9990,0,-0.194379,0.063798,1.938000,0.9992,0
123,4.102924,1,0.065972,-0.523602,1.903000,0.9999,0,-0.273164,-0.478079,1.909000,0.9998,0,0.296480,-0.448034,1.915000,0.9274,0,-0.508743,-0.371945,1.897000,0.9380,0,0.426572,-0.580933,1.799000,0.9372,0,-0.722245,-0.283796,1.852000,0.9020,0,0.044463,0.047415,1.921000,0.9990,0,-0.196284,0.064423,1.957000,0.9993,0
124,4.136281,1,0.066180,-0.525253,1.909000,0.9999,0,-0.273164,-0.478079,1.909000,0.9998,0,0.300041,-0.453415,1.938000,0.9237,0,-0.510352,-0.363716,1.903000,0.9367,0,0.426572,-0.580933,1.799000,0.9352,0,-0.723469,-0.276274,1.863000,0.9031,0,0.044324,0.047267,1.915000,0.9990,0,-0.195683,0.064226,1.951000,0.9993,0
125,4.169638,1,0.066388,-0.526904,1.915000,0.9999,0,-0.274022,-0.479582,1.915000,0.9998,0,0.298183,-0.450608,1.926000,0.9197,0,-0.508819,-0.358573,1.909000,0.9358,0,0.422778,-0.575767,1.783000,0.9327,0,-0.716149,-0.265490,1.852000,0.9044,0,0.044579,0.047538,1.926000,0.9990,0,-0.194379,0.063798,1.938000,0.9993,0
126,4.202995,1,0.066180,-0.525253,1.909000,0.9999,0,-0.274022,-0.476427,1.915000,0.9998,0,0.302292,-0.452011,1.932000,0.9147,0,-0.505621,-0.353194,1.897000,0.9341,0,0.423963,-0.577381,1.788000,0.9295,0,-0.708865,-0.257847,1.841000,0.9055,0,0.044324,0.047267,1.915000,0.9990,0,-0.197488,0.064818,1.969000,0.9993,0
127,4.236352,1,0.065972,-0.523602,1.903000,0.9999,0,-0.272305,-0.473442,1.903000,0.9998,0,0.302292,-0.452011,1.932000,0.9144,0,-0.495081,-0.341823,1.869000,0.9351,0,0.422778,-0.575767,1.783000,0.9294,0,-0.712353,-0.254106,1.858000,0.9085,0,0.044046,0.046971,1.903000,0.9990,0,-0.194981,0.063995,1.944000,0.9993,0
128,4.269709,1,0.066769,-0.529930,1.926000,0.9999,0,-0.271447,-0.471949,1.897000,0.9998,0,0.299632,-0.448034,1.915000,0.9116,0,-0.502498,-0.343819,1.897000,0.9334,0,0.423963,-0.577381,1.788000,0.9273,0,-0.709295,-0.251045,1.858000,0.9083,0,0.044324,0.047267,1.915000,0.9991,0,-0.193777,0.063600,1.932000,0.9993,0
129,4.303067,1,0.066180,-0.525253,1.909000,0.9999,0,-0.273164,-0.474934,1.909000,0.9999,0,0.301353,-0.450608,1.926000,0.9123,0,-0.502535,-0.342849,1.909000,0.9350,0,0.421592,-0.574152,1.778000,0.9260,0,-0.703178,-0.244924,1.858000,0.9112,0,0.044463,0.047415,1.921000,0.9991,0,-0.194981,0.063995,1.944000,0.9993,0
130,4.336424,1,0.065972,-0.523602,1.903000,0.9999,0,-0.274022,-0.476427,1.915000,0.9999,0,0.301353,-0.450608,1.926000,0.9135,0,-0.496251,-0.339704,1.909000,0.9354,0,0.421592,-0.574152,1.778000,0.9271,0,-0.704265,-0.240216,1.869000,0.9134,0,0.044046,0.043836,1.903000,0.9991,0,-0.194981,0.063995,1.944000,0.9993,0
131,4.369781,1,0.066769,-0.529930,1.926000,0.9999,0,-0.273164,-0.474934,1.909000,0.9999,0,0.303230,-0.453415,1.938000,0.9108,0,-0.494691,-0.335501,1.903000,0.9328,0,0.420407,-0.572537,1.773000,0.9246,0,-0.698938,-0.236375,1.863000,0.9127,0,0.044046,0.043836,1.903000,0.9991,0,-0.195683,0.061012,1.951000,0.9994,0
132,4.403138,1,0.065972,-0.523602,1.903000,0.9999,0,-0.273164,-0.474934,1.909000,0.9999,0,0.302292,-0.452011,1.932000,0.9117,0,-0.500600,-0.338479,1.938000,0.9341,0,0.422778,-0.575767,1.783000,0.9239,0,-0.698113,-0.230979,1.869000,0.9149,0,0.043907,0.043697,1.897000,0.9991,0,-0.196284,0.061199,1.957000,0.9994,0
133,4.436495,1,0.066180,-0.525253,1.909000,0.9999,0,-0.272305,-0.473442,1.903000,0.9999,0,0.301353,-0.450608,1.926000,0.9081,0,-0.489967,-0.330269,1.909000,0.9314,0,0.421592,-0.574152,1.778000,0.9207,0,-0.696896,-0.228509,1.874000,0.9141,0,0.044579,0.044365,1.926000,0.9991,0,-0.195683,0.061012,1.951000,0.9994,0
134,4.469853,1,0.063038,-0.525253,1.909000,0.9999,0,-0.272305,-0.473442,1.903000,0.9999,0,0.299632,-0.448034,1.915000,0.9114,0,-0.494330,-0.330037,1.926000,0.9334,0,0.425386,-0.576363,1.794000,0.9220,0,-0.696896,-0.225422,1.874000,0.9156,0,0.044324,0.044112,1.915000,0.9991,0,-0.194379,0.060605,1.938000,0.9994,0
135,4.503210,1,0.062641,-0.521951,1.897000,0.9999,0,-0.272305,-0.473442,1.903000,0.9999,0,0.299632,-0.448034,1.915000,0.9066,0,-0.495750,-0.329919,1.944000,0.9299,0,0.422778,-0.572829,1.783000,0.9171,0,-0.696033,-0.223047,1.880000,0.9120,0,0.044324,0.044112,1.915000,0.9992,0,-0.200117,0.061387,1.963000,0.9994,0
136,4.536567,1,0.062443,-0.520300,1.891000,0.9999,0,-0.273164,-0.474934,1.909000,0.9999,0,0.302292,-0.452011,1.932000,0.9074,0,-0.491160,-0.326864,1.926000,0.9301,0,0.422778,-0.572829,1.783000,0.9162,0,-0.686673,-0.217961,1.863000,0.9107,0,0.044463,0.044250,1.921000,0.9992,0,-0.198180,0.060793,1.944000,0.9994,0
137,4.569924,1,0.062641,-0.521951,1.897000,0.9999,0,-0.274022,-0.476427,1.915000,0.9999,0,0.296480,-0.448034,1.915000,0.9090,0,-0.491030,-0.328901,1.938000,0.9305,0,0.423963,-0.574436,1.788000,0.9172,0,-0.687643,-0.216160,1.874000,0.9111,0,0.044185,0.043974,1.909000,0.9992,0,-0.198894,0.061012,1.951000,0.9994,0
138,4.603281,1,0.062839,-0.523602,1.903000,0.9999,0,-0.274022,-0.476427,1.915000,0.9999,0,0.299112,-0.452011,1.932000,0.9065,0,-0.486723,-0.326016,1.921000,0.9269,0,0.420407,-0.569617,1.773000,0.9142,0,-0.687643,-0.216160,1.874000,0.9065,0,0.044324,0.044112,1.915000,0.9992,0,-0.200117,0.061387,1.963000,0.9994,0
139,4.636639,1,0.063038,-0.525253,1.909000,0.9999,0,-0.273164,-0.474934,1.909000,0.9999,0,0.300041,-0.453415,1.938000,0.9101,0,-0.487841,-0.325708,1.938000,0.9274,0,0.426572,-0.577970,1.799000,0.9158,0,-0.688942,-0.217545,1.886000,0.9054,0,0.044718,0.047686,1.932000,0.9992,0,-0.199505,0.064423,1.957000,0.9994,0
140,4.669996,1,0.063038,-0.525253,1.909000,0.9999,0,-0.269173,-0.470307,1.903000,0.9999,0,0.298183,-0.450608,1.926000,0.9106,0,-0.476009,-0.317809,1.891000,0.9267,0,0.422778,-0.572829,1.783000,0.9154,0,-0.682732,-0.215584,1.869000,0.9040,0,0.041172,0.047267,1.915000,0.9992,0,-0.198894,0.064226,1.951000,0.9994,0
141,4.703353,1,0.063038,-0.525253,1.909000,0.9999,0,-0.270022,-0.471789,1.909000,0.9999,0,0.300041,-0.453415,1.938000,0.9095,0,-0.487841,-0.325708,1.938000,0.9251,0,0.423963,-0.574436,1.788000,0.9141,0,-0.686750,-0.213755,1.880000,0.9012,0,0.044579,0.047538,1.926000,0.9992,0,-0.198894,0.064226,1.951000,0.9994,0
142,4.736710,1,0.062641,-0.521951,1.897000,0.9999,0,-0.270022,-0.471789,1.909000,0.9999,0,0.297409,-0.449438,1.921000,0.9058,0,-0.486330,-0.324700,1.932000,0.9223,0,0.426572,-0.577970,1.799000,0.9116,0,-0.686750,-0.216853,1.880000,0.9003,0,0.041172,0.047267,1.915000,0.9992,0,-0.200117,0.061387,1.963000,0.9994,0
143,4.770068,1,0.062839,-0.523602,1.903000,0.9999,0,-0.269173,-0.470307,1.903000,0.9999,0,0.302053,-0.456457,1.951000,0.9085,0,-0.482051,-0.321843,1.915000,0.9226,0,0.421592,-0.571223,1.778000,0.9144,0,-0.682732,-0.215584,1.869000,0.9007,0,0.044463,0.047415,1.921000,0.9992,0,-0.196957,0.060418,1.932000,0.9995,0
144,4.803425,1,0.061882,-0.515622,1.874000,0.9999,0,-0.269173,-0.470307,1.903000,0.9999,0,0.300041,-0.453415,1.938000,0.9104,0,-0.484820,-0.323691,1.926000,0.9238,0,0.421592,-0.571223,1.778000,0.9156,0,-0.682732,-0.212505,1.869000,0.9018,0,0.044185,0.047119,1.909000,0.9992,0,-0.196957,0.060418,1.932000,0.9995,0
145,4.836782,1,0.062641,-0.521951,1.897000,0.9999,0,-0.270022,-0.471789,1.909000,0.9999,0,0.299112,-0.452011,1.932000,0.9077,0,-0.484820,-0.323691,1.926000,0.9228,0,0.425386,-0.576363,1.794000,0.9118,0,-0.684558,-0.213073,1.874000,0.9000,0,0.044324,0.047267,1.915000,0.9992,0,-0.198180,0.060793,1.944000,0.9994,0
146,4.870139,1,0.062839,-0.523602,1.903000,0.9999,0,-0.270022,-0.471789,1.909000,0.9999,0,0.298183,-0.450608,1.926000,0.9050,0,-0.484820,-0.323691,1.926000,0.9212,0,0.422778,-0.572829,1.783000,0.9105,0,-0.686750,-0.216853,1.880000,0.9006,0,0.044463,0.047415,1.921000,0.9992,0,-0.200729,0.061575,1.969000,0.9995,0
147,4.903497,1,0.063236,-0.526904,1.915000,0.9999,0,-0.269173,-0.470307,1.903000,0.9999,0,0.299112,-0.452011,1.932000,0.9053,0,-0.480541,-0.320834,1.909000,0.9224,0,0.421592,-0.571223,1.778000,0.9094,0,-0.682732,-0.215584,1.869000,0.9027,0,0.044463,0.047415,1.921000,0.9992,0,-0.200117,0.061387,1.963000,0.9995,0
148,4.936854,1,0.063434,-0.528554,1.921000,0.9999,0,-0.270871,-0.473272,1.915000,0.9999,0,0.299112,-0.452011,1.932000,0.9059,0,-0.484820,-0.323691,1.926000,0.9233,0,0.421592,-0.571223,1.778000,0.9095,0,-0.682732,-0.215584,1.869000,0.9032,0,0.044463,0.047415,1.921000,0.9992,0,-0.197569,0.060605,1.938000,0.9995,0
149,4.970211,1,0.062641,-0.521951,1.897000,0.9999,0,-0.270022,-0.471789,1.909000,0.9999,0,0.297409,-0.449438,1.921000,0.9026,0,-0.491030,-0.325708,1.938000,0.9212,0,0.421592,-0.571223,1.778000,0.9075,0,-0.682732,-0.215584,1.869000,0.9033,0,0.044046,0.043836,1.903000,0.9992,0,-0.197569,0.060605,1.938000,0.9995,0
150,5.003568,1,0.062839,-0.523602,1.903000,0.9999,0,-0.270022,-0.471789,1.909000,0.9999,0,0.298183,-0.450608,1.926000,0.9051,0,-0.489510,-0.324700,1.932000,0.9230,0,0.425386,-0.576363,1.794000,0.9092,0,-0.680540,-0.214892,1.863000,0.9044,0,0.044463,0.044250,1.921000,0.9992,0,-0.196957,0.060418,1.932000,0.9995,0
151,5.036926,1,0.063038,-0.525253,1.909000,0.9999,0,-0.267476,-0.467341,1.891000,0.9999,0,0.299112,-0.452011,1.932000,0.9027,0,-0.489510,-0.324700,1.932000,0.9224,0,0.421592,-0.571223,1.778000,0.9074,0,-0.687643,-0.216160,1.874000,0.9057,0,0.044463,0.044250,1.921000,0.9992,0,-0.198894,0.061012,1.951000,0.9995,0
152,5.070283,1,0.062641,-0.521951,1.897000,0.9999,0,-0.270022,-0.471789,1.909000,0.9999,0,0.297409,-0.449438,1.921000,0.9041,0,-0.483683,-0.320834,1.909000,0.9232,0,0.423963,-0.574436,1.788000,0.9081,0,-0.687643,-0.216160,1.874000,0.9058,0,0.044463,0.044250,1.921000,0.9992,0,-0.196345,0.060230,1.926000,0.9995,0
153,5.103640,1,0.062443,-0.520300,1.891000,0.9999,0,-0.271719,-0.474755,1.921000,0.9999,0,0.296480,-0.448034,1.915000,0.9056,0,-0.486723,-0.322851,1.921000,0.9239,0,0.422778,-0.572829,1.783000,0.9102,0,-0.683606,-0.214892,1.863000,0.9062,0,0.044185,0.043974,1.909000,0.9992,0,-0.197569,0.060605,1.938000,0.9995,0
154,5.136997,1,0.063038,-0.525253,1.909000,0.9999,0,-0.270871,-0.473272,1.915000,0.9999,0,0.299112,-0.452011,1.932000,0.9068,0,-0.492551,-0.326717,1.944000,0.9259,0,0.426572,-0.577970,1.799000,0.9110,0,-0.692046,-0.217545,1.886000,0.9087,0,0.044185,0.043974,1.909000,0.9992,0,-0.200117,0.061387,1.963000,0.9995,0
155,5.170354,1,0.063236,-0.526904,1.915000,0.9999,0,-0.270022,-0.471789,1.909000,0.9999,0,0.300969,-0.454819,1.944000,0.9064,0,-0.491030,-0.325708,1.938000,0.9259,0,0.420407,-0.569617,1.773000,0.9107,0,-0.689844,-0.216853,1.880000,0.9081,0,0.044463,0.044250,1.921000,0.9992,0,-0.198894,0.061012,1.951000,0.9995,0
156,5.203712,1,0.063236,-0.526904,1.915000,0.9999,0,-0.270871,-0.473272,1.915000,0.9999,0,0.297409,-0.449438,1.921000,0.9020,0,-0.486723,-0.322851,1.921000,0.9245,0,0.426572,-0.577970,1.799000,0.9070,0,-0.689844,-0.216853,1.880000,0.9073,0,0.044324,0.044112,1.915000,0.9992,0,-0.199505,0.061199,1.957000,0.9995,0
157,5.237069,1,0.063038,-0.525253,1.909000,0.9999,0,-0.270871,-0.473272,1.915000,0.9999,0,0.300041,-0.453415,1.938000,0.9032,0,-0.492551,-0.329919,1.944000,0.9257,0,0.425386,-0.576363,1.794000,0.9074,0,-0.685808,-0.215584,1.869000,0.9078,0,0.044463,0.044250,1.921000,0.9992,0,-0.196957,0.060418,1.932000,0.9995,0
158,5.270426,1,0.063038,-0.525253,1.909000,0.9999,0,-0.270022,-0.471789,1.909000,0.9999,0,0.299112,-0.452011,1.932000,0.9036,0,-0.489510,-0.327883,1.932000,0.9259,0,0.425386,-0.576363,1.794000,0.9076,0,-0.689844,-0.216853,1.880000,0.9089,0,0.044324,0.044112,1.915000,0.9992,0,-0.197569,0.060605,1.938000,0.9995,0
159,5.303783,1,0.062641,-0.521951,1.897000,0.9999,0,-0.271719,-0.474755,1.921000,0.9999,0,0.301353,-0.447435,1.926000,0.9034,0,-0.487990,-0.326864,1.926000,0.9276,0,0.423963,-0.574436,1.788000,0.9071,0,-0.687643,-0.216160,1.874000,0.9113,0,0.044324,0.044112,1.915000,0.9992,0,-0.196345,0.060230,1.926000,0.9995,0
160,5.337141,1,0.061882,-0.515622,1.874000,0.9999,0,-0.270022,-0.471789,1.909000,0.9999,0,0.301353,-0.447435,1.926000,0.9037,0,-0.492690,-0.327883,1.932000,0.9273,0,0.423325,-0.569617,1.773000,0.9078,0,-0.692046,-0.217545,1.886000,0.9104,0,0.044185,0.043974,1.909000,0.9992,0,-0.198180,0.060793,1.944000,0.9995,0
161,5.370498,1,0.062839,-0.523602,1.903000,0.9999,0,-0.270022,-0.471789,1.909000,0.9999,0,0.299632,-0.444879,1.915000,0.9016,0,-0.489885,-0.326016,1.921000,0.9271,0,0.426906,-0.574436,1.788000,0.9064,0,-0.681772,-0.214315,1.858000,0.9113,0,0.044324,0.044112,1.915000,0.9992,0,-0.198180,0.060793,1.944000,0.9995,0
162,5.403855,1,0.062278,-0.518924,1.886000,0.9999,0,-0.270871,-0.473272,1.915000,0.9999,0,0.301353,-0.447435,1.926000,0.9018,0,-0.494220,-0.328901,1.938000,0.9272,0,0.425712,-0.572829,1.783000,0.9066,0,-0.690727,-0.216160,1.874000,0.9107,0,0.044718,0.044504,1.932000,0.9992,0,-0.198894,0.061012,1.951000,0.9995,0
163,5.437212,1,0.062641,-0.521951,1.897000,0.9999,0,-0.270022,-0.471789,1.909000,0.9999,0,0.300570,-0.446273,1.921000,0.9043,0,-0.491160,-0.326864,1.926000,0.9295,0,0.428339,-0.576363,1.794000,0.9082,0,-0.690727,-0.219248,1.874000,0.9135,0,0.044324,0.044112,1.915000,0.9992,0,-0.199505,0.061199,1.957000,0.9995,0
164,5.470569,1,0.062839,-0.523602,1.903000,0.9999,0,-0.269173,-0.470307,1.903000,0.9999,0,0.299112,-0.448828,1.932000,0.9019,0,-0.497535,-0.331107,1.951000,0.9294,0,0.425712,-0.572829,1.783000,0.9059,0,-0.692939,-0.219950,1.880000,0.9134,0,0.044046,0.043836,1.903000,0.9992,0,-0.198894,0.061012,1.951000,0.9995,0
165,5.503926,1,0.062443,-0.520300,1.891000,0.9999,0,-0.270022,-0.471789,1.909000,0.9999,0,0.300570,-0.446273,1.921000,0.9022,0,-0.495750,-0.329919,1.944000,0.9307,0,0.428339,-0.576363,1.794000,0.9067,0,-0.690727,-0.222335,1.874000,0.9158,0,0.044324,0.044112,1.915000,0.9992,0,-0.199505,0.061199,1.957000,0.9995,0
166,5.537283,1,0.062839,-0.523602,1.903000,0.9999,0,-0.270022,-0.471789,1.909000,0.9999,0,0.301353,-0.447435,1.926000,0.8996,0,-0.492690,-0.327883,1.932000,0.9300,0,0.424519,-0.571223,1.778000,0.9047,0,-0.692939,-0.223047,1.880000,0.9164,0,0.044324,0.044112,1.915000,0.9992,0,-0.197569,0.060605,1.938000,0.9995,0
167,5.570640,1,0.062839,-0.523602,1.903000,0.9999,0,-0.270022,-0.471789,1.909000,0.9999,0,0.300570,-0.446273,1.921000,0.9028,0,-0.486825,-0.323979,1.909000,0.9316,0,0.425712,-0.572829,1.783000,0.9079,0,-0.692939,-0.226144,1.880000,0.9180,0,0.044324,0.044112,1.915000,0.9992,0,-0.196957,0.060418,1.932000,0.9995,0
168,5.603997,1,0.062641,-0.521951,1.897000,0.9999,0,-0.270871,-0.473272,1.915000,0.9999,0,0.296480,-0.444879,1.915000,0.9044,0,-0.485295,-0.322961,1.903000,0.9329,0,0.425712,-0.572829,1.783000,0.9090,0,-0.692939,-0.226144,1.880000,0.9201,0,0.044579,0.047538,1.926000,0.9992,0,-0.198180,0.060793,1.944000,0.9995,0
169,5.637354,1,0.062080,-0.517273,1.880000,0.9999,0,-0.270022,-0.471789,1.909000,0.9999,0,0.298183,-0.447435,1.926000,0.9035,0,-0.506906,-0.335180,1.975000,0.9331,0,0.426906,-0.574436,1.788000,0.9077,0,-0.690727,-0.228509,1.874000,0.9206,0,0.044324,0.047267,1.915000,0.9992,0,-0.198180,0.060793,1.944000,0.9995,0
170,5.670711,1,0.063038,-0.525253,1.909000,0.9999,0,-0.269173,-0.470307,1.903000,0.9999,0,0.300570,-0.446273,1.921000,0.9031,0,-0.495750,-0.333122,1.944000,0.9333,0,0.425712,-0.572829,1.783000,0.9082,0,-0.696033,-0.229241,1.880000,0.9221,0,0.044324,0.044112,1.915000,0.9992,0,-0.198894,0.061012,1.951000,0.9995,0
171,5.704068,1,0.062839,-0.523602,1.903000,0.9999,0,-0.270871,-0.473272,1.915000,0.9999,0,0.299632,-0.444879,1.915000,0.9064,0,-0.500596,-0.336377,1.963000,0.9360,0,0.425712,-0.572829,1.783000,0.9105,0,-0.693812,-0.231597,1.874000,0.9251,0,0.044324,0.047267,1.915000,0.9992,0,-0.200117,0.064621,1.963000,0.9995,0
172,5.737426,1,0.063038,-0.522108,1.909000,0.9999,0,-0.270871,-0.473272,1.915000,0.9999,0,0.301353,-0.447435,1.926000,0.9054,0,-0.497410,-0.335286,1.938000,0.9360,0,0.424519,-0.571223,1.778000,0.9094,0,-0.698254,-0.233080,1.886000,0.9249,0,0.044324,0.047267,1.915000,0.9992,0,-0.196345,0.063403,1.926000,0.9995,0
173,5.770783,1,0.062839,-0.520467,1.903000,0.9999,0,-0.270022,-0.471789,1.909000,0.9999,0,0.303230,-0.450222,1.938000,0.9023,0,-0.494330,-0.333210,1.926000,0.9344,0,0.426906,-0.574436,1.788000,0.9071,0,-0.696896,-0.234684,1.874000,0.9242,0,0.044185,0.047119,1.909000,0.9992,0,-0.199505,0.064423,1.957000,0.9995,0
174,5.804140,1,0.061882,-0.512535,1.874000,0.9999,0,-0.270022,-0.471789,1.909000,0.9999,0,0.301353,-0.447435,1.926000,0.9044,0,-0.494659,-0.334462,1.915000,0.9348,0,0.426906,-0.574436,1.788000,0.9101,0,-0.704463,-0.239294,1.886000,0.9246,0,0.044463,0.047415,1.921000,0.9992,0,-0.193777,0.063600,1.932000,0.9995,0
175,5.837497,1,0.063038,-0.522108,1.909000,0.9999,0,-0.270871,-0.473272,1.915000,0.9999,0,0.302292,-0.448828,1.932000,0.9079,0,-0.491572,-0.333385,1.891000,0.9360,0,0.425712,-0.572829,1.783000,0.9138,0,-0.699980,-0.243946,1.874000,0.9252,0,0.044185,0.047119,1.909000,0.9992,0,-0.195224,0.063041,1.915000,0.9995,0
176,5.870854,1,0.062839,-0.520467,1.903000,0.9999,0,-0.270871,-0.473272,1.915000,0.9999,0,0.298693,-0.443485,1.909000,0.9085,0,-0.500962,-0.343926,1.915000,0.9362,0,0.425712,-0.572829,1.783000,0.9154,0,-0.702004,-0.251721,1.863000,0.9257,0,0.044324,0.047267,1.915000,0.9992,0,-0.198894,0.064226,1.951000,0.9995,0
177,5.904211,1,0.063038,-0.522108,1.909000,0.9999,0,-0.270871,-0.473272,1.915000,0.9999,0,0.297409,-0.446273,1.921000,0.9085,0,-0.505694,-0.351333,1.921000,0.9361,0,0.425712,-0.572829,1.783000,0.9163,0,-0.709234,-0.262469,1.874000,0.9256,0,0.044579,0.047538,1.926000,0.9992,0,-0.198894,0.064226,1.951000,0.9995,0
178,5.937568,1,0.065382,-0.515817,1.886000,0.9999,0,-0.273164,-0.471789,1.909000,0.9999,0,0.295551,-0.443485,1.909000,0.9084,0,-0.504088,-0.357446,1.903000,0.9356,0,0.428339,-0.576363,1.794000,0.9167,0,-0.717693,-0.269504,1.880000,0.9241,0,0.044324,0.047267,1.915000,0.9992,0,-0.198180,0.063995,1.944000,0.9995,0
179,5.970925,1,0.065972,-0.520467,1.903000,0.9999,0,-0.272305,-0.470307,1.903000,0.9999,0,0.302053,-0.453242,1.951000,0.9085,0,-0.505621,-0.362569,1.897000,0.9367,0,0.422778,-0.572829,1.783000,0.9165,0,-0.716570,-0.277164,1.869000,0.9244,0,0.044185,0.047119,1.909000,0.9992,0,-0.197569,0.063798,1.938000,0.9994,0
180,6.004282,1,0.064966,-0.512535,1.874000,0.9999,0,-0.275596,-0.475991,1.926000,0.9999,0,0.298183,-0.447435,1.926000,0.9105,0,-0.499490,-0.367435,1.874000,0.9371,0,0.421592,-0.571223,1.778000,0.9188,0,-0.724656,-0.290254,1.874000,0.9237,0,0.044579,0.047538,1.926000,0.9992,0,-0.196345,0.063403,1.926000,0.9994,0
181,6.037639,1,0.065972,-0.520467,1.903000,0.9999,0,-0.274022,-0.473272,1.915000,0.9999,0,0.298183,-0.447435,1.926000,0.9096,0,-0.507134,-0.376999,1.891000,0.9376,0,0.421592,-0.571223,1.778000,0.9184,0,-0.729602,-0.300827,1.863000,0.9235,0,0.044185,0.047119,1.909000,0.9992,0,-0.196345,0.063403,1.926000,0.9994,0
182,6.070996,1,0.066180,-0.522108,1.909000,0.9999,0,-0.273164,-0.471789,1.909000,0.9999,0,0.302292,-0.448828,1.932000,0.9111,0,-0.518245,-0.386877,1.909000,0.9370,0,0.425712,-0.572829,1.783000,0.9204,0,-0.740078,-0.314952,1.874000,0.9197,0,0.044463,0.047415,1.921000,0.9991,0,-0.196345,0.063403,1.926000,0.9994,0
183,6.104353,1,0.066180,-0.522108,1.909000,0.9999,0,-0.273164,-0.471789,1.909000,0.9999,0,0.302292,-0.448828,1.932000,0.9135,0,-0.510373,-0.390291,1.880000,0.9361,0,0.426906,-0.574436,1.788000,0.9219,0,-0.744256,-0.323349,1.869000,0.9127,0,0.044324,0.047267,1.915000,0.9991,0,-0.199505,0.064423,1.957000,0.9994,0
184,6.137710,1,0.066596,-0.525390,1.921000,0.9999,0,-0.273164,-0.471789,1.909000,0.9999,0,0.299112,-0.448828,1.932000,0.9159,0,-0.511828,-0.395220,1.874000,0.9353,0,0.425712,-0.572829,1.783000,0.9248,0,-0.750409,-0.335665,1.869000,0.9085,0,0.047327,0.047119,1.909000,0.9991,0,-0.196345,0.063403,1.926000,0.9994,0
185,6.171067,1,0.065382,-0.515817,1.886000,0.9999,0,-0.273164,-0.474934,1.909000,0.9998,0,0.297409,-0.446273,1.921000,0.9173,0,-0.515106,-0.403965,1.886000,0.9346,0,0.428339,-0.576363,1.794000,0.9247,0,-0.758225,-0.345933,1.858000,0.8994,0,0.047476,0.050422,1.915000,0.9991,0,-0.197569,0.066991,1.938000,0.9994,0
186,6.204425,1,0.067185,-0.530039,1.938000,0.9999,0,-0.278043,-0.477920,1.921000,0.9998,0,0.300041,-0.450222,1.938000,0.9186,0,-0.516615,-0.409561,1.869000,0.9322,0,0.425712,-0.572829,1.783000,0.9258,0,-0.766398,-0.362209,1.863000,0.8886,0,0.047749,0.053884,1.926000,0.9991,0,-0.196957,0.069966,1.932000,0.9993,0
187,6.237781,1,0.066388,-0.523749,1.915000,0.9999,0,-0.277174,-0.476427,1.915000,0.9998,0,0.298183,-0.447435,1.926000,0.9205,0,-0.524418,-0.422607,1.886000,0.9305,0,0.425712,-0.575767,1.783000,0.9287,0,-0.755834,-0.370867,1.830000,0.8859,0,0.047625,0.053744,1.921000,0.9991,0,-0.193777,0.073149,1.932000,0.9993,0
188,6.271139,1,0.065972,-0.520467,1.903000,0.9999,0,-0.278043,-0.477920,1.921000,0.9998,0,0.299112,-0.448828,1.932000,0.9207,0,-0.522749,-0.425516,1.858000,0.9320,0,0.428339,-0.579319,1.794000,0.9279,0,-0.765896,-0.392569,1.847000,0.8885,0,0.047178,0.053241,1.903000,0.9991,0,-0.194379,0.073376,1.938000,0.9993,0
189,6.304496,1,0.065764,-0.518826,1.897000,0.9999,0,-0.281205,-0.477920,1.921000,0.9998,0,0.302053,-0.453242,1.951000,0.9202,0,-0.519581,-0.426526,1.836000,0.9324,0,0.428339,-0.579319,1.794000,0.9268,0,-0.769468,-0.412524,1.841000,0.8900,0,0.047327,0.053408,1.909000,0.9990,0,-0.195683,0.073868,1.951000,0.9993,0
190,6.337853,1,0.066596,-0.525390,1.921000,0.9999,0,-0.279448,-0.478079,1.909000,0.9998,0,0.300041,-0.453415,1.938000,0.9226,0,-0.528865,-0.434698,1.858000,0.9334,0,0.425386,-0.579319,1.794000,0.9291,0,-0.760691,-0.422809,1.820000,0.8917,0,0.047476,0.056731,1.915000,0.9990,0,-0.193175,0.076094,1.926000,0.9993,0
191,6.371210,1,0.065382,-0.515817,1.886000,0.9999,0,-0.281205,-0.481084,1.921000,0.9998,0,0.299112,-0.452011,1.932000,0.9250,0,-0.525734,-0.441253,1.847000,0.9352,0,0.422778,-0.575767,1.783000,0.9323,0,-0.760691,-0.431804,1.820000,0.8962,0,0.047476,0.056731,1.915000,0.9991,0,-0.195683,0.077082,1.951000,0.9993,0
192,6.404567,1,0.065764,-0.518826,1.897000,0.9999,0,-0.279448,-0.478079,1.909000,0.9998,0,0.300969,-0.454819,1.944000,0.9262,0,-0.533419,-0.450791,1.874000,0.9374,0,0.423963,-0.577381,1.788000,0.9332,0,-0.758183,-0.436358,1.814000,0.9005,0,0.050469,0.056553,1.909000,0.9990,0,-0.193175,0.076094,1.926000,0.9993,0
193,6.437924,1,0.066596,-0.525390,1.921000,0.9999,0,-0.279448,-0.478079,1.909000,0.9998,0,0.299112,-0.452011,1.932000,0.9257,0,-0.528865,-0.453063,1.858000,0.9392,0,0.423963,-0.577381,1.788000,0.9324,0,-0.760691,-0.440799,1.820000,0.9055,0,0.051077,0.057235,1.932000,0.9990,0,-0.196284,0.077319,1.957000,0.9993,0
194,6.471281,1,0.065556,-0.517185,1.891000,0.9999,0,-0.281937,-0.482337,1.926000,0.9998,0,0.300041,-0.450222,1.938000,0.9258,0,-0.538222,-0.458428,1.880000,0.9411,0,0.421592,-0.574152,1.778000,0.9303,0,-0.760691,-0.443797,1.820000,0.9078,0,0.047625,0.056909,1.921000,0.9990,0,-0.193175,0.076094,1.926000,0.9993,0
195,6.504638,1,0.066180,-0.522108,1.909000,0.9999,0,-0.285107,-0.482337,1.926000,0.9998,0,0.300969,-0.451616,1.944000,0.9253,0,-0.539939,-0.462998,1.886000,0.9420,0,0.422778,-0.575767,1.783000,0.9304,0,-0.760691,-0.446796,1.820000,0.9114,0,0.047476,0.056731,1.915000,0.9990,0,-0.194379,0.076569,1.938000,0.9993,0
196,6.537995,1,0.066596,-0.525390,1.921000,0.9999,0,-0.284366,-0.484249,1.921000,0.9998,0,0.296851,-0.450222,1.938000,0.9234,0,-0.536504,-0.460052,1.874000,0.9427,0,0.425386,-0.579319,1.794000,0.9279,0,-0.760691,-0.446796,1.820000,0.9132,0,0.048046,0.057413,1.938000,0.9990,0,-0.194379,0.076569,1.938000,0.9993,0
197,6.571352,1,0.065972,-0.520467,1.903000,0.9999,0,-0.284366,-0.484249,1.921000,0.9998,0,0.295013,-0.447435,1.926000,0.9237,0,-0.533355,-0.457352,1.863000,0.9439,0,0.425386,-0.579319,1.794000,0.9279,0,-0.760691,-0.446796,1.820000,0.9150,0,0.047327,0.056553,1.909000,0.9990,0,-0.194981,0.076806,1.944000,0.9992,0
198,6.604709,1,0.062641,-0.518826,1.897000,0.9999,0,-0.284366,-0.484249,1.921000,0.9998,0,0.294247,-0.446273,1.921000,0.9237,0,-0.538222,-0.461525,1.880000,0.9440,0,0.421592,-0.574152,1.778000,0.9288,0,-0.760691,-0.443797,1.820000,0.9178,0,0.047625,0.056909,1.921000,0.9990,0,-0.193175,0.076094,1.926000,0.9992,0
199,6.638067,1,0.062443,-0.517185,1.891000,0.9999,0,-0.284366,-0.484249,1.921000,0.9998,0,0.296851,-0.450222,1.938000,0.9200,0,-0.527056,-0.448918,1.841000,0.9445,0,0.425386,-0.576363,1.794000,0.9230,0,-0.760691,-0.443797,1.820000,0.9194,0,0.047749,0.057057,1.926000,0.9989,0,-0.194379,0.076569,1.938000,0.9992,0
200,6.671424,1,0.062839,-0.520467,1.903000,0.9999,0,-0.284366,-0.484249,1.921000,0.9998,0,0.295013,-0.447435,1.926000,0.9215,0,-0.530206,-0.451600,1.852000,0.9455,0,0.422778,-0.572829,1.783000,0.9244,0,-0.762781,-0.445017,1.825000,0.9209,0,0.047897,0.057235,1.932000,0.9989,0,-0.193777,0.076331,1.932000,0.9992,0
201,6.704781,1,0.063434,-0.525390,1.921000,0.9999,0,-0.284366,-0.484249,1.921000,0.9998,0,0.294247,-0.446273,1.921000,0.9228,0,-0.527056,-0.448918,1.841000,0.9450,0,0.422778,-0.572829,1.783000,0.9264,0,-0.764871,-0.446236,1.830000,0.9209,0,0.048046,0.057413,1.938000,0.9989,0,-0.196284,0.077319,1.957000,0.9992,0
202,6.738138,1,0.062641,-0.518826,1.897000,0.9999,0,-0.284366,-0.484249,1.921000,0.9998,0,0.296480,-0.444879,1.915000,0.9255,0,-0.531923,-0.453063,1.858000,0.9454,0,0.425386,-0.576363,1.794000,0.9302,0,-0.762781,-0.445017,1.825000,0.9228,0,0.047476,0.056731,1.915000,0.9990,0,-0.196886,0.077556,1.963000,0.9992,0
203,6.771495,1,0.063599,-0.526757,1.926000,0.9999,0,-0.284366,-0.484249,1.921000,0.9998,0,0.294247,-0.446273,1.921000,0.9242,0,-0.533355,-0.454283,1.863000,0.9459,0,0.423963,-0.574436,1.788000,0.9280,0,-0.762781,-0.445017,1.825000,0.9236,0,0.047625,0.056909,1.921000,0.9990,0,-0.195683,0.077082,1.951000,0.9992,0
204,6.804852,1,0.063434,-0.525390,1.921000,0.9999,0,-0.284366,-0.484249,1.921000,0.9998,0,0.295013,-0.447435,1.926000,0.9197,0,-0.535072,-0.455746,1.869000,0.9443,0,0.423963,-0.574436,1.788000,0.9220,0,-0.767378,-0.444674,1.836000,0.9206,0,0.047476,0.050422,1.915000,0.9989,0,-0.194981,0.070400,1.944000,0.9992,0
205,6.838209,1,0.063434,-0.525390,1.921000,0.9999,0,-0.284366,-0.484249,1.921000,0.9998,0,0.295932,-0.448828,1.932000,0.9198,0,-0.536504,-0.456965,1.874000,0.9443,0,0.423963,-0.574436,1.788000,0.9213,0,-0.757695,-0.440799,1.820000,0.9188,0,0.048046,0.054220,1.938000,0.9989,0,-0.198894,0.070654,1.951000,0.9992,0
206,6.871566,1,0.066180,-0.522108,1.909000,0.9999,0,-0.284366,-0.484249,1.921000,0.9998,0,0.299112,-0.448828,1.932000,0.9221,0,-0.536504,-0.456965,1.874000,0.9419,0,0.422778,-0.572829,1.783000,0.9251,0,-0.761859,-0.443221,1.830000,0.9157,0,0.048046,0.054220,1.938000,0.9990,0,-0.194379,0.070183,1.938000,0.9992,0
207,6.904923,1,0.066180,-0.522108,1.909000,0.9999,0,-0.284366,-0.484249,1.921000,0.9998,0,0.299112,-0.448828,1.932000,0.9244,0,-0.533355,-0.454283,1.863000,0.9426,0,0.423963,-0.574436,1.788000,0.9274,0,-0.759777,-0.442010,1.825000,0.9143,0,0.047749,0.053884,1.926000,0.9990,0,-0.198894,0.070654,1.951000,0.9992,0
208,6.938281,1,0.066180,-0.522108,1.909000,0.9999,0,-0.283478,-0.482737,1.915000,0.9998,0,0.298183,-0.447435,1.926000,0.9257,0,-0.531923,-0.453063,1.858000,0.9418,0,0.423963,-0.574436,1.788000,0.9296,0,-0.768936,-0.447338,1.847000,0.9149,0,0.047625,0.053744,1.921000,0.9990,0,-0.194379,0.073376,1.938000,0.9992,0
209,6.971637,1,0.066596,-0.525390,1.921000,0.9999,0,-0.282590,-0.481224,1.909000,0.9998,0,0.299112,-0.448828,1.932000,0.9261,0,-0.536504,-0.456965,1.874000,0.9424,0,0.425386,-0.579319,1.794000,0.9302,0,-0.764356,-0.444674,1.836000,0.9167,0,0.047476,0.053576,1.915000,0.9990,0,-0.195683,0.073868,1.951000,0.9992,0
210,7.004995,1,0.063236,-0.523749,1.915000,0.9999,0,-0.285107,-0.485509,1.926000,0.9998,0,0.295013,-0.447435,1.926000,0.9238,0,-0.530206,-0.451600,1.852000,0.9429,0,0.425386,-0.576363,1.794000,0.9274,0,-0.757695,-0.440799,1.820000,0.9182,0,0.047897,0.054052,1.932000,0.9990,0,-0.193175,0.069749,1.926000,0.9992,0
211,7.038352,1,0.062443,-0.517185,1.891000,0.9999,0,-0.285107,-0.485509,1.926000,0.9998,0,0.295013,-0.447435,1.926000,0.9235,0,-0.538222,-0.458428,1.880000,0.9438,0,0.425386,-0.576363,1.794000,0.9276,0,-0.766438,-0.445885,1.841000,0.9212,0,0.047476,0.053576,1.915000,0.9990,0,-0.196284,0.070871,1.957000,0.9992,0
212,7.071709,1,0.062839,-0.520467,1.903000,0.9999,0,-0.282590,-0.481224,1.909000,0.9998,0,0.295932,-0.448828,1.932000,0.9218,0,-0.538222,-0.458428,1.880000,0.9441,0,0.423963,-0.574436,1.788000,0.9262,0,-0.761859,-0.443221,1.830000,0.9234,0,0.047327,0.050264,1.909000,0.9990,0,-0.192674,0.069568,1.921000,0.9992,0
213,7.105066,1,0.063038,-0.522108,1.909000,0.9999,0,-0.284366,-0.484249,1.921000,0.9998,0,0.295932,-0.448828,1.932000,0.9201,0,-0.538222,-0.455331,1.880000,0.9440,0,0.422778,-0.572829,1.783000,0.9241,0,-0.757695,-0.440799,1.820000,0.9236,0,0.047749,0.053884,1.926000,0.9990,0,-0.195683,0.070654,1.951000,0.9993,0
214,7.138423,1,0.063797,-0.528398,1.932000,0.9999,0,-0.285107,-0.485509,1.926000,0.9998,0,0.295013,-0.447435,1.926000,0.9216,0,-0.533355,-0.451214,1.863000,0.9443,0,0.422778,-0.572829,1.783000,0.9260,0,-0.764356,-0.444674,1.836000,0.9238,0,0.047749,0.053884,1.926000,0.9990,0,-0.194379,0.070183,1.938000,0.9992,0
215,7.171780,1,0.063434,-0.525390,1.921000,0.9999,0,-0.284366,-0.484249,1.921000,0.9998,0,0.297770,-0.451616,1.944000,0.9234,0,-0.531923,-0.450003,1.858000,0.9442,0,0.423963,-0.574436,1.788000,0.9292,0,-0.766438,-0.445885,1.841000,0.9249,0,0.047625,0.053744,1.921000,0.9990,0,-0.193175,0.069749,1.926000,0.9992,0
216,7.205137,1,0.063434,-0.525390,1.921000,0.9999,0,-0.286883,-0.488534,1.938000,0.9998,0,0.295932,-0.448828,1.932000,0.9256,0,-0.544806,-0.460901,1.903000,0.9449,0,0.422778,-0.575767,1.783000,0.9314,0,-0.768936,-0.447338,1.847000,0.9249,0,0.047327,0.053408,1.909000,0.9990,0,-0.196886,0.071089,1.963000,0.9992,0
217,7.238494,1,0.063434,-0.525390,1.921000,0.9999,0,-0.284366,-0.484249,1.921000,0.9998,0,0.293328,-0.444879,1.915000,0.9271,0,-0.531923,-0.450003,1.858000,0.9441,0,0.422778,-0.575767,1.783000,0.9331,0,-0.771017,-0.445498,1.852000,0.9231,0,0.047476,0.053576,1.915000,0.9990,0,-0.193175,0.072922,1.926000,0.9992,0
218,7.271851,1,0.065382,-0.515817,1.886000,0.9999,0,-0.283478,-0.482737,1.915000,0.9998,0,0.298183,-0.447435,1.926000,0.9299,0,-0.538222,-0.455331,1.880000,0.9428,0,0.425386,-0.579319,1.794000,0.9365,0,-0.771017,-0.445498,1.852000,0.9206,0,0.047476,0.053576,1.915000,0.9990,0,-0.196886,0.074322,1.963000,0.9992,0
219,7.305208,1,0.066769,-0.526757,1.926000,0.9999,0,-0.285107,-0.485509,1.926000,0.9998,0,0.300969,-0.451616,1.944000,0.9317,0,-0.536504,-0.453878,1.874000,0.9432,0,0.423963,-0.577381,1.788000,0.9378,0,-0.764356,-0.441650,1.836000,0.9173,0,0.047897,0.054052,1.932000,0.9990,0,-0.195836,0.072732,1.921000,0.9992,0
220,7.338565,1,0.066180,-0.522108,1.909000,0.9999,0,-0.284366,-0.484249,1.921000,0.9998,0,0.299112,-0.448828,1.932000,0.9335,0,-0.526919,-0.443221,1.830000,0.9428,0,0.423963,-0.577381,1.788000,0.9394,0,-0.768936,-0.444296,1.847000,0.9149,0,0.047625,0.053744,1.921000,0.9990,0,-0.196957,0.073149,1.932000,0.9992,0
221,7.371923,1,0.065764,-0.518826,1.897000,0.9999,0,-0.284366,-0.484249,1.921000,0.9998,0,0.299112,-0.445646,1.932000,0.9346,0,-0.533355,-0.451214,1.863000,0.9428,0,0.421592,-0.574152,1.778000,0.9403,0,-0.766438,-0.439819,1.841000,0.9133,0,0.047625,0.053744,1.921000,0.9990,0,-0.196957,0.073149,1.932000,0.9992,0
222,7.405280,1,0.066769,-0.526757,1.926000,0.9999,0,-0.283478,-0.482737,1.915000,0.9998,0,0.299112,-0.445646,1.932000,0.9349,0,-0.541371,-0.457995,1.891000,0.9429,0,0.423963,-0.577381,1.788000,0.9414,0,-0.761859,-0.437192,1.830000,0.9151,0,0.047897,0.054052,1.932000,0.9990,0,-0.196957,0.073149,1.932000,0.9992,0
223,7.438637,1,0.065972,-0.520467,1.903000,0.9999,0,-0.283478,-0.482737,1.915000,0.9998,0,0.299112,-0.445646,1.932000,0.9325,0,-0.536504,-0.453878,1.874000,0.9427,0,0.422778,-0.575767,1.783000,0.9403,0,-0.771017,-0.442447,1.852000,0.9161,0,0.047476,0.053576,1.915000,0.9990,0,-0.195836,0.072732,1.921000,0.9992,0
224,7.471994,1,0.066180,-0.522108,1.909000,0.9999,0,-0.284366,-0.484249,1.921000,0.9998,0,0.299112,-0.445646,1.932000,0.9319,0,-0.536504,-0.453878,1.874000,0.9432,0,0.422778,-0.575767,1.783000,0.9404,0,-0.773515,-0.443881,1.858000,0.9187,0,0.047178,0.053241,1.903000,0.9990,0,-0.198894,0.070654,1.951000,0.9992,0
225,7.505351,1,0.065764,-0.518826,1.897000,0.9999,0,-0.284366,-0.484249,1.921000,0.9998,0,0.297409,-0.443108,1.921000,0.9304,0,-0.535072,-0.449588,1.869000,0.9440,0,0.423963,-0.574436,1.788000,0.9394,0,-0.766438,-0.436787,1.841000,0.9206,0,0.047476,0.053576,1.915000,0.9990,0,-0.197569,0.073376,1.938000,0.9992,0
226,7.538708,1,0.066180,-0.522108,1.909000,0.9999,0,-0.284366,-0.484249,1.921000,0.9998,0,0.300041,-0.447030,1.938000,0.9321,0,-0.527056,-0.442852,1.841000,0.9434,0,0.422778,-0.572829,1.783000,0.9411,0,-0.768936,-0.438210,1.847000,0.9183,0,0.047749,0.053884,1.926000,0.9990,0,-0.197569,0.070183,1.938000,0.9992,0
227,7.572066,1,0.066596,-0.525390,1.921000,0.9999,0,-0.282590,-0.481224,1.909000,0.9998,0,0.298183,-0.444262,1.926000,0.9334,0,-0.530206,-0.445498,1.852000,0.9441,0,0.422778,-0.572829,1.783000,0.9421,0,-0.759777,-0.432991,1.825000,0.9191,0,0.047476,0.053576,1.915000,0.9990,0,-0.198180,0.070400,1.944000,0.9992,0
228,7.605423,1,0.065972,-0.520467,1.903000,0.9999,0,-0.283478,-0.482737,1.915000,0.9998,0,0.296851,-0.447030,1.938000,0.9346,0,-0.531923,-0.446942,1.858000,0.9445,0,0.422778,-0.572829,1.783000,0.9434,0,-0.764356,-0.435600,1.836000,0.9195,0,0.047625,0.053744,1.921000,0.9990,0,-0.198894,0.070654,1.951000,0.9992,0
229,7.638780,1,0.066388,-0.523749,1.915000,0.9999,0,-0.284366,-0.484249,1.921000,0.9998,0,0.296851,-0.447030,1.938000,0.9349,0,-0.530206,-0.445498,1.852000,0.9446,0,0.423963,-0.574436,1.788000,0.9440,0,-0.766438,-0.436787,1.841000,0.9203,0,0.048046,0.054220,1.938000,0.9990,0,-0.198894,0.073868,1.951000,0.9992,0
230,7.672137,1,0.065764,-0.518826,1.897000,0.9999,0,-0.284366,-0.484249,1.921000,0.9998,0,0.295932,-0.445646,1.932000,0.9327,0,-0.535072,-0.449588,1.869000,0.9442,0,0.423963,-0.571490,1.788000,0.9409,0,-0.757695,-0.431804,1.820000,0.9192,0,0.047749,0.053884,1.926000,0.9990,0,-0.198180,0.070400,1.944000,0.9992,0
231,7.705494,1,0.065972,-0.520467,1.903000,0.9999,0,-0.282590,-0.481224,1.909000,0.9998,0,0.295013,-0.444262,1.926000,0.9333,0,-0.530206,-0.445498,1.852000,0.9445,0,0.425386,-0.573408,1.794000,0.9422,0,-0.759777,-0.432991,1.825000,0.9210,0,0.047749,0.053884,1.926000,0.9990,0,-0.199505,0.074095,1.957000,0.9992,0
232,7.738852,1,0.066388,-0.523749,1.915000,0.9999,0,-0.283478,-0.482737,1.915000,0.9998,0,0.297770,-0.448414,1.944000,0.9333,0,-0.538222,-0.452234,1.880000,0.9446,0,0.425386,-0.573408,1.794000,0.9426,0,-0.761859,-0.434177,1.830000,0.9216,0,0.047749,0.053884,1.926000,0.9990,0,-0.197569,0.073376,1.938000,0.9992,0
233,7.772209,1,0.066769,-0.526757,1.926000,0.9999,0,-0.284366,-0.484249,1.921000,0.9998,0,0.295013,-0.444262,1.926000,0.9317,0,-0.531923,-0.446942,1.858000,0.9441,0,0.425386,-0.570452,1.794000,0.9408,0,-0.757695,-0.431804,1.820000,0.9203,0,0.047476,0.053576,1.915000,0.9990,0,-0.196957,0.073149,1.932000,0.9992,0
234,7.805566,1,0.066180,-0.522108,1.909000,0.9999,0,-0.282590,-0.481224,1.909000,0.9998,0,0.295932,-0.445646,1.932000,0.9294,0,-0.523907,-0.440206,1.830000,0.9432,0,0.429533,-0.569079,1.799000,0.9387,0,-0.758183,-0.430381,1.814000,0.9200,0,0.047625,0.053744,1.921000,0.9990,0,-0.200117,0.074322,1.963000,0.9992,0
235,7.838923,1,0.066596,-0.525390,1.921000,0.9999,0,-0.283478,-0.485891,1.915000,0.9998,0,0.298842,-0.450028,1.951000,0.9253,0,-0.531923,-0.450003,1.858000,0.9419,0,0.428339,-0.567497,1.794000,0.9331,0,-0.758183,-0.430381,1.814000,0.9175,0,0.047327,0.053408,1.909000,0.9990,0,-0.196957,0.069966,1.932000,0.9992,0
236,7.872280,1,0.066388,-0.523749,1.915000,0.9999,0,-0.284366,-0.484249,1.921000,0.9998,0,0.296851,-0.447030,1.938000,0.9239,0,-0.536504,-0.453878,1.874000,0.9431,0,0.430726,-0.570660,1.804000,0.9309,0,-0.754004,-0.428008,1.804000,0.9197,0,0.047625,0.053744,1.921000,0.9990,0,-0.197569,0.073376,1.938000,0.9992,0
237,7.905637,1,0.066388,-0.523749,1.915000,0.9999,0,-0.281702,-0.482847,1.903000,0.9998,0,0.296851,-0.447030,1.938000,0.9237,0,-0.523907,-0.443221,1.830000,0.9422,0,0.430726,-0.567688,1.804000,0.9304,0,-0.754004,-0.428008,1.804000,0.9186,0,0.047476,0.053576,1.915000,0.9990,0,-0.199505,0.074095,1.957000,0.9992,0
238,7.938994,1,0.066388,-0.523749,1.915000,0.9999,0,-0.282590,-0.484369,1.909000,0.9998,0,0.297770,-0.448414,1.944000,0.9201,0,-0.530206,-0.448549,1.852000,0.9412,0,0.428339,-0.564542,1.794000,0.9261,0,-0.749824,-0.425636,1.794000,0.9161,0,0.047476,0.053576,1.915000,0.9990,0,-0.200729,0.074550,1.969000,0.9992,0
239,7.972352,1,0.066180,-0.522108,1.909000,0.9999,0,-0.283478,-0.485891,1.915000,0.9998,0,0.296851,-0.443837,1.938000,0.9199,0,-0.522476,-0.442010,1.825000,0.9407,0,0.429533,-0.566115,1.799000,0.9269,0,-0.751914,-0.426822,1.799000,0.9165,0,0.047625,0.053744,1.921000,0.9990,0,-0.195683,0.073868,1.951000,0.9992,0
240,8.005709,1,0.066769,-0.523584,1.926000,0.9999,0,-0.283478,-0.485891,1.915000,0.9998,0,0.295932,-0.442463,1.932000,0.9173,0,-0.527056,-0.445885,1.841000,0.9411,0,0.430726,-0.567688,1.804000,0.9227,0,-0.743137,-0.421840,1.778000,0.9173,0,0.047749,0.053884,1.926000,0.9990,0,-0.196284,0.074095,1.957000,0.9992,0
241,8.039066,1,0.062641,-0.515701,1.897000,0.9999,0,-0.285107,-0.488682,1.926000,0.9998,0,0.297770,-0.445211,1.944000,0.9185,0,-0.519327,-0.439346,1.814000,0.9423,0,0.430726,-0.564717,1.804000,0.9245,0,-0.741047,-0.423574,1.773000,0.9197,0,0.047897,0.054052,1.932000,0.9990,0,-0.196284,0.074095,1.957000,0.9992,0
242,8.072423,1,0.062839,-0.517332,1.903000,0.9999,0,-0.284366,-0.487414,1.921000,0.9998,0,0.296851,-0.443837,1.938000,0.9175,0,-0.515032,-0.435713,1.799000,0.9428,0,0.431920,-0.566282,1.809000,0.9230,0,-0.734777,-0.419991,1.758000,0.9204,0,0.047625,0.053744,1.921000,0.9989,0,-0.194379,0.073376,1.938000,0.9992,0
243,8.105780,1,0.063038,-0.518963,1.909000,0.9999,0,-0.284366,-0.487414,1.921000,0.9998,0,0.297770,-0.445211,1.944000,0.9157,0,-0.515032,-0.438677,1.799000,0.9430,0,0.431920,-0.566282,1.809000,0.9211,0,-0.730598,-0.417602,1.748000,0.9193,0,0.047749,0.057057,1.926000,0.9989,0,-0.195683,0.077082,1.951000,0.9992,0
244,8.139137,1,0.063038,-0.518963,1.909000,0.9999,0,-0.281702,-0.482847,1.903000,0.9998,0,0.298842,-0.443600,1.951000,0.9173,0,-0.511883,-0.435994,1.788000,0.9444,0,0.433114,-0.567847,1.814000,0.9238,0,-0.730598,-0.417602,1.748000,0.9225,0,0.047749,0.057057,1.926000,0.9989,0,-0.195683,0.077082,1.951000,0.9992,0
245,8.172495,1,0.063236,-0.520594,1.915000,0.9999,0,-0.282590,-0.481224,1.909000,0.9998,0,0.295932,-0.439280,1.932000,0.9163,0,-0.512071,-0.441640,1.799000,0.9448,0,0.430726,-0.561745,1.804000,0.9237,0,-0.724746,-0.414257,1.734000,0.9249,0,0.047749,0.057057,1.926000,0.9989,0,-0.197488,0.077793,1.969000,0.9992,0
246,8.205852,1,0.063599,-0.523584,1.926000,0.9999,0,-0.283478,-0.482737,1.915000,0.9998,0,0.298842,-0.443600,1.951000,0.9155,0,-0.512071,-0.441640,1.799000,0.9450,0,0.433114,-0.564858,1.814000,0.9234,0,-0.718895,-0.413746,1.720000,0.9264,0,0.047327,0.056553,1.909000,0.9989,0,-0.195683,0.077082,1.951000,0.9992,0
247,8.239209,1,0.062839,-0.517332,1.903000,0.9999,0,-0.281702,-0.479712,1.903000,0.9998,0,0.296851,-0.440644,1.938000,0.9147,0,-0.504671,-0.435258,1.773000,0.9454,0,0.431920,-0.563302,1.809000,0.9231,0,-0.710953,-0.409175,1.701000,0.9274,0,0.047476,0.056731,1.915000,0.9989,0,-0.193777,0.076331,1.932000,0.9992,0
248,8.272566,1,0.063599,-0.523584,1.926000,0.9999,0,-0.281702,-0.479712,1.903000,0.9998,0,0.298842,-0.443600,1.951000,0.9118,0,-0.510648,-0.440413,1.794000,0.9460,0,0.434547,-0.566727,1.820000,0.9207,0,-0.705102,-0.408587,1.687000,0.9295,0,0.047749,0.057057,1.926000,0.9989,0,-0.193777,0.076331,1.932000,0.9992,0
249,8.305923,1,0.063236,-0.520594,1.915000,0.9999,0,-0.281702,-0.479712,1.903000,0.9998,0,0.300680,-0.446329,1.963000,0.9102,0,-0.500337,-0.434030,1.768000,0.9458,0,0.434547,-0.566727,1.820000,0.9202,0,-0.699251,-0.405196,1.673000,0.9309,0,0.047749,0.057057,1.926000,0.9989,0,-0.193777,0.076331,1.932000,0.9992,0
250,8.339281,1,0.063038,-0.518963,1.909000,0.9999,0,-0.279448,-0.481224,1.909000,0.9998,0,0.298842,-0.440386,1.951000,0.9097,0,-0.496092,-0.433236,1.753000,0.9467,0,0.436934,-0.566826,1.830000,0.9197,0,-0.687338,-0.399868,1.651000,0.9316,0,0.047476,0.056731,1.915000,0.9989,0,-0.193777,0.076331,1.932000,0.9992,0
251,8.372638,1,0.063434,-0.522225,1.921000,0.9999,0,-0.279448,-0.481224,1.909000,0.9998,0,0.298842,-0.440386,1.951000,0.9087,0,-0.490675,-0.431011,1.744000,0.9466,0,0.438744,-0.562271,1.825000,0.9192,0,-0.691085,-0.402048,1.660000,0.9330,0,0.047476,0.056731,1.915000,0.9989,0,-0.194981,0.076806,1.944000,0.9992,0
252,8.405995,1,0.063038,-0.518963,1.909000,0.9999,0,-0.278570,-0.479712,1.903000,0.9998,0,0.300680,-0.443095,1.963000,0.9084,0,-0.494517,-0.436943,1.768000,0.9455,0,0.438744,-0.562271,1.825000,0.9199,0,-0.679230,-0.399418,1.638000,0.9302,0,0.050628,0.056731,1.915000,0.9989,0,-0.195683,0.077082,1.951000,0.9992,0
253,8.439352,1,0.063434,-0.519060,1.921000,0.9999,0,-0.278570,-0.479712,1.903000,0.9998,0,0.295932,-0.436097,1.932000,0.9084,0,-0.494517,-0.439855,1.768000,0.9461,0,0.438744,-0.559264,1.825000,0.9201,0,-0.673230,-0.400152,1.630000,0.9314,0,0.050469,0.056553,1.909000,0.9989,0,-0.196284,0.077319,1.957000,0.9992,0
254,8.472709,1,0.063236,-0.517439,1.915000,0.9999,0,-0.278570,-0.479712,1.903000,0.9998,0,0.301599,-0.444449,1.969000,0.9081,0,-0.491607,-0.439855,1.768000,0.9445,0,0.438744,-0.556258,1.825000,0.9206,0,-0.670547,-0.400152,1.630000,0.9324,0,0.050787,0.056909,1.921000,0.9989,0,-0.196886,0.077556,1.963000,0.9992,0
255,8.506066,1,0.063038,-0.515818,1.909000,0.9999,0,-0.279448,-0.481224,1.909000,0.9998,0,0.298842,-0.440386,1.951000,0.9101,0,-0.478261,-0.427913,1.720000,0.9450,0,0.441389,-0.559610,1.836000,0.9228,0,-0.665815,-0.398925,1.625000,0.9314,0,0.051236,0.054220,1.938000,0.9989,0,-0.197488,0.077793,1.969000,0.9992,0
256,8.539423,1,0.063434,-0.519060,1.921000,0.9999,0,-0.275438,-0.479712,1.903000,0.9998,0,0.296540,-0.441740,1.957000,0.9106,0,-0.482153,-0.434253,1.734000,0.9455,0,0.437542,-0.554734,1.820000,0.9246,0,-0.655589,-0.398636,1.613000,0.9341,0,0.050787,0.056909,1.921000,0.9989,0,-0.195683,0.077082,1.951000,0.9992,0
257,8.572781,1,0.063236,-0.517439,1.915000,0.9999,0,-0.275438,-0.479712,1.903000,0.9998,0,0.297449,-0.439861,1.963000,0.9118,0,-0.480681,-0.435505,1.739000,0.9448,0,0.437542,-0.554734,1.820000,0.9274,0,-0.651315,-0.400298,1.609000,0.9374,0,0.050787,0.056909,1.921000,0.9989,0,-0.190005,0.076094,1.926000,0.9992,0
258,8.606138,1,0.063434,-0.519060,1.921000,0.9999,0,-0.276306,-0.481224,1.909000,0.9998,0,0.293661,-0.434259,1.938000,0.9107,0,-0.472599,-0.433581,1.720000,0.9434,0,0.437542,-0.554734,1.820000,0.9271,0,-0.642404,-0.400695,1.600000,0.9354,0,0.050628,0.056731,1.915000,0.9989,0,-0.191189,0.076569,1.938000,0.9992,0
259,8.639495,1,0.063599,-0.520411,1.926000,0.9999,0,-0.274569,-0.478199,1.897000,0.9998,0,0.293661,-0.434259,1.938000,0.9127,0,-0.467378,-0.428791,1.701000,0.9422,0,0.436100,-0.552905,1.814000,0.9301,0,-0.641770,-0.401947,1.605000,0.9370,0,0.050628,0.053576,1.915000,0.9989,0,-0.195683,0.077082,1.951000,0.9992,0
260,8.672852,1,0.063599,-0.520411,1.926000,0.9999,0,-0.274569,-0.478199,1.897000,0.9998,0,0.296540,-0.438516,1.957000,0.9131,0,-0.470737,-0.437110,1.734000,0.9398,0,0.438744,-0.556258,1.825000,0.9322,0,-0.630766,-0.399297,1.584000,0.9391,0,0.050919,0.057057,1.926000,0.9989,0,-0.195683,0.077082,1.951000,0.9992,0
261,8.706209,1,0.064424,-0.527166,1.951000,0.9999,0,-0.276306,-0.481224,1.909000,0.9998,0,0.294570,-0.435603,1.944000,0.9088,0,-0.460058,-0.432608,1.705000,0.9353,0,0.437542,-0.551735,1.820000,0.9316,0,-0.622945,-0.401907,1.584000,0.9396,0,0.050919,0.057057,1.926000,0.9989,0,-0.193063,0.077319,1.957000,0.9992,0
262,8.739566,1,0.063236,-0.517439,1.915000,0.9999,0,-0.269873,-0.472319,1.886000,0.9998,0,0.295631,-0.437172,1.951000,0.9055,0,-0.452425,-0.428041,1.687000,0.9329,0,0.434898,-0.548401,1.809000,0.9301,0,-0.613051,-0.401452,1.572000,0.9414,0,0.050787,0.056909,1.921000,0.9989,0,-0.192471,0.077082,1.951000,0.9992,0
263,8.772924,1,0.063236,-0.517439,1.915000,0.9999,0,-0.269014,-0.470817,1.880000,0.9998,0,0.297449,-0.439861,1.963000,0.9061,0,-0.451639,-0.432608,1.705000,0.9321,0,0.434898,-0.548401,1.809000,0.9312,0,-0.608910,-0.403014,1.568000,0.9434,0,0.050469,0.056553,1.909000,0.9989,0,-0.193655,0.077556,1.963000,0.9992,0
264,8.806281,1,0.063038,-0.515818,1.909000,0.9999,0,-0.271447,-0.475074,1.897000,0.9998,0,0.296540,-0.438516,1.957000,0.9063,0,-0.444980,-0.434396,1.701000,0.9314,0,0.437542,-0.551735,1.820000,0.9325,0,-0.596950,-0.400186,1.557000,0.9463,0,0.050311,0.056376,1.903000,0.9989,0,-0.191189,0.076569,1.938000,0.9992,0
265,8.839638,1,0.063434,-0.519060,1.921000,0.9999,0,-0.269873,-0.472319,1.886000,0.9998,0,0.294570,-0.435603,1.944000,0.9062,0,-0.440881,-0.433119,1.696000,0.9292,0,0.437542,-0.551735,1.820000,0.9343,0,-0.590304,-0.401717,1.553000,0.9484,0,0.050919,0.057057,1.926000,0.9989,0,-0.192471,0.073868,1.951000,0.9992,0
266,8.872995,1,0.063599,-0.520411,1.926000,0.9999,0,-0.268156,-0.469314,1.874000,0.9998,0,0.297449,-0.439861,1.963000,0.9065,0,-0.437608,-0.435417,1.705000,0.9285,0,0.436100,-0.549917,1.814000,0.9361,0,-0.584721,-0.399647,1.545000,0.9514,0,0.050919,0.057057,1.926000,0.9988,0,-0.190005,0.072922,1.926000,0.9992,0
267,8.906352,1,0.063236,-0.517439,1.915000,0.9999,0,-0.268324,-0.475074,1.897000,0.9998,0,0.296540,-0.438516,1.957000,0.9062,0,-0.437352,-0.437971,1.715000,0.9290,0,0.434898,-0.548401,1.809000,0.9368,0,-0.576525,-0.398288,1.530000,0.9536,0,0.047476,0.053576,1.915000,0.9988,0,-0.192471,0.073868,1.951000,0.9992,0
268,8.939709,1,0.063038,-0.515818,1.909000,0.9999,0,-0.266769,-0.472319,1.886000,0.9998,0,0.294570,-0.435603,1.944000,0.9055,0,-0.433781,-0.437198,1.701000,0.9263,0,0.437542,-0.551735,1.820000,0.9379,0,-0.577092,-0.402193,1.545000,0.9567,0,0.047749,0.053884,1.926000,0.9988,0,-0.194839,0.074777,1.975000,0.9992,0
269,8.973067,1,0.063599,-0.520411,1.926000,0.9999,0,-0.265920,-0.473914,1.880000,0.9998,0,0.296540,-0.438516,1.957000,0.9062,0,-0.430211,-0.433599,1.687000,0.9263,0,0.436100,-0.549917,1.814000,0.9393,0,-0.571574,-0.402642,1.537000,0.9588,0,0.047327,0.053408,1.909000,0.9988,0,-0.191781,0.070400,1.944000,0.9992,0
270,9.006424,1,0.063599,-0.520411,1.926000,0.9999,0,-0.265920,-0.473914,1.880000,0.9998,0,0.290471,-0.434259,1.938000,0.9078,0,-0.425154,-0.431286,1.678000,0.9261,0,0.436100,-0.549917,1.814000,0.9414,0,-0.569044,-0.402642,1.537000,0.9608,0,0.047625,0.050580,1.921000,0.9988,0,-0.192471,0.070654,1.951000,0.9992,0
271,9.039781,1,0.063434,-0.519060,1.921000,0.9999,0,-0.265071,-0.472401,1.874000,0.9998,0,0.291370,-0.432401,1.944000,0.9089,0,-0.428701,-0.434885,1.692000,0.9271,0,0.436100,-0.549917,1.814000,0.9417,0,-0.569044,-0.405174,1.537000,0.9612,0,0.047476,0.050422,1.915000,0.9988,0,-0.191189,0.070183,1.938000,0.9992,0
272,9.073138,1,0.063236,-0.517439,1.915000,0.9999,0,-0.261288,-0.471141,1.869000,0.9998,0,0.293319,-0.435292,1.957000,0.9088,0,-0.421607,-0.427688,1.664000,0.9252,0,0.434898,-0.548401,1.809000,0.9424,0,-0.559880,-0.402931,1.519000,0.9623,0,0.047625,0.050580,1.921000,0.9988,0,-0.190597,0.069966,1.932000,0.9992,0
273,9.106495,1,0.063995,-0.523654,1.938000,0.9999,0,-0.261987,-0.472401,1.874000,0.9998,0,0.292420,-0.433958,1.951000,0.9096,0,-0.418868,-0.427688,1.664000,0.9261,0,0.436100,-0.549917,1.814000,0.9435,0,-0.562460,-0.404788,1.526000,0.9643,0,0.047749,0.050711,1.926000,0.9988,0,-0.193063,0.070871,1.957000,0.9992,0
274,9.139853,1,0.063434,-0.519060,1.921000,0.9999,0,-0.261288,-0.471141,1.869000,0.9998,0,0.292420,-0.433958,1.951000,0.9104,0,-0.424658,-0.433599,1.687000,0.9250,0,0.437542,-0.551735,1.820000,0.9450,0,-0.559948,-0.404788,1.526000,0.9661,0,0.047625,0.050580,1.921000,0.9988,0,-0.190597,0.069966,1.932000,0.9992,0
275,9.173210,1,0.063038,-0.515818,1.909000,0.9999,0,-0.260449,-0.469628,1.863000,0.9998,0,0.290471,-0.431066,1.938000,0.9113,0,-0.422392,-0.431286,1.678000,0.9243,0,0.436100,-0.549917,1.814000,0.9466,0,-0.558480,-0.403727,1.522000,0.9678,0,0.047327,0.050264,1.909000,0.9988,0,-0.192471,0.070654,1.951000,0.9992,0
276,9.206567,1,0.063236,-0.517439,1.915000,0.9999,0,-0.260449,-0.469628,1.863000,0.9998,0,0.294218,-0.436627,1.963000,0.9104,0,-0.421134,-0.430001,1.673000,0.9237,0,0.438744,-0.553251,1.825000,0.9468,0,-0.557379,-0.402931,1.519000,0.9689,0,0.047476,0.050422,1.915000,0.9988,0,-0.192471,0.070654,1.951000,0.9992,0
277,9.239924,1,0.063599,-0.520411,1.926000,0.9999,0,-0.261987,-0.472401,1.874000,0.9999,0,0.295117,-0.437962,1.969000,0.9108,0,-0.423399,-0.432314,1.682000,0.9229,0,0.438744,-0.553251,1.825000,0.9482,0,-0.558480,-0.403727,1.522000,0.9707,0,0.047476,0.050422,1.915000,0.9988,0,-0.190597,0.069966,1.932000,0.9992,0
278,9.273281,1,0.063797,-0.522033,1.932000,0.9999,0,-0.259750,-0.468368,1.858000,0.9999,0,0.292420,-0.433958,1.951000,0.9117,0,-0.433972,-0.443109,1.724000,0.9229,0,0.438744,-0.553251,1.825000,0.9496,0,-0.561416,-0.405849,1.530000,0.9722,0,0.047476,0.050422,1.915000,0.9988,0,-0.191189,0.070183,1.938000,0.9992,0
279,9.306638,1,0.063236,-0.517439,1.915000,0.9999,0,-0.262826,-0.473914,1.880000,0.9999,0,0.294218,-0.436627,1.963000,0.9109,0,-0.423399,-0.432314,1.682000,0.9228,0,0.437542,-0.551735,1.820000,0.9486,0,-0.559948,-0.404788,1.526000,0.9727,0,0.047327,0.053408,1.909000,0.9988,0,-0.193063,0.070871,1.957000,0.9992,0
280,9.339996,1,0.063236,-0.517439,1.915000,0.9999,0,-0.261987,-0.472401,1.874000,0.9999,0,0.293319,-0.435292,1.957000,0.9107,0,-0.423399,-0.432314,1.682000,0.9228,0,0.438744,-0.553251,1.825000,0.9487,0,-0.559948,-0.407302,1.526000,0.9735,0,0.047476,0.053576,1.915000,0.9988,0,-0.191781,0.070400,1.944000,0.9992,0
281,9.373353,1,0.062839,-0.514197,1.903000,0.9999,0,-0.261987,-0.472401,1.874000,0.9998,0,0.293319,-0.435292,1.957000,0.9101,0,-0.425916,-0.434885,1.692000,0.9225,0,0.439946,-0.554767,1.830000,0.9486,0,-0.559948,-0.407302,1.526000,0.9742,0,0.047327,0.050264,1.909000,0.9988,0,-0.192471,0.070654,1.951000,0.9992,0
282,9.406710,1,0.063236,-0.517439,1.915000,0.9999,0,-0.261288,-0.471141,1.869000,0.9999,0,0.291370,-0.432401,1.944000,0.9095,0,-0.423399,-0.432314,1.682000,0.9199,0,0.438744,-0.553251,1.825000,0.9490,0,-0.561416,-0.408370,1.530000,0.9743,0,0.047749,0.050711,1.926000,0.9988,0,-0.191189,0.070183,1.938000,0.9992,0
283,9.440068,1,0.063236,-0.517439,1.915000,0.9999,0,-0.262826,-0.473914,1.880000,0.9999,0,0.295631,-0.433958,1.951000,0.9110,0,-0.418868,-0.427688,1.664000,0.9205,0,0.438744,-0.553251,1.825000,0.9500,0,-0.558480,-0.406235,1.522000,0.9754,0,0.047625,0.050580,1.921000,0.9988,0,-0.191781,0.067198,1.944000,0.9991,0
284,9.473425,1,0.063038,-0.515818,1.909000,0.9999,0,-0.262826,-0.473914,1.880000,0.9999,0,0.298358,-0.437962,1.969000,0.9091,0,-0.421134,-0.430001,1.673000,0.9195,0,0.438744,-0.553251,1.825000,0.9488,0,-0.558480,-0.406235,1.522000,0.9758,0,0.047476,0.050422,1.915000,0.9987,0,-0.191781,0.067198,1.944000,0.9991,0
285,9.506782,1,0.066388,-0.517439,1.915000,0.9998,0,-0.261288,-0.471141,1.869000,0.9998,0,0.295631,-0.433958,1.951000,0.9018,0,-0.419630,-0.431286,1.678000,0.9156,0,0.439946,-0.554767,1.830000,0.9433,0,-0.562883,-0.406910,1.534000,0.9761,0,0.047327,0.050264,1.909000,0.9987,0,-0.190597,0.066783,1.932000,0.9991,0
286,9.540140,1,0.066388,-0.517439,1.915000,0.9998,0,-0.261288,-0.471141,1.869000,0.9998,0,0.297449,-0.436627,1.963000,0.8980,0,-0.420631,-0.432314,1.682000,0.9112,0,0.437542,-0.551735,1.820000,0.9417,0,-0.562883,-0.406910,1.534000,0.9758,0,0.047476,0.050422,1.915000,0.9987,0,-0.191189,0.066991,1.938000,0.9991,0
287,9.573497,1,0.066596,-0.519060,1.921000,0.9998,0,-0.261288,-0.471141,1.869000,0.9998,0,0.294570,-0.432401,1.944000,0.8978,0,-0.424132,-0.435913,1.696000,0.9104,0,0.442958,-0.554767,1.830000,0.9419,0,-0.561416,-0.405849,1.530000,0.9755,0,0.047749,0.050711,1.926000,0.9987,0,-0.193063,0.067647,1.957000,0.9991,0
288,9.606854,1,0.066388,-0.517439,1.915000,0.9998,0,-0.260449,-0.469628,1.863000,0.9998,0,0.296540,-0.435292,1.957000,0.8981,0,-0.423132,-0.434885,1.692000,0.9105,0,0.440538,-0.551735,1.820000,0.9430,0,-0.563984,-0.407706,1.537000,0.9761,0,0.047476,0.050422,1.915000,0.9987,0,-0.193063,0.070871,1.957000,0.9991,0
289,9.640211,1,0.066769,-0.520411,1.926000,0.9998,0,-0.261987,-0.472401,1.874000,0.9999,0,0.295631,-0.433958,1.951000,0.8997,0,-0.428883,-0.440796,1.715000,0.9101,0,0.440538,-0.551735,1.820000,0.9441,0,-0.565452,-0.408767,1.541000,0.9760,0,0.047749,0.050711,1.926000,0.9987,0,-0.193655,0.071089,1.963000,0.9991,0
290,9.673569,1,0.066388,-0.517439,1.915000,0.9998,0,-0.261987,-0.472401,1.874000,0.9999,0,0.294570,-0.432401,1.944000,0.8985,0,-0.426383,-0.438226,1.705000,0.9093,0,0.440538,-0.551735,1.820000,0.9440,0,-0.561416,-0.403329,1.530000,0.9765,0,0.047476,0.050422,1.915000,0.9987,0,-0.190005,0.069749,1.926000,0.9991,0
291,9.706926,1,0.066180,-0.515818,1.909000,0.9999,0,-0.262826,-0.473914,1.880000,0.9999,0,0.295631,-0.433958,1.951000,0.9000,0,-0.424132,-0.435913,1.696000,0.9086,0,0.439085,-0.549917,1.814000,0.9451,0,-0.565452,-0.406229,1.541000,0.9768,0,0.047476,0.050422,1.915000,0.9987,0,-0.193063,0.070871,1.957000,0.9991,0
292,9.740283,1,0.066596,-0.519060,1.921000,0.9999,0,-0.261987,-0.472401,1.874000,0.9999,0,0.296540,-0.435292,1.957000,0.8992,0,-0.421881,-0.433599,1.687000,0.9080,0,0.439085,-0.549917,1.814000,0.9452,0,-0.565452,-0.406229,1.541000,0.9771,0,0.047476,0.050422,1.915000,0.9987,0,-0.194247,0.071306,1.969000,0.9991,0
293,9.773641,1,0.066596,-0.519060,1.921000,0.9998,0,-0.261288,-0.471141,1.869000,0.9999,0,0.298358,-0.437962,1.969000,0.8998,0,-0.428182,-0.437198,1.701000,0.9101,0,0.441748,-0.553251,1.825000,0.9449,0,-0.563984,-0.405174,1.537000,0.9770,0,0.047749,0.050711,1.926000,0.9987,0,-0.192471,0.070654,1.951000,0.9991,0
294,9.806998,1,0.066769,-0.520411,1.926000,0.9998,0,-0.262826,-0.473914,1.880000,0.9999,0,0.296540,-0.435292,1.957000,0.9001,0,-0.425916,-0.434885,1.692000,0.9104,0,0.441748,-0.553251,1.825000,0.9454,0,-0.561416,-0.403329,1.530000,0.9777,0,0.047625,0.050580,1.921000,0.9987,0,-0.191189,0.070183,1.938000,0.9991,0
295,9.840355,1,0.067185,-0.523654,1.938000,0.9998,0,-0.264363,-0.476687,1.891000,0.9999,0,0.295631,-0.433958,1.951000,0.8998,0,-0.423399,-0.432314,1.682000,0.9109,0,0.441748,-0.553251,1.825000,0.9443,0,-0.562883,-0.404383,1.534000,0.9761,0,0.047327,0.050264,1.909000,0.9987,0,-0.190005,0.069749,1.926000,0.9991,0
296,9.873713,1,0.066977,-0.522033,1.932000,0.9999,0,-0.262826,-0.473914,1.880000,0.9999,0,0.296540,-0.435292,1.957000,0.8999,0,-0.424658,-0.433599,1.687000,0.9109,0,0.437875,-0.548401,1.809000,0.9452,0,-0.565452,-0.406229,1.541000,0.9768,0,0.047749,0.050711,1.926000,0.9987,0,-0.191189,0.070183,1.938000,0.9991,0
297,9.907070,1,0.066180,-0.515818,1.909000,0.9999,0,-0.263664,-0.475426,1.886000,0.9999,0,0.296540,-0.435292,1.957000,0.9013,0,-0.430982,-0.437198,1.701000,0.9123,0,0.439946,-0.554767,1.830000,0.9453,0,-0.570937,-0.408337,1.549000,0.9762,0,0.047327,0.050264,1.909000,0.9987,0,-0.190597,0.069966,1.932000,0.9991,0
298,9.940427,1,0.066769,-0.520411,1.926000,0.9999,0,-0.264363,-0.476687,1.891000,0.9999,0,0.296540,-0.435292,1.957000,0.9031,0,-0.433262,-0.439511,1.710000,0.9124,0,0.436100,-0.549917,1.814000,0.9464,0,-0.572411,-0.406833,1.553000,0.9765,0,0.047625,0.053744,1.921000,0.9987,0,-0.193655,0.074322,1.963000,0.9991,0
299,9.973785,1,0.065972,-0.514197,1.903000,0.9999,0,-0.263664,-0.475426,1.886000,0.9999,0,0.298358,-0.437962,1.969000,0.9029,0,-0.428701,-0.434885,1.692000,0.9125,0,0.442958,-0.557782,1.830000,0.9453,0,-0.572411,-0.406833,1.553000,0.9755,0,0.047749,0.053884,1.926000,0.9988,0,-0.191189,0.073376,1.938000,0.9991,0
300,10.007142,1,0.067636,-0.527166,1.951000,0.9999,0,-0.266041,-0.479712,1.903000,0.9999,0,0.295631,-0.433958,1.951000,0.9032,0,-0.428701,-0.434885,1.692000,0.9130,0,0.441389,-0.559610,1.836000,0.9453,0,-0.573886,-0.407881,1.557000,0.9758,0,0.047749,0.053884,1.926000,0.9988,0,-0.192471,0.070654,1.951000,0.9991,0
301,10.040500,1,0.066596,-0.519060,1.921000,0.9999,0,-0.266041,-0.479712,1.903000,0.9999,0,0.297449,-0.436627,1.963000,0.9036,0,-0.431486,-0.434885,1.692000,0.9122,0,0.439946,-0.557782,1.830000,0.9459,0,-0.580521,-0.410763,1.568000,0.9761,0,0.047749,0.053884,1.926000,0.9988,0,-0.191189,0.073376,1.938000,0.9991,0
302,10.073857,1,0.066769,-0.520411,1.926000,0.9999,0,-0.266041,-0.479712,1.903000,0.9999,0,0.296540,-0.435292,1.957000,0.9060,0,-0.433781,-0.434396,1.701000,0.9138,0,0.439946,-0.557782,1.830000,0.9468,0,-0.580521,-0.408180,1.568000,0.9759,0,0.047476,0.053576,1.915000,0.9988,0,-0.193655,0.074322,1.963000,0.9991,0
303,10.107214,1,0.067636,-0.527166,1.951000,0.9999,0,-0.266041,-0.479712,1.903000,0.9998,0,0.296540,-0.435292,1.957000,0.9038,0,-0.437352,-0.437971,1.715000,0.9136,0,0.438744,-0.556258,1.825000,0.9441,0,-0.590539,-0.413386,1.588000,0.9751,0,0.051236,0.054220,1.938000,0.9987,0,-0.194247,0.074550,1.969000,0.9991,0
304,10.140572,1,0.067185,-0.523654,1.938000,0.9999,0,-0.264363,-0.476687,1.891000,0.9998,0,0.295631,-0.433958,1.951000,0.9039,0,-0.442997,-0.437971,1.715000,0.9123,0,0.442958,-0.554767,1.830000,0.9435,0,-0.599888,-0.411805,1.592000,0.9724,0,0.050919,0.053884,1.926000,0.9987,0,-0.193655,0.074322,1.963000,0.9991,0
305,10.173929,1,0.066388,-0.517439,1.915000,0.9999,0,-0.264363,-0.476687,1.891000,0.9998,0,0.297449,-0.436627,1.963000,0.9038,0,-0.454398,-0.446398,1.748000,0.9116,0,0.441748,-0.556258,1.825000,0.9422,0,-0.607749,-0.409182,1.592000,0.9704,0,0.050919,0.053884,1.926000,0.9988,0,-0.194247,0.074550,1.969000,0.9991,0
306,10.207286,1,0.066769,-0.520411,1.926000,0.9999,0,-0.266041,-0.479712,1.903000,0.9998,0,0.295631,-0.433958,1.951000,0.9054,0,-0.448833,-0.435417,1.705000,0.9116,0,0.442958,-0.554767,1.830000,0.9431,0,-0.619535,-0.410901,1.609000,0.9697,0,0.050787,0.053744,1.921000,0.9988,0,-0.191781,0.073603,1.944000,0.9991,0
307,10.240644,1,0.066180,-0.515818,1.909000,0.9999,0,-0.266880,-0.481224,1.909000,0.9998,0,0.295631,-0.433958,1.951000,0.9066,0,-0.459321,-0.439966,1.734000,0.9147,0,0.440538,-0.551735,1.820000,0.9420,0,-0.627938,-0.412944,1.617000,0.9681,0,0.050919,0.057057,1.926000,0.9988,0,-0.190005,0.072922,1.926000,0.9991,0
308,10.274001,1,0.067185,-0.523654,1.938000,0.9999,0,-0.266880,-0.478079,1.909000,0.9998,0,0.297770,-0.432401,1.944000,0.9082,0,-0.459510,-0.437429,1.724000,0.9148,0,0.444411,-0.556586,1.836000,0.9429,0,-0.635670,-0.413579,1.630000,0.9676,0,0.050628,0.056731,1.915000,0.9988,0,-0.191781,0.073603,1.944000,0.9991,0
309,10.307358,1,0.067393,-0.525275,1.944000,0.9999,0,-0.266880,-0.478079,1.909000,0.9998,0,0.298842,-0.433958,1.951000,0.9097,0,-0.467711,-0.442504,1.744000,0.9182,0,0.441748,-0.553251,1.825000,0.9424,0,-0.642608,-0.411902,1.634000,0.9654,0,0.051236,0.057413,1.938000,0.9988,0,-0.191781,0.073603,1.944000,0.9992,0
310,10.340716,1,0.066769,-0.520411,1.926000,0.9999,0,-0.266880,-0.478079,1.909000,0.9998,0,0.298842,-0.433958,1.951000,0.9104,0,-0.470125,-0.441899,1.753000,0.9203,0,0.441748,-0.556258,1.825000,0.9416,0,-0.644418,-0.409633,1.625000,0.9630,0,0.050919,0.057057,1.926000,0.9988,0,-0.190597,0.073149,1.932000,0.9992,0
311,10.374073,1,0.066388,-0.517439,1.915000,0.9999,0,-0.266041,-0.476577,1.903000,0.9998,0,0.298842,-0.433958,1.951000,0.9104,0,-0.473010,-0.441899,1.753000,0.9225,0,0.439085,-0.552905,1.814000,0.9400,0,-0.660164,-0.413467,1.651000,0.9611,0,0.051236,0.057413,1.938000,0.9988,0,-0.192471,0.073868,1.951000,0.9992,0
312,10.407430,1,0.066388,-0.517439,1.915000,0.9999,0,-0.270022,-0.478079,1.909000,0.9998,0,0.299761,-0.435292,1.957000,0.9120,0,-0.477253,-0.443160,1.758000,0.9248,0,0.442958,-0.557782,1.830000,0.9399,0,-0.661275,-0.412465,1.647000,0.9594,0,0.050469,0.056553,1.909000,0.9988,0,-0.194839,0.074777,1.975000,0.9992,0
313,10.440787,1,0.066388,-0.517439,1.915000,0.9999,0,-0.269173,-0.476577,1.903000,0.9998,0,0.296851,-0.431066,1.938000,0.9117,0,-0.480146,-0.440264,1.758000,0.9265,0,0.436665,-0.549857,1.804000,0.9385,0,-0.674468,-0.418977,1.673000,0.9580,0,0.050787,0.056909,1.921000,0.9989,0,-0.190005,0.076094,1.926000,0.9992,0
314,10.474144,1,0.069757,-0.519060,1.921000,0.9999,0,-0.271719,-0.481084,1.921000,0.9998,0,0.299112,-0.429732,1.932000,0.9126,0,-0.486974,-0.446524,1.783000,0.9287,0,0.437875,-0.551381,1.809000,0.9372,0,-0.673578,-0.413981,1.664000,0.9558,0,0.050469,0.056553,1.909000,0.9989,0,-0.193655,0.077556,1.963000,0.9992,0
315,10.507501,1,0.070157,-0.522033,1.932000,0.9999,0,-0.270022,-0.478079,1.909000,0.9998,0,0.300969,-0.432401,1.944000,0.9139,0,-0.492931,-0.446324,1.794000,0.9302,0,0.437875,-0.551381,1.809000,0.9370,0,-0.685665,-0.419704,1.687000,0.9534,0,0.050919,0.057057,1.926000,0.9989,0,-0.190597,0.076331,1.932000,0.9992,0
316,10.540859,1,0.070847,-0.527166,1.951000,0.9999,0,-0.271719,-0.481084,1.921000,0.9998,0,0.300969,-0.432401,1.944000,0.9127,0,-0.489909,-0.443587,1.783000,0.9313,0,0.437875,-0.551381,1.809000,0.9351,0,-0.686402,-0.415689,1.682000,0.9518,0,0.047476,0.056731,1.915000,0.9989,0,-0.190597,0.073149,1.932000,0.9992,0
317,10.574216,1,0.069540,-0.517439,1.915000,0.9999,0,-0.270871,-0.479582,1.915000,0.9998,0,0.300969,-0.432401,1.944000,0.9123,0,-0.492844,-0.440650,1.783000,0.9313,0,0.440538,-0.554734,1.820000,0.9347,0,-0.687531,-0.414700,1.678000,0.9492,0,0.047476,0.056731,1.915000,0.9989,0,-0.190005,0.072922,1.926000,0.9992,0
318,10.607573,1,0.069104,-0.514197,1.903000,0.9999,0,-0.270871,-0.479582,1.915000,0.9998,0,0.302053,-0.433958,1.951000,0.9128,0,-0.491462,-0.439414,1.778000,0.9334,0,0.437875,-0.551381,1.809000,0.9342,0,-0.696052,-0.418160,1.692000,0.9487,0,0.047749,0.057057,1.926000,0.9989,0,-0.197488,0.074550,1.969000,0.9992,0
319,10.640930,1,0.069757,-0.519060,1.921000,0.9999,0,-0.270871,-0.479582,1.915000,0.9998,0,0.302982,-0.435292,1.957000,0.9136,0,-0.503008,-0.447075,1.809000,0.9342,0,0.437875,-0.551381,1.809000,0.9345,0,-0.697698,-0.419149,1.696000,0.9473,0,0.047327,0.056553,1.909000,0.9989,0,-0.193777,0.073149,1.932000,0.9992,0
320,10.674287,1,0.069322,-0.515818,1.909000,0.9999,0,-0.270871,-0.479582,1.915000,0.9998,0,0.302982,-0.435292,1.957000,0.9149,0,-0.500227,-0.444604,1.799000,0.9365,0,0.435455,-0.548333,1.799000,0.9353,0,-0.706272,-0.422609,1.710000,0.9473,0,0.047625,0.056909,1.921000,0.9989,0,-0.194379,0.073376,1.938000,0.9992,0
321,10.707645,1,0.069757,-0.519060,1.921000,0.9999,0,-0.272426,-0.482337,1.926000,0.9998,0,0.302053,-0.433958,1.951000,0.9145,0,-0.507384,-0.448311,1.814000,0.9370,0,0.440538,-0.557732,1.820000,0.9342,0,-0.718249,-0.429776,1.739000,0.9462,0,0.047476,0.056731,1.915000,0.9989,0,-0.193655,0.074322,1.963000,0.9992,0
322,10.741002,1,0.069939,-0.520411,1.926000,0.9999,0,-0.271719,-0.484249,1.921000,0.9998,0,0.300969,-0.432401,1.944000,0.9152,0,-0.504587,-0.445840,1.804000,0.9388,0,0.439085,-0.555893,1.814000,0.9333,0,-0.714891,-0.426069,1.724000,0.9451,0,0.047749,0.057057,1.926000,0.9989,0,-0.196284,0.077319,1.957000,0.9992,0
323,10.774359,1,0.070157,-0.522033,1.932000,0.9999,0,-0.274022,-0.482737,1.915000,0.9998,0,0.302053,-0.433958,1.951000,0.9142,0,-0.505985,-0.447075,1.809000,0.9392,0,0.439085,-0.555893,1.814000,0.9321,0,-0.719038,-0.428540,1.734000,0.9452,0,0.047897,0.057235,1.932000,0.9989,0,-0.189512,0.075897,1.921000,0.9992,0
324,10.807716,1,0.069322,-0.515818,1.909000,0.9999,0,-0.274022,-0.482737,1.915000,0.9998,0,0.302053,-0.433958,1.951000,0.9131,0,-0.510461,-0.451030,1.825000,0.9404,0,0.437875,-0.554361,1.809000,0.9302,0,-0.719038,-0.428540,1.734000,0.9445,0,0.047749,0.057057,1.926000,0.9989,0,-0.194981,0.076806,1.944000,0.9992,0
325,10.841073,1,0.069322,-0.515818,1.909000,0.9999,0,-0.274022,-0.482737,1.915000,0.9998,0,0.298183,-0.428397,1.926000,0.9143,0,-0.511859,-0.449251,1.830000,0.9413,0,0.436665,-0.552829,1.804000,0.9304,0,-0.719038,-0.428540,1.734000,0.9437,0,0.047625,0.056909,1.921000,0.9989,0,-0.194379,0.076569,1.938000,0.9992,0
326,10.874430,1,0.069757,-0.519060,1.921000,0.9999,0,-0.273164,-0.481224,1.909000,0.9998,0,0.302982,-0.435292,1.957000,0.9136,0,-0.509062,-0.446796,1.820000,0.9413,0,0.439085,-0.555893,1.814000,0.9294,0,-0.723185,-0.428138,1.744000,0.9422,0,0.047625,0.056909,1.921000,0.9989,0,-0.193655,0.077556,1.963000,0.9992,0
327,10.907788,1,0.069757,-0.519060,1.921000,0.9999,0,-0.274881,-0.484249,1.921000,0.9998,0,0.300969,-0.432401,1.944000,0.9118,0,-0.511859,-0.449251,1.830000,0.9423,0,0.440538,-0.557732,1.820000,0.9269,0,-0.724844,-0.429120,1.748000,0.9430,0,0.047476,0.056731,1.915000,0.9989,0,-0.193777,0.076331,1.932000,0.9992,0
328,10.941145,1,0.069322,-0.515818,1.909000,0.9999,0,-0.274022,-0.479582,1.915000,0.9998,0,0.300969,-0.432401,1.944000,0.9121,0,-0.504742,-0.440413,1.794000,0.9427,0,0.436665,-0.552829,1.804000,0.9265,0,-0.724844,-0.429120,1.748000,0.9416,0,0.047625,0.056909,1.921000,0.9989,0,-0.196122,0.081819,1.988000,0.9992,0
329,10.974502,1,0.069939,-0.520411,1.926000,0.9999,0,-0.274022,-0.479582,1.915000,0.9998,0,0.302053,-0.433958,1.951000,0.9126,0,-0.510369,-0.445323,1.814000,0.9436,0,0.441748,-0.559264,1.825000,0.9274,0,-0.721112,-0.426911,1.739000,0.9421,0,0.047625,0.056909,1.921000,0.9989,0,-0.193063,0.077319,1.957000,0.9993,0
330,11.007859,1,0.068886,-0.512576,1.897000,0.9999,0,-0.274022,-0.479582,1.915000,0.9998,0,0.302053,-0.437172,1.951000,0.9139,0,-0.519654,-0.453424,1.847000,0.9447,0,0.439085,-0.555893,1.814000,0.9277,0,-0.729802,-0.430348,1.753000,0.9414,0,0.047897,0.057235,1.932000,0.9989,0,-0.195683,0.077082,1.951000,0.9992,0
331,11.041216,1,0.069757,-0.519060,1.921000,0.9999,0,-0.274022,-0.479582,1.915000,0.9998,0,0.302982,-0.438516,1.957000,0.9148,0,-0.510369,-0.445323,1.814000,0.9452,0,0.437875,-0.554361,1.809000,0.9284,0,-0.729802,-0.430348,1.753000,0.9425,0,0.047327,0.056553,1.909000,0.9989,0,-0.190597,0.079514,1.932000,0.9993,0
332,11.074573,1,0.069757,-0.519060,1.921000,0.9999,0,-0.274022,-0.479582,1.915000,0.9998,0,0.302053,-0.437172,1.951000,0.9147,0,-0.512058,-0.446796,1.820000,0.9463,0,0.440538,-0.557732,1.820000,0.9281,0,-0.727721,-0.429120,1.748000,0.9437,0,0.047749,0.057057,1.926000,0.9989,0,-0.194247,0.081037,1.969000,0.9993,0
333,11.107931,1,0.069322,-0.515818,1.909000,0.9999,0,-0.275596,-0.482337,1.926000,0.9998,0,0.300041,-0.434259,1.938000,0.9145,0,-0.514871,-0.449251,1.830000,0.9470,0,0.434244,-0.549764,1.794000,0.9270,0,-0.727721,-0.429120,1.748000,0.9441,0,0.047625,0.056909,1.921000,0.9989,0,-0.193655,0.080790,1.963000,0.9992,0
334,11.141288,1,0.069757,-0.519060,1.921000,0.9999,0,-0.274881,-0.481084,1.921000,0.9998,0,0.303911,-0.439861,1.963000,0.9142,0,-0.510369,-0.445323,1.814000,0.9471,0,0.436665,-0.552829,1.804000,0.9261,0,-0.727721,-0.429120,1.748000,0.9422,0,0.048195,0.057590,1.944000,0.9989,0,-0.192471,0.080296,1.951000,0.9992,0
335,11.174645,1,0.069939,-0.520411,1.926000,0.9999,0,-0.274022,-0.479582,1.915000,0.9998,0,0.302982,-0.438516,1.957000,0.9133,0,-0.527251,-0.460052,1.874000,0.9473,0,0.437875,-0.554361,1.809000,0.9239,0,-0.729802,-0.430348,1.753000,0.9409,0,0.047897,0.057235,1.932000,0.9989,0,-0.191189,0.076569,1.938000,0.9993,0
336,11.208002,1,0.069757,-0.519060,1.921000,0.9999,0,-0.274881,-0.481084,1.921000,0.9998,0,0.302982,-0.438516,1.957000,0.9137,0,-0.517966,-0.451951,1.841000,0.9482,0,0.437875,-0.554361,1.809000,0.9244,0,-0.733965,-0.432803,1.763000,0.9413,0,0.047476,0.056731,1.915000,0.9989,0,-0.191189,0.076569,1.938000,0.9992,0
337,11.241359,1,0.069757,-0.519060,1.921000,0.9999,0,-0.274881,-0.481084,1.921000,0.9998,0,0.302982,-0.438516,1.957000,0.9146,0,-0.517966,-0.451951,1.841000,0.9492,0,0.435455,-0.551297,1.799000,0.9250,0,-0.729802,-0.430348,1.753000,0.9424,0,0.047749,0.057057,1.926000,0.9989,0,-0.190005,0.076094,1.926000,0.9992,0
338,11.274717,1,0.069939,-0.520411,1.926000,0.9999,0,-0.274881,-0.481084,1.921000,0.9998,0,0.300969,-0.435603,1.944000,0.9148,0,-0.508963,-0.444095,1.809000,0.9494,0,0.437875,-0.554361,1.809000,0.9257,0,-0.729802,-0.430348,1.753000,0.9436,0,0.047625,0.056909,1.921000,0.9989,0,-0.191189,0.076569,1.938000,0.9992,0
339,11.308074,1,0.069757,-0.519060,1.921000,0.9999,0,-0.274881,-0.481084,1.921000,0.9998,0,0.300969,-0.435603,1.944000,0.9135,0,-0.514871,-0.449251,1.830000,0.9499,0,0.435455,-0.551297,1.799000,0.9230,0,-0.731884,-0.431575,1.758000,0.9426,0,0.047625,0.056909,1.921000,0.9989,0,-0.193655,0.077556,1.963000,0.9992,0
340,11.341431,1,0.069757,-0.519060,1.921000,0.9999,0,-0.275596,-0.482337,1.926000,0.9998,0,0.302053,-0.437172,1.951000,0.9147,0,-0.512058,-0.446796,1.820000,0.9503,0,0.436665,-0.552829,1.804000,0.9244,0,-0.729802,-0.430348,1.753000,0.9424,0,0.047625,0.056909,1.921000,0.9989,0,-0.193063,0.077319,1.957000,0.9992,0
341,11.374788,1,0.069540,-0.517439,1.915000,0.9999,0,-0.275596,-0.482337,1.926000,0.9998,0,0.302053,-0.437172,1.951000,0.9153,0,-0.521061,-0.454651,1.852000,0.9508,0,0.437875,-0.554361,1.809000,0.9257,0,-0.736047,-0.434030,1.768000,0.9434,0,0.047476,0.056731,1.915000,0.9989,0,-0.193655,0.077556,1.963000,0.9992,0
342,11.408145,1,0.069757,-0.519060,1.921000,0.9999,0,-0.274881,-0.481084,1.921000,0.9998,0,0.300969,-0.435603,1.944000,0.9157,0,-0.530627,-0.462998,1.886000,0.9507,0,0.436665,-0.552829,1.804000,0.9260,0,-0.733965,-0.432803,1.763000,0.9429,0,0.047749,0.057057,1.926000,0.9989,0,-0.191189,0.076569,1.938000,0.9992,0
343,11.441503,1,0.069540,-0.517439,1.915000,0.9999,0,-0.275596,-0.482337,1.926000,0.9998,0,0.300969,-0.435603,1.944000,0.9163,0,-0.522749,-0.456124,1.858000,0.9502,0,0.435455,-0.551297,1.799000,0.9275,0,-0.736047,-0.434030,1.768000,0.9420,0,0.050787,0.056909,1.921000,0.9990,0,-0.192471,0.077082,1.951000,0.9993,0
344,11.474860,1,0.069757,-0.519060,1.921000,0.9999,0,-0.274881,-0.481084,1.921000,0.9998,0,0.300969,-0.435603,1.944000,0.9153,0,-0.522749,-0.456124,1.858000,0.9507,0,0.436665,-0.552829,1.804000,0.9252,0,-0.738129,-0.435258,1.773000,0.9409,0,0.050919,0.057057,1.926000,0.9989,0,-0.191781,0.076806,1.944000,0.9993,0
345,11.508217,1,0.069322,-0.515818,1.909000,0.9999,0,-0.276455,-0.483839,1.932000,0.9998,0,0.300969,-0.435603,1.944000,0.9162,0,-0.517966,-0.451951,1.841000,0.9509,0,0.436665,-0.552829,1.804000,0.9265,0,-0.742292,-0.437712,1.783000,0.9411,0,0.050628,0.056731,1.915000,0.9989,0,-0.188328,0.075423,1.909000,0.9992,0
346,11.541574,1,0.069540,-0.517439,1.915000,0.9999,0,-0.274881,-0.481084,1.921000,0.9998,0,0.299112,-0.432915,1.932000,0.9172,0,-0.527251,-0.460052,1.874000,0.9503,0,0.435455,-0.551297,1.799000,0.9282,0,-0.735210,-0.435258,1.773000,0.9406,0,0.050787,0.056909,1.921000,0.9990,0,-0.191781,0.076806,1.944000,0.9993,0
347,11.574932,1,0.069540,-0.517439,1.915000,0.9999,0,-0.274881,-0.481084,1.921000,0.9998,0,0.300041,-0.434259,1.938000,0.9162,0,-0.519654,-0.453424,1.847000,0.9502,0,0.437875,-0.554361,1.809000,0.9272,0,-0.741430,-0.438940,1.788000,0.9396,0,0.047476,0.053576,1.915000,0.9990,0,-0.192471,0.073868,1.951000,0.9993,0
348,11.608289,1,0.069939,-0.520411,1.926000,0.9999,0,-0.274881,-0.481084,1.921000,0.9998,0,0.300041,-0.434259,1.938000,0.9159,0,-0.527251,-0.460052,1.874000,0.9491,0,0.435455,-0.551297,1.799000,0.9281,0,-0.743918,-0.440413,1.794000,0.9398,0,0.050919,0.053884,1.926000,0.9990,0,-0.192471,0.073868,1.951000,0.9993,0
349,11.641646,1,0.069540,-0.517439,1.915000,0.9999,0,-0.276455,-0.483839,1.932000,0.9998,0,0.302053,-0.437172,1.951000,0.9155,0,-0.527251,-0.456965,1.874000,0.9497,0,0.437875,-0.554361,1.809000,0.9267,0,-0.750138,-0.441115,1.809000,0.9391,0,0.050628,0.053576,1.915000,0.9990,0,-0.192471,0.073868,1.951000,0.9993,0
350,11.675003,1,0.069757,-0.519060,1.921000,0.9999,0,-0.276455,-0.483839,1.932000,0.9998,0,0.299112,-0.432915,1.932000,0.9165,0,-0.525844,-0.455746,1.869000,0.9488,0,0.434244,-0.549764,1.794000,0.9276,0,-0.750138,-0.441115,1.809000,0.9374,0,0.050469,0.053408,1.909000,0.9990,0,-0.193063,0.074095,1.957000,0.9993,0
351,11.708361,1,0.069939,-0.520411,1.926000,0.9999,0,-0.275596,-0.482337,1.926000,0.9998,0,0.300969,-0.435603,1.944000,0.9166,0,-0.524156,-0.454283,1.863000,0.9483,0,0.435455,-0.551297,1.799000,0.9280,0,-0.750138,-0.441115,1.809000,0.9376,0,0.050469,0.053408,1.909000,0.9990,0,-0.193655,0.074322,1.963000,0.9993,0
352,11.741718,1,0.069939,-0.520411,1.926000,0.9999,0,-0.275596,-0.482337,1.926000,0.9998,0,0.296480,-0.429105,1.915000,0.9176,0,-0.528939,-0.455331,1.880000,0.9485,0,0.434244,-0.549764,1.794000,0.9293,0,-0.758313,-0.447699,1.836000,0.9378,0,0.050469,0.053408,1.909000,0.9990,0,-0.193655,0.074322,1.963000,0.9993,0
353,11.775075,1,0.069104,-0.514197,1.903000,0.9999,0,-0.277314,-0.485342,1.938000,0.9998,0,0.299112,-0.432915,1.932000,0.9171,0,-0.537098,-0.462355,1.909000,0.9477,0,0.434244,-0.549764,1.794000,0.9286,0,-0.764921,-0.448549,1.852000,0.9370,0,0.047030,0.053073,1.897000,0.9990,0,-0.196122,0.075269,1.988000,0.9993,0
354,11.808432,1,0.069540,-0.517439,1.915000,0.9999,0,-0.274881,-0.481084,1.921000,0.9998,0,0.300969,-0.435603,1.944000,0.9181,0,-0.532033,-0.454880,1.891000,0.9465,0,0.432792,-0.550871,1.788000,0.9304,0,-0.769464,-0.451214,1.863000,0.9350,0,0.047476,0.053576,1.915000,0.9990,0,-0.190597,0.073149,1.932000,0.9993,0
355,11.841790,1,0.069104,-0.514197,1.903000,0.9999,0,-0.276455,-0.483839,1.932000,0.9998,0,0.297409,-0.430450,1.921000,0.9182,0,-0.525844,-0.449588,1.869000,0.9457,0,0.432792,-0.550871,1.788000,0.9303,0,-0.768866,-0.449588,1.869000,0.9319,0,0.047749,0.053884,1.926000,0.9990,0,-0.192471,0.073868,1.951000,0.9993,0
356,11.875147,1,0.069322,-0.515818,1.909000,0.9999,0,-0.275596,-0.482337,1.926000,0.9998,0,0.299112,-0.432915,1.932000,0.9181,0,-0.545257,-0.466186,1.938000,0.9446,0,0.431582,-0.549331,1.783000,0.9308,0,-0.780385,-0.453198,1.897000,0.9309,0,0.047476,0.053576,1.915000,0.9990,0,-0.191781,0.073603,1.944000,0.9993,0
357,11.908504,1,0.069540,-0.517439,1.915000,0.9999,0,-0.276455,-0.483839,1.932000,0.9998,0,0.299112,-0.432915,1.932000,0.9182,0,-0.533956,-0.456065,1.909000,0.9443,0,0.431582,-0.549331,1.783000,0.9312,0,-0.770297,-0.446040,1.880000,0.9303,0,0.047476,0.053576,1.915000,0.9990,0,-0.192471,0.073868,1.951000,0.9993,0
358,11.941861,1,0.069322,-0.515818,1.909000,0.9999,0,-0.277314,-0.485342,1.938000,0.9998,0,0.302053,-0.437172,1.951000,0.9198,0,-0.538711,-0.460126,1.926000,0.9437,0,0.434244,-0.552720,1.794000,0.9334,0,-0.781486,-0.454343,1.915000,0.9307,0,0.047030,0.053073,1.897000,0.9990,0,-0.193063,0.074095,1.957000,0.9993,0
359,11.975219,1,0.069757,-0.519060,1.921000,0.9999,0,-0.279174,-0.488597,1.951000,0.9998,0,0.298183,-0.431570,1.926000,0.9206,0,-0.540546,-0.461224,1.944000,0.9423,0,0.428647,-0.549331,1.783000,0.9345,0,-0.778334,-0.451189,1.915000,0.9288,0,0.047476,0.053576,1.915000,0.9990,0,-0.191781,0.073603,1.944000,0.9993,0
360,12.008576,1,0.069757,-0.519060,1.921000,0.9999,0,-0.277314,-0.485342,1.938000,0.9998,0,0.298183,-0.431570,1.926000,0.9210,0,-0.545829,-0.465732,1.963000,0.9415,0,0.431292,-0.552720,1.794000,0.9364,0,-0.779635,-0.450608,1.926000,0.9311,0,0.047897,0.054052,1.932000,0.9990,0,-0.192471,0.073868,1.951000,0.9993,0
361,12.041933,1,0.066596,-0.519060,1.921000,0.9999,0,-0.276455,-0.483839,1.932000,0.9998,0,0.298183,-0.431570,1.926000,0.9209,0,-0.542492,-0.462885,1.951000,0.9412,0,0.429849,-0.550871,1.788000,0.9368,0,-0.781302,-0.453415,1.938000,0.9309,0,0.047327,0.050264,1.909000,0.9990,0,-0.191781,0.070400,1.944000,0.9993,0
362,12.075290,1,0.066180,-0.515818,1.909000,0.9999,0,-0.278172,-0.486844,1.944000,0.9998,0,0.292409,-0.427761,1.909000,0.9208,0,-0.535688,-0.459800,1.938000,0.9410,0,0.427445,-0.547790,1.778000,0.9364,0,-0.778112,-0.453415,1.938000,0.9298,0,0.047749,0.050711,1.926000,0.9990,0,-0.192471,0.070654,1.951000,0.9993,0
363,12.108647,1,0.066180,-0.515818,1.909000,0.9999,0,-0.279174,-0.488597,1.951000,0.9998,0,0.294247,-0.430450,1.921000,0.9228,0,-0.532371,-0.456953,1.926000,0.9416,0,0.429849,-0.550871,1.788000,0.9377,0,-0.780121,-0.453242,1.951000,0.9299,0,0.047625,0.050580,1.921000,0.9990,0,-0.189260,0.070654,1.951000,0.9993,0
364,12.142005,1,0.066596,-0.519060,1.921000,0.9999,0,-0.279174,-0.488597,1.951000,0.9998,0,0.297770,-0.435603,1.944000,0.9246,0,-0.539367,-0.465732,1.963000,0.9407,0,0.428647,-0.549331,1.783000,0.9395,0,-0.776078,-0.454636,1.957000,0.9286,0,0.048046,0.051027,1.938000,0.9990,0,-0.189260,0.070654,1.951000,0.9993,0
365,12.175362,1,0.066180,-0.515818,1.909000,0.9999,0,-0.278172,-0.486844,1.944000,0.9998,0,0.296851,-0.434259,1.938000,0.9246,0,-0.541016,-0.467155,1.969000,0.9396,0,0.428647,-0.549331,1.783000,0.9389,0,-0.779965,-0.458818,1.975000,0.9257,0,0.047476,0.050422,1.915000,0.9990,0,-0.187999,0.070183,1.938000,0.9992,0
366,12.208719,1,0.066769,-0.520411,1.926000,0.9999,0,-0.278172,-0.486844,1.944000,0.9998,0,0.289652,-0.423727,1.891000,0.9258,0,-0.536070,-0.462885,1.951000,0.9393,0,0.425041,-0.544709,1.768000,0.9400,0,-0.774355,-0.457424,1.969000,0.9261,0,0.047476,0.050422,1.915000,0.9990,0,-0.188581,0.070400,1.944000,0.9993,0
367,12.242076,1,0.066388,-0.517439,1.915000,0.9999,0,-0.277314,-0.485342,1.938000,0.9998,0,0.291490,-0.426416,1.903000,0.9241,0,-0.530947,-0.461224,1.944000,0.9351,0,0.423839,-0.546073,1.763000,0.9393,0,-0.776205,-0.460444,1.982000,0.9217,0,0.047476,0.047267,1.915000,0.9991,0,-0.189260,0.070654,1.951000,0.9993,0
368,12.275434,1,0.065764,-0.512576,1.897000,0.9999,0,-0.276455,-0.483839,1.932000,0.9998,0,0.294247,-0.430450,1.921000,0.9185,0,-0.541321,-0.473087,1.994000,0.9305,0,0.427445,-0.550719,1.778000,0.9365,0,-0.785032,-0.467646,2.013000,0.9182,0,0.047625,0.047415,1.921000,0.9991,0,-0.189842,0.067647,1.957000,0.9993,0
369,12.308791,1,0.066596,-0.519060,1.921000,0.9999,0,-0.279174,-0.488597,1.951000,0.9998,0,0.294247,-0.430450,1.921000,0.9158,0,-0.531293,-0.467155,1.969000,0.9293,0,0.425041,-0.547622,1.768000,0.9328,0,-0.775093,-0.467646,2.013000,0.9157,0,0.047476,0.047267,1.915000,0.9991,0,-0.189842,0.064423,1.957000,0.9993,0
370,12.342148,1,0.066180,-0.515818,1.909000,0.9999,0,-0.277314,-0.485342,1.938000,0.9998,0,0.295013,-0.431570,1.926000,0.9171,0,-0.526436,-0.462885,1.951000,0.9304,0,0.426243,-0.549171,1.773000,0.9334,0,-0.779447,-0.472292,2.033000,0.9165,0,0.047625,0.047415,1.921000,0.9991,0,-0.188581,0.063995,1.944000,0.9993,0
371,12.375506,1,0.066180,-0.518963,1.909000,0.9999,0,-0.280891,-0.494836,1.963000,0.9998,0,0.293328,-0.429105,1.915000,0.9146,0,-0.546943,-0.480916,2.027000,0.9263,0,0.427445,-0.547790,1.778000,0.9330,0,-0.781064,-0.475312,2.046000,0.9155,0,0.044324,0.047267,1.915000,0.9991,0,-0.187999,0.063798,1.938000,0.9993,0
372,12.408863,1,0.066388,-0.520594,1.915000,0.9999,0,-0.280891,-0.494836,1.963000,0.9998,0,0.295013,-0.431570,1.926000,0.9160,0,-0.538243,-0.476171,2.007000,0.9270,0,0.423839,-0.543169,1.763000,0.9345,0,-0.782277,-0.480191,2.067000,0.9166,0,0.044463,0.047415,1.921000,0.9991,0,-0.191006,0.064818,1.969000,0.9993,0
373,12.442220,1,0.066180,-0.518963,1.909000,0.9999,0,-0.276811,-0.493324,1.957000,0.9998,0,0.294247,-0.430450,1.921000,0.9135,0,-0.541730,-0.479255,2.020000,0.9220,0,0.426243,-0.546250,1.773000,0.9337,0,-0.781512,-0.481817,2.074000,0.9113,0,0.044579,0.047538,1.926000,0.9991,0,-0.190424,0.064621,1.963000,0.9993,0
374,12.475578,1,0.066180,-0.518963,1.909000,0.9999,0,-0.279357,-0.497861,1.975000,0.9998,0,0.295013,-0.431570,1.926000,0.9083,0,-0.534940,-0.476171,2.007000,0.9161,0,0.423839,-0.543169,1.763000,0.9309,0,-0.785143,-0.484859,2.102000,0.9055,0,0.044579,0.047538,1.926000,0.9992,0,-0.190424,0.064621,1.963000,0.9994,0
375,12.508935,1,0.066596,-0.522225,1.921000,0.9999,0,-0.274972,-0.490047,1.944000,0.9998,0,0.290176,-0.429105,1.915000,0.9035,0,-0.528193,-0.473087,1.994000,0.9122,0,0.427445,-0.547790,1.778000,0.9268,0,-0.784287,-0.486474,2.109000,0.9030,0,0.044324,0.047267,1.915000,0.9992,0,-0.190424,0.061387,1.963000,0.9994,0
376,12.542292,1,0.066180,-0.518963,1.909000,0.9999,0,-0.276811,-0.493324,1.957000,0.9998,0,0.291843,-0.431570,1.926000,0.9019,0,-0.523331,-0.471663,1.988000,0.9077,0,0.426243,-0.546250,1.773000,0.9261,0,-0.783407,-0.488088,2.116000,0.8996,0,0.044324,0.044112,1.915000,0.9992,0,-0.187999,0.060605,1.938000,0.9994,0
377,12.575649,1,0.066596,-0.522225,1.921000,0.9999,0,-0.275963,-0.491811,1.951000,0.9998,0,0.293661,-0.434259,1.938000,0.9026,0,-0.520059,-0.471663,1.988000,0.9080,0,0.425041,-0.544709,1.768000,0.9266,0,-0.785085,-0.491317,2.130000,0.9007,0,0.044185,0.043974,1.909000,0.9992,0,-0.189260,0.061012,1.951000,0.9994,0
378,12.609007,1,0.066180,-0.518963,1.909000,0.9999,0,-0.270934,-0.488534,1.938000,0.9998,0,0.291843,-0.431570,1.926000,0.9016,0,-0.526599,-0.477594,2.013000,0.9043,0,0.426243,-0.546250,1.773000,0.9268,0,-0.781579,-0.487808,2.130000,0.8978,0,0.044463,0.044250,1.921000,0.9992,0,-0.191006,0.058331,1.969000,0.9994,0
379,12.642364,1,0.066596,-0.522225,1.921000,0.9999,0,-0.274429,-0.494836,1.963000,0.9998,0,0.290176,-0.429105,1.915000,0.9060,0,-0.538894,-0.488746,2.060000,0.9073,0,0.427445,-0.547790,1.778000,0.9296,0,-0.775516,-0.486205,2.123000,0.9010,0,0.044463,0.044250,1.921000,0.9993,0,-0.187417,0.060418,1.932000,0.9994,0
380,12.675721,1,0.066596,-0.522225,1.921000,0.9999,0,-0.274429,-0.494836,1.963000,0.9998,0,0.288357,-0.426416,1.903000,0.9055,0,-0.537323,-0.490406,2.067000,0.9048,0,0.425041,-0.544709,1.768000,0.9304,0,-0.777476,-0.489641,2.138000,0.9004,0,0.041409,0.041193,1.926000,0.9992,0,-0.192471,0.054584,1.951000,0.9994,0
381,12.709079,1,0.066388,-0.520594,1.915000,0.9999,0,-0.274429,-0.494836,1.963000,0.9998,0,0.291085,-0.430450,1.921000,0.9047,0,-0.535730,-0.492067,2.074000,0.9041,0,0.427445,-0.547790,1.778000,0.9294,0,-0.776491,-0.491244,2.145000,0.9011,0,0.041172,0.040957,1.915000,0.9993,0,-0.194839,0.055255,1.975000,0.9994,0
382,12.742436,1,0.066388,-0.520594,1.915000,0.9999,0,-0.267744,-0.488534,1.938000,0.9998,0,0.291085,-0.430450,1.921000,0.9083,0,-0.523589,-0.480916,2.027000,0.9068,0,0.423839,-0.543169,1.763000,0.9315,0,-0.779025,-0.489302,2.152000,0.9037,0,0.041172,0.040957,1.915000,0.9993,0,-0.192471,0.054584,1.951000,0.9994,0
383,12.775793,1,0.066596,-0.522225,1.921000,0.9999,0,-0.269540,-0.491811,1.951000,0.9998,0,0.292752,-0.432915,1.932000,0.9090,0,-0.520253,-0.480916,2.027000,0.9068,0,0.427445,-0.547790,1.778000,0.9324,0,-0.770438,-0.486118,2.138000,0.9059,0,0.041301,0.037921,1.921000,0.9993,0,-0.189842,0.054751,1.957000,0.9994,0
384,12.809151,1,0.066388,-0.520594,1.915000,0.9999,0,-0.271198,-0.494836,1.963000,0.9998,0,0.291843,-0.431570,1.926000,0.9119,0,-0.528902,-0.492067,2.074000,0.9079,0,0.425041,-0.544709,1.768000,0.9344,0,-0.772961,-0.487710,2.145000,0.9062,0,0.044463,0.037921,1.921000,0.9993,0,-0.190424,0.054919,1.963000,0.9994,0
385,12.842508,1,0.066180,-0.518963,1.909000,0.9999,0,-0.266329,-0.491811,1.951000,0.9998,0,0.291085,-0.433614,1.921000,0.9138,0,-0.513580,-0.480916,2.027000,0.9070,0,0.425041,-0.544709,1.768000,0.9365,0,-0.769430,-0.487710,2.145000,0.9065,0,0.044579,0.038020,1.926000,0.9993,0,-0.190424,0.054919,1.963000,0.9995,0
386,12.875865,1,0.066388,-0.520594,1.915000,0.9999,0,-0.265373,-0.490047,1.944000,0.9998,0,0.292752,-0.436097,1.932000,0.9171,0,-0.516874,-0.484000,2.040000,0.9087,0,0.425041,-0.544709,1.768000,0.9387,0,-0.774811,-0.491121,2.160000,0.9062,0,0.044463,0.037921,1.921000,0.9993,0,-0.190424,0.054919,1.963000,0.9995,0
387,12.909223,1,0.066596,-0.522225,1.921000,0.9999,0,-0.267967,-0.494836,1.963000,0.9998,0,0.293661,-0.437452,1.938000,0.9201,0,-0.520168,-0.487085,2.053000,0.9105,0,0.422131,-0.544709,1.768000,0.9405,0,-0.769430,-0.487710,2.145000,0.9061,0,0.044185,0.037684,1.909000,0.9993,0,-0.190424,0.054919,1.963000,0.9995,0
388,12.942580,1,0.066180,-0.518963,1.909000,0.9999,0,-0.269605,-0.497861,1.975000,0.9998,0,0.294247,-0.433614,1.921000,0.9214,0,-0.527262,-0.493728,2.081000,0.9115,0,0.422131,-0.544709,1.768000,0.9409,0,-0.771941,-0.489302,2.152000,0.9070,0,0.044463,0.037921,1.921000,0.9993,0,-0.188581,0.054388,1.944000,0.9995,0
389,12.975938,1,0.066977,-0.525215,1.932000,0.9999,0,-0.265373,-0.490047,1.944000,0.9998,0,0.294247,-0.433614,1.921000,0.9217,0,-0.513580,-0.480916,2.027000,0.9120,0,0.422131,-0.544709,1.768000,0.9414,0,-0.765900,-0.487710,2.145000,0.9101,0,0.044324,0.037802,1.915000,0.9993,0,-0.191588,0.055255,1.975000,0.9995,0
390,13.009295,1,0.066596,-0.522225,1.921000,0.9999,0,-0.267967,-0.494836,1.963000,0.9998,0,0.295932,-0.436097,1.932000,0.9232,0,-0.523715,-0.490406,2.067000,0.9098,0,0.422131,-0.544709,1.768000,0.9430,0,-0.765900,-0.487710,2.145000,0.9072,0,0.041172,0.037802,1.915000,0.9993,0,-0.190424,0.054919,1.963000,0.9995,0
391,13.042652,1,0.066769,-0.523584,1.926000,0.9999,0,-0.267967,-0.494836,1.963000,0.9998,0,0.290571,-0.428197,1.897000,0.9265,0,-0.518551,-0.488746,2.060000,0.9116,0,0.422131,-0.547622,1.768000,0.9454,0,-0.768399,-0.489302,2.152000,0.9060,0,0.041172,0.037802,1.915000,0.9993,0,-0.189260,0.054584,1.951000,0.9995,0
392,13.076010,1,0.066180,-0.518963,1.909000,0.9999,0,-0.268786,-0.499593,1.969000,0.9998,0,0.295013,-0.434743,1.926000,0.9285,0,-0.510244,-0.477577,2.027000,0.9122,0,0.422131,-0.547622,1.768000,0.9473,0,-0.771256,-0.491121,2.160000,0.9064,0,0.041409,0.038020,1.926000,0.9993,0,-0.188581,0.054388,1.944000,0.9995,0
393,13.109367,1,0.066180,-0.518963,1.909000,0.9999,0,-0.265545,-0.499593,1.969000,0.9998,0,0.293328,-0.432260,1.915000,0.9268,0,-0.515027,-0.482053,2.046000,0.9080,0,0.420937,-0.546073,1.763000,0.9464,0,-0.768399,-0.485756,2.152000,0.9018,0,0.041667,0.038256,1.938000,0.9994,0,-0.190424,0.051685,1.963000,0.9995,0
394,13.142724,1,0.066388,-0.520594,1.915000,0.9999,0,-0.265545,-0.499593,1.969000,0.9998,0,0.294247,-0.433614,1.921000,0.9300,0,-0.522075,-0.488650,2.074000,0.9105,0,0.422131,-0.547622,1.768000,0.9488,0,-0.768399,-0.485756,2.152000,0.9023,0,0.041667,0.038256,1.938000,0.9993,0,-0.187999,0.051027,1.938000,0.9995,0
395,13.176082,1,0.066180,-0.518963,1.909000,0.9999,0,-0.263118,-0.495026,1.951000,0.9998,0,0.291490,-0.429551,1.903000,0.9313,0,-0.518551,-0.485352,2.060000,0.9110,0,0.423325,-0.549171,1.773000,0.9495,0,-0.771256,-0.487562,2.160000,0.9019,0,0.041301,0.037921,1.921000,0.9993,0,-0.190424,0.051685,1.963000,0.9995,0
396,13.209439,1,0.066388,-0.520594,1.915000,0.9999,0,-0.265545,-0.499593,1.969000,0.9998,0,0.294247,-0.433614,1.921000,0.9318,0,-0.510159,-0.480640,2.040000,0.9115,0,0.420937,-0.546073,1.763000,0.9493,0,-0.767701,-0.487562,2.160000,0.9019,0,0.041409,0.038020,1.926000,0.9993,0,-0.191006,0.051843,1.969000,0.9995,0
397,13.242796,1,0.066596,-0.522225,1.921000,0.9999,0,-0.266355,-0.501115,1.975000,0.9998,0,0.291490,-0.429551,1.903000,0.9311,0,-0.506908,-0.477577,2.027000,0.9091,0,0.423325,-0.549171,1.773000,0.9491,0,-0.764857,-0.485756,2.152000,0.8992,0,0.041172,0.037802,1.915000,0.9994,0,-0.189260,0.051369,1.951000,0.9995,0
398,13.276154,1,0.066180,-0.518963,1.909000,0.9999,0,-0.264736,-0.498070,1.963000,0.9998,0,0.293328,-0.432260,1.915000,0.9328,0,-0.513410,-0.483703,2.053000,0.9108,0,0.420937,-0.546073,1.763000,0.9503,0,-0.767701,-0.487562,2.160000,0.9009,0,0.041301,0.037921,1.921000,0.9994,0,-0.191588,0.052001,1.975000,0.9995,0
399,13.309511,1,0.066596,-0.522225,1.921000,0.9999,0,-0.266355,-0.501115,1.975000,0.9998,0,0.295013,-0.434743,1.926000,0.9340,0,-0.516789,-0.483703,2.053000,0.9117,0,0.420937,-0.546073,1.763000,0.9518,0,-0.767701,-0.487562,2.160000,0.9041,0,0.041301,0.037921,1.921000,0.9994,0,-0.186049,0.051369,1.951000,0.9995,0
400,13.342868,1,0.066596,-0.522225,1.921000,0.9999,0,-0.263118,-0.495026,1.951000,0.9999,0,0.294247,-0.433614,1.921000,0.9320,0,-0.520313,-0.487001,2.067000,0.9086,0,0.419743,-0.544525,1.758000,0.9508,0,-0.767701,-0.487562,2.160000,0.9005,0,0.041301,0.037921,1.921000,0.9994,0,-0.187766,0.051843,1.969000,0.9995,0
401,13.376226,1,0.065972,-0.517332,1.903000,0.9999,0,-0.266355,-0.501115,1.975000,0.9999,0,0.291490,-0.429551,1.903000,0.9272,0,-0.513516,-0.480640,2.040000,0.9040,0,0.419743,-0.544525,1.758000,0.9480,0,-0.767701,-0.487562,2.160000,0.8961,0,0.041172,0.034648,1.915000,0.9994,0,-0.186621,0.051527,1.957000,0.9995,0
402,13.409583,1,0.066977,-0.525215,1.932000,0.9999,0,-0.265545,-0.499593,1.969000,0.9999,0,0.291490,-0.429551,1.903000,0.9266,0,-0.518661,-0.488650,2.074000,0.9014,0,0.423325,-0.549171,1.773000,0.9482,0,-0.767701,-0.487562,2.160000,0.8927,0,0.041409,0.034847,1.926000,0.9994,0,-0.186049,0.051369,1.951000,0.9995,0
403,13.442941,1,0.066388,-0.520594,1.915000,0.9999,0,-0.263927,-0.496548,1.957000,0.9999,0,0.292752,-0.436097,1.932000,0.9247,0,-0.515160,-0.485352,2.060000,0.8979,0,0.418035,-0.546073,1.763000,0.9474,0,-0.767701,-0.487562,2.160000,0.8882,0,0.041667,0.035064,1.938000,0.9994,0,-0.187766,0.051843,1.969000,0.9995,0
404,13.476299,1,0.066596,-0.522225,1.921000,0.9999,0,-0.264736,-0.498070,1.963000,0.9999,0,0.290176,-0.432260,1.915000,0.9185,0,-0.508408,-0.478990,2.033000,0.8956,0,0.418035,-0.543169,1.763000,0.9424,0,-0.770189,-0.489142,2.167000,0.8877,0,0.041172,0.034648,1.915000,0.9994,0,-0.187766,0.051843,1.969000,0.9995,0
405,13.509656,1,0.063599,-0.523584,1.926000,0.9999,0,-0.263927,-0.496548,1.957000,0.9999,0,0.289267,-0.430906,1.909000,0.9186,0,-0.515160,-0.485352,2.060000,0.8939,0,0.418035,-0.543169,1.763000,0.9437,0,-0.764857,-0.482211,2.152000,0.8879,0,0.041409,0.034847,1.926000,0.9994,0,-0.187193,0.051685,1.963000,0.9995,0
406,13.543014,1,0.063236,-0.520594,1.915000,0.9999,0,-0.263927,-0.496548,1.957000,0.9999,0,0.291085,-0.433614,1.921000,0.9166,0,-0.510159,-0.477279,2.040000,0.8933,0,0.420407,-0.546250,1.773000,0.9424,0,-0.762369,-0.480643,2.145000,0.8885,0,0.041409,0.034847,1.926000,0.9994,0,-0.187766,0.051843,1.969000,0.9995,0
407,13.576372,1,0.063236,-0.520594,1.915000,0.9999,0,-0.265545,-0.499593,1.969000,0.9999,0,0.290176,-0.432260,1.915000,0.9156,0,-0.516789,-0.480320,2.053000,0.8933,0,0.418035,-0.543169,1.763000,0.9421,0,-0.767701,-0.484004,2.160000,0.8898,0,0.041172,0.034648,1.915000,0.9994,0,-0.186621,0.051527,1.957000,0.9995,0
408,13.609729,1,0.063038,-0.518963,1.909000,0.9999,0,-0.261365,-0.491727,1.938000,0.9999,0,0.290176,-0.432260,1.915000,0.9137,0,-0.525599,-0.488509,2.088000,0.8916,0,0.415664,-0.540088,1.753000,0.9406,0,-0.764857,-0.482211,2.152000,0.8884,0,0.041409,0.034847,1.926000,0.9994,0,-0.187766,0.051843,1.969000,0.9995,0
409,13.643087,1,0.063599,-0.523584,1.926000,0.9999,0,-0.266355,-0.501115,1.975000,0.9999,0,0.290176,-0.432260,1.915000,0.9120,0,-0.503699,-0.468155,2.001000,0.8904,0,0.416850,-0.541628,1.758000,0.9398,0,-0.764857,-0.482211,2.152000,0.8885,0,0.041301,0.034756,1.921000,0.9994,0,-0.186621,0.051527,1.957000,0.9995,0
410,13.676445,1,0.063038,-0.518963,1.909000,0.9999,0,-0.264736,-0.498070,1.963000,0.9999,0,0.282677,-0.425714,1.886000,0.9104,0,-0.515027,-0.478683,2.046000,0.8869,0,0.415664,-0.540088,1.753000,0.9398,0,-0.767701,-0.484004,2.160000,0.8857,0,0.041667,0.035064,1.938000,0.9994,0,-0.189842,0.048303,1.957000,0.9995,0
411,13.709803,1,0.063797,-0.525215,1.932000,0.9999,0,-0.266329,-0.495026,1.951000,0.9999,0,0.286125,-0.430906,1.909000,0.9083,0,-0.511754,-0.475641,2.033000,0.8866,0,0.420407,-0.546250,1.773000,0.9384,0,-0.764857,-0.482211,2.152000,0.8860,0,0.041409,0.034847,1.926000,0.9994,0,-0.190424,0.048452,1.963000,0.9995,0
412,13.743160,1,0.063236,-0.520594,1.915000,0.9999,0,-0.267148,-0.496548,1.957000,0.9999,0,0.287923,-0.433614,1.921000,0.9089,0,-0.515027,-0.478683,2.046000,0.8865,0,0.421592,-0.547790,1.778000,0.9390,0,-0.764857,-0.482211,2.152000,0.8883,0,0.041667,0.035064,1.938000,0.9994,0,-0.190424,0.048452,1.963000,0.9995,0
413,13.776518,1,0.063797,-0.525215,1.932000,0.9999,0,-0.266329,-0.495026,1.951000,0.9999,0,0.288673,-0.434743,1.926000,0.9079,0,-0.522075,-0.485234,2.074000,0.8878,0,0.420407,-0.546250,1.773000,0.9372,0,-0.762369,-0.480643,2.145000,0.8876,0,0.041409,0.034847,1.926000,0.9994,0,-0.189842,0.048303,1.957000,0.9995,0
414,13.809876,1,0.063797,-0.525215,1.932000,0.9999,0,-0.268786,-0.499593,1.969000,0.9999,0,0.286125,-0.430906,1.909000,0.9029,0,-0.522075,-0.485234,2.074000,0.8854,0,0.419221,-0.544709,1.768000,0.9331,0,-0.764857,-0.482211,2.152000,0.8865,0,0.041301,0.034756,1.921000,0.9994,0,-0.189842,0.048303,1.957000,0.9995,0
415,13.843233,1,0.063797,-0.525215,1.932000,0.9999,0,-0.267967,-0.498070,1.963000,0.9999,0,0.288673,-0.434743,1.926000,0.9030,0,-0.522075,-0.485234,2.074000,0.8865,0,0.419221,-0.544709,1.768000,0.9334,0,-0.764857,-0.478666,2.152000,0.8875,0,0.041301,0.034756,1.921000,0.9994,0,-0.189260,0.048155,1.951000,0.9995,0
416,13.876591,1,0.063236,-0.520594,1.915000,0.9999,0,-0.267148,-0.496548,1.957000,0.9999,0,0.288673,-0.434743,1.926000,0.9031,0,-0.523837,-0.486871,2.081000,0.8832,0,0.420407,-0.546250,1.773000,0.9349,0,-0.764857,-0.478666,2.152000,0.8839,0,0.041409,0.034847,1.926000,0.9994,0,-0.189842,0.048303,1.957000,0.9995,0
417,13.909949,1,0.059896,-0.518963,1.909000,0.9999,0,-0.270561,-0.502891,1.982000,0.9999,0,0.286125,-0.430906,1.909000,0.9030,0,-0.516789,-0.480320,2.053000,0.8822,0,0.420407,-0.546250,1.773000,0.9357,0,-0.764857,-0.478666,2.152000,0.8834,0,0.041301,0.034756,1.921000,0.9994,0,-0.186049,0.048155,1.951000,0.9995,0
418,13.943307,1,0.060272,-0.522225,1.921000,0.9999,0,-0.267299,-0.502891,1.982000,0.9999,0,0.287923,-0.433614,1.921000,0.9031,0,-0.513516,-0.477279,2.040000,0.8816,0,0.418666,-0.547790,1.778000,0.9364,0,-0.762369,-0.477109,2.145000,0.8836,0,0.041301,0.034756,1.921000,0.9994,0,-0.187193,0.048452,1.963000,0.9995,0
419,13.976665,1,0.060805,-0.526846,1.938000,0.9999,0,-0.265545,-0.499593,1.969000,0.9999,0,0.286392,-0.436097,1.932000,0.9023,0,-0.516789,-0.480320,2.053000,0.8782,0,0.418666,-0.547790,1.778000,0.9371,0,-0.764857,-0.478666,2.152000,0.8809,0,0.041667,0.035064,1.938000,0.9994,0,-0.186049,0.048155,1.951000,0.9995,0
420,14.010022,1,0.060084,-0.520594,1.915000,0.9999,0,-0.268108,-0.504414,1.988000,0.9999,0,0.284761,-0.433614,1.921000,0.9047,0,-0.515027,-0.478683,2.046000,0.8804,0,0.417488,-0.546250,1.773000,0.9392,0,-0.762369,-0.477109,2.145000,0.8828,0,0.041301,0.034756,1.921000,0.9994,0,-0.188338,0.048748,1.975000,0.9995,0
421,14.043380,1,0.060272,-0.522225,1.921000,0.9999,0,-0.264736,-0.498070,1.963000,0.9999,0,0.284761,-0.433614,1.921000,0.9048,0,-0.520313,-0.483596,2.067000,0.8792,0,0.417488,-0.546250,1.773000,0.9394,0,-0.762369,-0.477109,2.145000,0.8817,0,0.041409,0.034847,1.926000,0.9994,0,-0.186049,0.048155,1.951000,0.9995,0
422,14.076738,1,0.059707,-0.517332,1.903000,0.9999,0,-0.267967,-0.498070,1.963000,0.9999,0,0.282093,-0.429551,1.903000,0.9025,0,-0.527262,-0.486871,2.081000,0.8787,0,0.418666,-0.547790,1.778000,0.9366,0,-0.763400,-0.475552,2.138000,0.8802,0,0.041538,0.034955,1.932000,0.9994,0,-0.187193,0.051685,1.963000,0.9995,0
423,14.110095,1,0.060272,-0.522225,1.921000,0.9999,0,-0.268786,-0.499593,1.969000,0.9999,0,0.286392,-0.436097,1.932000,0.9034,0,-0.518394,-0.478683,2.046000,0.8806,0,0.416311,-0.544709,1.768000,0.9368,0,-0.763400,-0.475552,2.138000,0.8810,0,0.041667,0.035064,1.938000,0.9994,0,-0.187193,0.051685,1.963000,0.9995,0
424,14.143453,1,0.060084,-0.520594,1.915000,0.9999,0,-0.267148,-0.496548,1.957000,0.9999,0,0.285503,-0.434743,1.926000,0.9050,0,-0.515100,-0.475641,2.033000,0.8823,0,0.416311,-0.544709,1.768000,0.9378,0,-0.765900,-0.477109,2.145000,0.8826,0,0.041409,0.034847,1.926000,0.9994,0,-0.190424,0.051685,1.963000,0.9995,0
425,14.176811,1,0.060272,-0.522225,1.921000,0.9999,0,-0.268786,-0.499593,1.969000,0.9999,0,0.285503,-0.434743,1.926000,0.9085,0,-0.516874,-0.477279,2.040000,0.8870,0,0.419843,-0.549331,1.783000,0.9396,0,-0.765900,-0.477109,2.145000,0.8860,0,0.041301,0.034756,1.921000,0.9994,0,-0.191006,0.051843,1.969000,0.9995,0
426,14.210169,1,0.060805,-0.526846,1.938000,0.9999,0,-0.269605,-0.501115,1.975000,0.9999,0,0.285503,-0.434743,1.926000,0.9130,0,-0.527262,-0.486871,2.081000,0.8913,0,0.417488,-0.546250,1.773000,0.9422,0,-0.768399,-0.478666,2.152000,0.8902,0,0.041301,0.034756,1.921000,0.9994,0,-0.188338,0.052001,1.975000,0.9995,0
427,14.243526,1,0.060272,-0.522225,1.921000,0.9999,0,-0.268786,-0.499593,1.969000,0.9999,0,0.285503,-0.434743,1.926000,0.9142,0,-0.520168,-0.480320,2.053000,0.8932,0,0.417488,-0.546250,1.773000,0.9430,0,-0.771941,-0.478666,2.152000,0.8935,0,0.041409,0.034847,1.926000,0.9994,0,-0.187193,0.051685,1.963000,0.9995,0
428,14.276884,1,0.059896,-0.518963,1.909000,0.9999,0,-0.266329,-0.495026,1.951000,0.9999,0,0.288673,-0.434743,1.926000,0.9158,0,-0.520168,-0.480320,2.053000,0.8957,0,0.418666,-0.547790,1.778000,0.9432,0,-0.769430,-0.477109,2.145000,0.8941,0,0.044579,0.038020,1.926000,0.9994,0,-0.187193,0.051685,1.963000,0.9995,0
429,14.310242,1,0.061402,-0.532012,1.957000,0.9999,0,-0.270561,-0.502891,1.982000,0.9999,0,0.288673,-0.434743,1.926000,0.9167,0,-0.527117,-0.483596,2.067000,0.8958,0,0.418666,-0.547790,1.778000,0.9437,0,-0.770438,-0.475552,2.138000,0.8946,0,0.044718,0.034955,1.932000,0.9994,0,-0.187193,0.051685,1.963000,0.9995,0
430,14.343600,1,0.059896,-0.518963,1.909000,0.9999,0,-0.266329,-0.495026,1.951000,0.9999,0,0.290471,-0.437452,1.938000,0.9205,0,-0.528902,-0.485234,2.074000,0.9003,0,0.419843,-0.549331,1.783000,0.9454,0,-0.767556,-0.473773,2.130000,0.8968,0,0.044579,0.034847,1.926000,0.9994,0,-0.186049,0.051369,1.951000,0.9995,0
431,14.376957,1,0.060429,-0.523584,1.926000,0.9999,0,-0.266329,-0.495026,1.951000,0.9999,0,0.289572,-0.436097,1.932000,0.9213,0,-0.523547,-0.480320,2.053000,0.9024,0,0.421020,-0.550871,1.788000,0.9453,0,-0.770438,-0.472030,2.138000,0.8986,0,0.044463,0.034756,1.921000,0.9994,0,-0.186049,0.051369,1.951000,0.9995,0
432,14.410314,1,0.060272,-0.522225,1.921000,0.9999,0,-0.268786,-0.496349,1.969000,0.9999,0,0.287923,-0.433614,1.921000,0.9231,0,-0.525332,-0.481958,2.060000,0.9036,0,0.419843,-0.549331,1.783000,0.9463,0,-0.773957,-0.472030,2.138000,0.8995,0,0.044463,0.034756,1.921000,0.9994,0,-0.187193,0.051685,1.963000,0.9995,0
433,14.443672,1,0.060084,-0.520594,1.915000,0.9999,0,-0.269605,-0.497861,1.975000,0.9999,0,0.287281,-0.437452,1.938000,0.9213,0,-0.513346,-0.470962,2.013000,0.9032,0,0.418666,-0.547790,1.778000,0.9457,0,-0.771061,-0.470264,2.130000,0.8985,0,0.044324,0.034648,1.915000,0.9994,0,-0.187766,0.051843,1.969000,0.9995,0
434,14.477029,1,0.060272,-0.522225,1.921000,0.9999,0,-0.272856,-0.497861,1.975000,0.9999,0,0.287281,-0.437452,1.938000,0.9153,0,-0.518456,-0.472600,2.020000,0.9033,0,0.419843,-0.549331,1.783000,0.9403,0,-0.774567,-0.470264,2.130000,0.8983,0,0.044046,0.034431,1.903000,0.9994,0,-0.190424,0.051685,1.963000,0.9995,0
435,14.510386,1,0.060429,-0.523584,1.926000,0.9999,0,-0.271198,-0.494836,1.963000,0.9999,0,0.289208,-0.440386,1.951000,0.9117,0,-0.526926,-0.480320,2.053000,0.9035,0,0.419843,-0.549331,1.783000,0.9371,0,-0.774567,-0.473773,2.130000,0.8976,0,0.044718,0.034955,1.932000,0.9993,0,-0.190424,0.048452,1.963000,0.9995,0
436,14.543744,1,0.060272,-0.522225,1.921000,0.9999,0,-0.271198,-0.498070,1.963000,0.9999,0,0.286392,-0.436097,1.932000,0.9098,0,-0.521793,-0.475641,2.033000,0.9031,0,0.421020,-0.550871,1.788000,0.9355,0,-0.775516,-0.472216,2.123000,0.8957,0,0.044324,0.034648,1.915000,0.9993,0,-0.191588,0.048748,1.975000,0.9995,0
437,14.577101,1,0.060272,-0.522225,1.921000,0.9999,0,-0.270369,-0.496548,1.957000,0.9999,0,0.289208,-0.440386,1.951000,0.9112,0,-0.521781,-0.472600,2.020000,0.9062,0,0.418666,-0.547790,1.778000,0.9348,0,-0.779010,-0.472216,2.123000,0.8963,0,0.044718,0.034955,1.932000,0.9993,0,-0.190424,0.051685,1.963000,0.9995,0
438,14.610458,1,0.060429,-0.523584,1.926000,0.9999,0,-0.271773,-0.493249,1.944000,0.9999,0,0.287281,-0.437452,1.938000,0.9141,0,-0.532113,-0.481958,2.060000,0.9087,0,0.421020,-0.550871,1.788000,0.9363,0,-0.773873,-0.469102,2.109000,0.8963,0,0.044463,0.034756,1.921000,0.9993,0,-0.191006,0.051843,1.969000,0.9995,0
439,14.643816,1,0.059896,-0.518963,1.909000,0.9999,0,-0.271773,-0.493249,1.944000,0.9998,0,0.284761,-0.433614,1.921000,0.9178,0,-0.519973,-0.470962,2.013000,0.9108,0,0.419843,-0.549331,1.783000,0.9389,0,-0.779925,-0.470659,2.116000,0.8952,0,0.044579,0.034847,1.926000,0.9993,0,-0.191588,0.052001,1.975000,0.9995,0
440,14.677173,1,0.060272,-0.522225,1.921000,0.9999,0,-0.273590,-0.496548,1.957000,0.9998,0,0.286392,-0.436097,1.932000,0.9191,0,-0.516873,-0.471451,2.001000,0.9110,0,0.419843,-0.549331,1.783000,0.9395,0,-0.780816,-0.469102,2.109000,0.8957,0,0.044463,0.034756,1.921000,0.9993,0,-0.189260,0.051369,1.951000,0.9995,0
441,14.710531,1,0.060272,-0.522225,1.921000,0.9999,0,-0.276107,-0.501115,1.975000,0.9998,0,0.287281,-0.437452,1.938000,0.9207,0,-0.528485,-0.478990,2.033000,0.9112,0,0.420649,-0.554260,1.799000,0.9408,0,-0.778224,-0.471007,2.102000,0.8955,0,0.044324,0.034648,1.915000,0.9993,0,-0.191006,0.051843,1.969000,0.9994,0
442,14.743888,1,0.060805,-0.526846,1.938000,0.9999,0,-0.273590,-0.496548,1.957000,0.9998,0,0.288171,-0.438806,1.944000,0.9243,0,-0.525106,-0.475927,2.020000,0.9142,0,0.420649,-0.554260,1.799000,0.9433,0,-0.779081,-0.469439,2.095000,0.8981,0,0.044324,0.037802,1.915000,0.9993,0,-0.190424,0.054919,1.963000,0.9994,0
443,14.777245,1,0.060272,-0.522225,1.921000,0.9999,0,-0.273590,-0.496548,1.957000,0.9998,0,0.285503,-0.434743,1.926000,0.9240,0,-0.520167,-0.471451,2.001000,0.9118,0,0.419480,-0.552720,1.794000,0.9441,0,-0.766841,-0.463410,2.053000,0.8972,0,0.044324,0.037802,1.915000,0.9993,0,-0.189260,0.054584,1.951000,0.9994,0
444,14.810603,1,0.060272,-0.522225,1.921000,0.9999,0,-0.274429,-0.498070,1.963000,0.9998,0,0.287281,-0.437452,1.938000,0.9262,0,-0.521629,-0.469802,1.994000,0.9154,0,0.420649,-0.554260,1.799000,0.9453,0,-0.780725,-0.473158,2.081000,0.9014,0,0.044579,0.038020,1.926000,0.9993,0,-0.188581,0.054388,1.944000,0.9994,0
445,14.843960,1,0.060429,-0.523584,1.926000,0.9999,0,-0.274429,-0.498070,1.963000,0.9998,0,0.288171,-0.438806,1.944000,0.9262,0,-0.520059,-0.468388,1.988000,0.9149,0,0.422988,-0.557341,1.809000,0.9459,0,-0.766063,-0.462245,2.033000,0.9020,0,0.044579,0.038020,1.926000,0.9993,0,-0.191006,0.055087,1.969000,0.9994,0
446,14.877317,1,0.060805,-0.526846,1.938000,0.9999,0,-0.274429,-0.498070,1.963000,0.9998,0,0.292420,-0.440386,1.951000,0.9281,0,-0.528333,-0.472865,2.007000,0.9180,0,0.424157,-0.558882,1.814000,0.9471,0,-0.772058,-0.463836,2.040000,0.9049,0,0.044324,0.037802,1.915000,0.9993,0,-0.189260,0.054584,1.951000,0.9994,0
447,14.910675,1,0.060429,-0.523584,1.926000,0.9999,0,-0.272751,-0.495026,1.951000,0.9998,0,0.292420,-0.440386,1.951000,0.9282,0,-0.519909,-0.465325,1.975000,0.9197,0,0.419480,-0.552720,1.794000,0.9481,0,-0.777147,-0.464220,2.027000,0.9082,0,0.041409,0.038020,1.926000,0.9993,0,-0.194247,0.055087,1.969000,0.9994,0
448,14.944032,1,0.060617,-0.525215,1.932000,0.9999,0,-0.273590,-0.496548,1.957000,0.9998,0,0.291370,-0.438806,1.944000,0.9291,0,-0.525014,-0.466974,1.982000,0.9236,0,0.422988,-0.557341,1.809000,0.9477,0,-0.770472,-0.458265,2.001000,0.9128,0,0.044856,0.038256,1.938000,0.9993,0,-0.189842,0.054751,1.957000,0.9994,0
449,14.977390,1,0.060084,-0.520594,1.915000,0.9999,0,-0.273590,-0.496548,1.957000,0.9998,0,0.291370,-0.438806,1.944000,0.9263,0,-0.511770,-0.455194,1.932000,0.9234,0,0.424157,-0.558882,1.814000,0.9462,0,-0.768739,-0.455288,1.988000,0.9141,0,0.041301,0.037921,1.921000,0.9993,0,-0.194247,0.055087,1.969000,0.9994,0
450,15.010747,1,0.064424,-0.530381,1.951000,0.9999,0,-0.272751,-0.495026,1.951000,0.9998,0,0.291370,-0.438806,1.944000,0.9250,0,-0.513350,-0.453780,1.926000,0.9261,0,0.425965,-0.557341,1.809000,0.9435,0,-0.763712,-0.452311,1.975000,0.9173,0,0.044579,0.041193,1.926000,0.9992,0,-0.190424,0.058153,1.963000,0.9994,0
451,15.044104,1,0.063797,-0.525215,1.932000,0.9999,0,-0.271773,-0.493249,1.944000,0.9998,0,0.293319,-0.441740,1.957000,0.9276,0,-0.520014,-0.459671,1.951000,0.9280,0,0.424788,-0.555801,1.804000,0.9458,0,-0.764632,-0.450937,1.969000,0.9195,0,0.044579,0.041193,1.926000,0.9992,0,-0.193655,0.058153,1.963000,0.9994,0
452,15.077462,1,0.063434,-0.522225,1.921000,0.9999,0,-0.272751,-0.495026,1.951000,0.9998,0,0.291370,-0.438806,1.944000,0.9253,0,-0.531539,-0.466974,1.982000,0.9300,0,0.428555,-0.560730,1.820000,0.9429,0,-0.763193,-0.448188,1.957000,0.9213,0,0.044324,0.040957,1.915000,0.9992,0,-0.194839,0.058509,1.975000,0.9994,0
453,15.110819,1,0.063236,-0.520594,1.915000,0.9999,0,-0.274972,-0.493249,1.944000,0.9998,0,0.288171,-0.438806,1.944000,0.9263,0,-0.521348,-0.458021,1.944000,0.9322,0,0.427143,-0.558882,1.814000,0.9433,0,-0.764065,-0.446814,1.951000,0.9237,0,0.044718,0.041321,1.932000,0.9992,0,-0.194839,0.058509,1.975000,0.9994,0
454,15.144176,1,0.063995,-0.526846,1.938000,0.9999,0,-0.275963,-0.495026,1.951000,0.9998,0,0.290098,-0.441740,1.957000,0.9283,0,-0.518341,-0.452602,1.921000,0.9351,0,0.429733,-0.559264,1.825000,0.9444,0,-0.767276,-0.446814,1.951000,0.9260,0,0.044579,0.041193,1.926000,0.9992,0,-0.194839,0.061762,1.975000,0.9994,0
455,15.177534,1,0.063797,-0.525215,1.932000,0.9999,0,-0.277660,-0.498070,1.963000,0.9998,0,0.289208,-0.440386,1.951000,0.9260,0,-0.521503,-0.452602,1.921000,0.9340,0,0.424788,-0.552829,1.804000,0.9430,0,-0.765353,-0.443837,1.938000,0.9248,0,0.044718,0.041321,1.932000,0.9992,0,-0.192471,0.061012,1.951000,0.9994,0
456,15.210891,1,0.063995,-0.526846,1.938000,0.9999,0,-0.274972,-0.493249,1.944000,0.9998,0,0.288171,-0.438806,1.944000,0.9231,0,-0.519874,-0.451189,1.915000,0.9354,0,0.427143,-0.555893,1.814000,0.9411,0,-0.768543,-0.443837,1.938000,0.9269,0,0.044579,0.041193,1.926000,0.9992,0,-0.192471,0.061012,1.951000,0.9994,0
457,15.244249,1,0.062443,-0.514069,1.891000,0.9999,0,-0.275963,-0.495026,1.951000,0.9998,0,0.288171,-0.438806,1.944000,0.9241,0,-0.537775,-0.463912,1.969000,0.9373,0,0.428555,-0.557732,1.820000,0.9416,0,-0.768125,-0.439944,1.921000,0.9283,0,0.044324,0.044112,1.915000,0.9991,0,-0.195530,0.061981,1.982000,0.9994,0
458,15.277606,1,0.063236,-0.520594,1.915000,0.9999,0,-0.275963,-0.495026,1.951000,0.9998,0,0.290098,-0.441740,1.957000,0.9231,0,-0.529201,-0.453780,1.926000,0.9367,0,0.427143,-0.555893,1.814000,0.9402,0,-0.763327,-0.440340,1.909000,0.9272,0,0.044995,0.044780,1.944000,0.9991,0,-0.194839,0.061762,1.975000,0.9993,0
459,15.310963,1,0.063599,-0.523584,1.926000,0.9999,0,-0.279174,-0.495026,1.951000,0.9998,0,0.290987,-0.443095,1.963000,0.9157,0,-0.529201,-0.453780,1.926000,0.9341,0,0.427143,-0.555893,1.814000,0.9340,0,-0.764060,-0.438956,1.903000,0.9243,0,0.044579,0.044365,1.926000,0.9991,0,-0.193655,0.061387,1.963000,0.9993,0
460,15.344321,1,0.063995,-0.526846,1.938000,0.9999,0,-0.279174,-0.495026,1.951000,0.9998,0,0.289208,-0.440386,1.951000,0.9138,0,-0.527672,-0.449775,1.909000,0.9322,0,0.427143,-0.555893,1.814000,0.9337,0,-0.764773,-0.440698,1.897000,0.9238,0,0.044718,0.041321,1.932000,0.9991,0,-0.194247,0.061575,1.969000,0.9993,0
461,15.377678,1,0.063236,-0.520594,1.915000,0.9999,0,-0.277314,-0.491727,1.938000,0.9998,0,0.290987,-0.443095,1.963000,0.9118,0,-0.519656,-0.442942,1.880000,0.9334,0,0.428555,-0.557732,1.820000,0.9292,0,-0.760339,-0.438142,1.886000,0.9234,0,0.044579,0.041193,1.926000,0.9991,0,-0.197488,0.061575,1.969000,0.9993,0
462,15.411035,1,0.063434,-0.522225,1.921000,0.9999,0,-0.277314,-0.491727,1.938000,0.9998,0,0.291877,-0.444449,1.969000,0.9079,0,-0.524355,-0.446948,1.897000,0.9327,0,0.427143,-0.552905,1.814000,0.9271,0,-0.754132,-0.438937,1.863000,0.9240,0,0.044324,0.044112,1.915000,0.9991,0,-0.197488,0.061575,1.969000,0.9993,0
463,15.444393,1,0.063599,-0.523584,1.926000,0.9999,0,-0.278172,-0.490047,1.944000,0.9998,0,0.290098,-0.441740,1.957000,0.9074,0,-0.527477,-0.446948,1.897000,0.9343,0,0.425965,-0.551381,1.809000,0.9267,0,-0.749680,-0.436345,1.852000,0.9274,0,0.044579,0.044365,1.926000,0.9991,0,-0.192471,0.064226,1.951000,0.9993,0
464,15.477750,1,0.063599,-0.523584,1.926000,0.9999,0,-0.280503,-0.488534,1.938000,0.9998,0,0.290987,-0.443095,1.963000,0.9060,0,-0.521082,-0.441529,1.874000,0.9366,0,0.427143,-0.552905,1.814000,0.9236,0,-0.755167,-0.440820,1.858000,0.9302,0,0.044324,0.044112,1.915000,0.9991,0,-0.192471,0.064226,1.951000,0.9993,0
465,15.511107,1,0.063434,-0.522225,1.921000,0.9999,0,-0.280503,-0.488534,1.938000,0.9998,0,0.289208,-0.440386,1.951000,0.9046,0,-0.527523,-0.444356,1.886000,0.9377,0,0.428555,-0.554734,1.820000,0.9239,0,-0.753736,-0.438210,1.847000,0.9334,0,0.044463,0.044250,1.921000,0.9991,0,-0.194247,0.064818,1.969000,0.9993,0
466,15.544465,1,0.063434,-0.522225,1.921000,0.9999,0,-0.281372,-0.490047,1.944000,0.9998,0,0.289208,-0.440386,1.951000,0.9046,0,-0.521089,-0.438937,1.863000,0.9399,0,0.425965,-0.551381,1.809000,0.9221,0,-0.751287,-0.436787,1.841000,0.9354,0,0.044579,0.047538,1.926000,0.9991,0,-0.193063,0.067647,1.957000,0.9993,0
467,15.577822,1,0.060429,-0.523584,1.926000,0.9999,0,-0.281372,-0.490047,1.944000,0.9998,0,0.288171,-0.438806,1.944000,0.9045,0,-0.527523,-0.444356,1.886000,0.9413,0,0.425965,-0.551381,1.809000,0.9220,0,-0.749247,-0.435600,1.836000,0.9373,0,0.044579,0.047538,1.926000,0.9990,0,-0.192471,0.067440,1.951000,0.9993,0
468,15.611179,1,0.061590,-0.533643,1.963000,0.9999,0,-0.280503,-0.488534,1.938000,0.9998,0,0.289208,-0.440386,1.951000,0.9046,0,-0.528921,-0.448649,1.891000,0.9422,0,0.427143,-0.552905,1.814000,0.9226,0,-0.749247,-0.438625,1.836000,0.9388,0,0.044463,0.047415,1.921000,0.9990,0,-0.196122,0.068719,1.988000,0.9993,0
469,15.644537,1,0.059896,-0.518963,1.909000,0.9999,0,-0.281372,-0.490047,1.944000,0.9998,0,0.291877,-0.444449,1.969000,0.9043,0,-0.530599,-0.450073,1.897000,0.9431,0,0.425965,-0.551381,1.809000,0.9227,0,-0.747762,-0.435997,1.825000,0.9407,0,0.044856,0.047834,1.938000,0.9990,0,-0.194247,0.068062,1.969000,0.9993,0
470,15.677894,1,0.060617,-0.525215,1.932000,0.9999,0,-0.282385,-0.491811,1.951000,0.9998,0,0.289208,-0.440386,1.951000,0.9062,0,-0.522768,-0.443430,1.869000,0.9440,0,0.427143,-0.552905,1.814000,0.9244,0,-0.741206,-0.432175,1.809000,0.9414,0,0.044324,0.047267,1.915000,0.9990,0,-0.193655,0.067855,1.963000,0.9993,0
471,15.711251,1,0.060805,-0.526846,1.938000,0.9999,0,-0.279635,-0.487022,1.932000,0.9998,0,0.290098,-0.441740,1.957000,0.9062,0,-0.532033,-0.448649,1.891000,0.9451,0,0.427143,-0.552905,1.814000,0.9248,0,-0.754317,-0.439819,1.841000,0.9436,0,0.044579,0.047538,1.926000,0.9990,0,-0.191189,0.066991,1.938000,0.9993,0
472,15.744609,1,0.060084,-0.520594,1.915000,0.9999,0,-0.279635,-0.487022,1.932000,0.9998,0,0.290098,-0.441740,1.957000,0.9071,0,-0.533722,-0.450073,1.897000,0.9444,0,0.424788,-0.552829,1.804000,0.9261,0,-0.752269,-0.438625,1.836000,0.9438,0,0.047625,0.047415,1.921000,0.9990,0,-0.194247,0.068062,1.969000,0.9993,0
473,15.777966,1,0.060429,-0.523584,1.926000,0.9999,0,-0.280503,-0.488534,1.938000,0.9998,0,0.290098,-0.441740,1.957000,0.9056,0,-0.533722,-0.450073,1.897000,0.9446,0,0.427143,-0.555893,1.814000,0.9240,0,-0.756776,-0.441253,1.847000,0.9438,0,0.047625,0.047415,1.921000,0.9990,0,-0.193655,0.067855,1.963000,0.9993,0
474,15.811323,1,0.060272,-0.522225,1.921000,0.9999,0,-0.281372,-0.490047,1.944000,0.9998,0,0.290098,-0.441740,1.957000,0.9051,0,-0.530627,-0.447463,1.886000,0.9454,0,0.427143,-0.555893,1.814000,0.9230,0,-0.749810,-0.437192,1.830000,0.9447,0,0.047625,0.047415,1.921000,0.9990,0,-0.194839,0.068270,1.975000,0.9993,0
475,15.844681,1,0.060617,-0.525215,1.932000,0.9999,0,-0.279635,-0.487022,1.932000,0.9998,0,0.288171,-0.438806,1.944000,0.9022,0,-0.532033,-0.448649,1.891000,0.9451,0,0.428555,-0.557732,1.820000,0.9196,0,-0.747762,-0.435997,1.825000,0.9446,0,0.047625,0.047415,1.921000,0.9990,0,-0.194247,0.068062,1.969000,0.9993,0
476,15.878038,1,0.060429,-0.523584,1.926000,0.9999,0,-0.283693,-0.488534,1.938000,0.9998,0,0.289208,-0.440386,1.951000,0.9020,0,-0.528939,-0.446040,1.880000,0.9455,0,0.427143,-0.555893,1.814000,0.9194,0,-0.749810,-0.437192,1.830000,0.9452,0,0.047476,0.047267,1.915000,0.9990,0,-0.194247,0.068062,1.969000,0.9993,0
477,15.911395,1,0.060617,-0.525215,1.932000,0.9999,0,-0.283693,-0.488534,1.938000,0.9998,0,0.288171,-0.438806,1.944000,0.9007,0,-0.532033,-0.448649,1.891000,0.9457,0,0.424788,-0.549857,1.804000,0.9184,0,-0.752269,-0.438625,1.836000,0.9452,0,0.047897,0.047686,1.932000,0.9990,0,-0.193655,0.067855,1.963000,0.9993,0
478,15.944753,1,0.060805,-0.526846,1.938000,0.9999,0,-0.284571,-0.490047,1.944000,0.9998,0,0.289208,-0.440386,1.951000,0.9007,0,-0.524156,-0.442006,1.863000,0.9477,0,0.427143,-0.552905,1.814000,0.9168,0,-0.752269,-0.438625,1.836000,0.9468,0,0.047897,0.050869,1.932000,0.9990,0,-0.193063,0.070871,1.957000,0.9993,0
479,15.978110,1,0.060617,-0.525215,1.932000,0.9999,0,-0.283693,-0.488534,1.938000,0.9998,0,0.287281,-0.437452,1.938000,0.9022,0,-0.533722,-0.450073,1.897000,0.9482,0,0.429733,-0.556258,1.825000,0.9186,0,-0.752269,-0.438625,1.836000,0.9472,0,0.047749,0.050711,1.926000,0.9990,0,-0.193063,0.070871,1.957000,0.9993,0
480,16.011468,1,0.060429,-0.523584,1.926000,0.9999,0,-0.283693,-0.488534,1.938000,0.9998,0,0.289208,-0.440386,1.951000,0.9020,0,-0.530627,-0.447463,1.886000,0.9482,0,0.427143,-0.552905,1.814000,0.9193,0,-0.752269,-0.441650,1.836000,0.9479,0,0.047749,0.050711,1.926000,0.9990,0,-0.191189,0.070183,1.938000,0.9993,0
481,16.044825,1,0.060429,-0.523584,1.926000,0.9999,0,-0.283693,-0.488534,1.938000,0.9998,0,0.289208,-0.440386,1.951000,0.9049,0,-0.527251,-0.444616,1.874000,0.9495,0,0.428555,-0.554734,1.820000,0.9206,0,-0.756776,-0.444296,1.847000,0.9477,0,0.048195,0.051185,1.944000,0.9990,0,-0.191189,0.070183,1.938000,0.9993,0
482,16.078182,1,0.060617,-0.525215,1.932000,0.9999,0,-0.282815,-0.487022,1.932000,0.9998,0,0.289208,-0.440386,1.951000,0.9043,0,-0.528939,-0.442942,1.880000,0.9489,0,0.428555,-0.554734,1.820000,0.9199,0,-0.752269,-0.441650,1.836000,0.9465,0,0.047625,0.050580,1.921000,0.9990,0,-0.194839,0.071523,1.975000,0.9993,0
483,16.111540,1,0.061213,-0.530381,1.951000,0.9999,0,-0.283693,-0.488534,1.938000,0.9998,0,0.289208,-0.440386,1.951000,0.9032,0,-0.527251,-0.441529,1.874000,0.9492,0,0.428555,-0.554734,1.820000,0.9171,0,-0.745713,-0.440799,1.820000,0.9466,0,0.047897,0.050869,1.932000,0.9990,0,-0.194247,0.071306,1.969000,0.9993,0
484,16.144897,1,0.060994,-0.528478,1.944000,0.9999,0,-0.284571,-0.490047,1.944000,0.9998,0,0.288171,-0.438806,1.944000,0.9031,0,-0.538786,-0.451189,1.915000,0.9491,0,0.427143,-0.552905,1.814000,0.9163,0,-0.751287,-0.448918,1.841000,0.9461,0,0.047625,0.050580,1.921000,0.9990,0,-0.191189,0.070183,1.938000,0.9993,0
485,16.178254,1,0.060617,-0.525215,1.932000,0.9999,0,-0.283693,-0.485342,1.938000,0.9998,0,0.287281,-0.437452,1.938000,0.9024,0,-0.530627,-0.444356,1.886000,0.9478,0,0.427143,-0.555893,1.814000,0.9164,0,-0.751287,-0.451951,1.841000,0.9455,0,0.047749,0.050711,1.926000,0.9990,0,-0.190005,0.069749,1.926000,0.9993,0
486,16.211612,1,0.060617,-0.525215,1.932000,0.9999,0,-0.281937,-0.482337,1.926000,0.9998,0,0.288171,-0.438806,1.944000,0.9021,0,-0.532033,-0.445534,1.891000,0.9470,0,0.425965,-0.554361,1.809000,0.9164,0,-0.752728,-0.457702,1.852000,0.9446,0,0.047897,0.050869,1.932000,0.9990,0,-0.193063,0.074095,1.957000,0.9993,0
487,16.244969,1,0.060429,-0.523584,1.926000,0.9999,0,-0.283693,-0.485342,1.938000,0.9998,0,0.290098,-0.441740,1.957000,0.9031,0,-0.538786,-0.451189,1.915000,0.9466,0,0.427143,-0.555893,1.814000,0.9172,0,-0.750696,-0.459509,1.847000,0.9431,0,0.047327,0.050264,1.909000,0.9990,0,-0.193655,0.074322,1.963000,0.9993,0
488,16.278326,1,0.060272,-0.519060,1.921000,0.9999,0,-0.283693,-0.485342,1.938000,0.9998,0,0.287281,-0.437452,1.938000,0.9003,0,-0.532033,-0.442419,1.891000,0.9471,0,0.425965,-0.554361,1.809000,0.9115,0,-0.749680,-0.466855,1.852000,0.9432,0,0.047476,0.050422,1.915000,0.9990,0,-0.193655,0.074322,1.963000,0.9993,0
489,16.311684,1,0.060805,-0.523654,1.938000,0.9999,0,-0.282815,-0.483839,1.932000,0.9998,0,0.288171,-0.438806,1.944000,0.9008,0,-0.541881,-0.450608,1.926000,0.9470,0,0.427143,-0.555893,1.814000,0.9115,0,-0.745227,-0.467115,1.841000,0.9433,0,0.047897,0.054052,1.932000,0.9990,0,-0.194839,0.078030,1.975000,0.9993,0
490,16.345041,1,0.059896,-0.515818,1.909000,0.9999,0,-0.279635,-0.483839,1.932000,0.9998,0,0.290098,-0.441740,1.957000,0.9031,0,-0.543569,-0.448828,1.932000,0.9474,0,0.424788,-0.552829,1.804000,0.9147,0,-0.740181,-0.471896,1.836000,0.9442,0,0.047749,0.053884,1.926000,0.9990,0,-0.191781,0.073603,1.944000,0.9993,0
491,16.378398,1,0.060272,-0.519060,1.921000,0.9999,0,-0.279635,-0.483839,1.932000,0.9998,0,0.290987,-0.446329,1.963000,0.9029,0,-0.528921,-0.439304,1.891000,0.9490,0,0.428555,-0.557732,1.820000,0.9124,0,-0.740181,-0.477945,1.836000,0.9450,0,0.047749,0.053884,1.926000,0.9990,0,-0.188581,0.073603,1.944000,0.9993,0
492,16.411755,1,0.060272,-0.519060,1.921000,0.9999,0,-0.279635,-0.483839,1.932000,0.9998,0,0.289208,-0.443600,1.951000,0.9023,0,-0.540389,-0.448828,1.932000,0.9498,0,0.427143,-0.555893,1.814000,0.9117,0,-0.739167,-0.485313,1.841000,0.9464,0,0.047897,0.054052,1.932000,0.9990,0,-0.189842,0.074095,1.957000,0.9993,0
493,16.445113,1,0.060429,-0.520411,1.926000,0.9999,0,-0.279635,-0.483839,1.932000,0.9998,0,0.289208,-0.440386,1.951000,0.8974,0,-0.535541,-0.444262,1.926000,0.9505,0,0.424788,-0.552829,1.804000,0.9064,0,-0.734137,-0.487019,1.836000,0.9482,0,0.048046,0.054220,1.938000,0.9990,0,-0.189260,0.073868,1.951000,0.9993,0
494,16.478470,1,0.060272,-0.519060,1.921000,0.9999,0,-0.280503,-0.485342,1.938000,0.9998,0,0.289208,-0.440386,1.951000,0.8970,0,-0.537209,-0.445646,1.932000,0.9512,0,0.427143,-0.555893,1.814000,0.9072,0,-0.737487,-0.500416,1.852000,0.9498,0,0.047897,0.054052,1.932000,0.9989,0,-0.189260,0.073868,1.951000,0.9992,0
495,16.511827,1,0.060084,-0.517439,1.915000,0.9999,0,-0.280503,-0.485342,1.938000,0.9998,0,0.289208,-0.440386,1.951000,0.8952,0,-0.538877,-0.447030,1.938000,0.9513,0,0.427143,-0.555893,1.814000,0.9055,0,-0.725714,-0.497487,1.830000,0.9509,0,0.047625,0.053744,1.921000,0.9989,0,-0.188581,0.073603,1.944000,0.9992,0
496,16.545184,1,0.060617,-0.522033,1.932000,0.9998,0,-0.279635,-0.480656,1.932000,0.9997,0,0.290098,-0.441740,1.957000,0.8868,0,-0.535688,-0.447030,1.938000,0.9510,0,0.427143,-0.555893,1.814000,0.8948,0,-0.724016,-0.506543,1.841000,0.9519,0,0.047476,0.053576,1.915000,0.9989,0,-0.188581,0.073603,1.944000,0.9992,0
497,16.578542,1,0.060272,-0.519060,1.921000,0.9998,0,-0.281372,-0.483642,1.944000,0.9997,0,0.292420,-0.440386,1.951000,0.8844,0,-0.532371,-0.441089,1.926000,0.9510,0,0.425965,-0.554361,1.809000,0.8924,0,-0.717724,-0.505147,1.825000,0.9519,0,0.050919,0.053884,1.926000,0.9989,0,-0.189260,0.073868,1.951000,0.9992,0
498,16.611899,1,0.061213,-0.527166,1.951000,0.9998,0,-0.281372,-0.483642,1.944000,0.9997,0,0.291370,-0.438806,1.944000,0.8849,0,-0.534029,-0.439280,1.932000,0.9502,0,0.425965,-0.554361,1.809000,0.8942,0,-0.713666,-0.512560,1.830000,0.9523,0,0.050787,0.053744,1.921000,0.9989,0,-0.190424,0.074322,1.963000,0.9992,0
499,16.645256,1,0.060429,-0.523584,1.926000,0.9998,0,-0.281372,-0.483642,1.944000,0.9997,0,0.288171,-0.438806,1.944000,0.8840,0,-0.534146,-0.442009,1.944000,0.9504,0,0.424788,-0.552829,1.804000,0.8943,0,-0.710654,-0.518590,1.830000,0.9539,0,0.050919,0.053884,1.926000,0.9989,0,-0.191588,0.074777,1.975000,0.9992,0
500,16.678613,1,0.059707,-0.517332,1.903000,0.9998,0,-0.280503,-0.482149,1.938000,0.9997,0,0.290471,-0.437452,1.938000,0.8854,0,-0.537718,-0.444964,1.957000,0.9509,0,0.425965,-0.554361,1.809000,0.8967,0,-0.707642,-0.524619,1.830000,0.9553,0,0.050787,0.053744,1.921000,0.9988,0,-0.189260,0.073868,1.951000,0.9992,0
501,16.711970,1,0.059896,-0.518963,1.909000,0.9998,0,-0.279635,-0.480656,1.932000,0.9997,0,0.291370,-0.438806,1.944000,0.8860,0,-0.530849,-0.436097,1.932000,0.9501,0,0.425965,-0.554361,1.809000,0.8997,0,-0.702704,-0.529199,1.825000,0.9560,0,0.051395,0.054388,1.944000,0.9988,0,-0.189260,0.073868,1.951000,0.9992,0
502,16.745328,1,0.060617,-0.525215,1.932000,0.9998,0,-0.280503,-0.482149,1.938000,0.9997,0,0.291370,-0.438806,1.944000,0.8882,0,-0.526178,-0.432260,1.915000,0.9501,0,0.424788,-0.552829,1.804000,0.9033,0,-0.702704,-0.535212,1.825000,0.9570,0,0.050919,0.053884,1.926000,0.9988,0,-0.191006,0.077793,1.969000,0.9991,0
503,16.778685,1,0.059896,-0.518963,1.909000,0.9998,0,-0.281372,-0.483642,1.944000,0.9997,0,0.292420,-0.440386,1.951000,0.8913,0,-0.527669,-0.436097,1.932000,0.9502,0,0.424788,-0.552829,1.804000,0.9076,0,-0.696697,-0.541225,1.825000,0.9577,0,0.051236,0.054220,1.938000,0.9988,0,-0.188581,0.076806,1.944000,0.9991,0
504,16.812042,1,0.063236,-0.520594,1.915000,0.9998,0,-0.276455,-0.480656,1.932000,0.9997,0,0.290471,-0.437452,1.938000,0.8939,0,-0.527669,-0.436097,1.932000,0.9498,0,0.425965,-0.554361,1.809000,0.9115,0,-0.695594,-0.551752,1.830000,0.9581,0,0.050919,0.053884,1.926000,0.9988,0,-0.191588,0.078030,1.975000,0.9991,0
505,16.845399,1,0.063797,-0.525215,1.932000,0.9998,0,-0.275596,-0.479164,1.926000,0.9997,0,0.292420,-0.440386,1.951000,0.8976,0,-0.527669,-0.436097,1.932000,0.9502,0,0.424788,-0.552829,1.804000,0.9156,0,-0.685801,-0.554734,1.820000,0.9588,0,0.047625,0.053744,1.921000,0.9988,0,-0.191189,0.076569,1.938000,0.9991,0
506,16.878757,1,0.063599,-0.523584,1.926000,0.9998,0,-0.277314,-0.482149,1.938000,0.9997,0,0.291370,-0.438806,1.944000,0.8987,0,-0.532858,-0.440386,1.951000,0.9497,0,0.427143,-0.555893,1.814000,0.9183,0,-0.676815,-0.560730,1.820000,0.9595,0,0.047625,0.053744,1.921000,0.9987,0,-0.190424,0.077556,1.963000,0.9991,0
507,16.912114,1,0.063236,-0.517439,1.915000,0.9999,0,-0.275596,-0.479164,1.926000,0.9997,0,0.290471,-0.437452,1.938000,0.8986,0,-0.529647,-0.440386,1.951000,0.9487,0,0.427143,-0.555893,1.814000,0.9201,0,-0.677521,-0.566826,1.830000,0.9593,0,0.047749,0.053884,1.926000,0.9987,0,-0.188581,0.073603,1.944000,0.9990,0
508,16.945471,1,0.063434,-0.519060,1.921000,0.9999,0,-0.276455,-0.480656,1.932000,0.9997,0,0.290471,-0.437452,1.938000,0.9004,0,-0.526118,-0.434259,1.938000,0.9486,0,0.425965,-0.554361,1.809000,0.9234,0,-0.671497,-0.572855,1.830000,0.9607,0,0.047476,0.053576,1.915000,0.9987,0,-0.189260,0.073868,1.951000,0.9990,0
509,16.978828,1,0.060272,-0.519060,1.921000,0.9999,0,-0.275596,-0.479164,1.926000,0.9997,0,0.290471,-0.437452,1.938000,0.9008,0,-0.521309,-0.432915,1.932000,0.9486,0,0.424788,-0.552829,1.804000,0.9259,0,-0.658841,-0.572723,1.820000,0.9622,0,0.048046,0.054220,1.938000,0.9986,0,-0.189260,0.073868,1.951000,0.9989,0
510,17.012185,1,0.060617,-0.522033,1.932000,0.9999,0,-0.276455,-0.480656,1.932000,0.9997,0,0.290471,-0.437452,1.938000,0.8989,0,-0.516520,-0.428397,1.926000,0.9471,0,0.424788,-0.552829,1.804000,0.9274,0,-0.649854,-0.578720,1.820000,0.9636,0,0.047897,0.050869,1.932000,0.9986,0,-0.189842,0.074095,1.957000,0.9989,0
511,17.045543,1,0.060084,-0.517439,1.915000,0.9999,0,-0.277314,-0.482149,1.938000,0.9997,0,0.288171,-0.438806,1.944000,0.8969,0,-0.514950,-0.429732,1.932000,0.9465,0,0.424788,-0.552829,1.804000,0.9283,0,-0.647401,-0.587929,1.830000,0.9650,0,0.047625,0.050580,1.921000,0.9986,0,-0.189260,0.070654,1.951000,0.9989,0
512,17.078900,1,0.059896,-0.518963,1.909000,0.9999,0,-0.274124,-0.482149,1.938000,0.9997,0,0.288171,-0.435603,1.944000,0.8986,0,-0.511770,-0.429732,1.932000,0.9469,0,0.425965,-0.551381,1.809000,0.9315,0,-0.638365,-0.590944,1.830000,0.9669,0,0.047327,0.047119,1.909000,0.9986,0,-0.187193,0.067855,1.963000,0.9989,0
513,17.112257,1,0.060429,-0.523584,1.926000,0.9999,0,-0.273275,-0.480656,1.932000,0.9997,0,0.284761,-0.430450,1.921000,0.9005,0,-0.514948,-0.429198,1.944000,0.9487,0,0.424788,-0.549857,1.804000,0.9345,0,-0.630613,-0.592336,1.825000,0.9693,0,0.047749,0.047538,1.926000,0.9985,0,-0.186049,0.067440,1.951000,0.9989,0
514,17.145614,1,0.060084,-0.520594,1.915000,0.9998,0,-0.268557,-0.477920,1.921000,0.9997,0,0.289208,-0.437172,1.951000,0.8932,0,-0.511749,-0.429198,1.944000,0.9488,0,0.422433,-0.546809,1.794000,0.9295,0,-0.629329,-0.596973,1.830000,0.9712,0,0.047625,0.047415,1.921000,0.9984,0,-0.184237,0.063600,1.932000,0.9989,0
515,17.178971,1,0.060429,-0.523584,1.926000,0.9998,0,-0.270934,-0.482149,1.938000,0.9997,0,0.290098,-0.438516,1.957000,0.8889,0,-0.508590,-0.426549,1.932000,0.9484,0,0.424788,-0.549857,1.804000,0.9286,0,-0.620841,-0.591754,1.814000,0.9722,0,0.047625,0.044250,1.921000,0.9984,0,-0.187766,0.061575,1.969000,0.9989,0
516,17.212329,1,0.060429,-0.523584,1.926000,0.9998,0,-0.270095,-0.480656,1.932000,0.9997,0,0.286392,-0.432915,1.932000,0.8926,0,-0.505410,-0.426549,1.932000,0.9505,0,0.424788,-0.549857,1.804000,0.9315,0,-0.621602,-0.598349,1.825000,0.9739,0,0.047625,0.044250,1.921000,0.9984,0,-0.186621,0.061199,1.957000,0.9989,0
517,17.245686,1,0.060272,-0.522225,1.921000,0.9998,0,-0.270095,-0.480656,1.932000,0.9997,0,0.290098,-0.438516,1.957000,0.8874,0,-0.508549,-0.429198,1.944000,0.9506,0,0.423611,-0.548333,1.799000,0.9291,0,-0.620841,-0.594742,1.814000,0.9753,0,0.047625,0.044250,1.921000,0.9984,0,-0.185382,0.060793,1.944000,0.9988,0
518,17.279043,1,0.059896,-0.518963,1.909000,0.9998,0,-0.270095,-0.480656,1.932000,0.9997,0,0.289208,-0.437172,1.951000,0.8897,0,-0.510380,-0.430744,1.951000,0.9504,0,0.424788,-0.546885,1.804000,0.9325,0,-0.619899,-0.596710,1.820000,0.9765,0,0.047749,0.044365,1.926000,0.9983,0,-0.187193,0.061387,1.963000,0.9988,0
519,17.312400,1,0.060084,-0.520594,1.915000,0.9998,0,-0.270095,-0.480656,1.932000,0.9997,0,0.287281,-0.434259,1.938000,0.8912,0,-0.508549,-0.429198,1.944000,0.9507,0,0.424788,-0.549857,1.804000,0.9348,0,-0.619899,-0.596710,1.820000,0.9776,0,0.047625,0.044250,1.921000,0.9983,0,-0.186049,0.061012,1.951000,0.9988,0
520,17.345758,1,0.060617,-0.525215,1.932000,0.9998,0,-0.270095,-0.480656,1.932000,0.9997,0,0.288171,-0.435603,1.944000,0.8910,0,-0.506979,-0.427874,1.938000,0.9518,0,0.425386,-0.546809,1.794000,0.9348,0,-0.619899,-0.596710,1.820000,0.9788,0,0.047749,0.044365,1.926000,0.9982,0,-0.186049,0.061012,1.951000,0.9988,0
521,17.379115,1,0.060429,-0.523584,1.926000,0.9998,0,-0.269256,-0.479164,1.926000,0.9997,0,0.288171,-0.432401,1.944000,0.8912,0,-0.505410,-0.426549,1.932000,0.9527,0,0.427757,-0.549857,1.804000,0.9358,0,-0.623305,-0.599988,1.830000,0.9799,0,0.047897,0.044504,1.932000,0.9982,0,-0.184809,0.060605,1.938000,0.9987,0
522,17.412472,1,0.059896,-0.518963,1.909000,0.9998,0,-0.268557,-0.481084,1.921000,0.9997,0,0.289208,-0.433958,1.951000,0.8958,0,-0.510380,-0.427530,1.951000,0.9540,0,0.427757,-0.546885,1.804000,0.9389,0,-0.621602,-0.598349,1.825000,0.9807,0,0.047327,0.043974,1.909000,0.9981,0,-0.187193,0.061387,1.963000,0.9987,0
523,17.445830,1,0.060429,-0.523584,1.926000,0.9998,0,-0.270095,-0.483839,1.932000,0.9997,0,0.287281,-0.431066,1.938000,0.8963,0,-0.510380,-0.427530,1.951000,0.9540,0,0.428943,-0.548401,1.809000,0.9395,0,-0.623305,-0.599988,1.830000,0.9813,0,0.047749,0.044365,1.926000,0.9981,0,-0.186621,0.061199,1.957000,0.9987,0
524,17.479187,1,0.060084,-0.520594,1.915000,0.9998,0,-0.269256,-0.482337,1.926000,0.9997,0,0.288171,-0.432401,1.944000,0.8973,0,-0.508549,-0.425996,1.944000,0.9544,0,0.427757,-0.546885,1.804000,0.9403,0,-0.621602,-0.598349,1.825000,0.9819,0,0.047625,0.044250,1.921000,0.9982,0,-0.187193,0.061387,1.963000,0.9987,0
525,17.512544,1,0.060084,-0.520594,1.915000,0.9998,0,-0.269256,-0.482337,1.926000,0.9997,0,0.288171,-0.432401,1.944000,0.8961,0,-0.510380,-0.427530,1.951000,0.9543,0,0.425386,-0.543853,1.794000,0.9403,0,-0.623305,-0.599988,1.830000,0.9826,0,0.047749,0.044365,1.926000,0.9981,0,-0.186049,0.061012,1.951000,0.9987,0
526,17.545902,1,0.060429,-0.523584,1.926000,0.9998,0,-0.270095,-0.483839,1.932000,0.9997,0,0.287281,-0.431066,1.938000,0.8941,0,-0.510380,-0.427530,1.951000,0.9540,0,0.426572,-0.548333,1.799000,0.9393,0,-0.621602,-0.598349,1.825000,0.9829,0,0.047327,0.040829,1.909000,0.9981,0,-0.187193,0.061387,1.963000,0.9987,0
527,17.579259,1,0.059896,-0.518963,1.909000,0.9998,0,-0.270095,-0.483839,1.932000,0.9997,0,0.289208,-0.433958,1.951000,0.8922,0,-0.511950,-0.428845,1.957000,0.9545,0,0.426572,-0.548333,1.799000,0.9377,0,-0.621602,-0.598349,1.825000,0.9833,0,0.047749,0.041193,1.926000,0.9981,0,-0.186621,0.061199,1.957000,0.9987,0
528,17.612616,1,0.060994,-0.528478,1.944000,0.9998,0,-0.266915,-0.483839,1.932000,0.9997,0,0.284761,-0.427285,1.921000,0.8924,0,-0.510380,-0.427530,1.951000,0.9548,0,0.426572,-0.548333,1.799000,0.9382,0,-0.619899,-0.596710,1.820000,0.9838,0,0.047476,0.044112,1.915000,0.9981,0,-0.185382,0.060793,1.944000,0.9987,0
529,17.645974,1,0.059707,-0.517332,1.903000,0.9998,0,-0.266915,-0.483839,1.932000,0.9997,0,0.286392,-0.429732,1.932000,0.8903,0,-0.505410,-0.423366,1.932000,0.9537,0,0.425386,-0.546809,1.794000,0.9375,0,-0.619129,-0.590123,1.809000,0.9840,0,0.047476,0.044112,1.915000,0.9980,0,-0.187193,0.061387,1.963000,0.9987,0
530,17.679331,1,0.060272,-0.522225,1.921000,0.9998,0,-0.266086,-0.482337,1.926000,0.9997,0,0.287281,-0.431066,1.938000,0.8908,0,-0.511950,-0.428845,1.957000,0.9541,0,0.426572,-0.548333,1.799000,0.9377,0,-0.619129,-0.590123,1.809000,0.9843,0,0.047625,0.041086,1.921000,0.9981,0,-0.187193,0.061387,1.963000,0.9987,0
531,17.712688,1,0.059896,-0.518963,1.909000,0.9998,0,-0.265396,-0.481084,1.921000,0.9997,0,0.289208,-0.433958,1.951000,0.8926,0,-0.506979,-0.424681,1.938000,0.9542,0,0.425386,-0.546809,1.794000,0.9392,0,-0.622894,-0.593711,1.820000,0.9845,0,0.047327,0.040829,1.909000,0.9980,0,-0.186621,0.061199,1.957000,0.9987,0
532,17.746046,1,0.059896,-0.518963,1.909000,0.9998,0,-0.266915,-0.480656,1.932000,0.9997,0,0.289208,-0.433958,1.951000,0.8922,0,-0.506979,-0.424681,1.938000,0.9541,0,0.426572,-0.548333,1.799000,0.9389,0,-0.624605,-0.595342,1.825000,0.9846,0,0.047749,0.041193,1.926000,0.9980,0,-0.187193,0.061387,1.963000,0.9987,0
533,17.779403,1,0.060084,-0.520594,1.915000,0.9998,0,-0.265396,-0.481084,1.921000,0.9997,0,0.287281,-0.431066,1.938000,0.8927,0,-0.503840,-0.422051,1.926000,0.9539,0,0.425386,-0.546809,1.794000,0.9392,0,-0.624605,-0.595342,1.825000,0.9849,0,0.047327,0.040829,1.909000,0.9980,0,-0.187193,0.061387,1.963000,0.9987,0
534,17.812760,1,0.060272,-0.522225,1.921000,0.9998,0,-0.266086,-0.482337,1.926000,0.9997,0,0.289208,-0.433958,1.951000,0.8920,0,-0.505410,-0.423366,1.932000,0.9534,0,0.428943,-0.551381,1.809000,0.9390,0,-0.626317,-0.596973,1.830000,0.9851,0,0.047327,0.040829,1.909000,0.9980,0,-0.186049,0.057798,1.951000,0.9986,0
535,17.846118,1,0.059896,-0.518963,1.909000,0.9998,0,-0.266915,-0.483839,1.932000,0.9997,0,0.287281,-0.431066,1.938000,0.8960,0,-0.513519,-0.430159,1.963000,0.9546,0,0.427757,-0.549857,1.804000,0.9412,0,-0.620841,-0.591754,1.814000,0.9854,0,0.047749,0.041193,1.926000,0.9980,0,-0.184237,0.060418,1.932000,0.9986,0
536,17.879475,1,0.060272,-0.522225,1.921000,0.9998,0,-0.264567,-0.479582,1.915000,0.9997,0,0.289208,-0.433958,1.951000,0.8952,0,-0.508549,-0.425996,1.944000,0.9539,0,0.426572,-0.548333,1.799000,0.9403,0,-0.624605,-0.595342,1.825000,0.9853,0,0.047897,0.041321,1.932000,0.9980,0,-0.186049,0.061012,1.951000,0.9987,0
537,17.912832,1,0.060429,-0.523584,1.926000,0.9998,0,-0.265396,-0.481084,1.921000,0.9997,0,0.287281,-0.431066,1.938000,0.8987,0,-0.508549,-0.425996,1.944000,0.9546,0,0.426572,-0.548333,1.799000,0.9427,0,-0.619129,-0.590123,1.809000,0.9854,0,0.047749,0.041193,1.926000,0.9980,0,-0.187766,0.061575,1.969000,0.9987,0
538,17.946190,1,0.059519,-0.515701,1.897000,0.9998,0,-0.266915,-0.483839,1.932000,0.9997,0,0.289208,-0.433958,1.951000,0.8978,0,-0.506979,-0.424681,1.938000,0.9546,0,0.426572,-0.548333,1.799000,0.9420,0,-0.622894,-0.593711,1.820000,0.9856,0,0.047625,0.041086,1.921000,0.9980,0,-0.187193,0.061387,1.963000,0.9987,0
539,17.979547,1,0.060617,-0.525215,1.932000,0.9998,0,-0.265396,-0.481084,1.921000,0.9997,0,0.289208,-0.433958,1.951000,0.8962,0,-0.508549,-0.425996,1.944000,0.9545,0,0.425386,-0.546809,1.794000,0.9410,0,-0.624605,-0.595342,1.825000,0.9858,0,0.047897,0.041321,1.932000,0.9980,0,-0.185382,0.057590,1.944000,0.9986,0
540,18.012904,1,0.060272,-0.522225,1.921000,0.9998,0,-0.265396,-0.481084,1.921000,0.9997,0,0.288171,-0.432401,1.944000,0.8967,0,-0.506979,-0.424681,1.938000,0.9551,0,0.427757,-0.549857,1.804000,0.9405,0,-0.620841,-0.591754,1.814000,0.9859,0,0.047625,0.041086,1.921000,0.9980,0,-0.186049,0.057798,1.951000,0.9987,0
541,18.046262,1,0.060272,-0.522225,1.921000,0.9998,0,-0.265396,-0.481084,1.921000,0.9997,0,0.288171,-0.432401,1.944000,0.8948,0,-0.505410,-0.423366,1.932000,0.9547,0,0.426572,-0.548333,1.799000,0.9397,0,-0.626317,-0.596973,1.830000,0.9861,0,0.048046,0.041449,1.938000,0.9980,0,-0.185382,0.057590,1.944000,0.9987,0
542,18.079619,1,0.059896,-0.518963,1.909000,0.9998,0,-0.265396,-0.481084,1.921000,0.9997,0,0.288171,-0.432401,1.944000,0.8975,0,-0.510380,-0.427530,1.951000,0.9549,0,0.426572,-0.548333,1.799000,0.9415,0,-0.630081,-0.600562,1.841000,0.9863,0,0.048195,0.041577,1.944000,0.9981,0,-0.184809,0.057413,1.938000,0.9987,0
543,18.112976,1,0.059707,-0.517332,1.903000,0.9998,0,-0.266086,-0.482337,1.926000,0.9997,0,0.288171,-0.432401,1.944000,0.8986,0,-0.505410,-0.423366,1.932000,0.9551,0,0.426572,-0.548333,1.799000,0.9428,0,-0.626317,-0.596973,1.830000,0.9863,0,0.047476,0.040957,1.915000,0.9980,0,-0.187193,0.061387,1.963000,0.9987,0
544,18.146334,1,0.060084,-0.520594,1.915000,0.9998,0,-0.265396,-0.481084,1.921000,0.9997,0,0.286392,-0.429732,1.932000,0.8978,0,-0.505410,-0.423366,1.932000,0.9552,0,0.425386,-0.546809,1.794000,0.9427,0,-0.626317,-0.596973,1.830000,0.9864,0,0.047476,0.040957,1.915000,0.9981,0,-0.185382,0.060793,1.944000,0.9987,0
545,18.179691,1,0.060084,-0.520594,1.915000,0.9998,0,-0.266915,-0.483839,1.932000,0.9997,0,0.290987,-0.436627,1.963000,0.8985,0,-0.506979,-0.424681,1.938000,0.9553,0,0.425386,-0.546809,1.794000,0.9434,0,-0.626317,-0.596973,1.830000,0.9865,0,0.047749,0.041193,1.926000,0.9980,0,-0.186049,0.061012,1.951000,0.9987,0
546,18.213048,1,0.060084,-0.520594,1.915000,0.9998,0,-0.266915,-0.483839,1.932000,0.9997,0,0.286392,-0.429732,1.932000,0.9005,0,-0.511950,-0.428845,1.957000,0.9554,0,0.426572,-0.548333,1.799000,0.9447,0,-0.626317,-0.596973,1.830000,0.9866,0,0.047897,0.041321,1.932000,0.9981,0,-0.185382,0.060793,1.944000,0.9987,0
547,18.246406,1,0.060272,-0.522225,1.921000,0.9998,0,-0.266915,-0.483839,1.932000,0.9997,0,0.289208,-0.433958,1.951000,0.9017,0,-0.510380,-0.427530,1.951000,0.9555,0,0.427757,-0.549857,1.804000,0.9459,0,-0.628370,-0.598931,1.836000,0.9865,0,0.047749,0.041193,1.926000,0.9981,0,-0.185382,0.060793,1.944000,0.9987,0
548,18.279763,1,0.059896,-0.518963,1.909000,0.9998,0,-0.267744,-0.485342,1.938000,0.9997,0,0.289208,-0.433958,1.951000,0.9011,0,-0.515089,-0.431474,1.969000,0.9553,0,0.426572,-0.548333,1.799000,0.9458,0,-0.628370,-0.598931,1.836000,0.9866,0,0.047476,0.040957,1.915000,0.9981,0,-0.185382,0.057590,1.944000,0.9987,0
549,18.313121,1,0.059896,-0.518963,1.909000,0.9998,0,-0.266915,-0.483839,1.932000,0.9997,0,0.286392,-0.429732,1.932000,0.9006,0,-0.508549,-0.425996,1.944000,0.9544,0,0.427757,-0.549857,1.804000,0.9455,0,-0.624605,-0.595342,1.825000,0.9861,0,0.047749,0.041193,1.926000,0.9981,0,-0.186049,0.057798,1.951000,0.9987,0
550,18.346478,1,0.060272,-0.522225,1.921000,0.9998,0,-0.266086,-0.482337,1.926000,0.9997,0,0.287281,-0.431066,1.938000,0.9026,0,-0.511950,-0.428845,1.957000,0.9547,0,0.427757,-0.549857,1.804000,0.9464,0,-0.626317,-0.596973,1.830000,0.9860,0,0.047749,0.041193,1.926000,0.9981,0,-0.186621,0.057975,1.957000,0.9987,0
551,18.379835,1,0.060429,-0.523584,1.926000,0.9998,0,-0.266915,-0.483839,1.932000,0.9997,0,0.289208,-0.433958,1.951000,0.9026,0,-0.506979,-0.424681,1.938000,0.9540,0,0.427757,-0.549857,1.804000,0.9466,0,-0.626317,-0.596973,1.830000,0.9856,0,0.047625,0.041086,1.921000,0.9981,0,-0.186621,0.057975,1.957000,0.9987,0
552,18.413193,1,0.060805,-0.526846,1.938000,0.9998,0,-0.266086,-0.482337,1.926000,0.9997,0,0.289208,-0.433958,1.951000,0.9020,0,-0.508549,-0.425996,1.944000,0.9532,0,0.426572,-0.548333,1.799000,0.9465,0,-0.622894,-0.593711,1.820000,0.9852,0,0.047327,0.040829,1.909000,0.9981,0,-0.186049,0.057798,1.951000,0.9987,0
553,18.446550,1,0.060429,-0.523584,1.926000,0.9998,0,-0.266915,-0.483839,1.932000,0.9997,0,0.287281,-0.431066,1.938000,0.9042,0,-0.506979,-0.424681,1.938000,0.9539,0,0.425386,-0.546809,1.794000,0.9471,0,-0.622894,-0.593711,1.820000,0.9850,0,0.047749,0.041193,1.926000,0.9981,0,-0.184809,0.060605,1.938000,0.9987,0
554,18.479908,1,0.060429,-0.523584,1.926000,0.9998,0,-0.266915,-0.483839,1.932000,0.9997,0,0.285503,-0.428397,1.926000,0.9038,0,-0.502532,-0.420956,1.921000,0.9540,0,0.427757,-0.549857,1.804000,0.9469,0,-0.622894,-0.593711,1.820000,0.9851,0,0.047327,0.040829,1.909000,0.9981,0,-0.188338,0.061762,1.975000,0.9987,0
555,18.513265,1,0.060272,-0.522225,1.921000,0.9998,0,-0.267744,-0.485342,1.938000,0.9997,0,0.291877,-0.437962,1.969000,0.9032,0,-0.510380,-0.427530,1.951000,0.9542,0,0.427757,-0.549857,1.804000,0.9466,0,-0.624605,-0.595342,1.825000,0.9855,0,0.047625,0.041086,1.921000,0.9981,0,-0.187193,0.061387,1.963000,0.9987,0
556,18.546623,1,0.060084,-0.520594,1.915000,0.9998,0,-0.267744,-0.485342,1.938000,0.9997,0,0.290098,-0.435292,1.957000,0.9003,0,-0.510380,-0.427530,1.951000,0.9533,0,0.425386,-0.546809,1.794000,0.9448,0,-0.622894,-0.593711,1.820000,0.9853,0,0.047897,0.041321,1.932000,0.9981,0,-0.187193,0.058153,1.963000,0.9987,0
557,18.579980,1,0.060429,-0.523584,1.926000,0.9998,0,-0.267744,-0.485342,1.938000,0.9997,0,0.287281,-0.431066,1.938000,0.9010,0,-0.510380,-0.427530,1.951000,0.9534,0,0.427757,-0.549857,1.804000,0.9450,0,-0.628370,-0.598931,1.836000,0.9851,0,0.051236,0.041449,1.938000,0.9980,0,-0.186621,0.061199,1.957000,0.9987,0
558,18.613337,1,0.060429,-0.523584,1.926000,0.9998,0,-0.266086,-0.479164,1.926000,0.9997,0,0.287281,-0.431066,1.938000,0.8988,0,-0.510380,-0.427530,1.951000,0.9528,0,0.425386,-0.546809,1.794000,0.9443,0,-0.626317,-0.596973,1.830000,0.9851,0,0.050628,0.040957,1.915000,0.9981,0,-0.186049,0.061012,1.951000,0.9987,0
559,18.646695,1,0.060084,-0.520594,1.915000,0.9998,0,-0.266915,-0.480656,1.932000,0.9997,0,0.288171,-0.432401,1.944000,0.8986,0,-0.506979,-0.427874,1.938000,0.9533,0,0.428943,-0.551381,1.809000,0.9444,0,-0.624605,-0.595342,1.825000,0.9853,0,0.047476,0.040957,1.915000,0.9980,0,-0.186049,0.061012,1.951000,0.9987,0
560,18.680052,1,0.060272,-0.522225,1.921000,0.9998,0,-0.268573,-0.486844,1.944000,0.9997,0,0.286392,-0.429732,1.932000,0.9016,0,-0.508549,-0.429198,1.944000,0.9539,0,0.428943,-0.551381,1.809000,0.9463,0,-0.624605,-0.595342,1.825000,0.9855,0,0.047897,0.041321,1.932000,0.9981,0,-0.188338,0.061762,1.975000,0.9987,0
561,18.713410,1,0.060429,-0.523584,1.926000,0.9998,0,-0.266915,-0.483839,1.932000,0.9997,0,0.288171,-0.432401,1.944000,0.9028,0,-0.511950,-0.432068,1.957000,0.9541,0,0.426572,-0.548333,1.799000,0.9474,0,-0.622894,-0.593711,1.820000,0.9855,0,0.050919,0.041193,1.926000,0.9981,0,-0.187766,0.061575,1.969000,0.9987,0
562,18.746767,1,0.060805,-0.526846,1.938000,0.9998,0,-0.266915,-0.483839,1.932000,0.9997,0,0.286392,-0.429732,1.932000,0.8994,0,-0.511950,-0.432068,1.957000,0.9533,0,0.427757,-0.549857,1.804000,0.9460,0,-0.623826,-0.591754,1.814000,0.9853,0,0.050787,0.041086,1.921000,0.9981,0,-0.187766,0.061575,1.969000,0.9987,0
563,18.780125,1,0.060084,-0.520594,1.915000,0.9998,0,-0.267744,-0.485342,1.938000,0.9997,0,0.289208,-0.433958,1.951000,0.9010,0,-0.505410,-0.426549,1.932000,0.9527,0,0.430128,-0.552905,1.814000,0.9475,0,-0.625890,-0.593711,1.820000,0.9853,0,0.047749,0.041193,1.926000,0.9981,0,-0.187766,0.058331,1.969000,0.9987,0
564,18.813482,1,0.060617,-0.525215,1.932000,0.9998,0,-0.268573,-0.486844,1.944000,0.9997,0,0.290098,-0.435292,1.957000,0.9042,0,-0.510380,-0.430744,1.951000,0.9535,0,0.430128,-0.552905,1.814000,0.9493,0,-0.623826,-0.591754,1.814000,0.9853,0,0.050919,0.041193,1.926000,0.9981,0,-0.187193,0.061387,1.963000,0.9987,0
565,18.846840,1,0.060429,-0.523584,1.926000,0.9998,0,-0.267744,-0.485342,1.938000,0.9997,0,0.289208,-0.433958,1.951000,0.9047,0,-0.505410,-0.426549,1.932000,0.9533,0,0.426572,-0.548333,1.799000,0.9501,0,-0.623826,-0.591754,1.814000,0.9851,0,0.050919,0.041193,1.926000,0.9982,0,-0.186049,0.061012,1.951000,0.9987,0
566,18.880197,1,0.060805,-0.526846,1.938000,0.9998,0,-0.266915,-0.480656,1.932000,0.9997,0,0.285503,-0.428397,1.926000,0.9026,0,-0.511950,-0.432068,1.957000,0.9527,0,0.426572,-0.548333,1.799000,0.9487,0,-0.625890,-0.593711,1.820000,0.9849,0,0.050787,0.041086,1.921000,0.9981,0,-0.186621,0.061199,1.957000,0.9987,0
567,18.913555,1,0.060272,-0.522225,1.921000,0.9998,0,-0.265396,-0.477920,1.921000,0.9997,0,0.290987,-0.436627,1.963000,0.9033,0,-0.508549,-0.429198,1.944000,0.9520,0,0.428943,-0.548401,1.809000,0.9489,0,-0.619901,-0.585230,1.794000,0.9844,0,0.050919,0.041193,1.926000,0.9982,0,-0.189005,0.061981,1.982000,0.9987,0
568,18.946912,1,0.060272,-0.522225,1.921000,0.9998,0,-0.267744,-0.482149,1.938000,0.9997,0,0.283212,-0.429732,1.932000,0.9013,0,-0.503840,-0.425224,1.926000,0.9506,0,0.430128,-0.549917,1.814000,0.9478,0,-0.621629,-0.583897,1.799000,0.9834,0,0.047749,0.041193,1.926000,0.9982,0,-0.185382,0.057590,1.944000,0.9987,0
569,18.980270,1,0.060805,-0.526846,1.938000,0.9998,0,-0.266915,-0.480656,1.932000,0.9997,0,0.287281,-0.431066,1.938000,0.9049,0,-0.506979,-0.431066,1.938000,0.9517,0,0.431551,-0.551735,1.820000,0.9494,0,-0.624590,-0.583897,1.799000,0.9832,0,0.050919,0.041193,1.926000,0.9982,0,-0.184809,0.060605,1.938000,0.9987,0
570,19.013627,1,0.060994,-0.528478,1.944000,0.9998,0,-0.269540,-0.485383,1.951000,0.9997,0,0.284092,-0.431066,1.938000,0.9044,0,-0.506979,-0.431066,1.938000,0.9505,0,0.430128,-0.549917,1.814000,0.9495,0,-0.622854,-0.582274,1.794000,0.9827,0,0.050919,0.041193,1.926000,0.9983,0,-0.187766,0.061575,1.969000,0.9988,0
571,19.046985,1,0.060272,-0.522225,1.921000,0.9998,0,-0.266915,-0.480656,1.932000,0.9997,0,0.290098,-0.435292,1.957000,0.9052,0,-0.506979,-0.431066,1.938000,0.9500,0,0.428943,-0.548401,1.809000,0.9502,0,-0.619035,-0.575767,1.783000,0.9824,0,0.051077,0.041321,1.932000,0.9983,0,-0.189005,0.061981,1.982000,0.9988,0
572,19.080342,1,0.060617,-0.525215,1.932000,0.9998,0,-0.265396,-0.477920,1.921000,0.9997,0,0.289208,-0.433958,1.951000,0.9008,0,-0.513519,-0.436627,1.963000,0.9488,0,0.427757,-0.546885,1.804000,0.9469,0,-0.621970,-0.572829,1.783000,0.9817,0,0.051236,0.044642,1.938000,0.9983,0,-0.187193,0.061387,1.963000,0.9988,0
573,19.113700,1,0.060429,-0.523584,1.926000,0.9998,0,-0.267744,-0.482149,1.938000,0.9997,0,0.289208,-0.433958,1.951000,0.9026,0,-0.500962,-0.425950,1.915000,0.9485,0,0.427757,-0.543913,1.804000,0.9475,0,-0.620226,-0.568294,1.778000,0.9813,0,0.050787,0.044250,1.921000,0.9983,0,-0.187193,0.061387,1.963000,0.9988,0
574,19.147057,1,0.060429,-0.523584,1.926000,0.9998,0,-0.272751,-0.485383,1.951000,0.9997,0,0.290098,-0.435292,1.957000,0.9055,0,-0.503840,-0.428397,1.926000,0.9485,0,0.428943,-0.545421,1.809000,0.9491,0,-0.613249,-0.559005,1.758000,0.9807,0,0.047749,0.044365,1.926000,0.9983,0,-0.187193,0.061387,1.963000,0.9988,0
575,19.180415,1,0.063995,-0.526846,1.938000,0.9999,0,-0.272751,-0.485383,1.951000,0.9997,0,0.290098,-0.435292,1.957000,0.9075,0,-0.503840,-0.431570,1.926000,0.9479,0,0.427757,-0.543913,1.804000,0.9499,0,-0.617895,-0.557691,1.763000,0.9797,0,0.047749,0.044365,1.926000,0.9984,0,-0.187766,0.061575,1.969000,0.9988,0
576,19.213772,1,0.065448,-0.538808,1.982000,0.9999,0,-0.269256,-0.479164,1.926000,0.9997,0,0.288171,-0.429198,1.944000,0.9087,0,-0.502532,-0.430450,1.921000,0.9475,0,0.427757,-0.543913,1.804000,0.9505,0,-0.616142,-0.553213,1.758000,0.9791,0,0.048046,0.044642,1.938000,0.9984,0,-0.187193,0.061387,1.963000,0.9989,0
577,19.247130,1,0.063434,-0.522225,1.921000,0.9999,0,-0.270934,-0.482149,1.938000,0.9997,0,0.290987,-0.433393,1.963000,0.9031,0,-0.502532,-0.430450,1.921000,0.9440,0,0.431551,-0.548737,1.820000,0.9466,0,-0.614390,-0.545864,1.753000,0.9759,0,0.047749,0.044365,1.926000,0.9985,0,-0.189005,0.061981,1.982000,0.9989,0
578,19.280487,1,0.064193,-0.528478,1.944000,0.9999,0,-0.271773,-0.483642,1.944000,0.9997,0,0.291877,-0.434718,1.969000,0.9071,0,-0.497823,-0.426416,1.903000,0.9452,0,0.427757,-0.543913,1.804000,0.9485,0,-0.612638,-0.541427,1.748000,0.9759,0,0.047749,0.044365,1.926000,0.9985,0,-0.187193,0.061387,1.963000,0.9989,0
579,19.313844,1,0.063995,-0.526846,1.938000,0.9999,0,-0.272751,-0.485383,1.951000,0.9997,0,0.290098,-0.432068,1.957000,0.9038,0,-0.502230,-0.432915,1.932000,0.9432,0,0.428943,-0.545421,1.809000,0.9476,0,-0.609483,-0.538639,1.739000,0.9762,0,0.047749,0.044365,1.926000,0.9985,0,-0.188338,0.061762,1.975000,0.9989,0
580,19.347202,1,0.060805,-0.526846,1.938000,0.9999,0,-0.270934,-0.482149,1.938000,0.9997,0,0.290098,-0.432068,1.957000,0.8964,0,-0.497811,-0.429105,1.915000,0.9402,0,0.428943,-0.545421,1.809000,0.9404,0,-0.609483,-0.535775,1.739000,0.9724,0,0.048046,0.044642,1.938000,0.9986,0,-0.184809,0.060605,1.938000,0.9989,0
581,19.380559,1,0.060084,-0.517439,1.915000,0.9998,0,-0.270095,-0.480656,1.932000,0.9997,0,0.290098,-0.432068,1.957000,0.8963,0,-0.499370,-0.430450,1.921000,0.9409,0,0.428943,-0.545421,1.809000,0.9389,0,-0.606621,-0.532910,1.739000,0.9729,0,0.047625,0.044250,1.921000,0.9986,0,-0.187193,0.061387,1.963000,0.9990,0
582,19.413916,1,0.060429,-0.520411,1.926000,0.9998,0,-0.270934,-0.482149,1.938000,0.9997,0,0.289208,-0.430744,1.951000,0.8889,0,-0.497811,-0.429105,1.915000,0.9388,0,0.428943,-0.542440,1.809000,0.9331,0,-0.603133,-0.526997,1.729000,0.9722,0,0.047625,0.044250,1.921000,0.9986,0,-0.187766,0.061575,1.969000,0.9990,0
583,19.447273,1,0.060805,-0.523654,1.938000,0.9998,0,-0.269256,-0.482337,1.926000,0.9997,0,0.289208,-0.430744,1.951000,0.8928,0,-0.500600,-0.434259,1.938000,0.9396,0,0.431551,-0.545739,1.820000,0.9345,0,-0.598249,-0.522730,1.715000,0.9717,0,0.047749,0.044365,1.926000,0.9986,0,-0.186049,0.061012,1.951000,0.9990,0
584,19.480630,1,0.063599,-0.520411,1.926000,0.9998,0,-0.270934,-0.485342,1.938000,0.9997,0,0.288171,-0.429198,1.944000,0.8937,0,-0.499050,-0.432915,1.932000,0.9386,0,0.427757,-0.540941,1.804000,0.9354,0,-0.601389,-0.522633,1.724000,0.9717,0,0.047749,0.044365,1.926000,0.9986,0,-0.184809,0.060605,1.938000,0.9990,0
585,19.513988,1,0.060272,-0.519060,1.921000,0.9998,0,-0.270095,-0.483839,1.932000,0.9997,0,0.292766,-0.436043,1.975000,0.8903,0,-0.496208,-0.430450,1.921000,0.9349,0,0.430128,-0.543940,1.814000,0.9329,0,-0.596505,-0.515572,1.710000,0.9676,0,0.048195,0.044780,1.944000,0.9987,0,-0.186049,0.061012,1.951000,0.9990,0
586,19.547345,1,0.060429,-0.520411,1.926000,0.9999,0,-0.270095,-0.483839,1.932000,0.9997,0,0.287281,-0.427874,1.938000,0.8915,0,-0.497500,-0.431570,1.926000,0.9333,0,0.429733,-0.547238,1.825000,0.9340,0,-0.599993,-0.515753,1.720000,0.9670,0,0.047749,0.044365,1.926000,0.9987,0,-0.189005,0.061981,1.982000,0.9991,0
587,19.580702,1,0.060272,-0.519060,1.921000,0.9998,0,-0.269256,-0.482337,1.926000,0.9997,0,0.290987,-0.433393,1.963000,0.8870,0,-0.494659,-0.429105,1.915000,0.9309,0,0.428555,-0.545739,1.820000,0.9284,0,-0.598249,-0.511429,1.715000,0.9651,0,0.047749,0.044365,1.926000,0.9988,0,-0.189577,0.062169,1.988000,0.9991,0
588,19.614059,1,0.060805,-0.523654,1.938000,0.9999,0,-0.271773,-0.486844,1.944000,0.9997,0,0.290098,-0.432068,1.957000,0.8864,0,-0.493047,-0.430450,1.921000,0.9270,0,0.427143,-0.540951,1.814000,0.9286,0,-0.596505,-0.507120,1.710000,0.9603,0,0.047749,0.044365,1.926000,0.9988,0,-0.187193,0.061387,1.963000,0.9991,0
589,19.647416,1,0.060084,-0.517439,1.915000,0.9999,0,-0.270934,-0.485342,1.938000,0.9997,0,0.289208,-0.430744,1.951000,0.8870,0,-0.493047,-0.430450,1.921000,0.9266,0,0.427143,-0.540951,1.814000,0.9274,0,-0.596505,-0.504303,1.710000,0.9580,0,0.047476,0.044112,1.915000,0.9988,0,-0.188338,0.061762,1.975000,0.9991,0
590,19.680773,1,0.063995,-0.523654,1.938000,0.9999,0,-0.270934,-0.485342,1.938000,0.9997,0,0.289208,-0.430744,1.951000,0.8842,0,-0.494330,-0.431570,1.926000,0.9228,0,0.428555,-0.542741,1.820000,0.9255,0,-0.594761,-0.502829,1.705000,0.9562,0,0.047749,0.044365,1.926000,0.9989,0,-0.188338,0.061762,1.975000,0.9991,0
591,19.714130,1,0.063599,-0.520411,1.926000,0.9999,0,-0.270095,-0.483839,1.932000,0.9997,0,0.289208,-0.430744,1.951000,0.8778,0,-0.495870,-0.432915,1.932000,0.9181,0,0.429733,-0.544232,1.825000,0.9186,0,-0.596505,-0.504303,1.710000,0.9492,0,0.047749,0.044365,1.926000,0.9989,0,-0.188338,0.061762,1.975000,0.9992,0
592,19.747487,1,0.063599,-0.520411,1.926000,0.9999,0,-0.270095,-0.483839,1.932000,0.9997,0,0.290987,-0.433393,1.963000,0.8796,0,-0.495870,-0.432915,1.932000,0.9181,0,0.428555,-0.542741,1.820000,0.9201,0,-0.594761,-0.502829,1.705000,0.9512,0,0.047749,0.044365,1.926000,0.9989,0,-0.188338,0.061762,1.975000,0.9992,0
593,19.780844,1,0.064424,-0.527166,1.951000,0.9999,0,-0.271773,-0.486844,1.944000,0.9997,0,0.289208,-0.430744,1.951000,0.8761,0,-0.491507,-0.429105,1.915000,0.9140,0,0.428555,-0.542741,1.820000,0.9187,0,-0.594761,-0.500020,1.705000,0.9496,0,0.047749,0.044365,1.926000,0.9989,0,-0.186621,0.061199,1.957000,0.9992,0
594,19.814201,1,0.063599,-0.520411,1.926000,0.9999,0,-0.270934,-0.485342,1.938000,0.9997,0,0.289208,-0.430744,1.951000,0.8712,0,-0.494330,-0.431570,1.926000,0.9104,0,0.430910,-0.545723,1.830000,0.9149,0,-0.596505,-0.501486,1.710000,0.9484,0,0.047625,0.044250,1.921000,0.9989,0,-0.186621,0.061199,1.957000,0.9992,0
595,19.847559,1,0.063599,-0.520411,1.926000,0.9999,0,-0.270095,-0.483839,1.932000,0.9997,0,0.290098,-0.432068,1.957000,0.8725,0,-0.494330,-0.431570,1.926000,0.9101,0,0.425965,-0.539460,1.809000,0.9154,0,-0.594761,-0.500020,1.705000,0.9492,0,0.047625,0.044250,1.921000,0.9989,0,-0.185087,0.061762,1.975000,0.9992,0
596,19.880916,1,0.063797,-0.522033,1.932000,0.9999,0,-0.270934,-0.485342,1.938000,0.9997,0,0.287281,-0.424681,1.938000,0.8626,0,-0.494330,-0.431570,1.926000,0.9078,0,0.429733,-0.544232,1.825000,0.9071,0,-0.594761,-0.500020,1.705000,0.9494,0,0.047749,0.044365,1.926000,0.9989,0,-0.188338,0.061762,1.975000,0.9992,0
597,19.914273,1,0.063434,-0.519060,1.921000,0.9999,0,-0.271773,-0.486844,1.944000,0.9997,0,0.290987,-0.430159,1.963000,0.8664,0,-0.494220,-0.434259,1.938000,0.9093,0,0.429733,-0.544232,1.825000,0.9094,0,-0.594761,-0.500020,1.705000,0.9499,0,0.047897,0.044504,1.932000,0.9990,0,-0.186621,0.061199,1.957000,0.9992,0
598,19.947630,1,0.063797,-0.522033,1.932000,0.9999,0,-0.270095,-0.483839,1.932000,0.9997,0,0.290098,-0.428845,1.957000,0.8603,0,-0.489885,-0.430450,1.921000,0.9070,0,0.427143,-0.537963,1.814000,0.9065,0,-0.594761,-0.500020,1.705000,0.9491,0,0.047749,0.044365,1.926000,0.9990,0,-0.186049,0.061012,1.951000,0.9992,0
599,19.980987,1,0.063797,-0.522033,1.932000,0.9999,0,-0.271773,-0.486844,1.944000,0.9997,0,0.290987,-0.430159,1.963000,0.8543,0,-0.491160,-0.431570,1.926000,0.9033,0,0.429733,-0.544232,1.825000,0.8988,0,-0.599993,-0.504419,1.720000,0.9451,0,0.047897,0.044504,1.932000,0.9990,0,-0.184809,0.060605,1.938000,0.9993,0
600,20.014344,1,0.063434,-0.519060,1.921000,0.9999,0,-0.271773,-0.486844,1.944000,0.9997,0,0.290098,-0.428845,1.957000,0.8554,0,-0.491160,-0.431570,1.926000,0.9036,0,0.429733,-0.541225,1.825000,0.9003,0,-0.598249,-0.502953,1.715000,0.9472,0,0.047749,0.044365,1.926000,0.9990,0,-0.187193,0.061387,1.963000,0.9992,0
601,20.047701,1,0.063797,-0.522033,1.932000,0.9999,0,-0.270095,-0.483839,1.932000,0.9997,0,0.290987,-0.430159,1.963000,0.8540,0,-0.492690,-0.432915,1.932000,0.9030,0,0.430910,-0.542708,1.830000,0.8987,0,-0.594761,-0.500020,1.705000,0.9466,0,0.047749,0.044365,1.926000,0.9990,0,-0.187193,0.061387,1.963000,0.9993,0
602,20.081058,1,0.063599,-0.520411,1.926000,0.9999,0,-0.269256,-0.482337,1.926000,0.9997,0,0.290098,-0.428845,1.957000,0.8571,0,-0.492690,-0.432915,1.932000,0.9029,0,0.430910,-0.542708,1.830000,0.9016,0,-0.596505,-0.501486,1.710000,0.9473,0,0.047749,0.044365,1.926000,0.9990,0,-0.188338,0.061762,1.975000,0.9993,0
603,20.114415,1,0.063599,-0.520411,1.926000,0.9999,0,-0.270095,-0.483839,1.932000,0.9998,0,0.290098,-0.428845,1.957000,0.8544,0,-0.492690,-0.432915,1.932000,0.9017,0,0.430128,-0.537963,1.814000,0.9000,0,-0.596505,-0.501486,1.710000,0.9480,0,0.047897,0.044504,1.932000,0.9991,0,-0.187766,0.061575,1.969000,0.9993,0
604,20.147772,1,0.064424,-0.527166,1.951000,0.9999,0,-0.272751,-0.488597,1.951000,0.9997,0,0.287281,-0.424681,1.938000,0.8536,0,-0.489885,-0.430450,1.921000,0.9007,0,0.435345,-0.544487,1.836000,0.8989,0,-0.595426,-0.502953,1.715000,0.9452,0,0.047897,0.044504,1.932000,0.9991,0,-0.187193,0.061387,1.963000,0.9993,0
605,20.181129,1,0.064424,-0.527166,1.951000,0.9999,0,-0.270934,-0.485342,1.938000,0.9998,0,0.290987,-0.430159,1.963000,0.8554,0,-0.491160,-0.431570,1.926000,0.9017,0,0.432737,-0.541225,1.825000,0.9004,0,-0.595426,-0.502953,1.715000,0.9455,0,0.047749,0.044365,1.926000,0.9991,0,-0.187766,0.061575,1.969000,0.9993,0
606,20.214486,1,0.064193,-0.525275,1.944000,0.9999,0,-0.272751,-0.488597,1.951000,0.9998,0,0.291877,-0.431474,1.969000,0.8564,0,-0.488355,-0.429105,1.915000,0.9024,0,0.431551,-0.539742,1.820000,0.9011,0,-0.597162,-0.504419,1.720000,0.9441,0,0.047476,0.044112,1.915000,0.9991,0,-0.190424,0.061387,1.963000,0.9993,0
607,20.247844,1,0.063599,-0.520411,1.926000,0.9999,0,-0.272751,-0.488597,1.951000,0.9997,0,0.290098,-0.428845,1.957000,0.8642,0,-0.492690,-0.432915,1.932000,0.9063,0,0.435345,-0.544487,1.836000,0.9062,0,-0.597162,-0.504419,1.720000,0.9464,0,0.048046,0.044642,1.938000,0.9991,0,-0.187193,0.061387,1.963000,0.9993,0
608,20.281200,1,0.063038,-0.515818,1.909000,0.9999,0,-0.270934,-0.485342,1.938000,0.9998,0,0.294218,-0.430159,1.963000,0.8652,0,-0.494220,-0.434259,1.938000,0.9074,0,0.432737,-0.541225,1.825000,0.9080,0,-0.595426,-0.502953,1.715000,0.9469,0,0.047625,0.044250,1.921000,0.9991,0,-0.187766,0.061575,1.969000,0.9993,0
609,20.314558,1,0.063995,-0.523654,1.938000,0.9999,0,-0.267744,-0.485342,1.938000,0.9998,0,0.293319,-0.425621,1.957000,0.8642,0,-0.488355,-0.429105,1.915000,0.9064,0,0.435345,-0.544487,1.836000,0.9064,0,-0.591954,-0.502829,1.705000,0.9453,0,0.047625,0.044250,1.921000,0.9991,0,-0.187193,0.061387,1.963000,0.9993,0
610,20.347915,1,0.063434,-0.519060,1.921000,0.9999,0,-0.268573,-0.486844,1.944000,0.9998,0,0.294218,-0.426925,1.963000,0.8670,0,-0.488355,-0.429105,1.915000,0.9093,0,0.436934,-0.542708,1.830000,0.9090,0,-0.598551,-0.508432,1.724000,0.9468,0,0.048195,0.044780,1.944000,0.9991,0,-0.186621,0.061199,1.957000,0.9993,0
611,20.381272,1,0.063995,-0.523654,1.938000,0.9999,0,-0.268573,-0.486844,1.944000,0.9998,0,0.294218,-0.426925,1.963000,0.8708,0,-0.492690,-0.432915,1.932000,0.9121,0,0.433114,-0.537963,1.814000,0.9103,0,-0.597162,-0.510086,1.720000,0.9486,0,0.047897,0.044504,1.932000,0.9991,0,-0.187193,0.061387,1.963000,0.9993,0
612,20.414629,1,0.063434,-0.519060,1.921000,0.9999,0,-0.269540,-0.488597,1.951000,0.9998,0,0.293319,-0.425621,1.957000,0.8691,0,-0.491160,-0.431570,1.926000,0.9123,0,0.435740,-0.541225,1.825000,0.9101,0,-0.598551,-0.514112,1.724000,0.9494,0,0.047749,0.044365,1.926000,0.9991,0,-0.186049,0.061012,1.951000,0.9993,0
613,20.447987,1,0.063995,-0.523654,1.938000,0.9999,0,-0.268573,-0.486844,1.944000,0.9998,0,0.294218,-0.426925,1.963000,0.8754,0,-0.494220,-0.434259,1.938000,0.9158,0,0.436934,-0.542708,1.830000,0.9150,0,-0.600896,-0.524315,1.739000,0.9512,0,0.048046,0.044642,1.938000,0.9991,0,-0.187766,0.061575,1.969000,0.9993,0
614,20.481344,1,0.063599,-0.520411,1.926000,0.9999,0,-0.268573,-0.486844,1.944000,0.9998,0,0.292420,-0.424316,1.951000,0.8775,0,-0.489885,-0.433614,1.921000,0.9176,0,0.438367,-0.544487,1.836000,0.9161,0,-0.604006,-0.529908,1.748000,0.9525,0,0.047749,0.044365,1.926000,0.9991,0,-0.189005,0.061981,1.982000,0.9993,0
615,20.514702,1,0.063995,-0.523654,1.938000,0.9999,0,-0.266915,-0.483839,1.932000,0.9998,0,0.291370,-0.422793,1.944000,0.8771,0,-0.486723,-0.433614,1.921000,0.9185,0,0.436934,-0.542708,1.830000,0.9161,0,-0.600896,-0.527180,1.739000,0.9521,0,0.047476,0.044112,1.915000,0.9991,0,-0.187193,0.061387,1.963000,0.9993,0
616,20.548059,1,0.063995,-0.523654,1.938000,0.9999,0,-0.267744,-0.485342,1.938000,0.9998,0,0.294218,-0.426925,1.963000,0.8803,0,-0.492690,-0.436097,1.932000,0.9212,0,0.435740,-0.541225,1.825000,0.9187,0,-0.601129,-0.535668,1.748000,0.9545,0,0.047749,0.044365,1.926000,0.9991,0,-0.186621,0.061199,1.957000,0.9993,0
617,20.581416,1,0.063434,-0.519060,1.921000,0.9999,0,-0.268573,-0.486844,1.944000,0.9998,0,0.293319,-0.425621,1.957000,0.8852,0,-0.491030,-0.437452,1.938000,0.9236,0,0.436934,-0.542708,1.830000,0.9223,0,-0.606288,-0.543169,1.763000,0.9565,0,0.047749,0.044365,1.926000,0.9990,0,-0.186049,0.061012,1.951000,0.9993,0
618,20.614774,1,0.066769,-0.520411,1.926000,0.9999,0,-0.267148,-0.490100,1.957000,0.9998,0,0.293319,-0.425621,1.957000,0.8884,0,-0.491030,-0.437452,1.938000,0.9246,0,0.435740,-0.541225,1.825000,0.9260,0,-0.603386,-0.546073,1.763000,0.9585,0,0.047625,0.044250,1.921000,0.9990,0,-0.185382,0.060793,1.944000,0.9992,0
619,20.648131,1,0.067185,-0.523654,1.938000,0.9999,0,-0.264554,-0.485342,1.938000,0.9998,0,0.294218,-0.426925,1.963000,0.8881,0,-0.489510,-0.436097,1.932000,0.9258,0,0.436934,-0.542708,1.830000,0.9267,0,-0.598781,-0.547421,1.758000,0.9600,0,0.047897,0.044504,1.932000,0.9990,0,-0.186049,0.061012,1.951000,0.9992,0
620,20.681488,1,0.067393,-0.525275,1.944000,0.9999,0,-0.266329,-0.488597,1.951000,0.9998,0,0.293319,-0.425621,1.957000,0.8886,0,-0.491030,-0.437452,1.938000,0.9270,0,0.434547,-0.539742,1.820000,0.9281,0,-0.599277,-0.556360,1.768000,0.9618,0,0.050787,0.044250,1.921000,0.9989,0,-0.186621,0.061199,1.957000,0.9992,0
621,20.714846,1,0.066769,-0.520411,1.926000,0.9999,0,-0.264554,-0.485342,1.938000,0.9998,0,0.295117,-0.428230,1.969000,0.8923,0,-0.495844,-0.438516,1.957000,0.9296,0,0.434547,-0.539742,1.820000,0.9315,0,-0.603113,-0.562653,1.788000,0.9640,0,0.050919,0.044365,1.926000,0.9989,0,-0.187193,0.061387,1.963000,0.9992,0
622,20.748203,1,0.066769,-0.520411,1.926000,0.9999,0,-0.265373,-0.486844,1.944000,0.9997,0,0.295117,-0.428230,1.969000,0.8926,0,-0.495844,-0.438516,1.957000,0.9307,0,0.440993,-0.547749,1.847000,0.9329,0,-0.601427,-0.566955,1.783000,0.9655,0,0.047625,0.044250,1.921000,0.9988,0,-0.188338,0.061762,1.975000,0.9991,0
623,20.781561,1,0.066596,-0.519060,1.921000,0.9999,0,-0.266329,-0.488597,1.951000,0.9998,0,0.293319,-0.425621,1.957000,0.8915,0,-0.497365,-0.439861,1.963000,0.9307,0,0.436934,-0.542708,1.830000,0.9350,0,-0.600171,-0.571490,1.788000,0.9667,0,0.050919,0.044365,1.926000,0.9989,0,-0.185382,0.060793,1.944000,0.9991,0
624,20.814918,1,0.067185,-0.523654,1.938000,0.9999,0,-0.266329,-0.488597,1.951000,0.9997,0,0.293319,-0.428845,1.957000,0.8934,0,-0.495844,-0.435292,1.957000,0.9341,0,0.439561,-0.549003,1.841000,0.9362,0,-0.597228,-0.574436,1.788000,0.9686,0,0.050628,0.044112,1.915000,0.9988,0,-0.183962,0.061387,1.963000,0.9991,0
625,20.848275,1,0.066977,-0.522033,1.932000,0.9999,0,-0.263118,-0.485383,1.951000,0.9997,0,0.293319,-0.428845,1.957000,0.8959,0,-0.489510,-0.426549,1.932000,0.9354,0,0.435740,-0.544232,1.825000,0.9383,0,-0.600902,-0.580933,1.799000,0.9700,0,0.050919,0.044365,1.926000,0.9987,0,-0.187193,0.061387,1.963000,0.9991,0
626,20.881633,1,0.067185,-0.523654,1.938000,0.9999,0,-0.261365,-0.482149,1.938000,0.9997,0,0.295631,-0.427530,1.951000,0.8936,0,-0.494324,-0.430744,1.951000,0.9356,0,0.436934,-0.545723,1.830000,0.9382,0,-0.602572,-0.582548,1.804000,0.9709,0,0.050787,0.044250,1.921000,0.9987,0,-0.186049,0.061012,1.951000,0.9990,0
627,20.914990,1,0.067185,-0.523654,1.938000,0.9999,0,-0.260555,-0.480656,1.932000,0.9997,0,0.296540,-0.428845,1.957000,0.8911,0,-0.492551,-0.425996,1.944000,0.9356,0,0.434547,-0.545739,1.820000,0.9379,0,-0.600902,-0.580933,1.799000,0.9714,0,0.051077,0.044504,1.932000,0.9987,0,-0.184809,0.060605,1.938000,0.9990,0
628,20.948347,1,0.066596,-0.519060,1.921000,0.9999,0,-0.261365,-0.482149,1.938000,0.9997,0,0.297449,-0.430159,1.963000,0.8934,0,-0.492551,-0.425996,1.944000,0.9378,0,0.435740,-0.547238,1.825000,0.9399,0,-0.599603,-0.582548,1.804000,0.9729,0,0.051236,0.044642,1.938000,0.9987,0,-0.186305,0.062169,1.988000,0.9991,0
629,20.981705,1,0.066769,-0.520411,1.926000,0.9999,0,-0.263118,-0.485383,1.951000,0.9997,0,0.295631,-0.427530,1.951000,0.8962,0,-0.489510,-0.423366,1.932000,0.9399,0,0.435740,-0.547238,1.825000,0.9413,0,-0.602926,-0.585777,1.814000,0.9740,0,0.050628,0.044112,1.915000,0.9987,0,-0.183962,0.061387,1.963000,0.9990,0
630,21.015062,1,0.067393,-0.525275,1.944000,0.9999,0,-0.263118,-0.485383,1.951000,0.9997,0,0.297449,-0.430159,1.963000,0.8984,0,-0.495844,-0.428845,1.957000,0.9411,0,0.435740,-0.547238,1.825000,0.9434,0,-0.601265,-0.587143,1.809000,0.9751,0,0.050919,0.044365,1.926000,0.9987,0,-0.183400,0.061199,1.957000,0.9990,0
631,21.048420,1,0.066769,-0.520411,1.926000,0.9999,0,-0.261365,-0.482149,1.938000,0.9997,0,0.295631,-0.427530,1.951000,0.8996,0,-0.491030,-0.421488,1.938000,0.9434,0,0.434547,-0.545739,1.820000,0.9446,0,-0.604921,-0.590713,1.820000,0.9763,0,0.050919,0.044365,1.926000,0.9986,0,-0.185087,0.061762,1.975000,0.9990,0
632,21.081777,1,0.067393,-0.525275,1.944000,0.9999,0,-0.261365,-0.482149,1.938000,0.9997,0,0.296540,-0.428845,1.957000,0.9021,0,-0.489510,-0.420183,1.932000,0.9442,0,0.435740,-0.547238,1.825000,0.9464,0,-0.599603,-0.585520,1.804000,0.9773,0,0.050919,0.044365,1.926000,0.9986,0,-0.183400,0.061199,1.957000,0.9990,0
633,21.115134,1,0.067185,-0.523654,1.938000,0.9998,0,-0.261365,-0.482149,1.938000,0.9997,0,0.298358,-0.431474,1.969000,0.9035,0,-0.491030,-0.418296,1.938000,0.9451,0,0.433114,-0.543940,1.814000,0.9475,0,-0.606583,-0.592336,1.825000,0.9780,0,0.050787,0.044250,1.921000,0.9985,0,-0.182838,0.061012,1.951000,0.9989,0
634,21.148492,1,0.066977,-0.522033,1.932000,0.9998,0,-0.262174,-0.483642,1.944000,0.9997,0,0.296540,-0.428845,1.957000,0.9011,0,-0.491030,-0.418296,1.938000,0.9444,0,0.435740,-0.547238,1.825000,0.9465,0,-0.606583,-0.592336,1.825000,0.9780,0,0.051236,0.044642,1.938000,0.9986,0,-0.184525,0.061575,1.969000,0.9990,0
635,21.181849,1,0.067393,-0.525275,1.944000,0.9998,0,-0.260555,-0.480656,1.932000,0.9997,0,0.294570,-0.425996,1.944000,0.9034,0,-0.492551,-0.419591,1.944000,0.9458,0,0.435740,-0.547238,1.825000,0.9478,0,-0.608244,-0.593959,1.830000,0.9786,0,0.050919,0.044365,1.926000,0.9985,0,-0.184525,0.061575,1.969000,0.9989,0
636,21.215207,1,0.066769,-0.520411,1.926000,0.9998,0,-0.262174,-0.483642,1.944000,0.9997,0,0.296540,-0.428845,1.957000,0.9051,0,-0.487990,-0.415706,1.926000,0.9464,0,0.435740,-0.547238,1.825000,0.9488,0,-0.615557,-0.601099,1.852000,0.9788,0,0.050469,0.043974,1.909000,0.9985,0,-0.183400,0.061199,1.957000,0.9989,0
637,21.248564,1,0.067185,-0.523654,1.938000,0.9998,0,-0.261365,-0.482149,1.938000,0.9997,0,0.295631,-0.427530,1.951000,0.9055,0,-0.491030,-0.415103,1.938000,0.9467,0,0.433114,-0.543940,1.814000,0.9490,0,-0.617551,-0.603047,1.858000,0.9789,0,0.051077,0.044504,1.932000,0.9985,0,-0.181620,0.060605,1.938000,0.9989,0
638,21.281921,1,0.067185,-0.523654,1.938000,0.9998,0,-0.261365,-0.478956,1.938000,0.9997,0,0.294570,-0.425996,1.944000,0.9072,0,-0.495750,-0.416388,1.944000,0.9473,0,0.442591,-0.552036,1.841000,0.9498,0,-0.622869,-0.605152,1.874000,0.9793,0,0.051077,0.044504,1.932000,0.9985,0,-0.182838,0.061012,1.951000,0.9989,0
639,21.315279,1,0.067185,-0.523654,1.938000,0.9998,0,-0.260555,-0.477474,1.932000,0.9997,0,0.295631,-0.427530,1.951000,0.9094,0,-0.491160,-0.412533,1.926000,0.9481,0,0.437542,-0.545739,1.820000,0.9510,0,-0.632508,-0.614517,1.903000,0.9798,0,0.051077,0.044504,1.932000,0.9984,0,-0.185087,0.061762,1.975000,0.9989,0
640,21.348636,1,0.067636,-0.527166,1.951000,0.9998,0,-0.261365,-0.478956,1.938000,0.9997,0,0.294570,-0.425996,1.944000,0.9069,0,-0.492690,-0.413818,1.932000,0.9466,0,0.438744,-0.547238,1.825000,0.9495,0,-0.634502,-0.616455,1.909000,0.9785,0,0.050787,0.044250,1.921000,0.9985,0,-0.182838,0.061012,1.951000,0.9989,0
641,21.381993,1,0.066769,-0.520411,1.926000,0.9998,0,-0.260555,-0.477474,1.932000,0.9997,0,0.295631,-0.427530,1.951000,0.9091,0,-0.492690,-0.413818,1.932000,0.9471,0,0.438744,-0.547238,1.825000,0.9506,0,-0.636496,-0.615237,1.915000,0.9785,0,0.050919,0.044365,1.926000,0.9985,0,-0.181620,0.060605,1.938000,0.9989,0
642,21.415351,1,0.066388,-0.517439,1.915000,0.9998,0,-0.263118,-0.482169,1.951000,0.9997,0,0.295631,-0.427530,1.951000,0.9072,0,-0.492690,-0.413818,1.932000,0.9461,0,0.437542,-0.545739,1.820000,0.9494,0,-0.632508,-0.611382,1.903000,0.9779,0,0.050919,0.044365,1.926000,0.9985,0,-0.183400,0.061199,1.957000,0.9989,0
643,21.448708,1,0.066977,-0.522033,1.932000,0.9999,0,-0.259072,-0.474755,1.921000,0.9997,0,0.296540,-0.428845,1.957000,0.9105,0,-0.489885,-0.411462,1.921000,0.9472,0,0.438744,-0.547238,1.825000,0.9511,0,-0.638490,-0.614000,1.921000,0.9784,0,0.050919,0.044365,1.926000,0.9985,0,-0.182838,0.061012,1.951000,0.9989,0
644,21.482065,1,0.069939,-0.520411,1.926000,0.9999,0,-0.260555,-0.477474,1.932000,0.9997,0,0.295631,-0.424316,1.951000,0.9094,0,-0.489885,-0.411462,1.921000,0.9463,0,0.438744,-0.547238,1.825000,0.9505,0,-0.634502,-0.607020,1.909000,0.9777,0,0.050787,0.044250,1.921000,0.9986,0,-0.183400,0.061199,1.957000,0.9990,0
645,21.515422,1,0.069757,-0.519060,1.921000,0.9999,0,-0.261365,-0.478956,1.938000,0.9997,0,0.297449,-0.426925,1.963000,0.9122,0,-0.492690,-0.413818,1.932000,0.9471,0,0.438744,-0.547238,1.825000,0.9516,0,-0.645326,-0.611151,1.932000,0.9771,0,0.050919,0.044365,1.926000,0.9986,0,-0.183962,0.061387,1.963000,0.9990,0
646,21.548780,1,0.070593,-0.525275,1.944000,0.9999,0,-0.257375,-0.477474,1.932000,0.9997,0,0.296540,-0.425621,1.957000,0.9134,0,-0.491160,-0.412533,1.926000,0.9458,0,0.439946,-0.545723,1.830000,0.9517,0,-0.643322,-0.602907,1.926000,0.9760,0,0.050919,0.044365,1.926000,0.9986,0,-0.186049,0.061012,1.951000,0.9990,0
647,21.582137,1,0.069322,-0.515818,1.909000,0.9999,0,-0.257375,-0.477474,1.932000,0.9997,0,0.295631,-0.421102,1.951000,0.9129,0,-0.488355,-0.410177,1.915000,0.9430,0,0.439946,-0.545723,1.830000,0.9512,0,-0.645326,-0.595237,1.932000,0.9736,0,0.050919,0.044365,1.926000,0.9987,0,-0.186621,0.061199,1.957000,0.9990,0
648,21.615494,1,0.069540,-0.514284,1.915000,0.9999,0,-0.258175,-0.478956,1.938000,0.9997,0,0.297449,-0.423692,1.963000,0.9138,0,-0.486825,-0.408891,1.909000,0.9427,0,0.439946,-0.545723,1.830000,0.9509,0,-0.643322,-0.587042,1.926000,0.9727,0,0.050919,0.044365,1.926000,0.9986,0,-0.187766,0.061575,1.969000,0.9990,0
649,21.648851,1,0.069757,-0.515896,1.921000,0.9999,0,-0.258175,-0.478956,1.938000,0.9997,0,0.295631,-0.421102,1.951000,0.9132,0,-0.494220,-0.415103,1.938000,0.9423,0,0.441389,-0.547512,1.836000,0.9503,0,-0.651673,-0.591448,1.951000,0.9722,0,0.050919,0.041193,1.926000,0.9987,0,-0.186049,0.057798,1.951000,0.9990,0
650,21.682209,1,0.069104,-0.511062,1.903000,0.9999,0,-0.258175,-0.478956,1.938000,0.9997,0,0.297449,-0.423692,1.963000,0.9134,0,-0.491030,-0.411910,1.938000,0.9422,0,0.439946,-0.542708,1.830000,0.9479,0,-0.656439,-0.585709,1.975000,0.9687,0,0.051077,0.041321,1.932000,0.9988,0,-0.186049,0.057798,1.951000,0.9990,0
651,21.715566,1,0.070157,-0.518850,1.932000,0.9999,0,-0.258974,-0.480439,1.944000,0.9997,0,0.294570,-0.416388,1.944000,0.9154,0,-0.492623,-0.415949,1.957000,0.9427,0,0.444033,-0.547749,1.847000,0.9461,0,-0.648462,-0.568950,1.951000,0.9646,0,0.050628,0.040957,1.915000,0.9988,0,-0.188338,0.058509,1.975000,0.9991,0
652,21.748923,1,0.069322,-0.512673,1.909000,0.9999,0,-0.258175,-0.478956,1.938000,0.9997,0,0.294570,-0.416388,1.944000,0.9129,0,-0.491113,-0.411459,1.951000,0.9373,0,0.438744,-0.541225,1.825000,0.9428,0,-0.648462,-0.562521,1.951000,0.9531,0,0.050787,0.037921,1.921000,0.9989,0,-0.184809,0.057413,1.938000,0.9991,0
653,21.782281,1,0.070375,-0.520461,1.938000,0.9999,0,-0.257375,-0.477474,1.932000,0.9997,0,0.295631,-0.417887,1.951000,0.9147,0,-0.484820,-0.403014,1.926000,0.9372,0,0.438744,-0.541225,1.825000,0.9421,0,-0.646135,-0.557301,1.944000,0.9477,0,0.050919,0.038020,1.926000,0.9989,0,-0.187193,0.058153,1.963000,0.9991,0
654,21.815638,1,0.069757,-0.515896,1.921000,0.9999,0,-0.258175,-0.478956,1.938000,0.9997,0,0.294570,-0.416388,1.944000,0.9160,0,-0.484651,-0.402332,1.938000,0.9359,0,0.438744,-0.541225,1.825000,0.9408,0,-0.648462,-0.552879,1.951000,0.9413,0,0.050628,0.037802,1.915000,0.9989,0,-0.187766,0.058331,1.969000,0.9992,0
655,21.848995,1,0.069322,-0.512673,1.909000,0.9999,0,-0.258974,-0.480439,1.944000,0.9997,0,0.296540,-0.419173,1.957000,0.9196,0,-0.483150,-0.397904,1.932000,0.9359,0,0.444033,-0.547749,1.847000,0.9420,0,-0.652450,-0.556280,1.963000,0.9373,0,0.047749,0.038020,1.926000,0.9990,0,-0.186621,0.057975,1.957000,0.9992,0
656,21.882352,1,0.069939,-0.517238,1.926000,0.9999,0,-0.258974,-0.480439,1.944000,0.9997,0,0.293661,-0.415103,1.938000,0.9197,0,-0.489402,-0.403053,1.957000,0.9333,0,0.441389,-0.544487,1.836000,0.9400,0,-0.644141,-0.546003,1.938000,0.9295,0,0.047327,0.037684,1.909000,0.9990,0,-0.185382,0.057590,1.944000,0.9992,0
657,21.915709,1,0.070593,-0.522072,1.944000,0.9999,0,-0.258175,-0.478956,1.938000,0.9997,0,0.296540,-0.419173,1.957000,0.9229,0,-0.480399,-0.395638,1.921000,0.9344,0,0.442591,-0.545970,1.841000,0.9412,0,-0.648462,-0.549665,1.951000,0.9283,0,0.047749,0.038020,1.926000,0.9991,0,-0.188338,0.058509,1.975000,0.9992,0
658,21.949067,1,0.069939,-0.517238,1.926000,0.9999,0,-0.259907,-0.482169,1.951000,0.9997,0,0.295631,-0.417887,1.951000,0.9254,0,-0.484651,-0.395947,1.938000,0.9347,0,0.445235,-0.549232,1.852000,0.9418,0,-0.652450,-0.553046,1.963000,0.9257,0,0.047749,0.038020,1.926000,0.9991,0,-0.186049,0.057798,1.951000,0.9993,0
659,21.982424,1,0.071065,-0.525564,1.957000,0.9999,0,-0.259907,-0.482169,1.951000,0.9997,0,0.296540,-0.419173,1.957000,0.9261,0,-0.486151,-0.397173,1.944000,0.9345,0,0.446678,-0.551012,1.858000,0.9413,0,-0.650456,-0.551355,1.957000,0.9240,0,0.047476,0.037802,1.915000,0.9991,0,-0.189005,0.058716,1.982000,0.9993,0
660,22.015781,1,0.069939,-0.517238,1.926000,0.9999,0,-0.258175,-0.478956,1.938000,0.9997,0,0.298358,-0.421743,1.969000,0.9281,0,-0.489402,-0.399829,1.957000,0.9354,0,0.444033,-0.547749,1.847000,0.9418,0,-0.648462,-0.549665,1.951000,0.9219,0,0.051077,0.041321,1.932000,0.9991,0,-0.187193,0.058153,1.963000,0.9993,0
661,22.049138,1,0.070593,-0.522072,1.944000,0.9999,0,-0.258175,-0.478956,1.938000,0.9997,0,0.295631,-0.417887,1.951000,0.9276,0,-0.490903,-0.401055,1.963000,0.9340,0,0.445235,-0.549232,1.852000,0.9406,0,-0.650456,-0.551355,1.957000,0.9194,0,0.047749,0.038020,1.926000,0.9991,0,-0.187193,0.058153,1.963000,0.9993,0
662,22.082496,1,0.070593,-0.522072,1.944000,0.9999,0,-0.258175,-0.478956,1.938000,0.9997,0,0.295631,-0.417887,1.951000,0.9266,0,-0.480399,-0.392474,1.921000,0.9320,0,0.446678,-0.554072,1.858000,0.9393,0,-0.644141,-0.546003,1.938000,0.9148,0,0.047749,0.038020,1.926000,0.9992,0,-0.187193,0.058153,1.963000,0.9993,0
663,22.115853,1,0.069939,-0.517238,1.926000,0.9999,0,-0.258175,-0.478956,1.938000,0.9997,0,0.296540,-0.419173,1.957000,0.9260,0,-0.484651,-0.395947,1.938000,0.9289,0,0.446678,-0.554072,1.858000,0.9390,0,-0.646135,-0.547693,1.944000,0.9121,0,0.047749,0.038020,1.926000,0.9992,0,-0.187193,0.058153,1.963000,0.9993,0
664,22.149210,1,0.070157,-0.518850,1.932000,0.9999,0,-0.258974,-0.480439,1.944000,0.9997,0,0.295631,-0.421102,1.951000,0.9259,0,-0.481650,-0.393495,1.926000,0.9278,0,0.444033,-0.550792,1.847000,0.9388,0,-0.645326,-0.544312,1.932000,0.9096,0,0.050787,0.037921,1.921000,0.9992,0,-0.187766,0.058331,1.969000,0.9993,0
665,22.182568,1,0.069939,-0.517238,1.926000,0.9999,0,-0.257375,-0.477474,1.932000,0.9997,0,0.296540,-0.422397,1.957000,0.9279,0,-0.493904,-0.403506,1.975000,0.9285,0,0.445235,-0.552283,1.852000,0.9407,0,-0.645326,-0.544312,1.932000,0.9114,0,0.050787,0.037921,1.921000,0.9992,0,-0.186621,0.057975,1.957000,0.9993,0
666,22.215925,1,0.071065,-0.525564,1.957000,0.9999,0,-0.258974,-0.477237,1.944000,0.9997,0,0.294570,-0.419591,1.944000,0.9280,0,-0.481650,-0.393495,1.926000,0.9291,0,0.444033,-0.550792,1.847000,0.9398,0,-0.643322,-0.542622,1.926000,0.9102,0,0.050628,0.037802,1.915000,0.9992,0,-0.186621,0.057975,1.957000,0.9993,0
667,22.249282,1,0.069540,-0.514284,1.915000,0.9999,0,-0.258175,-0.475764,1.938000,0.9997,0,0.295631,-0.421102,1.951000,0.9289,0,-0.483150,-0.394721,1.932000,0.9303,0,0.444033,-0.550792,1.847000,0.9402,0,-0.643322,-0.542622,1.926000,0.9116,0,0.050628,0.037802,1.915000,0.9992,0,-0.187193,0.058153,1.963000,0.9993,0
668,22.282639,1,0.069939,-0.517238,1.926000,0.9999,0,-0.258175,-0.475764,1.938000,0.9997,0,0.295631,-0.421102,1.951000,0.9308,0,-0.489402,-0.399829,1.957000,0.9312,0,0.446678,-0.557133,1.858000,0.9423,0,-0.643322,-0.542622,1.926000,0.9143,0,0.051077,0.038138,1.932000,0.9992,0,-0.187193,0.058153,1.963000,0.9993,0
669,22.315997,1,0.069939,-0.517238,1.926000,0.9999,0,-0.258175,-0.475764,1.938000,0.9997,0,0.296540,-0.422397,1.957000,0.9306,0,-0.489402,-0.399829,1.957000,0.9313,0,0.446678,-0.557133,1.858000,0.9422,0,-0.647331,-0.546003,1.938000,0.9157,0,0.051077,0.038138,1.932000,0.9992,0,-0.187193,0.058153,1.963000,0.9993,0
670,22.349354,1,0.070157,-0.518850,1.932000,0.9999,0,-0.258175,-0.475764,1.938000,0.9997,0,0.294570,-0.419591,1.944000,0.9320,0,-0.486151,-0.397173,1.944000,0.9319,0,0.449322,-0.560432,1.869000,0.9430,0,-0.647331,-0.546003,1.938000,0.9162,0,0.050919,0.038020,1.926000,0.9992,0,-0.182838,0.054584,1.951000,0.9993,0
671,22.382711,1,0.070157,-0.518850,1.932000,0.9999,0,-0.257375,-0.474291,1.932000,0.9997,0,0.295631,-0.421102,1.951000,0.9314,0,-0.492403,-0.402280,1.969000,0.9324,0,0.449322,-0.560432,1.869000,0.9418,0,-0.637644,-0.537832,1.909000,0.9159,0,0.050919,0.038020,1.926000,0.9992,0,-0.186049,0.054584,1.951000,0.9993,0
672,22.416068,1,0.069939,-0.517238,1.926000,0.9999,0,-0.258974,-0.477237,1.944000,0.9997,0,0.295631,-0.421102,1.951000,0.9309,0,-0.484651,-0.395947,1.938000,0.9324,0,0.444033,-0.553835,1.847000,0.9394,0,-0.645326,-0.544312,1.932000,0.9129,0,0.050919,0.038020,1.926000,0.9992,0,-0.187766,0.055087,1.969000,0.9993,0
673,22.449425,1,0.071065,-0.525564,1.957000,0.9999,0,-0.258175,-0.475764,1.938000,0.9997,0,0.297449,-0.423692,1.963000,0.9317,0,-0.480399,-0.392474,1.921000,0.9333,0,0.446678,-0.557133,1.858000,0.9397,0,-0.645326,-0.544312,1.932000,0.9131,0,0.051236,0.038256,1.938000,0.9992,0,-0.187193,0.054919,1.963000,0.9993,0
674,22.482782,1,0.069757,-0.515896,1.921000,0.9999,0,-0.258175,-0.475764,1.938000,0.9997,0,0.296540,-0.422397,1.957000,0.9327,0,-0.478899,-0.391248,1.915000,0.9344,0,0.445235,-0.555334,1.852000,0.9396,0,-0.641652,-0.541213,1.921000,0.9122,0,0.050919,0.038020,1.926000,0.9992,0,-0.185382,0.054388,1.944000,0.9993,0
675,22.516139,1,0.070593,-0.522072,1.944000,0.9999,0,-0.257375,-0.474291,1.932000,0.9996,0,0.295631,-0.421102,1.951000,0.9335,0,-0.487902,-0.401817,1.951000,0.9356,0,0.445235,-0.555334,1.852000,0.9401,0,-0.641652,-0.544378,1.921000,0.9139,0,0.051580,0.038513,1.951000,0.9992,0,-0.188338,0.058509,1.975000,0.9993,0
676,22.549497,1,0.070375,-0.520461,1.938000,0.9999,0,-0.258175,-0.475764,1.938000,0.9997,0,0.295631,-0.421102,1.951000,0.9320,0,-0.489351,-0.400375,1.944000,0.9346,0,0.441389,-0.550537,1.836000,0.9399,0,-0.645326,-0.550678,1.932000,0.9148,0,0.051236,0.038256,1.938000,0.9992,0,-0.186621,0.057975,1.957000,0.9993,0
677,22.582854,1,0.070157,-0.518850,1.932000,0.9999,0,-0.257375,-0.474291,1.932000,0.9997,0,0.295631,-0.421102,1.951000,0.9326,0,-0.492623,-0.406277,1.957000,0.9359,0,0.442591,-0.552036,1.841000,0.9408,0,-0.648506,-0.553860,1.932000,0.9160,0,0.050469,0.037684,1.909000,0.9992,0,-0.186621,0.057975,1.957000,0.9992,0
678,22.616211,1,0.067393,-0.522072,1.944000,0.9999,0,-0.258175,-0.475764,1.938000,0.9997,0,0.296540,-0.422397,1.957000,0.9348,0,-0.498885,-0.412012,1.969000,0.9379,0,0.439946,-0.548737,1.830000,0.9432,0,-0.646492,-0.555313,1.926000,0.9203,0,0.050919,0.038020,1.926000,0.9991,0,-0.186621,0.057975,1.957000,0.9992,0
679,22.649568,1,0.067185,-0.520461,1.938000,0.9999,0,-0.259907,-0.482169,1.951000,0.9997,0,0.296540,-0.425621,1.957000,0.9359,0,-0.491030,-0.405525,1.938000,0.9394,0,0.439946,-0.548737,1.830000,0.9443,0,-0.650520,-0.561966,1.938000,0.9235,0,0.050787,0.037921,1.921000,0.9991,0,-0.188338,0.058509,1.975000,0.9992,0
680,22.682925,1,0.066388,-0.514284,1.915000,0.9999,0,-0.257375,-0.477474,1.932000,0.9997,0,0.294570,-0.422793,1.944000,0.9354,0,-0.494324,-0.411459,1.951000,0.9396,0,0.441389,-0.550537,1.836000,0.9441,0,-0.649662,-0.558486,1.926000,0.9250,0,0.050787,0.037921,1.921000,0.9991,0,-0.187193,0.054919,1.963000,0.9992,0
681,22.716282,1,0.070593,-0.522072,1.944000,0.9999,0,-0.258175,-0.478956,1.938000,0.9997,0,0.295631,-0.424316,1.951000,0.9346,0,-0.492551,-0.409983,1.944000,0.9402,0,0.444033,-0.553835,1.847000,0.9428,0,-0.645952,-0.558451,1.915000,0.9257,0,0.047476,0.037802,1.915000,0.9991,0,-0.187193,0.054919,1.963000,0.9992,0
682,22.749639,1,0.070157,-0.518850,1.932000,0.9999,0,-0.263927,-0.483652,1.957000,0.9997,0,0.295631,-0.424316,1.951000,0.9344,0,-0.491030,-0.411910,1.938000,0.9406,0,0.442591,-0.552036,1.841000,0.9439,0,-0.647976,-0.563366,1.921000,0.9286,0,0.047476,0.037802,1.915000,0.9991,0,-0.186049,0.054584,1.951000,0.9992,0
683,22.782996,1,0.069939,-0.520411,1.926000,0.9999,0,-0.262174,-0.483642,1.944000,0.9997,0,0.295631,-0.424316,1.951000,0.9341,0,-0.492551,-0.413186,1.944000,0.9420,0,0.439946,-0.551752,1.830000,0.9440,0,-0.645952,-0.564761,1.915000,0.9316,0,0.047897,0.038138,1.932000,0.9991,0,-0.186049,0.054584,1.951000,0.9992,0
684,22.816354,1,0.069322,-0.515818,1.909000,0.9999,0,-0.260555,-0.480656,1.932000,0.9997,0,0.295631,-0.424316,1.951000,0.9358,0,-0.495750,-0.416388,1.944000,0.9433,0,0.447073,-0.556878,1.847000,0.9461,0,-0.645952,-0.571070,1.915000,0.9348,0,0.047897,0.038138,1.932000,0.9991,0,-0.187193,0.054919,1.963000,0.9992,0
685,22.849711,1,0.066596,-0.519060,1.921000,0.9999,0,-0.259072,-0.477920,1.921000,0.9997,0,0.296540,-0.425621,1.957000,0.9363,0,-0.489885,-0.414626,1.921000,0.9442,0,0.442958,-0.551752,1.830000,0.9472,0,-0.645952,-0.574225,1.915000,0.9379,0,0.048046,0.038256,1.938000,0.9991,0,-0.186049,0.054584,1.951000,0.9992,0
686,22.883068,1,0.066180,-0.515818,1.909000,0.9999,0,-0.260555,-0.483839,1.932000,0.9997,0,0.296540,-0.428845,1.957000,0.9380,0,-0.489967,-0.412036,1.909000,0.9453,0,0.441389,-0.553561,1.836000,0.9495,0,-0.649104,-0.580535,1.915000,0.9411,0,0.047625,0.037921,1.921000,0.9990,0,-0.190424,0.054919,1.963000,0.9992,0
687,22.916425,1,0.066977,-0.522033,1.932000,0.9999,0,-0.259072,-0.484249,1.921000,0.9997,0,0.296540,-0.428845,1.957000,0.9352,0,-0.497410,-0.421488,1.938000,0.9446,0,0.447073,-0.556878,1.847000,0.9482,0,-0.652256,-0.583690,1.915000,0.9434,0,0.047749,0.034847,1.926000,0.9990,0,-0.191588,0.055255,1.975000,0.9991,0
688,22.949782,1,0.066596,-0.522225,1.921000,0.9999,0,-0.259746,-0.488682,1.926000,0.9997,0,0.293661,-0.424681,1.938000,0.9360,0,-0.497410,-0.421488,1.938000,0.9460,0,0.441389,-0.553561,1.836000,0.9490,0,-0.651301,-0.583167,1.903000,0.9456,0,0.048046,0.035064,1.938000,0.9990,0,-0.190424,0.054919,1.963000,0.9991,0
689,22.983139,1,0.066769,-0.523584,1.926000,0.9999,0,-0.264554,-0.491727,1.938000,0.9997,0,0.295631,-0.430744,1.951000,0.9366,0,-0.503958,-0.427530,1.951000,0.9473,0,0.441389,-0.553561,1.836000,0.9508,0,-0.656496,-0.591295,1.909000,0.9485,0,0.047749,0.034847,1.926000,0.9989,0,-0.189842,0.054751,1.957000,0.9991,0
690,23.016496,1,0.066388,-0.520594,1.915000,0.9999,0,-0.262234,-0.487414,1.921000,0.9997,0,0.295631,-0.430744,1.951000,0.9388,0,-0.510288,-0.433393,1.963000,0.9492,0,0.438744,-0.550245,1.825000,0.9535,0,-0.649618,-0.585410,1.880000,0.9516,0,0.047625,0.037921,1.921000,0.9989,0,-0.189260,0.054584,1.951000,0.9991,0
691,23.049853,1,0.066388,-0.520594,1.915000,0.9999,0,-0.265373,-0.496452,1.944000,0.9997,0,0.294218,-0.433393,1.963000,0.9373,0,-0.503789,-0.427874,1.938000,0.9493,0,0.439946,-0.548737,1.830000,0.9533,0,-0.655492,-0.593829,1.897000,0.9540,0,0.044579,0.034847,1.926000,0.9989,0,-0.189260,0.051369,1.951000,0.9991,0
692,23.083210,1,0.063038,-0.522108,1.909000,0.9999,0,-0.262916,-0.491855,1.926000,0.9997,0,0.293319,-0.432068,1.957000,0.9386,0,-0.503840,-0.428397,1.926000,0.9507,0,0.437542,-0.548737,1.820000,0.9547,0,-0.658614,-0.596954,1.897000,0.9560,0,0.044856,0.035064,1.938000,0.9988,0,-0.189260,0.051369,1.951000,0.9990,0
693,23.116567,1,0.063038,-0.522108,1.909000,0.9999,0,-0.262234,-0.490578,1.921000,0.9997,0,0.292420,-0.430744,1.951000,0.9357,0,-0.505410,-0.429732,1.932000,0.9503,0,0.437542,-0.545739,1.820000,0.9537,0,-0.645074,-0.587742,1.858000,0.9571,0,0.047476,0.037802,1.915000,0.9988,0,-0.189260,0.054584,1.951000,0.9990,0
694,23.149925,1,0.063599,-0.526757,1.926000,0.9999,0,-0.263735,-0.493387,1.932000,0.9997,0,0.293319,-0.432068,1.957000,0.9355,0,-0.506979,-0.431066,1.938000,0.9516,0,0.439561,-0.552036,1.841000,0.9540,0,-0.656531,-0.604412,1.891000,0.9595,0,0.047476,0.037802,1.915000,0.9988,0,-0.192471,0.054584,1.951000,0.9990,0
695,23.183282,1,0.063599,-0.526757,1.926000,0.9999,0,-0.266086,-0.491855,1.926000,0.9997,0,0.291370,-0.429198,1.944000,0.9299,0,-0.504115,-0.425950,1.915000,0.9512,0,0.437542,-0.545739,1.820000,0.9504,0,-0.645074,-0.596925,1.858000,0.9612,0,0.044463,0.037921,1.921000,0.9987,0,-0.193655,0.054919,1.963000,0.9990,0
696,23.216639,1,0.063236,-0.523749,1.915000,0.9999,0,-0.262916,-0.491855,1.926000,0.9997,0,0.292420,-0.430744,1.951000,0.9282,0,-0.507010,-0.428397,1.926000,0.9514,0,0.436934,-0.548737,1.830000,0.9496,0,-0.646810,-0.598531,1.863000,0.9624,0,0.044324,0.037802,1.915000,0.9988,0,-0.189260,0.054584,1.951000,0.9990,0
697,23.249996,1,0.063995,-0.530039,1.938000,0.9999,0,-0.267744,-0.494920,1.938000,0.9997,0,0.294218,-0.433393,1.963000,0.9295,0,-0.508590,-0.432915,1.932000,0.9523,0,0.438367,-0.550537,1.836000,0.9514,0,-0.638365,-0.587929,1.830000,0.9645,0,0.044579,0.038020,1.926000,0.9987,0,-0.192471,0.054584,1.951000,0.9990,0
698,23.283353,1,0.063599,-0.526757,1.926000,0.9999,0,-0.267744,-0.494920,1.938000,0.9997,0,0.292420,-0.430744,1.951000,0.9289,0,-0.504115,-0.429105,1.915000,0.9526,0,0.437542,-0.545739,1.820000,0.9511,0,-0.634876,-0.587715,1.820000,0.9658,0,0.044718,0.038138,1.932000,0.9987,0,-0.187999,0.054220,1.938000,0.9990,0
699,23.316710,1,0.063797,-0.528398,1.932000,0.9999,0,-0.266086,-0.491855,1.926000,0.9997,0,0.291370,-0.429198,1.944000,0.9286,0,-0.505694,-0.430450,1.921000,0.9543,0,0.438744,-0.550245,1.825000,0.9506,0,-0.638365,-0.590944,1.830000,0.9672,0,0.044324,0.037802,1.915000,0.9987,0,-0.189260,0.057798,1.951000,0.9990,0
700,23.350067,1,0.063434,-0.525390,1.921000,0.9999,0,-0.266915,-0.493387,1.932000,0.9997,0,0.294218,-0.433393,1.963000,0.9273,0,-0.508590,-0.432915,1.932000,0.9546,0,0.438744,-0.550245,1.825000,0.9503,0,-0.632784,-0.588766,1.814000,0.9686,0,0.044579,0.038020,1.926000,0.9986,0,-0.192471,0.057798,1.951000,0.9989,0
701,23.383424,1,0.064623,-0.535236,1.957000,0.9999,0,-0.265396,-0.487414,1.921000,0.9997,0,0.292420,-0.430744,1.951000,0.9244,0,-0.510169,-0.437452,1.938000,0.9538,0,0.442591,-0.555069,1.841000,0.9490,0,-0.634876,-0.590713,1.820000,0.9693,0,0.044463,0.037921,1.921000,0.9986,0,-0.192471,0.057798,1.951000,0.9989,0
702,23.416781,1,0.064193,-0.528478,1.944000,0.9999,0,-0.266915,-0.490205,1.932000,0.9997,0,0.291370,-0.429198,1.944000,0.9248,0,-0.504115,-0.432260,1.915000,0.9538,0,0.438744,-0.550245,1.825000,0.9502,0,-0.634876,-0.590713,1.820000,0.9705,0,0.044463,0.037921,1.921000,0.9986,0,-0.189260,0.057798,1.951000,0.9989,0
703,23.450139,1,0.063599,-0.523584,1.926000,0.9999,0,-0.266915,-0.490205,1.932000,0.9997,0,0.292420,-0.430744,1.951000,0.9242,0,-0.502535,-0.430906,1.909000,0.9539,0,0.437542,-0.548737,1.820000,0.9505,0,-0.627551,-0.586861,1.799000,0.9714,0,0.044579,0.038020,1.926000,0.9985,0,-0.194247,0.058331,1.969000,0.9989,0
704,23.483496,1,0.063995,-0.526846,1.938000,0.9999,0,-0.266915,-0.487022,1.932000,0.9997,0,0.291370,-0.429198,1.944000,0.9241,0,-0.504115,-0.432260,1.915000,0.9541,0,0.434898,-0.548401,1.809000,0.9503,0,-0.625807,-0.585230,1.794000,0.9721,0,0.044324,0.040957,1.915000,0.9986,0,-0.189260,0.057798,1.951000,0.9989,0
705,23.516853,1,0.063995,-0.526846,1.938000,0.9999,0,-0.266915,-0.487022,1.932000,0.9997,0,0.290471,-0.427874,1.938000,0.9227,0,-0.507010,-0.434743,1.926000,0.9542,0,0.436934,-0.554767,1.830000,0.9502,0,-0.623714,-0.583272,1.788000,0.9731,0,0.044463,0.041086,1.921000,0.9985,0,-0.189260,0.057798,1.951000,0.9989,0
706,23.550210,1,0.063434,-0.522225,1.921000,0.9999,0,-0.266915,-0.487022,1.932000,0.9997,0,0.291370,-0.429198,1.944000,0.9211,0,-0.510169,-0.437452,1.938000,0.9541,0,0.438367,-0.556586,1.836000,0.9498,0,-0.627551,-0.586861,1.799000,0.9738,0,0.047625,0.041086,1.921000,0.9985,0,-0.187999,0.057413,1.938000,0.9988,0
707,23.583567,1,0.063995,-0.526846,1.938000,0.9998,0,-0.266915,-0.483839,1.932000,0.9997,0,0.292420,-0.430744,1.951000,0.9194,0,-0.504115,-0.432260,1.915000,0.9536,0,0.430726,-0.549857,1.804000,0.9491,0,-0.620226,-0.580010,1.778000,0.9744,0,0.047749,0.041193,1.926000,0.9984,0,-0.189260,0.057798,1.951000,0.9988,0
708,23.616925,1,0.063038,-0.518963,1.909000,0.9998,0,-0.267744,-0.485342,1.938000,0.9997,0,0.294218,-0.433393,1.963000,0.9200,0,-0.505694,-0.433614,1.921000,0.9539,0,0.435740,-0.556258,1.825000,0.9497,0,-0.625807,-0.585230,1.794000,0.9750,0,0.047476,0.040957,1.915000,0.9984,0,-0.189260,0.061012,1.951000,0.9988,0
709,23.650281,1,0.063995,-0.526846,1.938000,0.9998,0,-0.268573,-0.486844,1.944000,0.9997,0,0.292420,-0.430744,1.951000,0.9187,0,-0.507010,-0.434743,1.926000,0.9538,0,0.435740,-0.556258,1.825000,0.9489,0,-0.623714,-0.580327,1.788000,0.9755,0,0.047625,0.041086,1.921000,0.9984,0,-0.188581,0.060793,1.944000,0.9988,0
710,23.683639,1,0.063599,-0.523584,1.926000,0.9998,0,-0.266915,-0.483839,1.932000,0.9997,0,0.293319,-0.432068,1.957000,0.9193,0,-0.502532,-0.430450,1.921000,0.9545,0,0.434547,-0.557732,1.820000,0.9493,0,-0.621970,-0.578704,1.783000,0.9760,0,0.047897,0.041321,1.932000,0.9983,0,-0.189842,0.061199,1.957000,0.9987,0
711,23.716996,1,0.064424,-0.530381,1.951000,0.9998,0,-0.267744,-0.485342,1.938000,0.9997,0,0.289572,-0.426549,1.932000,0.9206,0,-0.506979,-0.434259,1.938000,0.9544,0,0.436934,-0.560796,1.830000,0.9509,0,-0.625807,-0.582274,1.794000,0.9768,0,0.047625,0.041086,1.921000,0.9983,0,-0.189260,0.061012,1.951000,0.9988,0
712,23.750353,1,0.063995,-0.526846,1.938000,0.9998,0,-0.267744,-0.482149,1.938000,0.9997,0,0.291370,-0.429198,1.944000,0.9211,0,-0.505410,-0.429732,1.932000,0.9544,0,0.434547,-0.557732,1.820000,0.9514,0,-0.627551,-0.583897,1.799000,0.9774,0,0.047897,0.041321,1.932000,0.9983,0,-0.189260,0.061012,1.951000,0.9988,0
713,23.783710,1,0.063599,-0.523584,1.926000,0.9998,0,-0.266086,-0.479164,1.926000,0.9997,0,0.290471,-0.427874,1.938000,0.9213,0,-0.503840,-0.428397,1.926000,0.9544,0,0.434547,-0.557732,1.820000,0.9513,0,-0.629295,-0.582548,1.804000,0.9777,0,0.047476,0.044112,1.915000,0.9983,0,-0.189260,0.061012,1.951000,0.9987,0
714,23.817067,1,0.063599,-0.523584,1.926000,0.9998,0,-0.267744,-0.482149,1.938000,0.9997,0,0.292420,-0.433958,1.951000,0.9203,0,-0.505410,-0.429732,1.932000,0.9537,0,0.434547,-0.557732,1.820000,0.9513,0,-0.625807,-0.579319,1.794000,0.9779,0,0.050628,0.044112,1.915000,0.9983,0,-0.190424,0.064621,1.963000,0.9988,0
715,23.850425,1,0.063236,-0.520594,1.915000,0.9998,0,-0.269540,-0.485383,1.951000,0.9997,0,0.293319,-0.435292,1.957000,0.9200,0,-0.510380,-0.433958,1.951000,0.9542,0,0.433114,-0.558882,1.814000,0.9514,0,-0.625807,-0.576363,1.794000,0.9783,0,0.050628,0.044112,1.915000,0.9983,0,-0.188581,0.060793,1.944000,0.9987,0
716,23.883782,1,0.063599,-0.523584,1.926000,0.9998,0,-0.267744,-0.482149,1.938000,0.9997,0,0.291370,-0.432401,1.944000,0.9206,0,-0.508549,-0.432401,1.944000,0.9538,0,0.435740,-0.562271,1.825000,0.9520,0,-0.625807,-0.576363,1.794000,0.9781,0,0.050919,0.044365,1.926000,0.9983,0,-0.189260,0.061012,1.951000,0.9987,0
717,23.917139,1,0.064193,-0.525275,1.944000,0.9998,0,-0.267744,-0.482149,1.938000,0.9997,0,0.291370,-0.432401,1.944000,0.9210,0,-0.511950,-0.435292,1.957000,0.9538,0,0.434547,-0.560730,1.820000,0.9522,0,-0.629295,-0.579576,1.804000,0.9785,0,0.051077,0.044504,1.932000,0.9983,0,-0.191588,0.065016,1.975000,0.9987,0
718,23.950496,1,0.063434,-0.519060,1.921000,0.9998,0,-0.266086,-0.479164,1.926000,0.9997,0,0.293319,-0.435292,1.957000,0.9197,0,-0.506979,-0.431066,1.938000,0.9528,0,0.431920,-0.557341,1.809000,0.9522,0,-0.629295,-0.579576,1.804000,0.9787,0,0.050919,0.044365,1.926000,0.9983,0,-0.185382,0.063995,1.944000,0.9987,0
719,23.983853,1,0.063797,-0.522033,1.932000,0.9998,0,-0.266915,-0.480656,1.932000,0.9997,0,0.293319,-0.435292,1.957000,0.9174,0,-0.503840,-0.428397,1.926000,0.9521,0,0.434547,-0.560730,1.820000,0.9510,0,-0.625807,-0.573408,1.794000,0.9784,0,0.050919,0.044365,1.926000,0.9983,0,-0.185382,0.063995,1.944000,0.9987,0
720,24.017210,1,0.066388,-0.517439,1.915000,0.9998,0,-0.268573,-0.483642,1.944000,0.9997,0,0.290471,-0.431066,1.938000,0.9164,0,-0.502532,-0.427285,1.921000,0.9519,0,0.436934,-0.563811,1.830000,0.9503,0,-0.625807,-0.573408,1.794000,0.9782,0,0.050628,0.044112,1.915000,0.9983,0,-0.186621,0.064423,1.957000,0.9987,0
721,24.050567,1,0.066596,-0.519060,1.921000,0.9998,0,-0.267744,-0.482149,1.938000,0.9997,0,0.291370,-0.432401,1.944000,0.9148,0,-0.503840,-0.428397,1.926000,0.9509,0,0.436934,-0.563811,1.830000,0.9499,0,-0.631039,-0.578202,1.809000,0.9782,0,0.050469,0.043974,1.909000,0.9983,0,-0.187193,0.064621,1.963000,0.9987,0
722,24.083925,1,0.067185,-0.523654,1.938000,0.9998,0,-0.266915,-0.480656,1.932000,0.9997,0,0.291370,-0.432401,1.944000,0.9145,0,-0.505410,-0.429732,1.932000,0.9517,0,0.434547,-0.560730,1.820000,0.9484,0,-0.630512,-0.575006,1.799000,0.9782,0,0.050919,0.044365,1.926000,0.9983,0,-0.185382,0.063995,1.944000,0.9987,0
723,24.117282,1,0.066977,-0.522033,1.932000,0.9998,0,-0.268573,-0.483642,1.944000,0.9997,0,0.292420,-0.433958,1.951000,0.9166,0,-0.510380,-0.437172,1.951000,0.9526,0,0.434547,-0.560730,1.820000,0.9494,0,-0.636994,-0.578202,1.809000,0.9780,0,0.050919,0.044365,1.926000,0.9983,0,-0.186049,0.064226,1.951000,0.9988,0
724,24.150639,1,0.066596,-0.519060,1.921000,0.9998,0,-0.266086,-0.479164,1.926000,0.9997,0,0.290471,-0.431066,1.938000,0.9158,0,-0.505410,-0.432915,1.932000,0.9521,0,0.436934,-0.563811,1.830000,0.9483,0,-0.636434,-0.575006,1.799000,0.9775,0,0.050919,0.044365,1.926000,0.9983,0,-0.184809,0.063798,1.938000,0.9988,0
725,24.183996,1,0.066769,-0.520411,1.926000,0.9998,0,-0.267744,-0.482149,1.938000,0.9997,0,0.289572,-0.429732,1.932000,0.9166,0,-0.505694,-0.433614,1.921000,0.9524,0,0.436934,-0.563811,1.830000,0.9480,0,-0.637618,-0.573408,1.794000,0.9769,0,0.050628,0.044112,1.915000,0.9983,0,-0.191588,0.065016,1.975000,0.9988,0
726,24.217353,1,0.066180,-0.515818,1.909000,0.9998,0,-0.269540,-0.485383,1.951000,0.9997,0,0.292420,-0.433958,1.951000,0.9171,0,-0.502535,-0.430906,1.909000,0.9526,0,0.435740,-0.562271,1.825000,0.9475,0,-0.642356,-0.572042,1.799000,0.9761,0,0.050787,0.044250,1.921000,0.9984,0,-0.187417,0.063600,1.932000,0.9988,0
727,24.250710,1,0.066977,-0.522033,1.932000,0.9998,0,-0.268573,-0.483642,1.944000,0.9997,0,0.293319,-0.435292,1.957000,0.9160,0,-0.508590,-0.439280,1.932000,0.9523,0,0.435740,-0.562271,1.825000,0.9459,0,-0.643524,-0.567497,1.794000,0.9745,0,0.050628,0.044112,1.915000,0.9984,0,-0.191588,0.065016,1.975000,0.9988,0
728,24.284067,1,0.066977,-0.522033,1.932000,0.9998,0,-0.266915,-0.480656,1.932000,0.9997,0,0.293319,-0.435292,1.957000,0.9173,0,-0.502535,-0.434051,1.909000,0.9531,0,0.431920,-0.557341,1.809000,0.9462,0,-0.653049,-0.567688,1.804000,0.9745,0,0.050919,0.044365,1.926000,0.9984,0,-0.188581,0.063995,1.944000,0.9988,0
729,24.317425,1,0.066769,-0.520411,1.926000,0.9998,0,-0.267744,-0.482149,1.938000,0.9997,0,0.296540,-0.435292,1.957000,0.9158,0,-0.507010,-0.441089,1.926000,0.9526,0,0.435740,-0.562271,1.825000,0.9443,0,-0.654200,-0.563151,1.799000,0.9735,0,0.050628,0.044112,1.915000,0.9985,0,-0.192267,0.065246,1.982000,0.9988,0
730,24.350782,1,0.066596,-0.519060,1.921000,0.9998,0,-0.267744,-0.482149,1.938000,0.9997,0,0.294570,-0.432401,1.944000,0.9162,0,-0.505694,-0.439944,1.921000,0.9523,0,0.433114,-0.558882,1.814000,0.9440,0,-0.660122,-0.557224,1.799000,0.9723,0,0.050919,0.044365,1.926000,0.9985,0,-0.190424,0.064621,1.963000,0.9988,0
731,24.384139,1,0.066769,-0.520411,1.926000,0.9998,0,-0.267744,-0.482149,1.938000,0.9997,0,0.293661,-0.431066,1.938000,0.9162,0,-0.507010,-0.441089,1.926000,0.9518,0,0.434547,-0.560730,1.820000,0.9441,0,-0.658269,-0.544861,1.778000,0.9713,0,0.050919,0.044365,1.926000,0.9985,0,-0.192849,0.065444,1.988000,0.9989,0
732,24.417496,1,0.066388,-0.517439,1.915000,0.9998,0,-0.271773,-0.483642,1.944000,0.9997,0,0.298358,-0.437962,1.969000,0.9178,0,-0.505677,-0.440340,1.909000,0.9524,0,0.436934,-0.563811,1.830000,0.9449,0,-0.667049,-0.539003,1.778000,0.9705,0,0.050787,0.044250,1.921000,0.9985,0,-0.191006,0.064818,1.969000,0.9989,0
733,24.450853,1,0.066977,-0.525215,1.932000,0.9998,0,-0.270934,-0.482149,1.938000,0.9997,0,0.293661,-0.431066,1.938000,0.9133,0,-0.510180,-0.444262,1.926000,0.9525,0,0.433114,-0.558882,1.814000,0.9391,0,-0.671859,-0.531707,1.783000,0.9689,0,0.050919,0.044365,1.926000,0.9986,0,-0.190424,0.064621,1.963000,0.9989,0
734,24.484210,1,0.066388,-0.520594,1.915000,0.9998,0,-0.270095,-0.483839,1.932000,0.9997,0,0.298358,-0.437962,1.969000,0.9113,0,-0.513350,-0.447435,1.926000,0.9529,0,0.434547,-0.560730,1.820000,0.9360,0,-0.679629,-0.524361,1.788000,0.9682,0,0.051077,0.044504,1.932000,0.9986,0,-0.191006,0.064818,1.969000,0.9990,0
735,24.517568,1,0.067393,-0.528478,1.944000,0.9998,0,-0.270095,-0.483839,1.932000,0.9997,0,0.299761,-0.435292,1.957000,0.9082,0,-0.510418,-0.444879,1.915000,0.9535,0,0.431920,-0.560321,1.809000,0.9311,0,-0.683598,-0.514083,1.783000,0.9682,0,0.050787,0.044250,1.921000,0.9986,0,-0.190424,0.064621,1.963000,0.9990,0
736,24.550925,1,0.069540,-0.520594,1.915000,0.9998,0,-0.270095,-0.483839,1.932000,0.9997,0,0.296851,-0.431066,1.938000,0.9088,0,-0.511961,-0.446630,1.909000,0.9546,0,0.437542,-0.563729,1.820000,0.9300,0,-0.691401,-0.506688,1.788000,0.9684,0,0.051236,0.047834,1.938000,0.9986,0,-0.191588,0.068270,1.975000,0.9990,0
737,24.584282,1,0.070375,-0.523654,1.938000,0.9998,0,-0.270095,-0.483839,1.932000,0.9997,0,0.298842,-0.437172,1.951000,0.9100,0,-0.519690,-0.450608,1.926000,0.9550,0,0.437542,-0.563729,1.820000,0.9305,0,-0.691437,-0.493675,1.773000,0.9675,0,0.050919,0.047538,1.926000,0.9987,0,-0.190424,0.067855,1.963000,0.9990,0
738,24.617639,1,0.070157,-0.522033,1.932000,0.9998,0,-0.271773,-0.486844,1.944000,0.9997,0,0.300680,-0.439861,1.963000,0.9107,0,-0.512001,-0.441249,1.886000,0.9552,0,0.437542,-0.563729,1.820000,0.9296,0,-0.698271,-0.487647,1.783000,0.9653,0,0.050919,0.050711,1.926000,0.9987,0,-0.189260,0.067440,1.951000,0.9990,0
739,24.650996,1,0.070847,-0.527166,1.951000,0.9999,0,-0.270095,-0.483839,1.932000,0.9997,0,0.300041,-0.434259,1.938000,0.9114,0,-0.513359,-0.442419,1.891000,0.9548,0,0.436100,-0.564858,1.814000,0.9290,0,-0.706115,-0.477232,1.788000,0.9629,0,0.050628,0.050422,1.915000,0.9987,0,-0.189260,0.067440,1.951000,0.9991,0
740,24.684354,1,0.070375,-0.523654,1.938000,0.9999,0,-0.269256,-0.482337,1.926000,0.9997,0,0.302053,-0.437172,1.951000,0.9124,0,-0.518110,-0.443823,1.897000,0.9544,0,0.438744,-0.565277,1.825000,0.9291,0,-0.706115,-0.471341,1.788000,0.9598,0,0.050628,0.050422,1.915000,0.9988,0,-0.189260,0.067440,1.951000,0.9991,0
741,24.717711,1,0.070375,-0.523654,1.938000,0.9999,0,-0.270095,-0.483839,1.932000,0.9997,0,0.300969,-0.435603,1.944000,0.9150,0,-0.511828,-0.438442,1.874000,0.9552,0,0.434898,-0.560321,1.809000,0.9308,0,-0.705093,-0.462847,1.778000,0.9589,0,0.050787,0.050580,1.921000,0.9988,0,-0.188338,0.071523,1.975000,0.9991,0
742,24.751068,1,0.070375,-0.523654,1.938000,0.9999,0,-0.270095,-0.483839,1.932000,0.9998,0,0.299112,-0.432915,1.932000,0.9160,0,-0.521387,-0.446630,1.909000,0.9540,0,0.437542,-0.563729,1.820000,0.9319,0,-0.707076,-0.455336,1.783000,0.9576,0,0.051236,0.047834,1.938000,0.9988,0,-0.186049,0.067440,1.951000,0.9991,0
743,24.784425,1,0.070157,-0.522033,1.932000,0.9999,0,-0.270095,-0.483839,1.932000,0.9998,0,0.297770,-0.435603,1.944000,0.9168,0,-0.521387,-0.446630,1.909000,0.9545,0,0.437542,-0.563729,1.820000,0.9321,0,-0.713421,-0.453495,1.799000,0.9573,0,0.050787,0.047415,1.921000,0.9988,0,-0.186049,0.067440,1.951000,0.9991,0
744,24.817782,1,0.070375,-0.523654,1.938000,0.9999,0,-0.268557,-0.481084,1.921000,0.9998,0,0.298842,-0.437172,1.951000,0.9192,0,-0.510463,-0.437272,1.869000,0.9556,0,0.437542,-0.563729,1.820000,0.9339,0,-0.712945,-0.446524,1.783000,0.9570,0,0.050628,0.047267,1.915000,0.9988,0,-0.185382,0.070400,1.944000,0.9992,0
745,24.851139,1,0.069757,-0.519060,1.921000,0.9999,0,-0.272751,-0.488597,1.951000,0.9998,0,0.299761,-0.438516,1.957000,0.9193,0,-0.513467,-0.439845,1.880000,0.9543,0,0.437542,-0.563729,1.820000,0.9332,0,-0.714944,-0.441885,1.788000,0.9533,0,0.050787,0.047415,1.921000,0.9989,0,-0.187193,0.071089,1.963000,0.9992,0
746,24.884497,1,0.069757,-0.519060,1.921000,0.9999,0,-0.270095,-0.483839,1.932000,0.9998,0,0.299761,-0.438516,1.957000,0.9191,0,-0.510463,-0.437272,1.869000,0.9546,0,0.437542,-0.563729,1.820000,0.9324,0,-0.718814,-0.437712,1.783000,0.9534,0,0.050787,0.047415,1.921000,0.9989,0,-0.186049,0.070654,1.951000,0.9992,0
747,24.917854,1,0.069322,-0.515818,1.909000,0.9999,0,-0.270095,-0.483839,1.932000,0.9998,0,0.300680,-0.439861,1.963000,0.9190,0,-0.507458,-0.431637,1.858000,0.9543,0,0.436100,-0.561870,1.814000,0.9314,0,-0.716798,-0.430627,1.778000,0.9519,0,0.051077,0.047686,1.932000,0.9989,0,-0.184809,0.070183,1.938000,0.9992,0
748,24.951211,1,0.066596,-0.519060,1.921000,0.9999,0,-0.273275,-0.483839,1.932000,0.9998,0,0.301599,-0.441205,1.969000,0.9195,0,-0.519749,-0.442091,1.903000,0.9532,0,0.438744,-0.565277,1.825000,0.9321,0,-0.718814,-0.428900,1.783000,0.9502,0,0.050919,0.047538,1.926000,0.9989,0,-0.186621,0.070871,1.957000,0.9992,0
749,24.984568,1,0.066596,-0.519060,1.921000,0.9999,0,-0.274972,-0.486844,1.944000,0.9998,0,0.296851,-0.434259,1.938000,0.9197,0,-0.513467,-0.436748,1.880000,0.9528,0,0.437542,-0.563729,1.820000,0.9316,0,-0.714783,-0.420653,1.773000,0.9492,0,0.050628,0.047267,1.915000,0.9989,0,-0.192267,0.068511,1.982000,0.9992,0
750,25.017925,1,0.066596,-0.519060,1.921000,0.9999,0,-0.272426,-0.482337,1.926000,0.9998,0,0.296851,-0.434259,1.938000,0.9158,0,-0.507458,-0.428576,1.858000,0.9516,0,0.434898,-0.560321,1.809000,0.9263,0,-0.716798,-0.415981,1.778000,0.9464,0,0.050919,0.047538,1.926000,0.9989,0,-0.186049,0.067440,1.951000,0.9992,0
751,25.051282,1,0.067185,-0.523654,1.938000,0.9999,0,-0.272426,-0.482337,1.926000,0.9998,0,0.298842,-0.437172,1.951000,0.9111,0,-0.510373,-0.430554,1.880000,0.9490,0,0.436100,-0.561870,1.814000,0.9226,0,-0.723773,-0.412430,1.788000,0.9430,0,0.050628,0.044112,1.915000,0.9990,0,-0.189260,0.067440,1.951000,0.9992,0
752,25.084640,1,0.067185,-0.523654,1.938000,0.9999,0,-0.273275,-0.483839,1.932000,0.9998,0,0.297770,-0.435603,1.944000,0.9117,0,-0.507386,-0.424956,1.869000,0.9499,0,0.437542,-0.563729,1.820000,0.9227,0,-0.719725,-0.404265,1.778000,0.9435,0,0.051077,0.044504,1.932000,0.9990,0,-0.191588,0.068270,1.975000,0.9993,0
753,25.117997,1,0.066769,-0.520411,1.926000,0.9999,0,-0.271719,-0.481084,1.921000,0.9998,0,0.297770,-0.435603,1.944000,0.9118,0,-0.502771,-0.421090,1.852000,0.9499,0,0.437542,-0.563729,1.820000,0.9226,0,-0.721749,-0.399527,1.783000,0.9427,0,0.050787,0.044250,1.921000,0.9990,0,-0.189260,0.067440,1.951000,0.9992,0
754,25.151354,1,0.066769,-0.520411,1.926000,0.9999,0,-0.274124,-0.485342,1.938000,0.9998,0,0.295013,-0.431570,1.926000,0.9111,0,-0.508744,-0.423005,1.874000,0.9494,0,0.437542,-0.563729,1.820000,0.9222,0,-0.721749,-0.399527,1.783000,0.9411,0,0.050628,0.044112,1.915000,0.9990,0,-0.189260,0.067440,1.951000,0.9992,0
755,25.184711,1,0.066180,-0.515818,1.909000,0.9999,0,-0.272426,-0.482337,1.926000,0.9998,0,0.300680,-0.436627,1.963000,0.9131,0,-0.499811,-0.413074,1.830000,0.9496,0,0.436100,-0.561870,1.814000,0.9234,0,-0.723773,-0.397702,1.788000,0.9398,0,0.050628,0.044112,1.915000,0.9990,0,-0.187417,0.066783,1.932000,0.9992,0
756,25.218068,1,0.066977,-0.522033,1.932000,0.9999,0,-0.272426,-0.482337,1.926000,0.9998,0,0.295932,-0.429732,1.932000,0.9136,0,-0.507458,-0.419394,1.858000,0.9492,0,0.438744,-0.565277,1.825000,0.9236,0,-0.726202,-0.399037,1.794000,0.9385,0,0.050628,0.044112,1.915000,0.9990,0,-0.189842,0.067647,1.957000,0.9992,0
757,25.251426,1,0.066769,-0.520411,1.926000,0.9999,0,-0.272426,-0.482337,1.926000,0.9998,0,0.298842,-0.433958,1.951000,0.9140,0,-0.505820,-0.418039,1.852000,0.9496,0,0.436100,-0.558882,1.814000,0.9237,0,-0.726716,-0.397702,1.788000,0.9386,0,0.051236,0.044642,1.938000,0.9990,0,-0.189260,0.067440,1.951000,0.9993,0
758,25.284783,1,0.063236,-0.517439,1.915000,0.9999,0,-0.271719,-0.481084,1.921000,0.9998,0,0.297770,-0.432401,1.944000,0.9138,0,-0.508744,-0.423005,1.874000,0.9491,0,0.438744,-0.562271,1.825000,0.9240,0,-0.723773,-0.397702,1.788000,0.9383,0,0.051077,0.044504,1.932000,0.9990,0,-0.188581,0.067198,1.944000,0.9993,0
759,25.318140,1,0.063236,-0.517439,1.915000,0.9999,0,-0.272426,-0.482337,1.926000,0.9998,0,0.298842,-0.433958,1.951000,0.9098,0,-0.507458,-0.419394,1.858000,0.9493,0,0.438744,-0.562271,1.825000,0.9178,0,-0.729154,-0.399037,1.794000,0.9381,0,0.047476,0.044112,1.915000,0.9990,0,-0.190424,0.067855,1.963000,0.9993,0
760,25.351497,1,0.064193,-0.525275,1.944000,0.9999,0,-0.271719,-0.481084,1.921000,0.9998,0,0.296851,-0.431066,1.938000,0.9100,0,-0.511828,-0.419918,1.874000,0.9505,0,0.436100,-0.558882,1.814000,0.9175,0,-0.720619,-0.394366,1.773000,0.9393,0,0.050628,0.044112,1.915000,0.9990,0,-0.187417,0.066783,1.932000,0.9993,0
761,25.384854,1,0.063995,-0.523654,1.938000,0.9999,0,-0.270871,-0.479582,1.915000,0.9998,0,0.296851,-0.431066,1.938000,0.9104,0,-0.507386,-0.418798,1.869000,0.9509,0,0.439946,-0.563811,1.830000,0.9181,0,-0.724684,-0.396590,1.783000,0.9392,0,0.047476,0.044112,1.915000,0.9990,0,-0.187999,0.066991,1.938000,0.9993,0
762,25.418212,1,0.063236,-0.517439,1.915000,0.9999,0,-0.272426,-0.482337,1.926000,0.9998,0,0.299761,-0.435292,1.957000,0.9092,0,-0.505758,-0.417453,1.863000,0.9509,0,0.437542,-0.560730,1.820000,0.9173,0,-0.722651,-0.395478,1.778000,0.9392,0,0.047749,0.044365,1.926000,0.9990,0,-0.192267,0.068511,1.982000,0.9992,0
763,25.451569,1,0.063236,-0.517439,1.915000,0.9999,0,-0.272426,-0.482337,1.926000,0.9998,0,0.298842,-0.433958,1.951000,0.9092,0,-0.507458,-0.416333,1.858000,0.9502,0,0.437542,-0.560730,1.820000,0.9182,0,-0.722651,-0.395478,1.778000,0.9387,0,0.047625,0.044250,1.921000,0.9989,0,-0.189842,0.067647,1.957000,0.9992,0
764,25.484926,1,0.063236,-0.517439,1.915000,0.9999,0,-0.275596,-0.482337,1.926000,0.9998,0,0.298842,-0.433958,1.951000,0.9094,0,-0.511828,-0.419918,1.874000,0.9509,0,0.436100,-0.558882,1.814000,0.9179,0,-0.726716,-0.397702,1.788000,0.9384,0,0.047625,0.044250,1.921000,0.9989,0,-0.190424,0.067855,1.963000,0.9992,0
765,25.518284,1,0.063038,-0.515818,1.909000,0.9999,0,-0.275596,-0.482337,1.926000,0.9998,0,0.299761,-0.435292,1.957000,0.9102,0,-0.508824,-0.417453,1.863000,0.9522,0,0.436100,-0.558882,1.814000,0.9184,0,-0.726716,-0.397702,1.788000,0.9397,0,0.047749,0.044365,1.926000,0.9989,0,-0.191006,0.064818,1.969000,0.9992,0
766,25.551641,1,0.063038,-0.515818,1.909000,0.9999,0,-0.274881,-0.481084,1.921000,0.9998,0,0.298842,-0.433958,1.951000,0.9091,0,-0.513467,-0.421263,1.880000,0.9522,0,0.436100,-0.558882,1.814000,0.9165,0,-0.722651,-0.395478,1.778000,0.9394,0,0.047476,0.044112,1.915000,0.9989,0,-0.189260,0.064226,1.951000,0.9992,0
767,25.584998,1,0.063599,-0.520411,1.926000,0.9999,0,-0.274881,-0.481084,1.921000,0.9998,0,0.299761,-0.435292,1.957000,0.9096,0,-0.508824,-0.417453,1.863000,0.9520,0,0.437542,-0.560730,1.820000,0.9178,0,-0.724684,-0.396590,1.783000,0.9400,0,0.047749,0.044365,1.926000,0.9989,0,-0.190424,0.064621,1.963000,0.9992,0
768,25.618356,1,0.063599,-0.520411,1.926000,0.9999,0,-0.275596,-0.482337,1.926000,0.9998,0,0.298842,-0.433958,1.951000,0.9061,0,-0.510463,-0.418798,1.869000,0.9510,0,0.439946,-0.563811,1.830000,0.9136,0,-0.726716,-0.397702,1.788000,0.9390,0,0.047749,0.044365,1.926000,0.9989,0,-0.187999,0.063798,1.938000,0.9992,0
769,25.651713,1,0.063599,-0.520411,1.926000,0.9999,0,-0.275596,-0.482337,1.926000,0.9998,0,0.298842,-0.433958,1.951000,0.9024,0,-0.507458,-0.416333,1.858000,0.9506,0,0.437542,-0.560730,1.820000,0.9103,0,-0.729154,-0.399037,1.794000,0.9398,0,0.047749,0.044365,1.926000,0.9989,0,-0.193655,0.064621,1.963000,0.9993,0
770,25.685070,1,0.064424,-0.527166,1.951000,0.9999,0,-0.275596,-0.482337,1.926000,0.9998,0,0.296851,-0.431066,1.938000,0.9020,0,-0.513467,-0.421263,1.880000,0.9512,0,0.434898,-0.557341,1.809000,0.9089,0,-0.726716,-0.397702,1.788000,0.9396,0,0.047749,0.044365,1.926000,0.9989,0,-0.192471,0.064226,1.951000,0.9992,0
771,25.718427,1,0.063434,-0.519060,1.921000,0.9999,0,-0.276455,-0.483839,1.932000,0.9998,0,0.299761,-0.435292,1.957000,0.8982,0,-0.504454,-0.413868,1.847000,0.9507,0,0.434898,-0.557341,1.809000,0.9060,0,-0.726716,-0.397702,1.788000,0.9392,0,0.047749,0.044365,1.926000,0.9989,0,-0.190005,0.063403,1.926000,0.9993,0
772,25.751785,1,0.067185,-0.526846,1.938000,0.9999,0,-0.276455,-0.483839,1.932000,0.9998,0,0.297770,-0.435603,1.944000,0.9019,0,-0.502815,-0.412524,1.841000,0.9517,0,0.441389,-0.565660,1.836000,0.9094,0,-0.726716,-0.397702,1.788000,0.9388,0,0.047327,0.043974,1.909000,0.9989,0,-0.193655,0.064621,1.963000,0.9992,0
773,25.785142,1,0.066769,-0.523584,1.926000,0.9999,0,-0.274881,-0.481084,1.921000,0.9998,0,0.297770,-0.432401,1.944000,0.9020,0,-0.511828,-0.419918,1.874000,0.9520,0,0.434898,-0.557341,1.809000,0.9091,0,-0.729154,-0.399037,1.794000,0.9388,0,0.047749,0.044365,1.926000,0.9989,0,-0.191781,0.063995,1.944000,0.9993,0
774,25.818500,1,0.063434,-0.522225,1.921000,0.9999,0,-0.276455,-0.483839,1.932000,0.9998,0,0.297770,-0.435603,1.944000,0.9040,0,-0.505820,-0.414988,1.852000,0.9518,0,0.436100,-0.558882,1.814000,0.9113,0,-0.724684,-0.396590,1.783000,0.9381,0,0.047625,0.044250,1.921000,0.9989,0,-0.193655,0.064621,1.963000,0.9993,0
775,25.851857,1,0.063236,-0.520594,1.915000,0.9999,0,-0.275596,-0.482337,1.926000,0.9998,0,0.298842,-0.437172,1.951000,0.9048,0,-0.510463,-0.418798,1.869000,0.9525,0,0.438744,-0.562271,1.825000,0.9120,0,-0.726716,-0.397702,1.788000,0.9390,0,0.047625,0.044250,1.921000,0.9990,0,-0.193655,0.064621,1.963000,0.9993,0
776,25.885214,1,0.063995,-0.526846,1.938000,0.9999,0,-0.274881,-0.481084,1.921000,0.9998,0,0.297770,-0.435603,1.944000,0.9059,0,-0.521387,-0.427761,1.909000,0.9524,0,0.437542,-0.560730,1.820000,0.9128,0,-0.726716,-0.397702,1.788000,0.9380,0,0.047625,0.044250,1.921000,0.9989,0,-0.194839,0.068270,1.975000,0.9993,0
777,25.918572,1,0.062839,-0.517332,1.903000,0.9999,0,-0.276455,-0.483839,1.932000,0.9998,0,0.296540,-0.438516,1.957000,0.9071,0,-0.510463,-0.418798,1.869000,0.9511,0,0.434898,-0.557341,1.809000,0.9144,0,-0.724684,-0.396590,1.783000,0.9354,0,0.047749,0.044365,1.926000,0.9990,0,-0.194839,0.068270,1.975000,0.9993,0
778,25.951929,1,0.063599,-0.523584,1.926000,0.9999,0,-0.274881,-0.481084,1.921000,0.9998,0,0.295631,-0.437172,1.951000,0.9076,0,-0.510463,-0.418798,1.869000,0.9513,0,0.433696,-0.555801,1.804000,0.9157,0,-0.727618,-0.396590,1.783000,0.9359,0,0.047749,0.044365,1.926000,0.9990,0,-0.192471,0.064226,1.951000,0.9993,0
779,25.985286,1,0.063434,-0.522225,1.921000,0.9999,0,-0.274881,-0.481084,1.921000,0.9998,0,0.294570,-0.435603,1.944000,0.9080,0,-0.505820,-0.414988,1.852000,0.9521,0,0.434898,-0.557341,1.809000,0.9149,0,-0.729659,-0.397702,1.788000,0.9360,0,0.047749,0.044365,1.926000,0.9989,0,-0.193655,0.064621,1.963000,0.9992,0
780,26.018644,1,0.062641,-0.515701,1.897000,0.9999,0,-0.278043,-0.481084,1.921000,0.9998,0,0.294570,-0.435603,1.944000,0.9096,0,-0.511828,-0.419918,1.874000,0.9526,0,0.438744,-0.562271,1.825000,0.9164,0,-0.725578,-0.398407,1.778000,0.9367,0,0.047749,0.044365,1.926000,0.9990,0,-0.191189,0.063798,1.938000,0.9992,0
781,26.052001,1,0.062839,-0.517332,1.903000,0.9999,0,-0.278043,-0.481084,1.921000,0.9998,0,0.293661,-0.434259,1.938000,0.9105,0,-0.504454,-0.413868,1.847000,0.9525,0,0.434898,-0.557341,1.809000,0.9189,0,-0.729659,-0.400648,1.788000,0.9381,0,0.047749,0.044365,1.926000,0.9989,0,-0.191781,0.063995,1.944000,0.9992,0
782,26.085358,1,0.063038,-0.518963,1.909000,0.9999,0,-0.279635,-0.483839,1.932000,0.9998,0,0.297449,-0.439861,1.963000,0.9099,0,-0.507458,-0.416333,1.858000,0.9523,0,0.437542,-0.560730,1.820000,0.9193,0,-0.727618,-0.399527,1.783000,0.9387,0,0.048046,0.044642,1.938000,0.9989,0,-0.195530,0.065246,1.982000,0.9992,0
783,26.118715,1,0.063995,-0.526846,1.938000,0.9999,0,-0.278767,-0.482337,1.926000,0.9998,0,0.293661,-0.434259,1.938000,0.9107,0,-0.508824,-0.417453,1.863000,0.9515,0,0.436100,-0.558882,1.814000,0.9207,0,-0.725578,-0.401336,1.778000,0.9376,0,0.047625,0.044250,1.921000,0.9989,0,-0.192471,0.064226,1.951000,0.9992,0
784,26.152073,1,0.063995,-0.526846,1.938000,0.9999,0,-0.278043,-0.481084,1.921000,0.9998,0,0.297449,-0.439861,1.963000,0.9112,0,-0.510463,-0.415719,1.869000,0.9514,0,0.434898,-0.557341,1.809000,0.9202,0,-0.725578,-0.404265,1.778000,0.9362,0,0.047749,0.044365,1.926000,0.9990,0,-0.194247,0.064818,1.969000,0.9992,0
785,26.185430,1,0.063434,-0.522225,1.921000,0.9999,0,-0.274022,-0.479582,1.915000,0.9998,0,0.297449,-0.439861,1.963000,0.9104,0,-0.515106,-0.419500,1.886000,0.9518,0,0.437542,-0.557732,1.820000,0.9185,0,-0.725578,-0.410123,1.778000,0.9366,0,0.047625,0.044250,1.921000,0.9989,0,-0.192471,0.064226,1.951000,0.9992,0
786,26.218787,1,0.063599,-0.523584,1.926000,0.9999,0,-0.275596,-0.482337,1.926000,0.9998,0,0.294570,-0.435603,1.944000,0.9088,0,-0.518110,-0.418822,1.897000,0.9507,0,0.438744,-0.559264,1.825000,0.9160,0,-0.724684,-0.420088,1.783000,0.9357,0,0.047625,0.044250,1.921000,0.9990,0,-0.191006,0.068062,1.969000,0.9992,0
787,26.252145,1,0.063236,-0.520594,1.915000,0.9999,0,-0.275596,-0.479164,1.926000,0.9998,0,0.297449,-0.439861,1.963000,0.9091,0,-0.515106,-0.416393,1.886000,0.9512,0,0.437542,-0.557732,1.820000,0.9149,0,-0.723773,-0.427158,1.788000,0.9366,0,0.050787,0.044250,1.921000,0.9990,0,-0.189260,0.067440,1.951000,0.9993,0
788,26.285502,1,0.063599,-0.523584,1.926000,0.9999,0,-0.274881,-0.477920,1.921000,0.9998,0,0.296540,-0.438516,1.957000,0.9105,0,-0.508824,-0.411315,1.863000,0.9516,0,0.438744,-0.559264,1.825000,0.9170,0,-0.716798,-0.433556,1.778000,0.9384,0,0.050919,0.044365,1.926000,0.9990,0,-0.189842,0.067647,1.957000,0.9993,0
789,26.318859,1,0.063434,-0.522225,1.921000,0.9999,0,-0.275596,-0.479164,1.926000,0.9998,0,0.295631,-0.433958,1.951000,0.9095,0,-0.518110,-0.418822,1.897000,0.9519,0,0.436100,-0.555893,1.814000,0.9147,0,-0.719343,-0.447568,1.799000,0.9401,0,0.050919,0.044365,1.926000,0.9990,0,-0.189842,0.067647,1.957000,0.9993,0
790,26.352217,1,0.063797,-0.525215,1.932000,0.9999,0,-0.276455,-0.480656,1.932000,0.9998,0,0.294570,-0.432401,1.944000,0.9103,0,-0.523026,-0.422796,1.915000,0.9524,0,0.438744,-0.559264,1.825000,0.9164,0,-0.710010,-0.449462,1.783000,0.9423,0,0.050628,0.044112,1.915000,0.9990,0,-0.191006,0.068062,1.969000,0.9993,0
791,26.385574,1,0.063797,-0.525215,1.932000,0.9999,0,-0.274022,-0.476427,1.915000,0.9998,0,0.296540,-0.435292,1.957000,0.9091,0,-0.512001,-0.413286,1.886000,0.9529,0,0.437542,-0.557732,1.820000,0.9162,0,-0.703110,-0.455704,1.773000,0.9450,0,0.050787,0.044250,1.921000,0.9990,0,-0.190424,0.067855,1.963000,0.9993,0
792,26.418931,1,0.064623,-0.532012,1.957000,0.9999,0,-0.274881,-0.477920,1.921000,0.9998,0,0.295631,-0.433958,1.951000,0.9067,0,-0.518245,-0.418326,1.909000,0.9532,0,0.436100,-0.555893,1.814000,0.9141,0,-0.704141,-0.467086,1.783000,0.9476,0,0.050919,0.044365,1.926000,0.9990,0,-0.191006,0.068062,1.969000,0.9993,0
793,26.452288,1,0.063995,-0.526846,1.938000,0.9999,0,-0.275596,-0.479164,1.926000,0.9998,0,0.296540,-0.435292,1.957000,0.9019,0,-0.519874,-0.419641,1.915000,0.9534,0,0.437542,-0.554734,1.820000,0.9083,0,-0.705532,-0.478834,1.794000,0.9500,0,0.051236,0.044642,1.938000,0.9990,0,-0.191006,0.068062,1.969000,0.9993,0
794,26.485645,1,0.063995,-0.526846,1.938000,0.9999,0,-0.274881,-0.477920,1.921000,0.9998,0,0.293661,-0.431066,1.938000,0.9004,0,-0.508744,-0.410656,1.874000,0.9541,0,0.438744,-0.556258,1.825000,0.9063,0,-0.700230,-0.486069,1.788000,0.9523,0,0.050919,0.044365,1.926000,0.9990,0,-0.190424,0.067855,1.963000,0.9993,0
795,26.519002,1,0.063599,-0.523584,1.926000,0.9998,0,-0.275596,-0.479164,1.926000,0.9998,0,0.295631,-0.433958,1.951000,0.8979,0,-0.514988,-0.418822,1.897000,0.9543,0,0.437542,-0.554734,1.820000,0.9030,0,-0.697287,-0.491960,1.788000,0.9541,0,0.050628,0.044112,1.915000,0.9989,0,-0.189260,0.067440,1.951000,0.9993,0
796,26.552360,1,0.063434,-0.522225,1.921000,0.9998,0,-0.274022,-0.476427,1.915000,0.9998,0,0.293661,-0.431066,1.938000,0.8976,0,-0.519874,-0.422796,1.915000,0.9537,0,0.437542,-0.554734,1.820000,0.9048,0,-0.694344,-0.494906,1.788000,0.9558,0,0.054089,0.044365,1.926000,0.9989,0,-0.189842,0.067647,1.957000,0.9993,0
797,26.585717,1,0.063038,-0.518963,1.909000,0.9998,0,-0.274881,-0.477920,1.921000,0.9998,0,0.294570,-0.432401,1.944000,0.8980,0,-0.516617,-0.420146,1.903000,0.9539,0,0.437542,-0.554734,1.820000,0.9055,0,-0.691401,-0.497851,1.788000,0.9575,0,0.053780,0.044112,1.915000,0.9989,0,-0.186049,0.067440,1.951000,0.9993,0
798,26.619074,1,0.063599,-0.523584,1.926000,0.9998,0,-0.271719,-0.477920,1.921000,0.9998,0,0.296540,-0.435292,1.957000,0.8983,0,-0.519874,-0.422796,1.915000,0.9546,0,0.438744,-0.556258,1.825000,0.9057,0,-0.686533,-0.502334,1.783000,0.9587,0,0.054257,0.044504,1.932000,0.9989,0,-0.186049,0.067440,1.951000,0.9993,0
799,26.652431,1,0.063038,-0.518963,1.909000,0.9998,0,-0.272426,-0.479164,1.926000,0.9998,0,0.295631,-0.433958,1.951000,0.8983,0,-0.508744,-0.413744,1.874000,0.9557,0,0.438744,-0.556258,1.825000,0.9062,0,-0.683598,-0.508208,1.783000,0.9604,0,0.054257,0.047686,1.932000,0.9989,0,-0.186049,0.070654,1.951000,0.9993,0
800,26.685788,1,0.063038,-0.518963,1.909000,0.9998,0,-0.274124,-0.482149,1.938000,0.9998,0,0.297449,-0.436627,1.963000,0.8995,0,-0.522860,-0.425224,1.926000,0.9553,0,0.437542,-0.554734,1.820000,0.9095,0,-0.684863,-0.514299,1.794000,0.9615,0,0.053780,0.047267,1.915000,0.9989,0,-0.187193,0.071089,1.963000,0.9993,0
801,26.719146,1,0.063236,-0.520594,1.915000,0.9998,0,-0.273275,-0.480656,1.932000,0.9998,0,0.295631,-0.433958,1.951000,0.8975,0,-0.508897,-0.416393,1.886000,0.9550,0,0.434898,-0.551381,1.809000,0.9086,0,-0.681910,-0.517254,1.794000,0.9624,0,0.053611,0.047119,1.909000,0.9989,0,-0.189005,0.071777,1.982000,0.9992,0
802,26.752503,1,0.063038,-0.518963,1.909000,0.9998,0,-0.272426,-0.479164,1.926000,0.9998,0,0.295631,-0.433958,1.951000,0.8975,0,-0.519690,-0.425224,1.926000,0.9556,0,0.437542,-0.554734,1.820000,0.9089,0,-0.679629,-0.518470,1.788000,0.9632,0,0.053611,0.047119,1.909000,0.9989,0,-0.187193,0.071089,1.963000,0.9993,0
803,26.785860,1,0.063797,-0.525215,1.932000,0.9998,0,-0.271719,-0.477920,1.921000,0.9998,0,0.295631,-0.433958,1.951000,0.8976,0,-0.511865,-0.418822,1.897000,0.9555,0,0.436100,-0.552905,1.814000,0.9106,0,-0.674794,-0.519957,1.783000,0.9641,0,0.054426,0.047834,1.938000,0.9989,0,-0.186621,0.070871,1.957000,0.9992,0
804,26.819217,1,0.063236,-0.520594,1.915000,0.9998,0,-0.271719,-0.477920,1.921000,0.9998,0,0.296540,-0.435292,1.957000,0.8935,0,-0.511865,-0.418822,1.897000,0.9548,0,0.436100,-0.552905,1.814000,0.9075,0,-0.674794,-0.525832,1.783000,0.9639,0,0.053948,0.047415,1.921000,0.9989,0,-0.186049,0.070654,1.951000,0.9992,0
805,26.852574,1,0.063236,-0.520594,1.915000,0.9998,0,-0.271719,-0.477920,1.921000,0.9997,0,0.295631,-0.433958,1.951000,0.8927,0,-0.516722,-0.422796,1.915000,0.9539,0,0.438744,-0.556258,1.825000,0.9080,0,-0.676686,-0.527307,1.788000,0.9640,0,0.053780,0.047267,1.915000,0.9988,0,-0.186049,0.070654,1.951000,0.9992,0
806,26.885931,1,0.063434,-0.522225,1.921000,0.9998,0,-0.271719,-0.477920,1.921000,0.9997,0,0.296540,-0.435292,1.957000,0.8929,0,-0.510246,-0.417497,1.891000,0.9538,0,0.436100,-0.552905,1.814000,0.9090,0,-0.671859,-0.531707,1.783000,0.9642,0,0.053948,0.047415,1.921000,0.9988,0,-0.186049,0.070654,1.951000,0.9992,0
807,26.919288,1,0.063434,-0.522225,1.921000,0.9998,0,-0.270871,-0.476427,1.915000,0.9997,0,0.295631,-0.433958,1.951000,0.8944,0,-0.516722,-0.422796,1.915000,0.9539,0,0.437542,-0.554734,1.820000,0.9115,0,-0.671859,-0.534644,1.783000,0.9645,0,0.054089,0.047538,1.926000,0.9988,0,-0.185382,0.070400,1.944000,0.9992,0
808,26.952646,1,0.062641,-0.515701,1.897000,0.9998,0,-0.266041,-0.473442,1.903000,0.9997,0,0.297449,-0.436627,1.963000,0.8957,0,-0.510246,-0.417497,1.891000,0.9543,0,0.439946,-0.557782,1.830000,0.9133,0,-0.668925,-0.537582,1.783000,0.9657,0,0.053780,0.047267,1.915000,0.9988,0,-0.187193,0.071089,1.963000,0.9992,0
809,26.986003,1,0.063599,-0.523584,1.926000,0.9998,0,-0.268557,-0.477920,1.921000,0.9997,0,0.295631,-0.433958,1.951000,0.8965,0,-0.508743,-0.418822,1.897000,0.9544,0,0.437542,-0.554734,1.820000,0.9149,0,-0.664122,-0.539003,1.778000,0.9658,0,0.053948,0.047415,1.921000,0.9988,0,-0.189005,0.071777,1.982000,0.9992,0
810,27.019360,1,0.063995,-0.526846,1.938000,0.9998,0,-0.270934,-0.482149,1.938000,0.9997,0,0.293661,-0.431066,1.938000,0.8974,0,-0.511961,-0.421471,1.909000,0.9542,0,0.438744,-0.556258,1.825000,0.9160,0,-0.664122,-0.541932,1.778000,0.9660,0,0.053780,0.047267,1.915000,0.9988,0,-0.186621,0.070871,1.957000,0.9992,0
811,27.052717,1,0.066388,-0.520594,1.915000,0.9998,0,-0.266880,-0.474934,1.909000,0.9997,0,0.295631,-0.433958,1.951000,0.8992,0,-0.511961,-0.421471,1.909000,0.9547,0,0.437542,-0.554734,1.820000,0.9174,0,-0.663055,-0.546393,1.783000,0.9663,0,0.054089,0.047538,1.926000,0.9988,0,-0.187193,0.071089,1.963000,0.9992,0
812,27.086074,1,0.066180,-0.518963,1.909000,0.9998,0,-0.268557,-0.477920,1.921000,0.9997,0,0.295631,-0.433958,1.951000,0.9008,0,-0.510352,-0.420146,1.903000,0.9544,0,0.437542,-0.554734,1.820000,0.9192,0,-0.660121,-0.546393,1.783000,0.9664,0,0.053948,0.047415,1.921000,0.9988,0,-0.186049,0.070654,1.951000,0.9991,0
813,27.119431,1,0.066388,-0.520594,1.915000,0.9998,0,-0.268557,-0.477920,1.921000,0.9997,0,0.292752,-0.429732,1.932000,0.9038,0,-0.508819,-0.421471,1.909000,0.9549,0,0.437542,-0.554734,1.820000,0.9228,0,-0.655343,-0.547790,1.778000,0.9674,0,0.054089,0.047538,1.926000,0.9988,0,-0.186049,0.067440,1.951000,0.9991,0
814,27.152789,1,0.066596,-0.522225,1.921000,0.9998,0,-0.270095,-0.480656,1.932000,0.9997,0,0.292752,-0.429732,1.932000,0.9032,0,-0.508819,-0.421471,1.909000,0.9542,0,0.438744,-0.556258,1.825000,0.9229,0,-0.655343,-0.550719,1.778000,0.9666,0,0.054089,0.047538,1.926000,0.9988,0,-0.186049,0.067440,1.951000,0.9991,0
815,27.186146,1,0.066977,-0.525215,1.932000,0.9998,0,-0.267719,-0.479582,1.915000,0.9997,0,0.294570,-0.432401,1.944000,0.9046,0,-0.513350,-0.425224,1.926000,0.9539,0,0.436100,-0.552905,1.814000,0.9251,0,-0.657186,-0.552268,1.783000,0.9673,0,0.050919,0.047538,1.926000,0.9988,0,-0.186621,0.067647,1.957000,0.9991,0
816,27.219503,1,0.066769,-0.523584,1.926000,0.9998,0,-0.268557,-0.481084,1.921000,0.9997,0,0.296540,-0.435292,1.957000,0.9052,0,-0.498158,-0.412640,1.869000,0.9531,0,0.434898,-0.551381,1.809000,0.9266,0,-0.659029,-0.553817,1.788000,0.9675,0,0.050469,0.043974,1.909000,0.9987,0,-0.187766,0.068062,1.969000,0.9991,0
817,27.252860,1,0.066596,-0.522225,1.921000,0.9998,0,-0.268557,-0.481084,1.921000,0.9997,0,0.293661,-0.431066,1.938000,0.9069,0,-0.508819,-0.421471,1.909000,0.9539,0,0.439946,-0.557782,1.830000,0.9283,0,-0.655343,-0.553649,1.778000,0.9685,0,0.051077,0.044504,1.932000,0.9987,0,-0.184809,0.066991,1.938000,0.9991,0
818,27.286217,1,0.066388,-0.520594,1.915000,0.9998,0,-0.269256,-0.482337,1.926000,0.9997,0,0.294570,-0.432401,1.944000,0.9082,0,-0.507220,-0.423281,1.903000,0.9542,0,0.436100,-0.552905,1.814000,0.9300,0,-0.658287,-0.558631,1.794000,0.9691,0,0.051236,0.044642,1.938000,0.9987,0,-0.187193,0.064621,1.963000,0.9990,0
819,27.319574,1,0.066596,-0.522225,1.921000,0.9998,0,-0.269256,-0.482337,1.926000,0.9997,0,0.294570,-0.432401,1.944000,0.9063,0,-0.512018,-0.427285,1.921000,0.9537,0,0.436100,-0.552905,1.814000,0.9291,0,-0.654251,-0.555205,1.783000,0.9692,0,0.050469,0.043974,1.909000,0.9987,0,-0.186049,0.064226,1.951000,0.9990,0
820,27.352931,1,0.065764,-0.515701,1.897000,0.9998,0,-0.268557,-0.481084,1.921000,0.9997,0,0.296540,-0.435292,1.957000,0.9081,0,-0.498158,-0.415719,1.869000,0.9537,0,0.437542,-0.554734,1.820000,0.9308,0,-0.649490,-0.556578,1.778000,0.9694,0,0.050628,0.044112,1.915000,0.9987,0,-0.186049,0.064226,1.951000,0.9990,0
821,27.386289,1,0.065972,-0.517332,1.903000,0.9998,0,-0.268557,-0.481084,1.921000,0.9997,0,0.292752,-0.429732,1.932000,0.9087,0,-0.508819,-0.424616,1.909000,0.9533,0,0.437542,-0.554734,1.820000,0.9320,0,-0.651317,-0.558143,1.783000,0.9694,0,0.050919,0.044365,1.926000,0.9987,0,-0.186049,0.064226,1.951000,0.9990,0
822,27.419646,1,0.066769,-0.523584,1.926000,0.9998,0,-0.268557,-0.481084,1.921000,0.9997,0,0.293661,-0.431066,1.938000,0.9096,0,-0.507220,-0.423281,1.903000,0.9535,0,0.439946,-0.557782,1.830000,0.9328,0,-0.649490,-0.556578,1.778000,0.9694,0,0.050787,0.044250,1.921000,0.9986,0,-0.184809,0.063798,1.938000,0.9990,0
823,27.453003,1,0.066769,-0.523584,1.926000,0.9998,0,-0.267719,-0.479582,1.915000,0.9997,0,0.295631,-0.433958,1.951000,0.9061,0,-0.504022,-0.420612,1.891000,0.9525,0,0.438744,-0.556258,1.825000,0.9305,0,-0.648382,-0.558143,1.783000,0.9680,0,0.050787,0.044250,1.921000,0.9987,0,-0.187193,0.064621,1.963000,0.9990,0
824,27.486360,1,0.066596,-0.522225,1.921000,0.9998,0,-0.268557,-0.481084,1.921000,0.9997,0,0.295631,-0.433958,1.951000,0.9093,0,-0.512018,-0.427285,1.921000,0.9537,0,0.436100,-0.555893,1.814000,0.9331,0,-0.648382,-0.558143,1.783000,0.9687,0,0.050628,0.044112,1.915000,0.9987,0,-0.187193,0.067855,1.963000,0.9990,0
825,27.519717,1,0.066596,-0.522225,1.921000,0.9998,0,-0.267719,-0.479582,1.915000,0.9997,0,0.296540,-0.435292,1.957000,0.9084,0,-0.508819,-0.424616,1.909000,0.9534,0,0.437542,-0.554734,1.820000,0.9331,0,-0.650200,-0.559708,1.788000,0.9688,0,0.050628,0.044112,1.915000,0.9987,0,-0.183188,0.066403,1.921000,0.9990,0
826,27.553074,1,0.066769,-0.523584,1.926000,0.9998,0,-0.269256,-0.482337,1.926000,0.9997,0,0.297770,-0.432401,1.944000,0.9087,0,-0.507220,-0.423281,1.903000,0.9536,0,0.436100,-0.552905,1.814000,0.9332,0,-0.650200,-0.559708,1.788000,0.9690,0,0.050628,0.044112,1.915000,0.9987,0,-0.187193,0.067855,1.963000,0.9990,0
827,27.586432,1,0.066596,-0.522225,1.921000,0.9998,0,-0.267719,-0.479582,1.915000,0.9997,0,0.297770,-0.432401,1.944000,0.9093,0,-0.504022,-0.420612,1.891000,0.9534,0,0.441748,-0.556258,1.825000,0.9340,0,-0.648382,-0.558143,1.783000,0.9691,0,0.050628,0.044112,1.915000,0.9987,0,-0.184809,0.063798,1.938000,0.9990,0
828,27.619789,1,0.066596,-0.522225,1.921000,0.9998,0,-0.268557,-0.481084,1.921000,0.9997,0,0.296851,-0.431066,1.938000,0.9101,0,-0.505621,-0.421947,1.897000,0.9540,0,0.440538,-0.557732,1.820000,0.9337,0,-0.650200,-0.562653,1.788000,0.9692,0,0.050469,0.047119,1.909000,0.9987,0,-0.186621,0.067647,1.957000,0.9990,0
829,27.653146,1,0.067844,-0.532012,1.957000,0.9998,0,-0.268557,-0.481084,1.921000,0.9997,0,0.299761,-0.435292,1.957000,0.9109,0,-0.501090,-0.418165,1.880000,0.9544,0,0.437875,-0.551381,1.809000,0.9348,0,-0.648382,-0.561080,1.783000,0.9693,0,0.050919,0.047538,1.926000,0.9987,0,-0.187193,0.067855,1.963000,0.9990,0
830,27.686503,1,0.066388,-0.520594,1.915000,0.9998,0,-0.266880,-0.478079,1.909000,0.9997,0,0.299761,-0.435292,1.957000,0.9116,0,-0.518148,-0.432401,1.944000,0.9546,0,0.439085,-0.552905,1.814000,0.9352,0,-0.648382,-0.561080,1.783000,0.9693,0,0.050919,0.044365,1.926000,0.9987,0,-0.188338,0.068270,1.975000,0.9990,0
831,27.719860,1,0.065972,-0.517332,1.903000,0.9998,0,-0.269256,-0.482337,1.926000,0.9997,0,0.298842,-0.433958,1.951000,0.9118,0,-0.504022,-0.420612,1.891000,0.9538,0,0.440538,-0.554734,1.820000,0.9357,0,-0.648382,-0.561080,1.783000,0.9689,0,0.050469,0.043974,1.909000,0.9986,0,-0.186049,0.067440,1.951000,0.9990,0
832,27.753217,1,0.067185,-0.526846,1.938000,0.9998,0,-0.267719,-0.479582,1.915000,0.9997,0,0.296851,-0.431066,1.938000,0.9100,0,-0.502689,-0.419500,1.886000,0.9531,0,0.437875,-0.551381,1.809000,0.9345,0,-0.644745,-0.557933,1.773000,0.9686,0,0.051077,0.044504,1.932000,0.9986,0,-0.184237,0.066783,1.932000,0.9990,0
833,27.786574,1,0.066596,-0.522225,1.921000,0.9998,0,-0.268557,-0.481084,1.921000,0.9997,0,0.299761,-0.435292,1.957000,0.9124,0,-0.498158,-0.415719,1.869000,0.9540,0,0.439085,-0.552905,1.814000,0.9360,0,-0.648382,-0.561080,1.783000,0.9690,0,0.050919,0.044365,1.926000,0.9986,0,-0.185382,0.067198,1.944000,0.9990,0
834,27.819932,1,0.066769,-0.523584,1.926000,0.9998,0,-0.266880,-0.478079,1.909000,0.9997,0,0.296851,-0.431066,1.938000,0.9127,0,-0.502689,-0.419500,1.886000,0.9547,0,0.440538,-0.554734,1.820000,0.9361,0,-0.648382,-0.558143,1.783000,0.9696,0,0.050919,0.044365,1.926000,0.9987,0,-0.185382,0.067198,1.944000,0.9990,0
835,27.853289,1,0.066388,-0.520594,1.915000,0.9998,0,-0.267719,-0.479582,1.915000,0.9997,0,0.297770,-0.432401,1.944000,0.9142,0,-0.502689,-0.419500,1.886000,0.9549,0,0.440538,-0.554734,1.820000,0.9376,0,-0.652382,-0.561586,1.794000,0.9701,0,0.051236,0.044642,1.938000,0.9987,0,-0.184237,0.066783,1.932000,0.9990,0
836,27.886646,1,0.066388,-0.520594,1.915000,0.9998,0,-0.270095,-0.483839,1.932000,0.9997,0,0.298842,-0.433958,1.951000,0.9146,0,-0.510418,-0.425950,1.915000,0.9543,0,0.440538,-0.554734,1.820000,0.9384,0,-0.650200,-0.559708,1.788000,0.9698,0,0.050919,0.044365,1.926000,0.9987,0,-0.187766,0.068062,1.969000,0.9990,0
837,27.920003,1,0.066388,-0.520594,1.915000,0.9998,0,-0.268557,-0.481084,1.921000,0.9997,0,0.295932,-0.429732,1.932000,0.9149,0,-0.501090,-0.418165,1.880000,0.9541,0,0.441748,-0.556258,1.825000,0.9389,0,-0.646564,-0.556578,1.778000,0.9696,0,0.050787,0.044250,1.921000,0.9986,0,-0.187193,0.067855,1.963000,0.9990,0
838,27.953360,1,0.066769,-0.523584,1.926000,0.9998,0,-0.269256,-0.482337,1.926000,0.9997,0,0.295932,-0.429732,1.932000,0.9156,0,-0.507220,-0.423281,1.903000,0.9545,0,0.436665,-0.549857,1.804000,0.9396,0,-0.648382,-0.558143,1.783000,0.9699,0,0.050469,0.043974,1.909000,0.9986,0,-0.186049,0.067440,1.951000,0.9990,0
839,27.986718,1,0.066180,-0.518963,1.909000,0.9998,0,-0.267719,-0.479582,1.915000,0.9997,0,0.294247,-0.427285,1.921000,0.9135,0,-0.498158,-0.415719,1.869000,0.9536,0,0.439085,-0.552905,1.814000,0.9382,0,-0.650200,-0.559708,1.788000,0.9691,0,0.050919,0.044365,1.926000,0.9986,0,-0.187193,0.064621,1.963000,0.9990,0
840,28.020075,1,0.066596,-0.522225,1.921000,0.9998,0,-0.266041,-0.476577,1.903000,0.9997,0,0.297770,-0.432401,1.944000,0.9154,0,-0.510418,-0.425950,1.915000,0.9543,0,0.440538,-0.557732,1.820000,0.9394,0,-0.650200,-0.559708,1.788000,0.9691,0,0.050311,0.043836,1.903000,0.9986,0,-0.187193,0.067855,1.963000,0.9990,0
841,28.053432,1,0.066388,-0.520594,1.915000,0.9999,0,-0.270095,-0.483839,1.932000,0.9997,0,0.296851,-0.431066,1.938000,0.9137,0,-0.498158,-0.415719,1.869000,0.9533,0,0.439085,-0.555893,1.814000,0.9383,0,-0.652382,-0.561586,1.794000,0.9689,0,0.050787,0.044250,1.921000,0.9987,0,-0.183665,0.066576,1.926000,0.9990,0
842,28.086789,1,0.066769,-0.523584,1.926000,0.9998,0,-0.266880,-0.478079,1.909000,0.9997,0,0.294247,-0.427285,1.921000,0.9129,0,-0.501090,-0.418165,1.880000,0.9530,0,0.437875,-0.554361,1.809000,0.9373,0,-0.648382,-0.558143,1.783000,0.9688,0,0.050628,0.044112,1.915000,0.9987,0,-0.187193,0.067855,1.963000,0.9990,0
843,28.120146,1,0.066596,-0.522225,1.921000,0.9998,0,-0.267719,-0.479582,1.915000,0.9997,0,0.297770,-0.432401,1.944000,0.9131,0,-0.499490,-0.416831,1.874000,0.9532,0,0.436665,-0.552829,1.804000,0.9379,0,-0.650200,-0.559708,1.788000,0.9693,0,0.050919,0.044365,1.926000,0.9986,0,-0.184809,0.066991,1.938000,0.9990,0
844,28.153503,1,0.066180,-0.518963,1.909000,0.9998,0,-0.266041,-0.476577,1.903000,0.9997,0,0.295932,-0.429732,1.932000,0.9123,0,-0.499490,-0.416831,1.874000,0.9529,0,0.439085,-0.555893,1.814000,0.9375,0,-0.653143,-0.559708,1.788000,0.9691,0,0.050628,0.044112,1.915000,0.9986,0,-0.184237,0.066783,1.932000,0.9990,0
845,28.186860,1,0.066596,-0.522225,1.921000,0.9998,0,-0.266880,-0.478079,1.909000,0.9997,0,0.296851,-0.431066,1.938000,0.9122,0,-0.498158,-0.415719,1.869000,0.9530,0,0.440538,-0.557732,1.820000,0.9368,0,-0.649490,-0.556578,1.778000,0.9690,0,0.050628,0.044112,1.915000,0.9986,0,-0.186049,0.070654,1.951000,0.9990,0
846,28.220218,1,0.065556,-0.514069,1.891000,0.9998,0,-0.267719,-0.479582,1.915000,0.9997,0,0.295932,-0.429732,1.932000,0.9114,0,-0.505621,-0.421947,1.897000,0.9519,0,0.437875,-0.554361,1.809000,0.9366,0,-0.651317,-0.558143,1.783000,0.9682,0,0.050628,0.044112,1.915000,0.9986,0,-0.186049,0.070654,1.951000,0.9990,0
847,28.253575,1,0.066596,-0.522225,1.921000,0.9998,0,-0.269256,-0.482337,1.926000,0.9997,0,0.295932,-0.429732,1.932000,0.9111,0,-0.504022,-0.420612,1.891000,0.9522,0,0.440538,-0.557732,1.820000,0.9363,0,-0.653143,-0.559708,1.788000,0.9684,0,0.050787,0.044250,1.921000,0.9987,0,-0.186049,0.067440,1.951000,0.9990,0
848,28.286932,1,0.066388,-0.520594,1.915000,0.9998,0,-0.267719,-0.479582,1.915000,0.9997,0,0.298842,-0.433958,1.951000,0.9097,0,-0.507220,-0.423281,1.903000,0.9521,0,0.436665,-0.552829,1.804000,0.9337,0,-0.651317,-0.558143,1.783000,0.9678,0,0.050787,0.044250,1.921000,0.9987,0,-0.185382,0.070400,1.944000,0.9990,0
849,28.320289,1,0.066596,-0.522225,1.921000,0.9998,0,-0.266880,-0.478079,1.909000,0.9997,0,0.298842,-0.433958,1.951000,0.9093,0,-0.496558,-0.414384,1.863000,0.9519,0,0.435455,-0.551297,1.799000,0.9331,0,-0.647664,-0.555012,1.773000,0.9674,0,0.053611,0.043974,1.909000,0.9987,0,-0.184809,0.070183,1.938000,0.9990,0
850,28.353646,1,0.066180,-0.518963,1.909000,0.9998,0,-0.266041,-0.476577,1.903000,0.9997,0,0.296851,-0.431066,1.938000,0.9101,0,-0.501090,-0.418165,1.880000,0.9527,0,0.436665,-0.552829,1.804000,0.9332,0,-0.651317,-0.558143,1.783000,0.9680,0,0.053780,0.044112,1.915000,0.9987,0,-0.184809,0.070183,1.938000,0.9990,0
851,28.387003,1,0.065972,-0.517332,1.903000,0.9998,0,-0.267719,-0.479582,1.915000,0.9997,0,0.300680,-0.433393,1.963000,0.9100,0,-0.505621,-0.421947,1.897000,0.9530,0,0.436665,-0.549857,1.804000,0.9324,0,-0.651317,-0.555205,1.783000,0.9682,0,0.053948,0.047415,1.921000,0.9987,0,-0.186049,0.070654,1.951000,0.9990,0
852,28.420361,1,0.066977,-0.525215,1.932000,0.9998,0,-0.266880,-0.478079,1.909000,0.9997,0,0.296851,-0.427874,1.938000,0.9076,0,-0.505621,-0.421947,1.897000,0.9522,0,0.437875,-0.551381,1.809000,0.9305,0,-0.651317,-0.555205,1.783000,0.9678,0,0.053948,0.047415,1.921000,0.9987,0,-0.189005,0.071777,1.982000,0.9990,0
853,28.453718,1,0.066180,-0.518963,1.909000,0.9998,0,-0.268557,-0.481084,1.921000,0.9997,0,0.295932,-0.426549,1.932000,0.9059,0,-0.496558,-0.414384,1.863000,0.9514,0,0.437875,-0.551381,1.809000,0.9290,0,-0.651317,-0.555205,1.783000,0.9676,0,0.054089,0.047538,1.926000,0.9987,0,-0.186049,0.070654,1.951000,0.9990,0
854,28.487075,1,0.066388,-0.520594,1.915000,0.9998,0,-0.264567,-0.479582,1.915000,0.9997,0,0.301599,-0.434718,1.969000,0.9058,0,-0.504022,-0.420612,1.891000,0.9515,0,0.437875,-0.551381,1.809000,0.9292,0,-0.649490,-0.553649,1.778000,0.9677,0,0.054089,0.047538,1.926000,0.9987,0,-0.185382,0.070400,1.944000,0.9990,0
855,28.520433,1,0.066180,-0.518963,1.909000,0.9998,0,-0.267719,-0.479582,1.915000,0.9997,0,0.296851,-0.427874,1.938000,0.9045,0,-0.495226,-0.413272,1.858000,0.9509,0,0.439085,-0.552905,1.814000,0.9281,0,-0.653143,-0.556762,1.788000,0.9676,0,0.053948,0.047415,1.921000,0.9987,0,-0.186049,0.070654,1.951000,0.9990,0
856,28.553790,1,0.066977,-0.525215,1.932000,0.9998,0,-0.266880,-0.478079,1.909000,0.9997,0,0.295932,-0.426549,1.932000,0.9057,0,-0.496558,-0.414384,1.863000,0.9518,0,0.436665,-0.549857,1.804000,0.9288,0,-0.652416,-0.553649,1.778000,0.9681,0,0.054257,0.047686,1.932000,0.9987,0,-0.186049,0.070654,1.951000,0.9991,0
857,28.587147,1,0.066769,-0.523584,1.926000,0.9998,0,-0.268557,-0.481084,1.921000,0.9997,0,0.296851,-0.427874,1.938000,0.9073,0,-0.498158,-0.415719,1.869000,0.9528,0,0.439085,-0.552905,1.814000,0.9298,0,-0.650582,-0.552092,1.773000,0.9689,0,0.053948,0.047415,1.921000,0.9988,0,-0.186621,0.067647,1.957000,0.9991,0
858,28.620504,1,0.066180,-0.518963,1.909000,0.9998,0,-0.268557,-0.481084,1.921000,0.9997,0,0.295932,-0.426549,1.932000,0.9086,0,-0.498158,-0.415719,1.869000,0.9533,0,0.439085,-0.552905,1.814000,0.9310,0,-0.652416,-0.553649,1.778000,0.9690,0,0.050787,0.047415,1.921000,0.9988,0,-0.187193,0.067855,1.963000,0.9991,0
859,28.653862,1,0.065972,-0.517332,1.903000,0.9998,0,-0.268557,-0.481084,1.921000,0.9997,0,0.297770,-0.429198,1.944000,0.9068,0,-0.496558,-0.414384,1.863000,0.9521,0,0.440538,-0.554734,1.820000,0.9309,0,-0.654251,-0.555205,1.783000,0.9689,0,0.053948,0.047415,1.921000,0.9988,0,-0.182182,0.067198,1.944000,0.9991,0
860,28.687219,1,0.066596,-0.522225,1.921000,0.9998,0,-0.267719,-0.479582,1.915000,0.9997,0,0.295932,-0.426549,1.932000,0.9060,0,-0.502689,-0.419500,1.886000,0.9516,0,0.437875,-0.551381,1.809000,0.9310,0,-0.654251,-0.555205,1.783000,0.9692,0,0.054426,0.047834,1.938000,0.9988,0,-0.181620,0.070183,1.938000,0.9991,0
861,28.720576,1,0.066388,-0.520594,1.915000,0.9998,0,-0.266041,-0.476577,1.903000,0.9997,0,0.295013,-0.425224,1.926000,0.9058,0,-0.496558,-0.414384,1.863000,0.9513,0,0.436665,-0.549857,1.804000,0.9312,0,-0.650582,-0.549171,1.773000,0.9686,0,0.054089,0.047538,1.926000,0.9988,0,-0.182838,0.070654,1.951000,0.9991,0
862,28.753933,1,0.066388,-0.520594,1.915000,0.9998,0,-0.266880,-0.478079,1.909000,0.9997,0,0.296851,-0.427874,1.938000,0.9061,0,-0.501090,-0.418165,1.880000,0.9510,0,0.439085,-0.552905,1.814000,0.9320,0,-0.658287,-0.555675,1.794000,0.9691,0,0.053948,0.047415,1.921000,0.9988,0,-0.182838,0.070654,1.951000,0.9991,0
863,28.787291,1,0.065972,-0.517332,1.903000,0.9998,0,-0.266041,-0.476577,1.903000,0.9997,0,0.296851,-0.427874,1.938000,0.9056,0,-0.510418,-0.422796,1.915000,0.9509,0,0.439085,-0.552905,1.814000,0.9309,0,-0.655343,-0.550719,1.778000,0.9686,0,0.053611,0.047119,1.909000,0.9987,0,-0.182182,0.067198,1.944000,0.9991,0
864,28.820648,1,0.066596,-0.522225,1.921000,0.9998,0,-0.266880,-0.478079,1.909000,0.9997,0,0.298842,-0.430744,1.951000,0.9061,0,-0.492294,-0.407783,1.847000,0.9517,0,0.439085,-0.552905,1.814000,0.9303,0,-0.655343,-0.550719,1.778000,0.9689,0,0.053780,0.047267,1.915000,0.9988,0,-0.182838,0.067440,1.951000,0.9991,0
865,28.854005,1,0.065972,-0.517332,1.903000,0.9998,0,-0.267719,-0.479582,1.915000,0.9997,0,0.298842,-0.430744,1.951000,0.9044,0,-0.508819,-0.421471,1.909000,0.9514,0,0.435455,-0.548333,1.799000,0.9289,0,-0.653500,-0.549171,1.773000,0.9690,0,0.054089,0.047538,1.926000,0.9988,0,-0.182838,0.067440,1.951000,0.9991,0
866,28.887363,1,0.066596,-0.522225,1.921000,0.9998,0,-0.266880,-0.478079,1.909000,0.9997,0,0.297770,-0.429198,1.944000,0.9039,0,-0.501090,-0.415068,1.880000,0.9519,0,0.439085,-0.552905,1.814000,0.9286,0,-0.655343,-0.547790,1.778000,0.9696,0,0.054089,0.047538,1.926000,0.9988,0,-0.186049,0.067440,1.951000,0.9991,0
867,28.920720,1,0.066596,-0.522225,1.921000,0.9998,0,-0.266041,-0.476577,1.903000,0.9997,0,0.299761,-0.432068,1.957000,0.9045,0,-0.501090,-0.415068,1.880000,0.9521,0,0.439085,-0.555893,1.814000,0.9297,0,-0.655343,-0.547790,1.778000,0.9704,0,0.053611,0.047119,1.909000,0.9988,0,-0.186621,0.067647,1.957000,0.9991,0
868,28.954077,1,0.065972,-0.517332,1.903000,0.9998,0,-0.266041,-0.476577,1.903000,0.9997,0,0.297770,-0.429198,1.944000,0.9056,0,-0.498158,-0.412640,1.869000,0.9522,0,0.441748,-0.559264,1.825000,0.9309,0,-0.655343,-0.547790,1.778000,0.9703,0,0.054426,0.047834,1.938000,0.9987,0,-0.184809,0.066991,1.938000,0.9991,0
869,28.987434,1,0.066596,-0.522225,1.921000,0.9998,0,-0.267719,-0.479582,1.915000,0.9997,0,0.298842,-0.430744,1.951000,0.9025,0,-0.501090,-0.415068,1.880000,0.9527,0,0.437875,-0.554361,1.809000,0.9267,0,-0.656418,-0.546250,1.773000,0.9706,0,0.053611,0.047119,1.909000,0.9988,0,-0.187193,0.067855,1.963000,0.9991,0
870,29.020792,1,0.066977,-0.525215,1.932000,0.9998,0,-0.266880,-0.478079,1.909000,0.9997,0,0.297770,-0.429198,1.944000,0.9031,0,-0.501090,-0.415068,1.880000,0.9529,0,0.439085,-0.555893,1.814000,0.9275,0,-0.656418,-0.546250,1.773000,0.9708,0,0.050469,0.047119,1.909000,0.9988,0,-0.185382,0.067198,1.944000,0.9991,0
871,29.054149,1,0.065556,-0.514069,1.891000,0.9998,0,-0.266041,-0.476577,1.903000,0.9997,0,0.297770,-0.432401,1.944000,0.9037,0,-0.501090,-0.415068,1.880000,0.9532,0,0.441748,-0.562271,1.825000,0.9280,0,-0.654567,-0.544709,1.768000,0.9704,0,0.050628,0.047267,1.915000,0.9988,0,-0.186049,0.067440,1.951000,0.9991,0
872,29.087506,1,0.065972,-0.517332,1.903000,0.9998,0,-0.266041,-0.476577,1.903000,0.9997,0,0.293661,-0.431066,1.938000,0.9048,0,-0.499490,-0.413744,1.874000,0.9530,0,0.436665,-0.555801,1.804000,0.9294,0,-0.652716,-0.543169,1.763000,0.9703,0,0.054257,0.047686,1.932000,0.9988,0,-0.184809,0.066991,1.938000,0.9991,0
873,29.120863,1,0.066977,-0.525215,1.932000,0.9998,0,-0.266880,-0.478079,1.909000,0.9997,0,0.292752,-0.429732,1.932000,0.9038,0,-0.496558,-0.411315,1.863000,0.9519,0,0.436665,-0.555801,1.804000,0.9294,0,-0.654567,-0.544709,1.768000,0.9700,0,0.053780,0.047267,1.915000,0.9988,0,-0.185382,0.067198,1.944000,0.9991,0
874,29.154221,1,0.066180,-0.518963,1.909000,0.9998,0,-0.267719,-0.479582,1.915000,0.9997,0,0.295631,-0.433958,1.951000,0.9045,0,-0.507220,-0.420146,1.903000,0.9523,0,0.436665,-0.555801,1.804000,0.9300,0,-0.654567,-0.544709,1.768000,0.9701,0,0.054089,0.047538,1.926000,0.9987,0,-0.184809,0.066991,1.938000,0.9991,0
875,29.187578,1,0.066388,-0.520594,1.915000,0.9998,0,-0.266041,-0.476577,1.903000,0.9997,0,0.295631,-0.433958,1.951000,0.9051,0,-0.512018,-0.424120,1.921000,0.9514,0,0.437875,-0.557341,1.809000,0.9311,0,-0.658269,-0.547790,1.778000,0.9700,0,0.054089,0.047538,1.926000,0.9987,0,-0.185382,0.070400,1.944000,0.9991,0
876,29.220935,1,0.066388,-0.520594,1.915000,0.9998,0,-0.267719,-0.479582,1.915000,0.9997,0,0.293661,-0.431066,1.938000,0.9056,0,-0.504022,-0.417497,1.891000,0.9504,0,0.439085,-0.558882,1.814000,0.9318,0,-0.658269,-0.547790,1.778000,0.9692,0,0.053948,0.047415,1.921000,0.9987,0,-0.184237,0.069966,1.932000,0.9991,0
877,29.254292,1,0.065764,-0.518826,1.897000,0.9998,0,-0.268557,-0.481084,1.921000,0.9997,0,0.293661,-0.431066,1.938000,0.9024,0,-0.508819,-0.421471,1.909000,0.9490,0,0.434898,-0.557341,1.809000,0.9296,0,-0.656418,-0.546250,1.773000,0.9685,0,0.054257,0.047686,1.932000,0.9987,0,-0.185382,0.070400,1.944000,0.9991,0
878,29.287650,1,0.065972,-0.520467,1.903000,0.9998,0,-0.267719,-0.479582,1.915000,0.9997,0,0.295631,-0.433958,1.951000,0.9011,0,-0.499490,-0.413744,1.874000,0.9486,0,0.433696,-0.555801,1.804000,0.9286,0,-0.656418,-0.546250,1.773000,0.9688,0,0.054089,0.047538,1.926000,0.9987,0,-0.186049,0.070654,1.951000,0.9991,0
879,29.321007,1,0.066596,-0.525390,1.921000,0.9998,0,-0.266880,-0.478079,1.909000,0.9997,0,0.292752,-0.429732,1.932000,0.8975,0,-0.510418,-0.422796,1.915000,0.9471,0,0.438744,-0.562271,1.825000,0.9263,0,-0.660121,-0.549331,1.783000,0.9679,0,0.054089,0.047538,1.926000,0.9988,0,-0.184809,0.070183,1.938000,0.9991,0
880,29.354364,1,0.066388,-0.523749,1.915000,0.9998,0,-0.269256,-0.482337,1.926000,0.9997,0,0.296540,-0.435292,1.957000,0.8983,0,-0.504022,-0.417497,1.891000,0.9473,0,0.434898,-0.557341,1.809000,0.9268,0,-0.656418,-0.546250,1.773000,0.9676,0,0.054089,0.047538,1.926000,0.9988,0,-0.186049,0.070654,1.951000,0.9991,0
881,29.387722,1,0.065972,-0.520467,1.903000,0.9998,0,-0.269256,-0.482337,1.926000,0.9997,0,0.295631,-0.433958,1.951000,0.8990,0,-0.501090,-0.415068,1.880000,0.9471,0,0.437542,-0.560730,1.820000,0.9283,0,-0.660121,-0.549331,1.783000,0.9678,0,0.054257,0.047686,1.932000,0.9988,0,-0.184809,0.070183,1.938000,0.9991,0
882,29.421079,1,0.066596,-0.525390,1.921000,0.9998,0,-0.267719,-0.479582,1.915000,0.9997,0,0.294570,-0.432401,1.944000,0.8946,0,-0.502689,-0.416393,1.886000,0.9458,0,0.432494,-0.554260,1.799000,0.9250,0,-0.654567,-0.541797,1.768000,0.9674,0,0.054089,0.047538,1.926000,0.9988,0,-0.185382,0.070400,1.944000,0.9991,0
883,29.454436,1,0.066180,-0.522108,1.909000,0.9998,0,-0.266880,-0.478079,1.909000,0.9997,0,0.293661,-0.431066,1.938000,0.8944,0,-0.495226,-0.410211,1.858000,0.9454,0,0.436100,-0.561870,1.814000,0.9246,0,-0.656418,-0.543329,1.773000,0.9671,0,0.053780,0.047267,1.915000,0.9988,0,-0.185382,0.070400,1.944000,0.9991,0
884,29.487794,1,0.065556,-0.517185,1.891000,0.9998,0,-0.266041,-0.476577,1.903000,0.9997,0,0.295631,-0.437172,1.951000,0.8947,0,-0.502689,-0.416393,1.886000,0.9456,0,0.436100,-0.561870,1.814000,0.9243,0,-0.661196,-0.544861,1.778000,0.9667,0,0.054089,0.047538,1.926000,0.9988,0,-0.185382,0.070400,1.944000,0.9991,0
885,29.521151,1,0.066180,-0.522108,1.909000,0.9998,0,-0.267719,-0.479582,1.915000,0.9997,0,0.295631,-0.437172,1.951000,0.8924,0,-0.502689,-0.416393,1.886000,0.9458,0,0.437542,-0.563729,1.820000,0.9215,0,-0.661196,-0.544861,1.778000,0.9667,0,0.053948,0.047415,1.921000,0.9988,0,-0.185382,0.070400,1.944000,0.9991,0
886,29.554508,1,0.066180,-0.522108,1.909000,0.9998,0,-0.266880,-0.478079,1.909000,0.9997,0,0.294570,-0.435603,1.944000,0.8902,0,-0.501090,-0.415068,1.880000,0.9465,0,0.436100,-0.561870,1.814000,0.9187,0,-0.659337,-0.543329,1.773000,0.9673,0,0.053780,0.047267,1.915000,0.9988,0,-0.187193,0.067855,1.963000,0.9991,0
887,29.587866,1,0.065972,-0.520467,1.903000,0.9998,0,-0.268557,-0.481084,1.921000,0.9997,0,0.294570,-0.435603,1.944000,0.8917,0,-0.502689,-0.416393,1.886000,0.9471,0,0.436100,-0.561870,1.814000,0.9202,0,-0.663055,-0.546393,1.783000,0.9676,0,0.053780,0.047267,1.915000,0.9987,0,-0.185382,0.067198,1.944000,0.9991,0
888,29.621223,1,0.066596,-0.525390,1.921000,0.9998,0,-0.267719,-0.479582,1.915000,0.9997,0,0.292752,-0.432915,1.932000,0.8920,0,-0.501090,-0.415068,1.880000,0.9468,0,0.434898,-0.560321,1.809000,0.9205,0,-0.659337,-0.543329,1.773000,0.9677,0,0.053611,0.043974,1.909000,0.9987,0,-0.186049,0.067440,1.951000,0.9991,0
889,29.654580,1,0.066769,-0.526757,1.926000,0.9998,0,-0.268557,-0.481084,1.921000,0.9997,0,0.292752,-0.432915,1.932000,0.8907,0,-0.504022,-0.414382,1.891000,0.9477,0,0.433696,-0.558773,1.804000,0.9178,0,-0.661196,-0.541932,1.778000,0.9678,0,0.054089,0.044365,1.926000,0.9987,0,-0.186049,0.067440,1.951000,0.9991,0
890,29.687938,1,0.064966,-0.512535,1.874000,0.9998,0,-0.266041,-0.476577,1.903000,0.9997,0,0.294570,-0.435603,1.944000,0.8898,0,-0.505621,-0.415696,1.897000,0.9482,0,0.436100,-0.561870,1.814000,0.9171,0,-0.659337,-0.540408,1.773000,0.9676,0,0.053948,0.044250,1.921000,0.9987,0,-0.187193,0.064621,1.963000,0.9991,0
891,29.721295,1,0.065556,-0.517185,1.891000,0.9998,0,-0.266041,-0.476577,1.903000,0.9997,0,0.295631,-0.437172,1.951000,0.8908,0,-0.496558,-0.408246,1.863000,0.9483,0,0.436100,-0.561870,1.814000,0.9180,0,-0.661196,-0.541932,1.778000,0.9679,0,0.053780,0.044112,1.915000,0.9987,0,-0.186049,0.064226,1.951000,0.9991,0
892,29.754653,1,0.066596,-0.525390,1.921000,0.9998,0,-0.268557,-0.481084,1.921000,0.9997,0,0.293661,-0.434259,1.938000,0.8926,0,-0.510418,-0.419641,1.915000,0.9491,0,0.434898,-0.560321,1.809000,0.9189,0,-0.663055,-0.543456,1.783000,0.9683,0,0.054089,0.044365,1.926000,0.9987,0,-0.186621,0.067647,1.957000,0.9991,0
893,29.788010,1,0.066180,-0.522108,1.909000,0.9998,0,-0.268557,-0.481084,1.921000,0.9997,0,0.293661,-0.434259,1.938000,0.8919,0,-0.510418,-0.419641,1.915000,0.9495,0,0.434898,-0.560321,1.809000,0.9172,0,-0.663055,-0.543456,1.783000,0.9679,0,0.053611,0.043974,1.909000,0.9987,0,-0.186049,0.067440,1.951000,0.9991,0
894,29.821367,1,0.065972,-0.520467,1.903000,0.9998,0,-0.267719,-0.479582,1.915000,0.9997,0,0.293661,-0.434259,1.938000,0.8855,0,-0.499490,-0.410656,1.874000,0.9484,0,0.437542,-0.563729,1.820000,0.9108,0,-0.661196,-0.541932,1.778000,0.9676,0,0.053948,0.044250,1.921000,0.9987,0,-0.186049,0.067440,1.951000,0.9991,0
895,29.854725,1,0.066769,-0.526757,1.926000,0.9998,0,-0.267719,-0.479582,1.915000,0.9997,0,0.292752,-0.432915,1.932000,0.8848,0,-0.504022,-0.414382,1.891000,0.9484,0,0.436100,-0.561870,1.814000,0.9103,0,-0.661196,-0.541932,1.778000,0.9682,0,0.053948,0.044250,1.921000,0.9987,0,-0.187193,0.067855,1.963000,0.9991,0
896,29.888082,1,0.067393,-0.531680,1.944000,0.9998,0,-0.266880,-0.478079,1.909000,0.9997,0,0.294570,-0.435603,1.944000,0.8843,0,-0.508819,-0.418326,1.909000,0.9477,0,0.437542,-0.563729,1.820000,0.9092,0,-0.663055,-0.543456,1.783000,0.9675,0,0.053780,0.044112,1.915000,0.9987,0,-0.186049,0.067440,1.951000,0.9991,0
897,29.921439,1,0.066388,-0.523749,1.915000,0.9998,0,-0.267719,-0.479582,1.915000,0.9997,0,0.293661,-0.434259,1.938000,0.8806,0,-0.507220,-0.417011,1.903000,0.9471,0,0.437542,-0.563729,1.820000,0.9056,0,-0.663055,-0.543456,1.783000,0.9671,0,0.053780,0.044112,1.915000,0.9987,0,-0.187766,0.068062,1.969000,0.9991,0
898,29.954797,1,0.065972,-0.520467,1.903000,0.9998,0,-0.266880,-0.478079,1.909000,0.9997,0,0.293661,-0.434259,1.938000,0.8823,0,-0.507220,-0.417011,1.903000,0.9481,0,0.434898,-0.560321,1.809000,0.9070,0,-0.659337,-0.540408,1.773000,0.9673,0,0.054089,0.047538,1.926000,0.9987,0,-0.186621,0.067647,1.957000,0.9991,0
