frame,time_s,has_pose,left_shoulder_x,left_shoulder_y,left_shoulder_z,left_shoulder_vis,left_shoulder_src,right_shoulder_x,right_shoulder_y,right_shoulder_z,right_shoulder_vis,right_shoulder_src,left_elbow_x,left_elbow_y,left_elbow_z,left_elbow_vis,left_elbow_src,right_elbow_x,right_elbow_y,right_elbow_z,right_elbow_vis,right_elbow_src,left_wrist_x,left_wrist_y,left_wrist_z,left_wrist_vis,left_wrist_src,right_wrist_x,right_wrist_y,right_wrist_z,right_wrist_vis,right_wrist_src,left_hip_x,left_hip_y,left_hip_z,left_hip_vis,left_hip_src,right_hip_x,right_hip_y,right_hip_z,right_hip_vis,right_hip_src
0,0.000000,1,-0.036115,-0.586789,1.696000,0.9997,0,-0.052303,-0.522510,1.678000,0.9932,0,,,,0.0522,1,,,,0.0100,1,,,,0.0396,1,,,,0.0171,1,-0.219103,-0.485218,1.753000,0.9997,0,-0.212724,-0.466556,1.748000,0.9997,0
1,0.033357,0,,,,,,,,,,,,,,,,,,,,,,,,,,,,,,,,,,,,,,,,
2,0.066714,0,,,,,,,,,,,,,,,,,,,,,,,,,,,,,,,,,,,,,,,,
3,0.100072,1,-0.021805,-0.577447,1.669000,0.9997,0,-0.033147,-0.539208,1.687000,0.9939,0,,,,0.0604,1,,,,0.0099,1,,,,0.0398,1,,,,0.0200,1,-0.133502,-0.459971,1.692000,0.9997,0,-0.136286,-0.440459,1.692000,0.9997,0
4,0.133429,1,-0.021922,-0.575032,1.678000,0.9997,0,-0.069449,-0.543594,1.692000,0.9944,0,,,,0.0682,1,,,,0.0219,1,,,,0.0430,1,,,,0.0353,1,-0.170077,-0.451630,1.724000,0.9997,0,-0.198906,-0.459227,1.753000,0.9997,0
5,0.166786,1,-0.027741,-0.581201,1.696000,0.9997,0,-0.058447,-0.530909,1.696000,0.9949,0,,,,0.0664,1,,,,0.0219,1,,,,0.0415,1,,,,0.0394,1,-0.188731,-0.458424,1.739000,0.9997,0,-0.192144,-0.456869,1.744000,0.9997,0
6,0.200143,0,,,,,,,,,,,,,,,,,,,,,,,,,,,,,,,,,,,,,,,,
7,0.233501,1,-0.058619,-0.538078,1.701000,0.9997,0,-0.086362,-0.508557,1.696000,0.9950,0,,,,0.0616,1,,,,0.0226,1,,,,0.0401,1,,,,0.0427,1,-0.213941,-0.446056,1.758000,0.9997,0,-0.219728,-0.451848,1.758000,0.9997,0
8,0.266858,1,-0.064370,-0.550579,1.705000,0.9997,0,-0.095239,-0.530917,1.705000,0.9954,0,,,,0.0588,1,,,,0.0290,1,,,,0.0389,1,,,,0.0512,1,-0.228409,-0.460537,1.758000,0.9997,0,-0.247956,-0.462115,1.753000,0.9997,0
9,0.300215,1,-0.036115,-0.572819,1.696000,0.9998,0,-0.052864,-0.553261,1.696000,0.9958,0,,,,0.1183,1,,,,0.0336,1,,,,0.0586,1,,,,0.0787,1,-0.226590,-0.474107,1.744000,0.9997,0,-0.226590,-0.476981,1.744000,0.9997,0
10,0.333572,1,0.002896,-0.578405,1.656000,0.9997,0,-0.024890,-0.568680,1.692000,0.9957,0,,,,0.1221,1,,,,0.0331,1,,,,0.0593,1,,,,0.0765,1,-0.226157,-0.490890,1.763000,0.9997,0,-0.216834,-0.498186,1.758000,0.9997,0
11,0.366929,0,,,,,,,,,,,,,,,,,,,,,,,,,,,,,,,,,,,,,,,,
12,0.400287,1,-0.044726,-0.561814,1.705000,0.9998,0,-0.064219,-0.529672,1.701000,0.9960,0,,,,0.1224,1,,,,0.0317,1,,,,0.0600,1,,,,0.0704,1,-0.195014,-0.462615,1.744000,0.9997,0,-0.191593,-0.461289,1.739000,0.9997,0
13,0.433644,0,,,,,,,,,,,,,,,,,,,,,,,,,,,,,,,,,,,,,,,,
14,0.467001,1,-0.052428,-0.518213,1.682000,0.9998,0,-0.057516,-0.500461,1.669000,0.9960,0,,,,0.1113,1,,,,0.0291,1,,,,0.0543,1,,,,0.0635,1,-0.206970,-0.446398,1.748000,0.9997,0,-0.227759,-0.456339,1.753000,0.9997,0
15,0.500358,0,,,,,,,,,,,,,,,,,,,,,,,,,,,,,,,,,,,,,,,,
16,0.533716,1,0.143361,-0.562294,1.673000,0.9998,0,-0.145797,-0.547234,1.739000,0.9964,0,,,,0.1986,1,,,,0.1233,1,,,,0.0969,1,,,,0.1353,1,0.082671,-0.247785,1.617000,0.9997,0,-0.050807,-0.249777,1.630000,0.9997,0
17,0.567073,1,0.143018,-0.558200,1.669000,0.9998,0,-0.150650,-0.538390,1.729000,0.9968,0,,,,0.2768,1,,,,0.2102,1,,,,0.1429,1,,,,0.2195,1,0.088430,-0.227595,1.625000,0.9998,0,-0.050277,-0.217942,1.613000,0.9998,0
18,0.600430,1,0.149265,-0.545416,1.647000,0.9998,0,-0.151521,-0.532910,1.739000,0.9971,0,,,,0.3432,1,,,,0.2853,1,,,,0.1692,1,,,,0.2862,1,0.099433,-0.155792,1.630000,0.9998,0,-0.051212,-0.148915,1.643000,0.9998,0
19,0.633787,1,0.155908,-0.544252,1.660000,0.9998,0,-0.156794,-0.525664,1.734000,0.9973,0,,,,0.3896,1,,,,0.3444,1,,,,0.1915,1,,,,0.3450,1,0.110165,-0.099402,1.630000,0.9997,0,-0.051867,-0.087769,1.664000,0.9998,0
20,0.667145,1,0.162636,-0.545758,1.673000,0.9997,0,-0.156342,-0.521300,1.729000,0.9975,0,,,,0.4320,1,,,,0.3994,1,,,,0.2165,1,,,,0.3957,1,0.119156,-0.040647,1.643000,0.9997,0,-0.060733,-0.030529,1.682000,0.9997,0
21,0.700502,1,0.165530,-0.534563,1.647000,0.9996,0,-0.161565,-0.516953,1.724000,0.9976,0,,,,0.4797,1,,,,0.4540,1,,,,0.2601,1,,,,0.4471,1,0.128276,-0.005504,1.656000,0.9996,0,-0.066821,0.002745,1.696000,0.9996,0
22,0.733859,1,0.171367,-0.535861,1.651000,0.9995,0,-0.163814,-0.524149,1.748000,0.9978,0,0.425433,-0.492621,1.625000,0.5200,0,-0.422751,-0.460797,1.748000,0.5021,0,,,,0.3085,1,,,,0.4992,1,0.137112,0.016400,1.664000,0.9995,0,-0.073813,0.031282,1.729000,0.9996,0
23,0.767216,1,0.175034,-0.536048,1.660000,0.9994,0,-0.162033,-0.518452,1.729000,0.9979,0,0.429425,-0.494137,1.630000,0.5559,0,-0.413657,-0.457106,1.734000,0.5464,0,,,,0.3461,1,-0.650040,-0.408963,1.748000,0.5473,0,0.141904,0.021777,1.656000,0.9994,0,-0.073813,0.031282,1.729000,0.9995,0
24,0.800573,1,0.177338,-0.534756,1.656000,0.9993,0,-0.162970,-0.521450,1.739000,0.9980,0,0.427789,-0.492657,1.634000,0.5916,0,-0.415304,-0.465003,1.753000,0.5849,0,,,,0.3922,1,-0.644833,-0.405687,1.734000,0.5892,0,0.144979,0.021830,1.660000,0.9993,0,-0.076437,0.031192,1.724000,0.9995,0
25,0.833930,1,0.175945,-0.527851,1.643000,0.9992,0,-0.162502,-0.519951,1.734000,0.9981,0,0.426742,-0.491451,1.630000,0.6243,0,-0.410317,-0.456249,1.720000,0.6186,0,,,,0.4324,1,-0.657670,-0.410132,1.753000,0.6251,0,0.145765,0.027447,1.669000,0.9992,0,-0.076437,0.039712,1.724000,0.9994,0
26,0.867288,1,0.179085,-0.529136,1.647000,0.9992,0,-0.159648,-0.519951,1.734000,0.9982,0,0.428836,-0.493863,1.638000,0.6541,0,-0.412464,-0.458636,1.729000,0.6504,0,,,,0.4729,1,-0.647687,-0.405687,1.734000,0.6600,0,0.144630,0.024505,1.656000,0.9991,0,-0.076038,0.033854,1.715000,0.9994,0
27,0.900645,1,0.181477,-0.536204,1.669000,0.9991,0,-0.162970,-0.521450,1.739000,0.9983,0,0.428836,-0.493863,1.638000,0.6786,0,-0.417712,-0.461289,1.739000,0.6772,0,,,,0.4997,1,-0.654293,-0.408027,1.744000,0.6878,0,0.145765,0.024698,1.669000,0.9991,0,-0.077324,0.040173,1.744000,0.9993,0
28,0.934002,1,0.179519,-0.530421,1.651000,0.9990,0,-0.160721,-0.514254,1.715000,0.9984,0,0.426742,-0.491451,1.630000,0.7033,0,-0.416511,-0.459963,1.734000,0.7034,0,0.631441,-0.509036,1.522000,0.5309,0,-0.655794,-0.408963,1.748000,0.7159,0,0.144630,0.024505,1.656000,0.9990,0,-0.076260,0.036787,1.720000,0.9993,0
29,0.967359,1,0.180063,-0.532028,1.656000,0.9990,0,-0.162033,-0.518452,1.729000,0.9985,0,0.424386,-0.488738,1.621000,0.7251,0,-0.412464,-0.458636,1.729000,0.7286,0,0.628537,-0.506695,1.515000,0.5596,0,-0.646790,-0.403348,1.724000,0.7431,0,0.144979,0.030034,1.660000,0.9989,0,-0.079505,0.045524,1.729000,0.9993,0
30,1.000717,1,0.180063,-0.532028,1.656000,0.9989,0,-0.161565,-0.516953,1.724000,0.9985,0,0.427789,-0.492657,1.634000,0.7454,0,-0.412464,-0.461485,1.729000,0.7503,0,0.630196,-0.508033,1.519000,0.5878,0,-0.648120,-0.402412,1.720000,0.7660,0,0.144193,0.029871,1.651000,0.9989,0,-0.079965,0.040058,1.739000,0.9992,0
31,1.034074,1,0.178650,-0.527851,1.643000,0.9989,0,-0.162033,-0.518452,1.729000,0.9986,0,0.428107,-0.489944,1.625000,0.7649,0,-0.411271,-0.460150,1.724000,0.7697,0,0.630196,-0.508033,1.519000,0.6160,0,-0.653395,-0.405687,1.734000,0.7866,0,0.144979,0.027299,1.660000,0.9988,0,-0.079275,0.039712,1.724000,0.9992,0
32,1.067431,1,0.179519,-0.530421,1.651000,0.9989,0,-0.162502,-0.519951,1.734000,0.9987,0,0.429425,-0.491451,1.630000,0.7822,0,-0.416042,-0.465488,1.744000,0.7886,0,0.628537,-0.506695,1.515000,0.6389,0,-0.649627,-0.406188,1.724000,0.8060,0,0.147355,0.029962,1.656000,0.9988,0,-0.078861,0.039505,1.715000,0.9992,0
33,1.100788,1,0.179519,-0.527701,1.651000,0.9990,0,-0.159187,-0.518452,1.729000,0.9987,0,0.430478,-0.492657,1.634000,0.7995,0,-0.407931,-0.456413,1.710000,0.8033,0,0.637664,-0.514053,1.537000,0.6677,0,-0.642468,-0.401711,1.705000,0.8226,0,0.143844,0.027086,1.647000,0.9988,0,-0.079505,0.036979,1.729000,0.9992,0
34,1.134145,1,0.179519,-0.527701,1.651000,0.9989,0,-0.162502,-0.519951,1.734000,0.9988,0,0.429425,-0.491451,1.630000,0.8118,0,-0.409124,-0.457748,1.715000,0.8170,0,0.626877,-0.505357,1.511000,0.6819,0,-0.646236,-0.404067,1.715000,0.8368,0,0.145328,0.027365,1.664000,0.9988,0,-0.079505,0.036979,1.729000,0.9992,0
35,1.167503,1,0.179519,-0.527701,1.651000,0.9989,0,-0.162033,-0.518452,1.729000,0.9988,0,0.426000,-0.484868,1.617000,0.8231,0,-0.411271,-0.460150,1.724000,0.8284,0,0.631030,-0.509191,1.515000,0.6952,0,-0.640961,-0.400769,1.701000,0.8492,0,0.144979,0.024565,1.660000,0.9988,0,-0.079505,0.036979,1.729000,0.9991,0
36,1.200860,1,0.180933,-0.531857,1.664000,0.9988,0,-0.161190,-0.515753,1.720000,0.9988,0,0.430478,-0.489966,1.634000,0.8305,0,-0.416042,-0.465488,1.744000,0.8389,0,0.633946,-0.511543,1.522000,0.7022,0,-0.640354,-0.398648,1.692000,0.8603,0,0.148067,0.027365,1.664000,0.9987,0,-0.079505,0.039828,1.729000,0.9991,0
37,1.234217,1,0.181477,-0.533455,1.669000,0.9989,0,-0.162033,-0.518452,1.729000,0.9988,0,0.430478,-0.489966,1.634000,0.8413,0,-0.411271,-0.460150,1.724000,0.8493,0,0.631030,-0.511687,1.515000,0.7184,0,-0.646560,-0.400769,1.701000,0.8720,0,0.146910,0.027151,1.651000,0.9987,0,-0.079735,0.039943,1.734000,0.9991,0
38,1.267574,1,0.179519,-0.527701,1.651000,0.9989,0,-0.160253,-0.512755,1.710000,0.9989,0,0.433168,-0.489966,1.634000,0.8515,0,-0.411271,-0.460150,1.724000,0.8595,0,0.626449,-0.510449,1.504000,0.7330,0,-0.641239,-0.397470,1.687000,0.8822,0,0.148868,0.027513,1.673000,0.9987,0,-0.079505,0.039828,1.729000,0.9991,0
39,1.300931,1,0.180063,-0.529300,1.656000,0.9988,0,-0.162502,-0.519951,1.734000,0.9989,0,0.432108,-0.488766,1.630000,0.8580,0,-0.411271,-0.460150,1.724000,0.8682,0,0.627251,-0.514034,1.500000,0.7386,0,-0.648080,-0.401711,1.705000,0.8919,0,0.148868,0.027513,1.673000,0.9986,0,-0.079505,0.039828,1.729000,0.9990,0
40,1.334289,1,0.178106,-0.523546,1.638000,0.9988,0,-0.161565,-0.516953,1.724000,0.9989,0,0.430782,-0.487267,1.625000,0.8633,0,-0.413148,-0.459082,1.720000,0.8741,0,0.631851,-0.520292,1.511000,0.7424,0,-0.648080,-0.401711,1.705000,0.8984,0,0.147711,0.027299,1.660000,0.9986,0,-0.078631,0.042207,1.710000,0.9990,0
41,1.367646,1,0.180498,-0.530578,1.660000,0.9987,0,-0.161565,-0.516953,1.724000,0.9989,0,0.432108,-0.488766,1.630000,0.8686,0,-0.417712,-0.464154,1.739000,0.8821,0,0.630597,-0.519259,1.508000,0.7474,0,-0.647451,-0.399591,1.696000,0.9069,0,0.147711,0.030034,1.660000,0.9985,0,-0.079965,0.042923,1.739000,0.9990,0
42,1.401003,1,0.179519,-0.527701,1.651000,0.9987,0,-0.161565,-0.516953,1.724000,0.9990,0,0.438258,-0.492664,1.643000,0.8755,0,-0.410746,-0.456413,1.710000,0.8888,0,0.628924,-0.520360,1.504000,0.7587,0,-0.647451,-0.399591,1.696000,0.9144,0,0.147355,0.027234,1.656000,0.9985,0,-0.079735,0.042799,1.734000,0.9990,0
43,1.434361,1,0.180063,-0.529300,1.656000,0.9987,0,-0.162033,-0.518452,1.729000,0.9989,0,0.439620,-0.491165,1.638000,0.8809,0,-0.412351,-0.455079,1.705000,0.8935,0,0.637697,-0.528052,1.519000,0.7649,0,-0.642106,-0.396292,1.682000,0.9184,0,0.148087,0.029564,1.634000,0.9985,0,-0.079965,0.048652,1.739000,0.9990,0
44,1.467718,1,0.178650,-0.525144,1.643000,0.9987,0,-0.159784,-0.511255,1.705000,0.9989,0,0.436131,-0.489944,1.625000,0.8812,0,-0.413560,-0.456413,1.710000,0.8940,0,0.636451,-0.526587,1.522000,0.7600,0,-0.646792,-0.397470,1.687000,0.9174,0,0.149265,0.029799,1.647000,0.9984,0,-0.077324,0.048792,1.744000,0.9989,0
45,1.501075,1,0.181477,-0.533455,1.669000,0.9986,0,-0.161190,-0.515753,1.720000,0.9989,0,0.443667,-0.495371,1.643000,0.8811,0,-0.414770,-0.454923,1.715000,0.8960,0,0.626782,-0.519013,1.493000,0.7564,0,-0.653034,-0.399591,1.696000,0.9210,0,0.148903,0.029726,1.643000,0.9984,0,-0.079735,0.048512,1.734000,0.9989,0
46,1.534433,1,0.180063,-0.529300,1.656000,0.9987,0,-0.161565,-0.516953,1.724000,0.9989,0,0.436131,-0.487267,1.625000,0.8867,0,-0.409207,-0.448822,1.692000,0.8989,0,0.633079,-0.524228,1.508000,0.7672,0,-0.640712,-0.394792,1.664000,0.9241,0,0.149628,0.029871,1.651000,0.9984,0,-0.079735,0.048512,1.734000,0.9989,0
47,1.567790,1,0.180063,-0.529300,1.656000,0.9987,0,-0.162033,-0.518452,1.729000,0.9989,0,0.439620,-0.491165,1.638000,0.8928,0,-0.419365,-0.459963,1.734000,0.9043,0,0.631400,-0.522837,1.504000,0.7802,0,-0.644178,-0.396928,1.673000,0.9295,0,0.150081,0.029962,1.656000,0.9984,0,-0.080378,0.046025,1.748000,0.9988,0
48,1.601147,1,0.178650,-0.525144,1.643000,0.9988,0,-0.161565,-0.516953,1.724000,0.9990,0,0.438547,-0.489966,1.634000,0.8976,0,-0.410174,-0.449883,1.696000,0.9086,0,0.633079,-0.524228,1.508000,0.7902,0,-0.642638,-0.395979,1.669000,0.9337,0,0.150444,0.030034,1.660000,0.9984,0,-0.079735,0.045656,1.734000,0.9989,0
49,1.634505,1,0.180933,-0.531857,1.664000,0.9988,0,-0.161190,-0.515753,1.720000,0.9990,0,0.433457,-0.487267,1.625000,0.9019,0,-0.411384,-0.454011,1.701000,0.9126,0,0.625997,-0.517938,1.497000,0.7983,0,-0.640712,-0.394792,1.664000,0.9379,0,0.149265,0.029799,1.647000,0.9984,0,-0.079505,0.045524,1.729000,0.9988,0
50,1.667862,1,0.180933,-0.531857,1.664000,0.9988,0,-0.160721,-0.514254,1.715000,0.9990,0,0.436924,-0.491165,1.638000,0.9029,0,-0.406789,-0.448940,1.682000,0.9152,0,0.628924,-0.520360,1.504000,0.7972,0,-0.635707,-0.394428,1.651000,0.9407,0,0.151622,0.033025,1.673000,0.9984,0,-0.079965,0.045788,1.739000,0.9989,0
51,1.701219,1,0.179519,-0.527701,1.651000,0.9988,0,-0.161565,-0.516953,1.724000,0.9990,0,0.435058,-0.486067,1.621000,0.9043,0,-0.401468,-0.443068,1.660000,0.9184,0,0.624324,-0.514094,1.493000,0.7973,0,-0.638424,-0.394428,1.651000,0.9438,0,0.149628,0.032591,1.651000,0.9984,0,-0.077102,0.045788,1.739000,0.9988,0
52,1.734576,1,0.180933,-0.531857,1.664000,0.9988,0,-0.161565,-0.516953,1.724000,0.9990,0,0.430782,-0.484590,1.625000,0.9045,0,-0.414777,-0.451609,1.692000,0.9174,0,0.628115,-0.514291,1.508000,0.7977,0,-0.638789,-0.394021,1.638000,0.9408,0,0.150081,0.032690,1.656000,0.9984,0,-0.076260,0.045287,1.720000,0.9988,0
53,1.767934,1,0.180498,-0.527843,1.660000,0.9988,0,-0.159409,-0.510056,1.701000,0.9990,0,0.429722,-0.480727,1.621000,0.9053,0,-0.411345,-0.447872,1.678000,0.9163,0,0.630196,-0.515540,1.519000,0.8016,0,-0.632160,-0.392602,1.621000,0.9406,0,0.150444,0.032769,1.660000,0.9983,0,-0.076659,0.045524,1.729000,0.9988,0
54,1.801291,1,0.180498,-0.527843,1.660000,0.9988,0,-0.160721,-0.514254,1.715000,0.9990,0,0.430782,-0.481913,1.625000,0.9065,0,-0.409139,-0.445470,1.669000,0.9174,0,0.633100,-0.517916,1.526000,0.8061,0,-0.631695,-0.393322,1.613000,0.9424,0,0.150081,0.032690,1.656000,0.9983,0,-0.076260,0.045287,1.720000,0.9988,0
55,1.834648,1,0.181477,-0.530705,1.669000,0.9988,0,-0.161565,-0.516953,1.724000,0.9990,0,0.427789,-0.481890,1.634000,0.9058,0,-0.406932,-0.445803,1.660000,0.9170,0,0.630589,-0.510374,1.526000,0.8073,0,-0.626604,-0.392787,1.600000,0.9441,0,0.150081,0.032690,1.656000,0.9983,0,-0.076881,0.045656,1.734000,0.9987,0
56,1.868006,1,0.180498,-0.527843,1.660000,0.9988,0,-0.160721,-0.514254,1.715000,0.9990,0,0.429131,-0.489558,1.660000,0.9071,0,-0.403746,-0.442311,1.647000,0.9185,0,0.628077,-0.502832,1.526000,0.8128,0,-0.616652,-0.387515,1.568000,0.9464,0,0.150806,0.032848,1.664000,0.9983,0,-0.076659,0.045524,1.729000,0.9987,0
57,1.901363,1,0.180498,-0.527843,1.660000,0.9989,0,-0.162590,-0.511255,1.705000,0.9990,0,0.422410,-0.479198,1.634000,0.9079,0,-0.400559,-0.438820,1.634000,0.9173,0,0.629723,-0.501629,1.530000,0.8174,0,-0.615079,-0.391679,1.564000,0.9478,0,0.148087,0.032255,1.634000,0.9982,0,-0.079505,0.045524,1.729000,0.9987,0
58,1.934720,1,0.180498,-0.527843,1.660000,0.9988,0,-0.162209,-0.510056,1.701000,0.9990,0,0.424087,-0.484184,1.651000,0.9069,0,-0.399578,-0.440431,1.630000,0.9188,0,0.629723,-0.499109,1.530000,0.8164,0,-0.601708,-0.385685,1.530000,0.9503,0,0.150806,0.032848,1.664000,0.9982,0,-0.078861,0.045156,1.715000,0.9987,0
59,1.968078,1,0.180063,-0.526572,1.656000,0.9989,0,-0.163544,-0.514254,1.715000,0.9990,0,0.425372,-0.485650,1.656000,0.9075,0,-0.398353,-0.441757,1.625000,0.9193,0,0.631714,-0.500159,1.541000,0.8212,0,-0.594236,-0.388363,1.511000,0.9522,0,0.150081,0.032690,1.656000,0.9982,0,-0.079965,0.045788,1.739000,0.9987,0
60,2.001435,1,0.175945,-0.522438,1.643000,0.9989,0,-0.162209,-0.510056,1.701000,0.9990,0,0.420349,-0.480297,1.647000,0.9071,0,-0.390808,-0.438964,1.605000,0.9179,0,0.631714,-0.497620,1.541000,0.8246,0,-0.593958,-0.393997,1.504000,0.9528,0,0.150444,0.032769,1.660000,0.9982,0,-0.079275,0.045393,1.724000,0.9987,0
61,2.034792,1,0.178194,-0.529115,1.664000,0.9989,0,-0.162590,-0.511255,1.705000,0.9990,0,0.416010,-0.475340,1.630000,0.9061,0,-0.392756,-0.441152,1.613000,0.9154,0,0.629178,-0.497620,1.541000,0.8267,0,-0.585977,-0.392784,1.490000,0.9532,0,0.149628,0.032591,1.651000,0.9981,0,-0.080378,0.046025,1.748000,0.9986,0
62,2.068150,1,0.177766,-0.527843,1.660000,0.9989,0,-0.161732,-0.508557,1.696000,0.9990,0,0.415356,-0.477673,1.638000,0.9060,0,-0.386669,-0.436931,1.588000,0.9144,0,0.629178,-0.495081,1.541000,0.8296,0,-0.584404,-0.394178,1.486000,0.9539,0,0.148903,0.032433,1.643000,0.9981,0,-0.079505,0.045524,1.729000,0.9985,0
63,2.101507,1,0.179158,-0.531977,1.673000,0.9989,0,-0.161351,-0.507357,1.692000,0.9990,0,0.415935,-0.481464,1.651000,0.9052,0,-0.383747,-0.433629,1.576000,0.9157,0,0.635995,-0.499894,1.564000,0.8303,0,-0.574965,-0.392629,1.462000,0.9553,0,0.149628,0.032591,1.651000,0.9981,0,-0.079275,0.045393,1.724000,0.9985,0
64,2.134865,1,0.178730,-0.530705,1.669000,0.9989,0,-0.161732,-0.508557,1.696000,0.9990,0,0.415935,-0.478744,1.651000,0.9053,0,-0.385990,-0.439132,1.596000,0.9165,0,0.628965,-0.493820,1.553000,0.8328,0,-0.573392,-0.391554,1.458000,0.9560,0,0.149628,0.032591,1.651000,0.9980,0,-0.079275,0.045393,1.724000,0.9985,0
65,2.168222,1,0.177766,-0.527843,1.660000,0.9990,0,-0.161732,-0.508557,1.696000,0.9990,0,0.414469,-0.480194,1.656000,0.9081,0,-0.376637,-0.434011,1.568000,0.9169,0,0.633420,-0.494741,1.564000,0.8391,0,-0.556894,-0.384229,1.422000,0.9569,0,0.149628,0.032591,1.651000,0.9980,0,-0.079965,0.045788,1.739000,0.9985,0
66,2.201579,1,0.178194,-0.529115,1.664000,0.9990,0,-0.160397,-0.504359,1.682000,0.9990,0,0.411215,-0.476424,1.643000,0.9080,0,-0.373995,-0.430966,1.557000,0.9183,0,0.628965,-0.491261,1.553000,0.8421,0,-0.555723,-0.385040,1.425000,0.9591,0,0.149628,0.032591,1.651000,0.9980,0,-0.079965,0.045788,1.739000,0.9985,0
67,2.234937,1,0.178730,-0.530705,1.669000,0.9990,0,-0.159539,-0.501660,1.673000,0.9990,0,0.415470,-0.478619,1.660000,0.9083,0,-0.375676,-0.435481,1.564000,0.9185,0,0.635040,-0.493423,1.568000,0.8456,0,-0.551048,-0.385756,1.419000,0.9610,0,0.150081,0.032690,1.656000,0.9980,0,-0.080195,0.045919,1.744000,0.9985,0
68,2.268294,1,0.178194,-0.529115,1.664000,0.9990,0,-0.161351,-0.507357,1.692000,0.9990,0,0.413218,-0.476024,1.651000,0.9087,0,-0.370478,-0.432418,1.553000,0.9194,0,0.632460,-0.493423,1.568000,0.8494,0,-0.547165,-0.385359,1.409000,0.9629,0,0.150081,0.032690,1.656000,0.9980,0,-0.079275,0.045393,1.724000,0.9985,0
69,2.301651,1,0.181193,-0.538019,1.692000,0.9990,0,-0.160016,-0.503159,1.678000,0.9991,0,0.415470,-0.478619,1.660000,0.9090,0,-0.373102,-0.435481,1.564000,0.9186,0,0.633420,-0.489588,1.564000,0.8533,0,-0.541365,-0.382897,1.400000,0.9642,0,0.150081,0.032690,1.656000,0.9980,0,-0.079505,0.045524,1.729000,0.9984,0
70,2.335008,1,0.178730,-0.530705,1.669000,0.9991,0,-0.156785,-0.501660,1.673000,0.9991,0,0.413218,-0.476024,1.651000,0.9127,0,-0.363484,-0.432735,1.545000,0.9206,0,0.638913,-0.495849,1.584000,0.8610,0,-0.537521,-0.384103,1.396000,0.9661,0,0.150081,0.032690,1.656000,0.9980,0,-0.079965,0.045788,1.739000,0.9985,0
71,2.368366,1,0.181621,-0.539291,1.696000,0.9991,0,-0.156785,-0.501660,1.673000,0.9991,0,0.411215,-0.473717,1.643000,0.9153,0,-0.355846,-0.432182,1.534000,0.9219,0,0.635686,-0.493344,1.576000,0.8669,0,-0.528347,-0.384742,1.390000,0.9676,0,0.150081,0.029962,1.656000,0.9981,0,-0.079965,0.042923,1.739000,0.9985,0
72,2.401723,1,0.181621,-0.539291,1.696000,0.9991,0,-0.157254,-0.505924,1.678000,0.9992,0,0.416471,-0.477031,1.664000,0.9177,0,-0.355855,-0.435281,1.545000,0.9230,0,0.635686,-0.490748,1.576000,0.8722,0,-0.524924,-0.386197,1.387000,0.9689,0,0.150444,0.030034,1.660000,0.9981,0,-0.079735,0.042799,1.734000,0.9986,0
73,2.435081,1,0.180122,-0.534839,1.682000,0.9992,0,-0.157629,-0.507130,1.682000,0.9992,0,0.415470,-0.475884,1.660000,0.9192,0,-0.354933,-0.434154,1.541000,0.9237,0,0.635686,-0.490748,1.576000,0.8762,0,-0.519250,-0.383691,1.378000,0.9700,0,0.150081,0.029962,1.656000,0.9982,0,-0.079505,0.042676,1.729000,0.9986,0
74,2.468438,1,0.182156,-0.540881,1.701000,0.9992,0,-0.157254,-0.505924,1.678000,0.9992,0,0.416471,-0.477031,1.664000,0.9210,0,-0.350796,-0.434709,1.534000,0.9244,0,0.642140,-0.495730,1.592000,0.8806,0,-0.520358,-0.386197,1.387000,0.9706,0,0.148087,0.029564,1.634000,0.9982,0,-0.079505,0.042676,1.729000,0.9986,0
75,2.501796,1,0.183434,-0.536429,1.687000,0.9992,0,-0.154031,-0.504416,1.673000,0.9992,0,0.413218,-0.473304,1.651000,0.9223,0,-0.346423,-0.435559,1.537000,0.9261,0,0.640527,-0.494485,1.588000,0.8836,0,-0.516955,-0.387641,1.384000,0.9722,0,0.149265,0.029799,1.647000,0.9982,0,-0.077102,0.042923,1.739000,0.9986,0
76,2.535153,1,0.180933,-0.529115,1.664000,0.9992,0,-0.154031,-0.504416,1.673000,0.9993,0,0.415470,-0.475884,1.660000,0.9250,0,-0.348271,-0.434709,1.534000,0.9279,0,0.638913,-0.493239,1.584000,0.8898,0,-0.515834,-0.386801,1.381000,0.9734,0,0.150081,0.029962,1.656000,0.9983,0,-0.076881,0.042799,1.734000,0.9987,0
77,2.568511,1,0.181477,-0.527956,1.669000,0.9992,0,-0.154860,-0.507130,1.682000,0.9993,0,0.415470,-0.475884,1.660000,0.9255,0,-0.350769,-0.440371,1.545000,0.9275,0,0.635686,-0.490748,1.576000,0.8901,0,-0.515834,-0.389076,1.381000,0.9737,0,0.150444,0.030034,1.660000,0.9983,0,-0.079965,0.045788,1.739000,0.9987,0
78,2.601868,1,0.181912,-0.529221,1.673000,0.9992,0,-0.153663,-0.503210,1.669000,0.9992,0,0.412738,-0.473150,1.660000,0.9234,0,-0.345747,-0.437236,1.534000,0.9242,0,0.640527,-0.494485,1.588000,0.8868,0,-0.516955,-0.389921,1.384000,0.9723,0,0.153545,0.030106,1.664000,0.9983,0,-0.077102,0.045788,1.739000,0.9987,0
79,2.635226,1,0.184413,-0.536497,1.696000,0.9992,0,-0.154031,-0.504416,1.673000,0.9992,0,0.415970,-0.476855,1.673000,0.9235,0,-0.345747,-0.437236,1.534000,0.9188,0,0.633092,-0.490748,1.576000,0.8893,0,-0.511330,-0.387386,1.375000,0.9710,0,0.151259,0.030197,1.669000,0.9982,0,-0.076881,0.042799,1.734000,0.9986,0
80,2.668583,1,0.184413,-0.536497,1.696000,0.9992,0,-0.154860,-0.507130,1.682000,0.9992,0,0.417214,-0.478280,1.678000,0.9254,0,-0.346455,-0.434956,1.526000,0.9192,0,0.639520,-0.493108,1.592000,0.8926,0,-0.516908,-0.391612,1.390000,0.9710,0,0.152345,0.029871,1.651000,0.9982,0,-0.076659,0.042676,1.729000,0.9986,0
81,2.701941,1,0.181912,-0.529221,1.673000,0.9992,0,-0.152092,-0.507130,1.682000,0.9992,0,0.411744,-0.472009,1.656000,0.9232,0,-0.343958,-0.431820,1.515000,0.9152,0,0.637913,-0.491869,1.588000,0.8919,0,-0.514677,-0.389921,1.384000,0.9699,0,0.149628,0.029871,1.651000,0.9982,0,-0.077102,0.042923,1.739000,0.9986,0
82,2.735298,1,0.181912,-0.529221,1.673000,0.9992,0,-0.151278,-0.504416,1.673000,0.9992,0,0.415970,-0.476855,1.673000,0.9254,0,-0.349861,-0.439231,1.541000,0.9159,0,0.642140,-0.493108,1.592000,0.8959,0,-0.512445,-0.388231,1.378000,0.9712,0,0.154375,0.030269,1.673000,0.9982,0,-0.076260,0.042454,1.720000,0.9986,0
83,2.768656,1,0.182455,-0.530803,1.678000,0.9992,0,-0.150916,-0.503210,1.669000,0.9992,0,0.414976,-0.475715,1.669000,0.9249,0,-0.347363,-0.436096,1.530000,0.9112,0,0.642140,-0.493108,1.592000,0.8972,0,-0.512445,-0.388231,1.378000,0.9686,0,0.153176,0.030034,1.660000,0.9982,0,-0.076437,0.042552,1.724000,0.9985,0
84,2.802013,1,0.185935,-0.540925,1.710000,0.9993,0,-0.152092,-0.507130,1.682000,0.9992,0,0.418724,-0.476855,1.673000,0.9276,0,-0.346455,-0.434956,1.526000,0.9122,0,0.640527,-0.491869,1.588000,0.9021,0,-0.514620,-0.391612,1.390000,0.9698,0,0.154006,0.030197,1.669000,0.9982,0,-0.076437,0.042552,1.724000,0.9985,0
85,2.835371,1,0.183978,-0.535231,1.692000,0.9993,0,-0.152092,-0.507130,1.682000,0.9992,0,0.418724,-0.474099,1.673000,0.9266,0,-0.344866,-0.432960,1.519000,0.9111,0,0.643753,-0.494347,1.596000,0.9018,0,-0.515731,-0.392457,1.393000,0.9703,0,0.151622,0.030269,1.673000,0.9981,0,-0.077102,0.042923,1.739000,0.9985,0
86,2.868728,1,0.184413,-0.536497,1.696000,0.9993,0,-0.149767,-0.508637,1.687000,0.9992,0,0.415470,-0.470415,1.660000,0.9272,0,-0.343042,-0.433815,1.522000,0.9116,0,0.645367,-0.492950,1.600000,0.9040,0,-0.514620,-0.391612,1.390000,0.9715,0,0.149628,0.029871,1.651000,0.9981,0,-0.077723,0.043268,1.753000,0.9985,0
87,2.902086,1,0.182455,-0.530803,1.678000,0.9992,0,-0.150211,-0.510145,1.692000,0.9992,0,0.417723,-0.472965,1.669000,0.9275,0,-0.343222,-0.437236,1.534000,0.9129,0,0.637300,-0.486788,1.580000,0.9042,0,-0.513509,-0.393051,1.387000,0.9723,0,0.150444,0.030034,1.660000,0.9981,0,-0.077324,0.043046,1.744000,0.9985,0
88,2.935443,1,0.183434,-0.533650,1.687000,0.9992,0,-0.148524,-0.504416,1.673000,0.9992,0,0.418724,-0.474099,1.673000,0.9263,0,-0.343222,-0.437236,1.534000,0.9135,0,0.642140,-0.490485,1.592000,0.9031,0,-0.513509,-0.393051,1.387000,0.9729,0,0.151622,0.030269,1.673000,0.9981,0,-0.077501,0.046025,1.748000,0.9985,0
89,2.968801,1,0.183434,-0.530870,1.687000,0.9992,0,-0.148524,-0.504416,1.673000,0.9992,0,0.416471,-0.471548,1.664000,0.9255,0,-0.343893,-0.438091,1.537000,0.9131,0,0.642140,-0.490485,1.592000,0.9025,0,-0.513509,-0.393051,1.387000,0.9730,0,0.152075,0.030360,1.678000,0.9981,0,-0.077501,0.046025,1.748000,0.9985,0
90,3.002158,1,0.183978,-0.532444,1.692000,0.9992,0,-0.148968,-0.505924,1.678000,0.9992,0,0.417723,-0.472965,1.669000,0.9258,0,-0.347473,-0.442651,1.553000,0.9137,0,0.632460,-0.483091,1.568000,0.9031,0,-0.513509,-0.395336,1.387000,0.9736,0,0.152075,0.030360,1.678000,0.9981,0,-0.077102,0.045788,1.739000,0.9985,0
91,3.035516,1,0.185659,-0.529297,1.682000,0.9992,0,-0.148968,-0.505924,1.678000,0.9991,0,0.415935,-0.467864,1.651000,0.9246,0,-0.344788,-0.439231,1.541000,0.9084,0,0.647384,-0.494490,1.605000,0.9024,0,-0.513509,-0.395336,1.387000,0.9712,0,0.150806,0.030106,1.664000,0.9981,0,-0.076881,0.042799,1.734000,0.9985,0
92,3.068873,1,0.186762,-0.532444,1.692000,0.9992,0,-0.149767,-0.511416,1.687000,0.9991,0,0.418203,-0.470415,1.660000,0.9252,0,-0.342252,-0.439231,1.541000,0.9053,0,0.645367,-0.492950,1.600000,0.9051,0,-0.512332,-0.398481,1.390000,0.9719,0,0.151622,0.027513,1.673000,0.9980,0,-0.077324,0.043046,1.744000,0.9984,0
93,3.102231,1,0.184224,-0.525206,1.669000,0.9992,0,-0.145771,-0.507172,1.673000,0.9991,0,0.415935,-0.467864,1.651000,0.9261,0,-0.336304,-0.438091,1.537000,0.9036,0,0.639900,-0.484185,1.580000,0.9078,0,-0.513714,-0.401348,1.400000,0.9725,0,0.151259,0.027447,1.669000,0.9980,0,-0.077102,0.042923,1.739000,0.9984,0
94,3.135588,1,0.186762,-0.532444,1.692000,0.9992,0,-0.147775,-0.514145,1.696000,0.9991,0,0.421478,-0.474099,1.673000,0.9251,0,-0.338172,-0.439763,1.534000,0.9048,0,0.638280,-0.482959,1.576000,0.9052,0,-0.505641,-0.395041,1.378000,0.9724,0,0.151259,0.027447,1.669000,0.9980,0,-0.076881,0.042799,1.734000,0.9984,0
95,3.168946,1,0.186211,-0.530870,1.687000,0.9992,0,-0.147775,-0.511351,1.696000,0.9991,0,0.422737,-0.475516,1.678000,0.9243,0,-0.342252,-0.441770,1.541000,0.9038,0,0.650025,-0.491846,1.605000,0.9036,0,-0.511145,-0.399341,1.393000,0.9713,0,0.152345,0.027151,1.651000,0.9980,0,-0.073813,0.042676,1.729000,0.9984,0
96,3.202303,1,0.188749,-0.538108,1.710000,0.9992,0,-0.147775,-0.511351,1.696000,0.9991,0,0.421478,-0.474099,1.673000,0.9238,0,-0.340697,-0.439763,1.534000,0.9026,0,0.643140,-0.486636,1.588000,0.9028,0,-0.506742,-0.395901,1.381000,0.9707,0,0.154375,0.027513,1.673000,0.9980,0,-0.074454,0.043046,1.744000,0.9984,0
97,3.235661,1,0.188197,-0.536535,1.705000,0.9992,0,-0.147426,-0.510145,1.692000,0.9991,0,0.421478,-0.474099,1.673000,0.9224,0,-0.344028,-0.444063,1.549000,0.9010,0,0.644760,-0.487862,1.592000,0.9013,0,-0.510044,-0.398481,1.390000,0.9704,0,0.154837,0.027595,1.678000,0.9980,0,-0.074027,0.042799,1.734000,0.9983,0
98,3.269018,1,0.186211,-0.530870,1.687000,0.9992,0,-0.147775,-0.511351,1.696000,0.9991,0,0.419210,-0.471548,1.664000,0.9225,0,-0.338920,-0.437469,1.526000,0.9027,0,0.648000,-0.492950,1.600000,0.9006,0,-0.506742,-0.398176,1.381000,0.9709,0,0.154375,0.027513,1.673000,0.9980,0,-0.074454,0.043046,1.744000,0.9984,0
99,3.302376,1,0.186211,-0.530870,1.687000,0.9992,0,-0.149323,-0.507130,1.682000,0.9991,0,0.426513,-0.476649,1.682000,0.9198,0,-0.339808,-0.441137,1.530000,0.9026,0,0.653265,-0.496955,1.613000,0.8961,0,-0.510044,-0.400771,1.390000,0.9711,0,0.157599,0.027595,1.678000,0.9980,0,-0.074454,0.045919,1.744000,0.9983,0
100,3.335733,1,0.185217,-0.530803,1.678000,0.9992,0,-0.151010,-0.512858,1.701000,0.9991,0,0.420935,-0.470415,1.660000,0.9201,0,-0.342327,-0.441137,1.530000,0.9025,0,0.656505,-0.499420,1.621000,0.8962,0,-0.507843,-0.399041,1.384000,0.9706,0,0.158444,0.027743,1.687000,0.9980,0,-0.073600,0.045393,1.724000,0.9984,0
101,3.369091,1,0.185659,-0.532068,1.682000,0.9992,0,-0.150211,-0.510145,1.692000,0.9991,0,0.421949,-0.471548,1.664000,0.9177,0,-0.345683,-0.445462,1.545000,0.9011,0,0.643140,-0.489253,1.588000,0.8930,0,-0.508944,-0.399906,1.387000,0.9702,0,0.155532,0.027234,1.656000,0.9980,0,-0.073600,0.045393,1.724000,0.9984,0
102,3.402448,1,0.183434,-0.533650,1.687000,0.9992,0,-0.149767,-0.508637,1.687000,0.9991,0,0.426264,-0.479483,1.692000,0.9171,0,-0.345683,-0.445462,1.545000,0.8979,0,0.644760,-0.490485,1.592000,0.8919,0,-0.508944,-0.399906,1.387000,0.9698,0,0.158444,0.027743,1.687000,0.9980,0,-0.071747,0.046025,1.748000,0.9984,0
103,3.435805,1,0.184956,-0.538078,1.701000,0.9992,0,-0.150566,-0.511351,1.696000,0.9991,0,0.428532,-0.482034,1.701000,0.9171,0,-0.345683,-0.445462,1.545000,0.8964,0,0.646380,-0.491717,1.596000,0.8922,0,-0.510044,-0.400771,1.390000,0.9697,0,0.155908,0.027299,1.660000,0.9981,0,-0.071583,0.045919,1.744000,0.9984,0
104,3.469163,1,0.183978,-0.535231,1.692000,0.9993,0,-0.151365,-0.514064,1.705000,0.9991,0,0.422737,-0.475516,1.678000,0.9167,0,-0.342327,-0.441137,1.530000,0.8941,0,0.638280,-0.485555,1.576000,0.8918,0,-0.505641,-0.397311,1.378000,0.9692,0,0.156753,0.027447,1.669000,0.9981,0,-0.071747,0.043145,1.748000,0.9984,0
105,3.502520,1,0.184413,-0.536497,1.696000,0.9993,0,-0.150566,-0.511351,1.696000,0.9991,0,0.419210,-0.471548,1.664000,0.9165,0,-0.341432,-0.439983,1.526000,0.8947,0,0.651645,-0.495723,1.609000,0.8914,0,-0.505641,-0.397311,1.378000,0.9693,0,0.157599,0.027595,1.678000,0.9981,0,-0.071952,0.043268,1.753000,0.9985,0
106,3.535877,1,0.188749,-0.540925,1.710000,0.9993,0,-0.147426,-0.510145,1.692000,0.9992,0,0.420935,-0.470415,1.660000,0.9182,0,-0.347360,-0.450940,1.564000,0.8955,0,0.644760,-0.490485,1.592000,0.8940,0,-0.507843,-0.399041,1.384000,0.9698,0,0.157599,0.027595,1.678000,0.9981,0,-0.071583,0.043046,1.744000,0.9985,0
107,3.569235,1,0.185659,-0.532068,1.682000,0.9993,0,-0.147426,-0.510145,1.692000,0.9991,0,0.421478,-0.474099,1.673000,0.9187,0,-0.342252,-0.444308,1.541000,0.8940,0,0.646380,-0.491717,1.596000,0.8958,0,-0.508944,-0.399906,1.387000,0.9688,0,0.156753,0.027447,1.669000,0.9981,0,-0.071747,0.043145,1.748000,0.9984,0
108,3.602592,1,0.187204,-0.533703,1.696000,0.9993,0,-0.146990,-0.508637,1.687000,0.9992,0,0.418203,-0.470415,1.660000,0.9203,0,-0.342252,-0.444308,1.541000,0.8964,0,0.650611,-0.496955,1.613000,0.8989,0,-0.508944,-0.399906,1.387000,0.9696,0,0.157129,0.027513,1.673000,0.9981,0,-0.071378,0.042923,1.739000,0.9984,0
109,3.635950,1,0.186762,-0.532444,1.692000,0.9993,0,-0.147426,-0.510145,1.692000,0.9992,0,0.424480,-0.480617,1.696000,0.9222,0,-0.338172,-0.442290,1.534000,0.8974,0,0.645367,-0.490314,1.600000,0.9023,0,-0.506661,-0.399906,1.387000,0.9707,0,0.155532,0.027234,1.656000,0.9981,0,-0.071747,0.043145,1.748000,0.9984,0
110,3.669307,1,0.185217,-0.528038,1.678000,0.9993,0,-0.146990,-0.508637,1.687000,0.9992,0,0.418724,-0.474099,1.673000,0.9216,0,-0.338833,-0.443155,1.537000,0.8975,0,0.657468,-0.499507,1.630000,0.9013,0,-0.505565,-0.399041,1.384000,0.9710,0,0.156753,0.027447,1.669000,0.9981,0,-0.071952,0.043268,1.753000,0.9984,0
111,3.702665,1,0.186211,-0.533650,1.687000,0.9993,0,-0.146555,-0.507130,1.682000,0.9992,0,0.420977,-0.476649,1.682000,0.9208,0,-0.342361,-0.447768,1.553000,0.8970,0,0.643753,-0.489088,1.596000,0.8997,0,-0.508852,-0.401636,1.393000,0.9702,0,0.156284,0.027365,1.664000,0.9981,0,-0.071378,0.042923,1.739000,0.9984,0
112,3.736022,1,0.186762,-0.532444,1.692000,0.9993,0,-0.146555,-0.507130,1.682000,0.9991,0,0.417723,-0.470216,1.669000,0.9196,0,-0.340597,-0.445462,1.545000,0.8932,0,0.647384,-0.491846,1.605000,0.8992,0,-0.506742,-0.400451,1.381000,0.9678,0,0.155908,0.027299,1.660000,0.9981,0,-0.074240,0.042923,1.739000,0.9984,0
113,3.769379,1,0.185217,-0.528038,1.678000,0.9993,0,-0.146555,-0.507130,1.682000,0.9992,0,0.420977,-0.473878,1.682000,0.9189,0,-0.340597,-0.445462,1.545000,0.8950,0,0.642140,-0.487862,1.592000,0.8978,0,-0.508944,-0.402191,1.387000,0.9685,0,0.155532,0.027234,1.656000,0.9981,0,-0.074027,0.042799,1.734000,0.9984,0
114,3.802737,1,0.185659,-0.529297,1.682000,0.9993,0,-0.145771,-0.504416,1.673000,0.9991,0,0.419975,-0.472751,1.678000,0.9148,0,-0.342361,-0.447768,1.553000,0.8936,0,0.650611,-0.494298,1.613000,0.8922,0,-0.507843,-0.401321,1.384000,0.9663,0,0.158444,0.027743,1.687000,0.9981,0,-0.073813,0.042676,1.729000,0.9984,0
115,3.836094,1,0.186211,-0.530870,1.687000,0.9993,0,-0.148210,-0.512858,1.701000,0.9991,0,0.419210,-0.468807,1.664000,0.9144,0,-0.338032,-0.438830,1.522000,0.8945,0,0.643753,-0.491717,1.596000,0.8914,0,-0.507843,-0.401321,1.384000,0.9669,0,0.157129,0.027513,1.673000,0.9981,0,-0.074027,0.042799,1.734000,0.9984,0
116,3.869451,1,0.185217,-0.528038,1.678000,0.9993,0,-0.146555,-0.507130,1.682000,0.9991,0,0.422737,-0.472751,1.678000,0.9153,0,-0.342252,-0.444308,1.541000,0.8974,0,0.647384,-0.494490,1.605000,0.8930,0,-0.510044,-0.403061,1.390000,0.9668,0,0.157129,0.027513,1.673000,0.9981,0,-0.074240,0.042923,1.739000,0.9984,0
117,3.902809,1,0.187204,-0.533703,1.696000,0.9993,0,-0.145771,-0.504416,1.673000,0.9992,0,0.426264,-0.476696,1.692000,0.9168,0,-0.344028,-0.446615,1.549000,0.8982,0,0.642140,-0.490485,1.592000,0.8956,0,-0.505641,-0.399582,1.378000,0.9671,0,0.155063,0.027151,1.651000,0.9981,0,-0.074240,0.042923,1.739000,0.9985,0
118,3.936166,1,0.186762,-0.532444,1.692000,0.9993,0,-0.146206,-0.505924,1.678000,0.9992,0,0.415470,-0.467680,1.660000,0.9188,0,-0.342252,-0.444308,1.541000,0.8976,0,0.635686,-0.485555,1.576000,0.8988,0,-0.505641,-0.399582,1.378000,0.9670,0,0.155063,0.027151,1.651000,0.9981,0,-0.074027,0.042799,1.734000,0.9984,0
119,3.969524,1,0.185217,-0.528038,1.678000,0.9993,0,-0.146990,-0.508637,1.687000,0.9992,0,0.418724,-0.471343,1.673000,0.9188,0,-0.344028,-0.446615,1.549000,0.9008,0,0.643753,-0.491717,1.596000,0.8972,0,-0.508944,-0.402191,1.387000,0.9683,0,0.154687,0.027086,1.647000,0.9981,0,-0.074240,0.045788,1.739000,0.9985,0
120,4.002881,1,0.185659,-0.529297,1.682000,0.9993,0,-0.150566,-0.511351,1.696000,0.9992,0,0.423479,-0.476696,1.692000,0.9186,0,-0.343893,-0.443155,1.537000,0.9012,0,0.639520,-0.490485,1.592000,0.8965,0,-0.507843,-0.401321,1.384000,0.9676,0,0.155908,0.027299,1.660000,0.9981,0,-0.074454,0.045919,1.744000,0.9984,0
121,4.036239,1,0.185659,-0.529297,1.682000,0.9993,0,-0.150211,-0.510145,1.692000,0.9992,0,0.419975,-0.475516,1.678000,0.9211,0,-0.342327,-0.441137,1.530000,0.9032,0,0.652224,-0.498187,1.617000,0.8998,0,-0.508944,-0.402191,1.387000,0.9684,0,0.152807,0.027234,1.656000,0.9981,0,-0.073429,0.042454,1.720000,0.9985,0
122,4.069596,1,0.184224,-0.525206,1.669000,0.9993,0,-0.149323,-0.507130,1.682000,0.9992,0,0.422228,-0.478066,1.687000,0.9213,0,-0.342327,-0.441137,1.530000,0.9038,0,0.642140,-0.490485,1.592000,0.8986,0,-0.506742,-0.400451,1.381000,0.9681,0,0.154006,0.027447,1.669000,0.9981,0,-0.074838,0.043268,1.753000,0.9985,0
123,4.102953,1,0.185217,-0.528038,1.678000,0.9993,0,-0.148524,-0.504416,1.673000,0.9992,0,0.419975,-0.475516,1.678000,0.9215,0,-0.341432,-0.439983,1.526000,0.9026,0,0.643753,-0.491717,1.596000,0.8988,0,-0.508944,-0.402191,1.387000,0.9679,0,0.152807,0.027234,1.656000,0.9981,0,-0.074027,0.042799,1.734000,0.9985,0
124,4.136311,1,0.185935,-0.538108,1.710000,0.9993,0,-0.148968,-0.505924,1.678000,0.9992,0,0.420977,-0.476649,1.682000,0.9217,0,-0.343943,-0.439983,1.526000,0.9041,0,0.637300,-0.486788,1.580000,0.8984,0,-0.507843,-0.399041,1.384000,0.9690,0,0.152345,0.027151,1.651000,0.9981,0,-0.074240,0.042923,1.739000,0.9985,0
125,4.169668,1,0.183978,-0.532444,1.692000,0.9993,0,-0.149323,-0.507130,1.682000,0.9992,0,0.413218,-0.467864,1.651000,0.9196,0,-0.344845,-0.441137,1.530000,0.9008,0,0.642140,-0.490485,1.592000,0.8956,0,-0.507843,-0.399041,1.384000,0.9679,0,0.154375,0.027513,1.673000,0.9981,0,-0.074027,0.042799,1.734000,0.9985,0
126,4.203026,1,0.185391,-0.536535,1.705000,0.9993,0,-0.149323,-0.507130,1.682000,0.9992,0,0.418724,-0.474099,1.673000,0.9189,0,-0.349127,-0.446615,1.549000,0.8982,0,0.637300,-0.486788,1.580000,0.8949,0,-0.505641,-0.397311,1.378000,0.9677,0,0.152807,0.027234,1.656000,0.9982,0,-0.074240,0.042923,1.739000,0.9985,0
127,4.236383,1,0.182455,-0.528038,1.678000,0.9993,0,-0.148968,-0.505924,1.678000,0.9992,0,0.414469,-0.469281,1.656000,0.9190,0,-0.344845,-0.441137,1.530000,0.8967,0,0.637300,-0.486788,1.580000,0.8948,0,-0.508944,-0.399906,1.387000,0.9670,0,0.152345,0.027151,1.651000,0.9982,0,-0.074454,0.043046,1.744000,0.9985,0
128,4.269740,1,0.180933,-0.523633,1.664000,0.9993,0,-0.149323,-0.507130,1.682000,0.9992,0,0.422228,-0.478066,1.687000,0.9195,0,-0.348226,-0.445462,1.545000,0.8982,0,0.637300,-0.486788,1.580000,0.8946,0,-0.505641,-0.397311,1.378000,0.9671,0,0.155908,0.027299,1.660000,0.9982,0,-0.074454,0.043046,1.744000,0.9985,0
129,4.303098,1,0.181477,-0.525206,1.669000,0.9993,0,-0.149323,-0.507130,1.682000,0.9992,0,0.411744,-0.469281,1.656000,0.9194,0,-0.344845,-0.441137,1.530000,0.8994,0,0.647384,-0.494490,1.605000,0.8944,0,-0.506742,-0.398176,1.381000,0.9682,0,0.157129,0.027513,1.673000,0.9982,0,-0.074240,0.042923,1.739000,0.9985,0
130,4.336455,1,0.181477,-0.525206,1.669000,0.9993,0,-0.148169,-0.503210,1.669000,0.9992,0,0.419451,-0.478066,1.687000,0.9212,0,-0.345747,-0.442290,1.534000,0.9010,0,0.640527,-0.489253,1.588000,0.8966,0,-0.507843,-0.399041,1.384000,0.9685,0,0.155908,0.027299,1.660000,0.9982,0,-0.074838,0.046156,1.753000,0.9985,0
131,4.369813,1,0.182890,-0.529297,1.682000,0.9993,0,-0.148524,-0.504416,1.673000,0.9992,0,0.418208,-0.476649,1.682000,0.9223,0,-0.349127,-0.446615,1.549000,0.9019,0,0.639520,-0.490485,1.592000,0.8980,0,-0.503439,-0.395581,1.372000,0.9693,0,0.155532,0.027234,1.656000,0.9983,0,-0.074624,0.046025,1.748000,0.9986,0
132,4.403170,1,0.182455,-0.528038,1.678000,0.9993,0,-0.152092,-0.507130,1.682000,0.9992,0,0.419451,-0.478066,1.687000,0.9239,0,-0.340563,-0.435659,1.511000,0.9023,0,0.639520,-0.490485,1.592000,0.9000,0,-0.504540,-0.396446,1.375000,0.9693,0,0.157780,0.027151,1.651000,0.9982,0,-0.074454,0.045919,1.744000,0.9985,0
133,4.436528,1,0.181912,-0.526465,1.673000,0.9993,0,-0.148968,-0.505924,1.678000,0.9992,0,0.415970,-0.474099,1.673000,0.9246,0,-0.343943,-0.439983,1.526000,0.9029,0,0.631486,-0.484323,1.572000,0.9008,0,-0.507843,-0.399041,1.384000,0.9699,0,0.157780,0.027151,1.651000,0.9982,0,-0.074454,0.045919,1.744000,0.9985,0
134,4.469885,1,0.183978,-0.532444,1.692000,0.9993,0,-0.150211,-0.510145,1.692000,0.9992,0,0.414976,-0.472965,1.669000,0.9251,0,-0.343222,-0.442290,1.534000,0.9034,0,0.639520,-0.490485,1.592000,0.9018,0,-0.506742,-0.398176,1.381000,0.9701,0,0.158258,0.027234,1.656000,0.9982,0,-0.074454,0.045919,1.744000,0.9985,0
135,4.503242,1,0.183434,-0.530870,1.687000,0.9993,0,-0.150211,-0.510145,1.692000,0.9992,0,0.420977,-0.476649,1.682000,0.9256,0,-0.343893,-0.445687,1.537000,0.9033,0,0.637300,-0.486788,1.580000,0.9027,0,-0.506742,-0.398176,1.381000,0.9704,0,0.159022,0.027365,1.664000,0.9982,0,-0.073813,0.045524,1.729000,0.9985,0
136,4.536600,1,0.184956,-0.535276,1.701000,0.9993,0,-0.149767,-0.508637,1.687000,0.9992,0,0.409964,-0.464180,1.638000,0.9276,0,-0.341432,-0.442497,1.526000,0.9051,0,0.643753,-0.491717,1.596000,0.9054,0,-0.506742,-0.398176,1.381000,0.9711,0,0.157016,0.027020,1.643000,0.9982,0,-0.074454,0.045919,1.744000,0.9985,0
137,4.569957,1,0.183978,-0.532444,1.692000,0.9993,0,-0.150566,-0.511351,1.696000,0.9992,0,0.415470,-0.470415,1.660000,0.9258,0,-0.344788,-0.446847,1.541000,0.9054,0,0.635686,-0.482959,1.576000,0.9042,0,-0.504540,-0.396446,1.375000,0.9717,0,0.159022,0.027365,1.664000,0.9981,0,-0.074240,0.045788,1.739000,0.9984,0
138,4.603315,1,0.182890,-0.529297,1.682000,0.9993,0,-0.149323,-0.507130,1.682000,0.9992,0,0.422228,-0.475287,1.687000,0.9257,0,-0.339866,-0.440468,1.519000,0.9058,0,0.637300,-0.484185,1.580000,0.9047,0,-0.505641,-0.399582,1.378000,0.9720,0,0.156155,0.026872,1.634000,0.9981,0,-0.074624,0.046025,1.748000,0.9984,0
139,4.636672,1,0.183978,-0.532444,1.692000,0.9993,0,-0.149767,-0.508637,1.687000,0.9992,0,0.423745,-0.473878,1.682000,0.9255,0,-0.343222,-0.444817,1.534000,0.9037,0,0.643753,-0.489088,1.596000,0.9047,0,-0.504540,-0.398712,1.375000,0.9715,0,0.158640,0.027299,1.660000,0.9980,0,-0.070967,0.045524,1.729000,0.9984,0
140,4.670030,1,0.183434,-0.530870,1.687000,0.9993,0,-0.149767,-0.508637,1.687000,0.9992,0,0.419210,-0.468807,1.664000,0.9264,0,-0.343222,-0.444817,1.534000,0.9050,0,0.648997,-0.493072,1.609000,0.9054,0,-0.507843,-0.401321,1.384000,0.9721,0,0.159022,0.027365,1.664000,0.9981,0,-0.071378,0.045788,1.739000,0.9984,0
141,4.703387,1,0.181912,-0.526465,1.673000,0.9993,0,-0.150566,-0.511351,1.696000,0.9992,0,0.425005,-0.475287,1.687000,0.9258,0,-0.345683,-0.448007,1.545000,0.9032,0,0.647384,-0.489202,1.605000,0.9061,0,-0.507843,-0.401321,1.384000,0.9715,0,0.155908,0.027299,1.660000,0.9981,0,-0.073600,0.042552,1.724000,0.9984,0
142,4.736744,1,0.181912,-0.526465,1.673000,0.9993,0,-0.147426,-0.512932,1.692000,0.9992,0,0.422737,-0.472751,1.678000,0.9259,0,-0.339808,-0.443657,1.530000,0.9033,0,0.645367,-0.487678,1.600000,0.9060,0,-0.506742,-0.400451,1.381000,0.9716,0,0.155532,0.027234,1.656000,0.9981,0,-0.073813,0.042676,1.729000,0.9984,0
143,4.770102,1,0.186762,-0.532444,1.692000,0.9993,0,-0.147426,-0.512932,1.692000,0.9992,0,0.425005,-0.475287,1.687000,0.9259,0,-0.336408,-0.442497,1.526000,0.9018,0,0.656505,-0.494079,1.621000,0.9073,0,-0.503373,-0.399582,1.378000,0.9719,0,0.155532,0.027234,1.656000,0.9981,0,-0.074027,0.042799,1.734000,0.9984,0
144,4.803459,1,0.183672,-0.523633,1.664000,0.9994,0,-0.146555,-0.509901,1.682000,0.9992,0,0.422737,-0.472751,1.678000,0.9265,0,-0.338833,-0.445687,1.537000,0.9009,0,0.648000,-0.487678,1.600000,0.9092,0,-0.505565,-0.401321,1.384000,0.9713,0,0.155532,0.024505,1.656000,0.9980,0,-0.071583,0.043046,1.744000,0.9984,0
145,4.836817,1,0.186211,-0.530870,1.687000,0.9994,0,-0.147775,-0.514145,1.696000,0.9992,0,0.421478,-0.471343,1.673000,0.9266,0,-0.343242,-0.451487,1.557000,0.8989,0,0.643140,-0.484020,1.588000,0.9085,0,-0.504469,-0.400451,1.381000,0.9704,0,0.155908,0.024565,1.660000,0.9980,0,-0.071378,0.040058,1.739000,0.9983,0
146,4.870174,1,0.188197,-0.539344,1.705000,0.9994,0,-0.146206,-0.508688,1.678000,0.9992,0,0.424231,-0.471343,1.673000,0.9263,0,-0.341479,-0.449167,1.549000,0.8983,0,0.643140,-0.484020,1.588000,0.9080,0,-0.504469,-0.400451,1.381000,0.9695,0,0.155063,0.024431,1.651000,0.9980,0,-0.071378,0.040058,1.739000,0.9983,0
147,4.903532,1,0.186211,-0.533650,1.687000,0.9994,0,-0.144641,-0.512932,1.692000,0.9992,0,0.423217,-0.470216,1.669000,0.9274,0,-0.337290,-0.443657,1.530000,0.8986,0,0.648000,-0.487678,1.600000,0.9100,0,-0.506661,-0.402191,1.387000,0.9696,0,0.157599,0.024831,1.678000,0.9980,0,-0.071173,0.039943,1.734000,0.9983,0
148,4.936889,1,0.184665,-0.529221,1.673000,0.9994,0,-0.144983,-0.514145,1.696000,0.9993,0,0.419920,-0.466553,1.656000,0.9299,0,-0.342361,-0.450327,1.553000,0.9018,0,0.644760,-0.485240,1.592000,0.9139,0,-0.508852,-0.403931,1.393000,0.9709,0,0.159500,0.024698,1.669000,0.9981,0,-0.070967,0.042676,1.729000,0.9983,0
149,4.970247,1,0.186762,-0.535231,1.692000,0.9994,0,-0.144641,-0.512932,1.692000,0.9992,0,0.423217,-0.470216,1.669000,0.9283,0,-0.340597,-0.448007,1.545000,0.8959,0,0.641520,-0.485411,1.584000,0.9114,0,-0.509948,-0.404801,1.396000,0.9675,0,0.158258,0.024505,1.656000,0.9980,0,-0.071583,0.040173,1.744000,0.9983,0
150,5.003604,1,0.185659,-0.532068,1.682000,0.9994,0,-0.144983,-0.514145,1.696000,0.9992,0,0.426513,-0.473878,1.682000,0.9295,0,-0.340680,-0.451487,1.557000,0.8996,0,0.646380,-0.489088,1.596000,0.9125,0,-0.506560,-0.403931,1.393000,0.9688,0,0.159022,0.024624,1.664000,0.9980,0,-0.071173,0.039943,1.734000,0.9983,0
151,5.036961,1,0.186762,-0.535231,1.692000,0.9994,0,-0.147426,-0.512932,1.692000,0.9992,0,0.423217,-0.472965,1.669000,0.9313,0,-0.343904,-0.452356,1.560000,0.9027,0,0.650634,-0.490314,1.600000,0.9136,0,-0.509105,-0.405961,1.400000,0.9693,0,0.159883,0.024757,1.673000,0.9981,0,-0.071173,0.039943,1.734000,0.9984,0
152,5.070319,1,0.185217,-0.530803,1.678000,0.9994,0,-0.147426,-0.512932,1.692000,0.9992,0,0.432346,-0.483167,1.705000,0.9298,0,-0.339715,-0.446847,1.541000,0.9012,0,0.644128,-0.485411,1.584000,0.9117,0,-0.509105,-0.403655,1.400000,0.9692,0,0.154687,0.024372,1.647000,0.9980,0,-0.071583,0.040173,1.744000,0.9983,0
153,5.103677,1,0.186211,-0.533650,1.687000,0.9994,0,-0.144641,-0.512932,1.692000,0.9992,0,0.424231,-0.474099,1.673000,0.9298,0,-0.339805,-0.450327,1.553000,0.9018,0,0.657547,-0.495523,1.617000,0.9112,0,-0.507887,-0.404520,1.403000,0.9691,0,0.156284,0.024624,1.664000,0.9981,0,-0.071583,0.040173,1.744000,0.9984,0
154,5.137034,1,0.187204,-0.536497,1.696000,0.9994,0,-0.143786,-0.509901,1.682000,0.9992,0,0.421949,-0.471548,1.664000,0.9322,0,-0.338054,-0.448007,1.545000,0.9054,0,0.645754,-0.486636,1.588000,0.9145,0,-0.505353,-0.402501,1.396000,0.9705,0,0.155063,0.024431,1.651000,0.9981,0,-0.071378,0.040058,1.739000,0.9984,0
155,5.170391,1,0.186762,-0.535231,1.692000,0.9994,0,-0.144641,-0.512932,1.692000,0.9992,0,0.420935,-0.470415,1.660000,0.9326,0,-0.338117,-0.448922,1.557000,0.9065,0,0.637621,-0.480508,1.568000,0.9150,0,-0.510059,-0.403928,1.409000,0.9698,0,0.155908,0.024565,1.660000,0.9981,0,-0.068122,0.039828,1.729000,0.9984,0
156,5.203749,1,0.186211,-0.533650,1.687000,0.9994,0,-0.146555,-0.509901,1.682000,0.9992,0,0.420935,-0.470415,1.660000,0.9330,0,-0.341479,-0.446615,1.549000,0.9076,0,0.647381,-0.487862,1.592000,0.9140,0,-0.507887,-0.402208,1.403000,0.9697,0,0.155908,0.024565,1.660000,0.9981,0,-0.070762,0.039712,1.724000,0.9984,0
157,5.237106,1,0.186211,-0.533650,1.687000,0.9993,0,-0.146555,-0.509901,1.682000,0.9992,0,0.421949,-0.471548,1.664000,0.9317,0,-0.340597,-0.445462,1.545000,0.9083,0,0.640874,-0.482959,1.576000,0.9120,0,-0.510059,-0.403928,1.409000,0.9704,0,0.156753,0.024698,1.669000,0.9981,0,-0.071378,0.040058,1.739000,0.9984,0
158,5.270464,1,0.187204,-0.536497,1.696000,0.9994,0,-0.147426,-0.512932,1.692000,0.9992,0,0.420935,-0.470415,1.660000,0.9324,0,-0.343242,-0.448922,1.557000,0.9097,0,0.644128,-0.485411,1.584000,0.9137,0,-0.508973,-0.400752,1.406000,0.9703,0,0.157129,0.024757,1.673000,0.9981,0,-0.068713,0.040173,1.744000,0.9984,0
159,5.303821,1,0.184665,-0.529221,1.673000,0.9993,0,-0.147426,-0.512932,1.692000,0.9992,0,0.430063,-0.480617,1.696000,0.9315,0,-0.347473,-0.447768,1.553000,0.9112,0,0.645754,-0.489253,1.588000,0.9105,0,-0.516889,-0.403317,1.415000,0.9708,0,0.155532,0.024505,1.656000,0.9981,0,-0.068516,0.040058,1.739000,0.9984,0
160,5.337178,1,0.185217,-0.530803,1.678000,0.9993,0,-0.146555,-0.509901,1.682000,0.9992,0,0.419920,-0.469281,1.656000,0.9309,0,-0.346578,-0.446615,1.549000,0.9121,0,0.634368,-0.480626,1.560000,0.9099,0,-0.515793,-0.400136,1.412000,0.9713,0,0.155908,0.024565,1.660000,0.9981,0,-0.067925,0.039712,1.724000,0.9984,0
161,5.370536,1,0.186762,-0.535231,1.692000,0.9993,0,-0.148210,-0.515660,1.701000,0.9992,0,0.424231,-0.474099,1.673000,0.9294,0,-0.350931,-0.448922,1.557000,0.9133,0,0.642501,-0.486788,1.580000,0.9083,0,-0.521786,-0.400627,1.422000,0.9720,0,0.155063,0.024431,1.651000,0.9981,0,-0.068122,0.039828,1.729000,0.9984,0
162,5.403893,1,0.184224,-0.527956,1.669000,0.9993,0,-0.146206,-0.508688,1.678000,0.9992,0,0.423217,-0.472965,1.669000,0.9293,0,-0.354174,-0.449786,1.560000,0.9124,0,0.645754,-0.489253,1.588000,0.9083,0,-0.526467,-0.400627,1.422000,0.9715,0,0.154311,0.024313,1.643000,0.9981,0,-0.068516,0.040058,1.739000,0.9984,0
163,5.437250,1,0.184665,-0.529221,1.673000,0.9993,0,-0.147775,-0.514145,1.696000,0.9992,0,0.424231,-0.474099,1.673000,0.9283,0,-0.353493,-0.446356,1.557000,0.9127,0,0.631521,-0.478469,1.553000,0.9078,0,-0.526467,-0.400627,1.422000,0.9718,0,0.156753,0.024698,1.669000,0.9981,0,-0.068713,0.040173,1.744000,0.9984,0
164,5.470608,1,0.186211,-0.533650,1.687000,0.9993,0,-0.148210,-0.515660,1.701000,0.9992,0,0.420935,-0.470415,1.660000,0.9299,0,-0.359486,-0.450657,1.572000,0.9150,0,0.637621,-0.483091,1.568000,0.9086,0,-0.528689,-0.399965,1.428000,0.9722,0,0.155908,0.024565,1.660000,0.9982,0,-0.068319,0.039943,1.734000,0.9985,0
165,5.503965,1,0.180063,-0.523843,1.656000,0.9993,0,-0.150566,-0.514145,1.696000,0.9992,0,0.419920,-0.469281,1.656000,0.9291,0,-0.362074,-0.450657,1.572000,0.9160,0,0.640874,-0.485555,1.576000,0.9076,0,-0.529924,-0.399125,1.425000,0.9725,0,0.157129,0.024757,1.673000,0.9981,0,-0.071173,0.042799,1.734000,0.9985,0
166,5.537323,1,0.183434,-0.533650,1.687000,0.9993,0,-0.150566,-0.514145,1.696000,0.9992,0,0.424231,-0.474099,1.673000,0.9281,0,-0.361152,-0.449510,1.568000,0.9157,0,0.635995,-0.481858,1.564000,0.9068,0,-0.536245,-0.401511,1.442000,0.9725,0,0.154375,0.024757,1.673000,0.9981,0,-0.074240,0.040058,1.739000,0.9984,0
167,5.570680,1,0.181912,-0.529221,1.673000,0.9993,0,-0.151809,-0.515572,1.710000,0.9992,0,0.427781,-0.478066,1.687000,0.9289,0,-0.355855,-0.440371,1.545000,0.9184,0,0.640874,-0.485555,1.576000,0.9073,0,-0.539739,-0.402346,1.445000,0.9733,0,0.153176,0.027299,1.660000,0.9981,0,-0.074454,0.043046,1.744000,0.9984,0
168,5.604037,1,0.182455,-0.530803,1.678000,0.9993,0,-0.151010,-0.512858,1.701000,0.9992,0,0.418653,-0.467864,1.651000,0.9273,0,-0.363733,-0.446927,1.568000,0.9193,0,0.635995,-0.481858,1.564000,0.9051,0,-0.542354,-0.404295,1.452000,0.9740,0,0.152345,0.027151,1.651000,0.9981,0,-0.074240,0.042923,1.739000,0.9984,0
169,5.637395,1,0.181477,-0.527956,1.669000,0.9993,0,-0.150566,-0.511351,1.696000,0.9992,0,0.423217,-0.472965,1.669000,0.9257,0,-0.371718,-0.450347,1.580000,0.9193,0,0.634368,-0.480626,1.560000,0.9020,0,-0.542118,-0.402346,1.445000,0.9734,0,0.152807,0.027234,1.656000,0.9981,0,-0.074454,0.043046,1.744000,0.9984,0
170,5.670752,1,0.181912,-0.529221,1.673000,0.9993,0,-0.151010,-0.512858,1.701000,0.9992,0,0.421949,-0.471548,1.664000,0.9253,0,-0.369836,-0.448067,1.572000,0.9201,0,0.637621,-0.483091,1.568000,0.9015,0,-0.549524,-0.404295,1.452000,0.9733,0,0.154006,0.027447,1.669000,0.9981,0,-0.074027,0.042799,1.734000,0.9984,0
171,5.704109,1,0.181912,-0.529221,1.673000,0.9993,0,-0.151010,-0.512858,1.701000,0.9992,0,0.421949,-0.471548,1.664000,0.9253,0,-0.370777,-0.446611,1.576000,0.9210,0,0.642501,-0.486788,1.580000,0.9017,0,-0.555715,-0.404671,1.462000,0.9736,0,0.154006,0.027447,1.669000,0.9980,0,-0.074624,0.046025,1.748000,0.9984,0
172,5.737467,1,0.186762,-0.535231,1.692000,0.9993,0,-0.152697,-0.518587,1.720000,0.9992,0,0.423217,-0.472965,1.669000,0.9246,0,-0.372659,-0.448878,1.584000,0.9224,0,0.642501,-0.486788,1.580000,0.9011,0,-0.556855,-0.403088,1.465000,0.9738,0,0.155908,0.027299,1.660000,0.9980,0,-0.071583,0.045919,1.744000,0.9984,0
173,5.770824,1,0.181912,-0.529221,1.673000,0.9993,0,-0.154623,-0.515572,1.710000,0.9992,0,0.420935,-0.470415,1.660000,0.9202,0,-0.373371,-0.444014,1.576000,0.9201,0,0.633148,-0.479702,1.557000,0.8931,0,-0.566138,-0.408041,1.483000,0.9723,0,0.155908,0.030034,1.660000,0.9979,0,-0.074240,0.048652,1.739000,0.9983,0
174,5.804181,1,0.180933,-0.526374,1.664000,0.9993,0,-0.156978,-0.514064,1.705000,0.9992,0,0.420935,-0.470415,1.660000,0.9167,0,-0.383363,-0.449649,1.596000,0.9212,0,0.649007,-0.491717,1.596000,0.8828,0,-0.564361,-0.402589,1.472000,0.9714,0,0.155908,0.030034,1.660000,0.9980,0,-0.073813,0.048373,1.729000,0.9984,0
175,5.837539,1,0.183434,-0.533650,1.687000,0.9993,0,-0.157438,-0.515572,1.710000,0.9992,0,0.418653,-0.467864,1.651000,0.9166,0,-0.384324,-0.448140,1.600000,0.9233,0,0.639248,-0.484323,1.572000,0.8831,0,-0.572175,-0.403970,1.486000,0.9725,0,0.156753,0.030197,1.669000,0.9979,0,-0.074624,0.048904,1.748000,0.9983,0
176,5.870896,1,0.182890,-0.532068,1.682000,0.9993,0,-0.157438,-0.515572,1.710000,0.9992,0,0.416624,-0.465597,1.643000,0.9171,0,-0.387446,-0.451781,1.613000,0.9258,0,0.634368,-0.483196,1.560000,0.8830,0,-0.574870,-0.403413,1.493000,0.9732,0,0.155063,0.029871,1.651000,0.9979,0,-0.074240,0.048652,1.739000,0.9983,0
177,5.904253,1,0.184413,-0.536497,1.696000,0.9993,0,-0.158359,-0.518587,1.720000,0.9992,0,0.417638,-0.469444,1.647000,0.9176,0,-0.387446,-0.449124,1.613000,0.9277,0,0.633148,-0.482267,1.557000,0.8827,0,-0.585835,-0.409358,1.515000,0.9740,0,0.155908,0.030034,1.660000,0.9979,0,-0.073813,0.048373,1.729000,0.9984,0
178,5.937611,1,0.181912,-0.529221,1.673000,0.9993,0,-0.158727,-0.519793,1.724000,0.9992,0,0.414927,-0.469444,1.647000,0.9171,0,-0.390329,-0.452465,1.625000,0.9283,0,0.634368,-0.483196,1.560000,0.8823,0,-0.588328,-0.406862,1.515000,0.9747,0,0.157129,0.030269,1.673000,0.9979,0,-0.073813,0.048373,1.729000,0.9984,0
179,5.970968,1,0.182890,-0.534839,1.682000,0.9993,0,-0.161565,-0.519793,1.724000,0.9992,0,0.412660,-0.466879,1.638000,0.9149,0,-0.390329,-0.449788,1.625000,0.9277,0,0.635040,-0.485674,1.568000,0.8789,0,-0.589262,-0.405788,1.511000,0.9740,0,0.155063,0.029871,1.651000,0.9979,0,-0.075051,0.049184,1.758000,0.9984,0
180,6.004325,1,0.181912,-0.531977,1.673000,0.9993,0,-0.160721,-0.517079,1.715000,0.9992,0,0.414927,-0.469444,1.647000,0.9132,0,-0.391068,-0.447574,1.617000,0.9292,0,0.628965,-0.483586,1.553000,0.8771,0,-0.596057,-0.406235,1.522000,0.9747,0,0.155532,0.029962,1.656000,0.9979,0,-0.073600,0.048233,1.724000,0.9984,0
181,6.037682,1,0.179693,-0.533567,1.678000,0.9993,0,-0.160253,-0.515572,1.710000,0.9992,0,0.412217,-0.469444,1.647000,0.9150,0,-0.396895,-0.448487,1.630000,0.9307,0,0.628023,-0.484832,1.557000,0.8783,0,-0.604461,-0.410238,1.537000,0.9749,0,0.153176,0.030034,1.660000,0.9979,0,-0.074027,0.048512,1.734000,0.9984,0
182,6.071040,1,0.179693,-0.533567,1.678000,0.9993,0,-0.163067,-0.515572,1.710000,0.9992,0,0.413218,-0.470584,1.651000,0.9149,0,-0.395678,-0.447111,1.625000,0.9308,0,0.637300,-0.491994,1.580000,0.8756,0,-0.607607,-0.412373,1.545000,0.9731,0,0.152807,0.029962,1.656000,0.9980,0,-0.074240,0.048652,1.739000,0.9984,0
183,6.104397,1,0.178194,-0.529115,1.664000,0.9993,0,-0.166852,-0.518587,1.720000,0.9991,0,0.413218,-0.473304,1.651000,0.9172,0,-0.401539,-0.450688,1.638000,0.9316,0,0.639900,-0.494596,1.580000,0.8776,0,-0.607607,-0.409828,1.545000,0.9724,0,0.153176,0.032769,1.660000,0.9979,0,-0.074454,0.048792,1.744000,0.9983,0
184,6.137754,1,0.176802,-0.524982,1.651000,0.9993,0,-0.166367,-0.514254,1.715000,0.9991,0,0.413218,-0.473304,1.651000,0.9176,0,-0.404235,-0.450688,1.638000,0.9310,0,0.630585,-0.489962,1.557000,0.8773,0,-0.622393,-0.418051,1.576000,0.9716,0,0.152807,0.032690,1.656000,0.9979,0,-0.074027,0.048512,1.734000,0.9983,0
185,6.171112,1,0.175034,-0.527843,1.660000,0.9993,0,-0.166852,-0.515753,1.720000,0.9991,0,0.408963,-0.468431,1.634000,0.9197,0,-0.402261,-0.448487,1.630000,0.9340,0,0.631800,-0.493476,1.560000,0.8802,0,-0.617654,-0.412292,1.564000,0.9731,0,0.154006,0.032946,1.669000,0.9979,0,-0.074027,0.051369,1.734000,0.9983,0
186,6.204469,1,0.175983,-0.530705,1.669000,0.9992,0,-0.166367,-0.514254,1.715000,0.9991,0,0.407962,-0.467284,1.630000,0.9178,0,-0.408174,-0.452064,1.643000,0.9336,0,0.630585,-0.492527,1.557000,0.8770,0,-0.620228,-0.412292,1.564000,0.9730,0,0.154311,0.032433,1.643000,0.9978,0,-0.074624,0.051784,1.748000,0.9983,0
187,6.237826,1,0.175034,-0.527843,1.660000,0.9992,0,-0.169189,-0.514254,1.715000,0.9991,0,0.413218,-0.473304,1.651000,0.9176,0,-0.405938,-0.446896,1.634000,0.9334,0,0.622485,-0.491264,1.537000,0.8753,0,-0.632918,-0.420727,1.596000,0.9725,0,0.155908,0.032769,1.660000,0.9978,0,-0.073600,0.051073,1.724000,0.9983,0
188,6.271184,1,0.175983,-0.530705,1.669000,0.9992,0,-0.169189,-0.514254,1.715000,0.9991,0,0.411215,-0.471011,1.643000,0.9164,0,-0.409627,-0.447990,1.638000,0.9312,0,0.627345,-0.495100,1.549000,0.8711,0,-0.632359,-0.418618,1.588000,0.9710,0,0.157974,0.033203,1.682000,0.9978,0,-0.074838,0.051932,1.753000,0.9982,0
189,6.304541,1,0.173651,-0.531977,1.673000,0.9992,0,-0.172012,-0.514254,1.715000,0.9990,0,0.413218,-0.476024,1.651000,0.9142,0,-0.408627,-0.446896,1.634000,0.9321,0,0.628965,-0.496378,1.553000,0.8657,0,-0.632359,-0.418618,1.588000,0.9707,0,0.155908,0.032769,1.660000,0.9978,0,-0.076659,0.051221,1.729000,0.9982,0
190,6.337898,1,0.172717,-0.531857,1.664000,0.9992,0,-0.170106,-0.508557,1.696000,0.9990,0,0.409964,-0.472276,1.638000,0.9141,0,-0.410878,-0.449357,1.643000,0.9326,0,0.624105,-0.495081,1.541000,0.8639,0,-0.638172,-0.420727,1.596000,0.9702,0,0.156284,0.030106,1.664000,0.9978,0,-0.077102,0.051517,1.739000,0.9982,0
191,6.371256,1,0.170489,-0.533455,1.669000,0.9991,0,-0.169705,-0.507357,1.692000,0.9990,0,0.415470,-0.478619,1.660000,0.9130,0,-0.415129,-0.454007,1.660000,0.9326,0,0.624105,-0.495081,1.541000,0.8618,0,-0.638172,-0.420727,1.596000,0.9703,0,0.155063,0.029871,1.651000,0.9978,0,-0.077324,0.051665,1.744000,0.9982,0
192,6.404613,1,0.169569,-0.530578,1.660000,0.9991,0,-0.171511,-0.512755,1.710000,0.9990,0,0.411215,-0.476424,1.643000,0.9121,0,-0.418380,-0.457562,1.673000,0.9333,0,0.616410,-0.488977,1.522000,0.8592,0,-0.636572,-0.419673,1.592000,0.9707,0,0.155063,0.029871,1.651000,0.9977,0,-0.077945,0.052080,1.758000,0.9982,0
193,6.437970,1,0.170489,-0.533455,1.669000,0.9991,0,-0.171511,-0.512755,1.710000,0.9990,0,0.414469,-0.480194,1.656000,0.9119,0,-0.411878,-0.450451,1.647000,0.9335,0,0.627345,-0.497652,1.549000,0.8580,0,-0.639771,-0.421782,1.600000,0.9706,0,0.154687,0.032512,1.647000,0.9977,0,-0.077324,0.051665,1.744000,0.9982,0
194,6.471328,1,0.169978,-0.531857,1.664000,0.9991,0,-0.170608,-0.510056,1.701000,0.9989,0,0.411215,-0.476424,1.643000,0.9116,0,-0.414589,-0.450451,1.647000,0.9331,0,0.617132,-0.491547,1.530000,0.8563,0,-0.636572,-0.417050,1.592000,0.9699,0,0.153466,0.032255,1.634000,0.9977,0,-0.077102,0.051517,1.739000,0.9982,0
195,6.504685,1,0.169978,-0.531857,1.664000,0.9991,0,-0.171511,-0.512755,1.710000,0.9989,0,0.409964,-0.474974,1.638000,0.9119,0,-0.422392,-0.458930,1.678000,0.9318,0,0.628023,-0.500222,1.557000,0.8570,0,-0.641770,-0.420456,1.605000,0.9692,0,0.155908,0.032769,1.660000,0.9977,0,-0.077102,0.051517,1.739000,0.9982,0
196,6.538042,1,0.169569,-0.530578,1.660000,0.9991,0,-0.171511,-0.512755,1.710000,0.9989,0,0.411215,-0.476424,1.643000,0.9125,0,-0.412323,-0.447990,1.638000,0.9312,0,0.619956,-0.493796,1.537000,0.8575,0,-0.646569,-0.423599,1.617000,0.9686,0,0.155532,0.032690,1.656000,0.9977,0,-0.077102,0.051517,1.739000,0.9982,0
197,6.571400,1,0.170489,-0.533455,1.669000,0.9991,0,-0.172514,-0.515753,1.720000,0.9989,0,0.407962,-0.472654,1.630000,0.9131,0,-0.417861,-0.454007,1.660000,0.9327,0,0.615195,-0.490516,1.519000,0.8572,0,-0.646569,-0.423599,1.617000,0.9696,0,0.155532,0.032690,1.656000,0.9977,0,-0.077102,0.051517,1.739000,0.9982,0
198,6.604757,1,0.169978,-0.531857,1.664000,0.9991,0,-0.172514,-0.515753,1.720000,0.9989,0,0.409964,-0.474974,1.638000,0.9130,0,-0.414589,-0.450451,1.647000,0.9335,0,0.621270,-0.495360,1.534000,0.8563,0,-0.646569,-0.423599,1.617000,0.9701,0,0.155063,0.032591,1.651000,0.9977,0,-0.076881,0.051369,1.734000,0.9982,0
199,6.638115,1,0.168650,-0.527701,1.651000,0.9991,0,-0.176262,-0.518452,1.729000,0.9989,0,0.409964,-0.474974,1.638000,0.9126,0,-0.426923,-0.463853,1.696000,0.9336,0,0.616410,-0.491485,1.522000,0.8540,0,-0.653366,-0.428053,1.634000,0.9698,0,0.152807,0.032690,1.656000,0.9977,0,-0.080195,0.051665,1.744000,0.9982,0
200,6.671472,1,0.169978,-0.531857,1.664000,0.9991,0,-0.176262,-0.518452,1.729000,0.9989,0,0.408963,-0.473814,1.634000,0.9118,0,-0.426923,-0.463853,1.696000,0.9331,0,0.621270,-0.495360,1.534000,0.8509,0,-0.647093,-0.425695,1.625000,0.9683,0,0.152345,0.029871,1.651000,0.9978,0,-0.079505,0.048373,1.729000,0.9983,0
201,6.704829,1,0.168143,-0.534733,1.673000,0.9991,0,-0.176262,-0.518452,1.729000,0.9989,0,0.407962,-0.472654,1.630000,0.9130,0,-0.425916,-0.462759,1.692000,0.9335,0,0.621270,-0.495360,1.534000,0.8530,0,-0.653143,-0.431458,1.647000,0.9678,0,0.151976,0.029799,1.647000,0.9978,0,-0.076881,0.048512,1.734000,0.9983,0
202,6.738187,1,0.166435,-0.529300,1.656000,0.9991,0,-0.175752,-0.516953,1.724000,0.9989,0,0.409964,-0.474974,1.638000,0.9140,0,-0.424658,-0.461391,1.687000,0.9328,0,0.616410,-0.491485,1.522000,0.8541,0,-0.664254,-0.440627,1.682000,0.9678,0,0.152345,0.029871,1.651000,0.9978,0,-0.080195,0.048792,1.744000,0.9983,0
203,6.771544,1,0.165932,-0.527701,1.651000,0.9991,0,-0.176772,-0.519951,1.734000,0.9989,0,0.409964,-0.474974,1.638000,0.9131,0,-0.431134,-0.471511,1.724000,0.9306,0,0.621270,-0.495360,1.534000,0.8542,0,-0.658717,-0.440627,1.682000,0.9676,0,0.152807,0.029962,1.656000,0.9978,0,-0.080378,0.046025,1.748000,0.9983,0
204,6.804901,1,0.167239,-0.534598,1.664000,0.9991,0,-0.176772,-0.519951,1.734000,0.9990,0,0.407962,-0.472654,1.630000,0.9130,0,-0.434885,-0.475613,1.739000,0.9311,0,0.621270,-0.495360,1.534000,0.8557,0,-0.664918,-0.446652,1.705000,0.9687,0,0.150777,0.029564,1.634000,0.9979,0,-0.079275,0.045393,1.724000,0.9984,0
205,6.838259,1,0.167239,-0.534598,1.664000,0.9991,0,-0.172915,-0.516953,1.724000,0.9990,0,0.405279,-0.472654,1.630000,0.9139,0,-0.430781,-0.474246,1.734000,0.9292,0,0.622169,-0.494068,1.530000,0.8583,0,-0.660350,-0.449272,1.715000,0.9681,0,0.152345,0.029871,1.651000,0.9979,0,-0.079505,0.045524,1.729000,0.9983,0
206,6.871616,1,0.165932,-0.530421,1.651000,0.9990,0,-0.174419,-0.521450,1.739000,0.9989,0,0.408963,-0.473814,1.634000,0.9107,0,-0.431382,-0.478075,1.748000,0.9262,0,0.617696,-0.490516,1.519000,0.8535,0,-0.664812,-0.451393,1.734000,0.9670,0,0.150806,0.030106,1.664000,0.9979,0,-0.079965,0.045788,1.739000,0.9984,0
207,6.904973,1,0.166435,-0.532028,1.656000,0.9990,0,-0.174419,-0.521450,1.739000,0.9989,0,0.407962,-0.472654,1.630000,0.9113,0,-0.433850,-0.480810,1.758000,0.9227,0,0.621421,-0.491485,1.522000,0.8564,0,-0.667302,-0.455037,1.748000,0.9660,0,0.150081,0.029962,1.656000,0.9979,0,-0.077102,0.045788,1.739000,0.9983,0
208,6.938331,1,0.164224,-0.524960,1.634000,0.9990,0,-0.171064,-0.519951,1.734000,0.9989,0,0.409964,-0.474974,1.638000,0.9078,0,-0.429730,-0.479442,1.753000,0.9179,0,0.616929,-0.487932,1.511000,0.8507,0,-0.671009,-0.458624,1.773000,0.9618,0,0.146554,0.029799,1.647000,0.9979,0,-0.076881,0.045656,1.734000,0.9984,0
209,6.971688,1,0.165530,-0.529136,1.647000,0.9990,0,-0.171064,-0.522808,1.734000,0.9988,0,0.407962,-0.472654,1.630000,0.9069,0,-0.429280,-0.482177,1.763000,0.9141,0,0.620196,-0.490516,1.519000,0.8472,0,-0.670800,-0.462504,1.788000,0.9580,0,0.147711,0.027299,1.660000,0.9980,0,-0.076260,0.042454,1.720000,0.9984,0
210,7.005045,1,0.164626,-0.526245,1.638000,0.9990,0,-0.167240,-0.519793,1.724000,0.9988,0,0.404708,-0.471549,1.617000,0.9092,0,-0.428063,-0.483706,1.758000,0.9127,0,0.620196,-0.490516,1.519000,0.8474,0,-0.669005,-0.465350,1.799000,0.9520,0,0.148512,0.027447,1.669000,0.9981,0,-0.074027,0.042799,1.734000,0.9985,0
211,7.038403,1,0.165128,-0.527851,1.643000,0.9990,0,-0.168695,-0.524315,1.739000,0.9987,0,0.404708,-0.471549,1.617000,0.9072,0,-0.430923,-0.490655,1.794000,0.9044,0,0.618186,-0.486964,1.508000,0.8426,0,-0.669663,-0.472075,1.825000,0.9427,0,0.144630,0.027234,1.656000,0.9981,0,-0.074027,0.042799,1.734000,0.9985,0
212,7.071760,1,0.165128,-0.527851,1.643000,0.9990,0,-0.164021,-0.518587,1.720000,0.9987,0,0.410645,-0.475340,1.630000,0.9108,0,-0.428571,-0.497738,1.809000,0.9021,0,0.625565,-0.492776,1.526000,0.8482,0,-0.669473,-0.476214,1.841000,0.9355,0,0.144630,0.024505,1.656000,0.9981,0,-0.073813,0.039828,1.729000,0.9985,0
213,7.105117,1,0.165932,-0.530421,1.651000,0.9990,0,-0.162502,-0.522808,1.734000,0.9987,0,0.410645,-0.475340,1.630000,0.9122,0,-0.423241,-0.492023,1.799000,0.9004,0,0.619416,-0.487932,1.511000,0.8483,0,-0.661611,-0.471896,1.836000,0.9326,0,0.144979,0.021830,1.660000,0.9982,0,-0.073429,0.036787,1.720000,0.9985,0
214,7.138475,1,0.165530,-0.529136,1.647000,0.9990,0,-0.159187,-0.521300,1.729000,0.9987,0,0.411215,-0.479131,1.643000,0.9135,0,-0.411824,-0.489014,1.788000,0.8974,0,0.621056,-0.489224,1.515000,0.8509,0,-0.660365,-0.474490,1.858000,0.9283,0,0.139178,0.021777,1.656000,0.9982,0,-0.076260,0.033953,1.720000,0.9986,0
215,7.171832,1,0.165530,-0.529136,1.647000,0.9991,0,-0.160108,-0.524315,1.739000,0.9987,0,0.407962,-0.478025,1.630000,0.9167,0,-0.407212,-0.497766,1.820000,0.8942,0,0.619416,-0.490422,1.511000,0.8568,0,-0.658901,-0.480108,1.880000,0.9269,0,0.134050,0.019095,1.660000,0.9983,0,-0.075817,0.028122,1.710000,0.9986,0
216,7.205189,1,0.165932,-0.533141,1.651000,0.9991,0,-0.159648,-0.522808,1.734000,0.9987,0,0.407962,-0.478025,1.630000,0.9138,0,-0.408881,-0.503510,1.841000,0.8876,0,0.618186,-0.489448,1.508000,0.8509,0,-0.660698,-0.485982,1.903000,0.9231,0,0.133000,0.018946,1.647000,0.9983,0,-0.076038,0.028204,1.715000,0.9986,0
217,7.238547,1,0.165530,-0.531850,1.647000,0.9991,0,-0.156342,-0.521300,1.729000,0.9987,0,0.411652,-0.479198,1.634000,0.9151,0,-0.412656,-0.508159,1.858000,0.8830,0,0.618186,-0.491932,1.508000,0.8501,0,-0.666947,-0.490578,1.921000,0.9184,0,0.131001,0.016321,1.656000,0.9984,0,-0.076437,0.025512,1.724000,0.9987,0
218,7.271904,1,0.164626,-0.528943,1.638000,0.9990,0,-0.155889,-0.519793,1.724000,0.9987,0,0.409385,-0.479236,1.625000,0.9108,0,-0.404748,-0.502142,1.836000,0.8797,0,0.621056,-0.494216,1.515000,0.8434,0,-0.664406,-0.493387,1.932000,0.9193,0,0.131001,0.016321,1.656000,0.9984,0,-0.074027,0.025660,1.734000,0.9987,0
219,7.305261,1,0.165530,-0.529136,1.647000,0.9990,0,-0.156342,-0.521300,1.729000,0.9987,0,0.409385,-0.479236,1.625000,0.9116,0,-0.403426,-0.500501,1.830000,0.8750,0,0.622696,-0.498023,1.519000,0.8431,0,-0.656496,-0.487514,1.909000,0.9146,0,0.130606,0.016272,1.651000,0.9984,0,-0.073600,0.025512,1.724000,0.9987,0
220,7.338619,1,0.165530,-0.529136,1.647000,0.9991,0,-0.157246,-0.524315,1.739000,0.9987,0,0.406362,-0.475697,1.613000,0.9149,0,-0.401726,-0.502142,1.836000,0.8727,0,0.618186,-0.494416,1.508000,0.8466,0,-0.659173,-0.488682,1.926000,0.9101,0,0.131318,0.016361,1.660000,0.9985,0,-0.076659,0.025586,1.729000,0.9988,0
221,7.371976,1,0.164224,-0.527652,1.634000,0.9990,0,-0.157246,-0.524315,1.739000,0.9987,0,0.414342,-0.481890,1.634000,0.9147,0,-0.398704,-0.502142,1.836000,0.8693,0,0.616547,-0.495583,1.504000,0.8439,0,-0.658046,-0.490205,1.932000,0.9072,0,0.127888,0.016272,1.651000,0.9985,0,-0.076437,0.025512,1.724000,0.9988,0
222,7.405333,1,0.165530,-0.531850,1.647000,0.9990,0,-0.155626,-0.531424,1.753000,0.9987,0,0.411045,-0.478056,1.621000,0.9115,0,-0.397401,-0.500501,1.830000,0.8688,0,0.616547,-0.498060,1.504000,0.8347,0,-0.660090,-0.491727,1.938000,0.9067,0,0.131001,0.016321,1.656000,0.9985,0,-0.076437,0.025512,1.724000,0.9988,0
223,7.438691,1,0.165530,-0.531850,1.647000,0.9991,0,-0.155182,-0.529908,1.748000,0.9987,0,0.410031,-0.479540,1.617000,0.9142,0,-0.396760,-0.503510,1.841000,0.8695,0,0.619416,-0.500379,1.511000,0.8400,0,-0.656900,-0.491727,1.938000,0.9085,0,0.131634,0.016400,1.664000,0.9986,0,-0.075595,0.025231,1.705000,0.9989,0
224,7.472048,1,0.165128,-0.530558,1.643000,0.9991,0,-0.156070,-0.532940,1.758000,0.9987,0,0.412060,-0.481913,1.625000,0.9149,0,-0.400424,-0.508159,1.858000,0.8633,0,0.614907,-0.499207,1.500000,0.8424,0,-0.652833,-0.488682,1.926000,0.9028,0,0.129593,0.016489,1.673000,0.9986,0,-0.076038,0.025379,1.715000,0.9989,0
225,7.505405,1,0.165128,-0.530558,1.643000,0.9991,0,-0.152697,-0.521420,1.720000,0.9987,0,0.412060,-0.481913,1.625000,0.9141,0,-0.392661,-0.502142,1.836000,0.8585,0,0.616547,-0.500538,1.504000,0.8409,0,-0.663340,-0.496548,1.957000,0.9005,0,0.128276,0.016321,1.656000,0.9986,0,-0.077102,0.025734,1.739000,0.9989,0
226,7.538762,1,0.165932,-0.533141,1.651000,0.9990,0,-0.156070,-0.532940,1.758000,0.9987,0,0.411045,-0.480727,1.621000,0.9112,0,-0.391377,-0.500501,1.830000,0.8590,0,0.619416,-0.502868,1.511000,0.8312,0,-0.664167,-0.499593,1.969000,0.9012,0,0.131318,0.016361,1.660000,0.9986,0,-0.076659,0.025586,1.729000,0.9989,0
227,7.572120,1,0.165932,-0.533141,1.651000,0.9991,0,-0.154383,-0.527180,1.739000,0.9987,0,0.409017,-0.478354,1.613000,0.9141,0,-0.393034,-0.506518,1.852000,0.8601,0,0.618186,-0.501869,1.508000,0.8396,0,-0.646492,-0.485509,1.926000,0.9050,0,0.128895,0.013659,1.664000,0.9987,0,-0.076038,0.022553,1.715000,0.9989,0
228,7.605477,1,0.165932,-0.533141,1.651000,0.9990,0,-0.154383,-0.527180,1.739000,0.9987,0,0.404706,-0.473312,1.596000,0.9081,0,-0.399131,-0.506518,1.852000,0.8564,0,0.613677,-0.498208,1.497000,0.8200,0,-0.638772,-0.479712,1.903000,0.9004,0,0.128895,0.013659,1.664000,0.9987,0,-0.074240,0.022869,1.739000,0.9990,0
229,7.638834,1,0.164626,-0.528943,1.638000,0.9990,0,-0.151957,-0.528696,1.744000,0.9987,0,0.412060,-0.481913,1.625000,0.9076,0,-0.401501,-0.509527,1.863000,0.8569,0,0.614907,-0.499207,1.500000,0.8165,0,-0.642800,-0.482737,1.915000,0.9006,0,0.128895,0.013659,1.664000,0.9987,0,-0.073429,0.022619,1.720000,0.9990,0
230,7.672191,1,0.166435,-0.534756,1.656000,0.9990,0,-0.152305,-0.529908,1.748000,0.9986,0,0.413328,-0.483396,1.630000,0.9058,0,-0.393312,-0.499134,1.825000,0.8473,0,0.614907,-0.499207,1.500000,0.8156,0,-0.658912,-0.494836,1.963000,0.8925,0,0.127888,0.013552,1.651000,0.9987,0,-0.073429,0.022619,1.720000,0.9990,0
231,7.705549,1,0.165932,-0.533141,1.651000,0.9990,0,-0.151521,-0.527180,1.739000,0.9986,0,0.411672,-0.478354,1.613000,0.9085,0,-0.395013,-0.505151,1.847000,0.8460,0,0.618186,-0.501869,1.508000,0.8215,0,-0.662940,-0.497861,1.975000,0.8933,0,0.125853,0.013626,1.660000,0.9987,0,-0.076038,0.019728,1.715000,0.9990,0
232,7.738906,1,0.164224,-0.527652,1.634000,0.9989,0,-0.151957,-0.528696,1.744000,0.9986,0,0.414734,-0.481913,1.625000,0.9024,0,-0.399131,-0.506518,1.852000,0.8464,0,0.612037,-0.496877,1.493000,0.8034,0,-0.648506,-0.487022,1.932000,0.8923,0,0.129283,0.013700,1.669000,0.9987,0,-0.076038,0.022553,1.715000,0.9990,0
233,7.772263,1,0.165128,-0.530558,1.643000,0.9989,0,-0.152305,-0.529908,1.748000,0.9986,0,0.409630,-0.475982,1.605000,0.9023,0,-0.396760,-0.503510,1.841000,0.8467,0,0.614907,-0.499207,1.500000,0.8069,0,-0.662940,-0.497861,1.975000,0.8958,0,0.128895,0.013659,1.664000,0.9987,0,-0.076437,0.019831,1.724000,0.9990,0
234,7.805620,1,0.164224,-0.527652,1.634000,0.9988,0,-0.151521,-0.527180,1.739000,0.9986,0,0.413299,-0.477168,1.609000,0.8989,0,-0.399131,-0.506518,1.852000,0.8406,0,0.614907,-0.499207,1.500000,0.7923,0,-0.665290,-0.499626,1.982000,0.8842,0,0.128895,0.013659,1.664000,0.9987,0,-0.076659,0.019889,1.729000,0.9990,0
235,7.838978,1,0.165530,-0.531850,1.647000,0.9988,0,-0.151521,-0.527180,1.739000,0.9986,0,0.416381,-0.480727,1.621000,0.8969,0,-0.397366,-0.508159,1.858000,0.8420,0,0.614907,-0.499207,1.500000,0.7906,0,-0.648506,-0.487022,1.932000,0.8885,0,0.129980,0.013774,1.678000,0.9988,0,-0.076437,0.019831,1.724000,0.9990,0
236,7.872335,1,0.165128,-0.530558,1.643000,0.9988,0,-0.151521,-0.527180,1.739000,0.9986,0,0.416381,-0.480727,1.621000,0.8935,0,-0.399131,-0.506518,1.852000,0.8398,0,0.614495,-0.496877,1.493000,0.7792,0,-0.642800,-0.482737,1.915000,0.8845,0,0.127579,0.013519,1.647000,0.9988,0,-0.076260,0.022619,1.720000,0.9990,0
237,7.905692,1,0.165932,-0.533141,1.651000,0.9988,0,-0.152305,-0.529908,1.748000,0.9986,0,0.414734,-0.481913,1.625000,0.8942,0,-0.392661,-0.502142,1.836000,0.8403,0,0.617376,-0.499207,1.500000,0.7857,0,-0.652534,-0.490047,1.944000,0.8899,0,0.125171,0.010832,1.651000,0.9988,0,-0.076437,0.019831,1.724000,0.9990,0
238,7.939049,1,0.165530,-0.531850,1.647000,0.9987,0,-0.152741,-0.531424,1.753000,0.9986,0,0.413713,-0.480727,1.621000,0.8885,0,-0.394389,-0.500501,1.830000,0.8421,0,0.616141,-0.498208,1.497000,0.7721,0,-0.650520,-0.485342,1.938000,0.8940,0,0.125171,0.010832,1.651000,0.9987,0,-0.076038,0.019728,1.715000,0.9990,0
239,7.972407,1,0.166435,-0.534756,1.656000,0.9987,0,-0.152741,-0.531424,1.753000,0.9986,0,0.411672,-0.478354,1.613000,0.8871,0,-0.390308,-0.499134,1.825000,0.8383,0,0.614907,-0.499207,1.500000,0.7728,0,-0.645326,-0.483839,1.932000,0.8945,0,0.127579,0.010806,1.647000,0.9987,0,-0.072789,0.019613,1.705000,0.9990,0
240,8.005764,1,0.165932,-0.533141,1.651000,0.9988,0,-0.151086,-0.525664,1.734000,0.9986,0,0.413713,-0.480727,1.621000,0.8897,0,-0.397366,-0.508159,1.858000,0.8409,0,0.610808,-0.495879,1.490000,0.7797,0,-0.645326,-0.483839,1.932000,0.8976,0,0.126839,0.010976,1.673000,0.9987,0,-0.076038,0.019728,1.715000,0.9990,0
241,8.039121,1,0.166435,-0.534756,1.656000,0.9987,0,-0.151521,-0.527180,1.739000,0.9986,0,0.413713,-0.483397,1.621000,0.8866,0,-0.398435,-0.509527,1.863000,0.8386,0,0.614907,-0.499207,1.500000,0.7694,0,-0.651673,-0.488597,1.951000,0.8932,0,0.127888,0.013552,1.651000,0.9987,0,-0.076038,0.022553,1.715000,0.9990,0
242,8.072478,1,0.166435,-0.537484,1.656000,0.9988,0,-0.152305,-0.529908,1.748000,0.9987,0,0.411672,-0.481011,1.613000,0.8918,0,-0.388933,-0.505151,1.847000,0.8403,0,0.616547,-0.500538,1.504000,0.7843,0,-0.634502,-0.478079,1.909000,0.8976,0,0.124185,0.010747,1.638000,0.9988,0,-0.076437,0.019831,1.724000,0.9991,0
243,8.105836,1,0.165530,-0.534563,1.647000,0.9988,0,-0.152305,-0.529908,1.748000,0.9986,0,0.417031,-0.487274,1.634000,0.8890,0,-0.396082,-0.503467,1.852000,0.8360,0,0.614907,-0.499207,1.500000,0.7756,0,-0.641652,-0.481084,1.921000,0.8918,0,0.128276,0.010865,1.656000,0.9988,0,-0.076260,0.019785,1.720000,0.9991,0
244,8.139193,1,0.165530,-0.534563,1.647000,0.9988,0,-0.151521,-0.527180,1.739000,0.9986,0,0.412692,-0.479540,1.617000,0.8876,0,-0.393730,-0.500477,1.841000,0.8300,0,0.613677,-0.498208,1.497000,0.7720,0,-0.645326,-0.483839,1.932000,0.8819,0,0.125853,0.010891,1.660000,0.9988,0,-0.076437,0.019831,1.724000,0.9991,0
245,8.172550,1,0.165128,-0.530558,1.643000,0.9988,0,-0.150214,-0.522633,1.724000,0.9986,0,0.413713,-0.483397,1.621000,0.8908,0,-0.389639,-0.502142,1.836000,0.8284,0,0.612037,-0.496877,1.493000,0.7811,0,-0.640152,-0.482337,1.926000,0.8832,0,0.125550,0.010865,1.656000,0.9988,0,-0.076659,0.019889,1.729000,0.9991,0
246,8.205907,1,0.165530,-0.531850,1.647000,0.9987,0,-0.152741,-0.531424,1.753000,0.9986,0,0.414734,-0.484590,1.625000,0.8858,0,-0.395013,-0.505151,1.847000,0.8304,0,0.612037,-0.496877,1.493000,0.7677,0,-0.636496,-0.479582,1.915000,0.8861,0,0.125550,0.010865,1.656000,0.9987,0,-0.076260,0.019785,1.720000,0.9990,0
247,8.239265,1,0.166435,-0.534756,1.656000,0.9987,0,-0.152305,-0.529908,1.748000,0.9986,0,0.412692,-0.482204,1.617000,0.8862,0,-0.397366,-0.508159,1.858000,0.8321,0,0.613677,-0.498208,1.497000,0.7695,0,-0.642147,-0.483839,1.932000,0.8886,0,0.127579,0.013519,1.647000,0.9987,0,-0.076437,0.022672,1.724000,0.9990,0
248,8.272622,1,0.164626,-0.528943,1.638000,0.9987,0,-0.151957,-0.528696,1.744000,0.9986,0,0.413713,-0.483397,1.621000,0.8909,0,-0.397366,-0.508159,1.858000,0.8328,0,0.614907,-0.499207,1.500000,0.7793,0,-0.646135,-0.486844,1.944000,0.8881,0,0.128276,0.013593,1.656000,0.9988,0,-0.076038,0.022553,1.715000,0.9990,0
249,8.305979,1,0.165128,-0.530558,1.643000,0.9988,0,-0.151521,-0.527180,1.739000,0.9986,0,0.413713,-0.483397,1.621000,0.8915,0,-0.390308,-0.499134,1.825000,0.8307,0,0.612037,-0.496877,1.493000,0.7801,0,-0.642147,-0.483839,1.932000,0.8844,0,0.128586,0.013626,1.660000,0.9988,0,-0.076038,0.022553,1.715000,0.9991,0
250,8.339336,1,0.165128,-0.530558,1.643000,0.9987,0,-0.151521,-0.527180,1.739000,0.9986,0,0.413713,-0.483397,1.621000,0.8894,0,-0.389239,-0.497766,1.820000,0.8310,0,0.613677,-0.498208,1.497000,0.7745,0,-0.646135,-0.486844,1.944000,0.8840,0,0.128276,0.010865,1.656000,0.9988,0,-0.076437,0.022672,1.724000,0.9990,0
251,8.372694,1,0.165530,-0.531850,1.647000,0.9988,0,-0.151521,-0.527180,1.739000,0.9986,0,0.412060,-0.484590,1.625000,0.8893,0,-0.395013,-0.505151,1.847000,0.8300,0,0.614071,-0.500538,1.504000,0.7736,0,-0.644141,-0.485342,1.938000,0.8846,0,0.131318,0.010891,1.660000,0.9988,0,-0.075817,0.022487,1.710000,0.9991,0
252,8.406051,1,0.165932,-0.533141,1.651000,0.9988,0,-0.151521,-0.527180,1.739000,0.9987,0,0.406988,-0.478626,1.605000,0.8921,0,-0.395013,-0.505151,1.847000,0.8337,0,0.612438,-0.499207,1.500000,0.7828,0,-0.643322,-0.482337,1.926000,0.8887,0,0.128276,0.013593,1.656000,0.9988,0,-0.077102,0.022869,1.739000,0.9991,0
253,8.439408,1,0.165932,-0.533141,1.651000,0.9989,0,-0.150650,-0.524149,1.729000,0.9987,0,0.412060,-0.484590,1.625000,0.8952,0,-0.391377,-0.500501,1.830000,0.8300,0,0.614071,-0.500538,1.504000,0.7938,0,-0.633636,-0.475074,1.897000,0.8865,0,0.129283,0.013700,1.669000,0.9988,0,-0.076038,0.022553,1.715000,0.9991,0
254,8.472766,1,0.164224,-0.527652,1.634000,0.9988,0,-0.149866,-0.521420,1.720000,0.9987,0,0.411045,-0.483397,1.621000,0.8946,0,-0.391377,-0.500501,1.830000,0.8304,0,0.609580,-0.496877,1.493000,0.7942,0,-0.643322,-0.482337,1.926000,0.8875,0,0.128895,0.013659,1.664000,0.9988,0,-0.076260,0.022619,1.720000,0.9991,0
255,8.506123,1,0.165128,-0.530558,1.643000,0.9988,0,-0.151521,-0.527180,1.739000,0.9987,0,0.406988,-0.478626,1.605000,0.8924,0,-0.387956,-0.496125,1.814000,0.8326,0,0.612438,-0.499207,1.500000,0.7920,0,-0.641652,-0.481084,1.921000,0.8910,0,0.128586,0.013626,1.660000,0.9988,0,-0.076659,0.022737,1.729000,0.9990,0
256,8.539480,1,0.165530,-0.531850,1.647000,0.9988,0,-0.151086,-0.525664,1.734000,0.9987,0,0.409385,-0.484590,1.625000,0.8930,0,-0.395013,-0.505151,1.847000,0.8362,0,0.612438,-0.499207,1.500000,0.7916,0,-0.649335,-0.486844,1.944000,0.8948,0,0.127888,0.013552,1.651000,0.9988,0,-0.077102,0.022869,1.739000,0.9991,0
257,8.572838,1,0.165530,-0.531850,1.647000,0.9989,0,-0.150650,-0.524149,1.729000,0.9988,0,0.410031,-0.482204,1.617000,0.8961,0,-0.393034,-0.506518,1.852000,0.8326,0,0.614071,-0.500538,1.504000,0.8013,0,-0.641652,-0.481084,1.921000,0.8950,0,0.125171,0.013552,1.651000,0.9988,0,-0.076437,0.022672,1.724000,0.9991,0
258,8.606195,1,0.166435,-0.534756,1.656000,0.9989,0,-0.152305,-0.529908,1.748000,0.9987,0,0.410031,-0.482204,1.617000,0.8965,0,-0.394389,-0.500501,1.830000,0.8280,0,0.611213,-0.498208,1.497000,0.8012,0,-0.643322,-0.482337,1.926000,0.8871,0,0.125171,0.013552,1.651000,0.9988,0,-0.077102,0.022869,1.739000,0.9991,0
259,8.639552,1,0.166435,-0.534756,1.656000,0.9989,0,-0.150650,-0.524149,1.729000,0.9987,0,0.410031,-0.482204,1.617000,0.8967,0,-0.401501,-0.509527,1.863000,0.8289,0,0.616929,-0.502868,1.511000,0.8046,0,-0.641652,-0.481084,1.921000,0.8886,0,0.129283,0.013700,1.669000,0.9988,0,-0.077102,0.022869,1.739000,0.9990,0
260,8.672910,1,0.166837,-0.536048,1.660000,0.9989,0,-0.151086,-0.525664,1.734000,0.9987,0,0.412060,-0.484590,1.625000,0.8973,0,-0.393730,-0.503510,1.841000,0.8310,0,0.614071,-0.500538,1.504000,0.8094,0,-0.643322,-0.482337,1.926000,0.8926,0,0.125550,0.013593,1.656000,0.9987,0,-0.079275,0.022672,1.724000,0.9990,0
261,8.706267,1,0.165128,-0.530558,1.643000,0.9989,0,-0.154383,-0.527180,1.739000,0.9987,0,0.411045,-0.483397,1.621000,0.8965,0,-0.398053,-0.505151,1.847000,0.8250,0,0.614071,-0.500538,1.504000,0.8054,0,-0.643322,-0.482337,1.926000,0.8818,0,0.125853,0.013626,1.660000,0.9988,0,-0.078861,0.022553,1.715000,0.9990,0
262,8.739625,1,0.165128,-0.530558,1.643000,0.9990,0,-0.153940,-0.525664,1.734000,0.9988,0,0.410645,-0.486081,1.630000,0.8992,0,-0.392661,-0.502142,1.836000,0.8251,0,0.611213,-0.498208,1.497000,0.8150,0,-0.647331,-0.485342,1.938000,0.8850,0,0.128276,0.013593,1.656000,0.9988,0,-0.079735,0.022803,1.734000,0.9990,0
263,8.772982,1,0.165128,-0.530558,1.643000,0.9990,0,-0.151086,-0.525664,1.734000,0.9987,0,0.406988,-0.478626,1.605000,0.9015,0,-0.395013,-0.505151,1.847000,0.8236,0,0.611213,-0.498208,1.497000,0.8173,0,-0.649335,-0.486844,1.944000,0.8832,0,0.125853,0.013626,1.660000,0.9988,0,-0.079091,0.022619,1.720000,0.9991,0
264,8.806339,1,0.165128,-0.533265,1.643000,0.9989,0,-0.153496,-0.524149,1.729000,0.9987,0,0.408002,-0.479818,1.609000,0.8950,0,-0.399131,-0.506518,1.852000,0.8256,0,0.611213,-0.498208,1.497000,0.8006,0,-0.641652,-0.481084,1.921000,0.8845,0,0.125171,0.013552,1.651000,0.9988,0,-0.079275,0.022672,1.724000,0.9991,0
265,8.839697,1,0.165530,-0.531850,1.647000,0.9989,0,-0.152305,-0.529908,1.748000,0.9988,0,0.409385,-0.484590,1.625000,0.8953,0,-0.392661,-0.502142,1.836000,0.8255,0,0.611213,-0.498208,1.497000,0.8054,0,-0.643322,-0.482337,1.926000,0.8887,0,0.126157,0.013659,1.664000,0.9988,0,-0.076260,0.022619,1.720000,0.9991,0
266,8.873054,1,0.166837,-0.536048,1.660000,0.9989,0,-0.151521,-0.527180,1.739000,0.9988,0,0.405354,-0.479818,1.609000,0.8984,0,-0.389239,-0.497766,1.820000,0.8272,0,0.611213,-0.495742,1.497000,0.8139,0,-0.639648,-0.479582,1.915000,0.8926,0,0.126157,0.013659,1.664000,0.9988,0,-0.076659,0.022737,1.729000,0.9991,0
267,8.906411,1,0.165128,-0.533265,1.643000,0.9989,0,-0.152305,-0.529908,1.748000,0.9987,0,0.413713,-0.483397,1.621000,0.8930,0,-0.390941,-0.496125,1.814000,0.8230,0,0.609580,-0.496877,1.493000,0.7972,0,-0.647331,-0.485342,1.938000,0.8832,0,0.129283,0.013700,1.669000,0.9988,0,-0.076260,0.022619,1.720000,0.9991,0
268,8.939769,1,0.165932,-0.533141,1.651000,0.9989,0,-0.151957,-0.528696,1.744000,0.9987,0,0.410031,-0.479540,1.617000,0.8934,0,-0.401501,-0.509527,1.863000,0.8231,0,0.612438,-0.496736,1.500000,0.7972,0,-0.641652,-0.481084,1.921000,0.8825,0,0.128895,0.013659,1.664000,0.9988,0,-0.076881,0.022803,1.734000,0.9991,0
269,8.973126,1,0.165128,-0.530558,1.643000,0.9989,0,-0.151086,-0.525664,1.734000,0.9987,0,0.410031,-0.479540,1.617000,0.8967,0,-0.395013,-0.505151,1.847000,0.8242,0,0.608355,-0.493424,1.490000,0.8060,0,-0.642147,-0.483839,1.932000,0.8861,0,0.125853,0.013626,1.660000,0.9988,0,-0.076881,0.022803,1.734000,0.9991,0
270,9.006483,1,0.165128,-0.533265,1.643000,0.9989,0,-0.151086,-0.525664,1.734000,0.9987,0,0.412692,-0.479540,1.617000,0.8944,0,-0.395013,-0.505151,1.847000,0.8274,0,0.612438,-0.496736,1.500000,0.8013,0,-0.638490,-0.481084,1.921000,0.8885,0,0.129283,0.013700,1.669000,0.9988,0,-0.076659,0.022737,1.729000,0.9991,0
271,9.039841,1,0.165128,-0.533265,1.643000,0.9989,0,-0.151086,-0.525664,1.734000,0.9988,0,0.410031,-0.479540,1.617000,0.8932,0,-0.385817,-0.493390,1.804000,0.8251,0,0.609969,-0.496736,1.500000,0.8007,0,-0.644141,-0.485342,1.938000,0.8892,0,0.128895,0.013659,1.664000,0.9988,0,-0.076659,0.022737,1.729000,0.9991,0
272,9.073198,1,0.164626,-0.528943,1.638000,0.9989,0,-0.151521,-0.527180,1.739000,0.9988,0,0.408002,-0.477168,1.609000,0.8957,0,-0.387304,-0.499134,1.825000,0.8282,0,0.609969,-0.496736,1.500000,0.8070,0,-0.632508,-0.476577,1.903000,0.8936,0,0.128895,0.013659,1.664000,0.9989,0,-0.076437,0.022672,1.724000,0.9991,0
273,9.106556,1,0.165932,-0.533141,1.651000,0.9989,0,-0.151521,-0.527180,1.739000,0.9988,0,0.411045,-0.480727,1.621000,0.8986,0,-0.388365,-0.500501,1.830000,0.8263,0,0.608749,-0.495742,1.497000,0.8139,0,-0.644141,-0.485342,1.938000,0.8913,0,0.128276,0.013593,1.656000,0.9989,0,-0.076437,0.022672,1.724000,0.9991,0
274,9.139913,1,0.163709,-0.534756,1.656000,0.9989,0,-0.153940,-0.525664,1.734000,0.9988,0,0.408377,-0.480727,1.621000,0.8923,0,-0.387956,-0.496125,1.814000,0.8231,0,0.611596,-0.498060,1.504000,0.8043,0,-0.638490,-0.481084,1.921000,0.8884,0,0.128895,0.013659,1.664000,0.9989,0,-0.073216,0.022553,1.715000,0.9991,0
275,9.173270,1,0.162424,-0.530558,1.643000,0.9990,0,-0.154383,-0.527180,1.739000,0.9988,0,0.406362,-0.478354,1.613000,0.8948,0,-0.393730,-0.503510,1.841000,0.8162,0,0.613222,-0.499385,1.508000,0.8116,0,-0.651673,-0.488597,1.951000,0.8825,0,0.129980,0.013774,1.678000,0.9989,0,-0.073429,0.022619,1.720000,0.9991,0
276,9.206628,1,0.162424,-0.530558,1.643000,0.9990,0,-0.154383,-0.527180,1.739000,0.9988,0,0.407370,-0.479540,1.617000,0.8980,0,-0.393730,-0.503510,1.841000,0.8201,0,0.611596,-0.498060,1.504000,0.8179,0,-0.641652,-0.481084,1.921000,0.8871,0,0.128895,0.013659,1.664000,0.9989,0,-0.073813,0.022737,1.729000,0.9991,0
277,9.239985,1,0.162424,-0.530558,1.643000,0.9990,0,-0.153052,-0.522633,1.724000,0.9988,0,0.408377,-0.480727,1.621000,0.9002,0,-0.399131,-0.503467,1.852000,0.8195,0,0.606285,-0.495742,1.497000,0.8220,0,-0.645326,-0.480656,1.932000,0.8871,0,0.129283,0.013700,1.669000,0.9989,0,-0.074240,0.022869,1.739000,0.9991,0
278,9.273342,1,0.160645,-0.524745,1.625000,0.9990,0,-0.153496,-0.524149,1.729000,0.9988,0,0.406710,-0.481913,1.625000,0.9012,0,-0.394389,-0.497487,1.830000,0.8189,0,0.610740,-0.499385,1.508000,0.8252,0,-0.642800,-0.476427,1.915000,0.8883,0,0.128895,0.013659,1.664000,0.9989,0,-0.073600,0.022672,1.724000,0.9991,0
279,9.306700,1,0.162424,-0.530558,1.643000,0.9990,0,-0.153940,-0.525664,1.734000,0.9988,0,0.403707,-0.478354,1.613000,0.9032,0,-0.392234,-0.494768,1.820000,0.8183,0,0.607500,-0.496736,1.500000,0.8280,0,-0.646492,-0.479164,1.926000,0.8880,0,0.126157,0.013659,1.664000,0.9989,0,-0.074027,0.022803,1.734000,0.9991,0
280,9.340057,1,0.162424,-0.530558,1.643000,0.9991,0,-0.153940,-0.525664,1.734000,0.9989,0,0.403707,-0.478354,1.613000,0.9054,0,-0.389864,-0.491778,1.809000,0.8185,0,0.607500,-0.496736,1.500000,0.8349,0,-0.640786,-0.474934,1.909000,0.8899,0,0.128276,0.013593,1.656000,0.9989,0,-0.073429,0.025453,1.720000,0.9991,0
281,9.373415,1,0.163709,-0.534756,1.656000,0.9991,0,-0.153052,-0.522633,1.724000,0.9989,0,0.405709,-0.480727,1.621000,0.9081,0,-0.396760,-0.500477,1.841000,0.8197,0,0.604665,-0.494418,1.493000,0.8381,0,-0.638772,-0.473442,1.903000,0.8882,0,0.128586,0.013626,1.660000,0.9989,0,-0.073429,0.025453,1.720000,0.9991,0
282,9.406772,1,0.161534,-0.527652,1.634000,0.9991,0,-0.153496,-0.524149,1.729000,0.9989,0,0.406710,-0.481913,1.625000,0.9076,0,-0.395683,-0.499118,1.836000,0.8195,0,0.610740,-0.499385,1.508000,0.8376,0,-0.643928,-0.474934,1.909000,0.8892,0,0.129283,0.013700,1.669000,0.9989,0,-0.073813,0.025586,1.729000,0.9991,0
283,9.440129,1,0.162820,-0.531850,1.647000,0.9991,0,-0.154383,-0.527180,1.739000,0.9989,0,0.405709,-0.480727,1.621000,0.9114,0,-0.399790,-0.500477,1.841000,0.8217,0,0.607500,-0.496736,1.500000,0.8447,0,-0.647976,-0.477920,1.921000,0.8876,0,0.128586,0.013626,1.660000,0.9989,0,-0.074027,0.025660,1.734000,0.9991,0
284,9.473487,1,0.163215,-0.533141,1.651000,0.9992,0,-0.153052,-0.522633,1.724000,0.9989,0,0.406710,-0.481913,1.625000,0.9120,0,-0.398704,-0.499118,1.836000,0.8222,0,0.605031,-0.496736,1.500000,0.8478,0,-0.649104,-0.476427,1.915000,0.8905,0,0.129283,0.013700,1.669000,0.9989,0,-0.073813,0.028434,1.729000,0.9991,0
285,9.506844,1,0.162820,-0.531850,1.647000,0.9992,0,-0.153940,-0.525664,1.734000,0.9989,0,0.406710,-0.481913,1.625000,0.9148,0,-0.390670,-0.489059,1.799000,0.8209,0,0.606645,-0.498060,1.504000,0.8519,0,-0.652833,-0.479164,1.926000,0.8869,0,0.129283,0.013700,1.669000,0.9989,0,-0.073813,0.025586,1.729000,0.9991,0
286,9.540201,1,0.163709,-0.534756,1.656000,0.9992,0,-0.153940,-0.525664,1.734000,0.9989,0,0.405709,-0.480727,1.621000,0.9156,0,-0.398704,-0.499118,1.836000,0.8201,0,0.608258,-0.496901,1.508000,0.8559,0,-0.651138,-0.477920,1.921000,0.8882,0,0.129283,0.013700,1.669000,0.9989,0,-0.074240,0.028599,1.739000,0.9991,0
287,9.573559,1,0.163215,-0.533141,1.651000,0.9992,0,-0.153940,-0.525664,1.734000,0.9989,0,0.405709,-0.480727,1.621000,0.9181,0,-0.393927,-0.493137,1.814000,0.8220,0,0.611955,-0.497889,1.511000,0.8589,0,-0.651138,-0.477920,1.921000,0.8879,0,0.129283,0.013700,1.669000,0.9989,0,-0.073600,0.028352,1.724000,0.9991,0
288,9.606916,1,0.162424,-0.530558,1.643000,0.9992,0,-0.153940,-0.525664,1.734000,0.9989,0,0.403707,-0.478354,1.613000,0.9181,0,-0.393927,-0.496125,1.814000,0.8256,0,0.607500,-0.494265,1.500000,0.8606,0,-0.651138,-0.477920,1.921000,0.8923,0,0.125853,0.013626,1.660000,0.9989,0,-0.073429,0.025453,1.720000,0.9991,0
289,9.640273,1,0.163215,-0.533141,1.651000,0.9993,0,-0.153496,-0.524149,1.729000,0.9990,0,0.404708,-0.479540,1.617000,0.9195,0,-0.394389,-0.500501,1.830000,0.8235,0,0.610740,-0.496901,1.508000,0.8659,0,-0.656900,-0.482149,1.938000,0.8933,0,0.128895,0.013659,1.664000,0.9989,0,-0.073600,0.025512,1.724000,0.9991,0
290,9.673631,1,0.163215,-0.533141,1.651000,0.9992,0,-0.153940,-0.525664,1.734000,0.9989,0,0.405709,-0.480727,1.621000,0.9151,0,-0.393312,-0.499134,1.825000,0.8255,0,0.606285,-0.493276,1.497000,0.8538,0,-0.651138,-0.477920,1.921000,0.8938,0,0.128895,0.013659,1.664000,0.9989,0,-0.073600,0.028352,1.724000,0.9991,0
291,9.706988,1,0.162820,-0.531850,1.647000,0.9992,0,-0.153940,-0.525664,1.734000,0.9989,0,0.404708,-0.479540,1.617000,0.9169,0,-0.390941,-0.496125,1.814000,0.8255,0,0.610740,-0.496901,1.508000,0.8573,0,-0.649104,-0.476427,1.915000,0.8960,0,0.128895,0.013659,1.664000,0.9989,0,-0.073813,0.028434,1.729000,0.9991,0
292,9.740345,1,0.163709,-0.534756,1.656000,0.9992,0,-0.154383,-0.527180,1.739000,0.9989,0,0.403707,-0.478354,1.613000,0.9163,0,-0.393312,-0.499134,1.825000,0.8300,0,0.614442,-0.497889,1.511000,0.8550,0,-0.663340,-0.486876,1.957000,0.9003,0,0.127888,0.013552,1.651000,0.9988,0,-0.073216,0.028204,1.715000,0.9991,0
293,9.773703,1,0.162424,-0.530558,1.643000,0.9992,0,-0.154827,-0.528696,1.744000,0.9990,0,0.405709,-0.478056,1.621000,0.9202,0,-0.401093,-0.502108,1.847000,0.8332,0,0.609969,-0.491794,1.500000,0.8609,0,-0.656900,-0.482149,1.938000,0.8999,0,0.129593,0.016489,1.673000,0.9989,0,-0.073429,0.028286,1.720000,0.9991,0
294,9.807060,1,0.161930,-0.528943,1.638000,0.9992,0,-0.153940,-0.525664,1.734000,0.9990,0,0.406710,-0.479236,1.625000,0.9236,0,-0.402820,-0.500477,1.841000,0.8355,0,0.613222,-0.491932,1.508000,0.8663,0,-0.651138,-0.477920,1.921000,0.9010,0,0.128586,0.016361,1.660000,0.9989,0,-0.073600,0.028352,1.724000,0.9991,0
295,9.840417,1,0.162820,-0.531850,1.647000,0.9993,0,-0.155182,-0.529908,1.748000,0.9990,0,0.402047,-0.476876,1.617000,0.9258,0,-0.400414,-0.497487,1.830000,0.8360,0,0.614442,-0.492911,1.511000,0.8705,0,-0.647070,-0.474934,1.909000,0.9020,0,0.128276,0.016321,1.656000,0.9989,0,-0.073813,0.028434,1.729000,0.9991,0
296,9.873775,1,0.162820,-0.531850,1.647000,0.9993,0,-0.154383,-0.527180,1.739000,0.9990,0,0.401052,-0.475697,1.613000,0.9284,0,-0.399319,-0.496127,1.825000,0.8384,0,0.616069,-0.491720,1.515000,0.8770,0,-0.651138,-0.477920,1.921000,0.9057,0,0.129283,0.016449,1.669000,0.9989,0,-0.073600,0.028352,1.724000,0.9991,0
297,9.907132,1,0.163215,-0.533141,1.651000,0.9993,0,-0.154383,-0.527180,1.739000,0.9990,0,0.401052,-0.475697,1.613000,0.9284,0,-0.395230,-0.494768,1.820000,0.8386,0,0.611596,-0.488150,1.504000,0.8790,0,-0.651138,-0.477920,1.921000,0.9075,0,0.129593,0.016489,1.673000,0.9989,0,-0.073600,0.028352,1.724000,0.9991,0
298,9.940490,1,0.162820,-0.531850,1.647000,0.9993,0,-0.153496,-0.524149,1.729000,0.9990,0,0.404036,-0.479236,1.625000,0.9272,0,-0.399790,-0.500477,1.841000,0.8331,0,0.616069,-0.491720,1.515000,0.8789,0,-0.656900,-0.482149,1.938000,0.9038,0,0.128276,0.016321,1.656000,0.9989,0,-0.074240,0.028599,1.739000,0.9991,0
299,9.973847,1,0.163215,-0.533141,1.651000,0.9992,0,-0.154383,-0.527180,1.739000,0.9989,0,0.406273,-0.481890,1.634000,0.9247,0,-0.390670,-0.489059,1.799000,0.8290,0,0.608749,-0.483412,1.497000,0.8729,0,-0.652833,-0.479164,1.926000,0.8990,0,0.128586,0.016361,1.660000,0.9988,0,-0.073600,0.028352,1.724000,0.9991,0
300,10.007204,1,0.161930,-0.528943,1.638000,0.9993,0,-0.153940,-0.525664,1.734000,0.9990,0,0.405279,-0.480710,1.630000,0.9250,0,-0.393312,-0.496127,1.825000,0.8317,0,0.618915,-0.491485,1.522000,0.8761,0,-0.645952,-0.476427,1.915000,0.9026,0,0.131001,0.016321,1.656000,0.9988,0,-0.073429,0.028286,1.720000,0.9991,0
301,10.040562,1,0.163709,-0.534756,1.656000,0.9993,0,-0.153940,-0.525664,1.734000,0.9990,0,0.403041,-0.478056,1.621000,0.9231,0,-0.390941,-0.493137,1.814000,0.8353,0,0.611596,-0.485672,1.504000,0.8739,0,-0.645952,-0.476427,1.915000,0.9065,0,0.129283,0.016449,1.669000,0.9988,0,-0.074240,0.028599,1.739000,0.9991,0
302,10.073919,1,0.163215,-0.533141,1.651000,0.9993,0,-0.155182,-0.529908,1.748000,0.9990,0,0.401052,-0.473039,1.613000,0.9256,0,-0.395230,-0.494768,1.820000,0.8365,0,0.613222,-0.484479,1.508000,0.8784,0,-0.647976,-0.477920,1.921000,0.9077,0,0.128895,0.016400,1.664000,0.9989,0,-0.073216,0.028204,1.715000,0.9991,0
303,10.107276,1,0.163709,-0.534756,1.656000,0.9993,0,-0.154383,-0.527180,1.739000,0.9990,0,0.404036,-0.476559,1.625000,0.9262,0,-0.396316,-0.496127,1.825000,0.8362,0,0.618915,-0.488977,1.522000,0.8793,0,-0.643928,-0.474934,1.909000,0.9075,0,0.128895,0.016400,1.664000,0.9989,0,-0.073429,0.028286,1.720000,0.9991,0
304,10.140634,1,0.163215,-0.533141,1.651000,0.9992,0,-0.152305,-0.529908,1.748000,0.9990,0,0.404036,-0.476559,1.625000,0.9224,0,-0.392234,-0.494768,1.820000,0.8386,0,0.611596,-0.485672,1.504000,0.8707,0,-0.649104,-0.476427,1.915000,0.9094,0,0.128895,0.016400,1.664000,0.9988,0,-0.074240,0.028599,1.739000,0.9991,0
305,10.173991,1,0.162424,-0.530558,1.643000,0.9992,0,-0.151086,-0.525664,1.734000,0.9990,0,0.402047,-0.474213,1.617000,0.9235,0,-0.396760,-0.500477,1.841000,0.8423,0,0.611596,-0.485672,1.504000,0.8743,0,-0.649104,-0.476427,1.915000,0.9139,0,0.128895,0.013659,1.664000,0.9988,0,-0.073813,0.025586,1.729000,0.9991,0
306,10.207349,1,0.163709,-0.534756,1.656000,0.9992,0,-0.155182,-0.529908,1.748000,0.9990,0,0.403041,-0.475386,1.621000,0.9222,0,-0.392234,-0.494768,1.820000,0.8365,0,0.618563,-0.489224,1.515000,0.8740,0,-0.637857,-0.470456,1.891000,0.9074,0,0.128586,0.016361,1.660000,0.9989,0,-0.073429,0.025453,1.720000,0.9991,0
307,10.240706,1,0.162424,-0.530558,1.643000,0.9993,0,-0.155182,-0.529908,1.748000,0.9990,0,0.403041,-0.475386,1.621000,0.9234,0,-0.396760,-0.500477,1.841000,0.8362,0,0.612438,-0.484380,1.500000,0.8774,0,-0.651686,-0.480656,1.932000,0.9060,0,0.127888,0.016272,1.651000,0.9988,0,-0.074027,0.025660,1.734000,0.9991,0
308,10.274063,1,0.163709,-0.534756,1.656000,0.9992,0,-0.151521,-0.527180,1.739000,0.9990,0,0.404036,-0.476559,1.625000,0.9218,0,-0.399131,-0.503467,1.852000,0.8387,0,0.616929,-0.487932,1.511000,0.8733,0,-0.647976,-0.474755,1.921000,0.9088,0,0.128276,0.016321,1.656000,0.9988,0,-0.073813,0.025586,1.729000,0.9991,0
309,10.307421,1,0.162820,-0.531850,1.647000,0.9993,0,-0.151521,-0.527180,1.739000,0.9990,0,0.399063,-0.470693,1.605000,0.9229,0,-0.395683,-0.499118,1.836000,0.8386,0,0.611213,-0.483412,1.497000,0.8757,0,-0.651138,-0.474755,1.921000,0.9090,0,0.127888,0.013552,1.651000,0.9989,0,-0.076659,0.025586,1.729000,0.9991,0
310,10.340778,1,0.162820,-0.531850,1.647000,0.9992,0,-0.154827,-0.528696,1.744000,0.9990,0,0.405279,-0.480710,1.630000,0.9171,0,-0.393927,-0.493137,1.814000,0.8387,0,0.616929,-0.487932,1.511000,0.8634,0,-0.652833,-0.475991,1.926000,0.9076,0,0.131634,0.013659,1.664000,0.9988,0,-0.073600,0.025512,1.724000,0.9991,0
311,10.374135,1,0.163215,-0.533141,1.651000,0.9992,0,-0.154827,-0.528696,1.744000,0.9990,0,0.402047,-0.474213,1.617000,0.9180,0,-0.389864,-0.491778,1.809000,0.8361,0,0.611213,-0.483412,1.497000,0.8677,0,-0.643003,-0.468824,1.897000,0.9081,0,0.132030,0.013700,1.669000,0.9989,0,-0.073600,0.025512,1.724000,0.9991,0
312,10.407492,1,0.164105,-0.536048,1.660000,0.9992,0,-0.155182,-0.529908,1.748000,0.9990,0,0.400373,-0.475386,1.621000,0.9172,0,-0.393312,-0.496127,1.825000,0.8394,0,0.618563,-0.486728,1.515000,0.8673,0,-0.640969,-0.467341,1.891000,0.9116,0,0.133727,0.016321,1.656000,0.9989,0,-0.074027,0.028516,1.734000,0.9991,0
313,10.440850,1,0.162820,-0.531850,1.647000,0.9993,0,-0.153940,-0.525664,1.734000,0.9991,0,0.403584,-0.479198,1.634000,0.9210,0,-0.392234,-0.494768,1.820000,0.8435,0,0.614071,-0.483194,1.504000,0.8743,0,-0.643003,-0.468824,1.897000,0.9149,0,0.134050,0.016361,1.660000,0.9989,0,-0.074027,0.028516,1.734000,0.9991,0
314,10.474207,1,0.163215,-0.533141,1.651000,0.9993,0,-0.154383,-0.527180,1.739000,0.9991,0,0.403584,-0.479198,1.634000,0.9247,0,-0.395683,-0.499118,1.836000,0.8491,0,0.615704,-0.481995,1.508000,0.8812,0,-0.645036,-0.470307,1.903000,0.9196,0,0.135100,0.016489,1.673000,0.9989,0,-0.073600,0.028352,1.724000,0.9991,0
315,10.507564,1,0.163709,-0.534756,1.656000,0.9993,0,-0.151957,-0.528696,1.744000,0.9991,0,0.403584,-0.479198,1.634000,0.9271,0,-0.390941,-0.493137,1.814000,0.8518,0,0.618563,-0.484232,1.515000,0.8859,0,-0.639274,-0.466105,1.886000,0.9221,0,0.134373,0.016400,1.664000,0.9989,0,-0.073429,0.028286,1.720000,0.9991,0
316,10.540922,1,0.163709,-0.534756,1.656000,0.9994,0,-0.150650,-0.524149,1.729000,0.9992,0,0.400373,-0.475386,1.621000,0.9287,0,-0.390941,-0.493137,1.814000,0.8494,0,0.614071,-0.480717,1.504000,0.8903,0,-0.645036,-0.470307,1.903000,0.9225,0,0.134777,0.016449,1.669000,0.9989,0,-0.073429,0.028286,1.720000,0.9992,0
317,10.574279,1,0.163215,-0.533141,1.651000,0.9993,0,-0.150650,-0.524149,1.729000,0.9991,0,0.403584,-0.479198,1.634000,0.9282,0,-0.389864,-0.491778,1.809000,0.8521,0,0.616929,-0.480465,1.511000,0.8881,0,-0.649104,-0.470117,1.915000,0.9244,0,0.134777,0.019199,1.669000,0.9989,0,-0.073002,0.028122,1.710000,0.9991,0
318,10.607636,1,0.162820,-0.529136,1.647000,0.9993,0,-0.152741,-0.531424,1.753000,0.9992,0,0.402596,-0.475340,1.630000,0.9290,0,-0.396316,-0.496127,1.825000,0.8547,0,0.615704,-0.479511,1.508000,0.8891,0,-0.643003,-0.465699,1.897000,0.9264,0,0.135100,0.019245,1.673000,0.9989,0,-0.073429,0.028286,1.720000,0.9991,0
319,10.640993,1,0.162820,-0.529136,1.647000,0.9993,0,-0.151521,-0.527180,1.739000,0.9992,0,0.399385,-0.471549,1.617000,0.9310,0,-0.397401,-0.497487,1.830000,0.8590,0,0.620196,-0.483009,1.519000,0.8921,0,-0.640335,-0.461525,1.880000,0.9293,0,0.135504,0.019302,1.678000,0.9989,0,-0.073813,0.028434,1.729000,0.9991,0
320,10.674351,1,0.164105,-0.533313,1.660000,0.9993,0,-0.150650,-0.524149,1.729000,0.9992,0,0.399385,-0.471549,1.617000,0.9320,0,-0.389584,-0.487700,1.794000,0.8643,0,0.620542,-0.485234,1.526000,0.8938,0,-0.636588,-0.458825,1.869000,0.9330,0,0.137524,0.019199,1.669000,0.9989,0,-0.073813,0.028434,1.729000,0.9991,0
321,10.707708,1,0.162820,-0.529136,1.647000,0.9993,0,-0.151086,-0.525664,1.734000,0.9992,0,0.402596,-0.475340,1.630000,0.9340,0,-0.392841,-0.491778,1.809000,0.8653,0,0.617696,-0.483009,1.519000,0.8966,0,-0.647194,-0.464226,1.891000,0.9334,0,0.137112,0.019141,1.664000,0.9989,0,-0.073813,0.028434,1.729000,0.9991,0
322,10.741065,1,0.162820,-0.529136,1.647000,0.9994,0,-0.151086,-0.525664,1.734000,0.9992,0,0.403584,-0.476506,1.634000,0.9367,0,-0.394725,-0.490418,1.804000,0.8667,0,0.613222,-0.479511,1.508000,0.9018,0,-0.639664,-0.458825,1.869000,0.9344,0,0.137524,0.019199,1.669000,0.9989,0,-0.070598,0.028286,1.720000,0.9991,0
323,10.774422,1,0.161534,-0.524960,1.634000,0.9994,0,-0.153496,-0.524149,1.729000,0.9992,0,0.399385,-0.471549,1.617000,0.9336,0,-0.396913,-0.493137,1.814000,0.8693,0,0.613222,-0.479511,1.508000,0.8976,0,-0.640677,-0.457352,1.863000,0.9346,0,0.139851,0.019141,1.664000,0.9989,0,-0.070762,0.028352,1.724000,0.9991,0
324,10.807780,1,0.161930,-0.526245,1.638000,0.9994,0,-0.153496,-0.524149,1.729000,0.9992,0,0.403584,-0.476506,1.634000,0.9347,0,-0.395819,-0.491778,1.809000,0.8681,0,0.616069,-0.481737,1.515000,0.9019,0,-0.643744,-0.457352,1.863000,0.9356,0,0.136782,0.019095,1.660000,0.9989,0,-0.070188,0.028122,1.710000,0.9991,0
325,10.841137,1,0.162424,-0.527851,1.643000,0.9994,0,-0.154383,-0.527180,1.739000,0.9992,0,0.402596,-0.475340,1.630000,0.9352,0,-0.397694,-0.490418,1.804000,0.8702,0,0.617696,-0.480506,1.519000,0.8990,0,-0.638365,-0.449251,1.830000,0.9349,0,0.139851,0.019141,1.664000,0.9989,0,-0.070598,0.028286,1.720000,0.9991,0
326,10.874494,1,0.163215,-0.530421,1.651000,0.9994,0,-0.154383,-0.527180,1.739000,0.9991,0,0.401361,-0.473882,1.625000,0.9361,0,-0.401774,-0.488798,1.809000,0.8715,0,0.616069,-0.479241,1.515000,0.9004,0,-0.641377,-0.449251,1.830000,0.9341,0,0.137524,0.019199,1.669000,0.9989,0,-0.070598,0.028286,1.720000,0.9991,0
327,10.907851,1,0.164500,-0.534598,1.664000,0.9994,0,-0.153496,-0.524149,1.729000,0.9991,0,0.404572,-0.477673,1.638000,0.9365,0,-0.402514,-0.486096,1.799000,0.8704,0,0.617696,-0.480506,1.519000,0.8998,0,-0.650375,-0.453424,1.847000,0.9314,0,0.137112,0.019141,1.664000,0.9989,0,-0.073600,0.028352,1.724000,0.9991,0
328,10.941208,1,0.163709,-0.532028,1.656000,0.9994,0,-0.154827,-0.528696,1.744000,0.9991,0,0.404572,-0.477673,1.638000,0.9359,0,-0.396696,-0.479070,1.773000,0.8725,0,0.622169,-0.483986,1.530000,0.8966,0,-0.649524,-0.450724,1.836000,0.9308,0,0.139851,0.021883,1.664000,0.9989,0,-0.073600,0.031192,1.724000,0.9991,0
329,10.974566,1,0.164500,-0.534598,1.664000,0.9994,0,-0.153940,-0.525664,1.734000,0.9991,0,0.399385,-0.471549,1.617000,0.9354,0,-0.400052,-0.483123,1.788000,0.8773,0,0.618915,-0.481455,1.522000,0.8964,0,-0.646859,-0.446796,1.820000,0.9334,0,0.143789,0.022067,1.678000,0.9989,0,-0.074027,0.031373,1.734000,0.9991,0
330,11.007923,1,0.163709,-0.532028,1.656000,0.9994,0,-0.156342,-0.521300,1.729000,0.9991,0,0.400895,-0.476506,1.634000,0.9337,0,-0.407738,-0.481772,1.783000,0.8776,0,0.621270,-0.482724,1.534000,0.8927,0,-0.648904,-0.444095,1.809000,0.9313,0,0.143018,0.021948,1.669000,0.9989,0,-0.074240,0.031463,1.739000,0.9991,0
331,11.041280,1,0.164994,-0.536204,1.669000,0.9993,0,-0.156342,-0.521300,1.729000,0.9991,0,0.401876,-0.474974,1.638000,0.9323,0,-0.413607,-0.481772,1.783000,0.8792,0,0.613905,-0.478948,1.522000,0.8893,0,-0.652382,-0.440413,1.794000,0.9324,0,0.143018,0.021948,1.669000,0.9989,0,-0.072618,0.030776,1.701000,0.9991,0
332,11.074637,1,0.162820,-0.529136,1.647000,0.9993,0,-0.155889,-0.519793,1.724000,0.9991,0,0.398686,-0.471205,1.625000,0.9303,0,-0.413607,-0.481772,1.783000,0.8803,0,0.621569,-0.484927,1.541000,0.8859,0,-0.649490,-0.436485,1.778000,0.9332,0,0.144193,0.021712,1.651000,0.9989,0,-0.073600,0.034032,1.724000,0.9991,0
333,11.107995,1,0.162820,-0.529136,1.647000,0.9993,0,-0.159648,-0.522808,1.734000,0.9990,0,0.400895,-0.473814,1.634000,0.9290,0,-0.415948,-0.477719,1.768000,0.8799,0,0.614614,-0.481465,1.530000,0.8847,0,-0.657186,-0.440650,1.783000,0.9320,0,0.146551,0.019302,1.678000,0.9988,0,-0.070598,0.033953,1.720000,0.9990,0
334,11.141352,1,0.164994,-0.536204,1.669000,0.9993,0,-0.160108,-0.524315,1.739000,0.9990,0,0.401876,-0.474974,1.638000,0.9237,0,-0.410301,-0.471234,1.744000,0.8800,0,0.616221,-0.482724,1.534000,0.8778,0,-0.655618,-0.435707,1.763000,0.9314,0,0.145765,0.019199,1.669000,0.9988,0,-0.070967,0.034131,1.729000,0.9990,0
335,11.174709,1,0.164105,-0.533313,1.660000,0.9993,0,-0.159187,-0.521300,1.729000,0.9990,0,0.401876,-0.472276,1.638000,0.9212,0,-0.410301,-0.471234,1.744000,0.8806,0,0.617426,-0.483668,1.537000,0.8715,0,-0.653758,-0.434471,1.758000,0.9312,0,0.143018,0.019199,1.669000,0.9988,0,-0.074027,0.034229,1.734000,0.9990,0
336,11.208066,1,0.162424,-0.527851,1.643000,0.9993,0,-0.159187,-0.521300,1.729000,0.9990,0,0.403103,-0.473717,1.643000,0.9228,0,-0.415304,-0.473666,1.753000,0.8854,0,0.620639,-0.486185,1.545000,0.8738,0,-0.651899,-0.439011,1.753000,0.9354,0,0.143018,0.021948,1.669000,0.9988,0,-0.074027,0.037086,1.734000,0.9990,0
337,11.241424,1,0.163709,-0.532028,1.656000,0.9993,0,-0.161565,-0.519793,1.724000,0.9990,0,0.399913,-0.472654,1.630000,0.9237,0,-0.416996,-0.472315,1.748000,0.8877,0,0.618096,-0.483640,1.545000,0.8782,0,-0.654293,-0.436758,1.744000,0.9380,0,0.144979,0.021830,1.660000,0.9988,0,-0.073600,0.036872,1.724000,0.9990,0
338,11.274781,1,0.163709,-0.532028,1.656000,0.9993,0,-0.162970,-0.524315,1.739000,0.9990,0,0.401373,-0.474871,1.647000,0.9220,0,-0.419873,-0.475195,1.748000,0.8882,0,0.618096,-0.483640,1.545000,0.8748,0,-0.655279,-0.438370,1.739000,0.9397,0,0.144630,0.019049,1.656000,0.9987,0,-0.074240,0.037193,1.739000,0.9990,0
339,11.308138,1,0.164105,-0.533313,1.660000,0.9993,0,-0.164879,-0.521300,1.729000,0.9990,0,0.398205,-0.471123,1.634000,0.9219,0,-0.416946,-0.468670,1.724000,0.8913,0,0.613696,-0.480197,1.534000,0.8726,0,-0.651511,-0.435849,1.729000,0.9403,0,0.144193,0.021712,1.651000,0.9987,0,-0.074027,0.039943,1.734000,0.9989,0
340,11.341495,1,0.163709,-0.532028,1.656000,0.9993,0,-0.165356,-0.522808,1.734000,0.9990,0,0.399180,-0.472276,1.638000,0.9201,0,-0.420574,-0.472748,1.739000,0.8909,0,0.610495,-0.477693,1.526000,0.8726,0,-0.645274,-0.432608,1.705000,0.9421,0,0.146114,0.022001,1.673000,0.9986,0,-0.074240,0.040058,1.739000,0.9989,0
341,11.374853,1,0.160984,-0.532028,1.656000,0.9993,0,-0.168210,-0.522808,1.734000,0.9990,0,0.398205,-0.471123,1.634000,0.9204,0,-0.418810,-0.470417,1.720000,0.8918,0,0.612096,-0.478945,1.530000,0.8729,0,-0.648080,-0.432608,1.705000,0.9416,0,0.146551,0.022067,1.678000,0.9986,0,-0.073813,0.039828,1.729000,0.9988,0
342,11.408210,1,0.160984,-0.532028,1.656000,0.9992,0,-0.167725,-0.521300,1.729000,0.9990,0,0.399180,-0.472276,1.638000,0.9190,0,-0.422219,-0.474246,1.734000,0.8939,0,0.616496,-0.482388,1.541000,0.8710,0,-0.649360,-0.434396,1.701000,0.9431,0,0.145328,0.021883,1.664000,0.9986,0,-0.077102,0.040058,1.739000,0.9988,0
343,11.441567,1,0.160498,-0.530421,1.651000,0.9993,0,-0.166852,-0.518587,1.720000,0.9990,0,0.400398,-0.473717,1.643000,0.9207,0,-0.418810,-0.470417,1.720000,0.8970,0,0.613696,-0.480197,1.534000,0.8745,0,-0.650242,-0.433119,1.696000,0.9452,0,0.144979,0.021830,1.660000,0.9986,0,-0.076881,0.039943,1.734000,0.9988,0
344,11.474925,1,0.161761,-0.537339,1.664000,0.9993,0,-0.167725,-0.521300,1.729000,0.9990,0,0.402348,-0.476024,1.651000,0.9194,0,-0.417592,-0.469049,1.715000,0.8992,0,0.608895,-0.476440,1.522000,0.8718,0,-0.646792,-0.433599,1.687000,0.9462,0,0.144630,0.021777,1.656000,0.9986,0,-0.074027,0.039943,1.734000,0.9988,0
345,11.508282,1,0.161761,-0.537339,1.664000,0.9993,0,-0.167240,-0.519793,1.724000,0.9990,0,0.399180,-0.469577,1.638000,0.9185,0,-0.415757,-0.463853,1.696000,0.9033,0,0.613696,-0.480197,1.534000,0.8703,0,-0.646792,-0.433599,1.687000,0.9485,0,0.146114,0.024757,1.673000,0.9986,0,-0.074240,0.042923,1.739000,0.9988,0
346,11.541639,1,0.160498,-0.533141,1.651000,0.9993,0,-0.167240,-0.519793,1.724000,0.9990,0,0.398205,-0.468431,1.634000,0.9175,0,-0.419189,-0.467682,1.710000,0.9037,0,0.611171,-0.480197,1.534000,0.8711,0,-0.637974,-0.430429,1.664000,0.9504,0,0.147711,0.024565,1.660000,0.9986,0,-0.074027,0.042799,1.734000,0.9988,0
347,11.574996,1,0.161372,-0.536048,1.660000,0.9993,0,-0.167240,-0.519793,1.724000,0.9991,0,0.397230,-0.467284,1.630000,0.9172,0,-0.410119,-0.460318,1.673000,0.9067,0,0.613960,-0.482388,1.541000,0.8704,0,-0.634167,-0.426032,1.647000,0.9527,0,0.149313,0.024831,1.678000,0.9986,0,-0.074027,0.042799,1.734000,0.9988,0
348,11.608354,1,0.161372,-0.536048,1.660000,0.9993,0,-0.171064,-0.522808,1.734000,0.9991,0,0.400398,-0.471011,1.643000,0.9203,0,-0.411886,-0.459218,1.669000,0.9111,0,0.618096,-0.483640,1.545000,0.8746,0,-0.636878,-0.431458,1.647000,0.9547,0,0.149313,0.024831,1.678000,0.9986,0,-0.074838,0.046156,1.753000,0.9988,0
349,11.641711,1,0.160109,-0.531850,1.647000,0.9993,0,-0.170571,-0.521300,1.729000,0.9991,0,0.403103,-0.471011,1.643000,0.9195,0,-0.411886,-0.459218,1.669000,0.9122,0,0.612096,-0.478945,1.530000,0.8742,0,-0.639588,-0.431458,1.647000,0.9564,0,0.151622,0.024757,1.673000,0.9985,0,-0.074240,0.045788,1.739000,0.9988,0
350,11.675068,1,0.160984,-0.534756,1.656000,0.9993,0,-0.170077,-0.519793,1.724000,0.9991,0,0.400895,-0.468431,1.634000,0.9217,0,-0.416328,-0.464170,1.687000,0.9150,0,0.619697,-0.484892,1.549000,0.8765,0,-0.642299,-0.431458,1.647000,0.9579,0,0.148868,0.027513,1.673000,0.9985,0,-0.073813,0.045524,1.729000,0.9988,0
351,11.708426,1,0.161372,-0.536048,1.660000,0.9993,0,-0.170077,-0.519793,1.724000,0.9991,0,0.401876,-0.469577,1.638000,0.9224,0,-0.414107,-0.464458,1.678000,0.9160,0,0.618096,-0.483640,1.545000,0.8784,0,-0.640739,-0.433117,1.643000,0.9597,0,0.148067,0.027365,1.664000,0.9985,0,-0.077501,0.046025,1.748000,0.9987,0
352,11.741783,1,0.160109,-0.531850,1.647000,0.9993,0,-0.170571,-0.521300,1.729000,0.9990,0,0.403103,-0.471011,1.643000,0.9228,0,-0.418549,-0.469441,1.696000,0.9158,0,0.618096,-0.483640,1.545000,0.8794,0,-0.637230,-0.430745,1.634000,0.9600,0,0.147355,0.027234,1.656000,0.9985,0,-0.076437,0.045393,1.724000,0.9987,0
353,11.775140,1,0.160984,-0.534756,1.656000,0.9992,0,-0.171064,-0.522808,1.734000,0.9990,0,0.399913,-0.467284,1.630000,0.9221,0,-0.412873,-0.463074,1.673000,0.9171,0,0.618096,-0.483640,1.545000,0.8781,0,-0.638789,-0.434498,1.638000,0.9612,0,0.151259,0.027447,1.669000,0.9984,0,-0.076659,0.045524,1.729000,0.9987,0
354,11.808497,1,0.160984,-0.534756,1.656000,0.9992,0,-0.169683,-0.518587,1.720000,0.9991,0,0.399180,-0.469577,1.638000,0.9227,0,-0.406456,-0.455878,1.647000,0.9198,0,0.616496,-0.482388,1.541000,0.8783,0,-0.632160,-0.429988,1.621000,0.9624,0,0.149265,0.027086,1.647000,0.9984,0,-0.077102,0.045788,1.739000,0.9987,0
355,11.841854,1,0.160109,-0.531850,1.647000,0.9992,0,-0.171064,-0.522808,1.734000,0.9991,0,0.400398,-0.471011,1.643000,0.9243,0,-0.407444,-0.456985,1.651000,0.9235,0,0.616496,-0.482388,1.541000,0.8806,0,-0.625920,-0.425744,1.605000,0.9642,0,0.150806,0.027365,1.664000,0.9984,0,-0.077102,0.045788,1.739000,0.9988,0
356,11.875212,1,0.160109,-0.531850,1.647000,0.9992,0,-0.170077,-0.519793,1.724000,0.9991,0,0.396012,-0.465851,1.625000,0.9245,0,-0.407444,-0.459705,1.651000,0.9248,0,0.610495,-0.477693,1.526000,0.8815,0,-0.625920,-0.425744,1.605000,0.9654,0,0.150444,0.027299,1.660000,0.9984,0,-0.076881,0.045656,1.734000,0.9987,0
357,11.908569,1,0.161372,-0.536048,1.660000,0.9993,0,-0.169189,-0.517079,1.715000,0.9991,0,0.398205,-0.468431,1.634000,0.9247,0,-0.409665,-0.462211,1.660000,0.9254,0,0.612096,-0.478945,1.530000,0.8818,0,-0.626604,-0.427053,1.600000,0.9653,0,0.149265,0.027086,1.647000,0.9984,0,-0.076260,0.045287,1.720000,0.9987,0
358,11.941926,1,0.161372,-0.536048,1.660000,0.9992,0,-0.169683,-0.518587,1.720000,0.9990,0,0.395037,-0.464704,1.621000,0.9243,0,-0.412397,-0.462211,1.660000,0.9257,0,0.612096,-0.478945,1.530000,0.8803,0,-0.625037,-0.425986,1.596000,0.9647,0,0.149265,0.027086,1.647000,0.9983,0,-0.076437,0.045393,1.724000,0.9987,0
359,11.975284,1,0.159720,-0.530558,1.643000,0.9992,0,-0.170077,-0.519793,1.724000,0.9990,0,0.399180,-0.469577,1.638000,0.9242,0,-0.412397,-0.462211,1.660000,0.9268,0,0.612096,-0.478945,1.530000,0.8785,0,-0.629237,-0.429689,1.600000,0.9655,0,0.149628,0.027151,1.651000,0.9983,0,-0.076881,0.045656,1.734000,0.9987,0
360,12.008641,1,0.160498,-0.533141,1.651000,0.9992,0,-0.169189,-0.514254,1.715000,0.9990,0,0.399180,-0.469577,1.638000,0.9225,0,-0.411403,-0.461097,1.656000,0.9262,0,0.614896,-0.481136,1.537000,0.8756,0,-0.631203,-0.431032,1.605000,0.9648,0,0.150444,0.027299,1.660000,0.9983,0,-0.077324,0.045919,1.744000,0.9987,0
361,12.041998,1,0.160109,-0.531850,1.647000,0.9992,0,-0.170077,-0.516953,1.724000,0.9990,0,0.400895,-0.468431,1.634000,0.9216,0,-0.406931,-0.456085,1.638000,0.9271,0,0.614896,-0.481136,1.537000,0.8724,0,-0.631203,-0.431032,1.605000,0.9652,0,0.150444,0.027299,1.660000,0.9983,0,-0.076437,0.045393,1.724000,0.9987,0
362,12.075355,1,0.160498,-0.533141,1.651000,0.9992,0,-0.170571,-0.518452,1.729000,0.9990,0,0.397230,-0.467284,1.630000,0.9207,0,-0.411403,-0.461097,1.656000,0.9269,0,0.610495,-0.477693,1.526000,0.8701,0,-0.626091,-0.427541,1.592000,0.9659,0,0.150081,0.027234,1.656000,0.9983,0,-0.077102,0.045788,1.739000,0.9987,0
363,12.108713,1,0.160984,-0.534756,1.656000,0.9992,0,-0.169189,-0.514254,1.715000,0.9990,0,0.403103,-0.471011,1.643000,0.9198,0,-0.409167,-0.458591,1.647000,0.9274,0,0.614614,-0.478945,1.530000,0.8681,0,-0.629237,-0.429689,1.600000,0.9663,0,0.149265,0.027086,1.647000,0.9983,0,-0.077324,0.045919,1.744000,0.9986,0
364,12.142070,1,0.161372,-0.536048,1.660000,0.9992,0,-0.169683,-0.515753,1.720000,0.9990,0,0.398686,-0.465851,1.625000,0.9191,0,-0.410161,-0.462425,1.651000,0.9251,0,0.610195,-0.478004,1.519000,0.8680,0,-0.626091,-0.430164,1.592000,0.9654,0,0.150081,0.024505,1.656000,0.9983,0,-0.076437,0.042552,1.724000,0.9986,0
365,12.175427,1,0.161372,-0.536048,1.660000,0.9992,0,-0.168696,-0.512755,1.710000,0.9990,0,0.397705,-0.464704,1.621000,0.9183,0,-0.410161,-0.462425,1.651000,0.9259,0,0.617426,-0.483668,1.537000,0.8648,0,-0.626091,-0.430164,1.592000,0.9662,0,0.150081,0.024505,1.656000,0.9983,0,-0.076437,0.045393,1.724000,0.9986,0
366,12.208784,1,0.161372,-0.536048,1.660000,0.9992,0,-0.170077,-0.516953,1.724000,0.9990,0,0.401876,-0.469577,1.638000,0.9187,0,-0.412397,-0.464945,1.660000,0.9260,0,0.617426,-0.483668,1.537000,0.8660,0,-0.626091,-0.430164,1.592000,0.9665,0,0.150806,0.027365,1.664000,0.9983,0,-0.076659,0.045524,1.729000,0.9986,0
367,12.242142,1,0.160984,-0.534756,1.656000,0.9992,0,-0.169683,-0.515753,1.720000,0.9990,0,0.400895,-0.471123,1.634000,0.9190,0,-0.411403,-0.463825,1.656000,0.9261,0,0.617426,-0.486200,1.537000,0.8660,0,-0.627664,-0.431244,1.596000,0.9662,0,0.150806,0.027365,1.664000,0.9983,0,-0.076659,0.042676,1.729000,0.9986,0
368,12.275499,1,0.159720,-0.530558,1.643000,0.9992,0,-0.170077,-0.516953,1.724000,0.9990,0,0.405807,-0.473717,1.643000,0.9218,0,-0.410161,-0.462425,1.651000,0.9274,0,0.615519,-0.482720,1.526000,0.8709,0,-0.626091,-0.430164,1.592000,0.9673,0,0.148087,0.026872,1.634000,0.9982,0,-0.076881,0.045656,1.734000,0.9986,0
369,12.308856,1,0.161930,-0.528943,1.638000,0.9992,0,-0.170077,-0.516953,1.724000,0.9989,0,0.404572,-0.472276,1.638000,0.9197,0,-0.409167,-0.461304,1.647000,0.9256,0,0.623182,-0.488731,1.545000,0.8689,0,-0.624518,-0.429083,1.588000,0.9670,0,0.149628,0.027151,1.651000,0.9982,0,-0.079091,0.042454,1.720000,0.9985,0
370,12.342213,1,0.162424,-0.530558,1.643000,0.9992,0,-0.169683,-0.515753,1.720000,0.9990,0,0.399385,-0.466221,1.617000,0.9243,0,-0.407444,-0.462425,1.651000,0.9292,0,0.622485,-0.488732,1.537000,0.8773,0,-0.623471,-0.430164,1.592000,0.9690,0,0.150081,0.027234,1.656000,0.9982,0,-0.079275,0.042552,1.724000,0.9986,0
371,12.375571,1,0.162820,-0.531850,1.647000,0.9992,0,-0.169683,-0.515753,1.720000,0.9990,0,0.403584,-0.471123,1.634000,0.9269,0,-0.408677,-0.463825,1.656000,0.9321,0,0.619650,-0.486506,1.530000,0.8812,0,-0.621904,-0.431699,1.588000,0.9704,0,0.151259,0.027447,1.669000,0.9983,0,-0.079505,0.042676,1.729000,0.9986,0
372,12.408928,1,0.163709,-0.534756,1.656000,0.9992,0,-0.167808,-0.510056,1.701000,0.9990,0,0.400373,-0.467374,1.621000,0.9255,0,-0.406456,-0.461304,1.647000,0.9331,0,0.622485,-0.488732,1.537000,0.8781,0,-0.621904,-0.431699,1.588000,0.9710,0,0.150444,0.027299,1.660000,0.9983,0,-0.079735,0.042799,1.734000,0.9986,0
373,12.442285,1,0.161930,-0.528943,1.638000,0.9992,0,-0.169189,-0.514254,1.715000,0.9990,0,0.401361,-0.471205,1.625000,0.9241,0,-0.410161,-0.462425,1.651000,0.9331,0,0.619650,-0.489027,1.530000,0.8745,0,-0.626091,-0.432786,1.592000,0.9710,0,0.150444,0.027299,1.660000,0.9983,0,-0.079735,0.042799,1.734000,0.9986,0
374,12.475643,1,0.163709,-0.534756,1.656000,0.9991,0,-0.169683,-0.515753,1.720000,0.9990,0,0.400373,-0.470045,1.621000,0.9235,0,-0.413391,-0.466066,1.664000,0.9341,0,0.616410,-0.486470,1.522000,0.8727,0,-0.626091,-0.432786,1.592000,0.9718,0,0.150806,0.030106,1.664000,0.9983,0,-0.079965,0.045788,1.739000,0.9987,0
375,12.509000,1,0.162820,-0.531850,1.647000,0.9991,0,-0.169683,-0.515753,1.720000,0.9990,0,0.406273,-0.473814,1.634000,0.9236,0,-0.410161,-0.462425,1.651000,0.9350,0,0.625015,-0.491264,1.537000,0.8721,0,-0.622945,-0.430611,1.584000,0.9722,0,0.149628,0.029871,1.651000,0.9982,0,-0.076659,0.045524,1.729000,0.9986,0
376,12.542357,1,0.164105,-0.536048,1.660000,0.9991,0,-0.172514,-0.515753,1.720000,0.9990,0,0.406273,-0.473814,1.634000,0.9224,0,-0.411403,-0.463825,1.656000,0.9325,0,0.622169,-0.489027,1.530000,0.8709,0,-0.624518,-0.431699,1.588000,0.9696,0,0.150444,0.027299,1.660000,0.9982,0,-0.076659,0.045524,1.729000,0.9986,0
377,12.575715,1,0.162424,-0.530558,1.643000,0.9991,0,-0.172012,-0.514254,1.715000,0.9990,0,0.407268,-0.474974,1.638000,0.9230,0,-0.410161,-0.462425,1.651000,0.9334,0,0.617696,-0.488013,1.519000,0.8719,0,-0.629237,-0.432325,1.600000,0.9706,0,0.150081,0.027234,1.656000,0.9982,0,-0.076659,0.045524,1.729000,0.9986,0
378,12.609072,1,0.163709,-0.534756,1.656000,0.9991,0,-0.170608,-0.510056,1.701000,0.9990,0,0.406273,-0.473814,1.634000,0.9227,0,-0.410161,-0.462425,1.651000,0.9342,0,0.620542,-0.490262,1.526000,0.8712,0,-0.634350,-0.435838,1.613000,0.9715,0,0.149628,0.029871,1.651000,0.9982,0,-0.077102,0.045788,1.739000,0.9986,0
379,12.642429,1,0.163215,-0.533141,1.651000,0.9991,0,-0.173416,-0.518452,1.729000,0.9990,0,0.404036,-0.471205,1.625000,0.9231,0,-0.409167,-0.461304,1.647000,0.9333,0,0.618915,-0.488977,1.522000,0.8736,0,-0.626091,-0.430164,1.592000,0.9721,0,0.151259,0.027447,1.669000,0.9982,0,-0.077102,0.045788,1.739000,0.9986,0
380,12.675787,1,0.162820,-0.531850,1.647000,0.9991,0,-0.172915,-0.516953,1.724000,0.9990,0,0.406273,-0.473814,1.634000,0.9232,0,-0.410161,-0.462425,1.651000,0.9334,0,0.618915,-0.488977,1.522000,0.8729,0,-0.627664,-0.431244,1.596000,0.9717,0,0.150806,0.027365,1.664000,0.9982,0,-0.077324,0.045919,1.744000,0.9986,0
381,12.709144,1,0.162424,-0.530558,1.643000,0.9991,0,-0.173416,-0.518452,1.729000,0.9990,0,0.405279,-0.472654,1.630000,0.9226,0,-0.410161,-0.462425,1.651000,0.9328,0,0.618915,-0.488977,1.522000,0.8726,0,-0.632777,-0.434757,1.609000,0.9713,0,0.146554,0.029799,1.647000,0.9981,0,-0.076437,0.045393,1.724000,0.9986,0
382,12.742501,1,0.161930,-0.528943,1.638000,0.9991,0,-0.172514,-0.515753,1.720000,0.9990,0,0.407268,-0.474974,1.638000,0.9197,0,-0.410878,-0.460184,1.643000,0.9335,0,0.617696,-0.488013,1.519000,0.8663,0,-0.631871,-0.432325,1.600000,0.9720,0,0.150444,0.030034,1.660000,0.9981,0,-0.076437,0.045393,1.724000,0.9986,0
383,12.775859,1,0.164500,-0.537339,1.664000,0.9991,0,-0.172514,-0.515753,1.720000,0.9990,0,0.403041,-0.470045,1.621000,0.9184,0,-0.414129,-0.463825,1.656000,0.9337,0,0.620542,-0.490262,1.526000,0.8635,0,-0.633845,-0.433676,1.605000,0.9724,0,0.150444,0.030034,1.660000,0.9981,0,-0.079735,0.045656,1.734000,0.9986,0
384,12.809216,1,0.162820,-0.531850,1.647000,0.9991,0,-0.172915,-0.516953,1.724000,0.9990,0,0.406273,-0.473814,1.634000,0.9196,0,-0.415129,-0.464945,1.660000,0.9339,0,0.616069,-0.486728,1.515000,0.8650,0,-0.631871,-0.432325,1.600000,0.9721,0,0.150806,0.030106,1.664000,0.9981,0,-0.076881,0.045656,1.734000,0.9986,0
385,12.842573,1,0.162424,-0.530558,1.643000,0.9991,0,-0.172514,-0.515753,1.720000,0.9990,0,0.404036,-0.471205,1.625000,0.9193,0,-0.411878,-0.461304,1.647000,0.9350,0,0.620542,-0.490262,1.526000,0.8641,0,-0.633845,-0.433676,1.605000,0.9731,0,0.150081,0.029962,1.656000,0.9981,0,-0.077324,0.045919,1.744000,0.9986,0
386,12.875931,1,0.163215,-0.533141,1.651000,0.9991,0,-0.172915,-0.516953,1.724000,0.9990,0,0.405279,-0.472654,1.630000,0.9171,0,-0.415129,-0.464945,1.660000,0.9329,0,0.618915,-0.491485,1.522000,0.8612,0,-0.633845,-0.433676,1.605000,0.9729,0,0.143058,0.026938,1.638000,0.9981,0,-0.076881,0.045656,1.734000,0.9986,0
387,12.909288,1,0.162820,-0.531850,1.647000,0.9991,0,-0.173416,-0.518452,1.729000,0.9990,0,0.404036,-0.473882,1.625000,0.9170,0,-0.412878,-0.462425,1.651000,0.9318,0,0.622169,-0.494068,1.530000,0.8618,0,-0.633845,-0.433676,1.605000,0.9731,0,0.144630,0.029962,1.656000,0.9981,0,-0.077102,0.045788,1.739000,0.9986,0
388,12.942646,1,0.163709,-0.534756,1.656000,0.9991,0,-0.172915,-0.519793,1.724000,0.9990,0,0.408511,-0.479131,1.643000,0.9132,0,-0.415129,-0.464945,1.660000,0.9322,0,0.626642,-0.497620,1.541000,0.8552,0,-0.635425,-0.434757,1.609000,0.9736,0,0.144979,0.027299,1.660000,0.9981,0,-0.076881,0.045656,1.734000,0.9986,0
389,12.976003,1,0.162820,-0.531850,1.647000,0.9991,0,-0.172915,-0.519793,1.724000,0.9990,0,0.403041,-0.472715,1.621000,0.9154,0,-0.414129,-0.463825,1.656000,0.9328,0,0.625015,-0.496328,1.537000,0.8591,0,-0.633845,-0.433676,1.605000,0.9733,0,0.148067,0.027365,1.664000,0.9981,0,-0.077102,0.045788,1.739000,0.9986,0
390,13.009360,1,0.163709,-0.534756,1.656000,0.9991,0,-0.173918,-0.522808,1.734000,0.9990,0,0.406273,-0.476506,1.634000,0.9146,0,-0.415129,-0.464945,1.660000,0.9303,0,0.617696,-0.490516,1.519000,0.8586,0,-0.631871,-0.432325,1.600000,0.9712,0,0.148067,0.027365,1.664000,0.9981,0,-0.076881,0.045656,1.734000,0.9986,0
391,13.042718,1,0.163215,-0.533141,1.651000,0.9991,0,-0.173416,-0.518452,1.729000,0.9990,0,0.404036,-0.473882,1.625000,0.9152,0,-0.417380,-0.467466,1.669000,0.9294,0,0.617696,-0.490516,1.519000,0.8600,0,-0.631871,-0.429689,1.600000,0.9709,0,0.148067,0.027365,1.664000,0.9981,0,-0.077324,0.043046,1.744000,0.9986,0
392,13.076075,1,0.163709,-0.534756,1.656000,0.9991,0,-0.172915,-0.516953,1.724000,0.9990,0,0.406273,-0.476506,1.634000,0.9161,0,-0.418380,-0.468587,1.673000,0.9295,0,0.613222,-0.486964,1.508000,0.8614,0,-0.641744,-0.436403,1.625000,0.9712,0,0.147711,0.027299,1.660000,0.9981,0,-0.077324,0.045919,1.744000,0.9985,0
393,13.109432,1,0.161930,-0.528943,1.638000,0.9991,0,-0.172514,-0.515753,1.720000,0.9990,0,0.403041,-0.472715,1.621000,0.9162,0,-0.415129,-0.464945,1.660000,0.9305,0,0.617696,-0.490516,1.519000,0.8619,0,-0.638584,-0.434255,1.617000,0.9716,0,0.146910,0.027151,1.651000,0.9981,0,-0.076659,0.045524,1.729000,0.9985,0
394,13.142790,1,0.164105,-0.536048,1.660000,0.9991,0,-0.172012,-0.514254,1.715000,0.9991,0,0.404036,-0.473882,1.625000,0.9152,0,-0.416129,-0.466066,1.664000,0.9296,0,0.617696,-0.490516,1.519000,0.8628,0,-0.637004,-0.433181,1.613000,0.9722,0,0.147711,0.027299,1.660000,0.9981,0,-0.076659,0.045524,1.729000,0.9986,0
395,13.176147,1,0.163709,-0.534756,1.656000,0.9991,0,-0.172514,-0.515753,1.720000,0.9990,0,0.406273,-0.476506,1.634000,0.9138,0,-0.416854,-0.461097,1.656000,0.9301,0,0.617696,-0.490516,1.519000,0.8589,0,-0.639659,-0.433181,1.613000,0.9724,0,0.146551,0.027595,1.678000,0.9981,0,-0.077324,0.045919,1.744000,0.9986,0
396,13.209504,1,0.163709,-0.534756,1.656000,0.9992,0,-0.172514,-0.515753,1.720000,0.9991,0,0.407268,-0.477673,1.638000,0.9160,0,-0.413582,-0.457477,1.643000,0.9310,0,0.620542,-0.492776,1.526000,0.8637,0,-0.631871,-0.429689,1.600000,0.9726,0,0.145328,0.027365,1.664000,0.9981,0,-0.077102,0.045788,1.739000,0.9986,0
397,13.242862,1,0.164105,-0.536048,1.660000,0.9992,0,-0.172514,-0.515753,1.720000,0.9991,0,0.409506,-0.480297,1.647000,0.9162,0,-0.425916,-0.471121,1.692000,0.9301,0,0.613222,-0.486964,1.508000,0.8654,0,-0.638584,-0.434255,1.617000,0.9729,0,0.144193,0.027151,1.651000,0.9981,0,-0.077102,0.045788,1.739000,0.9986,0
398,13.276219,1,0.163709,-0.534756,1.656000,0.9992,0,-0.172514,-0.515753,1.720000,0.9991,0,0.404036,-0.473882,1.625000,0.9170,0,-0.416854,-0.461097,1.656000,0.9306,0,0.613222,-0.486964,1.508000,0.8665,0,-0.638073,-0.432106,1.609000,0.9730,0,0.145765,0.027447,1.669000,0.9981,0,-0.073813,0.045524,1.729000,0.9985,0
399,13.309576,1,0.163215,-0.533141,1.651000,0.9992,0,-0.172514,-0.515753,1.720000,0.9991,0,0.403041,-0.472715,1.621000,0.9180,0,-0.414589,-0.458591,1.647000,0.9317,0,0.616069,-0.489224,1.515000,0.8683,0,-0.636487,-0.431032,1.605000,0.9733,0,0.149313,0.027595,1.678000,0.9981,0,-0.074240,0.045788,1.739000,0.9985,0
400,13.342934,1,0.161930,-0.526245,1.638000,0.9992,0,-0.173416,-0.518452,1.729000,0.9991,0,0.405279,-0.475340,1.630000,0.9190,0,-0.415596,-0.459705,1.651000,0.9338,0,0.618915,-0.491485,1.522000,0.8695,0,-0.634504,-0.427053,1.600000,0.9743,0,0.147711,0.027299,1.660000,0.9982,0,-0.073600,0.045393,1.724000,0.9986,0
401,13.376291,1,0.163709,-0.532028,1.656000,0.9992,0,-0.172514,-0.512920,1.720000,0.9991,0,0.404036,-0.473882,1.625000,0.9190,0,-0.420127,-0.464717,1.669000,0.9343,0,0.616069,-0.489224,1.515000,0.8675,0,-0.634504,-0.427053,1.600000,0.9736,0,0.148868,0.027513,1.673000,0.9982,0,-0.077324,0.045919,1.744000,0.9986,0
402,13.409648,1,0.163215,-0.530421,1.651000,0.9992,0,-0.172514,-0.512920,1.720000,0.9991,0,0.407268,-0.477673,1.638000,0.9184,0,-0.421134,-0.465831,1.673000,0.9349,0,0.616069,-0.489224,1.515000,0.8661,0,-0.637004,-0.430523,1.613000,0.9738,0,0.148067,0.027365,1.664000,0.9982,0,-0.076437,0.045393,1.724000,0.9986,0
403,13.443006,1,0.162424,-0.527851,1.643000,0.9992,0,-0.172012,-0.511429,1.715000,0.9991,0,0.404036,-0.473882,1.625000,0.9168,0,-0.422392,-0.467223,1.678000,0.9342,0,0.617696,-0.490516,1.519000,0.8640,0,-0.639659,-0.430523,1.613000,0.9734,0,0.146554,0.027086,1.647000,0.9982,0,-0.074240,0.045788,1.739000,0.9986,0
404,13.476363,1,0.163709,-0.532028,1.656000,0.9992,0,-0.172915,-0.514112,1.724000,0.9991,0,0.408511,-0.479131,1.643000,0.9167,0,-0.416854,-0.461097,1.656000,0.9348,0,0.620542,-0.492776,1.526000,0.8632,0,-0.635425,-0.429456,1.609000,0.9733,0,0.145328,0.027365,1.664000,0.9982,0,-0.076659,0.045524,1.729000,0.9986,0
405,13.509721,1,0.162820,-0.529136,1.647000,0.9992,0,-0.172012,-0.511429,1.715000,0.9991,0,0.405709,-0.472715,1.621000,0.9178,0,-0.419630,-0.464458,1.678000,0.9353,0,0.618915,-0.491485,1.522000,0.8670,0,-0.638584,-0.431591,1.617000,0.9740,0,0.145328,0.027365,1.664000,0.9982,0,-0.073429,0.045287,1.720000,0.9986,0
406,13.543078,1,0.162820,-0.529136,1.647000,0.9992,0,-0.172514,-0.512920,1.720000,0.9991,0,0.407962,-0.475340,1.630000,0.9182,0,-0.415129,-0.459476,1.660000,0.9365,0,0.613222,-0.486964,1.508000,0.8675,0,-0.635425,-0.429456,1.609000,0.9745,0,0.147355,0.029962,1.656000,0.9982,0,-0.076437,0.045393,1.724000,0.9986,0
407,13.576436,1,0.163709,-0.532028,1.656000,0.9992,0,-0.172915,-0.514112,1.724000,0.9991,0,0.406710,-0.473882,1.625000,0.9181,0,-0.412878,-0.456985,1.651000,0.9368,0,0.614442,-0.487932,1.511000,0.8659,0,-0.634350,-0.430523,1.613000,0.9747,0,0.147711,0.027299,1.660000,0.9982,0,-0.077102,0.045788,1.739000,0.9986,0
408,13.609793,1,0.162424,-0.527851,1.643000,0.9992,0,-0.172915,-0.514112,1.724000,0.9991,0,0.404708,-0.471549,1.617000,0.9164,0,-0.420631,-0.465566,1.682000,0.9356,0,0.618915,-0.488977,1.522000,0.8618,0,-0.634350,-0.430523,1.613000,0.9732,0,0.147711,0.027299,1.660000,0.9982,0,-0.073429,0.045287,1.720000,0.9986,0
409,13.643151,1,0.163709,-0.532028,1.656000,0.9992,0,-0.173416,-0.515603,1.729000,0.9991,0,0.406710,-0.473882,1.625000,0.9162,0,-0.416129,-0.460583,1.664000,0.9353,0,0.614442,-0.485443,1.511000,0.8637,0,-0.640164,-0.429988,1.621000,0.9740,0,0.149628,0.027151,1.651000,0.9982,0,-0.073600,0.045393,1.724000,0.9985,0
410,13.676508,1,0.161930,-0.526245,1.638000,0.9992,0,-0.170571,-0.515603,1.729000,0.9991,0,0.408963,-0.476506,1.634000,0.9162,0,-0.414129,-0.458369,1.656000,0.9369,0,0.617696,-0.488013,1.519000,0.8627,0,-0.638584,-0.428927,1.617000,0.9746,0,0.148903,0.029726,1.643000,0.9982,0,-0.071173,0.045656,1.734000,0.9986,0
411,13.709865,1,0.163215,-0.530421,1.651000,0.9992,0,-0.170077,-0.514112,1.724000,0.9991,0,0.406710,-0.473882,1.625000,0.9178,0,-0.413391,-0.460583,1.664000,0.9384,0,0.620542,-0.490262,1.526000,0.8645,0,-0.628562,-0.425744,1.605000,0.9753,0,0.152345,0.029871,1.651000,0.9982,0,-0.070762,0.045393,1.724000,0.9986,0
412,13.743223,1,0.162424,-0.527851,1.643000,0.9992,0,-0.170077,-0.514112,1.724000,0.9991,0,0.406710,-0.473882,1.625000,0.9166,0,-0.419105,-0.466949,1.687000,0.9381,0,0.614442,-0.485443,1.511000,0.8625,0,-0.631695,-0.427866,1.613000,0.9755,0,0.153176,0.030034,1.660000,0.9982,0,-0.070762,0.048233,1.724000,0.9986,0
413,13.776580,1,0.167239,-0.534598,1.664000,0.9992,0,-0.170077,-0.514112,1.724000,0.9991,0,0.405709,-0.472715,1.621000,0.9186,0,-0.412397,-0.459476,1.660000,0.9386,0,0.620542,-0.490262,1.526000,0.8657,0,-0.633261,-0.428927,1.617000,0.9758,0,0.152807,0.029962,1.656000,0.9982,0,-0.070598,0.048121,1.720000,0.9986,0
414,13.809938,1,0.166435,-0.532028,1.656000,0.9992,0,-0.170077,-0.514112,1.724000,0.9991,0,0.406710,-0.473882,1.625000,0.9182,0,-0.412397,-0.459476,1.660000,0.9396,0,0.618915,-0.488977,1.522000,0.8639,0,-0.635923,-0.428927,1.617000,0.9767,0,0.153545,0.030106,1.664000,0.9981,0,-0.070762,0.048233,1.724000,0.9986,0
415,13.843295,1,0.166837,-0.533313,1.660000,0.9991,0,-0.170571,-0.515603,1.729000,0.9991,0,0.406710,-0.473882,1.625000,0.9167,0,-0.412397,-0.459476,1.660000,0.9407,0,0.620542,-0.490262,1.526000,0.8590,0,-0.634350,-0.427866,1.613000,0.9769,0,0.152345,0.032591,1.651000,0.9981,0,-0.070967,0.051221,1.729000,0.9986,0
416,13.876653,1,0.166435,-0.532028,1.656000,0.9991,0,-0.169683,-0.512920,1.720000,0.9991,0,0.406273,-0.476506,1.634000,0.9158,0,-0.411403,-0.458369,1.656000,0.9389,0,0.616069,-0.486728,1.515000,0.8586,0,-0.635923,-0.428927,1.617000,0.9763,0,0.155532,0.035418,1.656000,0.9981,0,-0.074454,0.054538,1.744000,0.9986,0
417,13.910010,1,0.166837,-0.533313,1.660000,0.9991,0,-0.170077,-0.514112,1.724000,0.9991,0,0.402047,-0.471549,1.617000,0.9099,0,-0.412397,-0.459476,1.660000,0.9363,0,0.613575,-0.484232,1.515000,0.8507,0,-0.634350,-0.427866,1.613000,0.9751,0,0.155532,0.035418,1.656000,0.9981,0,-0.074240,0.054382,1.739000,0.9986,0
418,13.943368,1,0.165530,-0.529136,1.647000,0.9991,0,-0.170077,-0.514112,1.724000,0.9991,0,0.404036,-0.473882,1.625000,0.9092,0,-0.413391,-0.460583,1.664000,0.9354,0,0.618030,-0.487748,1.526000,0.8517,0,-0.631203,-0.425744,1.605000,0.9756,0,0.153545,0.035589,1.664000,0.9981,0,-0.077102,0.054382,1.739000,0.9986,0
419,13.976725,1,0.166435,-0.532028,1.656000,0.9991,0,-0.169189,-0.511429,1.715000,0.9991,0,0.402047,-0.471549,1.617000,0.9097,0,-0.410161,-0.456985,1.651000,0.9336,0,0.618030,-0.487748,1.526000,0.8522,0,-0.635923,-0.428927,1.617000,0.9746,0,0.153545,0.032848,1.664000,0.9981,0,-0.076881,0.048512,1.734000,0.9986,0
420,14.010083,1,0.166435,-0.532028,1.656000,0.9991,0,-0.169189,-0.511429,1.715000,0.9991,0,0.401361,-0.473882,1.625000,0.9099,0,-0.413391,-0.460583,1.664000,0.9334,0,0.613575,-0.484232,1.515000,0.8542,0,-0.634350,-0.427866,1.613000,0.9747,0,0.154006,0.032946,1.669000,0.9981,0,-0.076437,0.048233,1.724000,0.9986,0
421,14.043440,1,0.166435,-0.532028,1.656000,0.9991,0,-0.169683,-0.512920,1.720000,0.9991,0,0.402596,-0.475340,1.630000,0.9111,0,-0.409167,-0.455878,1.647000,0.9345,0,0.618030,-0.487748,1.526000,0.8562,0,-0.632777,-0.426805,1.609000,0.9752,0,0.149628,0.029871,1.651000,0.9981,0,-0.077102,0.048652,1.739000,0.9986,0
422,14.076798,1,0.166435,-0.532028,1.656000,0.9991,0,-0.168203,-0.508446,1.705000,0.9991,0,0.402596,-0.475340,1.630000,0.9126,0,-0.409167,-0.455878,1.647000,0.9341,0,0.611955,-0.480465,1.511000,0.8602,0,-0.634350,-0.427866,1.613000,0.9750,0,0.150444,0.030034,1.660000,0.9982,0,-0.077102,0.048652,1.739000,0.9986,0
423,14.110155,1,0.166837,-0.533313,1.660000,0.9992,0,-0.170077,-0.514112,1.724000,0.9991,0,0.405279,-0.472654,1.630000,0.9141,0,-0.408677,-0.458369,1.656000,0.9352,0,0.613575,-0.481737,1.515000,0.8641,0,-0.635923,-0.428927,1.617000,0.9756,0,0.150806,0.030106,1.664000,0.9982,0,-0.076881,0.048512,1.734000,0.9986,0
424,14.143512,1,0.166837,-0.533313,1.660000,0.9992,0,-0.169683,-0.512920,1.720000,0.9991,0,0.402047,-0.468885,1.617000,0.9127,0,-0.412397,-0.456741,1.660000,0.9349,0,0.613575,-0.481737,1.515000,0.8629,0,-0.631203,-0.425744,1.605000,0.9755,0,0.150444,0.030034,1.660000,0.9982,0,-0.076881,0.048512,1.734000,0.9986,0
425,14.176870,1,0.167741,-0.536204,1.669000,0.9992,0,-0.169683,-0.512920,1.720000,0.9991,0,0.408511,-0.476424,1.643000,0.9115,0,-0.411403,-0.455641,1.656000,0.9351,0,0.616410,-0.483962,1.522000,0.8604,0,-0.634350,-0.427866,1.613000,0.9756,0,0.150444,0.030034,1.660000,0.9982,0,-0.077102,0.045788,1.739000,0.9986,0
426,14.210228,1,0.165530,-0.529136,1.647000,0.9992,0,-0.170077,-0.514112,1.724000,0.9991,0,0.404036,-0.471205,1.625000,0.9130,0,-0.413391,-0.457842,1.664000,0.9348,0,0.613575,-0.481737,1.515000,0.8630,0,-0.629237,-0.424418,1.600000,0.9755,0,0.150081,0.029962,1.656000,0.9982,0,-0.074027,0.045656,1.734000,0.9986,0
427,14.243585,1,0.166435,-0.532028,1.656000,0.9992,0,-0.169683,-0.512920,1.720000,0.9991,0,0.407268,-0.474974,1.638000,0.9143,0,-0.412397,-0.456741,1.660000,0.9357,0,0.612695,-0.483009,1.519000,0.8647,0,-0.634350,-0.427866,1.613000,0.9757,0,0.151622,0.030269,1.673000,0.9982,0,-0.077102,0.045788,1.739000,0.9986,0
428,14.276942,1,0.165932,-0.530421,1.651000,0.9992,0,-0.168696,-0.509938,1.710000,0.9991,0,0.405279,-0.472654,1.630000,0.9142,0,-0.411403,-0.455641,1.656000,0.9332,0,0.616410,-0.481455,1.522000,0.8651,0,-0.639069,-0.431049,1.625000,0.9743,0,0.152075,0.030360,1.678000,0.9982,0,-0.074240,0.045788,1.739000,0.9986,0
429,14.310300,1,0.166435,-0.532028,1.656000,0.9992,0,-0.172915,-0.514112,1.724000,0.9991,0,0.406273,-0.473814,1.634000,0.9145,0,-0.417862,-0.465566,1.682000,0.9338,0,0.615519,-0.482720,1.526000,0.8660,0,-0.631871,-0.424418,1.600000,0.9746,0,0.149628,0.029871,1.651000,0.9982,0,-0.076260,0.045287,1.720000,0.9986,0
430,14.343657,1,0.165530,-0.529136,1.647000,0.9992,0,-0.172514,-0.512920,1.720000,0.9991,0,0.407268,-0.474974,1.638000,0.9128,0,-0.413391,-0.460583,1.664000,0.9316,0,0.608258,-0.477026,1.508000,0.8631,0,-0.637004,-0.430523,1.613000,0.9727,0,0.150444,0.030034,1.660000,0.9982,0,-0.076260,0.045287,1.720000,0.9986,0
431,14.377015,1,0.165530,-0.529136,1.647000,0.9992,0,-0.173416,-0.515603,1.729000,0.9991,0,0.404036,-0.471205,1.625000,0.9122,0,-0.412878,-0.456985,1.651000,0.9304,0,0.617132,-0.483986,1.530000,0.8634,0,-0.638584,-0.436919,1.617000,0.9725,0,0.150444,0.027299,1.660000,0.9982,0,-0.076881,0.045656,1.734000,0.9986,0
432,14.410372,1,0.162820,-0.529136,1.647000,0.9992,0,-0.172915,-0.514112,1.724000,0.9991,0,0.403041,-0.470045,1.621000,0.9099,0,-0.409627,-0.456085,1.638000,0.9286,0,0.615519,-0.482720,1.526000,0.8600,0,-0.635425,-0.440058,1.609000,0.9710,0,0.148087,0.026872,1.634000,0.9982,0,-0.076260,0.045287,1.720000,0.9986,0
433,14.443730,1,0.163215,-0.530421,1.651000,0.9992,0,-0.172915,-0.514112,1.724000,0.9990,0,0.406273,-0.471123,1.634000,0.9084,0,-0.412878,-0.465145,1.651000,0.9279,0,0.615519,-0.482720,1.526000,0.8566,0,-0.636487,-0.446897,1.605000,0.9701,0,0.150081,0.027234,1.656000,0.9982,0,-0.076881,0.045656,1.734000,0.9986,0
434,14.477087,1,0.166435,-0.532028,1.656000,0.9992,0,-0.174419,-0.518586,1.739000,0.9990,0,0.406273,-0.471123,1.634000,0.9086,0,-0.415129,-0.470415,1.660000,0.9268,0,0.612695,-0.480506,1.519000,0.8559,0,-0.638073,-0.453312,1.609000,0.9685,0,0.148903,0.027020,1.643000,0.9982,0,-0.076038,0.045156,1.715000,0.9986,0
435,14.510445,1,0.166837,-0.533313,1.660000,0.9992,0,-0.172915,-0.514112,1.724000,0.9990,0,0.402596,-0.469969,1.630000,0.9095,0,-0.415129,-0.473150,1.660000,0.9266,0,0.611082,-0.476745,1.515000,0.8575,0,-0.641246,-0.463557,1.617000,0.9682,0,0.153545,0.027365,1.664000,0.9982,0,-0.076881,0.045656,1.734000,0.9986,0
436,14.543802,1,0.163709,-0.532028,1.656000,0.9992,0,-0.172915,-0.514112,1.724000,0.9990,0,0.402596,-0.469969,1.630000,0.9090,0,-0.414129,-0.474738,1.656000,0.9276,0,0.615519,-0.480206,1.526000,0.8559,0,-0.639659,-0.470382,1.613000,0.9684,0,0.152345,0.027151,1.651000,0.9982,0,-0.073600,0.048233,1.724000,0.9985,0
437,14.577159,1,0.163709,-0.532028,1.656000,0.9991,0,-0.172915,-0.514112,1.724000,0.9990,0,0.402596,-0.469969,1.630000,0.9092,0,-0.415094,-0.487733,1.682000,0.9281,0,0.621569,-0.484927,1.541000,0.8551,0,-0.639659,-0.475697,1.613000,0.9684,0,0.153176,0.027299,1.660000,0.9981,0,-0.071173,0.048512,1.734000,0.9985,0
438,14.610517,1,0.164105,-0.533313,1.660000,0.9991,0,-0.173416,-0.515603,1.729000,0.9990,0,0.406795,-0.474871,1.647000,0.9105,0,-0.410652,-0.487996,1.664000,0.9297,0,0.618746,-0.480197,1.534000,0.8567,0,-0.641744,-0.487267,1.625000,0.9691,0,0.153176,0.030034,1.660000,0.9981,0,-0.070598,0.048121,1.720000,0.9985,0
439,14.643874,1,0.162820,-0.529136,1.647000,0.9992,0,-0.173416,-0.515603,1.729000,0.9990,0,0.401361,-0.468528,1.625000,0.9108,0,-0.405952,-0.491106,1.656000,0.9292,0,0.615519,-0.475179,1.526000,0.8579,0,-0.640164,-0.496749,1.621000,0.9696,0,0.154006,0.030197,1.669000,0.9980,0,-0.070188,0.047841,1.710000,0.9985,0
440,14.677232,1,0.163709,-0.532028,1.656000,0.9991,0,-0.173416,-0.515603,1.729000,0.9990,0,0.401361,-0.468528,1.625000,0.9096,0,-0.409139,-0.503210,1.669000,0.9303,0,0.621569,-0.479849,1.541000,0.8573,0,-0.640164,-0.510101,1.621000,0.9707,0,0.152807,0.029962,1.656000,0.9980,0,-0.071173,0.048512,1.734000,0.9985,0
441,14.710589,1,0.164105,-0.533313,1.660000,0.9991,0,-0.173918,-0.517095,1.734000,0.9989,0,0.403584,-0.471123,1.634000,0.9103,0,-0.411345,-0.514217,1.678000,0.9300,0,0.613905,-0.473933,1.522000,0.8569,0,-0.635425,-0.519579,1.609000,0.9704,0,0.151976,0.029799,1.647000,0.9980,0,-0.068122,0.051221,1.729000,0.9984,0
442,14.743947,1,0.163709,-0.532028,1.656000,0.9991,0,-0.173416,-0.518452,1.729000,0.9989,0,0.401876,-0.472276,1.638000,0.9098,0,-0.409557,-0.520984,1.682000,0.9296,0,0.611400,-0.471426,1.522000,0.8559,0,-0.637004,-0.534157,1.613000,0.9706,0,0.153176,0.030034,1.660000,0.9979,0,-0.067925,0.051073,1.724000,0.9984,0
443,14.777304,1,0.164500,-0.534598,1.664000,0.9991,0,-0.173416,-0.518452,1.729000,0.9989,0,0.399913,-0.467284,1.630000,0.9082,0,-0.405174,-0.523633,1.664000,0.9295,0,0.613007,-0.472665,1.526000,0.8537,0,-0.639659,-0.550100,1.613000,0.9694,0,0.155908,0.030034,1.660000,0.9979,0,-0.067570,0.050806,1.715000,0.9984,0
444,14.810661,1,0.163709,-0.532028,1.656000,0.9991,0,-0.174419,-0.521450,1.739000,0.9988,0,0.403584,-0.468431,1.634000,0.9056,0,-0.406392,-0.530705,1.669000,0.9282,0,0.610195,-0.470496,1.519000,0.8471,0,-0.642832,-0.563510,1.621000,0.9687,0,0.152345,0.029871,1.651000,0.9979,0,-0.071583,0.051665,1.744000,0.9984,0
445,14.844019,1,0.163709,-0.532028,1.656000,0.9990,0,-0.170571,-0.518452,1.729000,0.9988,0,0.404572,-0.469577,1.638000,0.9049,0,-0.398843,-0.526245,1.638000,0.9285,0,0.613007,-0.472665,1.526000,0.8461,0,-0.635425,-0.569941,1.609000,0.9680,0,0.152807,0.029962,1.656000,0.9979,0,-0.070967,0.051221,1.729000,0.9984,0
446,14.877376,1,0.164105,-0.533313,1.660000,0.9990,0,-0.171064,-0.522808,1.734000,0.9988,0,0.396724,-0.463557,1.617000,0.9052,0,-0.407366,-0.543002,1.673000,0.9270,0,0.614614,-0.473904,1.530000,0.8458,0,-0.634350,-0.581987,1.613000,0.9670,0,0.154006,0.030197,1.669000,0.9979,0,-0.068319,0.051369,1.734000,0.9984,0
447,14.910734,1,0.163215,-0.530421,1.651000,0.9991,0,-0.173416,-0.521300,1.729000,0.9988,0,0.405065,-0.473304,1.651000,0.9084,0,-0.411992,-0.557531,1.692000,0.9278,0,0.611400,-0.468918,1.522000,0.8490,0,-0.633261,-0.594086,1.617000,0.9666,0,0.153545,0.030106,1.664000,0.9978,0,-0.067925,0.051073,1.724000,0.9983,0
448,14.944091,1,0.164105,-0.533313,1.660000,0.9990,0,-0.174419,-0.527180,1.739000,0.9987,0,0.404572,-0.469577,1.638000,0.9082,0,-0.409557,-0.559777,1.682000,0.9258,0,0.610195,-0.467994,1.519000,0.8451,0,-0.631695,-0.600588,1.613000,0.9625,0,0.157599,0.030360,1.678000,0.9978,0,-0.068516,0.051517,1.739000,0.9983,0
449,14.977448,1,0.164105,-0.533313,1.660000,0.9990,0,-0.174419,-0.527180,1.739000,0.9986,0,0.397705,-0.464704,1.621000,0.9072,0,-0.408583,-0.558446,1.678000,0.9187,0,0.606981,-0.465529,1.511000,0.8423,0,-0.634828,-0.614249,1.621000,0.9541,0,0.152345,0.024431,1.651000,0.9978,0,-0.065087,0.048233,1.724000,0.9983,0
450,15.010806,1,0.163709,-0.532028,1.656000,0.9990,0,-0.173918,-0.525664,1.734000,0.9983,0,0.403103,-0.468304,1.643000,0.9065,0,-0.409557,-0.559777,1.682000,0.9115,0,0.613007,-0.467637,1.526000,0.8425,0,-0.638352,-0.620344,1.630000,0.9484,0,0.152807,0.024505,1.656000,0.9977,0,-0.068122,0.048373,1.729000,0.9982,0
451,15.044163,1,0.163709,-0.532028,1.656000,0.9989,0,-0.173918,-0.525664,1.734000,0.9982,0,0.398686,-0.463174,1.625000,0.9048,0,-0.408583,-0.561211,1.678000,0.9077,0,0.606981,-0.463040,1.511000,0.8396,0,-0.636394,-0.621119,1.625000,0.9429,0,0.154006,0.024698,1.669000,0.9977,0,-0.067570,0.047981,1.715000,0.9981,0
452,15.077521,1,0.163215,-0.530421,1.651000,0.9989,0,-0.174419,-0.527180,1.739000,0.9981,0,0.398686,-0.463174,1.625000,0.9071,0,-0.412966,-0.567231,1.696000,0.9070,0,0.608588,-0.464266,1.515000,0.8424,0,-0.634828,-0.619590,1.621000,0.9409,0,0.151259,0.027447,1.669000,0.9977,0,-0.067373,0.047841,1.710000,0.9981,0
453,15.110878,1,0.163215,-0.530421,1.651000,0.9989,0,-0.173416,-0.524149,1.729000,0.9980,0,0.400895,-0.465739,1.634000,0.9086,0,-0.414183,-0.568903,1.701000,0.9060,0,0.611400,-0.463904,1.522000,0.8433,0,-0.634828,-0.619590,1.621000,0.9388,0,0.153545,0.027365,1.664000,0.9977,0,-0.068122,0.048373,1.729000,0.9981,0
454,15.144236,1,0.162820,-0.529136,1.647000,0.9989,0,-0.173918,-0.528521,1.734000,0.9980,0,0.403103,-0.468304,1.643000,0.9088,0,-0.407998,-0.564221,1.687000,0.9076,0,0.611400,-0.461396,1.522000,0.8439,0,-0.631695,-0.613874,1.613000,0.9399,0,0.152345,0.027151,1.651000,0.9977,0,-0.068319,0.048512,1.734000,0.9981,0
455,15.177593,1,0.163709,-0.532028,1.656000,0.9989,0,-0.175322,-0.532788,1.748000,0.9980,0,0.401876,-0.466879,1.638000,0.9089,0,-0.407998,-0.564221,1.687000,0.9084,0,0.611400,-0.461396,1.522000,0.8424,0,-0.625037,-0.604775,1.596000,0.9412,0,0.152807,0.027234,1.656000,0.9977,0,-0.067925,0.048233,1.724000,0.9981,0
456,15.210950,1,0.162424,-0.527851,1.643000,0.9988,0,-0.171557,-0.530045,1.739000,0.9979,0,0.399913,-0.464599,1.630000,0.9092,0,-0.406789,-0.562548,1.682000,0.9053,0,0.614614,-0.463822,1.530000,0.8437,0,-0.628562,-0.608186,1.605000,0.9389,0,0.153176,0.027299,1.660000,0.9977,0,-0.067925,0.048233,1.724000,0.9981,0
457,15.244308,1,0.162820,-0.529136,1.647000,0.9988,0,-0.174419,-0.530045,1.739000,0.9979,0,0.399913,-0.464599,1.630000,0.9085,0,-0.409207,-0.565893,1.692000,0.9063,0,0.613007,-0.462609,1.526000,0.8416,0,-0.634828,-0.614249,1.621000,0.9380,0,0.153176,0.027299,1.660000,0.9977,0,-0.068319,0.051369,1.734000,0.9981,0
458,15.277665,1,0.163215,-0.530421,1.651000,0.9988,0,-0.174921,-0.531569,1.744000,0.9979,0,0.397705,-0.462033,1.621000,0.9078,0,-0.404612,-0.559538,1.673000,0.9061,0,0.614614,-0.463822,1.530000,0.8414,0,-0.628562,-0.605542,1.605000,0.9399,0,0.152345,0.027151,1.651000,0.9977,0,-0.067925,0.048233,1.724000,0.9981,0
459,15.311023,1,0.164105,-0.533313,1.660000,0.9988,0,-0.174921,-0.528696,1.744000,0.9979,0,0.401876,-0.466879,1.638000,0.9055,0,-0.412966,-0.567231,1.696000,0.9049,0,0.606981,-0.458062,1.511000,0.8375,0,-0.633261,-0.610069,1.617000,0.9388,0,0.153545,0.027365,1.664000,0.9976,0,-0.068122,0.048373,1.729000,0.9981,0
460,15.344380,1,0.162424,-0.527851,1.643000,0.9988,0,-0.174419,-0.527180,1.739000,0.9979,0,0.400895,-0.465739,1.634000,0.9082,0,-0.412351,-0.567432,1.705000,0.9090,0,0.617426,-0.465944,1.537000,0.8410,0,-0.633261,-0.610069,1.617000,0.9417,0,0.152345,0.027151,1.651000,0.9977,0,-0.065276,0.048373,1.729000,0.9981,0
461,15.377738,1,0.162820,-0.529136,1.647000,0.9988,0,-0.174921,-0.528696,1.744000,0.9979,0,0.401876,-0.466879,1.638000,0.9057,0,-0.402435,-0.553787,1.664000,0.9064,0,0.613007,-0.462609,1.526000,0.8385,0,-0.630128,-0.607051,1.609000,0.9404,0,0.155908,0.027299,1.660000,0.9976,0,-0.065842,0.048792,1.744000,0.9981,0
462,15.411095,1,0.163215,-0.530421,1.651000,0.9988,0,-0.174419,-0.530045,1.739000,0.9980,0,0.402596,-0.464599,1.630000,0.9053,0,-0.406789,-0.559777,1.682000,0.9086,0,0.614614,-0.463822,1.530000,0.8362,0,-0.631695,-0.608560,1.613000,0.9426,0,0.155063,0.027151,1.651000,0.9977,0,-0.065276,0.051221,1.729000,0.9981,0
463,15.444452,1,0.163709,-0.532028,1.656000,0.9989,0,-0.174921,-0.531569,1.744000,0.9980,0,0.404572,-0.466879,1.638000,0.9072,0,-0.404612,-0.556782,1.673000,0.9101,0,0.613007,-0.462609,1.526000,0.8391,0,-0.630128,-0.607051,1.609000,0.9436,0,0.155532,0.027234,1.656000,0.9977,0,-0.065276,0.051221,1.729000,0.9981,0
464,15.477809,1,0.163215,-0.530421,1.651000,0.9989,0,-0.172915,-0.525473,1.724000,0.9980,0,0.400373,-0.462033,1.621000,0.9075,0,-0.405821,-0.558446,1.678000,0.9080,0,0.617426,-0.465944,1.537000,0.8396,0,-0.631695,-0.605903,1.613000,0.9407,0,0.156753,0.024698,1.669000,0.9977,0,-0.065087,0.048233,1.724000,0.9981,0
465,15.511167,1,0.162424,-0.527851,1.643000,0.9989,0,-0.174419,-0.530045,1.739000,0.9981,0,0.403584,-0.465739,1.634000,0.9078,0,-0.401468,-0.552456,1.660000,0.9093,0,0.619033,-0.467156,1.541000,0.8411,0,-0.639069,-0.610410,1.625000,0.9422,0,0.153176,0.024565,1.660000,0.9977,0,-0.064370,0.047701,1.705000,0.9981,0
466,15.544524,1,0.162820,-0.529136,1.647000,0.9989,0,-0.174419,-0.530045,1.739000,0.9981,0,0.401361,-0.463174,1.625000,0.9101,0,-0.404200,-0.552456,1.660000,0.9123,0,0.613007,-0.462609,1.526000,0.8445,0,-0.632777,-0.601750,1.609000,0.9449,0,0.152345,0.027151,1.651000,0.9977,0,-0.065465,0.048512,1.734000,0.9981,0
467,15.577881,1,0.163215,-0.530421,1.651000,0.9990,0,-0.173416,-0.524149,1.729000,0.9982,0,0.403103,-0.468304,1.643000,0.9118,0,-0.404612,-0.554026,1.673000,0.9128,0,0.617426,-0.465944,1.537000,0.8479,0,-0.635923,-0.602078,1.617000,0.9449,0,0.153545,0.027365,1.664000,0.9977,0,-0.065465,0.048512,1.734000,0.9981,0
468,15.611239,1,0.164105,-0.533313,1.660000,0.9990,0,-0.173416,-0.524149,1.729000,0.9982,0,0.399913,-0.464599,1.630000,0.9147,0,-0.400501,-0.548396,1.656000,0.9168,0,0.613007,-0.462609,1.526000,0.8518,0,-0.639069,-0.605056,1.625000,0.9481,0,0.155908,0.027299,1.660000,0.9977,0,-0.065087,0.051073,1.724000,0.9981,0
469,15.644596,1,0.163709,-0.532028,1.656000,0.9990,0,-0.174921,-0.528696,1.744000,0.9983,0,0.399913,-0.464599,1.630000,0.9171,0,-0.399291,-0.546741,1.651000,0.9186,0,0.608588,-0.459274,1.515000,0.8565,0,-0.632777,-0.596448,1.609000,0.9500,0,0.155908,0.027299,1.660000,0.9977,0,-0.065465,0.051369,1.734000,0.9981,0
470,15.677953,1,0.164105,-0.533313,1.660000,0.9990,0,-0.173416,-0.524149,1.729000,0.9984,0,0.404084,-0.469444,1.647000,0.9177,0,-0.409207,-0.557531,1.692000,0.9210,0,0.610195,-0.460487,1.519000,0.8575,0,-0.629237,-0.590476,1.600000,0.9531,0,0.155532,0.027234,1.656000,0.9976,0,-0.065465,0.051369,1.734000,0.9981,0
471,15.711310,1,0.163215,-0.530421,1.651000,0.9990,0,-0.173918,-0.525664,1.734000,0.9983,0,0.398686,-0.463174,1.625000,0.9184,0,-0.403645,-0.549952,1.669000,0.9222,0,0.614614,-0.463822,1.530000,0.8577,0,-0.629237,-0.587840,1.600000,0.9533,0,0.155908,0.027299,1.660000,0.9977,0,-0.064936,0.050954,1.720000,0.9981,0
472,15.744668,1,0.162820,-0.529136,1.647000,0.9990,0,-0.174419,-0.527180,1.739000,0.9983,0,0.401876,-0.466879,1.638000,0.9154,0,-0.404200,-0.546986,1.660000,0.9203,0,0.608588,-0.459274,1.515000,0.8533,0,-0.634350,-0.592616,1.613000,0.9531,0,0.156284,0.027365,1.664000,0.9976,0,-0.065653,0.051517,1.739000,0.9981,0
473,15.778025,1,0.164105,-0.533313,1.660000,0.9990,0,-0.173918,-0.525664,1.734000,0.9984,0,0.396724,-0.460893,1.617000,0.9157,0,-0.404200,-0.544252,1.660000,0.9229,0,0.611400,-0.461396,1.522000,0.8556,0,-0.634350,-0.592616,1.613000,0.9553,0,0.158640,0.027299,1.660000,0.9977,0,-0.062249,0.051073,1.724000,0.9981,0
474,15.811382,1,0.163709,-0.532028,1.656000,0.9990,0,-0.174419,-0.527180,1.739000,0.9984,0,0.405065,-0.470584,1.651000,0.9105,0,-0.404200,-0.544252,1.660000,0.9196,0,0.614614,-0.463822,1.530000,0.8440,0,-0.631871,-0.587840,1.600000,0.9531,0,0.155532,0.027234,1.656000,0.9977,0,-0.065465,0.051369,1.734000,0.9982,0
475,15.844740,1,0.163709,-0.532028,1.656000,0.9990,0,-0.173918,-0.525664,1.734000,0.9984,0,0.401876,-0.466879,1.638000,0.9127,0,-0.403226,-0.542940,1.656000,0.9224,0,0.611400,-0.461396,1.522000,0.8464,0,-0.633845,-0.587033,1.605000,0.9552,0,0.154687,0.027086,1.647000,0.9977,0,-0.067570,0.050806,1.715000,0.9981,0
476,15.878097,1,0.162820,-0.529136,1.647000,0.9990,0,-0.170077,-0.522633,1.724000,0.9984,0,0.398686,-0.460497,1.625000,0.9110,0,-0.404200,-0.544252,1.660000,0.9220,0,0.619033,-0.467156,1.541000,0.8450,0,-0.629237,-0.582569,1.600000,0.9546,0,0.157599,0.027595,1.678000,0.9977,0,-0.068319,0.051369,1.734000,0.9982,0
477,15.911454,1,0.163709,-0.532028,1.656000,0.9990,0,-0.171557,-0.527180,1.739000,0.9984,0,0.401876,-0.464180,1.638000,0.9105,0,-0.405174,-0.542822,1.664000,0.9215,0,0.616221,-0.465034,1.534000,0.8462,0,-0.631203,-0.584389,1.605000,0.9552,0,0.155532,0.027234,1.656000,0.9976,0,-0.068122,0.051221,1.729000,0.9981,0
478,15.944811,1,0.163709,-0.532028,1.656000,0.9990,0,-0.171557,-0.527180,1.739000,0.9984,0,0.400895,-0.463047,1.634000,0.9119,0,-0.408583,-0.547389,1.678000,0.9230,0,0.610195,-0.460487,1.519000,0.8475,0,-0.627664,-0.581112,1.596000,0.9566,0,0.154687,0.027086,1.647000,0.9976,0,-0.068319,0.051369,1.734000,0.9981,0
479,15.978169,1,0.164105,-0.533313,1.660000,0.9990,0,-0.170077,-0.522633,1.724000,0.9984,0,0.399913,-0.461913,1.630000,0.9127,0,-0.401035,-0.537276,1.647000,0.9238,0,0.614614,-0.463822,1.530000,0.8483,0,-0.629237,-0.582569,1.600000,0.9574,0,0.155063,0.027151,1.651000,0.9976,0,-0.065465,0.051369,1.734000,0.9981,0
480,16.011526,1,0.163709,-0.532028,1.656000,0.9990,0,-0.174419,-0.527180,1.739000,0.9984,0,0.400895,-0.463047,1.634000,0.9141,0,-0.408583,-0.547389,1.678000,0.9251,0,0.616221,-0.465034,1.534000,0.8505,0,-0.629237,-0.582569,1.600000,0.9585,0,0.156284,0.027365,1.664000,0.9976,0,-0.066182,0.051932,1.753000,0.9981,0
481,16.044883,1,0.163709,-0.532028,1.656000,0.9990,0,-0.170571,-0.524149,1.729000,0.9985,0,0.400895,-0.463047,1.634000,0.9150,0,-0.401035,-0.537276,1.647000,0.9262,0,0.617426,-0.465944,1.537000,0.8537,0,-0.631871,-0.582569,1.600000,0.9597,0,0.158640,0.027299,1.660000,0.9976,0,-0.065653,0.051517,1.739000,0.9981,0
482,16.078240,1,0.161534,-0.524960,1.634000,0.9990,0,-0.171557,-0.527180,1.739000,0.9985,0,0.405807,-0.465597,1.643000,0.9137,0,-0.398843,-0.534340,1.638000,0.9260,0,0.619033,-0.467156,1.541000,0.8507,0,-0.632777,-0.585845,1.609000,0.9602,0,0.159022,0.027365,1.664000,0.9976,0,-0.065276,0.051221,1.729000,0.9981,0
483,16.111598,1,0.163709,-0.532028,1.656000,0.9990,0,-0.171064,-0.525664,1.734000,0.9984,0,0.401361,-0.460497,1.625000,0.9095,0,-0.403226,-0.540212,1.656000,0.9208,0,0.619033,-0.467156,1.541000,0.8425,0,-0.632777,-0.585845,1.609000,0.9563,0,0.155908,0.027299,1.660000,0.9976,0,-0.065465,0.051369,1.734000,0.9981,0
484,16.144955,1,0.163709,-0.532028,1.656000,0.9990,0,-0.171064,-0.525664,1.734000,0.9984,0,0.404572,-0.464180,1.638000,0.9078,0,-0.406392,-0.544453,1.669000,0.9191,0,0.619033,-0.467156,1.541000,0.8405,0,-0.635425,-0.585845,1.609000,0.9555,0,0.155908,0.027299,1.660000,0.9976,0,-0.065087,0.051073,1.724000,0.9981,0
485,16.178312,1,0.162820,-0.529136,1.647000,0.9990,0,-0.172915,-0.522633,1.724000,0.9984,0,0.399913,-0.461913,1.630000,0.9061,0,-0.408583,-0.547389,1.678000,0.9161,0,0.616221,-0.465034,1.534000,0.8400,0,-0.633845,-0.584389,1.605000,0.9540,0,0.153176,0.027299,1.660000,0.9976,0,-0.065465,0.051369,1.734000,0.9981,0
486,16.211669,1,0.163709,-0.532028,1.656000,0.9990,0,-0.174419,-0.527180,1.739000,0.9983,0,0.403103,-0.465597,1.643000,0.9049,0,-0.409557,-0.548694,1.682000,0.9165,0,0.620639,-0.468369,1.545000,0.8381,0,-0.633845,-0.584389,1.605000,0.9538,0,0.153176,0.030034,1.660000,0.9976,0,-0.067925,0.051073,1.724000,0.9981,0
487,16.245027,1,0.164500,-0.534598,1.664000,0.9990,0,-0.173918,-0.525664,1.734000,0.9983,0,0.401876,-0.464180,1.638000,0.9065,0,-0.406392,-0.544453,1.669000,0.9173,0,0.613696,-0.467561,1.534000,0.8419,0,-0.634350,-0.587302,1.613000,0.9549,0,0.155532,0.027234,1.656000,0.9975,0,-0.068713,0.051665,1.744000,0.9980,0
488,16.278384,1,0.162820,-0.529136,1.647000,0.9990,0,-0.171064,-0.525664,1.734000,0.9983,0,0.398686,-0.460497,1.625000,0.9062,0,-0.401468,-0.541517,1.660000,0.9182,0,0.613696,-0.467561,1.534000,0.8417,0,-0.631203,-0.584389,1.605000,0.9562,0,0.156284,0.027365,1.664000,0.9975,0,-0.065653,0.051517,1.739000,0.9980,0
489,16.311741,1,0.163709,-0.532028,1.656000,0.9990,0,-0.171064,-0.525664,1.734000,0.9983,0,0.401876,-0.464180,1.638000,0.9059,0,-0.405821,-0.547389,1.678000,0.9175,0,0.619697,-0.472133,1.549000,0.8408,0,-0.640164,-0.592885,1.621000,0.9551,0,0.155063,0.027151,1.651000,0.9975,0,-0.068713,0.051665,1.744000,0.9980,0
490,16.345099,1,0.163709,-0.532028,1.656000,0.9990,0,-0.171557,-0.527180,1.739000,0.9983,0,0.407274,-0.473150,1.660000,0.9054,0,-0.403645,-0.547202,1.669000,0.9178,0,0.614896,-0.468476,1.537000,0.8411,0,-0.633845,-0.587033,1.605000,0.9563,0,0.155063,0.027151,1.651000,0.9975,0,-0.068319,0.051369,1.734000,0.9980,0
491,16.378456,1,0.162424,-0.527851,1.643000,0.9990,0,-0.170571,-0.524149,1.729000,0.9983,0,0.400895,-0.465739,1.634000,0.9061,0,-0.406789,-0.548694,1.682000,0.9189,0,0.607695,-0.462989,1.519000,0.8419,0,-0.632777,-0.588496,1.609000,0.9575,0,0.153545,0.027365,1.664000,0.9975,0,-0.068516,0.048652,1.739000,0.9980,0
492,16.411813,1,0.163215,-0.530421,1.651000,0.9989,0,-0.171064,-0.525664,1.734000,0.9983,0,0.399913,-0.464599,1.630000,0.9029,0,-0.399291,-0.538581,1.651000,0.9177,0,0.612096,-0.466342,1.530000,0.8397,0,-0.632777,-0.585845,1.609000,0.9577,0,0.155908,0.027299,1.660000,0.9974,0,-0.068319,0.051369,1.734000,0.9979,0
493,16.445171,1,0.162424,-0.527851,1.643000,0.9989,0,-0.170571,-0.524149,1.729000,0.9983,0,0.401876,-0.466879,1.638000,0.9028,0,-0.403645,-0.544453,1.669000,0.9178,0,0.613696,-0.467561,1.534000,0.8395,0,-0.637004,-0.587302,1.613000,0.9580,0,0.154375,0.027513,1.673000,0.9974,0,-0.068516,0.051517,1.739000,0.9979,0
494,16.478528,1,0.164500,-0.534598,1.664000,0.9989,0,-0.171064,-0.525664,1.734000,0.9983,0,0.403103,-0.468304,1.643000,0.9024,0,-0.404612,-0.545758,1.673000,0.9199,0,0.616221,-0.467561,1.534000,0.8382,0,-0.637004,-0.587302,1.613000,0.9598,0,0.154311,0.029726,1.643000,0.9974,0,-0.068319,0.051369,1.734000,0.9979,0
495,16.511885,1,0.164500,-0.534598,1.664000,0.9989,0,-0.170571,-0.524149,1.729000,0.9983,0,0.405065,-0.470584,1.651000,0.9020,0,-0.400501,-0.540212,1.656000,0.9183,0,0.613007,-0.465123,1.526000,0.8371,0,-0.640164,-0.590215,1.621000,0.9589,0,0.156753,0.027447,1.669000,0.9974,0,-0.067570,0.047981,1.715000,0.9979,0
496,16.545243,1,0.162424,-0.527851,1.643000,0.9990,0,-0.171557,-0.527180,1.739000,0.9983,0,0.405065,-0.467864,1.651000,0.9016,0,-0.401468,-0.541517,1.660000,0.9194,0,0.619033,-0.467156,1.541000,0.8353,0,-0.634350,-0.587302,1.613000,0.9598,0,0.155908,0.027299,1.660000,0.9974,0,-0.068516,0.048652,1.739000,0.9979,0
497,16.578600,1,0.162820,-0.529136,1.647000,0.9990,0,-0.171557,-0.527180,1.739000,0.9983,0,0.403103,-0.465597,1.643000,0.9032,0,-0.405821,-0.547389,1.678000,0.9214,0,0.616221,-0.465034,1.534000,0.8360,0,-0.634350,-0.587302,1.613000,0.9601,0,0.156753,0.030197,1.669000,0.9974,0,-0.067767,0.050954,1.720000,0.9980,0
498,16.611958,1,0.164105,-0.533313,1.660000,0.9990,0,-0.171557,-0.527180,1.739000,0.9984,0,0.400895,-0.463047,1.634000,0.9025,0,-0.405821,-0.547389,1.678000,0.9227,0,0.617426,-0.465944,1.537000,0.8356,0,-0.634350,-0.587302,1.613000,0.9621,0,0.155532,0.027234,1.656000,0.9974,0,-0.068516,0.051517,1.739000,0.9980,0
499,16.645315,1,0.162424,-0.527851,1.643000,0.9990,0,-0.170571,-0.524149,1.729000,0.9984,0,0.399913,-0.461913,1.630000,0.9061,0,-0.402435,-0.542822,1.664000,0.9251,0,0.616221,-0.462507,1.534000,0.8415,0,-0.629237,-0.585204,1.600000,0.9636,0,0.155908,0.030034,1.660000,0.9975,0,-0.068122,0.051221,1.729000,0.9980,0
500,16.678672,1,0.162820,-0.529136,1.647000,0.9990,0,-0.170571,-0.524149,1.729000,0.9984,0,0.399913,-0.461913,1.630000,0.9067,0,-0.402435,-0.542822,1.664000,0.9245,0,0.610195,-0.457984,1.519000,0.8431,0,-0.631203,-0.587033,1.605000,0.9630,0,0.158444,0.027743,1.687000,0.9975,0,-0.068122,0.051221,1.729000,0.9980,0
501,16.712030,1,0.163709,-0.532028,1.656000,0.9990,0,-0.171064,-0.525664,1.734000,0.9985,0,0.399913,-0.461913,1.630000,0.9091,0,-0.405821,-0.547389,1.678000,0.9267,0,0.620639,-0.465824,1.545000,0.8449,0,-0.634350,-0.589959,1.613000,0.9642,0,0.155908,0.027299,1.660000,0.9975,0,-0.068516,0.051517,1.739000,0.9980,0
502,16.745387,1,0.163215,-0.530421,1.651000,0.9990,0,-0.171064,-0.525664,1.734000,0.9985,0,0.403103,-0.465597,1.643000,0.9088,0,-0.406789,-0.548694,1.682000,0.9267,0,0.613007,-0.460095,1.526000,0.8452,0,-0.634350,-0.589959,1.613000,0.9639,0,0.156284,0.027365,1.664000,0.9975,0,-0.067767,0.050954,1.720000,0.9980,0
503,16.778744,1,0.164105,-0.533313,1.660000,0.9990,0,-0.171064,-0.525664,1.734000,0.9985,0,0.403103,-0.465597,1.643000,0.9098,0,-0.403645,-0.544453,1.669000,0.9260,0,0.613696,-0.462507,1.534000,0.8484,0,-0.635923,-0.591422,1.617000,0.9638,0,0.156753,0.027447,1.669000,0.9974,0,-0.068122,0.048373,1.729000,0.9980,0
504,16.812102,1,0.162424,-0.527851,1.643000,0.9991,0,-0.171064,-0.525664,1.734000,0.9985,0,0.404084,-0.466731,1.647000,0.9078,0,-0.403645,-0.544453,1.669000,0.9262,0,0.610495,-0.460095,1.526000,0.8470,0,-0.634350,-0.589959,1.613000,0.9643,0,0.157129,0.027513,1.673000,0.9974,0,-0.068122,0.048373,1.729000,0.9980,0
505,16.845459,1,0.164105,-0.533313,1.660000,0.9991,0,-0.171064,-0.525664,1.734000,0.9985,0,0.404084,-0.466731,1.647000,0.9064,0,-0.409207,-0.551956,1.692000,0.9244,0,0.614614,-0.461301,1.530000,0.8443,0,-0.631203,-0.587033,1.605000,0.9635,0,0.153545,0.027365,1.664000,0.9974,0,-0.068122,0.048373,1.729000,0.9980,0
506,16.878816,1,0.163709,-0.532028,1.656000,0.9991,0,-0.170571,-0.524149,1.729000,0.9985,0,0.401876,-0.464180,1.638000,0.9080,0,-0.405821,-0.547389,1.678000,0.9254,0,0.619033,-0.464618,1.541000,0.8476,0,-0.635923,-0.591422,1.617000,0.9643,0,0.154006,0.027447,1.669000,0.9974,0,-0.067570,0.047981,1.715000,0.9979,0
507,16.912174,1,0.164500,-0.534598,1.664000,0.9991,0,-0.171064,-0.525664,1.734000,0.9985,0,0.403103,-0.465597,1.643000,0.9067,0,-0.398324,-0.539989,1.647000,0.9259,0,0.622246,-0.467030,1.549000,0.8460,0,-0.634350,-0.589959,1.613000,0.9650,0,0.153545,0.027365,1.664000,0.9974,0,-0.068319,0.048512,1.734000,0.9979,0
508,16.945531,1,0.164105,-0.533313,1.660000,0.9991,0,-0.171064,-0.525664,1.734000,0.9985,0,0.403103,-0.465597,1.643000,0.9079,0,-0.405821,-0.550153,1.678000,0.9246,0,0.616221,-0.462507,1.534000,0.8469,0,-0.637496,-0.592885,1.621000,0.9645,0,0.153176,0.027299,1.660000,0.9974,0,-0.068122,0.048373,1.729000,0.9979,0
509,16.978888,1,0.164500,-0.534598,1.664000,0.9990,0,-0.171557,-0.527180,1.739000,0.9984,0,0.400895,-0.463047,1.634000,0.9063,0,-0.403645,-0.547202,1.669000,0.9216,0,0.619033,-0.464618,1.541000,0.8460,0,-0.631203,-0.587033,1.605000,0.9606,0,0.154006,0.027447,1.669000,0.9974,0,-0.067373,0.047841,1.710000,0.9979,0
510,17.012246,1,0.163709,-0.532028,1.656000,0.9990,0,-0.171064,-0.525664,1.734000,0.9985,0,0.403103,-0.465597,1.643000,0.9069,0,-0.399291,-0.541301,1.651000,0.9234,0,0.617426,-0.463412,1.537000,0.8456,0,-0.634350,-0.589959,1.613000,0.9615,0,0.151607,0.027020,1.643000,0.9974,0,-0.067925,0.048233,1.724000,0.9980,0
511,17.045603,1,0.163215,-0.530421,1.651000,0.9991,0,-0.171064,-0.525664,1.734000,0.9985,0,0.405065,-0.467864,1.651000,0.9075,0,-0.403645,-0.547202,1.669000,0.9231,0,0.612096,-0.461301,1.530000,0.8474,0,-0.639069,-0.594348,1.625000,0.9621,0,0.153545,0.027365,1.664000,0.9974,0,-0.067925,0.048233,1.724000,0.9979,0
512,17.078960,1,0.164500,-0.534598,1.664000,0.9990,0,-0.170571,-0.524149,1.729000,0.9985,0,0.403103,-0.465597,1.643000,0.9043,0,-0.401468,-0.544252,1.660000,0.9233,0,0.617426,-0.463412,1.537000,0.8406,0,-0.637496,-0.592885,1.621000,0.9621,0,0.153176,0.030034,1.660000,0.9974,0,-0.068516,0.048652,1.739000,0.9980,0
513,17.112318,1,0.163709,-0.532028,1.656000,0.9991,0,-0.170571,-0.524149,1.729000,0.9985,0,0.401876,-0.464180,1.638000,0.9061,0,-0.401468,-0.544252,1.660000,0.9237,0,0.616221,-0.465034,1.534000,0.8447,0,-0.637496,-0.592885,1.621000,0.9626,0,0.153545,0.027365,1.664000,0.9974,0,-0.068319,0.048512,1.734000,0.9979,0
514,17.145675,1,0.164105,-0.533313,1.660000,0.9990,0,-0.170077,-0.522633,1.724000,0.9984,0,0.401876,-0.464180,1.638000,0.9070,0,-0.403645,-0.547202,1.669000,0.9228,0,0.620639,-0.465824,1.545000,0.8441,0,-0.637496,-0.595556,1.621000,0.9608,0,0.152807,0.027234,1.656000,0.9974,0,-0.067925,0.048233,1.724000,0.9979,0
515,17.179032,1,0.163709,-0.532028,1.656000,0.9990,0,-0.170571,-0.524149,1.729000,0.9984,0,0.400895,-0.463047,1.634000,0.9058,0,-0.401468,-0.544252,1.660000,0.9245,0,0.626665,-0.470346,1.560000,0.8403,0,-0.637496,-0.595556,1.621000,0.9620,0,0.152345,0.029871,1.651000,0.9974,0,-0.067767,0.048121,1.720000,0.9979,0
516,17.212390,1,0.164105,-0.533313,1.660000,0.9990,0,-0.171064,-0.525664,1.734000,0.9984,0,0.406292,-0.469281,1.656000,0.9051,0,-0.406422,-0.554743,1.692000,0.9244,0,0.614614,-0.463822,1.530000,0.8407,0,-0.634828,-0.595556,1.621000,0.9627,0,0.152807,0.029962,1.656000,0.9974,0,-0.067925,0.048233,1.724000,0.9979,0
517,17.245747,1,0.164105,-0.533313,1.660000,0.9990,0,-0.169683,-0.521420,1.720000,0.9984,0,0.400895,-0.463047,1.634000,0.9036,0,-0.401858,-0.548514,1.673000,0.9221,0,0.612096,-0.463822,1.530000,0.8399,0,-0.636394,-0.597025,1.625000,0.9611,0,0.151976,0.029799,1.647000,0.9974,0,-0.067925,0.048233,1.724000,0.9979,0
518,17.279105,1,0.163709,-0.532028,1.656000,0.9990,0,-0.171064,-0.525664,1.734000,0.9984,0,0.404084,-0.466731,1.647000,0.9051,0,-0.400897,-0.547202,1.669000,0.9247,0,0.614896,-0.465944,1.537000,0.8407,0,-0.633261,-0.594086,1.617000,0.9618,0,0.156284,0.030106,1.664000,0.9974,0,-0.068870,0.051784,1.748000,0.9980,0
519,17.312462,1,0.164994,-0.536204,1.669000,0.9990,0,-0.171557,-0.527180,1.739000,0.9984,0,0.401876,-0.464180,1.638000,0.9062,0,-0.404020,-0.551465,1.682000,0.9256,0,0.613007,-0.462609,1.526000,0.8428,0,-0.633261,-0.594086,1.617000,0.9635,0,0.155532,0.027234,1.656000,0.9973,0,-0.067925,0.048233,1.724000,0.9979,0
520,17.345819,1,0.164500,-0.534598,1.664000,0.9990,0,-0.172445,-0.529908,1.748000,0.9985,0,0.403103,-0.465597,1.643000,0.9063,0,-0.397775,-0.542940,1.656000,0.9254,0,0.617426,-0.463412,1.537000,0.8456,0,-0.631695,-0.592616,1.613000,0.9637,0,0.156284,0.027365,1.664000,0.9973,0,-0.068713,0.048792,1.744000,0.9979,0
521,17.379177,1,0.163215,-0.530421,1.651000,0.9990,0,-0.170571,-0.524149,1.729000,0.9985,0,0.400895,-0.463047,1.634000,0.9051,0,-0.403645,-0.547202,1.669000,0.9248,0,0.614614,-0.461301,1.530000,0.8434,0,-0.626604,-0.585204,1.600000,0.9634,0,0.156753,0.027447,1.669000,0.9973,0,-0.068319,0.045656,1.734000,0.9979,0
522,17.412534,1,0.164105,-0.533313,1.660000,0.9990,0,-0.167725,-0.524149,1.729000,0.9985,0,0.403103,-0.465597,1.643000,0.9058,0,-0.403645,-0.544453,1.669000,0.9244,0,0.617426,-0.463412,1.537000,0.8436,0,-0.628562,-0.587033,1.605000,0.9635,0,0.155908,0.027299,1.660000,0.9973,0,-0.068870,0.046025,1.748000,0.9979,0
523,17.445891,1,0.164105,-0.533313,1.660000,0.9990,0,-0.167725,-0.524149,1.729000,0.9985,0,0.401876,-0.464180,1.638000,0.9058,0,-0.403645,-0.544453,1.669000,0.9260,0,0.620639,-0.465824,1.545000,0.8442,0,-0.633261,-0.586094,1.617000,0.9650,0,0.155908,0.027299,1.660000,0.9973,0,-0.068516,0.048652,1.739000,0.9980,0
524,17.479248,1,0.163709,-0.532028,1.656000,0.9990,0,-0.167725,-0.524149,1.729000,0.9986,0,0.399913,-0.461913,1.630000,0.9074,0,-0.406789,-0.545923,1.682000,0.9272,0,0.617426,-0.463412,1.537000,0.8481,0,-0.634828,-0.582203,1.621000,0.9662,0,0.154006,0.027447,1.669000,0.9973,0,-0.068516,0.048652,1.739000,0.9979,0
525,17.512605,1,0.163709,-0.532028,1.656000,0.9990,0,-0.167725,-0.524149,1.729000,0.9986,0,0.403103,-0.465597,1.643000,0.9050,0,-0.405821,-0.544624,1.678000,0.9275,0,0.614896,-0.463412,1.537000,0.8456,0,-0.633261,-0.572775,1.617000,0.9670,0,0.156284,0.027365,1.664000,0.9973,0,-0.068319,0.048512,1.734000,0.9979,0
526,17.545963,1,0.163709,-0.532028,1.656000,0.9990,0,-0.167725,-0.524149,1.729000,0.9986,0,0.403103,-0.465597,1.643000,0.9065,0,-0.410174,-0.547673,1.696000,0.9273,0,0.613696,-0.462507,1.534000,0.8483,0,-0.630128,-0.567291,1.609000,0.9673,0,0.153176,0.027299,1.660000,0.9973,0,-0.067925,0.048233,1.724000,0.9979,0
527,17.579320,1,0.162820,-0.529136,1.647000,0.9990,0,-0.168695,-0.527180,1.739000,0.9986,0,0.404084,-0.466731,1.647000,0.9029,0,-0.406789,-0.537610,1.682000,0.9266,0,0.616496,-0.464618,1.541000,0.8441,0,-0.631695,-0.560729,1.613000,0.9671,0,0.151976,0.027086,1.647000,0.9973,0,-0.068319,0.048512,1.734000,0.9980,0
528,17.612677,1,0.164500,-0.534598,1.664000,0.9990,0,-0.168695,-0.527180,1.739000,0.9986,0,0.404084,-0.466731,1.647000,0.9024,0,-0.410174,-0.536497,1.696000,0.9277,0,0.610495,-0.460095,1.526000,0.8454,0,-0.630128,-0.551387,1.609000,0.9686,0,0.153176,0.027299,1.660000,0.9973,0,-0.068122,0.048373,1.729000,0.9980,0
529,17.646034,1,0.164105,-0.533313,1.660000,0.9990,0,-0.168210,-0.525664,1.734000,0.9987,0,0.402348,-0.467864,1.651000,0.9026,0,-0.399291,-0.519542,1.651000,0.9302,0,0.618096,-0.465824,1.545000,0.8453,0,-0.625037,-0.541673,1.596000,0.9699,0,0.154006,0.030197,1.669000,0.9974,0,-0.068870,0.051784,1.748000,0.9980,0
530,17.679392,1,0.163709,-0.532028,1.656000,0.9990,0,-0.169180,-0.528696,1.744000,0.9987,0,0.401373,-0.466731,1.647000,0.9032,0,-0.406789,-0.523755,1.682000,0.9309,0,0.614896,-0.463412,1.537000,0.8459,0,-0.634828,-0.547488,1.621000,0.9713,0,0.154375,0.027513,1.673000,0.9974,0,-0.071583,0.048792,1.744000,0.9981,0
531,17.712749,1,0.163709,-0.532028,1.656000,0.9990,0,-0.168210,-0.525664,1.734000,0.9987,0,0.398205,-0.463047,1.634000,0.9018,0,-0.409207,-0.524082,1.692000,0.9318,0,0.616496,-0.464618,1.541000,0.8449,0,-0.631695,-0.536814,1.613000,0.9723,0,0.155908,0.027299,1.660000,0.9974,0,-0.071378,0.048652,1.739000,0.9981,0
532,17.746106,1,0.164105,-0.533313,1.660000,0.9990,0,-0.167725,-0.521300,1.729000,0.9988,0,0.401373,-0.466731,1.647000,0.9012,0,-0.405821,-0.516981,1.678000,0.9331,0,0.614896,-0.463412,1.537000,0.8433,0,-0.634828,-0.534135,1.621000,0.9733,0,0.155532,0.027234,1.656000,0.9974,0,-0.071378,0.048652,1.739000,0.9981,0
533,17.779463,1,0.163215,-0.530421,1.651000,0.9990,0,-0.168210,-0.522808,1.734000,0.9987,0,0.399180,-0.464180,1.638000,0.8987,0,-0.406789,-0.512671,1.682000,0.9299,0,0.618096,-0.465824,1.545000,0.8396,0,-0.633261,-0.524826,1.617000,0.9712,0,0.156284,0.027365,1.664000,0.9974,0,-0.071378,0.048652,1.739000,0.9981,0
534,17.812821,1,0.163215,-0.530421,1.651000,0.9990,0,-0.167725,-0.518452,1.729000,0.9987,0,0.397230,-0.461913,1.630000,0.8982,0,-0.414770,-0.517079,1.715000,0.9298,0,0.616496,-0.464618,1.541000,0.8372,0,-0.634828,-0.515442,1.621000,0.9713,0,0.155532,0.029962,1.656000,0.9974,0,-0.071173,0.048512,1.734000,0.9981,0
535,17.846178,1,0.163709,-0.532028,1.656000,0.9990,0,-0.169180,-0.522950,1.744000,0.9988,0,0.402348,-0.467864,1.651000,0.8945,0,-0.405821,-0.500395,1.678000,0.9292,0,0.616496,-0.464618,1.541000,0.8315,0,-0.642608,-0.514192,1.634000,0.9715,0,0.156284,0.030106,1.664000,0.9974,0,-0.070967,0.048373,1.729000,0.9981,0
536,17.879535,1,0.164500,-0.534598,1.664000,0.9990,0,-0.169180,-0.522950,1.744000,0.9988,0,0.401373,-0.466731,1.647000,0.8960,0,-0.410174,-0.500175,1.696000,0.9314,0,0.616496,-0.464618,1.541000,0.8337,0,-0.637496,-0.502090,1.621000,0.9727,0,0.156284,0.030106,1.664000,0.9975,0,-0.071583,0.048792,1.744000,0.9981,0
537,17.912892,1,0.164500,-0.534598,1.664000,0.9990,0,-0.167725,-0.518452,1.729000,0.9988,0,0.401373,-0.466731,1.647000,0.8974,0,-0.409207,-0.493420,1.692000,0.9319,0,0.615553,-0.463278,1.545000,0.8360,0,-0.634828,-0.496749,1.621000,0.9735,0,0.155908,0.027299,1.660000,0.9975,0,-0.071747,0.048904,1.748000,0.9981,0
538,17.946250,1,0.164105,-0.533313,1.660000,0.9990,0,-0.169180,-0.520077,1.744000,0.9988,0,0.404541,-0.470415,1.660000,0.8981,0,-0.410174,-0.488999,1.696000,0.9333,0,0.613960,-0.462079,1.541000,0.8345,0,-0.636394,-0.489944,1.625000,0.9738,0,0.155908,0.030034,1.660000,0.9975,0,-0.071378,0.048652,1.739000,0.9982,0
539,17.979607,1,0.166774,-0.541987,1.687000,0.9991,0,-0.167725,-0.515603,1.729000,0.9988,0,0.400398,-0.465597,1.643000,0.9001,0,-0.409207,-0.482270,1.692000,0.9328,0,0.617147,-0.464478,1.549000,0.8386,0,-0.639919,-0.484582,1.634000,0.9738,0,0.154006,0.027447,1.669000,0.9976,0,-0.074454,0.048792,1.744000,0.9982,0
540,18.012964,1,0.165390,-0.537489,1.673000,0.9991,0,-0.167725,-0.515603,1.729000,0.9988,0,0.395952,-0.466731,1.647000,0.9023,0,-0.411992,-0.482270,1.692000,0.9330,0,0.611423,-0.459540,1.541000,0.8418,0,-0.638352,-0.475340,1.630000,0.9736,0,0.151607,0.027020,1.643000,0.9976,0,-0.074027,0.048512,1.734000,0.9982,0
541,18.046321,1,0.165390,-0.537489,1.673000,0.9991,0,-0.168695,-0.518586,1.739000,0.9989,0,0.396913,-0.467864,1.651000,0.9040,0,-0.410774,-0.478066,1.687000,0.9302,0,0.609836,-0.458347,1.537000,0.8458,0,-0.639919,-0.468431,1.634000,0.9722,0,0.154375,0.027513,1.673000,0.9977,0,-0.077102,0.045788,1.739000,0.9983,0
542,18.079678,1,0.164500,-0.534598,1.664000,0.9992,0,-0.172050,-0.517204,1.744000,0.9989,0,0.402202,-0.471343,1.673000,0.9062,0,-0.408583,-0.467223,1.678000,0.9308,0,0.609836,-0.455815,1.537000,0.8484,0,-0.638352,-0.461913,1.630000,0.9716,0,0.152345,0.027151,1.651000,0.9978,0,-0.076881,0.045656,1.734000,0.9983,0
543,18.113036,1,0.163709,-0.532028,1.656000,0.9992,0,-0.172050,-0.517204,1.744000,0.9989,0,0.398115,-0.466553,1.656000,0.9084,0,-0.414183,-0.470825,1.701000,0.9301,0,0.605472,-0.452553,1.526000,0.8525,0,-0.636394,-0.452465,1.625000,0.9712,0,0.152807,0.027234,1.656000,0.9979,0,-0.077324,0.045919,1.744000,0.9984,0
544,18.146393,1,0.164994,-0.536204,1.669000,0.9992,0,-0.168695,-0.515721,1.739000,0.9990,0,0.394990,-0.462891,1.643000,0.9111,0,-0.410174,-0.463853,1.696000,0.9291,0,0.616185,-0.460560,1.553000,0.8567,0,-0.638352,-0.443116,1.630000,0.9693,0,0.152345,0.027151,1.651000,0.9980,0,-0.077102,0.045788,1.739000,0.9985,0
545,18.179750,1,0.165390,-0.537489,1.673000,0.9992,0,-0.168695,-0.515721,1.739000,0.9990,0,0.397300,-0.468807,1.664000,0.9130,0,-0.407383,-0.461059,1.696000,0.9287,0,0.614598,-0.456822,1.549000,0.8607,0,-0.638789,-0.437196,1.638000,0.9693,0,0.154006,0.027447,1.669000,0.9981,0,-0.076659,0.045524,1.729000,0.9985,0
546,18.213107,1,0.165884,-0.539096,1.678000,0.9993,0,-0.169180,-0.517204,1.744000,0.9990,0,0.390137,-0.460355,1.634000,0.9165,0,-0.405784,-0.459616,1.701000,0.9274,0,0.610468,-0.453097,1.545000,0.8665,0,-0.639588,-0.434172,1.647000,0.9685,0,0.153545,0.027365,1.664000,0.9982,0,-0.077324,0.045919,1.744000,0.9986,0
547,18.246465,1,0.164500,-0.531857,1.664000,0.9993,0,-0.165833,-0.515721,1.739000,0.9990,0,0.394196,-0.465145,1.651000,0.9178,0,-0.405117,-0.459230,1.710000,0.9244,0,0.617975,-0.458669,1.564000,0.8698,0,-0.636878,-0.423318,1.647000,0.9669,0,0.151976,0.024372,1.647000,0.9982,0,-0.074240,0.045788,1.739000,0.9986,0
548,18.279822,1,0.164105,-0.530578,1.660000,0.9993,0,-0.165833,-0.515721,1.739000,0.9990,0,0.395390,-0.466553,1.656000,0.9196,0,-0.406301,-0.454923,1.715000,0.9221,0,0.613629,-0.452885,1.553000,0.8737,0,-0.628370,-0.409633,1.625000,0.9649,0,0.154006,0.024698,1.669000,0.9983,0,-0.074240,0.042923,1.739000,0.9986,0
549,18.313179,1,0.164105,-0.530578,1.660000,0.9993,0,-0.165833,-0.512856,1.739000,0.9990,0,0.397300,-0.468807,1.664000,0.9223,0,-0.403932,-0.449461,1.705000,0.9231,0,0.612048,-0.451719,1.549000,0.8781,0,-0.634167,-0.407039,1.647000,0.9647,0,0.153545,0.024624,1.664000,0.9983,0,-0.074624,0.043145,1.748000,0.9987,0
550,18.346536,1,0.164994,-0.533455,1.669000,0.9994,0,-0.163439,-0.514331,1.744000,0.9991,0,0.393612,-0.467680,1.660000,0.9243,0,-0.401126,-0.443843,1.705000,0.9225,0,0.616394,-0.452356,1.560000,0.8803,0,-0.621488,-0.389931,1.621000,0.9630,0,0.152345,0.024431,1.651000,0.9984,0,-0.073813,0.042676,1.729000,0.9987,0
551,18.379894,1,0.164500,-0.531857,1.664000,0.9994,0,-0.163439,-0.514331,1.744000,0.9991,0,0.390530,-0.461304,1.647000,0.9271,0,-0.399009,-0.441501,1.696000,0.9254,0,0.618549,-0.455836,1.572000,0.8853,0,-0.634907,-0.395623,1.656000,0.9646,0,0.153176,0.024565,1.660000,0.9985,0,-0.071747,0.043145,1.748000,0.9988,0
552,18.413251,1,0.164994,-0.533455,1.669000,0.9994,0,-0.163439,-0.514331,1.744000,0.9991,0,0.391478,-0.462425,1.651000,0.9306,0,-0.399488,-0.439511,1.710000,0.9262,0,0.613827,-0.449786,1.560000,0.8910,0,-0.624938,-0.381355,1.630000,0.9631,0,0.153545,0.021883,1.664000,0.9985,0,-0.071583,0.043046,1.744000,0.9988,0
553,18.446609,1,0.165390,-0.534733,1.673000,0.9994,0,-0.162970,-0.512856,1.739000,0.9992,0,0.393941,-0.468587,1.673000,0.9318,0,-0.399488,-0.433877,1.710000,0.9274,0,0.615961,-0.453246,1.572000,0.8937,0,-0.629922,-0.378983,1.643000,0.9640,0,0.152345,0.021712,1.651000,0.9986,0,-0.070967,0.042676,1.729000,0.9989,0
554,18.479966,1,0.164500,-0.531857,1.664000,0.9995,0,-0.163439,-0.514331,1.744000,0.9992,0,0.392999,-0.467466,1.669000,0.9352,0,-0.403926,-0.435849,1.729000,0.9304,0,0.615961,-0.450657,1.572000,0.9001,0,-0.624938,-0.367929,1.630000,0.9656,0,0.154006,0.021948,1.669000,0.9986,0,-0.067925,0.042552,1.724000,0.9989,0
555,18.513323,1,0.165390,-0.534733,1.673000,0.9995,0,-0.163439,-0.511457,1.744000,0.9992,0,0.391478,-0.462425,1.651000,0.9380,0,-0.399488,-0.428243,1.710000,0.9330,0,0.608516,-0.445210,1.553000,0.9047,0,-0.625309,-0.361639,1.638000,0.9663,0,0.156753,0.021948,1.669000,0.9987,0,-0.068516,0.042923,1.739000,0.9989,0
556,18.546681,1,0.164105,-0.530578,1.660000,0.9995,0,-0.163814,-0.512630,1.748000,0.9993,0,0.391478,-0.462425,1.651000,0.9401,0,-0.402758,-0.428909,1.724000,0.9350,0,0.612827,-0.448363,1.564000,0.9092,0,-0.624514,-0.360037,1.643000,0.9678,0,0.156284,0.021883,1.664000,0.9987,0,-0.068516,0.042923,1.739000,0.9989,0
557,18.580038,1,0.167664,-0.542085,1.696000,0.9995,0,-0.163814,-0.512630,1.748000,0.9993,0,0.393612,-0.464945,1.660000,0.9418,0,-0.397833,-0.423844,1.715000,0.9358,0,0.610084,-0.446356,1.557000,0.9118,0,-0.623323,-0.355487,1.647000,0.9684,0,0.156753,0.021948,1.669000,0.9987,0,-0.068713,0.040173,1.744000,0.9990,0
558,18.613396,1,0.165884,-0.536331,1.678000,0.9995,0,-0.164282,-0.514097,1.753000,0.9993,0,0.397881,-0.469987,1.678000,0.9417,0,-0.398993,-0.422246,1.720000,0.9344,0,0.612827,-0.448363,1.564000,0.9138,0,-0.626730,-0.354701,1.656000,0.9681,0,0.156753,0.021948,1.669000,0.9987,0,-0.068122,0.039828,1.729000,0.9990,0
559,18.646753,1,0.165390,-0.534733,1.673000,0.9995,0,-0.164282,-0.514097,1.753000,0.9993,0,0.392664,-0.463825,1.656000,0.9439,0,-0.400538,-0.421181,1.739000,0.9360,0,0.610252,-0.448363,1.564000,0.9172,0,-0.621810,-0.346503,1.643000,0.9678,0,0.155908,0.021830,1.660000,0.9988,0,-0.065842,0.040173,1.744000,0.9990,0
560,18.680111,1,0.165390,-0.534733,1.673000,0.9996,0,-0.161397,-0.514097,1.753000,0.9994,0,0.392664,-0.463825,1.656000,0.9454,0,-0.399386,-0.419970,1.734000,0.9372,0,0.610252,-0.448363,1.564000,0.9195,0,-0.624004,-0.343789,1.656000,0.9680,0,0.156284,0.021883,1.664000,0.9988,0,-0.065276,0.039828,1.729000,0.9990,0
561,18.713468,1,0.166774,-0.539208,1.687000,0.9996,0,-0.161397,-0.514097,1.753000,0.9994,0,0.394561,-0.466066,1.664000,0.9463,0,-0.395010,-0.412543,1.715000,0.9374,0,0.614935,-0.451803,1.576000,0.9213,0,-0.626155,-0.343738,1.669000,0.9679,0,0.156753,0.021948,1.669000,0.9988,0,-0.065465,0.039943,1.734000,0.9990,0
562,18.746826,1,0.167268,-0.540806,1.692000,0.9996,0,-0.161857,-0.512667,1.758000,0.9994,0,0.392664,-0.461097,1.656000,0.9478,0,-0.399386,-0.414257,1.734000,0.9383,0,0.611813,-0.449510,1.568000,0.9237,0,-0.624280,-0.337226,1.664000,0.9676,0,0.159883,0.022001,1.673000,0.9989,0,-0.063116,0.043145,1.748000,0.9991,0
563,18.780183,1,0.167268,-0.540806,1.692000,0.9996,0,-0.160937,-0.509751,1.748000,0.9994,0,0.392664,-0.461097,1.656000,0.9485,0,-0.398235,-0.407366,1.729000,0.9359,0,0.614394,-0.449510,1.568000,0.9247,0,-0.616685,-0.329151,1.651000,0.9654,0,0.156284,0.021883,1.664000,0.9989,0,-0.065842,0.043046,1.744000,0.9991,0
564,18.813541,1,0.166280,-0.537610,1.682000,0.9996,0,-0.161397,-0.511209,1.753000,0.9994,0,0.390530,-0.458591,1.647000,0.9471,0,-0.399386,-0.405687,1.734000,0.9349,0,0.611813,-0.449510,1.568000,0.9218,0,-0.611850,-0.328211,1.660000,0.9645,0,0.154687,0.021659,1.647000,0.9989,0,-0.065465,0.039943,1.734000,0.9991,0
565,18.846898,1,0.164500,-0.531857,1.664000,0.9996,0,-0.161397,-0.508321,1.753000,0.9994,0,0.391478,-0.459705,1.651000,0.9460,0,-0.395389,-0.401669,1.729000,0.9355,0,0.608692,-0.447217,1.560000,0.9195,0,-0.601637,-0.322927,1.647000,0.9655,0,0.154687,0.018946,1.647000,0.9989,0,-0.065465,0.039943,1.734000,0.9991,0
566,18.880256,1,0.166280,-0.537610,1.682000,0.9996,0,-0.161857,-0.509771,1.758000,0.9994,0,0.388761,-0.459705,1.651000,0.9459,0,-0.393678,-0.399974,1.734000,0.9355,0,0.610252,-0.448363,1.564000,0.9204,0,-0.598685,-0.321742,1.669000,0.9663,0,0.157129,0.016489,1.673000,0.9989,0,-0.065993,0.037386,1.748000,0.9991,0
567,18.913613,1,0.167268,-0.540806,1.692000,0.9996,0,-0.161857,-0.509771,1.758000,0.9995,0,0.391478,-0.459705,1.651000,0.9447,0,-0.393078,-0.399408,1.744000,0.9359,0,0.610252,-0.448363,1.564000,0.9178,0,-0.601913,-0.320712,1.678000,0.9675,0,0.154375,0.016489,1.673000,0.9989,0,-0.065276,0.034131,1.729000,0.9991,0
568,18.946971,1,0.167268,-0.540806,1.692000,0.9996,0,-0.161397,-0.508321,1.753000,0.9995,0,0.395746,-0.464717,1.669000,0.9434,0,-0.387970,-0.391404,1.734000,0.9348,0,0.604400,-0.444063,1.549000,0.9177,0,-0.592724,-0.314537,1.660000,0.9685,0,0.155206,0.016577,1.682000,0.9989,0,-0.065465,0.034229,1.734000,0.9991,0
569,18.980328,1,0.167268,-0.540806,1.692000,0.9996,0,-0.162318,-0.511221,1.763000,0.9995,0,0.389938,-0.461097,1.656000,0.9429,0,-0.387970,-0.391404,1.734000,0.9335,0,0.613895,-0.452950,1.580000,0.9177,0,-0.588570,-0.313779,1.656000,0.9679,0,0.153545,0.016400,1.664000,0.9989,0,-0.066182,0.034605,1.753000,0.9991,0
570,19.013686,1,0.167268,-0.540806,1.692000,0.9996,0,-0.162318,-0.508316,1.763000,0.9995,0,0.386877,-0.457477,1.643000,0.9425,0,-0.388226,-0.394564,1.748000,0.9321,0,0.607678,-0.448363,1.564000,0.9172,0,-0.597811,-0.315935,1.682000,0.9675,0,0.151622,0.016489,1.673000,0.9989,0,-0.066748,0.034901,1.768000,0.9991,0
571,19.047043,1,0.167664,-0.542085,1.696000,0.9996,0,-0.162318,-0.508316,1.763000,0.9995,0,0.389938,-0.461097,1.656000,0.9417,0,-0.387337,-0.393661,1.744000,0.9312,0,0.606124,-0.447217,1.560000,0.9153,0,-0.594613,-0.314244,1.673000,0.9669,0,0.152075,0.016538,1.678000,0.9989,0,-0.065653,0.034328,1.739000,0.9991,0
572,19.080401,1,0.166774,-0.539208,1.687000,0.9996,0,-0.161857,-0.506875,1.758000,0.9995,0,0.387213,-0.461097,1.656000,0.9428,0,-0.388226,-0.394564,1.748000,0.9320,0,0.607678,-0.448363,1.564000,0.9172,0,-0.593628,-0.312419,1.678000,0.9672,0,0.151259,0.016449,1.669000,0.9989,0,-0.065993,0.034506,1.748000,0.9991,0
573,19.113758,1,0.166774,-0.539208,1.687000,0.9996,0,-0.161857,-0.506875,1.758000,0.9995,0,0.390252,-0.464717,1.669000,0.9440,0,-0.386227,-0.392533,1.739000,0.9337,0,0.600296,-0.442916,1.545000,0.9194,0,-0.584528,-0.309068,1.660000,0.9682,0,0.150444,0.016361,1.660000,0.9989,0,-0.065276,0.034131,1.729000,0.9991,0
574,19.147115,1,0.167268,-0.538019,1.692000,0.9996,0,-0.161857,-0.506875,1.758000,0.9995,0,0.386043,-0.459705,1.651000,0.9432,0,-0.386227,-0.392533,1.739000,0.9321,0,0.600296,-0.442916,1.545000,0.9190,0,-0.591859,-0.311488,1.673000,0.9671,0,0.151259,0.016449,1.669000,0.9989,0,-0.066371,0.034703,1.758000,0.9991,0
575,19.180473,1,0.168158,-0.540881,1.701000,0.9996,0,-0.158964,-0.506875,1.758000,0.9995,0,0.389083,-0.463325,1.664000,0.9435,0,-0.389336,-0.395693,1.753000,0.9324,0,0.603404,-0.445210,1.553000,0.9194,0,-0.588675,-0.309813,1.664000,0.9672,0,0.154159,0.016765,1.701000,0.9989,0,-0.066182,0.034605,1.753000,0.9991,0
576,19.213831,1,0.166774,-0.536429,1.687000,0.9996,0,-0.159416,-0.508316,1.763000,0.9995,0,0.391822,-0.463325,1.664000,0.9427,0,-0.386227,-0.392533,1.739000,0.9322,0,0.606124,-0.447217,1.560000,0.9186,0,-0.591859,-0.311488,1.673000,0.9671,0,0.150806,0.016400,1.664000,0.9989,0,-0.065993,0.034506,1.748000,0.9991,0
577,19.247188,1,0.166280,-0.534839,1.682000,0.9996,0,-0.158964,-0.506875,1.758000,0.9995,0,0.390880,-0.462211,1.660000,0.9437,0,-0.388226,-0.391685,1.748000,0.9316,0,0.606124,-0.447217,1.560000,0.9201,0,-0.589105,-0.311488,1.673000,0.9663,0,0.150806,0.016400,1.664000,0.9989,0,-0.066371,0.034703,1.758000,0.9991,0
578,19.280545,1,0.168553,-0.542152,1.705000,0.9996,0,-0.158964,-0.506875,1.758000,0.9995,0,0.390880,-0.462211,1.660000,0.9402,0,-0.386227,-0.389668,1.739000,0.9310,0,0.606124,-0.447217,1.560000,0.9133,0,-0.589105,-0.308732,1.673000,0.9670,0,0.151622,0.016489,1.673000,0.9989,0,-0.065993,0.034506,1.748000,0.9991,0
579,19.313903,1,0.165884,-0.533567,1.678000,0.9996,0,-0.159416,-0.508316,1.763000,0.9995,0,0.388761,-0.459705,1.651000,0.9392,0,-0.386227,-0.389668,1.739000,0.9316,0,0.602839,-0.442916,1.545000,0.9124,0,-0.585936,-0.307071,1.664000,0.9679,0,0.152075,0.016538,1.678000,0.9989,0,-0.065653,0.034328,1.739000,0.9991,0
580,19.347260,1,0.166280,-0.534839,1.682000,0.9996,0,-0.158964,-0.506875,1.758000,0.9995,0,0.391822,-0.463325,1.664000,0.9381,0,-0.390447,-0.393925,1.758000,0.9317,0,0.607521,-0.446356,1.557000,0.9090,0,-0.590866,-0.309655,1.678000,0.9679,0,0.151259,0.016449,1.669000,0.9989,0,-0.065653,0.034328,1.739000,0.9991,0
581,19.380618,1,0.168553,-0.542152,1.705000,0.9996,0,-0.162318,-0.508316,1.763000,0.9995,0,0.390880,-0.462211,1.660000,0.9363,0,-0.387337,-0.387915,1.744000,0.9291,0,0.608692,-0.447217,1.560000,0.9065,0,-0.590866,-0.306891,1.678000,0.9672,0,0.151259,0.016449,1.669000,0.9988,0,-0.065993,0.034506,1.748000,0.9991,0
582,19.413975,1,0.167664,-0.539291,1.696000,0.9996,0,-0.158512,-0.505433,1.753000,0.9995,0,0.389938,-0.461097,1.656000,0.9377,0,-0.388226,-0.391685,1.748000,0.9303,0,0.611813,-0.449510,1.568000,0.9096,0,-0.585936,-0.304330,1.664000,0.9686,0,0.153344,0.016676,1.692000,0.9988,0,-0.066182,0.034605,1.753000,0.9990,0
583,19.447333,1,0.168158,-0.540881,1.701000,0.9996,0,-0.159416,-0.508316,1.763000,0.9995,0,0.397238,-0.469729,1.687000,0.9369,0,-0.386227,-0.389668,1.739000,0.9301,0,0.610252,-0.450940,1.564000,0.9083,0,-0.587697,-0.305245,1.669000,0.9685,0,0.150806,0.016400,1.664000,0.9989,0,-0.065276,0.034131,1.729000,0.9991,0
584,19.480690,1,0.167664,-0.539291,1.696000,0.9996,0,-0.159416,-0.508316,1.763000,0.9995,0,0.391822,-0.463325,1.664000,0.9371,0,-0.387337,-0.390788,1.744000,0.9306,0,0.610252,-0.450940,1.564000,0.9077,0,-0.587697,-0.305245,1.669000,0.9688,0,0.152075,0.019302,1.678000,0.9989,0,-0.065842,0.034427,1.744000,0.9991,0
585,19.514047,1,0.169542,-0.545332,1.715000,0.9996,0,-0.158964,-0.506875,1.758000,0.9995,0,0.389938,-0.461097,1.656000,0.9384,0,-0.389336,-0.392805,1.753000,0.9308,0,0.604400,-0.446615,1.549000,0.9108,0,-0.589105,-0.305976,1.673000,0.9689,0,0.151622,0.019245,1.673000,0.9989,0,-0.065993,0.034506,1.748000,0.9991,0
586,19.547405,1,0.166774,-0.536429,1.687000,0.9996,0,-0.159416,-0.508316,1.763000,0.9995,0,0.387819,-0.458591,1.647000,0.9392,0,-0.382262,-0.388548,1.734000,0.9316,0,0.608692,-0.449786,1.560000,0.9118,0,-0.590866,-0.309655,1.678000,0.9690,0,0.152437,0.019348,1.682000,0.9989,0,-0.065653,0.034328,1.739000,0.9991,0
587,19.580762,1,0.169048,-0.543742,1.710000,0.9996,0,-0.158964,-0.506875,1.758000,0.9995,0,0.390880,-0.462211,1.660000,0.9394,0,-0.385349,-0.391685,1.748000,0.9307,0,0.611813,-0.452093,1.568000,0.9136,0,-0.590866,-0.309655,1.678000,0.9687,0,0.152890,0.016627,1.687000,0.9989,0,-0.065842,0.034427,1.744000,0.9991,0
588,19.614119,1,0.167268,-0.538019,1.692000,0.9996,0,-0.159868,-0.509758,1.768000,0.9995,0,0.393941,-0.465831,1.673000,0.9391,0,-0.383364,-0.389668,1.739000,0.9316,0,0.611813,-0.449510,1.568000,0.9124,0,-0.588104,-0.309655,1.678000,0.9690,0,0.151622,0.016489,1.673000,0.9989,0,-0.065653,0.034328,1.739000,0.9991,0
589,19.647476,1,0.167664,-0.539291,1.696000,0.9996,0,-0.159416,-0.508316,1.763000,0.9995,0,0.390880,-0.462211,1.660000,0.9370,0,-0.385349,-0.391685,1.748000,0.9329,0,0.613374,-0.450657,1.572000,0.9073,0,-0.588104,-0.306891,1.678000,0.9702,0,0.153344,0.016676,1.692000,0.9989,0,-0.065653,0.034328,1.739000,0.9991,0
590,19.680834,1,0.165884,-0.533567,1.678000,0.9996,0,-0.158964,-0.506875,1.758000,0.9995,0,0.391822,-0.463325,1.664000,0.9341,0,-0.385349,-0.391685,1.748000,0.9326,0,0.613374,-0.450657,1.572000,0.9031,0,-0.584528,-0.303599,1.660000,0.9708,0,0.153344,0.016676,1.692000,0.9989,0,-0.065842,0.034427,1.744000,0.9991,0
591,19.714191,1,0.167268,-0.538019,1.692000,0.9996,0,-0.159868,-0.509758,1.768000,0.9995,0,0.395119,-0.467223,1.678000,0.9344,0,-0.382262,-0.388548,1.734000,0.9316,0,0.610252,-0.445787,1.564000,0.9044,0,-0.583119,-0.302867,1.656000,0.9700,0,0.152437,0.016577,1.682000,0.9989,0,-0.065993,0.034506,1.748000,0.9991,0
592,19.747548,1,0.164994,-0.530705,1.669000,0.9996,0,-0.158964,-0.506875,1.758000,0.9995,0,0.391822,-0.463325,1.664000,0.9354,0,-0.384467,-0.390788,1.744000,0.9326,0,0.613374,-0.448067,1.572000,0.9061,0,-0.589105,-0.305976,1.673000,0.9704,0,0.153706,0.016715,1.696000,0.9989,0,-0.065993,0.034506,1.748000,0.9991,0
593,19.780906,1,0.169048,-0.543742,1.710000,0.9996,0,-0.158964,-0.506875,1.758000,0.9995,0,0.390880,-0.462211,1.660000,0.9343,0,-0.382262,-0.388548,1.734000,0.9307,0,0.610252,-0.445787,1.564000,0.9052,0,-0.585936,-0.304330,1.664000,0.9697,0,0.156129,0.016676,1.692000,0.9989,0,-0.066182,0.034605,1.753000,0.9991,0
594,19.814263,1,0.167664,-0.539291,1.696000,0.9996,0,-0.158964,-0.506875,1.758000,0.9995,0,0.393941,-0.465831,1.673000,0.9370,0,-0.383364,-0.389668,1.739000,0.9330,0,0.616495,-0.450347,1.580000,0.9096,0,-0.589105,-0.305976,1.673000,0.9703,0,0.154375,0.016489,1.673000,0.9989,0,-0.062430,0.034131,1.729000,0.9991,0
595,19.847620,1,0.166774,-0.536429,1.687000,0.9996,0,-0.158964,-0.506875,1.758000,0.9995,0,0.396695,-0.465831,1.673000,0.9372,0,-0.385349,-0.391685,1.748000,0.9344,0,0.614935,-0.449207,1.576000,0.9072,0,-0.594035,-0.311316,1.687000,0.9707,0,0.154375,0.016489,1.673000,0.9989,0,-0.062611,0.034229,1.734000,0.9991,0
596,19.880978,1,0.167268,-0.538019,1.692000,0.9996,0,-0.158964,-0.506875,1.758000,0.9995,0,0.393612,-0.462211,1.660000,0.9381,0,-0.386451,-0.392805,1.753000,0.9342,0,0.613374,-0.450657,1.572000,0.9095,0,-0.592274,-0.307622,1.682000,0.9706,0,0.154375,0.016489,1.673000,0.9989,0,-0.063658,0.034802,1.763000,0.9991,0
597,19.914335,1,0.168553,-0.542152,1.705000,0.9996,0,-0.159416,-0.505412,1.763000,0.9995,0,0.394561,-0.463325,1.664000,0.9383,0,-0.380058,-0.386307,1.724000,0.9349,0,0.607521,-0.446356,1.557000,0.9087,0,-0.592274,-0.307622,1.682000,0.9712,0,0.154837,0.016538,1.678000,0.9989,0,-0.062791,0.034328,1.739000,0.9991,0
598,19.947692,1,0.165884,-0.533567,1.678000,0.9996,0,-0.158964,-0.503979,1.758000,0.9995,0,0.393612,-0.462211,1.660000,0.9374,0,-0.387553,-0.391029,1.758000,0.9336,0,0.605960,-0.445210,1.553000,0.9078,0,-0.592274,-0.307622,1.682000,0.9708,0,0.153545,0.016400,1.664000,0.9989,0,-0.062972,0.034427,1.744000,0.9991,0
599,19.981050,1,0.167664,-0.539291,1.696000,0.9996,0,-0.159416,-0.505412,1.763000,0.9995,0,0.388761,-0.459705,1.651000,0.9366,0,-0.383364,-0.386803,1.739000,0.9332,0,0.613374,-0.450657,1.572000,0.9074,0,-0.589105,-0.305976,1.673000,0.9707,0,0.155667,0.016627,1.687000,0.9989,0,-0.063297,0.034605,1.753000,0.9991,0
600,20.014407,1,0.169542,-0.545332,1.715000,0.9996,0,-0.159868,-0.506845,1.768000,0.9995,0,0.391822,-0.463325,1.664000,0.9377,0,-0.385349,-0.388805,1.748000,0.9341,0,0.611813,-0.449510,1.568000,0.9083,0,-0.586352,-0.303220,1.673000,0.9713,0,0.153176,0.016361,1.660000,0.9988,0,-0.062972,0.034427,1.744000,0.9991,0
601,20.047764,1,0.166280,-0.534839,1.682000,0.9996,0,-0.158964,-0.503979,1.758000,0.9995,0,0.391822,-0.463325,1.664000,0.9377,0,-0.384467,-0.387915,1.744000,0.9331,0,0.605960,-0.445210,1.553000,0.9100,0,-0.583197,-0.301589,1.664000,0.9711,0,0.154006,0.016449,1.669000,0.9989,0,-0.062791,0.034328,1.739000,0.9991,0
602,20.081122,1,0.168553,-0.542152,1.705000,0.9996,0,-0.158512,-0.502545,1.753000,0.9995,0,0.391822,-0.463325,1.664000,0.9376,0,-0.385349,-0.388805,1.748000,0.9340,0,0.611813,-0.449510,1.568000,0.9086,0,-0.588104,-0.304126,1.678000,0.9718,0,0.154006,0.016449,1.669000,0.9989,0,-0.063297,0.034605,1.753000,0.9991,0
603,20.114479,1,0.166280,-0.534839,1.682000,0.9996,0,-0.159416,-0.505412,1.763000,0.9995,0,0.395119,-0.467223,1.678000,0.9359,0,-0.384467,-0.385042,1.744000,0.9333,0,0.614935,-0.451803,1.576000,0.9049,0,-0.588104,-0.304126,1.678000,0.9717,0,0.155206,0.016577,1.682000,0.9989,0,-0.062430,0.031282,1.729000,0.9991,0
604,20.147836,1,0.166774,-0.536429,1.687000,0.9996,0,-0.158964,-0.503979,1.758000,0.9995,0,0.387447,-0.454971,1.634000,0.9331,0,-0.385349,-0.385925,1.748000,0.9331,0,0.608692,-0.447217,1.560000,0.8985,0,-0.584950,-0.302495,1.669000,0.9716,0,0.155206,0.019348,1.682000,0.9988,0,-0.065465,0.034229,1.734000,0.9991,0
605,20.181194,1,0.165884,-0.533567,1.678000,0.9996,0,-0.158964,-0.503979,1.758000,0.9995,0,0.394561,-0.463325,1.664000,0.9322,0,-0.383364,-0.383938,1.739000,0.9316,0,0.614394,-0.449510,1.568000,0.8970,0,-0.591258,-0.305757,1.687000,0.9708,0,0.151259,0.019199,1.669000,0.9989,0,-0.065842,0.034427,1.744000,0.9991,0
606,20.214551,1,0.165884,-0.533567,1.678000,0.9996,0,-0.158964,-0.503979,1.758000,0.9995,0,0.394561,-0.463325,1.664000,0.9325,0,-0.384467,-0.385042,1.744000,0.9298,0,0.615961,-0.450657,1.572000,0.8986,0,-0.586352,-0.300464,1.673000,0.9701,0,0.151622,0.019245,1.673000,0.9989,0,-0.065653,0.034328,1.739000,0.9991,0
607,20.247908,1,0.167268,-0.538019,1.692000,0.9996,0,-0.158964,-0.503979,1.758000,0.9995,0,0.387819,-0.458591,1.647000,0.9331,0,-0.387553,-0.388133,1.758000,0.9308,0,0.614394,-0.449510,1.568000,0.8994,0,-0.591258,-0.302978,1.687000,0.9705,0,0.151622,0.019245,1.673000,0.9989,0,-0.062972,0.034427,1.744000,0.9991,0
608,20.281266,1,0.168158,-0.540881,1.701000,0.9996,0,-0.159416,-0.505412,1.763000,0.9995,0,0.389581,-0.457477,1.643000,0.9357,0,-0.383364,-0.383938,1.739000,0.9326,0,0.610084,-0.446356,1.557000,0.9038,0,-0.588104,-0.301362,1.678000,0.9711,0,0.154375,0.019245,1.673000,0.9989,0,-0.062972,0.034427,1.744000,0.9991,0
609,20.314623,1,0.167268,-0.538019,1.692000,0.9996,0,-0.159416,-0.505412,1.763000,0.9995,0,0.395746,-0.464717,1.669000,0.9375,0,-0.388655,-0.389237,1.763000,0.9336,0,0.610084,-0.446356,1.557000,0.9060,0,-0.588104,-0.301362,1.678000,0.9708,0,0.154006,0.019199,1.669000,0.9989,0,-0.062611,0.034229,1.734000,0.9991,0
610,20.347980,1,0.168553,-0.542152,1.705000,0.9996,0,-0.158964,-0.503979,1.758000,0.9995,0,0.392664,-0.461097,1.656000,0.9372,0,-0.382262,-0.382834,1.734000,0.9348,0,0.612827,-0.448363,1.564000,0.9054,0,-0.586738,-0.302080,1.682000,0.9719,0,0.154375,0.016489,1.673000,0.9989,0,-0.065653,0.034328,1.739000,0.9991,0
611,20.381338,1,0.167664,-0.539291,1.696000,0.9996,0,-0.159416,-0.505412,1.763000,0.9995,0,0.392664,-0.461097,1.656000,0.9353,0,-0.387553,-0.385237,1.758000,0.9354,0,0.611259,-0.447217,1.560000,0.9019,0,-0.583598,-0.300464,1.673000,0.9723,0,0.154375,0.016489,1.673000,0.9989,0,-0.065993,0.034506,1.748000,0.9991,0
612,20.414695,1,0.164994,-0.530705,1.669000,0.9996,0,-0.159868,-0.506845,1.768000,0.9995,0,0.394561,-0.463325,1.664000,0.9338,0,-0.383364,-0.381073,1.739000,0.9341,0,0.613374,-0.450657,1.572000,0.8987,0,-0.582203,-0.299746,1.669000,0.9717,0,0.154375,0.019245,1.673000,0.9989,0,-0.066182,0.034605,1.753000,0.9991,0
613,20.448052,1,0.168553,-0.542152,1.705000,0.9996,0,-0.159868,-0.506845,1.768000,0.9995,0,0.392664,-0.461097,1.656000,0.9335,0,-0.385349,-0.383046,1.748000,0.9333,0,0.611259,-0.447217,1.560000,0.8988,0,-0.583598,-0.300464,1.673000,0.9716,0,0.153545,0.016400,1.664000,0.9989,0,-0.066182,0.034605,1.753000,0.9991,0
614,20.481410,1,0.165884,-0.533567,1.678000,0.9996,0,-0.158964,-0.503979,1.758000,0.9995,0,0.388761,-0.459705,1.651000,0.9341,0,-0.386451,-0.384141,1.753000,0.9336,0,0.611813,-0.449510,1.568000,0.8994,0,-0.585342,-0.301362,1.678000,0.9716,0,0.155667,0.016627,1.687000,0.9989,0,-0.066371,0.034703,1.758000,0.9991,0
615,20.514767,1,0.170036,-0.546922,1.720000,0.9996,0,-0.160320,-0.508279,1.773000,0.9995,0,0.390880,-0.462211,1.660000,0.9358,0,-0.380502,-0.381073,1.739000,0.9335,0,0.613374,-0.450657,1.572000,0.9038,0,-0.577720,-0.298848,1.664000,0.9723,0,0.153545,0.016400,1.664000,0.9989,0,-0.065842,0.034427,1.744000,0.9991,0
616,20.548125,1,0.166280,-0.534839,1.682000,0.9996,0,-0.158964,-0.501082,1.758000,0.9995,0,0.391822,-0.463325,1.664000,0.9352,0,-0.386848,-0.387428,1.768000,0.9340,0,0.611813,-0.452093,1.568000,0.9026,0,-0.577720,-0.296106,1.664000,0.9728,0,0.154837,0.019302,1.678000,0.9988,0,-0.065842,0.034427,1.744000,0.9991,0
617,20.581482,1,0.167268,-0.538019,1.692000,0.9996,0,-0.159416,-0.502508,1.763000,0.9995,0,0.393941,-0.465831,1.673000,0.9369,0,-0.384660,-0.385237,1.758000,0.9343,0,0.613374,-0.453246,1.572000,0.9056,0,-0.579456,-0.296996,1.669000,0.9721,0,0.154837,0.019302,1.678000,0.9989,0,-0.066371,0.034703,1.758000,0.9991,0
618,20.614839,1,0.169542,-0.545332,1.715000,0.9996,0,-0.158964,-0.501082,1.758000,0.9995,0,0.393612,-0.462211,1.660000,0.9392,0,-0.381596,-0.382169,1.744000,0.9355,0,0.615961,-0.453246,1.572000,0.9094,0,-0.583969,-0.299309,1.682000,0.9722,0,0.153545,0.019141,1.664000,0.9989,0,-0.063116,0.037386,1.748000,0.9991,0
619,20.648197,1,0.167664,-0.539291,1.696000,0.9996,0,-0.159416,-0.502508,1.763000,0.9995,0,0.390530,-0.458591,1.647000,0.9410,0,-0.382471,-0.383046,1.748000,0.9374,0,0.612827,-0.450940,1.564000,0.9119,0,-0.582580,-0.298598,1.678000,0.9727,0,0.154375,0.019245,1.673000,0.9989,0,-0.063116,0.037386,1.748000,0.9991,0
620,20.681554,1,0.169048,-0.543742,1.710000,0.9996,0,-0.159868,-0.503933,1.768000,0.9995,0,0.394561,-0.463325,1.664000,0.9406,0,-0.378314,-0.378882,1.729000,0.9369,0,0.612827,-0.450940,1.564000,0.9112,0,-0.582580,-0.298598,1.678000,0.9720,0,0.157129,0.019245,1.673000,0.9989,0,-0.062972,0.037300,1.744000,0.9991,0
621,20.714912,1,0.170036,-0.546922,1.720000,0.9996,0,-0.159416,-0.502508,1.763000,0.9995,0,0.392664,-0.461097,1.656000,0.9413,0,-0.381596,-0.382169,1.744000,0.9365,0,0.615961,-0.453246,1.572000,0.9127,0,-0.582580,-0.298598,1.678000,0.9719,0,0.157129,0.019245,1.673000,0.9990,0,-0.062791,0.037193,1.739000,0.9991,0
622,20.748269,1,0.168553,-0.542152,1.705000,0.9996,0,-0.159416,-0.502508,1.763000,0.9995,0,0.395746,-0.464717,1.669000,0.9431,0,-0.381596,-0.379296,1.744000,0.9378,0,0.615961,-0.450657,1.572000,0.9164,0,-0.579456,-0.294246,1.669000,0.9725,0,0.157599,0.019302,1.678000,0.9990,0,-0.063116,0.037386,1.748000,0.9992,0
623,20.781626,1,0.169048,-0.543742,1.710000,0.9996,0,-0.156070,-0.501082,1.758000,0.9995,0,0.392664,-0.461097,1.656000,0.9407,0,-0.383566,-0.381253,1.753000,0.9378,0,0.611259,-0.447217,1.560000,0.9114,0,-0.582580,-0.295833,1.678000,0.9730,0,0.156753,0.016449,1.669000,0.9990,0,-0.062972,0.034427,1.744000,0.9992,0
624,20.814984,1,0.166774,-0.533650,1.687000,0.9996,0,-0.156070,-0.501082,1.758000,0.9995,0,0.391478,-0.459705,1.651000,0.9390,0,-0.378726,-0.379296,1.744000,0.9345,0,0.612827,-0.448363,1.564000,0.9101,0,-0.578091,-0.294952,1.673000,0.9724,0,0.156129,0.016676,1.692000,0.9989,0,-0.063116,0.034506,1.748000,0.9991,0
625,20.848341,1,0.167664,-0.536497,1.696000,0.9996,0,-0.155626,-0.499657,1.753000,0.9995,0,0.395746,-0.464717,1.669000,0.9326,0,-0.377640,-0.378209,1.739000,0.9316,0,0.612827,-0.448363,1.564000,0.8963,0,-0.581201,-0.296538,1.682000,0.9708,0,0.156129,0.016676,1.692000,0.9989,0,-0.063477,0.034703,1.758000,0.9992,0
626,20.881699,1,0.168158,-0.538078,1.701000,0.9996,0,-0.156514,-0.502508,1.763000,0.9995,0,0.393612,-0.462211,1.660000,0.9327,0,-0.374778,-0.378209,1.739000,0.9308,0,0.612827,-0.448363,1.564000,0.8946,0,-0.581871,-0.298301,1.692000,0.9694,0,0.152437,0.016577,1.682000,0.9989,0,-0.062791,0.034328,1.739000,0.9991,0
627,20.915056,1,0.167268,-0.535231,1.692000,0.9995,0,-0.156070,-0.501082,1.758000,0.9995,0,0.395390,-0.461097,1.656000,0.9313,0,-0.377795,-0.381253,1.753000,0.9288,0,0.615401,-0.448363,1.564000,0.8920,0,-0.580152,-0.297420,1.687000,0.9681,0,0.150806,0.016400,1.664000,0.9989,0,-0.065993,0.034506,1.748000,0.9991,0
628,20.948414,1,0.167664,-0.536497,1.696000,0.9995,0,-0.157402,-0.505358,1.773000,0.9995,0,0.395390,-0.461097,1.656000,0.9275,0,-0.374778,-0.378209,1.739000,0.9266,0,0.613827,-0.447217,1.560000,0.8848,0,-0.583247,-0.299007,1.696000,0.9667,0,0.150806,0.016400,1.664000,0.9989,0,-0.065842,0.034427,1.744000,0.9991,0
629,20.981771,1,0.168553,-0.539344,1.705000,0.9995,0,-0.156514,-0.502508,1.763000,0.9995,0,0.394196,-0.459705,1.651000,0.9274,0,-0.375855,-0.379296,1.744000,0.9271,0,0.615401,-0.448363,1.564000,0.8845,0,-0.584966,-0.299888,1.701000,0.9672,0,0.154159,0.016765,1.701000,0.9989,0,-0.065842,0.034427,1.744000,0.9991,0
630,21.015128,1,0.169048,-0.540925,1.710000,0.9995,0,-0.156070,-0.501082,1.758000,0.9995,0,0.397300,-0.463325,1.664000,0.9281,0,-0.375855,-0.379296,1.744000,0.9271,0,0.617528,-0.451803,1.576000,0.8869,0,-0.583247,-0.299007,1.696000,0.9670,0,0.152075,0.016538,1.678000,0.9989,0,-0.065653,0.034328,1.739000,0.9991,0
631,21.048486,1,0.167268,-0.535231,1.692000,0.9995,0,-0.156514,-0.502508,1.763000,0.9995,0,0.393612,-0.462211,1.660000,0.9282,0,-0.375855,-0.379296,1.744000,0.9274,0,0.611259,-0.447217,1.560000,0.8869,0,-0.580152,-0.294641,1.687000,0.9671,0,0.151622,0.019245,1.673000,0.9989,0,-0.066182,0.034605,1.753000,0.9991,0
632,21.081843,1,0.167268,-0.535231,1.692000,0.9995,0,-0.156070,-0.501082,1.758000,0.9995,0,0.393612,-0.462211,1.660000,0.9298,0,-0.382105,-0.385603,1.773000,0.9282,0,0.613374,-0.450657,1.572000,0.8891,0,-0.580152,-0.294641,1.687000,0.9669,0,0.153344,0.016676,1.692000,0.9989,0,-0.066371,0.034703,1.758000,0.9991,0
633,21.115201,1,0.168553,-0.539344,1.705000,0.9995,0,-0.156958,-0.503933,1.768000,0.9995,0,0.393612,-0.462211,1.660000,0.9299,0,-0.379594,-0.380166,1.748000,0.9288,0,0.616495,-0.452950,1.580000,0.8886,0,-0.578432,-0.293767,1.682000,0.9671,0,0.153706,0.016715,1.696000,0.9989,0,-0.065993,0.034506,1.748000,0.9991,0
634,21.148558,1,0.167664,-0.536497,1.696000,0.9995,0,-0.156958,-0.503933,1.768000,0.9995,0,0.393612,-0.462211,1.660000,0.9289,0,-0.385023,-0.385603,1.773000,0.9286,0,0.613374,-0.450657,1.572000,0.8875,0,-0.581871,-0.295514,1.692000,0.9675,0,0.152075,0.016538,1.678000,0.9989,0,-0.066182,0.034605,1.753000,0.9991,0
635,21.181916,1,0.166774,-0.533650,1.687000,0.9995,0,-0.156070,-0.501082,1.758000,0.9995,0,0.393612,-0.462211,1.660000,0.9285,0,-0.379594,-0.380166,1.748000,0.9281,0,0.614935,-0.451803,1.576000,0.8872,0,-0.577057,-0.293069,1.678000,0.9675,0,0.151259,0.016449,1.669000,0.9989,0,-0.063477,0.034703,1.758000,0.9991,0
636,21.215273,1,0.168553,-0.539344,1.705000,0.9995,0,-0.156958,-0.503933,1.768000,0.9995,0,0.393612,-0.462211,1.660000,0.9287,0,-0.385023,-0.385603,1.773000,0.9282,0,0.610252,-0.448363,1.564000,0.8872,0,-0.580152,-0.294641,1.687000,0.9673,0,0.151259,0.016449,1.669000,0.9989,0,-0.063297,0.034605,1.753000,0.9991,0
637,21.248630,1,0.167664,-0.539291,1.696000,0.9995,0,-0.156958,-0.503933,1.768000,0.9995,0,0.388396,-0.456085,1.638000,0.9285,0,-0.380680,-0.381253,1.753000,0.9290,0,0.607521,-0.446356,1.557000,0.8872,0,-0.578432,-0.293767,1.682000,0.9682,0,0.151622,0.016489,1.673000,0.9989,0,-0.062972,0.034427,1.744000,0.9991,0
638,21.281988,1,0.165884,-0.533567,1.678000,0.9995,0,-0.156070,-0.501082,1.758000,0.9995,0,0.395746,-0.464717,1.669000,0.9298,0,-0.376554,-0.377121,1.734000,0.9301,0,0.610252,-0.448363,1.564000,0.8897,0,-0.581871,-0.295514,1.692000,0.9687,0,0.151622,0.016489,1.673000,0.9989,0,-0.063116,0.034506,1.748000,0.9991,0
639,21.315345,1,0.167664,-0.536497,1.696000,0.9996,0,-0.156958,-0.503933,1.768000,0.9995,0,0.389938,-0.461097,1.656000,0.9321,0,-0.380680,-0.381253,1.753000,0.9313,0,0.611813,-0.449510,1.568000,0.8933,0,-0.575337,-0.292196,1.673000,0.9688,0,0.154159,0.016765,1.701000,0.9989,0,-0.063658,0.034802,1.763000,0.9991,0
640,21.348703,1,0.168158,-0.540881,1.701000,0.9996,0,-0.156514,-0.502508,1.763000,0.9995,0,0.387819,-0.458591,1.647000,0.9321,0,-0.376554,-0.377121,1.734000,0.9323,0,0.610252,-0.448363,1.564000,0.8933,0,-0.577057,-0.293069,1.678000,0.9688,0,0.154837,0.016538,1.678000,0.9989,0,-0.063116,0.034506,1.748000,0.9991,0
641,21.382060,1,0.168553,-0.542152,1.705000,0.9995,0,-0.160320,-0.505358,1.773000,0.9995,0,0.390880,-0.462211,1.660000,0.9309,0,-0.377640,-0.375344,1.739000,0.9310,0,0.611813,-0.449510,1.568000,0.8903,0,-0.575337,-0.292196,1.673000,0.9681,0,0.155206,0.016577,1.682000,0.9989,0,-0.063477,0.034703,1.758000,0.9991,0
642,21.415417,1,0.166280,-0.534839,1.682000,0.9995,0,-0.159868,-0.503933,1.768000,0.9995,0,0.388761,-0.459705,1.651000,0.9310,0,-0.378726,-0.376423,1.744000,0.9316,0,0.605960,-0.445210,1.553000,0.8894,0,-0.577057,-0.293069,1.678000,0.9680,0,0.156959,0.016765,1.701000,0.9989,0,-0.063477,0.034703,1.758000,0.9991,0
643,21.448775,1,0.165884,-0.533567,1.678000,0.9995,0,-0.159416,-0.502508,1.763000,0.9995,0,0.390880,-0.462211,1.660000,0.9317,0,-0.380680,-0.381253,1.753000,0.9326,0,0.616495,-0.452950,1.580000,0.8909,0,-0.580152,-0.294641,1.687000,0.9684,0,0.155206,0.016577,1.682000,0.9989,0,-0.063658,0.034802,1.763000,0.9991,0
644,21.482132,1,0.164105,-0.527843,1.660000,0.9996,0,-0.159868,-0.503933,1.768000,0.9995,0,0.390880,-0.462211,1.660000,0.9323,0,-0.376554,-0.377121,1.734000,0.9322,0,0.607521,-0.446356,1.557000,0.8926,0,-0.580152,-0.294641,1.687000,0.9683,0,0.154375,0.016489,1.673000,0.9989,0,-0.063297,0.034605,1.753000,0.9991,0
645,21.515490,1,0.164994,-0.530705,1.669000,0.9996,0,-0.159416,-0.499603,1.763000,0.9995,0,0.387819,-0.458591,1.647000,0.9327,0,-0.380680,-0.378365,1.753000,0.9328,0,0.608692,-0.447217,1.560000,0.8913,0,-0.578432,-0.293767,1.682000,0.9683,0,0.154006,0.016449,1.669000,0.9989,0,-0.063297,0.037492,1.753000,0.9992,0
646,21.548847,1,0.168158,-0.540881,1.701000,0.9996,0,-0.159868,-0.501020,1.768000,0.9995,0,0.388761,-0.459705,1.651000,0.9339,0,-0.377640,-0.375344,1.739000,0.9333,0,0.613374,-0.450657,1.572000,0.8925,0,-0.577057,-0.293069,1.678000,0.9678,0,0.155667,0.019406,1.687000,0.9990,0,-0.063477,0.037599,1.758000,0.9992,0
647,21.582205,1,0.165390,-0.531977,1.673000,0.9996,0,-0.158964,-0.498186,1.758000,0.9995,0,0.388761,-0.459705,1.651000,0.9350,0,-0.380680,-0.378365,1.753000,0.9347,0,0.613374,-0.450657,1.572000,0.8947,0,-0.578432,-0.293767,1.682000,0.9686,0,0.156498,0.016715,1.696000,0.9990,0,-0.063477,0.037599,1.758000,0.9992,0
648,21.615562,1,0.168553,-0.542152,1.705000,0.9995,0,-0.159868,-0.501020,1.768000,0.9995,0,0.393612,-0.462211,1.660000,0.9323,0,-0.378726,-0.376423,1.744000,0.9340,0,0.614935,-0.451803,1.576000,0.8848,0,-0.578432,-0.290997,1.682000,0.9684,0,0.155667,0.016627,1.687000,0.9990,0,-0.066182,0.037492,1.753000,0.9992,0
649,21.648920,1,0.165884,-0.533567,1.678000,0.9995,0,-0.158964,-0.498186,1.758000,0.9995,0,0.393612,-0.462211,1.660000,0.9314,0,-0.373700,-0.374265,1.734000,0.9347,0,0.611259,-0.447217,1.560000,0.8847,0,-0.574295,-0.290305,1.678000,0.9689,0,0.155667,0.016627,1.687000,0.9990,0,-0.065993,0.037386,1.748000,0.9992,0
650,21.682277,1,0.167268,-0.538019,1.692000,0.9995,0,-0.158964,-0.498186,1.758000,0.9995,0,0.393612,-0.462211,1.660000,0.9328,0,-0.376717,-0.377286,1.748000,0.9347,0,0.615961,-0.453246,1.572000,0.8877,0,-0.577375,-0.291862,1.687000,0.9685,0,0.154837,0.016538,1.678000,0.9990,0,-0.063297,0.037492,1.753000,0.9992,0
651,21.715635,1,0.167664,-0.539291,1.696000,0.9995,0,-0.158964,-0.498186,1.758000,0.9995,0,0.396695,-0.465831,1.673000,0.9329,0,-0.373700,-0.374265,1.734000,0.9349,0,0.608516,-0.447768,1.553000,0.8870,0,-0.571214,-0.288747,1.669000,0.9687,0,0.157789,0.019670,1.710000,0.9990,0,-0.066371,0.037599,1.758000,0.9992,0
652,21.748992,1,0.167268,-0.538019,1.692000,0.9995,0,-0.159416,-0.499603,1.763000,0.9995,0,0.393612,-0.462211,1.660000,0.9324,0,-0.372623,-0.373185,1.729000,0.9366,0,0.613374,-0.453246,1.572000,0.8844,0,-0.575664,-0.290997,1.682000,0.9692,0,0.154375,0.019245,1.673000,0.9990,0,-0.063297,0.037492,1.753000,0.9992,0
653,21.782349,1,0.168158,-0.540881,1.701000,0.9995,0,-0.158964,-0.498186,1.758000,0.9995,0,0.396695,-0.465831,1.673000,0.9330,0,-0.378726,-0.373550,1.744000,0.9376,0,0.607521,-0.448922,1.557000,0.8847,0,-0.575664,-0.290997,1.682000,0.9692,0,0.156959,0.019567,1.701000,0.9990,0,-0.063658,0.037706,1.763000,0.9992,0
654,21.815707,1,0.166280,-0.534839,1.682000,0.9995,0,-0.158964,-0.498186,1.758000,0.9995,0,0.394561,-0.463325,1.664000,0.9337,0,-0.379594,-0.374407,1.748000,0.9383,0,0.614935,-0.454400,1.576000,0.8848,0,-0.574295,-0.287540,1.678000,0.9694,0,0.160134,0.019613,1.705000,0.9990,0,-0.063477,0.037599,1.758000,0.9992,0
655,21.849064,1,0.168553,-0.542152,1.705000,0.9995,0,-0.158964,-0.498186,1.758000,0.9995,0,0.391478,-0.459705,1.651000,0.9352,0,-0.376554,-0.371408,1.734000,0.9374,0,0.608692,-0.449786,1.560000,0.8883,0,-0.571214,-0.285998,1.669000,0.9687,0,0.158444,0.019406,1.687000,0.9990,0,-0.063297,0.037492,1.753000,0.9992,0
656,21.882422,1,0.164483,-0.538019,1.692000,0.9995,0,-0.159416,-0.499603,1.763000,0.9995,0,0.394561,-0.463325,1.664000,0.9341,0,-0.374778,-0.372479,1.739000,0.9362,0,0.611813,-0.452093,1.568000,0.8872,0,-0.572583,-0.286683,1.673000,0.9685,0,0.158913,0.016676,1.692000,0.9990,0,-0.063658,0.037706,1.763000,0.9992,0
657,21.915779,1,0.163511,-0.534839,1.682000,0.9995,0,-0.158964,-0.498186,1.758000,0.9995,0,0.396695,-0.465831,1.673000,0.9303,0,-0.377795,-0.375478,1.753000,0.9349,0,0.605960,-0.445210,1.553000,0.8785,0,-0.571214,-0.285998,1.669000,0.9691,0,0.156498,0.016715,1.696000,0.9990,0,-0.066182,0.034605,1.753000,0.9992,0
658,21.949136,1,0.164872,-0.539291,1.696000,0.9995,0,-0.158512,-0.496769,1.753000,0.9995,0,0.391822,-0.463325,1.664000,0.9304,0,-0.376717,-0.374407,1.748000,0.9354,0,0.614935,-0.451803,1.576000,0.8803,0,-0.572583,-0.286683,1.673000,0.9700,0,0.155206,0.016577,1.682000,0.9990,0,-0.066182,0.034605,1.753000,0.9992,0
659,21.982494,1,0.164483,-0.538019,1.692000,0.9995,0,-0.159416,-0.499603,1.763000,0.9995,0,0.391822,-0.463325,1.664000,0.9308,0,-0.373700,-0.371408,1.734000,0.9335,0,0.610252,-0.448363,1.564000,0.8824,0,-0.568134,-0.284456,1.660000,0.9692,0,0.154837,0.016538,1.678000,0.9990,0,-0.063658,0.034802,1.763000,0.9992,0
660,22.015851,1,0.163511,-0.534839,1.682000,0.9995,0,-0.159416,-0.499603,1.763000,0.9995,0,0.393941,-0.465831,1.673000,0.9284,0,-0.379594,-0.374407,1.748000,0.9336,0,0.614935,-0.451803,1.576000,0.8743,0,-0.572583,-0.286683,1.673000,0.9691,0,0.155667,0.016627,1.687000,0.9990,0,-0.065993,0.034506,1.748000,0.9992,0
661,22.049209,1,0.165747,-0.542152,1.705000,0.9995,0,-0.158964,-0.501082,1.758000,0.9995,0,0.395119,-0.467223,1.678000,0.9282,0,-0.375855,-0.373550,1.744000,0.9325,0,0.613374,-0.450657,1.572000,0.8751,0,-0.572583,-0.286683,1.673000,0.9694,0,0.154837,0.016538,1.678000,0.9990,0,-0.066182,0.034605,1.753000,0.9992,0
662,22.082566,1,0.164872,-0.539291,1.696000,0.9995,0,-0.158964,-0.501082,1.758000,0.9995,0,0.398829,-0.468336,1.682000,0.9274,0,-0.374778,-0.372479,1.739000,0.9335,0,0.613374,-0.450657,1.572000,0.8759,0,-0.575337,-0.286683,1.673000,0.9705,0,0.156129,0.019463,1.692000,0.9990,0,-0.066559,0.037706,1.763000,0.9992,0
663,22.115924,1,0.164872,-0.539291,1.696000,0.9995,0,-0.158964,-0.501082,1.758000,0.9995,0,0.394561,-0.463325,1.664000,0.9272,0,-0.375855,-0.370677,1.744000,0.9311,0,0.614935,-0.451803,1.576000,0.8776,0,-0.575664,-0.288226,1.682000,0.9680,0,0.156498,0.019509,1.696000,0.9990,0,-0.063116,0.037386,1.748000,0.9992,0
664,22.149281,1,0.164483,-0.538019,1.692000,0.9995,0,-0.159416,-0.502508,1.763000,0.9995,0,0.396695,-0.465831,1.673000,0.9263,0,-0.374910,-0.372590,1.753000,0.9306,0,0.611813,-0.449510,1.568000,0.8738,0,-0.577375,-0.286303,1.687000,0.9683,0,0.156129,0.016676,1.692000,0.9990,0,-0.063838,0.034901,1.768000,0.9992,0
665,22.182639,1,0.164483,-0.538019,1.692000,0.9995,0,-0.159868,-0.503933,1.768000,0.9995,0,0.396695,-0.465831,1.673000,0.9245,0,-0.371915,-0.369614,1.739000,0.9321,0,0.616495,-0.452950,1.580000,0.8717,0,-0.575664,-0.285455,1.682000,0.9698,0,0.154837,0.019302,1.678000,0.9990,0,-0.063838,0.037813,1.768000,0.9992,0
666,22.215996,1,0.164872,-0.542085,1.696000,0.9995,0,-0.159416,-0.502508,1.763000,0.9995,0,0.396695,-0.465831,1.673000,0.9262,0,-0.372985,-0.370677,1.744000,0.9320,0,0.604400,-0.446615,1.549000,0.8761,0,-0.579086,-0.284364,1.692000,0.9697,0,0.153545,0.019141,1.664000,0.9990,0,-0.063658,0.037706,1.763000,0.9992,0
667,22.249354,1,0.165747,-0.544961,1.705000,0.9995,0,-0.159416,-0.502508,1.763000,0.9995,0,0.397881,-0.467223,1.678000,0.9261,0,-0.373840,-0.368647,1.748000,0.9333,0,0.607521,-0.451487,1.557000,0.8751,0,-0.580455,-0.282243,1.696000,0.9708,0,0.154837,0.019302,1.678000,0.9990,0,-0.064019,0.037920,1.773000,0.9992,0
668,22.282711,1,0.164483,-0.540806,1.692000,0.9994,0,-0.158964,-0.501082,1.758000,0.9995,0,0.396695,-0.465831,1.673000,0.9226,0,-0.374910,-0.369702,1.753000,0.9328,0,0.614394,-0.454676,1.568000,0.8699,0,-0.575664,-0.277142,1.682000,0.9713,0,0.156129,0.019463,1.692000,0.9989,0,-0.063838,0.037813,1.768000,0.9992,0
669,22.316068,1,0.166719,-0.548157,1.715000,0.9994,0,-0.158964,-0.501082,1.758000,0.9995,0,0.396695,-0.465831,1.673000,0.9178,0,-0.372985,-0.364931,1.744000,0.9322,0,0.611813,-0.454676,1.568000,0.8609,0,-0.574295,-0.273718,1.678000,0.9717,0,0.157328,0.016804,1.705000,0.9989,0,-0.063297,0.034605,1.753000,0.9992,0
670,22.349426,1,0.165358,-0.540881,1.701000,0.9994,0,-0.158964,-0.501082,1.758000,0.9995,0,0.394561,-0.463325,1.664000,0.9180,0,-0.372985,-0.364931,1.744000,0.9345,0,0.613374,-0.455836,1.572000,0.8613,0,-0.569503,-0.268693,1.664000,0.9729,0,0.155206,0.019348,1.682000,0.9989,0,-0.063116,0.037386,1.748000,0.9992,0
671,22.382783,1,0.162636,-0.534733,1.673000,0.9994,0,-0.158964,-0.501082,1.758000,0.9995,0,0.395746,-0.467466,1.669000,0.9191,0,-0.370114,-0.364931,1.744000,0.9344,0,0.607521,-0.451487,1.557000,0.8649,0,-0.571533,-0.270954,1.678000,0.9726,0,0.155206,0.019348,1.682000,0.9989,0,-0.063297,0.037492,1.753000,0.9992,0
672,22.416141,1,0.165358,-0.543683,1.701000,0.9994,0,-0.158964,-0.501082,1.758000,0.9995,0,0.392664,-0.463825,1.656000,0.9169,0,-0.370114,-0.362058,1.744000,0.9339,0,0.614935,-0.456996,1.576000,0.8600,0,-0.565720,-0.266751,1.669000,0.9729,0,0.155206,0.016577,1.682000,0.9989,0,-0.063658,0.037706,1.763000,0.9992,0
673,22.449498,1,0.164483,-0.540806,1.692000,0.9994,0,-0.158964,-0.501082,1.758000,0.9995,0,0.394561,-0.463325,1.664000,0.9165,0,-0.372024,-0.363926,1.753000,0.9351,0,0.613374,-0.455836,1.572000,0.8595,0,-0.567076,-0.267391,1.673000,0.9741,0,0.155206,0.016577,1.682000,0.9989,0,-0.063477,0.037599,1.758000,0.9992,0
674,22.482856,1,0.163511,-0.534839,1.682000,0.9994,0,-0.159868,-0.503933,1.768000,0.9995,0,0.397881,-0.467223,1.678000,0.9158,0,-0.370963,-0.362888,1.748000,0.9371,0,0.605960,-0.450327,1.553000,0.8594,0,-0.567076,-0.267391,1.673000,0.9756,0,0.154375,0.019245,1.673000,0.9989,0,-0.063477,0.040496,1.758000,0.9992,0
675,22.516213,1,0.163997,-0.539208,1.687000,0.9994,0,-0.158964,-0.501082,1.758000,0.9995,0,0.393612,-0.464945,1.660000,0.9168,0,-0.366931,-0.358943,1.729000,0.9367,0,0.611813,-0.454676,1.568000,0.8634,0,-0.564026,-0.263211,1.664000,0.9752,0,0.155206,0.019348,1.682000,0.9989,0,-0.060584,0.040496,1.758000,0.9992,0
676,22.549571,1,0.165358,-0.543683,1.701000,0.9994,0,-0.158964,-0.501082,1.758000,0.9995,0,0.394561,-0.463325,1.664000,0.9151,0,-0.373085,-0.364964,1.758000,0.9364,0,0.611813,-0.454676,1.568000,0.8591,0,-0.567076,-0.264634,1.673000,0.9755,0,0.154837,0.016538,1.678000,0.9989,0,-0.063658,0.037706,1.763000,0.9992,0
677,22.582928,1,0.164872,-0.539291,1.696000,0.9994,0,-0.158964,-0.501082,1.758000,0.9995,0,0.396695,-0.465831,1.673000,0.9146,0,-0.373085,-0.362068,1.758000,0.9382,0,0.608692,-0.452356,1.560000,0.8594,0,-0.568771,-0.265425,1.678000,0.9767,0,0.155667,0.019406,1.687000,0.9989,0,-0.063116,0.040265,1.748000,0.9992,0
678,22.616286,1,0.163997,-0.536429,1.687000,0.9994,0,-0.158964,-0.501082,1.758000,0.9995,0,0.394561,-0.463325,1.664000,0.9164,0,-0.369053,-0.358155,1.739000,0.9384,0,0.611813,-0.454676,1.568000,0.8609,0,-0.562670,-0.262578,1.660000,0.9757,0,0.155667,0.016627,1.687000,0.9989,0,-0.063838,0.037813,1.768000,0.9992,0
679,22.649644,1,0.165358,-0.540881,1.701000,0.9994,0,-0.159416,-0.502508,1.763000,0.9995,0,0.394561,-0.463325,1.664000,0.9175,0,-0.373085,-0.362068,1.758000,0.9392,0,0.608692,-0.452356,1.560000,0.8630,0,-0.565720,-0.264002,1.669000,0.9767,0,0.156129,0.016676,1.692000,0.9989,0,-0.063658,0.037706,1.763000,0.9992,0
680,22.683001,1,0.166719,-0.545332,1.715000,0.9994,0,-0.158964,-0.498186,1.758000,0.9995,0,0.390880,-0.462211,1.660000,0.9159,0,-0.370114,-0.359184,1.744000,0.9397,0,0.608692,-0.452356,1.560000,0.8631,0,-0.567076,-0.264634,1.673000,0.9777,0,0.157789,0.016853,1.710000,0.9988,0,-0.063297,0.037492,1.753000,0.9992,0
681,22.716359,1,0.163997,-0.536429,1.687000,0.9994,0,-0.158964,-0.498186,1.758000,0.9995,0,0.388761,-0.459705,1.651000,0.9170,0,-0.367992,-0.357125,1.734000,0.9399,0,0.601278,-0.446847,1.541000,0.8648,0,-0.568771,-0.265425,1.678000,0.9776,0,0.155667,0.016627,1.687000,0.9988,0,-0.063838,0.034901,1.768000,0.9992,0
682,22.749716,1,0.166719,-0.548157,1.715000,0.9994,0,-0.158512,-0.499657,1.753000,0.9995,0,0.396060,-0.468336,1.682000,0.9182,0,-0.373085,-0.362068,1.758000,0.9402,0,0.607521,-0.451487,1.557000,0.8675,0,-0.567076,-0.264634,1.673000,0.9780,0,0.151622,0.016489,1.673000,0.9988,0,-0.063658,0.034802,1.763000,0.9992,0
683,22.783074,1,0.165747,-0.544961,1.705000,0.9994,0,-0.158964,-0.501082,1.758000,0.9995,0,0.387819,-0.461304,1.647000,0.9188,0,-0.372024,-0.361038,1.753000,0.9399,0,0.608692,-0.452356,1.560000,0.8695,0,-0.570127,-0.266058,1.682000,0.9783,0,0.153706,0.016715,1.696000,0.9988,0,-0.063116,0.034506,1.748000,0.9991,0
684,22.816431,1,0.164483,-0.540806,1.692000,0.9994,0,-0.158964,-0.498186,1.758000,0.9995,0,0.393941,-0.468587,1.673000,0.9165,0,-0.371915,-0.358155,1.739000,0.9383,0,0.610252,-0.456093,1.564000,0.8637,0,-0.568467,-0.266751,1.669000,0.9768,0,0.156129,0.016676,1.692000,0.9988,0,-0.064199,0.035098,1.778000,0.9991,0
685,22.849789,1,0.164872,-0.542085,1.696000,0.9994,0,-0.159868,-0.501020,1.768000,0.9995,0,0.393941,-0.468587,1.673000,0.9168,0,-0.374910,-0.363926,1.753000,0.9370,0,0.610252,-0.456093,1.564000,0.8643,0,-0.565402,-0.268048,1.660000,0.9767,0,0.156498,0.016715,1.696000,0.9988,0,-0.063658,0.034802,1.763000,0.9991,0
686,22.883146,1,0.163997,-0.536429,1.687000,0.9994,0,-0.158964,-0.501082,1.758000,0.9995,0,0.389938,-0.463825,1.656000,0.9176,0,-0.374910,-0.366814,1.753000,0.9377,0,0.613374,-0.458426,1.572000,0.8674,0,-0.574295,-0.282011,1.678000,0.9773,0,0.155206,0.019348,1.682000,0.9988,0,-0.063658,0.034802,1.763000,0.9991,0
687,22.916504,1,0.164483,-0.538019,1.692000,0.9994,0,-0.159416,-0.499603,1.763000,0.9995,0,0.389938,-0.463825,1.656000,0.9196,0,-0.376717,-0.371527,1.748000,0.9385,0,0.613374,-0.458426,1.572000,0.8704,0,-0.572242,-0.285141,1.664000,0.9768,0,0.156129,0.019463,1.692000,0.9988,0,-0.063116,0.037386,1.748000,0.9991,0
688,22.949861,1,0.164483,-0.538019,1.692000,0.9994,0,-0.159868,-0.501020,1.768000,0.9995,0,0.388761,-0.462425,1.651000,0.9196,0,-0.377640,-0.381073,1.739000,0.9363,0,0.616495,-0.460759,1.580000,0.8710,0,-0.582203,-0.296996,1.669000,0.9755,0,0.157328,0.016804,1.705000,0.9988,0,-0.063477,0.034703,1.758000,0.9991,0
689,22.983219,1,0.166719,-0.545332,1.715000,0.9994,0,-0.159416,-0.502508,1.763000,0.9995,0,0.391478,-0.462425,1.651000,0.9219,0,-0.387553,-0.393925,1.758000,0.9359,0,0.604400,-0.454270,1.549000,0.8760,0,-0.585936,-0.309813,1.664000,0.9758,0,0.156959,0.019567,1.701000,0.9988,0,-0.063116,0.037386,1.748000,0.9991,0
690,23.016576,1,0.163997,-0.536429,1.687000,0.9994,0,-0.161397,-0.499657,1.753000,0.9995,0,0.396695,-0.468587,1.673000,0.9252,0,-0.392221,-0.401469,1.753000,0.9351,0,0.617528,-0.462189,1.576000,0.8817,0,-0.602369,-0.318037,1.664000,0.9726,0,0.159289,0.019509,1.696000,0.9988,0,-0.060101,0.040173,1.744000,0.9991,0
691,23.049934,1,0.165747,-0.542152,1.705000,0.9995,0,-0.161397,-0.499657,1.753000,0.9995,0,0.395746,-0.467466,1.669000,0.9274,0,-0.389697,-0.404517,1.729000,0.9369,0,0.608516,-0.452885,1.553000,0.8857,0,-0.609118,-0.333680,1.660000,0.9729,0,0.156753,0.021948,1.669000,0.9989,0,-0.059929,0.040058,1.739000,0.9992,0
692,23.083292,1,0.164483,-0.538019,1.692000,0.9995,0,-0.161397,-0.499657,1.753000,0.9995,0,0.393612,-0.464945,1.660000,0.9300,0,-0.393678,-0.414257,1.734000,0.9385,0,0.612827,-0.456093,1.564000,0.8905,0,-0.616063,-0.348191,1.664000,0.9735,0,0.160743,0.022119,1.682000,0.9989,0,-0.060584,0.040496,1.758000,0.9992,0
693,23.116649,1,0.163997,-0.536429,1.687000,0.9995,0,-0.161857,-0.501082,1.758000,0.9995,0,0.393241,-0.461304,1.647000,0.9323,0,-0.397676,-0.424046,1.739000,0.9392,0,0.612827,-0.456093,1.564000,0.8942,0,-0.623408,-0.360235,1.669000,0.9715,0,0.160743,0.022119,1.682000,0.9989,0,-0.060756,0.040611,1.763000,0.9992,0
694,23.150007,1,0.165747,-0.542152,1.705000,0.9995,0,-0.161857,-0.501082,1.758000,0.9995,0,0.396345,-0.464945,1.660000,0.9352,0,-0.398819,-0.431011,1.744000,0.9385,0,0.608516,-0.452885,1.553000,0.8993,0,-0.624280,-0.375603,1.664000,0.9701,0,0.160360,0.024831,1.678000,0.9990,0,-0.060411,0.043268,1.753000,0.9992,0
695,23.183364,1,0.163997,-0.536429,1.687000,0.9995,0,-0.161857,-0.501082,1.758000,0.9995,0,0.393612,-0.464945,1.660000,0.9379,0,-0.398235,-0.433001,1.729000,0.9385,0,0.610084,-0.451487,1.557000,0.9034,0,-0.630410,-0.388659,1.673000,0.9681,0,0.159500,0.024698,1.669000,0.9990,0,-0.063477,0.043392,1.758000,0.9992,0
696,23.216722,1,0.163997,-0.536429,1.687000,0.9996,0,-0.161397,-0.499657,1.753000,0.9994,0,0.394561,-0.466066,1.664000,0.9389,0,-0.399921,-0.440269,1.724000,0.9369,0,0.612827,-0.453516,1.564000,0.9055,0,-0.630976,-0.396578,1.660000,0.9661,0,0.160360,0.024831,1.678000,0.9990,0,-0.060584,0.043392,1.758000,0.9992,0
697,23.250079,1,0.165358,-0.540881,1.701000,0.9996,0,-0.164751,-0.501082,1.758000,0.9994,0,0.395390,-0.463825,1.656000,0.9420,0,-0.401824,-0.444915,1.720000,0.9375,0,0.608692,-0.452356,1.560000,0.9105,0,-0.632496,-0.411240,1.664000,0.9668,0,0.160743,0.030432,1.682000,0.9990,0,-0.063297,0.051932,1.753000,0.9992,0
698,23.283437,1,0.165358,-0.540881,1.701000,0.9996,0,-0.164751,-0.503979,1.758000,0.9994,0,0.393241,-0.461304,1.647000,0.9419,0,-0.406772,-0.450091,1.729000,0.9349,0,0.607521,-0.451487,1.557000,0.9105,0,-0.637144,-0.423474,1.669000,0.9649,0,0.160743,0.030432,1.682000,0.9990,0,-0.063477,0.052080,1.758000,0.9992,0
699,23.316794,1,0.165747,-0.542152,1.705000,0.9996,0,-0.164751,-0.503979,1.758000,0.9994,0,0.396345,-0.462211,1.660000,0.9428,0,-0.401126,-0.449461,1.705000,0.9346,0,0.612827,-0.453516,1.564000,0.9115,0,-0.630976,-0.426660,1.660000,0.9636,0,0.161221,0.030523,1.687000,0.9990,0,-0.063477,0.052080,1.758000,0.9992,0
700,23.350152,1,0.164500,-0.529115,1.664000,0.9996,0,-0.164282,-0.502545,1.753000,0.9994,0,0.396345,-0.464945,1.660000,0.9438,0,-0.408433,-0.457310,1.724000,0.9338,0,0.611259,-0.452356,1.560000,0.9133,0,-0.635235,-0.438653,1.664000,0.9629,0,0.161221,0.030523,1.687000,0.9990,0,-0.063838,0.055289,1.768000,0.9992,0
701,23.383509,1,0.169048,-0.543742,1.710000,0.9996,0,-0.164751,-0.503979,1.758000,0.9994,0,0.395390,-0.461097,1.656000,0.9442,0,-0.413657,-0.459963,1.734000,0.9333,0,0.611259,-0.452356,1.560000,0.9129,0,-0.632181,-0.442000,1.656000,0.9617,0,0.159022,0.030106,1.664000,0.9990,0,-0.066371,0.054976,1.758000,0.9992,0
702,23.416866,1,0.166774,-0.533650,1.687000,0.9996,0,-0.164751,-0.503979,1.758000,0.9993,0,0.395390,-0.461097,1.656000,0.9441,0,-0.416042,-0.465488,1.744000,0.9316,0,0.610084,-0.451487,1.557000,0.9116,0,-0.635235,-0.449618,1.664000,0.9588,0,0.160743,0.030432,1.682000,0.9990,0,-0.066182,0.054820,1.753000,0.9991,0
703,23.450224,1,0.168553,-0.539344,1.705000,0.9996,0,-0.164282,-0.502545,1.753000,0.9993,0,0.397300,-0.466066,1.664000,0.9446,0,-0.416511,-0.462819,1.734000,0.9320,0,0.610084,-0.451487,1.557000,0.9110,0,-0.628745,-0.447738,1.647000,0.9579,0,0.159500,0.030197,1.669000,0.9990,0,-0.066371,0.052080,1.758000,0.9991,0
704,23.483581,1,0.166280,-0.532068,1.682000,0.9996,0,-0.165219,-0.505412,1.763000,0.9993,0,0.396345,-0.462211,1.660000,0.9458,0,-0.414109,-0.462990,1.724000,0.9319,0,0.610084,-0.451487,1.557000,0.9137,0,-0.630272,-0.448825,1.651000,0.9579,0,0.162081,0.030685,1.696000,0.9990,0,-0.065842,0.051665,1.744000,0.9991,0
705,23.516939,1,0.165884,-0.530803,1.678000,0.9996,0,-0.164751,-0.503979,1.758000,0.9993,0,0.397300,-0.463325,1.664000,0.9452,0,-0.421075,-0.470778,1.753000,0.9304,0,0.615961,-0.453246,1.572000,0.9130,0,-0.635235,-0.449618,1.664000,0.9567,0,0.158444,0.030523,1.687000,0.9990,0,-0.068870,0.051784,1.748000,0.9991,0
706,23.550296,1,0.165884,-0.530803,1.678000,0.9996,0,-0.167644,-0.503979,1.758000,0.9992,0,0.395390,-0.461097,1.656000,0.9454,0,-0.415979,-0.461916,1.720000,0.9295,0,0.605382,-0.445462,1.545000,0.9134,0,-0.635235,-0.449618,1.664000,0.9564,0,0.157974,0.030432,1.682000,0.9990,0,-0.066182,0.051932,1.753000,0.9991,0
707,23.583653,1,0.167268,-0.535231,1.692000,0.9996,0,-0.167644,-0.503979,1.758000,0.9992,0,0.392286,-0.457477,1.643000,0.9444,0,-0.418155,-0.464333,1.729000,0.9294,0,0.606949,-0.446615,1.549000,0.9110,0,-0.636440,-0.448537,1.660000,0.9554,0,0.157129,0.030269,1.673000,0.9989,0,-0.065842,0.051665,1.744000,0.9990,0
708,23.617011,1,0.167664,-0.536497,1.696000,0.9996,0,-0.167644,-0.503979,1.758000,0.9992,0,0.394990,-0.457477,1.643000,0.9444,0,-0.409207,-0.454396,1.692000,0.9291,0,0.615401,-0.453516,1.564000,0.9105,0,-0.631456,-0.445025,1.647000,0.9538,0,0.158913,0.030613,1.692000,0.9989,0,-0.066559,0.052228,1.763000,0.9990,0
709,23.650368,1,0.164105,-0.525109,1.660000,0.9996,0,-0.167644,-0.503979,1.758000,0.9992,0,0.402202,-0.465831,1.673000,0.9450,0,-0.413560,-0.459230,1.710000,0.9292,0,0.618549,-0.455836,1.572000,0.9102,0,-0.636440,-0.448537,1.660000,0.9527,0,0.158444,0.030523,1.687000,0.9989,0,-0.065653,0.054382,1.739000,0.9990,0
710,23.683725,1,0.167268,-0.535231,1.692000,0.9996,0,-0.167644,-0.506875,1.758000,0.9992,0,0.399077,-0.462211,1.660000,0.9463,0,-0.413560,-0.459230,1.710000,0.9292,0,0.621696,-0.458156,1.580000,0.9129,0,-0.631456,-0.445025,1.647000,0.9520,0,0.157599,0.030360,1.678000,0.9989,0,-0.069461,0.055133,1.763000,0.9990,0
711,23.717083,1,0.165884,-0.530803,1.678000,0.9996,0,-0.168121,-0.508316,1.763000,0.9992,0,0.403404,-0.467223,1.678000,0.9471,0,-0.412351,-0.457888,1.705000,0.9299,0,0.618549,-0.453246,1.572000,0.9135,0,-0.632990,-0.446105,1.651000,0.9525,0,0.157974,0.030432,1.682000,0.9989,0,-0.066182,0.054820,1.753000,0.9990,0
712,23.750440,1,0.167664,-0.536497,1.696000,0.9996,0,-0.166691,-0.503991,1.748000,0.9992,0,0.399077,-0.462211,1.660000,0.9476,0,-0.414770,-0.460573,1.715000,0.9304,0,0.611072,-0.447768,1.553000,0.9137,0,-0.636440,-0.448537,1.660000,0.9525,0,0.156129,0.030613,1.692000,0.9989,0,-0.068870,0.054663,1.748000,0.9990,0
713,23.783798,1,0.166774,-0.533650,1.687000,0.9996,0,-0.167168,-0.505433,1.753000,0.9992,0,0.393241,-0.458591,1.647000,0.9487,0,-0.413560,-0.459230,1.710000,0.9312,0,0.611072,-0.447768,1.553000,0.9154,0,-0.629922,-0.443944,1.643000,0.9536,0,0.157328,0.030848,1.705000,0.9989,0,-0.068870,0.054663,1.748000,0.9990,0
714,23.817155,1,0.168158,-0.538078,1.701000,0.9996,0,-0.167644,-0.506875,1.758000,0.9992,0,0.396345,-0.462211,1.660000,0.9491,0,-0.415310,-0.464333,1.729000,0.9317,0,0.612646,-0.451487,1.557000,0.9158,0,-0.636440,-0.445803,1.660000,0.9539,0,0.156753,0.030197,1.669000,0.9989,0,-0.069461,0.055133,1.763000,0.9990,0
715,23.850512,1,0.166774,-0.533650,1.687000,0.9996,0,-0.167168,-0.505433,1.753000,0.9992,0,0.396345,-0.462211,1.660000,0.9484,0,-0.409545,-0.457888,1.705000,0.9301,0,0.609499,-0.449167,1.549000,0.9153,0,-0.631456,-0.442311,1.647000,0.9535,0,0.154375,0.030269,1.673000,0.9989,0,-0.069067,0.051932,1.753000,0.9990,0
716,23.883870,1,0.164500,-0.526374,1.664000,0.9996,0,-0.167168,-0.505433,1.753000,0.9992,0,0.396345,-0.462211,1.660000,0.9486,0,-0.407383,-0.455471,1.696000,0.9315,0,0.609499,-0.449167,1.549000,0.9161,0,-0.631456,-0.439598,1.647000,0.9543,0,0.153545,0.030106,1.664000,0.9989,0,-0.068516,0.051517,1.739000,0.9990,0
717,23.917227,1,0.164500,-0.526374,1.664000,0.9996,0,-0.167168,-0.505433,1.753000,0.9992,0,0.395390,-0.463825,1.656000,0.9495,0,-0.415310,-0.461485,1.729000,0.9317,0,0.611072,-0.450327,1.553000,0.9181,0,-0.636440,-0.443068,1.660000,0.9558,0,0.155667,0.030523,1.687000,0.9989,0,-0.071952,0.051932,1.753000,0.9990,0
718,23.950584,1,0.166280,-0.532068,1.682000,0.9996,0,-0.167644,-0.506875,1.758000,0.9992,0,0.393241,-0.461304,1.647000,0.9496,0,-0.410317,-0.459082,1.720000,0.9302,0,0.612646,-0.451487,1.557000,0.9180,0,-0.632990,-0.437946,1.651000,0.9545,0,0.154375,0.030269,1.673000,0.9989,0,-0.069067,0.051932,1.753000,0.9990,0
719,23.983942,1,0.166280,-0.532068,1.682000,0.9996,0,-0.167168,-0.505433,1.753000,0.9992,0,0.396345,-0.464945,1.660000,0.9495,0,-0.414109,-0.460150,1.724000,0.9315,0,0.611072,-0.450327,1.553000,0.9175,0,-0.635707,-0.437946,1.651000,0.9550,0,0.155532,0.029962,1.656000,0.9989,0,-0.068870,0.051784,1.748000,0.9990,0
720,24.017299,1,0.165884,-0.530803,1.678000,0.9996,0,-0.167168,-0.505433,1.753000,0.9992,0,0.401597,-0.471107,1.682000,0.9498,0,-0.411271,-0.460150,1.724000,0.9315,0,0.607925,-0.448007,1.545000,0.9178,0,-0.636440,-0.440333,1.660000,0.9558,0,0.157599,0.030360,1.678000,0.9989,0,-0.068319,0.051369,1.734000,0.9990,0
721,24.050656,1,0.167664,-0.536497,1.696000,0.9996,0,-0.167168,-0.505433,1.753000,0.9992,0,0.394196,-0.462425,1.651000,0.9511,0,-0.409124,-0.457748,1.715000,0.9337,0,0.607925,-0.448007,1.545000,0.9199,0,-0.631456,-0.436885,1.647000,0.9577,0,0.156284,0.030106,1.664000,0.9989,0,-0.069264,0.052080,1.758000,0.9990,0
722,24.084014,1,0.165390,-0.529221,1.673000,0.9996,0,-0.167168,-0.505433,1.753000,0.9992,0,0.394196,-0.462425,1.651000,0.9505,0,-0.404591,-0.452677,1.696000,0.9328,0,0.612646,-0.451487,1.557000,0.9174,0,-0.634907,-0.436544,1.656000,0.9567,0,0.157129,0.030269,1.673000,0.9989,0,-0.068319,0.051369,1.734000,0.9990,0
723,24.117371,1,0.168553,-0.539344,1.705000,0.9996,0,-0.166309,-0.502838,1.744000,0.9992,0,0.396345,-0.464945,1.660000,0.9517,0,-0.409124,-0.457748,1.715000,0.9350,0,0.609499,-0.446615,1.549000,0.9201,0,-0.637974,-0.438653,1.664000,0.9588,0,0.156284,0.030106,1.664000,0.9989,0,-0.069067,0.051932,1.753000,0.9990,0
724,24.150729,1,0.165884,-0.530803,1.678000,0.9996,0,-0.166691,-0.503991,1.748000,0.9992,0,0.396345,-0.464945,1.660000,0.9498,0,-0.404591,-0.452677,1.696000,0.9336,0,0.615401,-0.450940,1.564000,0.9165,0,-0.636440,-0.437599,1.660000,0.9575,0,0.157129,0.030269,1.673000,0.9989,0,-0.068870,0.051784,1.748000,0.9990,0
725,24.184086,1,0.168158,-0.538078,1.701000,0.9996,0,-0.167168,-0.505433,1.753000,0.9992,0,0.394196,-0.462425,1.651000,0.9492,0,-0.413657,-0.462819,1.734000,0.9333,0,0.612646,-0.448922,1.557000,0.9144,0,-0.634907,-0.433816,1.656000,0.9567,0,0.157129,0.030269,1.673000,0.9989,0,-0.069067,0.051932,1.753000,0.9990,0
726,24.217443,1,0.165390,-0.529221,1.673000,0.9996,0,-0.167168,-0.505433,1.753000,0.9992,0,0.392286,-0.460184,1.643000,0.9493,0,-0.406301,-0.457748,1.715000,0.9319,0,0.615401,-0.450940,1.564000,0.9156,0,-0.632181,-0.433816,1.656000,0.9574,0,0.158444,0.030523,1.687000,0.9989,0,-0.068870,0.051784,1.748000,0.9990,0
727,24.250801,1,0.165390,-0.529221,1.673000,0.9996,0,-0.166691,-0.503991,1.748000,0.9992,0,0.395390,-0.461097,1.656000,0.9495,0,-0.409618,-0.461485,1.729000,0.9326,0,0.609499,-0.446615,1.549000,0.9145,0,-0.635235,-0.435912,1.664000,0.9575,0,0.155532,0.029962,1.656000,0.9989,0,-0.068713,0.051665,1.744000,0.9990,0
728,24.284158,1,0.169542,-0.542507,1.715000,0.9996,0,-0.166691,-0.503991,1.748000,0.9992,0,0.394196,-0.459705,1.651000,0.9498,0,-0.414849,-0.461289,1.739000,0.9332,0,0.612646,-0.448922,1.557000,0.9147,0,-0.628745,-0.431458,1.647000,0.9573,0,0.157129,0.030269,1.673000,0.9989,0,-0.069067,0.051932,1.753000,0.9990,0
729,24.317515,1,0.165390,-0.529221,1.673000,0.9996,0,-0.167644,-0.506875,1.758000,0.9992,0,0.397300,-0.463325,1.664000,0.9495,0,-0.410317,-0.456249,1.720000,0.9333,0,0.612646,-0.448922,1.557000,0.9140,0,-0.632181,-0.431088,1.656000,0.9579,0,0.157129,0.030269,1.673000,0.9989,0,-0.069461,0.052228,1.763000,0.9990,0
730,24.350873,1,0.166280,-0.532068,1.682000,0.9996,0,-0.167644,-0.506875,1.758000,0.9992,0,0.393241,-0.458591,1.647000,0.9489,0,-0.406301,-0.454923,1.715000,0.9339,0,0.609499,-0.446615,1.549000,0.9113,0,-0.632181,-0.431088,1.656000,0.9573,0,0.157129,0.030269,1.673000,0.9989,0,-0.069264,0.052080,1.758000,0.9990,0
731,24.384230,1,0.166774,-0.533650,1.687000,0.9996,0,-0.167644,-0.506875,1.758000,0.9992,0,0.397300,-0.463325,1.664000,0.9494,0,-0.405117,-0.453596,1.710000,0.9343,0,0.612646,-0.448922,1.557000,0.9123,0,-0.632181,-0.428360,1.656000,0.9570,0,0.158444,0.030523,1.687000,0.9989,0,-0.069658,0.052376,1.768000,0.9990,0
732,24.417587,1,0.165390,-0.529221,1.673000,0.9996,0,-0.167168,-0.505433,1.753000,0.9992,0,0.394196,-0.459705,1.651000,0.9484,0,-0.409618,-0.458636,1.729000,0.9340,0,0.616975,-0.452093,1.568000,0.9109,0,-0.633708,-0.429394,1.660000,0.9573,0,0.157129,0.030269,1.673000,0.9989,0,-0.069264,0.052080,1.758000,0.9990,0
733,24.450945,1,0.168553,-0.539344,1.705000,0.9996,0,-0.167644,-0.506875,1.758000,0.9992,0,0.397300,-0.463325,1.664000,0.9487,0,-0.410803,-0.459963,1.734000,0.9351,0,0.618549,-0.453246,1.572000,0.9118,0,-0.625309,-0.423704,1.638000,0.9586,0,0.160360,0.030360,1.678000,0.9989,0,-0.066937,0.055445,1.773000,0.9990,0
734,24.484302,1,0.165884,-0.530803,1.678000,0.9996,0,-0.167644,-0.506875,1.758000,0.9992,0,0.398493,-0.464717,1.669000,0.9480,0,-0.408433,-0.457310,1.724000,0.9339,0,0.613827,-0.449786,1.560000,0.9122,0,-0.630272,-0.427066,1.651000,0.9580,0,0.160743,0.030432,1.682000,0.9989,0,-0.069264,0.052080,1.758000,0.9990,0
735,24.517660,1,0.166280,-0.532068,1.682000,0.9996,0,-0.166691,-0.503991,1.748000,0.9992,0,0.397300,-0.463325,1.664000,0.9478,0,-0.410803,-0.459963,1.734000,0.9346,0,0.617975,-0.450940,1.564000,0.9119,0,-0.627218,-0.424997,1.643000,0.9595,0,0.162558,0.030776,1.701000,0.9989,0,-0.068870,0.054663,1.748000,0.9990,0
736,24.551017,1,0.164500,-0.526374,1.664000,0.9996,0,-0.167168,-0.505433,1.753000,0.9992,0,0.394196,-0.459705,1.651000,0.9461,0,-0.414119,-0.460797,1.748000,0.9335,0,0.616394,-0.449786,1.560000,0.9087,0,-0.626034,-0.423318,1.647000,0.9587,0,0.161221,0.030523,1.687000,0.9989,0,-0.069264,0.052080,1.758000,0.9990,0
737,24.584375,1,0.167664,-0.536497,1.696000,0.9996,0,-0.167168,-0.505433,1.753000,0.9992,0,0.396345,-0.462211,1.660000,0.9458,0,-0.407949,-0.457106,1.734000,0.9337,0,0.612048,-0.446615,1.549000,0.9072,0,-0.624514,-0.422290,1.643000,0.9584,0,0.160743,0.030432,1.682000,0.9989,0,-0.069461,0.052228,1.763000,0.9991,0
738,24.617732,1,0.166774,-0.533650,1.687000,0.9996,0,-0.167644,-0.506875,1.758000,0.9992,0,0.397300,-0.463325,1.664000,0.9463,0,-0.400185,-0.448407,1.701000,0.9348,0,0.617975,-0.448363,1.564000,0.9074,0,-0.626034,-0.423318,1.647000,0.9595,0,0.160743,0.030432,1.682000,0.9990,0,-0.069658,0.052376,1.768000,0.9991,0
739,24.651089,1,0.167268,-0.535231,1.692000,0.9996,0,-0.167168,-0.505433,1.753000,0.9992,0,0.397300,-0.463325,1.664000,0.9457,0,-0.403479,-0.452097,1.715000,0.9351,0,0.616975,-0.449510,1.568000,0.9075,0,-0.626034,-0.423318,1.647000,0.9598,0,0.158640,0.030034,1.660000,0.9989,0,-0.068870,0.051784,1.748000,0.9991,0
740,24.684447,1,0.166280,-0.532068,1.682000,0.9996,0,-0.167644,-0.506875,1.758000,0.9992,0,0.396345,-0.462211,1.660000,0.9443,0,-0.403479,-0.452097,1.715000,0.9317,0,0.607925,-0.442916,1.545000,0.9052,0,-0.625309,-0.421005,1.638000,0.9566,0,0.161698,0.030613,1.692000,0.9989,0,-0.068713,0.051665,1.744000,0.9990,0
741,24.717804,1,0.167664,-0.536497,1.696000,0.9996,0,-0.163814,-0.503991,1.748000,0.9992,0,0.392286,-0.457477,1.643000,0.9439,0,-0.410301,-0.459742,1.744000,0.9318,0,0.615209,-0.446356,1.557000,0.9048,0,-0.632181,-0.425632,1.656000,0.9579,0,0.159883,0.030269,1.673000,0.9989,0,-0.069264,0.052080,1.758000,0.9990,0
742,24.751161,1,0.167268,-0.535231,1.692000,0.9996,0,-0.164282,-0.505433,1.753000,0.9992,0,0.392286,-0.457477,1.643000,0.9443,0,-0.401126,-0.449461,1.705000,0.9332,0,0.613629,-0.445210,1.553000,0.9053,0,-0.628745,-0.423318,1.647000,0.9589,0,0.159883,0.030269,1.673000,0.9989,0,-0.069067,0.051932,1.753000,0.9990,0
743,24.784519,1,0.167268,-0.535231,1.692000,0.9996,0,-0.164282,-0.505433,1.753000,0.9992,0,0.396345,-0.462211,1.660000,0.9450,0,-0.405596,-0.454470,1.724000,0.9340,0,0.612048,-0.444063,1.549000,0.9063,0,-0.628005,-0.421005,1.638000,0.9591,0,0.161221,0.030523,1.687000,0.9989,0,-0.069264,0.052080,1.758000,0.9990,0
744,24.817876,1,0.167664,-0.536497,1.696000,0.9996,0,-0.164282,-0.505433,1.753000,0.9992,0,0.396913,-0.459705,1.651000,0.9461,0,-0.405596,-0.454470,1.724000,0.9349,0,0.615209,-0.446356,1.557000,0.9078,0,-0.634907,-0.425632,1.656000,0.9592,0,0.159883,0.030269,1.673000,0.9989,0,-0.068870,0.048904,1.748000,0.9991,0
745,24.851234,1,0.167664,-0.536497,1.696000,0.9996,0,-0.163814,-0.503991,1.748000,0.9993,0,0.397300,-0.463325,1.664000,0.9477,0,-0.401126,-0.449461,1.705000,0.9371,0,0.612646,-0.446356,1.557000,0.9114,0,-0.632181,-0.422904,1.656000,0.9607,0,0.159883,0.030269,1.673000,0.9990,0,-0.066371,0.049184,1.758000,0.9991,0
746,24.884591,1,0.166774,-0.533650,1.687000,0.9996,0,-0.164282,-0.505433,1.753000,0.9993,0,0.392286,-0.457477,1.643000,0.9483,0,-0.401126,-0.449461,1.705000,0.9378,0,0.612646,-0.446356,1.557000,0.9127,0,-0.633708,-0.423925,1.660000,0.9620,0,0.159883,0.027513,1.673000,0.9990,0,-0.066182,0.049044,1.753000,0.9991,0
747,24.917948,1,0.166774,-0.533650,1.687000,0.9996,0,-0.164282,-0.505433,1.753000,0.9993,0,0.395390,-0.461097,1.656000,0.9495,0,-0.413595,-0.463433,1.758000,0.9386,0,0.612646,-0.446356,1.557000,0.9152,0,-0.632181,-0.422904,1.656000,0.9636,0,0.159883,0.027513,1.673000,0.9990,0,-0.065842,0.048792,1.744000,0.9991,0
748,24.951306,1,0.168158,-0.538078,1.701000,0.9996,0,-0.164282,-0.505433,1.753000,0.9993,0,0.393241,-0.458591,1.647000,0.9480,0,-0.413595,-0.463433,1.758000,0.9379,0,0.612646,-0.446356,1.557000,0.9129,0,-0.630272,-0.421627,1.651000,0.9622,0,0.160743,0.027661,1.682000,0.9990,0,-0.065842,0.048792,1.744000,0.9991,0
749,24.984663,1,0.166774,-0.533650,1.687000,0.9996,0,-0.164282,-0.505433,1.753000,0.9993,0,0.396345,-0.462211,1.660000,0.9493,0,-0.401126,-0.449461,1.705000,0.9389,0,0.615401,-0.448363,1.564000,0.9161,0,-0.633708,-0.421190,1.660000,0.9635,0,0.161698,0.030613,1.692000,0.9990,0,-0.066182,0.049044,1.753000,0.9991,0
750,25.018021,1,0.167664,-0.536497,1.696000,0.9996,0,-0.164282,-0.505433,1.753000,0.9993,0,0.396345,-0.462211,1.660000,0.9497,0,-0.405596,-0.454470,1.724000,0.9389,0,0.613827,-0.447217,1.560000,0.9169,0,-0.628745,-0.417892,1.647000,0.9630,0,0.160743,0.030432,1.682000,0.9990,0,-0.066182,0.049044,1.753000,0.9991,0
751,25.051378,1,0.168158,-0.538078,1.701000,0.9996,0,-0.163814,-0.503991,1.748000,0.9993,0,0.403404,-0.467223,1.678000,0.9504,0,-0.406772,-0.452940,1.729000,0.9392,0,0.612646,-0.446356,1.557000,0.9182,0,-0.632181,-0.420175,1.656000,0.9634,0,0.161221,0.027743,1.687000,0.9990,0,-0.066748,0.049464,1.768000,0.9991,0
752,25.084735,1,0.166280,-0.532068,1.682000,0.9996,0,-0.164751,-0.506875,1.758000,0.9993,0,0.395952,-0.458591,1.647000,0.9504,0,-0.403479,-0.449272,1.715000,0.9379,0,0.618549,-0.450657,1.572000,0.9198,0,-0.628745,-0.417892,1.647000,0.9645,0,0.159500,0.027447,1.669000,0.9990,0,-0.066371,0.049184,1.758000,0.9991,0
753,25.118093,1,0.166280,-0.532068,1.682000,0.9996,0,-0.163814,-0.503991,1.748000,0.9993,0,0.394990,-0.457477,1.643000,0.9497,0,-0.400185,-0.445604,1.701000,0.9369,0,0.613827,-0.447217,1.560000,0.9180,0,-0.628745,-0.417892,1.647000,0.9636,0,0.162558,0.027974,1.701000,0.9990,0,-0.066371,0.049184,1.758000,0.9991,0
754,25.151450,1,0.169048,-0.540925,1.710000,0.9996,0,-0.163814,-0.503991,1.748000,0.9993,0,0.400039,-0.463325,1.664000,0.9484,0,-0.403479,-0.449272,1.715000,0.9373,0,0.615209,-0.446356,1.557000,0.9139,0,-0.632181,-0.420175,1.656000,0.9636,0,0.159883,0.027513,1.673000,0.9989,0,-0.066559,0.049324,1.763000,0.9991,0
755,25.184808,1,0.165884,-0.530803,1.678000,0.9996,0,-0.164751,-0.506875,1.758000,0.9993,0,0.399077,-0.462211,1.660000,0.9487,0,-0.403479,-0.449272,1.715000,0.9386,0,0.622716,-0.454400,1.576000,0.9155,0,-0.628745,-0.417892,1.647000,0.9650,0,0.161698,0.030613,1.692000,0.9990,0,-0.065653,0.048652,1.739000,0.9991,0
756,25.218165,1,0.165884,-0.530803,1.678000,0.9996,0,-0.163814,-0.503991,1.748000,0.9993,0,0.398115,-0.461097,1.656000,0.9490,0,-0.405596,-0.451630,1.724000,0.9370,0,0.622716,-0.454400,1.576000,0.9165,0,-0.623782,-0.414593,1.634000,0.9643,0,0.159883,0.030269,1.673000,0.9990,0,-0.066371,0.049184,1.758000,0.9991,0
757,25.251522,1,0.163709,-0.523843,1.656000,0.9996,0,-0.164282,-0.505433,1.753000,0.9993,0,0.398115,-0.461097,1.656000,0.9505,0,-0.411242,-0.457917,1.748000,0.9379,0,0.617975,-0.450940,1.564000,0.9202,0,-0.630272,-0.418907,1.651000,0.9647,0,0.159022,0.030106,1.664000,0.9990,0,-0.065653,0.048652,1.739000,0.9991,0
758,25.284880,1,0.167268,-0.535231,1.692000,0.9996,0,-0.163814,-0.503991,1.748000,0.9993,0,0.395952,-0.458591,1.647000,0.9513,0,-0.409125,-0.455559,1.739000,0.9388,0,0.616394,-0.449786,1.560000,0.9212,0,-0.628745,-0.417892,1.647000,0.9644,0,0.160360,0.030360,1.678000,0.9990,0,-0.065993,0.048904,1.748000,0.9991,0
759,25.318237,1,0.167268,-0.535231,1.692000,0.9996,0,-0.163814,-0.503991,1.748000,0.9993,0,0.400039,-0.463325,1.664000,0.9505,0,-0.405596,-0.451630,1.724000,0.9385,0,0.622716,-0.454400,1.576000,0.9202,0,-0.628745,-0.417892,1.647000,0.9652,0,0.162081,0.030685,1.696000,0.9990,0,-0.066371,0.049184,1.758000,0.9991,0
760,25.351595,1,0.164500,-0.526374,1.664000,0.9996,0,-0.164282,-0.505433,1.753000,0.9993,0,0.394990,-0.457477,1.643000,0.9501,0,-0.409125,-0.455559,1.739000,0.9376,0,0.621136,-0.453246,1.572000,0.9198,0,-0.632181,-0.420175,1.656000,0.9654,0,0.161221,0.030523,1.687000,0.9990,0,-0.065653,0.048652,1.739000,0.9991,0
761,25.384952,1,0.167664,-0.536497,1.696000,0.9996,0,-0.163814,-0.503991,1.748000,0.9993,0,0.398115,-0.463825,1.656000,0.9476,0,-0.402758,-0.451630,1.724000,0.9336,0,0.616394,-0.449786,1.560000,0.9176,0,-0.628745,-0.417892,1.647000,0.9642,0,0.159500,0.027447,1.669000,0.9990,0,-0.065842,0.048792,1.744000,0.9991,0
762,25.418309,1,0.164500,-0.526374,1.664000,0.9996,0,-0.163814,-0.503991,1.748000,0.9993,0,0.395952,-0.461304,1.647000,0.9468,0,-0.400185,-0.445604,1.701000,0.9331,0,0.617975,-0.450940,1.564000,0.9167,0,-0.632990,-0.418907,1.651000,0.9638,0,0.160360,0.027595,1.678000,0.9990,0,-0.063297,0.049044,1.753000,0.9991,0
763,25.451667,1,0.165884,-0.530803,1.678000,0.9996,0,-0.164282,-0.505433,1.753000,0.9993,0,0.395952,-0.461304,1.647000,0.9472,0,-0.404655,-0.450582,1.720000,0.9331,0,0.615401,-0.450940,1.564000,0.9180,0,-0.631456,-0.415179,1.647000,0.9643,0,0.162558,0.027974,1.701000,0.9990,0,-0.063116,0.048904,1.748000,0.9991,0
764,25.485024,1,0.164500,-0.526374,1.664000,0.9996,0,-0.164282,-0.505433,1.753000,0.9993,0,0.395952,-0.461304,1.647000,0.9466,0,-0.404655,-0.450582,1.720000,0.9309,0,0.612048,-0.449167,1.549000,0.9175,0,-0.629922,-0.414170,1.643000,0.9618,0,0.161698,0.027826,1.692000,0.9990,0,-0.063116,0.048904,1.748000,0.9991,0
765,25.518381,1,0.165390,-0.529221,1.673000,0.9996,0,-0.163814,-0.503991,1.748000,0.9993,0,0.398115,-0.463825,1.656000,0.9462,0,-0.404655,-0.450582,1.720000,0.9317,0,0.617975,-0.453516,1.564000,0.9160,0,-0.628005,-0.412910,1.638000,0.9629,0,0.161221,0.027743,1.687000,0.9990,0,-0.063116,0.048904,1.748000,0.9991,0
766,25.551739,1,0.166280,-0.532068,1.682000,0.9996,0,-0.163814,-0.503991,1.748000,0.9993,0,0.398115,-0.463825,1.656000,0.9468,0,-0.410803,-0.454249,1.734000,0.9327,0,0.610468,-0.448007,1.545000,0.9159,0,-0.632990,-0.416187,1.651000,0.9626,0,0.160360,0.027595,1.678000,0.9990,0,-0.063116,0.048904,1.748000,0.9991,0
767,25.585096,1,0.167268,-0.535231,1.692000,0.9996,0,-0.163439,-0.502838,1.744000,0.9993,0,0.394990,-0.460184,1.643000,0.9477,0,-0.409618,-0.452940,1.729000,0.9345,0,0.608887,-0.446847,1.541000,0.9176,0,-0.632990,-0.416187,1.651000,0.9644,0,0.161221,0.027743,1.687000,0.9990,0,-0.062972,0.045919,1.744000,0.9991,0
768,25.618453,1,0.165884,-0.530803,1.678000,0.9996,0,-0.163814,-0.503991,1.748000,0.9993,0,0.400039,-0.466066,1.664000,0.9490,0,-0.407486,-0.450582,1.720000,0.9350,0,0.615401,-0.453516,1.564000,0.9201,0,-0.634907,-0.417447,1.656000,0.9646,0,0.159022,0.027365,1.664000,0.9990,0,-0.063116,0.046025,1.748000,0.9991,0
769,25.651811,1,0.166774,-0.533650,1.687000,0.9996,0,-0.163814,-0.503991,1.748000,0.9993,0,0.394990,-0.460184,1.643000,0.9487,0,-0.408433,-0.451630,1.724000,0.9347,0,0.615401,-0.453516,1.564000,0.9187,0,-0.629922,-0.414170,1.643000,0.9645,0,0.161221,0.027743,1.687000,0.9990,0,-0.063297,0.046156,1.753000,0.9991,0
770,25.685168,1,0.164994,-0.530705,1.669000,0.9996,0,-0.163439,-0.502838,1.744000,0.9993,0,0.399077,-0.464945,1.660000,0.9484,0,-0.406301,-0.449272,1.715000,0.9343,0,0.619555,-0.454676,1.568000,0.9181,0,-0.636440,-0.418456,1.660000,0.9636,0,0.159883,0.027513,1.673000,0.9990,0,-0.062972,0.045919,1.744000,0.9991,0
771,25.718525,1,0.164105,-0.527843,1.660000,0.9996,0,-0.163439,-0.502838,1.744000,0.9993,0,0.398115,-0.463825,1.656000,0.9486,0,-0.402985,-0.442802,1.701000,0.9353,0,0.607925,-0.448007,1.545000,0.9189,0,-0.634907,-0.417447,1.656000,0.9645,0,0.160743,0.027661,1.682000,0.9990,0,-0.063477,0.046288,1.758000,0.9991,0
772,25.751883,1,0.165390,-0.531977,1.673000,0.9997,0,-0.163439,-0.502838,1.744000,0.9994,0,0.402202,-0.468587,1.673000,0.9503,0,-0.413172,-0.453996,1.744000,0.9376,0,0.612646,-0.451487,1.557000,0.9216,0,-0.629922,-0.414170,1.643000,0.9664,0,0.162081,0.027891,1.696000,0.9990,0,-0.063297,0.046156,1.753000,0.9991,0
773,25.785240,1,0.166774,-0.536429,1.687000,0.9997,0,-0.163439,-0.502838,1.744000,0.9993,0,0.396913,-0.462425,1.651000,0.9509,0,-0.408433,-0.448790,1.724000,0.9371,0,0.611072,-0.450327,1.553000,0.9223,0,-0.629922,-0.414170,1.643000,0.9659,0,0.160743,0.027661,1.682000,0.9990,0,-0.062972,0.048792,1.744000,0.9991,0
774,25.818597,1,0.165884,-0.533567,1.678000,0.9996,0,-0.163814,-0.503991,1.748000,0.9993,0,0.396913,-0.462425,1.651000,0.9500,0,-0.401800,-0.441501,1.696000,0.9370,0,0.612646,-0.451487,1.557000,0.9211,0,-0.634907,-0.417447,1.656000,0.9655,0,0.158640,0.027299,1.660000,0.9990,0,-0.065842,0.048792,1.744000,0.9991,0
775,25.851955,1,0.164994,-0.530705,1.669000,0.9997,0,-0.163814,-0.503991,1.748000,0.9993,0,0.394990,-0.460184,1.643000,0.9513,0,-0.410803,-0.451393,1.734000,0.9371,0,0.609499,-0.449167,1.549000,0.9237,0,-0.632990,-0.416187,1.651000,0.9656,0,0.160360,0.027595,1.678000,0.9990,0,-0.063658,0.049324,1.763000,0.9991,0
776,25.885312,1,0.165390,-0.531977,1.673000,0.9997,0,-0.163814,-0.503991,1.748000,0.9993,0,0.392826,-0.457663,1.634000,0.9512,0,-0.402985,-0.442802,1.701000,0.9384,0,0.611072,-0.450327,1.553000,0.9235,0,-0.628005,-0.412910,1.638000,0.9656,0,0.160743,0.027661,1.682000,0.9990,0,-0.065653,0.048652,1.739000,0.9991,0
777,25.918669,1,0.165390,-0.531977,1.673000,0.9997,0,-0.163814,-0.503991,1.748000,0.9993,0,0.395952,-0.461304,1.647000,0.9514,0,-0.404655,-0.447748,1.720000,0.9387,0,0.602022,-0.443657,1.530000,0.9247,0,-0.634907,-0.417447,1.656000,0.9662,0,0.162081,0.027891,1.696000,0.9990,0,-0.065842,0.048792,1.744000,0.9991,0
778,25.952027,1,0.164500,-0.529115,1.664000,0.9997,0,-0.166309,-0.502838,1.744000,0.9994,0,0.395952,-0.461304,1.647000,0.9509,0,-0.404655,-0.447748,1.720000,0.9391,0,0.613827,-0.452356,1.560000,0.9235,0,-0.631456,-0.415179,1.647000,0.9675,0,0.160360,0.027595,1.678000,0.9990,0,-0.062972,0.048792,1.744000,0.9991,0
779,25.985384,1,0.164105,-0.527843,1.660000,0.9996,0,-0.167644,-0.506875,1.758000,0.9993,0,0.398115,-0.463825,1.656000,0.9511,0,-0.399009,-0.441501,1.696000,0.9388,0,0.611072,-0.450327,1.553000,0.9240,0,-0.637974,-0.419464,1.664000,0.9674,0,0.162636,0.027513,1.673000,0.9990,0,-0.063477,0.049184,1.758000,0.9991,0
780,26.018741,1,0.165884,-0.533567,1.678000,0.9996,0,-0.165356,-0.499955,1.734000,0.9993,0,0.394990,-0.460184,1.643000,0.9503,0,-0.409125,-0.452694,1.739000,0.9385,0,0.612646,-0.451487,1.557000,0.9229,0,-0.629922,-0.414170,1.643000,0.9679,0,0.162247,0.027447,1.669000,0.9990,0,-0.065993,0.048904,1.748000,0.9991,0
781,26.052099,1,0.163709,-0.526572,1.656000,0.9997,0,-0.166309,-0.502838,1.744000,0.9994,0,0.392826,-0.457663,1.634000,0.9519,0,-0.402302,-0.445145,1.710000,0.9394,0,0.607925,-0.448007,1.545000,0.9255,0,-0.631456,-0.415179,1.647000,0.9677,0,0.164872,0.027891,1.696000,0.9990,0,-0.062791,0.048652,1.739000,0.9991,0
782,26.085456,1,0.164500,-0.529115,1.664000,0.9996,0,-0.166309,-0.502838,1.744000,0.9993,0,0.395952,-0.461304,1.647000,0.9510,0,-0.403479,-0.446447,1.715000,0.9388,0,0.609499,-0.449167,1.549000,0.9233,0,-0.626472,-0.411902,1.634000,0.9668,0,0.164483,0.027826,1.692000,0.9990,0,-0.063297,0.049044,1.753000,0.9991,0
783,26.118813,1,0.164105,-0.527843,1.660000,0.9996,0,-0.166691,-0.503991,1.748000,0.9993,0,0.395952,-0.461304,1.647000,0.9502,0,-0.401126,-0.443843,1.705000,0.9383,0,0.612048,-0.449167,1.549000,0.9212,0,-0.632990,-0.416187,1.651000,0.9668,0,0.162247,0.027447,1.669000,0.9990,0,-0.065842,0.048792,1.744000,0.9991,0
784,26.152171,1,0.164500,-0.529115,1.664000,0.9996,0,-0.166309,-0.502838,1.744000,0.9993,0,0.399077,-0.464945,1.660000,0.9489,0,-0.405117,-0.445145,1.710000,0.9361,0,0.612048,-0.449167,1.549000,0.9183,0,-0.628005,-0.412910,1.638000,0.9636,0,0.158640,0.027299,1.660000,0.9989,0,-0.065653,0.048652,1.739000,0.9990,0
785,26.185528,1,0.165884,-0.533567,1.678000,0.9996,0,-0.167168,-0.508321,1.753000,0.9993,0,0.395952,-0.461304,1.647000,0.9493,0,-0.402302,-0.445145,1.710000,0.9353,0,0.616394,-0.452356,1.560000,0.9194,0,-0.629922,-0.414170,1.643000,0.9631,0,0.159883,0.027513,1.673000,0.9989,0,-0.066937,0.049604,1.773000,0.9990,0
786,26.218885,1,0.163709,-0.526572,1.656000,0.9996,0,-0.167168,-0.508321,1.753000,0.9993,0,0.392826,-0.457663,1.634000,0.9489,0,-0.407949,-0.451393,1.734000,0.9353,0,0.613629,-0.450327,1.553000,0.9174,0,-0.624938,-0.410893,1.630000,0.9634,0,0.160360,0.027595,1.678000,0.9989,0,-0.066182,0.049044,1.753000,0.9990,0
787,26.252243,1,0.164105,-0.527843,1.660000,0.9996,0,-0.166309,-0.505711,1.744000,0.9993,0,0.394990,-0.460184,1.643000,0.9494,0,-0.400185,-0.442802,1.701000,0.9340,0,0.608887,-0.446847,1.541000,0.9182,0,-0.623021,-0.409633,1.625000,0.9619,0,0.161698,0.027826,1.692000,0.9989,0,-0.065993,0.048904,1.748000,0.9990,0
788,26.285600,1,0.165884,-0.533567,1.678000,0.9996,0,-0.165833,-0.504261,1.739000,0.9993,0,0.396913,-0.462425,1.651000,0.9490,0,-0.407949,-0.454249,1.734000,0.9340,0,0.610468,-0.448007,1.545000,0.9172,0,-0.624938,-0.410893,1.630000,0.9617,0,0.158640,0.027299,1.660000,0.9989,0,-0.066559,0.049324,1.763000,0.9990,0
789,26.318958,1,0.164500,-0.529115,1.664000,0.9996,0,-0.165833,-0.504261,1.739000,0.9993,0,0.398115,-0.463825,1.656000,0.9495,0,-0.400852,-0.440459,1.692000,0.9346,0,0.604541,-0.443657,1.530000,0.9170,0,-0.634167,-0.412465,1.647000,0.9610,0,0.157780,0.027151,1.651000,0.9990,0,-0.066182,0.049044,1.753000,0.9991,0
790,26.352315,1,0.163709,-0.526572,1.656000,0.9996,0,-0.166309,-0.505711,1.744000,0.9993,0,0.399077,-0.464945,1.660000,0.9489,0,-0.408433,-0.451630,1.724000,0.9332,0,0.608887,-0.446847,1.541000,0.9151,0,-0.632627,-0.411464,1.643000,0.9597,0,0.161221,0.030523,1.687000,0.9989,0,-0.065842,0.048792,1.744000,0.9990,0
791,26.385672,1,0.165884,-0.533567,1.678000,0.9996,0,-0.166309,-0.505711,1.744000,0.9993,0,0.394990,-0.460184,1.643000,0.9474,0,-0.398483,-0.440627,1.682000,0.9322,0,0.612048,-0.449167,1.549000,0.9136,0,-0.627621,-0.408208,1.630000,0.9590,0,0.160743,0.030432,1.682000,0.9990,0,-0.066182,0.049044,1.753000,0.9990,0
792,26.419029,1,0.163215,-0.524982,1.651000,0.9996,0,-0.166691,-0.506871,1.748000,0.9993,0,0.400039,-0.466066,1.664000,0.9479,0,-0.410317,-0.450582,1.720000,0.9330,0,0.610468,-0.448007,1.545000,0.9146,0,-0.633397,-0.410211,1.638000,0.9589,0,0.162558,0.030776,1.701000,0.9990,0,-0.066559,0.052228,1.763000,0.9990,0
793,26.452386,1,0.165884,-0.533567,1.678000,0.9996,0,-0.165833,-0.504261,1.739000,0.9992,0,0.394990,-0.460184,1.643000,0.9478,0,-0.400852,-0.443247,1.692000,0.9327,0,0.612048,-0.449167,1.549000,0.9140,0,-0.632627,-0.411464,1.643000,0.9582,0,0.160360,0.027595,1.678000,0.9989,0,-0.066559,0.052228,1.763000,0.9990,0
794,26.485744,1,0.164500,-0.529115,1.664000,0.9996,0,-0.166309,-0.505711,1.744000,0.9992,0,0.395952,-0.461304,1.647000,0.9469,0,-0.407486,-0.450582,1.720000,0.9313,0,0.613629,-0.450327,1.553000,0.9128,0,-0.635331,-0.411464,1.643000,0.9574,0,0.161221,0.027743,1.687000,0.9989,0,-0.065993,0.048904,1.748000,0.9990,0
795,26.519101,1,0.164994,-0.530705,1.669000,0.9996,0,-0.165833,-0.504261,1.739000,0.9992,0,0.395952,-0.461304,1.647000,0.9467,0,-0.399668,-0.441937,1.687000,0.9315,0,0.613629,-0.450327,1.553000,0.9108,0,-0.633397,-0.410211,1.638000,0.9567,0,0.160743,0.027661,1.682000,0.9989,0,-0.066559,0.049324,1.763000,0.9990,0
796,26.552458,1,0.163709,-0.526572,1.656000,0.9996,0,-0.166309,-0.505711,1.744000,0.9992,0,0.395952,-0.461304,1.647000,0.9453,0,-0.402985,-0.445604,1.701000,0.9300,0,0.613629,-0.450327,1.553000,0.9070,0,-0.629161,-0.409210,1.634000,0.9559,0,0.158640,0.027299,1.660000,0.9989,0,-0.068713,0.048792,1.744000,0.9990,0
797,26.585815,1,0.164994,-0.530705,1.669000,0.9996,0,-0.165833,-0.504261,1.739000,0.9992,0,0.395952,-0.461304,1.647000,0.9457,0,-0.405784,-0.445604,1.701000,0.9300,0,0.617975,-0.453516,1.564000,0.9084,0,-0.635331,-0.411464,1.643000,0.9568,0,0.159883,0.027513,1.673000,0.9989,0,-0.069067,0.049044,1.753000,0.9990,0
798,26.619172,1,0.167664,-0.539291,1.696000,0.9996,0,-0.165833,-0.504261,1.739000,0.9992,0,0.398115,-0.463825,1.656000,0.9448,0,-0.406738,-0.446652,1.705000,0.9296,0,0.610468,-0.448007,1.545000,0.9052,0,-0.636093,-0.410211,1.638000,0.9569,0,0.160743,0.027661,1.682000,0.9989,0,-0.068870,0.051784,1.748000,0.9990,0
799,26.652530,1,0.165390,-0.534733,1.673000,0.9996,0,-0.166309,-0.505711,1.744000,0.9992,0,0.396913,-0.462425,1.651000,0.9452,0,-0.405784,-0.445604,1.701000,0.9290,0,0.615209,-0.451487,1.557000,0.9060,0,-0.633397,-0.410211,1.638000,0.9571,0,0.160360,0.027595,1.678000,0.9989,0,-0.069264,0.049184,1.758000,0.9990,0
800,26.685887,1,0.165884,-0.536331,1.678000,0.9996,0,-0.164879,-0.501362,1.729000,0.9992,0,0.398115,-0.463825,1.656000,0.9455,0,-0.403637,-0.443247,1.692000,0.9295,0,0.613629,-0.447768,1.553000,0.9061,0,-0.630304,-0.408208,1.630000,0.9574,0,0.156753,0.027447,1.669000,0.9989,0,-0.068713,0.048792,1.744000,0.9990,0
801,26.719244,1,0.165884,-0.536331,1.678000,0.9996,0,-0.165833,-0.504261,1.739000,0.9992,0,0.396913,-0.462425,1.651000,0.9452,0,-0.405784,-0.445604,1.701000,0.9268,0,0.610468,-0.445462,1.545000,0.9073,0,-0.630304,-0.405523,1.630000,0.9565,0,0.157129,0.027513,1.673000,0.9989,0,-0.068713,0.048792,1.744000,0.9990,0
802,26.752601,1,0.163709,-0.529300,1.656000,0.9996,0,-0.165833,-0.504261,1.739000,0.9992,0,0.395952,-0.461304,1.647000,0.9436,0,-0.404591,-0.444295,1.696000,0.9276,0,0.608887,-0.444308,1.541000,0.9034,0,-0.630304,-0.405523,1.630000,0.9576,0,0.159883,0.027513,1.673000,0.9989,0,-0.066182,0.049044,1.753000,0.9990,0
803,26.785958,1,0.164105,-0.530578,1.660000,0.9996,0,-0.165833,-0.504261,1.739000,0.9992,0,0.394990,-0.460184,1.643000,0.9447,0,-0.406738,-0.446652,1.705000,0.9295,0,0.612048,-0.446615,1.549000,0.9055,0,-0.630304,-0.405523,1.630000,0.9592,0,0.158640,0.027299,1.660000,0.9989,0,-0.066182,0.049044,1.753000,0.9990,0
804,26.819315,1,0.164500,-0.531857,1.664000,0.9996,0,-0.166309,-0.505711,1.744000,0.9992,0,0.394990,-0.460184,1.643000,0.9459,0,-0.407931,-0.447962,1.710000,0.9313,0,0.609499,-0.446615,1.549000,0.9082,0,-0.630304,-0.405523,1.630000,0.9604,0,0.160743,0.027661,1.682000,0.9989,0,-0.065465,0.048512,1.734000,0.9990,0
805,26.852673,1,0.165390,-0.534733,1.673000,0.9996,0,-0.165356,-0.502812,1.734000,0.9993,0,0.394990,-0.460184,1.643000,0.9465,0,-0.405784,-0.445604,1.701000,0.9330,0,0.611072,-0.447768,1.553000,0.9101,0,-0.631851,-0.406518,1.634000,0.9616,0,0.160360,0.027595,1.678000,0.9989,0,-0.069658,0.049464,1.768000,0.9990,0
806,26.886030,1,0.164500,-0.531857,1.664000,0.9996,0,-0.165833,-0.504261,1.739000,0.9992,0,0.398115,-0.463825,1.656000,0.9464,0,-0.406738,-0.446652,1.705000,0.9309,0,0.612048,-0.446615,1.549000,0.9107,0,-0.628370,-0.404279,1.625000,0.9597,0,0.160360,0.027595,1.678000,0.9989,0,-0.068516,0.048652,1.739000,0.9990,0
807,26.919387,1,0.164500,-0.531857,1.664000,0.9996,0,-0.166309,-0.505711,1.744000,0.9992,0,0.394990,-0.460184,1.643000,0.9463,0,-0.410317,-0.450582,1.720000,0.9298,0,0.615209,-0.448922,1.557000,0.9097,0,-0.633397,-0.407513,1.638000,0.9583,0,0.160743,0.027661,1.682000,0.9989,0,-0.068713,0.048792,1.744000,0.9990,0
808,26.952744,1,0.164500,-0.531857,1.664000,0.9996,0,-0.165356,-0.502812,1.734000,0.9992,0,0.395952,-0.461304,1.647000,0.9441,0,-0.405784,-0.445604,1.701000,0.9298,0,0.612048,-0.446615,1.549000,0.9061,0,-0.631851,-0.406518,1.634000,0.9593,0,0.160360,0.027595,1.678000,0.9989,0,-0.068713,0.048792,1.744000,0.9990,0
809,26.986101,1,0.164500,-0.531857,1.664000,0.9996,0,-0.166309,-0.505711,1.744000,0.9992,0,0.392826,-0.457663,1.634000,0.9448,0,-0.407383,-0.444295,1.696000,0.9310,0,0.615209,-0.448922,1.557000,0.9081,0,-0.633397,-0.407513,1.638000,0.9606,0,0.159883,0.027513,1.673000,0.9988,0,-0.068713,0.048792,1.744000,0.9990,0
810,27.019458,1,0.164105,-0.530578,1.660000,0.9996,0,-0.165833,-0.504261,1.739000,0.9992,0,0.393788,-0.458784,1.638000,0.9449,0,-0.409545,-0.446652,1.705000,0.9304,0,0.608887,-0.444308,1.541000,0.9080,0,-0.637230,-0.406518,1.634000,0.9604,0,0.157599,0.027595,1.678000,0.9988,0,-0.068713,0.048792,1.744000,0.9990,0
811,27.052816,1,0.164105,-0.530578,1.660000,0.9996,0,-0.165356,-0.502812,1.734000,0.9992,0,0.394990,-0.460184,1.643000,0.9443,0,-0.404020,-0.440627,1.682000,0.9309,0,0.612048,-0.446615,1.549000,0.9070,0,-0.640739,-0.408757,1.643000,0.9616,0,0.156284,0.027365,1.664000,0.9988,0,-0.068319,0.048512,1.734000,0.9989,0
812,27.086173,1,0.166280,-0.537610,1.682000,0.9995,0,-0.168210,-0.502812,1.734000,0.9992,0,0.393241,-0.461304,1.647000,0.9438,0,-0.406422,-0.443247,1.692000,0.9293,0,0.615209,-0.448922,1.557000,0.9063,0,-0.635670,-0.405523,1.630000,0.9617,0,0.157599,0.027595,1.678000,0.9988,0,-0.068870,0.048904,1.748000,0.9989,0
813,27.119530,1,0.164105,-0.530578,1.660000,0.9995,0,-0.168210,-0.502812,1.734000,0.9992,0,0.401241,-0.467466,1.669000,0.9429,0,-0.411384,-0.445604,1.701000,0.9283,0,0.616394,-0.449786,1.560000,0.9043,0,-0.641486,-0.407513,1.638000,0.9616,0,0.158444,0.027743,1.687000,0.9988,0,-0.071952,0.046156,1.753000,0.9989,0
814,27.152887,1,0.164105,-0.530578,1.660000,0.9995,0,-0.165356,-0.502812,1.734000,0.9992,0,0.396913,-0.462425,1.651000,0.9412,0,-0.403059,-0.439579,1.678000,0.9257,0,0.610468,-0.445462,1.545000,0.9030,0,-0.633720,-0.404279,1.625000,0.9605,0,0.156753,0.027447,1.669000,0.9988,0,-0.071747,0.046025,1.748000,0.9989,0
815,27.186244,1,0.163709,-0.529300,1.656000,0.9995,0,-0.166309,-0.505711,1.744000,0.9992,0,0.396913,-0.462425,1.651000,0.9392,0,-0.407383,-0.444295,1.696000,0.9247,0,0.614598,-0.446615,1.549000,0.8996,0,-0.629040,-0.401293,1.613000,0.9604,0,0.156284,0.024624,1.664000,0.9987,0,-0.069264,0.043392,1.758000,0.9989,0
816,27.219602,1,0.164500,-0.534598,1.664000,0.9995,0,-0.165356,-0.502812,1.734000,0.9992,0,0.401241,-0.467466,1.669000,0.9402,0,-0.404020,-0.440627,1.682000,0.9265,0,0.612048,-0.446615,1.549000,0.9004,0,-0.641486,-0.407513,1.638000,0.9609,0,0.157599,0.024831,1.678000,0.9988,0,-0.068516,0.045788,1.739000,0.9989,0
817,27.252959,1,0.164105,-0.530578,1.660000,0.9995,0,-0.168695,-0.504261,1.739000,0.9992,0,0.400039,-0.466066,1.664000,0.9407,0,-0.406422,-0.443247,1.692000,0.9281,0,0.616394,-0.449786,1.560000,0.9011,0,-0.639919,-0.403826,1.634000,0.9618,0,0.158913,0.027826,1.692000,0.9988,0,-0.068870,0.048904,1.748000,0.9990,0
818,27.286316,1,0.165390,-0.534733,1.673000,0.9995,0,-0.169568,-0.509751,1.748000,0.9992,0,0.398115,-0.463825,1.656000,0.9409,0,-0.405784,-0.445604,1.701000,0.9276,0,0.614598,-0.446615,1.549000,0.9014,0,-0.634540,-0.403826,1.634000,0.9619,0,0.152807,0.027234,1.656000,0.9988,0,-0.071378,0.045788,1.739000,0.9990,0
819,27.319673,1,0.164994,-0.533455,1.669000,0.9995,0,-0.168210,-0.505668,1.734000,0.9992,0,0.394990,-0.460184,1.643000,0.9408,0,-0.404591,-0.444295,1.696000,0.9274,0,0.617772,-0.448922,1.557000,0.9013,0,-0.636093,-0.404815,1.638000,0.9629,0,0.152807,0.027234,1.656000,0.9988,0,-0.068516,0.048652,1.739000,0.9990,0
820,27.353030,1,0.161930,-0.523546,1.638000,0.9995,0,-0.168210,-0.505668,1.734000,0.9992,0,0.394990,-0.460184,1.643000,0.9416,0,-0.407931,-0.447962,1.710000,0.9295,0,0.616185,-0.447768,1.553000,0.9017,0,-0.631045,-0.401602,1.625000,0.9641,0,0.155532,0.027234,1.656000,0.9988,0,-0.067925,0.048233,1.724000,0.9990,0
821,27.386387,1,0.163709,-0.529300,1.656000,0.9995,0,-0.168695,-0.507126,1.739000,0.9992,0,0.394990,-0.460184,1.643000,0.9412,0,-0.403637,-0.443247,1.692000,0.9292,0,0.613011,-0.445462,1.545000,0.9006,0,-0.637230,-0.403826,1.634000,0.9640,0,0.156284,0.027365,1.664000,0.9988,0,-0.070967,0.048373,1.729000,0.9989,0
822,27.419745,1,0.164105,-0.530578,1.660000,0.9995,0,-0.168210,-0.505668,1.734000,0.9992,0,0.398662,-0.461304,1.647000,0.9401,0,-0.405784,-0.445604,1.701000,0.9290,0,0.620549,-0.450940,1.564000,0.9006,0,-0.630600,-0.399625,1.617000,0.9651,0,0.156753,0.027447,1.669000,0.9988,0,-0.071583,0.048792,1.744000,0.9989,0
823,27.453102,1,0.164994,-0.533455,1.669000,0.9995,0,-0.168695,-0.507126,1.739000,0.9992,0,0.398115,-0.463825,1.656000,0.9397,0,-0.404591,-0.444295,1.696000,0.9294,0,0.618962,-0.449786,1.560000,0.8993,0,-0.632160,-0.400613,1.621000,0.9654,0,0.154687,0.029799,1.647000,0.9988,0,-0.071378,0.048652,1.739000,0.9989,0
824,27.486459,1,0.164105,-0.530578,1.660000,0.9995,0,-0.167725,-0.504210,1.729000,0.9992,0,0.398115,-0.463825,1.656000,0.9396,0,-0.405784,-0.445604,1.701000,0.9288,0,0.616185,-0.447768,1.553000,0.9006,0,-0.631045,-0.401602,1.625000,0.9653,0,0.157129,0.027513,1.673000,0.9988,0,-0.071952,0.049044,1.753000,0.9990,0
825,27.519817,1,0.164500,-0.531857,1.664000,0.9995,0,-0.167725,-0.504210,1.729000,0.9992,0,0.393788,-0.458784,1.638000,0.9403,0,-0.403637,-0.443247,1.692000,0.9287,0,0.617772,-0.451487,1.557000,0.9027,0,-0.632987,-0.402837,1.630000,0.9663,0,0.156284,0.027365,1.664000,0.9988,0,-0.071952,0.049044,1.753000,0.9990,0
826,27.553174,1,0.164500,-0.531857,1.664000,0.9995,0,-0.168695,-0.507126,1.739000,0.9992,0,0.396913,-0.462425,1.651000,0.9411,0,-0.407931,-0.447962,1.710000,0.9299,0,0.617772,-0.451487,1.557000,0.9033,0,-0.632987,-0.402837,1.630000,0.9665,0,0.156753,0.030197,1.669000,0.9988,0,-0.071952,0.051932,1.753000,0.9990,0
827,27.586531,1,0.163709,-0.529300,1.656000,0.9995,0,-0.169180,-0.508584,1.744000,0.9992,0,0.393788,-0.458784,1.638000,0.9419,0,-0.403637,-0.443247,1.692000,0.9310,0,0.614598,-0.449167,1.549000,0.9042,0,-0.632987,-0.402837,1.630000,0.9666,0,0.154006,0.027447,1.669000,0.9988,0,-0.071173,0.051369,1.734000,0.9990,0
828,27.619889,1,0.164500,-0.531857,1.664000,0.9995,0,-0.168695,-0.507126,1.739000,0.9992,0,0.395952,-0.461304,1.647000,0.9418,0,-0.405784,-0.445604,1.701000,0.9302,0,0.620549,-0.453516,1.564000,0.9046,0,-0.627938,-0.399625,1.617000,0.9667,0,0.153545,0.030106,1.664000,0.9988,0,-0.068713,0.051665,1.744000,0.9989,0
829,27.653246,1,0.164105,-0.530578,1.660000,0.9995,0,-0.163067,-0.498669,1.710000,0.9992,0,0.394990,-0.460184,1.643000,0.9416,0,-0.407486,-0.450582,1.720000,0.9302,0,0.616185,-0.450327,1.553000,0.9045,0,-0.630304,-0.402837,1.630000,0.9664,0,0.153176,0.027299,1.660000,0.9988,0,-0.071952,0.051932,1.753000,0.9989,0
830,27.686603,1,0.166280,-0.537610,1.682000,0.9995,0,-0.165356,-0.505668,1.734000,0.9992,0,0.392826,-0.457663,1.634000,0.9404,0,-0.406301,-0.449272,1.715000,0.9301,0,0.618962,-0.452356,1.560000,0.9014,0,-0.630304,-0.402837,1.630000,0.9663,0,0.154837,0.027595,1.678000,0.9988,0,-0.070967,0.051221,1.729000,0.9990,0
831,27.719960,1,0.163215,-0.527701,1.651000,0.9995,0,-0.165356,-0.505668,1.734000,0.9992,0,0.398662,-0.461304,1.647000,0.9413,0,-0.406738,-0.446652,1.705000,0.9293,0,0.613011,-0.448007,1.545000,0.9030,0,-0.635331,-0.406050,1.643000,0.9659,0,0.154006,0.027447,1.669000,0.9988,0,-0.068713,0.048792,1.744000,0.9990,0
832,27.753318,1,0.164994,-0.533455,1.669000,0.9995,0,-0.165833,-0.507126,1.739000,0.9993,0,0.399631,-0.462425,1.651000,0.9417,0,-0.402444,-0.441937,1.687000,0.9296,0,0.617772,-0.451487,1.557000,0.9036,0,-0.627938,-0.399625,1.617000,0.9663,0,0.153545,0.027365,1.664000,0.9988,0,-0.071378,0.048652,1.739000,0.9990,0
833,27.786675,1,0.164994,-0.533455,1.669000,0.9996,0,-0.165356,-0.505668,1.734000,0.9993,0,0.396484,-0.461482,1.638000,0.9423,0,-0.401252,-0.440627,1.682000,0.9293,0,0.623723,-0.455836,1.572000,0.9044,0,-0.631045,-0.401602,1.625000,0.9658,0,0.156284,0.027365,1.664000,0.9988,0,-0.071747,0.048904,1.748000,0.9990,0
834,27.820032,1,0.164500,-0.531857,1.664000,0.9995,0,-0.165356,-0.505668,1.734000,0.9993,0,0.396484,-0.461482,1.638000,0.9426,0,-0.403637,-0.443247,1.692000,0.9291,0,0.614598,-0.449167,1.549000,0.9034,0,-0.631045,-0.401602,1.625000,0.9653,0,0.157129,0.027513,1.673000,0.9988,0,-0.071747,0.048904,1.748000,0.9990,0
835,27.853390,1,0.164500,-0.531857,1.664000,0.9995,0,-0.164021,-0.501585,1.720000,0.9993,0,0.396484,-0.461482,1.638000,0.9425,0,-0.405784,-0.445604,1.701000,0.9298,0,0.607059,-0.443657,1.530000,0.9030,0,-0.636093,-0.404815,1.638000,0.9662,0,0.157599,0.027595,1.678000,0.9988,0,-0.071747,0.048904,1.748000,0.9990,0
836,27.886747,1,0.163709,-0.529300,1.656000,0.9995,0,-0.164879,-0.504210,1.729000,0.9993,0,0.395516,-0.460355,1.634000,0.9424,0,-0.406738,-0.446652,1.705000,0.9294,0,0.616185,-0.452885,1.553000,0.9040,0,-0.632987,-0.400152,1.630000,0.9665,0,0.155063,0.027151,1.651000,0.9988,0,-0.071378,0.048652,1.739000,0.9990,0
837,27.920104,1,0.164500,-0.531857,1.664000,0.9995,0,-0.166309,-0.508584,1.744000,0.9993,0,0.402777,-0.468807,1.664000,0.9422,0,-0.401800,-0.444295,1.696000,0.9310,0,0.614598,-0.451719,1.549000,0.9027,0,-0.631851,-0.401134,1.634000,0.9677,0,0.157129,0.030269,1.673000,0.9988,0,-0.071173,0.048512,1.734000,0.9990,0
838,27.953462,1,0.164994,-0.533455,1.669000,0.9995,0,-0.165356,-0.505668,1.734000,0.9993,0,0.402777,-0.468807,1.664000,0.9418,0,-0.401800,-0.444295,1.696000,0.9311,0,0.613011,-0.450552,1.545000,0.9036,0,-0.636093,-0.402116,1.638000,0.9685,0,0.156753,0.030197,1.669000,0.9988,0,-0.071173,0.048512,1.734000,0.9990,0
839,27.986819,1,0.164105,-0.530578,1.660000,0.9995,0,-0.168210,-0.505668,1.734000,0.9993,0,0.401809,-0.467680,1.660000,0.9418,0,-0.405784,-0.445604,1.701000,0.9323,0,0.617772,-0.454051,1.557000,0.9032,0,-0.636093,-0.402116,1.638000,0.9691,0,0.155908,0.030034,1.660000,0.9988,0,-0.071378,0.051517,1.739000,0.9990,0
840,28.020176,1,0.164105,-0.530578,1.660000,0.9995,0,-0.167725,-0.504210,1.729000,0.9993,0,0.394990,-0.462891,1.643000,0.9409,0,-0.401252,-0.440627,1.682000,0.9319,0,0.617772,-0.454051,1.557000,0.9021,0,-0.631045,-0.398925,1.625000,0.9690,0,0.157599,0.030360,1.678000,0.9988,0,-0.071378,0.051517,1.739000,0.9990,0
841,28.053533,1,0.162820,-0.529136,1.647000,0.9995,0,-0.167240,-0.502752,1.724000,0.9993,0,0.401809,-0.467680,1.660000,0.9421,0,-0.398150,-0.437222,1.669000,0.9332,0,0.616185,-0.452885,1.553000,0.9042,0,-0.637230,-0.401134,1.634000,0.9693,0,0.156753,0.030197,1.669000,0.9989,0,-0.071583,0.051665,1.744000,0.9990,0
842,28.086891,1,0.164994,-0.536204,1.669000,0.9995,0,-0.168695,-0.507126,1.739000,0.9993,0,0.398662,-0.464018,1.647000,0.9426,0,-0.404591,-0.444295,1.696000,0.9319,0,0.622136,-0.457259,1.568000,0.9060,0,-0.633720,-0.398925,1.625000,0.9692,0,0.157974,0.030432,1.682000,0.9988,0,-0.071378,0.051517,1.739000,0.9990,0
843,28.120248,1,0.164105,-0.533313,1.660000,0.9995,0,-0.167725,-0.504210,1.729000,0.9993,0,0.397694,-0.462891,1.643000,0.9442,0,-0.403637,-0.443247,1.692000,0.9340,0,0.609836,-0.448219,1.537000,0.9086,0,-0.637230,-0.401134,1.634000,0.9702,0,0.159883,0.030269,1.673000,0.9988,0,-0.071747,0.051784,1.748000,0.9990,0
844,28.153605,1,0.163709,-0.532028,1.656000,0.9995,0,-0.167240,-0.502752,1.724000,0.9993,0,0.396484,-0.461482,1.638000,0.9445,0,-0.409545,-0.446652,1.705000,0.9340,0,0.617772,-0.454051,1.557000,0.9094,0,-0.635670,-0.400152,1.630000,0.9702,0,0.161698,0.027826,1.692000,0.9988,0,-0.071747,0.051784,1.748000,0.9990,0
845,28.186963,1,0.162424,-0.527851,1.643000,0.9995,0,-0.167240,-0.502752,1.724000,0.9993,0,0.398662,-0.464018,1.647000,0.9425,0,-0.408584,-0.445604,1.701000,0.9314,0,0.609836,-0.448219,1.537000,0.9065,0,-0.635670,-0.400152,1.630000,0.9696,0,0.158640,0.027299,1.660000,0.9988,0,-0.070598,0.050954,1.720000,0.9990,0
846,28.220320,1,0.163709,-0.532028,1.656000,0.9995,0,-0.167240,-0.502752,1.724000,0.9993,0,0.397694,-0.462891,1.643000,0.9416,0,-0.406422,-0.443247,1.692000,0.9320,0,0.611423,-0.451924,1.541000,0.9041,0,-0.635670,-0.400152,1.630000,0.9698,0,0.160743,0.027661,1.682000,0.9987,0,-0.071747,0.051784,1.748000,0.9990,0
847,28.253677,1,0.163215,-0.530421,1.651000,0.9995,0,-0.167240,-0.502752,1.724000,0.9993,0,0.401373,-0.464018,1.647000,0.9422,0,-0.405221,-0.441937,1.687000,0.9332,0,0.617147,-0.454270,1.549000,0.9058,0,-0.635670,-0.400152,1.630000,0.9707,0,0.157016,0.027020,1.643000,0.9988,0,-0.068516,0.051517,1.739000,0.9990,0
848,28.287035,1,0.163709,-0.532028,1.656000,0.9995,0,-0.170077,-0.502752,1.724000,0.9993,0,0.399180,-0.461482,1.638000,0.9418,0,-0.401858,-0.438269,1.673000,0.9315,0,0.620335,-0.456617,1.557000,0.9068,0,-0.632160,-0.397943,1.621000,0.9702,0,0.159500,0.027447,1.669000,0.9988,0,-0.068319,0.051369,1.734000,0.9990,0
849,28.320392,1,0.163709,-0.532028,1.656000,0.9995,0,-0.170571,-0.504210,1.729000,0.9993,0,0.400398,-0.462891,1.643000,0.9412,0,-0.404020,-0.440627,1.682000,0.9309,0,0.615553,-0.453097,1.545000,0.9061,0,-0.635670,-0.400152,1.630000,0.9705,0,0.159500,0.027447,1.669000,0.9988,0,-0.068713,0.051665,1.744000,0.9990,0
850,28.353749,1,0.163709,-0.532028,1.656000,0.9995,0,-0.170077,-0.502752,1.724000,0.9993,0,0.399180,-0.461482,1.638000,0.9398,0,-0.411947,-0.449272,1.715000,0.9289,0,0.613960,-0.451924,1.541000,0.9039,0,-0.638789,-0.402116,1.638000,0.9700,0,0.158640,0.027299,1.660000,0.9988,0,-0.068516,0.051517,1.739000,0.9990,0
851,28.387107,1,0.163215,-0.530421,1.651000,0.9995,0,-0.170077,-0.502752,1.724000,0.9993,0,0.401373,-0.466731,1.647000,0.9408,0,-0.405221,-0.441937,1.687000,0.9296,0,0.617147,-0.454270,1.549000,0.9049,0,-0.637230,-0.401134,1.634000,0.9693,0,0.158258,0.027234,1.656000,0.9988,0,-0.068319,0.051369,1.734000,0.9990,0
852,28.420464,1,0.161930,-0.526245,1.638000,0.9995,0,-0.170571,-0.504210,1.729000,0.9992,0,0.399180,-0.464180,1.638000,0.9403,0,-0.403059,-0.439579,1.678000,0.9291,0,0.611171,-0.449871,1.534000,0.9036,0,-0.642299,-0.401612,1.647000,0.9693,0,0.159500,0.027447,1.669000,0.9988,0,-0.068319,0.051369,1.734000,0.9990,0
853,28.453822,1,0.162820,-0.529136,1.647000,0.9995,0,-0.167240,-0.502752,1.724000,0.9992,0,0.399180,-0.464180,1.638000,0.9407,0,-0.400297,-0.439579,1.678000,0.9291,0,0.611171,-0.449871,1.534000,0.9041,0,-0.632160,-0.395272,1.621000,0.9694,0,0.160360,0.027595,1.678000,0.9987,0,-0.068516,0.051517,1.739000,0.9990,0
854,28.487179,1,0.161930,-0.526245,1.638000,0.9995,0,-0.166367,-0.500127,1.715000,0.9992,0,0.397694,-0.465597,1.643000,0.9425,0,-0.396958,-0.435912,1.664000,0.9307,0,0.613960,-0.451924,1.541000,0.9076,0,-0.632160,-0.395272,1.621000,0.9704,0,0.158258,0.027234,1.656000,0.9988,0,-0.068122,0.051221,1.729000,0.9990,0
855,28.520537,1,0.162820,-0.529136,1.647000,0.9995,0,-0.166367,-0.502953,1.715000,0.9992,0,0.396484,-0.464180,1.638000,0.9430,0,-0.409124,-0.449272,1.715000,0.9306,0,0.607984,-0.447525,1.526000,0.9084,0,-0.633720,-0.396248,1.625000,0.9703,0,0.159500,0.027447,1.669000,0.9988,0,-0.068319,0.051369,1.734000,0.9990,0
856,28.553895,1,0.164500,-0.534598,1.664000,0.9995,0,-0.167240,-0.505592,1.724000,0.9993,0,0.396012,-0.460497,1.625000,0.9435,0,-0.401252,-0.440627,1.682000,0.9318,0,0.615553,-0.453097,1.545000,0.9089,0,-0.632160,-0.395272,1.621000,0.9708,0,0.157780,0.027151,1.651000,0.9988,0,-0.068516,0.051517,1.739000,0.9990,0
857,28.587252,1,0.162424,-0.527851,1.643000,0.9995,0,-0.166852,-0.504419,1.720000,0.9993,0,0.398205,-0.463047,1.634000,0.9428,0,-0.398150,-0.437222,1.669000,0.9313,0,0.607984,-0.447525,1.526000,0.9077,0,-0.632160,-0.395272,1.621000,0.9714,0,0.162558,0.027974,1.701000,0.9987,0,-0.068516,0.051517,1.739000,0.9990,0
858,28.620610,1,0.163709,-0.532028,1.656000,0.9995,0,-0.169189,-0.502953,1.715000,0.9993,0,0.402348,-0.467864,1.651000,0.9427,0,-0.403637,-0.443247,1.692000,0.9319,0,0.610495,-0.447525,1.526000,0.9072,0,-0.633720,-0.396248,1.625000,0.9720,0,0.162081,0.027891,1.696000,0.9987,0,-0.068870,0.051784,1.748000,0.9990,0
859,28.653967,1,0.162424,-0.527851,1.643000,0.9994,0,-0.170571,-0.507058,1.729000,0.9992,0,0.398205,-0.463047,1.634000,0.9418,0,-0.408584,-0.445604,1.701000,0.9292,0,0.621297,-0.455443,1.553000,0.9060,0,-0.635670,-0.397467,1.630000,0.9698,0,0.159883,0.030269,1.673000,0.9987,0,-0.068713,0.051665,1.744000,0.9989,0
860,28.687325,1,0.163709,-0.532028,1.656000,0.9994,0,-0.169189,-0.502953,1.715000,0.9992,0,0.400398,-0.465597,1.643000,0.9415,0,-0.396574,-0.432506,1.651000,0.9281,0,0.610495,-0.447525,1.526000,0.9055,0,-0.633720,-0.396248,1.625000,0.9687,0,0.158258,0.027234,1.656000,0.9987,0,-0.069067,0.051932,1.753000,0.9989,0
861,28.720682,1,0.163709,-0.534756,1.656000,0.9994,0,-0.170077,-0.505592,1.724000,0.9992,0,0.401373,-0.466731,1.647000,0.9406,0,-0.399696,-0.435912,1.664000,0.9273,0,0.623853,-0.455443,1.553000,0.9031,0,-0.630600,-0.394297,1.617000,0.9684,0,0.159883,0.027513,1.673000,0.9987,0,-0.068516,0.051517,1.739000,0.9989,0
862,28.754040,1,0.162820,-0.531850,1.647000,0.9994,0,-0.169189,-0.502953,1.715000,0.9992,0,0.402348,-0.467864,1.651000,0.9386,0,-0.401858,-0.438269,1.673000,0.9237,0,0.612096,-0.448698,1.530000,0.9022,0,-0.635670,-0.400152,1.630000,0.9676,0,0.158258,0.027234,1.656000,0.9987,0,-0.069067,0.049044,1.753000,0.9989,0
863,28.787397,1,0.162820,-0.531850,1.647000,0.9994,0,-0.169683,-0.504419,1.720000,0.9992,0,0.393337,-0.457819,1.625000,0.9395,0,-0.401858,-0.438269,1.673000,0.9255,0,0.614896,-0.450751,1.537000,0.9030,0,-0.630600,-0.396961,1.617000,0.9685,0,0.159500,0.027447,1.669000,0.9987,0,-0.068870,0.048904,1.748000,0.9989,0
864,28.820755,1,0.163215,-0.533141,1.651000,0.9994,0,-0.168696,-0.501486,1.710000,0.9992,0,0.395516,-0.460355,1.634000,0.9399,0,-0.400897,-0.437222,1.669000,0.9268,0,0.618096,-0.453097,1.545000,0.9033,0,-0.632160,-0.397943,1.621000,0.9696,0,0.158258,0.027234,1.656000,0.9987,0,-0.068319,0.048512,1.734000,0.9989,0
865,28.854113,1,0.163215,-0.533141,1.651000,0.9994,0,-0.169189,-0.505778,1.715000,0.9992,0,0.400398,-0.462891,1.643000,0.9388,0,-0.403059,-0.439579,1.678000,0.9233,0,0.616221,-0.449871,1.534000,0.9028,0,-0.633261,-0.394297,1.617000,0.9690,0,0.159022,0.027365,1.664000,0.9987,0,-0.068516,0.048652,1.739000,0.9989,0
866,28.887470,1,0.163709,-0.534756,1.656000,0.9994,0,-0.169189,-0.505778,1.715000,0.9992,0,0.394062,-0.455566,1.617000,0.9390,0,-0.407998,-0.441937,1.687000,0.9230,0,0.614614,-0.448698,1.530000,0.9023,0,-0.633261,-0.394297,1.617000,0.9682,0,0.158640,0.027299,1.660000,0.9986,0,-0.068870,0.048904,1.748000,0.9989,0
867,28.920828,1,0.161534,-0.527652,1.634000,0.9994,0,-0.168696,-0.504303,1.710000,0.9992,0,0.400398,-0.462891,1.643000,0.9372,0,-0.402435,-0.435912,1.664000,0.9211,0,0.617426,-0.450751,1.537000,0.8982,0,-0.634828,-0.395272,1.621000,0.9675,0,0.159500,0.027447,1.669000,0.9986,0,-0.068122,0.048373,1.729000,0.9989,0
868,28.954186,1,0.162424,-0.530558,1.643000,0.9994,0,-0.169189,-0.505778,1.715000,0.9992,0,0.396012,-0.457819,1.625000,0.9384,0,-0.409207,-0.443247,1.692000,0.9228,0,0.613007,-0.447525,1.526000,0.8999,0,-0.630128,-0.392346,1.609000,0.9687,0,0.157398,0.027086,1.647000,0.9986,0,-0.068516,0.048652,1.739000,0.9989,0
869,28.987543,1,0.163215,-0.535861,1.651000,0.9994,0,-0.169683,-0.507253,1.720000,0.9992,0,0.392369,-0.456693,1.621000,0.9359,0,-0.401468,-0.434864,1.660000,0.9209,0,0.608588,-0.444299,1.515000,0.8955,0,-0.636394,-0.396248,1.625000,0.9681,0,0.160360,0.027595,1.678000,0.9986,0,-0.068713,0.048792,1.744000,0.9989,0
870,29.020901,1,0.162424,-0.533265,1.643000,0.9994,0,-0.169189,-0.505778,1.715000,0.9992,0,0.394548,-0.459228,1.630000,0.9367,0,-0.407998,-0.441937,1.687000,0.9219,0,0.616496,-0.451924,1.541000,0.8967,0,-0.631695,-0.393322,1.613000,0.9690,0,0.157780,0.027151,1.651000,0.9986,0,-0.068870,0.046025,1.748000,0.9989,0
871,29.054258,1,0.162424,-0.533265,1.643000,0.9994,0,-0.168696,-0.507120,1.710000,0.9992,0,0.396484,-0.461482,1.638000,0.9353,0,-0.405821,-0.439579,1.678000,0.9199,0,0.612096,-0.448698,1.530000,0.8951,0,-0.633261,-0.394297,1.617000,0.9693,0,0.159883,0.024757,1.673000,0.9985,0,-0.068319,0.045656,1.734000,0.9988,0
872,29.087616,1,0.158845,-0.533035,1.634000,0.9994,0,-0.168696,-0.507120,1.710000,0.9992,0,0.387988,-0.457819,1.625000,0.9365,0,-0.409207,-0.443247,1.692000,0.9195,0,0.607984,-0.447525,1.526000,0.8978,0,-0.633261,-0.394297,1.617000,0.9698,0,0.156753,0.024698,1.669000,0.9985,0,-0.068516,0.045788,1.739000,0.9988,0
873,29.120973,1,0.160109,-0.537276,1.647000,0.9994,0,-0.169189,-0.508603,1.715000,0.9991,0,0.393788,-0.461482,1.638000,0.9369,0,-0.409207,-0.443247,1.692000,0.9134,0,0.606390,-0.446352,1.522000,0.8995,0,-0.642608,-0.398442,1.634000,0.9658,0,0.150081,0.024505,1.656000,0.9985,0,-0.071583,0.045919,1.744000,0.9988,0
874,29.154331,1,0.160984,-0.540212,1.656000,0.9994,0,-0.167808,-0.507254,1.701000,0.9991,0,0.387033,-0.456693,1.621000,0.9381,0,-0.406789,-0.440627,1.682000,0.9096,0,0.609577,-0.448698,1.530000,0.9025,0,-0.635923,-0.394297,1.617000,0.9640,0,0.150444,0.024565,1.660000,0.9985,0,-0.071173,0.045656,1.734000,0.9988,0
875,29.187688,1,0.160498,-0.541301,1.651000,0.9994,0,-0.168696,-0.512755,1.710000,0.9991,0,0.389182,-0.459228,1.630000,0.9391,0,-0.409557,-0.443398,1.682000,0.9030,0,0.607984,-0.450039,1.526000,0.9067,0,-0.637496,-0.395272,1.621000,0.9608,0,0.150806,0.024624,1.664000,0.9985,0,-0.070762,0.042552,1.724000,0.9987,0
876,29.221046,1,0.158845,-0.535727,1.634000,0.9994,0,-0.167808,-0.510056,1.701000,0.9991,0,0.387988,-0.457819,1.625000,0.9391,0,-0.408583,-0.442344,1.678000,0.8964,0,0.613960,-0.454463,1.541000,0.9091,0,-0.632777,-0.392346,1.609000,0.9585,0,0.152075,0.022067,1.678000,0.9985,0,-0.071173,0.042799,1.734000,0.9987,0
877,29.254404,1,0.159720,-0.541385,1.643000,0.9994,0,-0.170077,-0.519793,1.724000,0.9990,0,0.388396,-0.464180,1.638000,0.9407,0,-0.409557,-0.443398,1.682000,0.8910,0,0.602695,-0.447975,1.519000,0.9134,0,-0.639069,-0.396248,1.625000,0.9568,0,0.152075,0.019302,1.678000,0.9985,0,-0.074240,0.042923,1.739000,0.9986,0
878,29.287761,1,0.159720,-0.541385,1.643000,0.9995,0,-0.168696,-0.515572,1.710000,0.9990,0,0.386877,-0.465597,1.643000,0.9429,0,-0.406392,-0.439971,1.669000,0.8881,0,0.608646,-0.452399,1.534000,0.9178,0,-0.641035,-0.397467,1.630000,0.9526,0,0.144132,0.019348,1.682000,0.9985,0,-0.077102,0.037193,1.739000,0.9986,0
879,29.321119,1,0.157780,-0.544021,1.651000,0.9995,0,-0.172915,-0.519793,1.724000,0.9991,0,0.381697,-0.459363,1.621000,0.9443,0,-0.410774,-0.444716,1.687000,0.8890,0,0.606121,-0.452399,1.534000,0.9211,0,-0.637496,-0.395272,1.621000,0.9521,0,0.140271,0.016449,1.669000,0.9986,0,-0.076437,0.034032,1.724000,0.9987,0
880,29.354477,1,0.156155,-0.541111,1.634000,0.9995,0,-0.171009,-0.514064,1.705000,0.9991,0,0.384758,-0.463047,1.634000,0.9465,0,-0.409557,-0.446169,1.682000,0.8913,0,0.608887,-0.454463,1.541000,0.9241,0,-0.639069,-0.396248,1.625000,0.9520,0,0.139178,0.016321,1.656000,0.9986,0,-0.076881,0.034229,1.734000,0.9987,0
881,29.387834,1,0.155908,-0.549721,1.660000,0.9995,0,-0.170608,-0.512858,1.701000,0.9991,0,0.383004,-0.464180,1.638000,0.9480,0,-0.409557,-0.446169,1.682000,0.8907,0,0.606351,-0.454463,1.541000,0.9268,0,-0.639069,-0.396248,1.625000,0.9504,0,0.139419,0.016676,1.692000,0.9986,0,-0.077501,0.034506,1.748000,0.9987,0
882,29.421191,1,0.153842,-0.542436,1.638000,0.9995,0,-0.171511,-0.518389,1.710000,0.9991,0,0.384173,-0.465597,1.643000,0.9481,0,-0.409557,-0.446169,1.682000,0.8869,0,0.602022,-0.451219,1.530000,0.9271,0,-0.639069,-0.398925,1.625000,0.9492,0,0.138595,0.016577,1.682000,0.9987,0,-0.077102,0.034328,1.739000,0.9987,0
883,29.454548,1,0.151607,-0.546798,1.643000,0.9996,0,-0.174835,-0.517079,1.715000,0.9991,0,0.379964,-0.460497,1.625000,0.9472,0,-0.408583,-0.445108,1.678000,0.8845,0,0.602022,-0.451219,1.530000,0.9237,0,-0.635923,-0.396961,1.617000,0.9451,0,0.138595,0.016577,1.682000,0.9987,0,-0.077324,0.034427,1.744000,0.9987,0
884,29.487906,1,0.151607,-0.546798,1.643000,0.9996,0,-0.174835,-0.519904,1.715000,0.9991,0,0.379964,-0.463174,1.625000,0.9477,0,-0.414777,-0.451609,1.692000,0.8821,0,0.600449,-0.450039,1.526000,0.9249,0,-0.637004,-0.395979,1.613000,0.9412,0,0.138266,0.013774,1.678000,0.9987,0,-0.076881,0.031373,1.734000,0.9988,0
885,29.521263,1,0.151976,-0.545416,1.647000,0.9996,0,-0.173408,-0.515660,1.701000,0.9991,0,0.379964,-0.463174,1.625000,0.9474,0,-0.412325,-0.448940,1.682000,0.8817,0,0.598875,-0.448860,1.522000,0.9242,0,-0.640164,-0.397943,1.621000,0.9403,0,0.138595,0.016577,1.682000,0.9987,0,-0.077324,0.034427,1.744000,0.9988,0
886,29.554620,1,0.151607,-0.544091,1.643000,0.9996,0,-0.174325,-0.515572,1.710000,0.9991,0,0.379964,-0.463174,1.625000,0.9470,0,-0.412325,-0.448940,1.682000,0.8799,0,0.607925,-0.455643,1.545000,0.9249,0,-0.641744,-0.398925,1.625000,0.9414,0,0.139419,0.016676,1.692000,0.9987,0,-0.077324,0.037300,1.744000,0.9988,0
887,29.587977,1,0.152345,-0.546741,1.651000,0.9996,0,-0.176262,-0.521300,1.729000,0.9991,0,0.376361,-0.462033,1.621000,0.9466,0,-0.411345,-0.447872,1.678000,0.8770,0,0.602022,-0.451219,1.530000,0.9255,0,-0.635425,-0.397648,1.609000,0.9411,0,0.142204,0.016676,1.692000,0.9987,0,-0.076881,0.037086,1.734000,0.9987,0
888,29.621335,1,0.151146,-0.542436,1.638000,0.9996,0,-0.174325,-0.515572,1.710000,0.9990,0,0.380308,-0.466879,1.638000,0.9461,0,-0.413551,-0.450274,1.687000,0.8742,0,0.611072,-0.458002,1.553000,0.9261,0,-0.638584,-0.399625,1.617000,0.9416,0,0.140271,0.016449,1.669000,0.9987,0,-0.076881,0.037086,1.734000,0.9987,0
889,29.654692,1,0.151976,-0.545416,1.647000,0.9996,0,-0.175345,-0.518587,1.720000,0.9990,0,0.377289,-0.463174,1.625000,0.9466,0,-0.410119,-0.446538,1.673000,0.8703,0,0.607925,-0.458188,1.545000,0.9275,0,-0.638584,-0.399625,1.617000,0.9381,0,0.140607,0.016489,1.673000,0.9987,0,-0.080608,0.037492,1.753000,0.9987,0
890,29.688049,1,0.152807,-0.548396,1.656000,0.9996,0,-0.174835,-0.517079,1.715000,0.9990,0,0.379379,-0.465739,1.634000,0.9459,0,-0.413551,-0.450274,1.687000,0.8672,0,0.603596,-0.454926,1.534000,0.9266,0,-0.641744,-0.398925,1.625000,0.9377,0,0.141364,0.016577,1.682000,0.9987,0,-0.080378,0.037386,1.748000,0.9987,0
891,29.721406,1,0.151607,-0.544091,1.643000,0.9996,0,-0.176262,-0.521300,1.729000,0.9990,0,0.378450,-0.467284,1.630000,0.9466,0,-0.411345,-0.447872,1.678000,0.8659,0,0.607925,-0.458188,1.545000,0.9281,0,-0.643718,-0.400152,1.630000,0.9369,0,0.142960,0.016765,1.701000,0.9987,0,-0.079965,0.037193,1.739000,0.9987,0
892,29.754764,1,0.152807,-0.548396,1.656000,0.9996,0,-0.175752,-0.519793,1.724000,0.9990,0,0.377289,-0.465851,1.625000,0.9470,0,-0.414777,-0.451609,1.692000,0.8676,0,0.606351,-0.459540,1.541000,0.9282,0,-0.640164,-0.397943,1.621000,0.9390,0,0.141027,0.016538,1.678000,0.9987,0,-0.079735,0.037086,1.734000,0.9987,0
893,29.788121,1,0.153545,-0.551046,1.664000,0.9996,0,-0.176262,-0.521300,1.729000,0.9990,0,0.379964,-0.465851,1.625000,0.9455,0,-0.401539,-0.434498,1.638000,0.8645,0,0.607925,-0.460733,1.545000,0.9270,0,-0.640164,-0.397943,1.621000,0.9390,0,0.141027,0.019302,1.678000,0.9986,0,-0.079735,0.037086,1.734000,0.9987,0
894,29.821478,1,0.152807,-0.548396,1.656000,0.9996,0,-0.176262,-0.521300,1.729000,0.9990,0,0.382069,-0.468431,1.634000,0.9458,0,-0.412325,-0.446169,1.682000,0.8669,0,0.609499,-0.461926,1.549000,0.9264,0,-0.641744,-0.398925,1.625000,0.9394,0,0.139851,0.019141,1.664000,0.9986,0,-0.079505,0.039828,1.729000,0.9987,0
895,29.854835,1,0.152345,-0.546741,1.651000,0.9996,0,-0.175345,-0.518587,1.720000,0.9990,0,0.381133,-0.467284,1.630000,0.9452,0,-0.412325,-0.446169,1.682000,0.8658,0,0.606351,-0.462079,1.541000,0.9266,0,-0.637004,-0.395979,1.613000,0.9396,0,0.139851,0.021883,1.664000,0.9986,0,-0.079965,0.040058,1.739000,0.9986,0
896,29.888193,1,0.155532,-0.548396,1.656000,0.9996,0,-0.177282,-0.524315,1.739000,0.9990,0,0.382069,-0.468431,1.634000,0.9464,0,-0.411345,-0.445108,1.678000,0.8668,0,0.612048,-0.464478,1.549000,0.9282,0,-0.638584,-0.396961,1.617000,0.9371,0,0.140607,0.022001,1.673000,0.9986,0,-0.079735,0.039943,1.734000,0.9986,0
897,29.921550,1,0.155532,-0.548396,1.656000,0.9996,0,-0.176262,-0.521300,1.729000,0.9990,0,0.389581,-0.471011,1.643000,0.9461,0,-0.412325,-0.446169,1.682000,0.8674,0,0.607307,-0.463412,1.537000,0.9282,0,-0.639069,-0.398925,1.625000,0.9374,0,0.135827,0.022119,1.682000,0.9986,0,-0.083065,0.037300,1.744000,0.9986,0
898,29.954907,1,0.154311,-0.544091,1.643000,0.9996,0,-0.176262,-0.521300,1.729000,0.9990,0,0.386499,-0.467284,1.630000,0.9478,0,-0.412325,-0.446169,1.682000,0.8724,0,0.612048,-0.467030,1.549000,0.9301,0,-0.634350,-0.395979,1.613000,0.9391,0,0.135504,0.024831,1.678000,0.9986,0,-0.082827,0.040058,1.739000,0.9986,0
