frame,time_s,has_pose,left_shoulder_x,left_shoulder_y,left_shoulder_z,left_shoulder_vis,left_shoulder_src,right_shoulder_x,right_shoulder_y,right_shoulder_z,right_shoulder_vis,right_shoulder_src,left_elbow_x,left_elbow_y,left_elbow_z,left_elbow_vis,left_elbow_src,right_elbow_x,right_elbow_y,right_elbow_z,right_elbow_vis,right_elbow_src,left_wrist_x,left_wrist_y,left_wrist_z,left_wrist_vis,left_wrist_src,right_wrist_x,right_wrist_y,right_wrist_z,right_wrist_vis,right_wrist_src,left_hip_x,left_hip_y,left_hip_z,left_hip_vis,left_hip_src,right_hip_x,right_hip_y,right_hip_z,right_hip_vis,right_hip_src
0,0.000000,1,0.099682,-0.372045,1.778000,0.9999,0,-0.219728,-0.344691,1.758000,0.9989,0,0.175770,-0.164080,1.778000,0.9378,0,-0.433122,-0.297274,1.841000,0.6585,0,0.191154,0.040496,1.758000,0.8752,0,,,,0.4776,1,0.066259,0.074367,1.673000,0.9991,0,-0.105902,0.094947,1.696000,0.9988,0
1,0.033356,1,0.100860,-0.373476,1.799000,0.9999,0,-0.232227,-0.364298,1.858000,0.9990,0,0.173299,-0.155997,1.753000,0.9365,0,-0.437573,-0.298243,1.847000,0.6605,0,0.193872,0.044009,1.783000,0.8747,0,,,,0.4873,1,0.066352,0.089219,1.748000,0.9991,0,-0.116837,0.102788,1.734000,0.9988,0
2,0.066713,1,0.098561,-0.364964,1.758000,0.9999,0,-0.221603,-0.347632,1.773000,0.9990,0,0.175770,-0.158222,1.778000,0.9277,0,-0.429755,-0.289926,1.814000,0.6579,0,0.188001,0.048373,1.729000,0.8607,0,,,,0.4993,1,0.064037,0.097223,1.687000,0.9991,0,-0.115894,0.116126,1.720000,0.9988,0
3,0.100069,1,0.099402,-0.368078,1.773000,0.9999,0,-0.220535,-0.350573,1.788000,0.9990,0,0.174287,-0.156887,1.763000,0.9292,0,-0.414119,-0.279378,1.748000,0.6570,0,0.192785,0.052524,1.773000,0.8674,0,-0.602187,-0.256361,1.768000,0.5085,0,0.064720,0.101069,1.705000,0.9991,0,-0.118791,0.119029,1.763000,0.9988,0
4,0.133425,1,0.097496,-0.361020,1.739000,0.9999,0,-0.225715,-0.361823,1.830000,0.9990,0,0.176759,-0.156166,1.788000,0.9282,0,-0.439709,-0.298717,1.869000,0.6537,0,0.185391,0.053319,1.705000,0.8696,0,-0.610197,-0.262306,1.809000,0.5224,0,0.065821,0.102788,1.734000,0.9991,0,-0.115557,0.115788,1.715000,0.9988,0
5,0.166781,1,0.096935,-0.361792,1.729000,0.9999,0,-0.221891,-0.355694,1.799000,0.9990,0,0.176759,-0.156166,1.788000,0.9268,0,-0.437121,-0.296959,1.858000,0.6494,0,0.190610,0.054820,1.753000,0.8705,0,-0.605137,-0.260131,1.794000,0.5296,0,0.063695,0.099468,1.678000,0.9991,0,-0.119802,0.120042,1.778000,0.9988,0
6,0.200138,1,0.099122,-0.369953,1.768000,0.9999,0,-0.213874,-0.342842,1.734000,0.9990,0,0.179199,-0.155729,1.783000,0.9291,0,-0.426770,-0.289926,1.814000,0.6390,0,0.188749,0.053475,1.710000,0.8780,0,-0.604362,-0.258536,1.783000,0.5232,0,0.064910,0.104182,1.710000,0.9991,0,-0.116837,0.117071,1.734000,0.9988,0
7,0.233494,1,0.102032,-0.369953,1.768000,0.9999,0,-0.218685,-0.350553,1.773000,0.9990,0,0.177189,-0.151078,1.763000,0.9250,0,-0.411242,-0.279378,1.748000,0.6322,0,0.192502,0.057411,1.744000,0.8740,0,-0.606056,-0.259261,1.788000,0.5237,0,0.064720,0.103878,1.705000,0.9991,0,-0.115894,0.118959,1.720000,0.9987,0
8,0.266850,1,0.102032,-0.369953,1.768000,0.9999,0,-0.225380,-0.366173,1.852000,0.9991,0,0.179701,-0.153220,1.788000,0.9266,0,-0.423241,-0.287529,1.799000,0.6295,0,0.191950,0.060112,1.739000,0.8795,0,-0.606056,-0.259261,1.788000,0.5294,0,0.062670,0.100588,1.651000,0.9991,0,-0.118791,0.121933,1.763000,0.9988,0
9,0.300207,1,0.102320,-0.370999,1.773000,0.9999,0,-0.219539,-0.356682,1.804000,0.9991,0,0.182315,-0.155449,1.814000,0.9236,0,-0.435710,-0.296000,1.852000,0.6232,0,0.191950,0.060112,1.739000,0.8776,0,-0.589447,-0.252156,1.739000,0.5328,0,0.064568,0.103634,1.701000,0.9991,0,-0.114007,0.117023,1.692000,0.9987,0
10,0.333563,1,0.102032,-0.369953,1.768000,0.9999,0,-0.221486,-0.359846,1.820000,0.9991,0,0.179199,-0.152792,1.783000,0.9227,0,-0.425593,-0.289127,1.809000,0.6170,0,0.194048,0.060768,1.758000,0.8788,0,-0.610197,-0.262306,1.809000,0.5344,0,0.066011,0.105949,1.739000,0.9991,0,-0.117780,0.120896,1.748000,0.9987,0
11,0.366919,1,0.102032,-0.369953,1.768000,0.9999,0,-0.220756,-0.358659,1.814000,0.9991,0,0.176184,-0.150221,1.753000,0.9256,0,-0.430534,-0.292483,1.830000,0.6203,0,0.195151,0.061114,1.768000,0.8853,0,-0.605137,-0.260131,1.794000,0.5460,0,0.064720,0.103878,1.705000,0.9991,0,-0.114614,0.117645,1.701000,0.9988,0
12,0.400275,1,0.102320,-0.370999,1.773000,0.9999,0,-0.221486,-0.359846,1.820000,0.9991,0,0.179701,-0.150275,1.788000,0.9148,0,-0.426770,-0.289926,1.814000,0.6262,0,0.190295,0.062433,1.724000,0.8638,0,-0.612590,-0.264626,1.825000,0.5656,0,0.063847,0.102476,1.682000,0.9991,0,-0.116837,0.119928,1.734000,0.9988,0
13,0.433634,1,0.104109,-0.377486,1.804000,0.9999,0,-0.222095,-0.360834,1.825000,0.9992,0,0.179701,-0.150275,1.788000,0.9159,0,-0.420280,-0.287529,1.799000,0.6337,0,0.190295,0.062433,1.724000,0.8672,0,-0.602184,-0.260131,1.794000,0.5866,0,0.065100,0.104487,1.715000,0.9991,0,-0.117068,0.117299,1.696000,0.9988,0
14,0.466992,1,0.102609,-0.372045,1.778000,0.9999,0,-0.222095,-0.360834,1.825000,0.9992,0,0.179701,-0.150275,1.788000,0.9162,0,-0.406263,-0.277939,1.739000,0.6331,0,0.196255,0.064389,1.778000,0.8676,0,-0.596814,-0.257811,1.778000,0.5909,0,0.061442,0.103086,1.692000,0.9991,0,-0.119691,0.117071,1.734000,0.9988,0
15,0.500350,1,0.100877,-0.365768,1.748000,0.9999,0,-0.217592,-0.353519,1.788000,0.9992,0,0.173269,-0.144896,1.724000,0.9142,0,-0.417710,-0.285771,1.788000,0.6336,0,0.192502,0.063158,1.744000,0.8655,0,-0.600171,-0.259261,1.788000,0.5944,0,0.061769,0.103634,1.701000,0.9991,0,-0.119691,0.117071,1.734000,0.9988,0
16,0.533708,1,0.101743,-0.368906,1.763000,0.9999,0,-0.222703,-0.361823,1.830000,0.9992,0,0.183257,-0.150779,1.794000,0.9169,0,-0.429358,-0.291684,1.825000,0.6269,0,0.192502,0.063158,1.744000,0.8718,0,-0.617855,-0.263031,1.814000,0.5854,0,0.063657,0.109690,1.753000,0.9991,0,-0.123073,0.123316,1.783000,0.9988,0
17,0.567067,1,0.101454,-0.367860,1.758000,0.9999,0,-0.217592,-0.353519,1.788000,0.9992,0,0.175681,-0.149793,1.748000,0.9192,0,-0.423241,-0.290493,1.799000,0.6273,0,0.193496,0.063484,1.753000,0.8770,0,-0.647194,-0.280426,1.891000,0.5904,0,0.065821,0.108501,1.734000,0.9991,0,-0.117413,0.117645,1.701000,0.9988,0
18,0.600425,1,0.100358,-0.363884,1.739000,0.9999,0,-0.222095,-0.360834,1.825000,0.9992,0,0.179199,-0.152792,1.783000,0.9156,0,-0.425593,-0.295087,1.809000,0.6216,0,0.193496,0.066371,1.753000,0.8706,0,-0.620841,-0.274984,1.814000,0.5872,0,0.065441,0.107875,1.724000,0.9991,0,-0.121003,0.121242,1.753000,0.9987,0
19,0.633783,1,0.102897,-0.373091,1.783000,0.9999,0,-0.220535,-0.353519,1.788000,0.9991,0,0.180601,-0.148594,1.768000,0.9185,0,-0.413172,-0.287358,1.744000,0.6168,0,0.195821,0.069062,1.748000,0.8759,0,-0.616100,-0.279097,1.783000,0.5836,0,0.063847,0.105247,1.682000,0.9991,0,-0.119346,0.119582,1.729000,0.9987,0
20,0.667142,1,0.101743,-0.368906,1.763000,0.9999,0,-0.221486,-0.359846,1.820000,0.9991,0,0.178150,-0.146577,1.744000,0.9201,0,-0.428571,-0.301048,1.809000,0.6098,0,0.194813,0.068706,1.739000,0.8808,0,-0.614373,-0.292960,1.778000,0.5822,0,0.066201,0.109127,1.744000,0.9990,0,-0.116792,0.117023,1.692000,0.9987,0
21,0.700500,1,0.101743,-0.368906,1.763000,0.9999,0,-0.224482,-0.359846,1.820000,0.9991,0,0.179580,-0.147754,1.758000,0.9211,0,-0.431548,-0.309988,1.809000,0.6101,0,0.194252,0.071365,1.734000,0.8833,0,-0.599169,-0.305706,1.734000,0.5804,0,0.065100,0.112963,1.715000,0.9990,0,-0.116792,0.122598,1.692000,0.9986,0
22,0.733858,1,0.101454,-0.367860,1.758000,0.9999,0,-0.231882,-0.371709,1.880000,0.9991,0,0.180601,-0.145681,1.768000,0.9190,0,-0.461428,-0.335510,1.921000,0.6095,0,0.193810,0.075789,1.705000,0.8813,0,-0.611139,-0.320146,1.719500,0.5833,0,0.064227,0.111448,1.692000,0.9990,0,-0.124868,0.131075,1.809000,0.9986,0
23,0.767217,1,0.101166,-0.366814,1.753000,0.9999,0,-0.225715,-0.361823,1.830000,0.9991,0,0.181112,-0.146093,1.773000,0.9202,0,-0.429482,-0.327009,1.788000,0.6217,0,0.194252,0.074222,1.734000,0.8832,0,-0.616293,-0.337129,1.734000,0.5964,0,0.066352,0.115136,1.748000,0.9989,0,-0.118380,0.127089,1.715000,0.9985,0
24,0.800575,1,0.101454,-0.367860,1.758000,0.9999,0,-0.224228,-0.354705,1.794000,0.9990,0,0.178558,-0.144033,1.748000,0.9210,0,-0.453388,-0.339789,1.825000,0.6269,0,0.193132,0.073794,1.724000,0.8837,0,-0.688884,-0.388008,1.869000,0.5909,0,0.065290,0.116126,1.720000,0.9989,0,-0.119346,0.130975,1.729000,0.9985,0
25,0.833933,1,0.103532,-0.375393,1.794000,0.9999,0,-0.228727,-0.361823,1.830000,0.9990,0,0.180091,-0.142365,1.763000,0.9149,0,-0.442138,-0.337914,1.768000,0.6335,0,0.199266,0.083699,1.753000,0.8677,0,,,,0.5952,2,0.064037,0.119456,1.687000,0.9989,0,-0.121348,0.136068,1.758000,0.9985,0
26,0.867292,1,0.102897,-0.373091,1.783000,0.9999,0,-0.225477,-0.356682,1.804000,0.9991,0,0.181112,-0.143173,1.773000,0.9152,0,-0.440887,-0.348576,1.763000,0.6426,0,0.194378,0.078829,1.710000,0.8662,0,-0.665626,-0.400497,1.814000,0.6045,0,0.056301,0.120731,1.705000,0.9988,0,-0.127135,0.136068,1.758000,0.9984,0
27,0.900650,1,0.100358,-0.363884,1.739000,0.9999,0,-0.223478,-0.353519,1.788000,0.9991,0,0.175681,-0.141154,1.748000,0.9132,0,-0.448640,-0.363571,1.794000,0.6502,0,0.197675,0.077301,1.739000,0.8643,0,-0.660814,-0.408333,1.809000,0.6146,0,0.055472,0.125192,1.768000,0.9988,0,-0.130398,0.133551,1.763000,0.9985,0
28,0.934009,1,0.101743,-0.368906,1.763000,0.9999,0,-0.227477,-0.359846,1.820000,0.9991,0,0.177691,-0.145681,1.768000,0.9078,0,-0.434259,-0.365768,1.748000,0.6626,0,0.199266,0.077923,1.753000,0.8583,0,-0.667655,-0.429551,1.836000,0.6375,0,0.055872,0.119810,1.692000,0.9987,0,-0.130823,0.140015,1.809000,0.9984,0
29,0.967367,1,0.098561,-0.367860,1.758000,0.9999,0,-0.225477,-0.359654,1.804000,0.9991,0,0.175681,-0.144033,1.748000,0.9066,0,-0.458854,-0.386483,1.847000,0.6700,0,0.196941,0.078145,1.758000,0.8563,0,-0.680561,-0.455331,1.880000,0.6509,0,0.055245,0.118465,1.673000,0.9987,0,-0.126412,0.135294,1.748000,0.9984,0
30,1.000726,1,0.098841,-0.368906,1.763000,0.9999,0,-0.220535,-0.356464,1.788000,0.9990,0,0.176686,-0.147754,1.758000,0.9066,0,-0.450384,-0.387893,1.825000,0.6738,0,0.197501,0.075463,1.763000,0.8549,0,-0.700530,-0.483642,1.944000,0.6548,0,0.056301,0.120731,1.705000,0.9987,0,-0.124387,0.130293,1.720000,0.9983,0
31,1.034084,1,0.098841,-0.368906,1.763000,0.9999,0,-0.216087,-0.366847,1.825000,0.9990,0,0.176686,-0.144857,1.758000,0.9076,0,-0.438046,-0.385330,1.799000,0.6702,0,0.195821,0.080580,1.748000,0.8585,0,-0.649087,-0.472957,1.852000,0.6625,0,0.062095,0.121085,1.710000,0.9986,0,-0.121556,0.127460,1.720000,0.9983,0
32,1.067442,1,0.100579,-0.375393,1.794000,0.9999,0,-0.208763,-0.365301,1.788000,0.9990,0,0.175681,-0.146913,1.748000,0.9102,0,-0.429755,-0.388543,1.814000,0.6695,0,0.195373,0.074650,1.744000,0.8657,0,-0.621602,-0.472075,1.825000,0.6788,0,0.059454,0.110138,1.715000,0.9987,0,-0.122192,0.111037,1.729000,0.9983,0
33,1.100801,1,0.099962,-0.373091,1.783000,0.9999,0,-0.213083,-0.375867,1.825000,0.9990,0,0.173299,-0.150221,1.753000,0.9034,0,-0.420042,-0.385603,1.773000,0.6750,0,0.194252,0.065652,1.734000,0.8571,0,-0.596367,-0.474807,1.768000,0.6946,0,0.053966,0.104792,1.720000,0.9987,0,-0.123302,0.098260,1.705000,0.9984,0
34,1.134159,1,0.097215,-0.365695,1.734000,0.9999,0,-0.209464,-0.369482,1.794000,0.9990,0,0.176759,-0.153220,1.788000,0.8872,0,-0.423784,-0.397508,1.814000,0.6769,0,0.195821,0.063302,1.748000,0.8346,0,-0.609586,-0.502140,1.825000,0.7105,0,0.050986,0.104487,1.715000,0.9986,0,-0.124387,0.101958,1.720000,0.9984,0
35,1.167518,1,0.099402,-0.373920,1.773000,0.9999,0,-0.209464,-0.372438,1.794000,0.9991,0,0.174885,-0.154163,1.799000,0.8868,0,-0.425186,-0.407818,1.820000,0.6878,0,0.195373,0.063158,1.744000,0.8387,0,-0.577520,-0.487120,1.729000,0.7341,0,0.045340,0.104487,1.715000,0.9986,0,-0.131863,0.100508,1.744000,0.9983,0
36,1.200876,1,0.100243,-0.377083,1.788000,0.9999,0,-0.214367,-0.384182,1.836000,0.9991,0,0.172357,-0.151935,1.773000,0.8853,0,-0.425186,-0.413815,1.820000,0.6996,0,0.198061,0.064027,1.768000,0.8415,0,-0.586381,-0.508279,1.773000,0.7548,0,0.044970,0.100832,1.701000,0.9986,0,-0.132922,0.101314,1.758000,0.9983,0
37,1.234235,1,0.099682,-0.372045,1.778000,0.9999,0,-0.207662,-0.377486,1.804000,0.9992,0,0.172357,-0.151935,1.773000,0.8850,0,-0.430092,-0.424655,1.841000,0.7138,0,0.192944,0.063302,1.748000,0.8443,0,-0.602220,-0.533664,1.830000,0.7760,0,0.041600,0.099468,1.678000,0.9986,0,-0.135429,0.098138,1.753000,0.9984,0
38,1.267594,1,0.099402,-0.370999,1.773000,0.9999,0,-0.204094,-0.370999,1.773000,0.9992,0,0.173330,-0.152792,1.783000,0.8811,0,-0.422190,-0.422809,1.820000,0.7258,0,0.194599,0.063846,1.763000,0.8406,0,-0.590695,-0.534997,1.804000,0.7944,0,0.041377,0.098935,1.669000,0.9986,0,-0.132493,0.093186,1.715000,0.9984,0
39,1.300952,1,0.100243,-0.374138,1.788000,0.9999,0,-0.205820,-0.377083,1.788000,0.9992,0,0.170899,-0.150650,1.758000,0.8719,0,-0.427062,-0.430721,1.841000,0.7329,0,0.195373,0.066031,1.744000,0.8316,0,-0.566137,-0.518452,1.729000,0.8104,0,0.041947,0.100298,1.692000,0.9985,0,-0.132880,0.093457,1.720000,0.9984,0
40,1.334311,1,0.099682,-0.372045,1.778000,0.9999,0,-0.205820,-0.377083,1.788000,0.9992,0,0.167930,-0.153220,1.788000,0.8717,0,-0.411287,-0.414812,1.773000,0.7423,0,0.195373,0.051665,1.744000,0.8387,0,-0.595129,-0.553561,1.836000,0.8253,0,0.041823,0.097223,1.687000,0.9985,0,-0.133961,0.094218,1.734000,0.9984,0
41,1.367669,1,0.099682,-0.372045,1.778000,0.9999,0,-0.206511,-0.378348,1.794000,0.9993,0,0.167930,-0.153220,1.788000,0.8571,0,-0.417813,-0.424404,1.814000,0.7529,0,0.190295,0.053913,1.724000,0.8162,0,-0.592107,-0.556586,1.836000,0.8386,0,0.039371,0.098030,1.701000,0.9985,0,-0.135043,0.092099,1.748000,0.9984,0
42,1.401028,1,0.099122,-0.369953,1.768000,0.9998,0,-0.209504,-0.383832,1.820000,0.9993,0,0.167460,-0.149855,1.783000,0.8373,0,-0.404914,-0.414198,1.758000,0.7574,0,0.194252,0.059939,1.734000,0.7914,0,-0.556358,-0.525664,1.734000,0.8514,0,0.040574,0.101026,1.753000,0.9985,0,-0.136202,0.092889,1.763000,0.9985,0
43,1.434385,1,0.097496,-0.363884,1.739000,0.9998,0,-0.207662,-0.380457,1.804000,0.9994,0,0.169439,-0.149014,1.773000,0.8247,0,-0.411824,-0.421267,1.788000,0.7620,0,0.192684,0.059455,1.720000,0.7679,0,-0.546957,-0.516939,1.696000,0.8610,0,0.040019,0.096795,1.729000,0.9985,0,-0.141076,0.094207,1.788000,0.9985,0
44,1.467743,1,0.099962,-0.373091,1.783000,0.9998,0,-0.211921,-0.388261,1.841000,0.9994,0,0.168961,-0.148594,1.768000,0.8177,0,-0.404914,-0.414198,1.758000,0.7705,0,0.196381,0.063484,1.753000,0.7616,0,-0.568565,-0.537360,1.763000,0.8716,0,0.040574,0.098138,1.753000,0.9985,0,-0.132880,0.090624,1.720000,0.9985,0
45,1.501101,1,0.099122,-0.369953,1.768000,0.9998,0,-0.210079,-0.384886,1.825000,0.9994,0,0.165112,-0.147754,1.758000,0.8142,0,-0.414827,-0.427392,1.814000,0.7755,0,0.190556,0.064403,1.701000,0.7588,0,-0.547054,-0.516873,1.705000,0.8812,0,0.033672,0.094947,1.696000,0.9985,0,-0.132493,0.087535,1.715000,0.9986,0
46,1.534458,1,0.100579,-0.375393,1.794000,0.9998,0,-0.208813,-0.382566,1.814000,0.9994,0,0.170395,-0.149855,1.783000,0.8082,0,-0.413683,-0.423234,1.809000,0.7668,0,0.192787,0.064213,1.696000,0.7581,0,-0.529728,-0.500503,1.651000,0.8854,0,0.039371,0.095227,1.701000,0.9985,0,-0.129293,0.095731,1.710000,0.9985,0
47,1.567816,1,0.099122,-0.369953,1.768000,0.9998,0,-0.208238,-0.381512,1.809000,0.9994,0,0.172844,-0.149434,1.778000,0.8058,0,-0.410253,-0.419725,1.794000,0.7628,0,0.188987,0.063873,1.687000,0.7535,0,-0.588560,-0.550245,1.825000,0.8893,0,0.039903,0.096515,1.724000,0.9985,0,-0.132544,0.098138,1.753000,0.9986,0
48,1.601174,1,0.100579,-0.375393,1.794000,0.9998,0,-0.204094,-0.373920,1.773000,0.9994,0,0.170899,-0.144857,1.758000,0.7999,0,-0.393331,-0.402412,1.720000,0.7662,0,0.195515,0.065122,1.720000,0.7494,0,-0.626937,-0.582921,1.944000,0.8960,0,0.042394,0.098548,1.710000,0.9984,0,-0.128234,0.097741,1.696000,0.9985,0
49,1.634531,1,0.097776,-0.364931,1.744000,0.9998,0,-0.204669,-0.374974,1.778000,0.9994,0,0.169439,-0.146093,1.773000,0.8096,0,-0.423517,-0.433294,1.852000,0.7697,0,0.189853,0.065122,1.720000,0.7665,0,-0.639192,-0.584520,1.982000,0.9010,0,0.039163,0.100298,1.692000,0.9984,0,-0.131107,0.099931,1.734000,0.9985,0
50,1.667889,1,0.102609,-0.372045,1.778000,0.9998,0,-0.203518,-0.372865,1.768000,0.9994,0,0.171446,-0.144868,1.794000,0.8005,0,-0.422373,-0.422996,1.847000,0.7671,0,0.191398,0.071365,1.734000,0.7508,0,-0.584756,-0.520138,1.804000,0.9005,0,0.042171,0.103634,1.701000,0.9984,0,-0.128253,0.105645,1.734000,0.9985,0
51,1.701247,1,0.101454,-0.364964,1.758000,0.9998,0,-0.209504,-0.380834,1.820000,0.9994,0,0.174399,-0.141913,1.794000,0.8042,0,-0.405451,-0.400207,1.773000,0.7617,0,0.195821,0.077701,1.748000,0.7546,0,-0.576812,-0.495895,1.770500,0.8996,0,0.051551,0.108501,1.734000,0.9984,0,-0.133137,0.121262,1.841000,0.9985,0
52,1.734605,1,0.101743,-0.366002,1.763000,0.9998,0,-0.199473,-0.367860,1.758000,0.9993,0,0.174781,-0.136944,1.768000,0.8166,0,-0.417813,-0.400497,1.814000,0.7577,0,0.202108,0.081963,1.778000,0.7711,0,-0.779760,-0.644150,2.369500,0.8922,0,0.058969,0.106436,1.701000,0.9984,0,-0.125655,0.120042,1.778000,0.9984,0
53,1.767962,1,0.100646,-0.362058,1.744000,0.9998,0,-0.208238,-0.375552,1.809000,0.9993,0,0.174287,-0.136556,1.763000,0.8241,0,-0.433557,-0.409561,1.869000,0.7541,0,0.198698,0.080580,1.748000,0.7771,0,,,,0.8740,2,0.057860,0.107183,1.669000,0.9984,0,-0.120849,0.115451,1.710000,0.9984,0
54,1.801320,1,0.103186,-0.371192,1.788000,0.9998,0,-0.204669,-0.366187,1.778000,0.9992,0,0.178340,-0.139732,1.804000,0.8336,0,-0.421448,-0.389373,1.804000,0.7529,0,0.197193,0.078829,1.710000,0.7885,0,-0.620841,-0.457276,1.814000,0.8639,0,0.061769,0.109238,1.701000,0.9984,0,-0.119001,0.122076,1.724000,0.9984,0
55,1.834678,1,0.104686,-0.376590,1.814000,0.9998,0,-0.211799,-0.370613,1.814000,0.9992,0,0.175279,-0.135085,1.744000,0.8397,0,-0.429358,-0.384886,1.825000,0.7499,0,0.202230,0.082553,1.729000,0.7939,0,-0.625084,-0.432175,1.809000,0.8561,0,0.069590,0.111119,1.687000,0.9984,0,-0.114007,0.125385,1.692000,0.9983,0
56,1.868036,1,0.105610,-0.379911,1.830000,0.9998,0,-0.209464,-0.363571,1.794000,0.9992,0,0.180807,-0.139345,1.799000,0.8485,0,-0.432361,-0.375867,1.825000,0.7377,0,0.201177,0.082123,1.720000,0.8045,0,-0.617299,-0.407194,1.778000,0.8324,0,0.073757,0.120717,1.788000,0.9984,0,-0.111450,0.128868,1.739000,0.9984,0
57,1.901394,1,0.103532,-0.372438,1.794000,0.9998,0,-0.213667,-0.370867,1.830000,0.9992,0,0.184279,-0.139732,1.804000,0.8548,0,-0.416488,-0.353379,1.758000,0.7381,0,0.202230,0.082553,1.729000,0.8095,0,-0.629798,-0.400497,1.814000,0.8250,0,0.070745,0.115788,1.715000,0.9984,0,-0.108437,0.125385,1.692000,0.9984,0
58,1.934751,1,0.102032,-0.367040,1.768000,0.9998,0,-0.204093,-0.354249,1.748000,0.9992,0,0.184790,-0.143099,1.809000,0.8612,0,-0.420042,-0.344711,1.773000,0.7354,0,0.200537,0.080166,1.739000,0.8164,0,-0.599319,-0.366267,1.710000,0.8140,0,0.067526,0.115113,1.705000,0.9985,0,-0.111770,0.129238,1.744000,0.9983,0
59,1.968109,1,0.104253,-0.375033,1.806500,0.9998,0,-0.215652,-0.374312,1.847000,0.9992,0,0.178696,-0.140647,1.778000,0.8667,0,-0.417673,-0.336958,1.763000,0.7339,0,0.196616,0.078598,1.705000,0.8226,0,-0.628377,-0.361215,1.768000,0.8028,0,0.065586,0.109077,1.656000,0.9985,0,-0.114312,0.126003,1.739000,0.9983,0
60,2.001467,1,0.102609,-0.369116,1.778000,0.9998,0,-0.211799,-0.367624,1.814000,0.9991,0,0.180304,-0.141913,1.794000,0.8672,0,-0.440179,-0.339811,1.858000,0.7255,0,0.195970,0.079474,1.724000,0.8197,0,-0.631931,-0.345683,1.778000,0.7864,0,0.066457,0.110526,1.678000,0.9985,0,-0.120880,0.129988,1.794000,0.9983,0
61,2.034824,1,0.103532,-0.372438,1.794000,0.9999,0,-0.207596,-0.360329,1.778000,0.9992,0,0.179199,-0.141043,1.783000,0.8706,0,-0.434533,-0.325628,1.847000,0.7160,0,0.198061,0.081502,1.768000,0.8245,0,-0.608824,-0.316218,1.729000,0.7735,0,0.064037,0.108339,1.687000,0.9985,0,-0.114614,0.120447,1.701000,0.9984,0
62,2.068182,1,0.105956,-0.381157,1.836000,0.9999,0,-0.210047,-0.364585,1.799000,0.9992,0,0.177189,-0.139461,1.763000,0.8757,0,-0.428453,-0.301286,1.847000,0.7122,0,0.195515,0.079290,1.720000,0.8295,0,-0.616737,-0.302962,1.768000,0.7707,0,0.059454,0.110138,1.715000,0.9985,0,-0.120381,0.120619,1.744000,0.9984,0
63,2.101540,1,0.103532,-0.372438,1.794000,0.9999,0,-0.204093,-0.354249,1.748000,0.9992,0,0.174287,-0.139461,1.763000,0.8816,0,-0.397676,-0.277939,1.739000,0.7098,0,0.196941,0.078145,1.758000,0.8356,0,-0.604568,-0.283872,1.758000,0.7672,0,0.053087,0.105873,1.692000,0.9986,0,-0.124948,0.116454,1.768000,0.9984,0
64,2.134898,1,0.102320,-0.368078,1.773000,0.9999,0,-0.203626,-0.350565,1.744000,0.9992,0,0.176343,-0.143495,1.814000,0.8761,0,-0.396857,-0.267859,1.748000,0.7099,0,0.194599,0.078368,1.763000,0.8204,0,-0.608520,-0.269527,1.778000,0.7624,0,0.052773,0.102476,1.682000,0.9986,0,-0.121839,0.110716,1.724000,0.9984,0
65,2.168256,1,0.104398,-0.375552,1.809000,0.9999,0,-0.212499,-0.365842,1.820000,0.9992,0,0.173330,-0.141043,1.783000,0.8810,0,-0.410706,-0.265286,1.809000,0.6931,0,0.194599,0.072559,1.763000,0.8271,0,-0.608520,-0.249023,1.778000,0.7274,0,0.056631,0.098836,1.715000,0.9986,0,-0.121839,0.107875,1.724000,0.9985,0
66,2.201614,1,0.104109,-0.374514,1.804000,0.9999,0,-0.208179,-0.355467,1.783000,0.9992,0,0.177352,-0.144868,1.794000,0.8848,0,-0.403632,-0.255637,1.804000,0.6910,0,0.191398,0.062795,1.734000,0.8296,0,-0.580366,-0.222222,1.729000,0.7111,0,0.058796,0.094947,1.696000,0.9987,0,-0.118725,0.107625,1.720000,0.9985,0
67,2.234971,1,0.104942,-0.367040,1.768000,0.9999,0,-0.205245,-0.355467,1.783000,0.9992,0,0.176264,-0.143980,1.783000,0.8865,0,-0.396592,-0.243074,1.799000,0.6864,0,0.192502,0.063158,1.744000,0.8291,0,-0.559592,-0.197955,1.692000,0.6927,0,0.060933,0.091175,1.678000,0.9988,0,-0.114903,0.109377,1.748000,0.9986,0
68,2.268329,1,0.105832,-0.370154,1.783000,0.9999,0,-0.209504,-0.362844,1.820000,0.9992,0,0.175276,-0.146093,1.773000,0.8899,0,-0.393312,-0.237567,1.825000,0.6725,0,0.195151,0.058202,1.768000,0.8343,0,-0.563687,-0.183400,1.739000,0.6697,0,0.060933,0.088411,1.678000,0.9988,0,-0.116875,0.105396,1.778000,0.9986,0
69,2.301687,1,0.105238,-0.368078,1.773000,0.9999,0,-0.204693,-0.359654,1.804000,0.9993,0,0.173816,-0.147329,1.788000,0.8891,0,-0.369587,-0.226225,1.783000,0.6798,0,0.190610,0.057708,1.753000,0.8291,0,-0.541794,-0.175218,1.715000,0.6758,0,0.065821,0.088505,1.734000,0.9989,0,-0.107401,0.099124,1.720000,0.9987,0
70,2.335045,1,0.108622,-0.379911,1.830000,0.9999,0,-0.200517,-0.362844,1.820000,0.9993,0,0.173330,-0.146917,1.783000,0.8879,0,-0.361795,-0.218023,1.788000,0.6887,0,0.190067,0.054663,1.748000,0.8156,0,-0.552717,-0.163157,1.768000,0.6804,0,0.066011,0.088760,1.739000,0.9989,0,-0.107963,0.096795,1.729000,0.9988,0
71,2.368403,1,0.106129,-0.371192,1.788000,0.9999,0,-0.196991,-0.353519,1.788000,0.9993,0,0.172844,-0.146505,1.778000,0.8889,0,-0.367653,-0.222174,1.847000,0.6956,0,0.191698,0.055133,1.763000,0.8175,0,-0.543804,-0.147754,1.758000,0.6874,0,0.064568,0.086821,1.701000,0.9990,0,-0.106214,0.092425,1.701000,0.9988,0
72,2.401760,1,0.105090,-0.367559,1.770500,0.9999,0,-0.199305,-0.357671,1.809000,0.9994,0,0.172357,-0.149014,1.773000,0.8838,0,-0.344137,-0.212132,1.788000,0.7025,0,0.189301,0.053632,1.715000,0.8021,0,-0.535358,-0.137718,1.778000,0.7004,0,0.063354,0.082438,1.669000,0.9990,0,-0.104813,0.090835,1.724000,0.9989,0
73,2.435116,1,0.105535,-0.369116,1.778000,0.9999,0,-0.194700,-0.354705,1.794000,0.9994,0,0.172844,-0.149434,1.778000,0.8801,0,-0.350296,-0.206933,1.820000,0.7132,0,0.191154,0.054976,1.758000,0.7865,0,-0.517891,-0.114643,1.739000,0.7105,0,0.063695,0.080118,1.678000,0.9991,0,-0.106029,0.091888,1.744000,0.9990,0
74,2.468472,1,0.108325,-0.378873,1.825000,0.9999,0,-0.202839,-0.369534,1.869000,0.9994,0,0.177352,-0.150779,1.794000,0.8742,0,-0.353376,-0.208753,1.836000,0.7157,0,0.192241,0.055289,1.768000,0.7731,0,-0.514826,-0.111983,1.788000,0.7139,0,0.063505,0.077123,1.673000,0.9991,0,-0.102564,0.086106,1.687000,0.9990,0
75,2.501827,1,0.106129,-0.368246,1.788000,0.9999,0,-0.196870,-0.358659,1.814000,0.9995,0,0.174399,-0.147824,1.794000,0.8666,0,-0.348255,-0.201489,1.825000,0.7244,0,0.192785,0.058366,1.773000,0.7488,0,-0.525807,-0.104123,1.858000,0.7236,0,0.063847,0.077538,1.682000,0.9992,0,-0.109149,0.089219,1.748000,0.9991,0
76,2.535183,1,0.107672,-0.373601,1.814000,0.9999,0,-0.196328,-0.357671,1.809000,0.9995,0,0.172357,-0.146093,1.773000,0.8690,0,-0.338314,-0.194940,1.820000,0.7266,0,0.192241,0.058202,1.768000,0.7548,0,-0.485933,-0.089831,1.758000,0.7302,0,0.068121,0.079290,1.720000,0.9992,0,-0.103415,0.086821,1.701000,0.9991,0
77,2.568538,1,0.106129,-0.368246,1.788000,0.9999,0,-0.192281,-0.355694,1.799000,0.9995,0,0.170899,-0.144857,1.758000,0.8690,0,-0.337108,-0.199546,1.863000,0.7302,0,0.190610,0.054820,1.753000,0.7529,0,-0.489470,-0.083727,1.814000,0.7343,0,0.064379,0.078183,1.696000,0.9992,0,-0.106576,0.089475,1.753000,0.9992,0
78,2.601894,1,0.105238,-0.368078,1.773000,0.9999,0,-0.192816,-0.356682,1.804000,0.9996,0,0.174885,-0.151199,1.799000,0.8715,0,-0.325093,-0.197832,1.847000,0.7274,0,0.190610,0.051932,1.753000,0.7609,0,-0.463403,-0.073938,1.794000,0.7315,0,0.063847,0.069225,1.682000,0.9993,0,-0.104570,0.079290,1.720000,0.9992,0
79,2.635249,1,0.111946,-0.391537,1.886000,0.9999,0,-0.191747,-0.354705,1.794000,0.9996,0,0.170413,-0.147333,1.753000,0.8662,0,-0.317976,-0.191124,1.841000,0.7289,0,0.187190,0.051784,1.748000,0.7443,0,-0.448644,-0.060523,1.748000,0.7249,0,0.065744,0.065585,1.660000,0.9993,0,-0.105117,0.079705,1.729000,0.9993,0
80,2.668605,1,0.108325,-0.378873,1.825000,0.9999,0,-0.192816,-0.356682,1.804000,0.9996,0,0.175857,-0.155020,1.809000,0.8655,0,-0.314091,-0.190605,1.836000,0.7320,0,0.186226,0.048652,1.739000,0.7421,0,-0.455368,-0.053695,1.809000,0.7282,0,0.067012,0.064062,1.692000,0.9993,0,-0.107488,0.078590,1.768000,0.9993,0
81,2.701960,1,0.109927,-0.384479,1.852000,0.9999,0,-0.190571,-0.352530,1.783000,0.9996,0,0.175857,-0.155020,1.809000,0.8685,0,-0.311738,-0.189828,1.858000,0.7368,0,0.182156,0.047589,1.701000,0.7478,0,-0.449413,-0.050715,1.809000,0.7320,0,0.069427,0.066371,1.753000,0.9993,0,-0.105421,0.077078,1.734000,0.9993,0
82,2.735316,1,0.108325,-0.378873,1.825000,0.9999,0,-0.191530,-0.359846,1.820000,0.9996,0,0.174399,-0.153735,1.794000,0.8732,0,-0.301370,-0.185332,1.814000,0.7420,0,0.188796,0.049324,1.763000,0.7569,0,-0.447670,-0.047866,1.814000,0.7376,0,0.067923,0.064933,1.715000,0.9994,0,-0.104266,0.076234,1.715000,0.9994,0
83,2.768671,1,0.105238,-0.368078,1.773000,0.9999,0,-0.183532,-0.344819,1.744000,0.9996,0,0.173330,-0.152792,1.783000,0.8767,0,-0.297562,-0.181841,1.809000,0.7435,0,0.185155,0.048373,1.729000,0.7639,0,-0.451303,-0.045546,1.841000,0.7354,0,0.068477,0.065463,1.729000,0.9994,0,-0.103962,0.076012,1.710000,0.9994,0
84,2.802027,1,0.108028,-0.377835,1.820000,0.9999,0,-0.186058,-0.349564,1.768000,0.9996,0,0.174885,-0.154163,1.799000,0.8733,0,-0.295094,-0.180334,1.794000,0.7511,0,0.186226,0.048652,1.739000,0.7536,0,-0.430498,-0.043740,1.768000,0.7454,0,0.067368,0.064403,1.701000,0.9994,0,-0.104570,0.076456,1.720000,0.9994,0
85,2.835382,1,0.103517,-0.362058,1.744000,0.9999,0,-0.192583,-0.361823,1.830000,0.9997,0,0.175371,-0.154592,1.804000,0.8732,0,-0.300194,-0.180443,1.825000,0.7553,0,0.184619,0.048233,1.724000,0.7524,0,-0.441698,-0.041890,1.814000,0.7500,0,0.066259,0.063343,1.673000,0.9994,0,-0.107792,0.078812,1.773000,0.9994,0
86,2.868738,1,0.106129,-0.371192,1.788000,0.9999,0,-0.191530,-0.359846,1.820000,0.9997,0,0.172357,-0.151935,1.773000,0.8745,0,-0.301016,-0.183952,1.830000,0.7570,0,0.186226,0.048652,1.739000,0.7555,0,-0.435085,-0.044507,1.799000,0.7523,0,0.067368,0.064403,1.701000,0.9994,0,-0.105725,0.077301,1.739000,0.9995,0
87,2.902093,1,0.105238,-0.368078,1.773000,0.9999,0,-0.189846,-0.356682,1.804000,0.9997,0,0.175371,-0.154592,1.804000,0.8763,0,-0.311050,-0.186969,1.891000,0.7622,0,0.187725,0.049044,1.753000,0.7575,0,-0.437503,-0.041774,1.809000,0.7556,0,0.067170,0.064213,1.696000,0.9994,0,-0.105117,0.076856,1.729000,0.9995,0
88,2.935448,1,0.102627,-0.358943,1.729000,0.9999,0,-0.190899,-0.358659,1.814000,0.9997,0,0.174885,-0.154163,1.799000,0.8748,0,-0.288350,-0.173324,1.753000,0.7680,0,0.189867,0.049604,1.773000,0.7566,0,-0.438713,-0.041890,1.814000,0.7646,0,0.067368,0.064403,1.701000,0.9994,0,-0.104266,0.076234,1.715000,0.9995,0
89,2.968804,1,0.104109,-0.374514,1.804000,0.9999,0,-0.183953,-0.345610,1.748000,0.9997,0,0.171871,-0.151507,1.768000,0.8735,0,-0.296739,-0.178367,1.804000,0.7695,0,0.190938,0.049883,1.783000,0.7561,0,-0.433876,-0.044383,1.794000,0.7687,0,0.070418,0.067318,1.778000,0.9995,0,-0.106272,0.077701,1.748000,0.9995,0
90,3.002159,1,0.102320,-0.368078,1.773000,0.9999,0,-0.188163,-0.353519,1.788000,0.9997,0,0.171385,-0.151078,1.763000,0.8725,0,-0.305025,-0.181531,1.836000,0.7725,0,0.189331,0.049464,1.768000,0.7534,0,-0.441373,-0.045150,1.825000,0.7710,0,0.067526,0.064554,1.705000,0.9995,0,-0.106576,0.077923,1.753000,0.9995,0
91,3.035515,1,0.102032,-0.367040,1.768000,0.9999,0,-0.189320,-0.355694,1.799000,0.9997,0,0.176926,-0.158961,1.820000,0.8742,0,-0.308680,-0.183706,1.858000,0.7678,0,0.192651,0.047367,1.799000,0.7543,0,-0.447055,-0.042398,1.836000,0.7588,0,0.067368,0.064403,1.701000,0.9995,0,-0.104570,0.076456,1.720000,0.9995,0
92,3.068870,1,0.105956,-0.381157,1.836000,0.9999,0,-0.190899,-0.358659,1.814000,0.9997,0,0.176343,-0.158437,1.814000,0.8750,0,-0.309893,-0.182618,1.847000,0.7689,0,0.186226,0.045788,1.739000,0.7529,0,-0.440481,-0.044754,1.809000,0.7559,0,0.070952,0.065122,1.720000,0.9995,0,-0.103395,0.077701,1.748000,0.9995,0
93,3.102225,1,0.101166,-0.363926,1.753000,0.9999,0,-0.190899,-0.358659,1.814000,0.9997,0,0.174885,-0.157127,1.799000,0.8788,0,-0.305647,-0.181339,1.804000,0.7689,0,0.188796,0.043515,1.763000,0.7617,0,-0.429730,-0.043369,1.753000,0.7529,0,0.071529,0.062795,1.734000,0.9995,0,-0.102271,0.074008,1.729000,0.9995,0
94,3.135581,1,0.102609,-0.372045,1.778000,0.9999,0,-0.191530,-0.359846,1.820000,0.9997,0,0.170413,-0.153109,1.753000,0.8843,0,-0.316828,-0.186164,1.852000,0.7681,0,0.188796,0.043515,1.763000,0.7723,0,-0.457363,-0.057677,1.841000,0.7430,0,0.071323,0.062614,1.729000,0.9995,0,-0.101443,0.073409,1.715000,0.9995,0
95,3.168936,1,0.103186,-0.374138,1.788000,0.9999,0,-0.189320,-0.355694,1.799000,0.9997,0,0.174399,-0.156690,1.794000,0.8829,0,-0.317976,-0.188091,1.841000,0.7736,0,0.186226,0.042923,1.739000,0.7659,0,-0.465584,-0.065797,1.814000,0.7484,0,0.070333,0.061745,1.705000,0.9995,0,-0.103691,0.075035,1.753000,0.9996,0
96,3.202291,1,0.105956,-0.381157,1.836000,0.9999,0,-0.188163,-0.353519,1.788000,0.9997,0,0.173330,-0.155729,1.783000,0.8839,0,-0.324224,-0.189463,1.825000,0.7756,0,0.185690,0.042799,1.734000,0.7689,0,-0.475215,-0.076893,1.794000,0.7508,0,0.070952,0.065122,1.720000,0.9995,0,-0.103111,0.075389,1.696000,0.9996,0
97,3.235647,1,0.103532,-0.372438,1.794000,0.9999,0,-0.192056,-0.360834,1.825000,0.9997,0,0.173816,-0.156166,1.788000,0.8850,0,-0.337253,-0.194789,1.847000,0.7732,0,0.187725,0.049044,1.753000,0.7705,0,-0.495441,-0.089704,1.814000,0.7505,0,0.071735,0.068706,1.739000,0.9995,0,-0.103658,0.078598,1.705000,0.9996,0
98,3.269002,1,0.106591,-0.383441,1.847000,0.9999,0,-0.193350,-0.354691,1.809000,0.9997,0,0.175857,-0.158000,1.809000,0.8881,0,-0.341278,-0.193227,1.804000,0.7741,0,0.190938,0.049883,1.783000,0.7754,0,-0.507556,-0.101097,1.804000,0.7517,0,0.068675,0.071365,1.734000,0.9995,0,-0.107651,0.079474,1.724000,0.9996,0
99,3.302357,1,0.102320,-0.368078,1.773000,0.9999,0,-0.195595,-0.358808,1.830000,0.9997,0,0.175857,-0.155020,1.809000,0.8857,0,-0.352127,-0.200274,1.814000,0.7756,0,0.186761,0.048792,1.744000,0.7641,0,-0.517769,-0.111983,1.788000,0.7513,0,0.067170,0.069801,1.696000,0.9995,0,-0.107963,0.079705,1.729000,0.9996,0
100,3.335713,1,0.105610,-0.379911,1.830000,0.9999,0,-0.194526,-0.356847,1.820000,0.9997,0,0.170413,-0.150221,1.753000,0.8888,0,-0.363428,-0.209321,1.841000,0.7807,0,0.187190,0.048904,1.748000,0.7712,0,-0.526527,-0.128206,1.768000,0.7579,0,0.064568,0.072809,1.701000,0.9995,0,-0.111129,0.079935,1.734000,0.9996,0
101,3.369068,1,0.105956,-0.381157,1.836000,0.9999,0,-0.187899,-0.344691,1.758000,0.9997,0,0.173816,-0.153220,1.788000,0.8853,0,-0.383505,-0.216853,1.880000,0.7622,0,0.184956,0.050391,1.701000,0.7570,0,-0.545351,-0.142365,1.763000,0.7229,0,0.063695,0.071825,1.678000,0.9995,0,-0.112667,0.083938,1.758000,0.9996,0
102,3.402423,1,0.102897,-0.370154,1.783000,0.9999,0,-0.196441,-0.349593,1.783000,0.9997,0,0.173299,-0.147333,1.753000,0.8803,0,-0.378998,-0.215216,1.814000,0.7568,0,0.186478,0.053632,1.715000,0.7441,0,-0.546513,-0.157616,1.739000,0.7111,0,0.068121,0.079290,1.720000,0.9995,0,-0.110232,0.093457,1.720000,0.9995,0
103,3.435781,1,0.101454,-0.364964,1.758000,0.9999,0,-0.201619,-0.358808,1.830000,0.9997,0,0.174885,-0.151199,1.799000,0.8856,0,-0.370432,-0.222035,1.773000,0.7419,0,0.185217,0.052474,1.678000,0.7560,0,-0.546513,-0.171940,1.739000,0.6883,0,0.062670,0.076109,1.651000,0.9995,0,-0.109014,0.089623,1.701000,0.9995,0
104,3.469140,1,0.104398,-0.375552,1.809000,0.9999,0,-0.201723,-0.353710,1.804000,0.9996,0,0.176759,-0.150275,1.788000,0.8877,0,-0.388365,-0.241233,1.830000,0.7251,0,0.190847,0.054069,1.729000,0.7605,0,-0.574467,-0.196742,1.809000,0.6601,0,0.065290,0.079290,1.720000,0.9995,0,-0.113629,0.096337,1.773000,0.9995,0
105,3.502498,1,0.101454,-0.364964,1.758000,0.9999,0,-0.205260,-0.354691,1.809000,0.9996,0,0.181504,-0.154309,1.836000,0.8847,0,-0.398225,-0.245911,1.820000,0.7016,0,0.189301,0.056457,1.715000,0.7501,0,-0.586753,-0.205664,1.783000,0.6201,0,0.064037,0.080548,1.687000,0.9995,0,-0.111770,0.094761,1.744000,0.9994,0
106,3.535856,1,0.102609,-0.369116,1.778000,0.9999,0,-0.209504,-0.356847,1.820000,0.9995,0,0.174781,-0.148594,1.768000,0.8850,0,-0.429920,-0.266406,1.880000,0.6945,0,0.190295,0.059593,1.724000,0.7500,0,-0.616282,-0.232950,1.836000,0.6004,0,0.064379,0.083771,1.696000,0.9994,0,-0.111770,0.100508,1.744000,0.9994,0
107,3.569215,1,0.102897,-0.370154,1.783000,0.9999,0,-0.213083,-0.357828,1.825000,0.9995,0,0.173793,-0.147754,1.758000,0.8840,0,-0.411397,-0.263819,1.799000,0.6964,0,0.188197,0.058936,1.705000,0.7540,0,-0.583867,-0.244822,1.748000,0.6087,0,0.066201,0.091888,1.744000,0.9994,0,-0.111129,0.105645,1.734000,0.9994,0
108,3.602573,1,0.103532,-0.372438,1.794000,0.9999,0,-0.211215,-0.354691,1.809000,0.9995,0,0.176759,-0.150275,1.788000,0.8876,0,-0.420798,-0.280961,1.814000,0.6929,0,0.194048,0.060768,1.758000,0.7670,0,-0.598781,-0.269391,1.758000,0.6135,0,0.065100,0.093186,1.715000,0.9994,0,-0.111222,0.105873,1.692000,0.9993,0
109,3.635931,1,0.102609,-0.369116,1.778000,0.9999,0,-0.212248,-0.346652,1.768000,0.9995,0,0.176759,-0.147329,1.788000,0.8917,0,-0.434533,-0.295201,1.847000,0.6928,0,0.186478,0.059282,1.715000,0.7794,0,-0.610917,-0.285487,1.768000,0.6217,0,0.056169,0.098030,1.701000,0.9993,0,-0.124241,0.110003,1.758000,0.9992,0
110,3.669290,1,0.104398,-0.375552,1.809000,0.9999,0,-0.217170,-0.354691,1.809000,0.9994,0,0.179329,-0.149472,1.814000,0.8893,0,-0.437989,-0.299492,1.836000,0.6876,0,0.190067,0.060423,1.748000,0.7812,0,-0.616100,-0.302596,1.783000,0.6221,0,0.055872,0.103086,1.692000,0.9992,0,-0.120213,0.112041,1.701000,0.9991,0
111,3.702648,1,0.107225,-0.385724,1.858000,0.9999,0,-0.221732,-0.362141,1.847000,0.9994,0,0.176264,-0.143980,1.783000,0.8863,0,-0.428571,-0.307008,1.809000,0.6916,0,0.192502,0.071777,1.744000,0.7821,0,-0.616948,-0.322195,1.794000,0.6354,0,0.056929,0.110716,1.724000,0.9992,0,-0.122192,0.122430,1.729000,0.9991,0
112,3.736006,1,0.102897,-0.367217,1.783000,0.9999,0,-0.217770,-0.355671,1.814000,0.9994,0,0.175276,-0.143173,1.773000,0.8911,0,-0.432361,-0.315736,1.825000,0.6875,0,0.189088,0.071571,1.739000,0.7958,0,-0.605734,-0.326383,1.753000,0.6335,0,0.055707,0.108339,1.687000,0.9991,0,-0.127139,0.127387,1.799000,0.9990,0
113,3.769364,1,0.103532,-0.369482,1.794000,0.9999,0,-0.219539,-0.353710,1.804000,0.9993,0,0.176264,-0.141043,1.783000,0.8864,0,-0.444854,-0.326510,1.852000,0.6907,0,0.192785,0.075891,1.773000,0.7922,0,-0.604226,-0.329504,1.724000,0.6410,0,0.058172,0.110526,1.678000,0.9990,0,-0.124948,0.128104,1.768000,0.9989,0
114,3.802723,1,,,,0.9999,2,-0.222332,-0.366173,1.852000,0.9993,0,0.175770,-0.140647,1.778000,0.8890,0,-0.439182,-0.333669,1.841000,0.6982,0,0.189632,0.074650,1.744000,0.8022,0,-0.620797,-0.345671,1.763000,0.6582,0,0.061079,0.110789,1.682000,0.9990,0,-0.120036,0.126003,1.739000,0.9988,0
115,3.836081,1,0.102609,-0.366187,1.778000,0.9999,0,-0.216570,-0.356682,1.804000,0.9993,0,0.176264,-0.141043,1.783000,0.8899,0,-0.447054,-0.345824,1.874000,0.6937,0,0.189853,0.073623,1.720000,0.8080,0,-0.614106,-0.344819,1.744000,0.6587,0,0.062604,0.113556,1.724000,0.9989,0,-0.126008,0.126254,1.783000,0.9987,0
116,3.869439,1,0.103532,-0.369482,1.794000,0.9999,0,-0.215369,-0.354705,1.794000,0.9993,0,0.177846,-0.139345,1.799000,0.8870,0,-0.441011,-0.341837,1.836000,0.6876,0,0.194599,0.078368,1.763000,0.8065,0,-0.654248,-0.367359,1.858000,0.6538,0,0.055542,0.110789,1.682000,0.9989,0,-0.125399,0.122784,1.734000,0.9987,0
117,3.902798,1,0.106782,-0.370512,1.799000,0.9999,0,-0.218490,-0.359846,1.820000,0.9993,0,0.175770,-0.134789,1.778000,0.8721,0,-0.436558,-0.337705,1.830000,0.6801,0,0.193496,0.083699,1.753000,0.7823,0,-0.633473,-0.358657,1.799000,0.6520,0,0.055872,0.111448,1.692000,0.9989,0,-0.129304,0.126608,1.788000,0.9987,0
118,3.936156,1,0.105238,-0.365157,1.773000,0.9999,0,-0.217170,-0.360651,1.809000,0.9993,0,0.177846,-0.136381,1.799000,0.8770,0,-0.435727,-0.337741,1.814000,0.6850,0,0.191698,0.081272,1.763000,0.7932,0,-0.656455,-0.371269,1.847000,0.6612,0,0.053213,0.111711,1.696000,0.9988,0,-0.129289,0.123775,1.748000,0.9986,0
119,3.969514,1,0.103754,-0.360008,1.748000,0.9999,0,-0.216570,-0.359654,1.804000,0.9993,0,0.177352,-0.136002,1.794000,0.8650,0,-0.439570,-0.337705,1.830000,0.6732,0,0.190610,0.080811,1.753000,0.7768,0,-0.640868,-0.359846,1.820000,0.6559,0,0.054562,0.117408,1.739000,0.9988,0,-0.128623,0.123138,1.739000,0.9986,0
120,4.002873,1,0.107078,-0.371542,1.804000,0.9999,0,-0.215969,-0.358657,1.799000,0.9992,0,0.172409,-0.132211,1.744000,0.8686,0,-0.447497,-0.343794,1.863000,0.6676,0,0.190610,0.080811,1.753000,0.7873,0,-0.627839,-0.349593,1.783000,0.6508,0,0.056929,0.113556,1.724000,0.9988,0,-0.131878,0.126254,1.783000,0.9986,0
121,4.036231,1,0.108978,-0.378132,1.836000,0.9999,0,-0.220411,-0.366034,1.836000,0.9992,0,0.176264,-0.138105,1.783000,0.8714,0,-0.462629,-0.352248,1.926000,0.6657,0,0.190610,0.077923,1.753000,0.7947,0,-0.634017,-0.351710,1.809000,0.6476,0,0.053495,0.112304,1.705000,0.9988,0,-0.131878,0.126254,1.783000,0.9986,0
122,4.069589,1,0.106485,-0.369482,1.794000,0.9999,0,-0.215495,-0.365842,1.820000,0.9992,0,0.175770,-0.137718,1.778000,0.8711,0,-0.429163,-0.329020,1.799000,0.6660,0,0.187725,0.077923,1.753000,0.7989,0,,,,0.6554,2,0.057589,0.114873,1.744000,0.9987,0,-0.127496,0.124838,1.763000,0.9985,0
123,4.102948,1,0.115388,-0.400375,1.944000,0.9999,0,-0.221012,-0.367031,1.841000,0.9992,0,0.174781,-0.136944,1.768000,0.8740,0,-0.439570,-0.334690,1.830000,0.6637,0,0.190402,0.076105,1.778000,0.8059,0,-0.597567,-0.328682,1.705000,0.6494,0,0.057094,0.113885,1.729000,0.9987,0,-0.123664,0.121085,1.710000,0.9985,0
124,4.136306,1,0.106485,-0.369482,1.794000,0.9999,0,-0.216087,-0.363841,1.825000,0.9992,0,0.180304,-0.138957,1.794000,0.8731,0,-0.426539,-0.324063,1.788000,0.6637,0,0.190402,0.079034,1.778000,0.8082,0,-0.616737,-0.337914,1.768000,0.6559,0,0.059281,0.112634,1.710000,0.9987,0,-0.124025,0.121439,1.715000,0.9985,0
125,4.169665,1,0.105832,-0.367217,1.783000,0.9999,0,-0.215495,-0.365842,1.820000,0.9992,0,0.178696,-0.137718,1.778000,0.8745,0,-0.441806,-0.335663,1.852000,0.6588,0,0.189331,0.078590,1.768000,0.8136,0,-0.626326,-0.344794,1.804000,0.6540,0,0.058969,0.112041,1.701000,0.9987,0,-0.127496,0.124838,1.763000,0.9984,0
126,4.203023,1,0.106129,-0.368246,1.788000,0.9999,0,-0.211114,-0.355467,1.783000,0.9992,0,0.179701,-0.138493,1.788000,0.8734,0,-0.426539,-0.324063,1.788000,0.6596,0,0.193496,0.077923,1.753000,0.8129,0,-0.637436,-0.350911,1.836000,0.6583,0,0.056797,0.116126,1.720000,0.9987,0,-0.128943,0.126254,1.783000,0.9985,0
127,4.236381,1,0.105832,-0.367217,1.783000,0.9999,0,-0.222332,-0.369224,1.852000,0.9992,0,0.178194,-0.137331,1.773000,0.8748,0,-0.429482,-0.324063,1.788000,0.6580,0,0.190847,0.076856,1.729000,0.8157,0,-0.629295,-0.344794,1.804000,0.6548,0,0.061465,0.119704,1.773000,0.9987,0,-0.130100,0.130350,1.799000,0.9984,0
128,4.269740,1,0.106782,-0.370512,1.799000,0.9999,0,-0.214784,-0.361648,1.814000,0.9992,0,0.179199,-0.138105,1.783000,0.8787,0,-0.453973,-0.344906,1.903000,0.6603,0,0.196941,0.078145,1.758000,0.8243,0,-0.642991,-0.350918,1.852000,0.6654,0,0.064910,0.115451,1.710000,0.9986,0,-0.123535,0.126655,1.748000,0.9984,0
129,4.303098,1,0.105535,-0.366187,1.778000,0.9999,0,-0.224973,-0.373610,1.874000,0.9992,0,0.180304,-0.138957,1.794000,0.8838,0,-0.411271,-0.312463,1.724000,0.6569,0,0.194813,0.077301,1.739000,0.8332,0,-0.629798,-0.343717,1.814000,0.6649,0,0.057424,0.117408,1.739000,0.9987,0,-0.125443,0.122887,1.696000,0.9984,0
130,4.336456,1,0.106485,-0.369482,1.794000,0.9999,0,-0.218692,-0.368227,1.847000,0.9992,0,0.182918,-0.143970,1.820000,0.8810,0,-0.429163,-0.323093,1.799000,0.6602,0,0.197193,0.070378,1.710000,0.8313,0,-0.617828,-0.338791,1.788000,0.6720,0,0.059940,0.113885,1.729000,0.9986,0,-0.127883,0.122430,1.729000,0.9983,0
131,4.369815,1,0.108028,-0.374837,1.820000,0.9999,0,-0.216087,-0.366847,1.825000,0.9992,0,0.181310,-0.142704,1.804000,0.8852,0,-0.429163,-0.323093,1.799000,0.6500,0,0.195578,0.072595,1.696000,0.8380,0,-0.617828,-0.338791,1.788000,0.6572,0,0.058172,0.110526,1.678000,0.9986,0,-0.128253,0.122784,1.734000,0.9983,0
132,4.403173,1,0.106129,-0.368246,1.788000,0.9999,0,-0.218692,-0.368227,1.847000,0.9992,0,0.180304,-0.141913,1.794000,0.8848,0,-0.430356,-0.323991,1.804000,0.6481,0,0.197193,0.073195,1.710000,0.8373,0,-0.612645,-0.335949,1.773000,0.6533,0,0.059454,0.115788,1.715000,0.9986,0,-0.129659,0.127017,1.753000,0.9983,0
133,4.436532,1,0.109927,-0.381428,1.852000,0.9999,0,-0.219691,-0.364837,1.830000,0.9992,0,0.179069,-0.138670,1.753000,0.8888,0,-0.435365,-0.327763,1.825000,0.6563,0,0.196616,0.072981,1.705000,0.8432,0,-0.605734,-0.329271,1.753000,0.6630,0,0.061769,0.114843,1.701000,0.9986,0,-0.124025,0.127089,1.715000,0.9983,0
134,4.469890,1,0.105832,-0.367217,1.783000,0.9999,0,-0.212248,-0.352477,1.768000,0.9992,0,0.181112,-0.140252,1.773000,0.8942,0,-0.448938,-0.335665,1.869000,0.6593,0,0.197193,0.073195,1.710000,0.8529,0,-0.613439,-0.325702,1.734000,0.6659,0,0.058969,0.114843,1.701000,0.9986,0,-0.125761,0.128868,1.739000,0.9983,0
135,4.503249,1,0.103754,-0.360008,1.748000,0.9999,0,-0.214049,-0.355467,1.783000,0.9992,0,0.181112,-0.140252,1.773000,0.8954,0,-0.422751,-0.313934,1.748000,0.6601,0,0.201575,0.074821,1.748000,0.8554,0,-0.631287,-0.332089,1.768000,0.6602,0,0.059108,0.115113,1.705000,0.9986,0,-0.125761,0.131733,1.739000,0.9983,0
136,4.536607,1,0.106485,-0.369482,1.794000,0.9999,0,-0.217170,-0.360651,1.809000,0.9992,0,0.182134,-0.141043,1.783000,0.8988,0,-0.430006,-0.319322,1.778000,0.6667,0,0.199384,0.074008,1.729000,0.8616,0,-0.592063,-0.311316,1.643000,0.6672,0,0.059953,0.111467,1.651000,0.9986,0,-0.123252,0.132111,1.744000,0.9983,0
137,4.569966,1,,,,0.9999,2,-0.212724,-0.348490,1.748000,0.9992,0,0.183257,-0.141913,1.794000,0.8990,0,-0.435859,-0.322251,1.778000,0.6648,0,0.197769,0.073409,1.715000,0.8620,0,-0.644011,-0.334054,1.763000,0.6597,0,0.058969,0.114843,1.701000,0.9986,0,-0.122832,0.128665,1.698500,0.9983,0
138,4.603324,1,0.106485,-0.366527,1.794000,0.9999,0,-0.219539,-0.359654,1.804000,0.9991,0,0.175279,-0.135085,1.744000,0.8993,0,-0.427524,-0.318961,1.744000,0.6684,0,0.197193,0.076012,1.710000,0.8629,0,-0.612744,-0.322050,1.685000,0.6628,0,0.060280,0.112075,1.660000,0.9986,0,-0.122651,0.128475,1.696000,0.9983,0
139,4.636683,1,0.107375,-0.369591,1.809000,0.9999,0,-0.218930,-0.358657,1.799000,0.9991,0,0.183768,-0.142308,1.799000,0.9016,0,-0.439263,-0.338851,1.804000,0.6717,0,0.194541,0.074989,1.687000,0.8677,0,-0.620831,-0.330609,1.715000,0.6657,0,0.058484,0.113898,1.687000,0.9986,0,-0.120988,0.126733,1.673000,0.9983,0
140,4.670041,1,0.106129,-0.365301,1.788000,0.9999,0,-0.212848,-0.353474,1.773000,0.9991,0,0.185913,-0.140971,1.820000,0.9000,0,-0.416375,-0.326828,1.710000,0.6768,0,0.198243,0.077523,1.744000,0.8662,0,,,,0.6697,2,0.062785,0.116733,1.729000,0.9986,0,-0.125399,0.131354,1.734000,0.9982,0
141,4.703400,1,0.107672,-0.370613,1.814000,0.9999,0,-0.214649,-0.356464,1.788000,0.9991,0,0.184790,-0.140119,1.809000,0.9026,0,-0.412325,-0.324248,1.682000,0.6854,0,0.195515,0.076456,1.720000,0.8697,0,,,,0.6752,2,0.062459,0.116126,1.720000,0.9985,0,-0.132342,0.138626,1.830000,0.9982,0
142,4.736758,1,0.108028,-0.371839,1.820000,0.9999,0,-0.214649,-0.356464,1.788000,0.9991,0,0.179701,-0.141438,1.788000,0.9034,0,-0.429730,-0.340823,1.753000,0.6927,0,0.200971,0.078590,1.768000,0.8711,0,,,,0.6815,2,0.062277,0.115788,1.715000,0.9985,0,-0.127496,0.133551,1.763000,0.9981,0
143,4.770117,1,0.107375,-0.369591,1.809000,0.9999,0,-0.211648,-0.351480,1.763000,0.9992,0,0.178696,-0.137718,1.778000,0.9033,0,-0.416946,-0.335184,1.724000,0.6977,0,0.200971,0.078590,1.768000,0.8727,0,-0.580227,-0.334676,1.625000,0.6937,0,0.059766,0.116396,1.724000,0.9985,0,-0.128581,0.131758,1.778000,0.9981,0
144,4.803475,1,0.105238,-0.359315,1.773000,0.9999,0,-0.217170,-0.360651,1.809000,0.9992,0,0.179701,-0.135547,1.788000,0.9027,0,-0.404020,-0.327019,1.682000,0.6953,0,0.202676,0.079257,1.783000,0.8755,0,-0.581246,-0.343796,1.643000,0.7039,0,0.059281,0.115451,1.710000,0.9985,0,-0.125399,0.128497,1.734000,0.9981,0
145,4.836834,1,0.107078,-0.365598,1.804000,0.9999,0,-0.214049,-0.355467,1.783000,0.9992,0,0.180304,-0.138957,1.794000,0.9043,0,-0.402985,-0.330713,1.701000,0.6994,0,0.198061,0.075677,1.768000,0.8809,0,-0.570429,-0.346503,1.643000,0.7236,0,0.059454,0.115788,1.715000,0.9984,0,-0.124531,0.127608,1.722000,0.9981,0
146,4.870192,1,0.108978,-0.372083,1.836000,0.9999,0,-0.207566,-0.344702,1.729000,0.9992,0,0.179199,-0.135168,1.783000,0.9010,0,-0.393271,-0.322741,1.660000,0.6959,0,0.199835,0.078145,1.758000,0.8800,0,,,,0.7320,2,0.061079,0.113560,1.682000,0.9984,0,-0.120337,0.123310,1.664000,0.9981,0
147,4.903551,1,0.106485,-0.363571,1.794000,0.9999,0,-0.209338,-0.352477,1.768000,0.9992,0,0.179701,-0.135547,1.788000,0.9019,0,-0.396003,-0.322741,1.660000,0.6957,0,0.200971,0.081502,1.768000,0.8829,0,,,,0.7422,2,0.062459,0.118959,1.720000,0.9984,0,-0.120496,0.129157,1.705000,0.9981,0
148,4.936910,1,0.107078,-0.365598,1.804000,0.9999,0,-0.211114,-0.355467,1.783000,0.9993,0,0.181812,-0.137139,1.809000,0.9004,0,-0.397536,-0.329005,1.678000,0.6948,0,0.200974,0.079746,1.794000,0.8853,0,,,,0.7544,2,0.062604,0.119236,1.724000,0.9984,0,,,,0.9981,2
149,4.970268,1,0.107672,-0.364636,1.814000,0.9999,0,-0.210522,-0.354471,1.778000,0.9993,0,0.178696,-0.131860,1.778000,0.9030,0,-0.382305,-0.318614,1.625000,0.6993,0,0.202094,0.083162,1.804000,0.8896,0,,,,0.7660,2,0.061769,0.117645,1.701000,0.9984,0,-0.124241,0.133172,1.758000,0.9981,0
150,5.003627,1,0.106782,-0.361621,1.799000,0.9999,0,-0.216087,-0.363841,1.825000,0.9993,0,0.177846,-0.133417,1.799000,0.8976,0,-0.392656,-0.329990,1.669000,0.6969,0,0.193692,0.079705,1.729000,0.8839,0,,,,0.7624,2,0.062604,0.119236,1.724000,0.9984,0,-0.123252,0.132111,1.744000,0.9981,0
151,5.036985,1,0.108622,-0.367852,1.830000,0.9999,0,-0.212416,-0.357660,1.794000,0.9993,0,0.180416,-0.135346,1.825000,0.8985,0,-0.375100,-0.322373,1.617000,0.7120,0,0.195373,0.080396,1.744000,0.8916,0,,,,0.7849,2,0.061442,0.117023,1.692000,0.9984,0,-0.126362,0.135445,1.788000,0.9981,0
152,5.070344,1,0.110936,-0.375692,1.869000,0.9999,0,-0.205260,-0.350483,1.758000,0.9994,0,0.179922,-0.134975,1.820000,0.8901,0,-0.375432,-0.324965,1.630000,0.7204,0,0.195373,0.083269,1.744000,0.8924,0,,,,0.8043,2,0.062967,0.119928,1.734000,0.9984,0,-0.122545,0.131354,1.734000,0.9981,0
153,5.103703,1,0.103186,-0.359410,1.788000,0.9999,0,-0.207012,-0.353474,1.773000,0.9994,0,0.174781,-0.134031,1.768000,0.8916,0,-0.364454,-0.322373,1.617000,0.7333,0,0.195821,0.077701,1.748000,0.8995,0,-0.458451,-0.333873,1.490000,0.8231,0,0.062459,0.116126,1.720000,0.9984,0,-0.118234,0.123977,1.673000,0.9981,0
154,5.137061,1,0.101743,-0.354384,1.763000,0.9999,0,-0.202942,-0.351480,1.763000,0.9995,0,0.174781,-0.134031,1.768000,0.8896,0,-0.342211,-0.311806,1.564000,0.7405,0,0.200302,0.079479,1.788000,0.9043,0,,,,0.8391,2,0.059766,0.116396,1.724000,0.9983,0,-0.123252,0.126365,1.744000,0.9981,0
155,5.170420,1,0.101420,-0.363631,1.809000,0.9999,0,-0.203558,-0.357660,1.794000,0.9995,0,0.172844,-0.140647,1.778000,0.8913,0,-0.341343,-0.323170,1.621000,0.7463,0,0.199742,0.070445,1.783000,0.9104,0,,,,0.8538,2,0.061118,0.116124,1.763000,0.9983,0,-0.123252,0.123492,1.744000,0.9981,0
156,5.203778,1,0.102317,-0.366847,1.825000,0.9999,0,-0.196580,-0.350483,1.758000,0.9995,0,0.172409,-0.135085,1.744000,0.8751,0,-0.335894,-0.330945,1.660000,0.7339,0,0.198698,0.071941,1.748000,0.9009,0,,,,0.8633,2,0.066732,0.115795,1.758000,0.9983,0,-0.115894,0.121793,1.720000,0.9981,0
157,5.237137,1,0.103551,-0.371269,1.847000,0.9999,0,-0.195339,-0.353474,1.773000,0.9995,0,0.172844,-0.137718,1.778000,0.8737,0,-0.318487,-0.318984,1.600000,0.7299,0,0.203245,0.073588,1.788000,0.9051,0,-0.418195,-0.348565,1.522000,0.8734,0,0.067170,0.108917,1.696000,0.9983,0,-0.113308,0.125192,1.768000,0.9980,0
158,5.270496,1,0.102317,-0.366847,1.825000,0.9999,0,-0.199305,-0.360651,1.809000,0.9995,0,0.170899,-0.136169,1.758000,0.8740,0,-0.330430,-0.333680,1.660000,0.7296,0,0.203927,0.070879,1.794000,0.9096,0,,,,0.8827,2,0.067923,0.110138,1.715000,0.9982,0,-0.109911,0.121439,1.715000,0.9980,0
159,5.303854,1,0.099402,-0.356395,1.773000,0.9999,0,-0.195890,-0.357400,1.778000,0.9995,0,0.175857,-0.143099,1.809000,0.8736,0,-0.323729,-0.326890,1.613000,0.7267,0,0.198243,0.066031,1.744000,0.9140,0,-0.391791,-0.337318,1.452000,0.8921,0,0.063838,0.110003,1.758000,0.9982,0,-0.110488,0.116396,1.724000,0.9979,0
160,5.337213,1,0.106017,-0.380114,1.891000,0.9999,0,-0.201068,-0.366847,1.825000,0.9996,0,0.170899,-0.139065,1.758000,0.8733,0,-0.304103,-0.320202,1.580000,0.7299,0,0.198243,0.060285,1.744000,0.9181,0,-0.383811,-0.338712,1.458000,0.9016,0,0.062459,0.107625,1.720000,0.9981,0,-0.112667,0.115795,1.758000,0.9978,0
161,5.370572,1,0.104167,-0.373481,1.858000,0.9999,0,-0.204043,-0.372275,1.852000,0.9996,0,0.173816,-0.141438,1.788000,0.8658,0,-0.308257,-0.324439,1.588000,0.7328,0,0.193810,0.058936,1.705000,0.9170,0,-0.387271,-0.346867,1.462000,0.9097,0,0.062459,0.104792,1.720000,0.9980,0,-0.110232,0.113292,1.720000,0.9977,0
162,5.403930,1,0.100243,-0.359410,1.788000,0.9999,0,-0.192584,-0.351369,1.748000,0.9996,0,0.169927,-0.141154,1.748000,0.8650,0,-0.304374,-0.320353,1.568000,0.7367,0,0.193355,0.058798,1.701000,0.9195,0,,,,0.9170,2,0.059454,0.104487,1.715000,0.9980,0,-0.111770,0.109127,1.744000,0.9977,0
163,5.437288,1,0.102037,-0.365842,1.820000,0.9999,0,-0.192421,-0.356395,1.773000,0.9996,0,0.173816,-0.144384,1.788000,0.8479,0,-0.285664,-0.305848,1.497000,0.7368,0,0.196538,0.059766,1.729000,0.9133,0,,,,0.9237,2,0.068873,0.105949,1.739000,0.9979,0,-0.103158,0.112000,1.744000,0.9976,0
164,5.470646,1,0.101420,-0.363631,1.809000,0.9999,0,-0.192421,-0.356395,1.773000,0.9996,0,0.174885,-0.145272,1.799000,0.8481,0,-0.316229,-0.335676,1.643000,0.7407,0,0.198698,0.060423,1.748000,0.9150,0,-0.383691,-0.350189,1.476000,0.9295,0,0.066616,0.102476,1.682000,0.9979,0,-0.102271,0.111037,1.729000,0.9977,0
165,5.504004,1,0.099962,-0.358405,1.783000,0.9999,0,-0.186669,-0.345741,1.720000,0.9996,0,0.175857,-0.143099,1.809000,0.8520,0,-0.309685,-0.328730,1.609000,0.7430,0,0.202676,0.064570,1.783000,0.9195,0,-0.381871,-0.348528,1.469000,0.9351,0,0.070220,0.108021,1.773000,0.9979,0,-0.103158,0.112000,1.744000,0.9976,0
166,5.537362,1,0.101140,-0.362626,1.804000,0.9999,0,-0.187645,-0.347550,1.729000,0.9996,0,0.174885,-0.142308,1.799000,0.8544,0,-0.301463,-0.317289,1.553000,0.7436,0,0.201540,0.064208,1.773000,0.9230,0,-0.377226,-0.342122,1.442000,0.9396,0,0.069071,0.106254,1.744000,0.9979,0,-0.106708,0.115853,1.804000,0.9976,0
167,5.570720,1,0.102934,-0.369058,1.836000,0.9999,0,-0.189273,-0.350565,1.744000,0.9996,0,0.178482,-0.148260,1.836000,0.8576,0,-0.305389,-0.318719,1.560000,0.7483,0,0.200403,0.060941,1.763000,0.9268,0,-0.383022,-0.347603,1.455000,0.9438,0,0.069626,0.107107,1.758000,0.9979,0,-0.101975,0.110716,1.724000,0.9976,0
168,5.604078,1,0.102597,-0.367852,1.830000,0.9999,0,-0.191878,-0.352477,1.768000,0.9996,0,0.172357,-0.143173,1.773000,0.8603,0,-0.308746,-0.322113,1.564000,0.7455,0,0.198243,0.063158,1.744000,0.9292,0,-0.380913,-0.343542,1.438000,0.9459,0,0.068675,0.105645,1.734000,0.9979,0,-0.109373,0.118496,1.799000,0.9976,0
169,5.637436,1,0.102037,-0.365842,1.820000,0.9999,0,-0.188731,-0.346695,1.739000,0.9996,0,0.179551,-0.149148,1.847000,0.8624,0,-0.311687,-0.319847,1.553000,0.7439,0,0.199266,0.063484,1.753000,0.9314,0,,,,0.9471,2,0.065821,0.108501,1.734000,0.9980,0,-0.105117,0.113885,1.729000,0.9976,0
170,5.670794,1,0.100860,-0.361621,1.799000,0.9999,0,-0.194700,-0.357660,1.794000,0.9996,0,0.172880,-0.146080,1.809000,0.8592,0,-0.301050,-0.308932,1.500000,0.7387,0,0.198698,0.063302,1.748000,0.9308,0,,,,0.9483,2,0.065100,0.107312,1.715000,0.9980,0,-0.104570,0.116126,1.720000,0.9976,0
171,5.704152,1,0.100860,-0.361621,1.799000,0.9999,0,-0.190250,-0.349486,1.753000,0.9997,0,0.172880,-0.143099,1.809000,0.8609,0,-0.324765,-0.330557,1.605000,0.7375,0,0.197106,0.065652,1.734000,0.9325,0,,,,0.9495,2,0.065821,0.108501,1.734000,0.9980,0,-0.106880,0.118691,1.758000,0.9976,0
172,5.737510,1,0.102037,-0.365842,1.820000,0.9999,0,-0.191878,-0.352477,1.768000,0.9997,0,0.174885,-0.142308,1.799000,0.8620,0,,,,0.7341,2,0.200971,0.066939,1.768000,0.9336,0,-0.390381,-0.338804,1.438000,0.9502,0,0.066732,0.110003,1.758000,0.9980,0,-0.107488,0.119366,1.768000,0.9976,0
173,5.770868,1,0.099585,-0.367852,1.830000,0.9999,0,-0.192963,-0.357400,1.778000,0.9997,0,0.171871,-0.142769,1.768000,0.8670,0,-0.335601,-0.333429,1.632000,0.7422,0,0.198698,0.066182,1.748000,0.9368,0,-0.410227,-0.351762,1.493000,0.9533,0,0.066011,0.108814,1.739000,0.9980,0,-0.109774,0.118691,1.758000,0.9976,0
174,5.804227,1,0.098715,-0.364636,1.814000,0.9999,0,-0.187645,-0.344702,1.729000,0.9997,0,0.174885,-0.142308,1.799000,0.8676,0,-0.341278,-0.339049,1.673000,0.7445,0,0.199266,0.066371,1.753000,0.9375,0,-0.403010,-0.336310,1.458000,0.9557,0,0.067681,0.114505,1.783000,0.9980,0,-0.107401,0.118959,1.720000,0.9977,0
175,5.837585,1,0.102597,-0.367852,1.830000,0.9999,0,-0.194788,-0.352477,1.768000,0.9997,0,0.170899,-0.139065,1.758000,0.8722,0,-0.359079,-0.342900,1.692000,0.7430,0,0.195970,0.065273,1.724000,0.9405,0,-0.442529,-0.351025,1.511000,0.9557,0,0.061079,0.108018,1.682000,0.9981,0,-0.115936,0.125115,1.809000,0.9977,0
176,5.870943,1,0.100860,-0.361621,1.799000,0.9999,0,-0.198816,-0.354471,1.778000,0.9997,0,0.170899,-0.139065,1.758000,0.8734,0,-0.353808,-0.327701,1.617000,0.7520,0,0.194947,0.064933,1.715000,0.9407,0,,,,0.9582,2,0.061587,0.108917,1.696000,0.9981,0,-0.114312,0.120273,1.739000,0.9977,0
177,5.904301,1,0.102037,-0.362844,1.820000,0.9999,0,-0.198816,-0.354471,1.778000,0.9997,0,0.178835,-0.143099,1.809000,0.8753,0,,,,0.7563,2,0.201540,0.075891,1.773000,0.9412,0,,,,0.9600,2,0.062277,0.112963,1.715000,0.9981,0,-0.114312,0.123138,1.739000,0.9978,0
178,5.937659,1,0.101454,-0.350483,1.758000,0.9999,0,-0.198257,-0.353474,1.773000,0.9997,0,0.176759,-0.141438,1.788000,0.8751,0,,,,0.7605,2,0.201540,0.075891,1.773000,0.9406,0,,,,0.9597,2,0.062604,0.113556,1.724000,0.9982,0,-0.115232,0.124130,1.753000,0.9979,0
179,5.971017,1,0.104109,-0.359654,1.804000,0.9999,0,-0.204125,-0.358657,1.799000,0.9997,0,0.179329,-0.143495,1.814000,0.8780,0,-0.376423,-0.324255,1.600000,0.7527,0,0.203927,0.076790,1.794000,0.9390,0,,,,0.9368,2,0.063657,0.118354,1.753000,0.9983,0,-0.114883,0.123539,1.705000,0.9980,0
180,6.004375,1,0.103821,-0.361621,1.799000,0.9999,0,-0.200608,-0.352477,1.768000,0.9996,0,0.176759,-0.138493,1.788000,0.8750,0,,,,0.7493,2,0.206880,0.082701,1.794000,0.9325,0,,,,0.9312,2,0.065441,0.119236,1.724000,0.9983,0,-0.115557,0.127089,1.715000,0.9980,0
181,6.037733,1,0.104398,-0.363631,1.809000,0.9999,0,-0.200041,-0.351480,1.763000,0.9996,0,0.174781,-0.136944,1.768000,0.8795,0,-0.396351,-0.336293,1.673000,0.7443,0,0.202728,0.081041,1.758000,0.9324,0,,,,0.9160,2,0.062967,0.119928,1.734000,0.9984,0,-0.121217,0.133314,1.799000,0.9980,0
182,6.071091,1,0.106129,-0.356464,1.788000,0.9999,0,-0.200041,-0.351480,1.763000,0.9995,0,0.177352,-0.130091,1.794000,0.8817,0,-0.397536,-0.337298,1.678000,0.7405,0,0.201575,0.086340,1.748000,0.9290,0,-0.578915,-0.370665,1.691500,0.9029,0,0.065631,0.122430,1.729000,0.9984,0,-0.117780,0.132414,1.748000,0.9980,0
183,6.104449,1,0.108325,-0.366847,1.825000,0.9999,0,-0.204094,-0.353474,1.773000,0.9995,0,0.178340,-0.130816,1.804000,0.8843,0,-0.404524,-0.340415,1.707500,0.7378,0,0.196538,0.085401,1.729000,0.9246,0,-0.547338,-0.341889,1.584000,0.8838,0,0.065631,0.122430,1.729000,0.9984,0,-0.119465,0.134308,1.773000,0.9980,0
184,6.137808,1,0.106485,-0.360616,1.794000,0.9999,0,-0.201216,-0.348490,1.748000,0.9995,0,0.175276,-0.134410,1.773000,0.8874,0,-0.398150,-0.327241,1.669000,0.7407,0,0.194947,0.079059,1.715000,0.9238,0,-0.576331,-0.350088,1.660000,0.8826,0,0.065631,0.122430,1.729000,0.9984,0,-0.118286,0.135875,1.755500,0.9980,0
185,6.171166,1,0.105238,-0.356395,1.773000,0.9999,0,-0.208238,-0.360651,1.809000,0.9995,0,0.183085,-0.140399,1.852000,0.8910,0,-0.400297,-0.323477,1.678000,0.7471,0,0.194947,0.079059,1.715000,0.9229,0,-0.557236,-0.327913,1.605000,0.8753,0,0.064227,0.119810,1.692000,0.9984,0,-0.111222,0.128172,1.692000,0.9981,0
186,6.204524,1,0.103220,-0.352425,1.739000,0.9999,0,-0.214454,-0.371417,1.863000,0.9994,0,0.174287,-0.133652,1.763000,0.8937,0,-0.414119,-0.336971,1.748000,0.7489,0,0.200403,0.081272,1.763000,0.9213,0,-0.601389,-0.343705,1.724000,0.8641,0,0.068279,0.119236,1.724000,0.9984,0,-0.114312,0.131733,1.739000,0.9981,0
187,6.237882,1,0.110353,-0.366611,1.809000,0.9999,0,-0.210631,-0.359654,1.804000,0.9994,0,0.172804,-0.135394,1.748000,0.8989,0,-0.436558,-0.352778,1.830000,0.7461,0,0.202108,0.079034,1.778000,0.9236,0,-0.610585,-0.339985,1.734000,0.8435,0,0.066542,0.121242,1.753000,0.9985,0,-0.116500,0.130975,1.729000,0.9981,0
188,6.271240,1,0.108767,-0.361342,1.783000,0.9999,0,-0.209464,-0.357660,1.794000,0.9993,0,0.176264,-0.135168,1.783000,0.9023,0,-0.431548,-0.339790,1.809000,0.7436,0,0.203245,0.082424,1.788000,0.9227,0,-0.585845,-0.321964,1.656000,0.8271,0,0.067112,0.122279,1.768000,0.9985,0,-0.119128,0.133930,1.768000,0.9981,0
189,6.304598,1,0.110135,-0.356276,1.758000,0.9999,0,-0.205844,-0.351480,1.763000,0.9993,0,0.179199,-0.135168,1.783000,0.9026,0,-0.409124,-0.319308,1.715000,0.7421,0,0.206207,0.084176,1.763000,0.9186,0,-0.602134,-0.324011,1.710000,0.8205,0,0.070168,0.117645,1.701000,0.9985,0,-0.119802,0.134687,1.778000,0.9982,0
190,6.337956,1,0.111701,-0.361342,1.783000,0.9999,0,-0.205312,-0.345699,1.734000,0.9993,0,0.182315,-0.137518,1.814000,0.9017,0,-0.437168,-0.329863,1.820000,0.7405,0,0.203399,0.083030,1.739000,0.9109,0,-0.605978,-0.319066,1.729000,0.8138,0,0.064910,0.118268,1.710000,0.9986,0,-0.116500,0.130975,1.729000,0.9982,0
191,6.371314,1,0.112014,-0.365301,1.788000,0.9999,0,-0.208746,-0.351480,1.763000,0.9993,0,0.186424,-0.141359,1.825000,0.9051,0,-0.430356,-0.326963,1.804000,0.7379,0,0.207922,0.080811,1.753000,0.9125,0,-0.630512,-0.331984,1.799000,0.8048,0,0.067923,0.118613,1.715000,0.9986,0,-0.118454,0.133172,1.758000,0.9982,0
192,6.404673,1,0.110135,-0.359172,1.758000,0.9999,0,-0.218490,-0.362844,1.820000,0.9993,0,0.177128,-0.134310,1.734000,0.9089,0,-0.452541,-0.337568,1.897000,0.7287,0,0.208515,0.075249,1.758000,0.9145,0,-0.627551,-0.326057,1.799000,0.7879,0,0.067368,0.112041,1.701000,0.9986,0,-0.118454,0.127380,1.758000,0.9983,0
193,6.438031,1,0.113330,-0.372571,1.809000,0.9999,0,-0.216570,-0.359654,1.804000,0.9993,0,0.185300,-0.146483,1.814000,0.9085,0,-0.443238,-0.330628,1.858000,0.7270,0,0.209701,0.072765,1.768000,0.9104,0,-0.615563,-0.318424,1.773000,0.7835,0,0.067170,0.111711,1.696000,0.9987,0,-0.117780,0.123775,1.748000,0.9983,0
194,6.471389,1,0.110448,-0.366002,1.763000,0.9999,0,-0.214049,-0.355467,1.783000,0.9993,0,0.182134,-0.143980,1.783000,0.9078,0,-0.445862,-0.332586,1.869000,0.7156,0,0.207329,0.071941,1.748000,0.9052,0,-0.631392,-0.323689,1.836000,0.7660,0,0.067923,0.110138,1.715000,0.9987,0,-0.114883,0.120731,1.705000,0.9984,0
195,6.504747,1,0.109743,-0.373476,1.799000,0.9999,0,-0.213448,-0.354471,1.778000,0.9993,0,0.181112,-0.146093,1.773000,0.9120,0,-0.427970,-0.319240,1.794000,0.7071,0,0.209108,0.072559,1.763000,0.9087,0,-0.622326,-0.323689,1.836000,0.7550,0,0.062785,0.111037,1.729000,0.9988,0,-0.117780,0.120896,1.748000,0.9985,0
196,6.538105,1,0.105472,-0.361792,1.729000,0.9999,0,-0.216570,-0.359654,1.804000,0.9993,0,0.185300,-0.152460,1.814000,0.9142,0,-0.434967,-0.326713,1.836000,0.6993,0,0.210294,0.052524,1.773000,0.9098,0,-0.619213,-0.322311,1.863000,0.7459,0,0.062095,0.104182,1.710000,0.9988,0,-0.121217,0.118496,1.799000,0.9985,0
197,6.571463,1,0.106631,-0.365768,1.748000,0.9999,0,-0.217770,-0.361648,1.814000,0.9993,0,0.180601,-0.148594,1.768000,0.9031,0,-0.417813,-0.316822,1.814000,0.6940,0,0.213213,0.055445,1.773000,0.8886,0,-0.622681,-0.332345,1.921000,0.7462,0,0.062095,0.104182,1.710000,0.9988,0,-0.115557,0.112963,1.715000,0.9985,0
198,6.604821,1,0.107241,-0.370756,1.758000,0.9999,0,-0.210522,-0.354471,1.778000,0.9993,0,0.177639,-0.149021,1.739000,0.9055,0,-0.442945,-0.337535,1.951000,0.6799,0,0.207921,0.054069,1.729000,0.8902,0,-0.592711,-0.323183,1.886000,0.7368,0,0.057860,0.098935,1.669000,0.9989,0,-0.120658,0.109377,1.748000,0.9986,0
199,6.638179,1,0.108157,-0.373920,1.773000,0.9999,0,-0.220411,-0.366034,1.836000,0.9993,0,0.184790,-0.158000,1.809000,0.9048,0,-0.418176,-0.314112,1.869000,0.6700,0,0.211377,0.042799,1.734000,0.8882,0,-0.604539,-0.323514,1.944000,0.7323,0,0.058657,0.094723,1.692000,0.9989,0,-0.117174,0.105949,1.739000,0.9986,0
200,6.671537,1,0.108157,-0.373920,1.773000,0.9999,0,-0.213448,-0.354471,1.778000,0.9994,0,0.186729,-0.157127,1.799000,0.9016,0,-0.430424,-0.319323,1.938000,0.6594,0,0.212596,0.051665,1.744000,0.8788,0,-0.594225,-0.316522,1.921000,0.7285,0,0.057097,0.089491,1.647000,0.9989,0,-0.116163,0.105035,1.724000,0.9987,0
201,6.704895,1,0.106631,-0.368647,1.748000,0.9999,0,-0.216570,-0.359654,1.804000,0.9994,0,0.181020,-0.146577,1.744000,0.9042,0,-0.422651,-0.313556,1.903000,0.6452,0,0.209061,0.064933,1.715000,0.8793,0,-0.615485,-0.328277,2.033000,0.7197,0,0.060752,0.090904,1.673000,0.9990,0,-0.114883,0.103878,1.705000,0.9987,0
202,6.738253,1,0.108157,-0.373920,1.773000,0.9999,0,-0.209847,-0.351369,1.748000,0.9994,0,0.184030,-0.149014,1.773000,0.9052,0,-0.432746,-0.320208,1.963000,0.6261,0,0.207320,0.065273,1.724000,0.8796,0,-0.582142,-0.304299,1.944000,0.7067,0,0.060752,0.090904,1.673000,0.9990,0,-0.119128,0.107716,1.768000,0.9988,0
203,6.771612,1,0.106387,-0.367804,1.744000,0.9999,0,-0.212848,-0.356395,1.773000,0.9994,0,0.178944,-0.144896,1.724000,0.9022,0,-0.427234,-0.316130,1.938000,0.6071,0,0.205669,0.065652,1.734000,0.8723,0,-0.594101,-0.315965,2.040000,0.6899,0,0.060280,0.090197,1.660000,0.9991,0,-0.115220,0.104182,1.710000,0.9988,0
204,6.804969,1,0.106082,-0.369614,1.739000,0.9999,0,-0.219091,-0.366847,1.825000,0.9994,0,0.178529,-0.144560,1.720000,0.9026,0,-0.432140,-0.318912,1.975000,0.5939,0,0.206855,0.066031,1.744000,0.8719,0,-0.586934,-0.317814,2.074000,0.6798,0,0.062604,0.090835,1.724000,0.9991,0,-0.120139,0.105693,1.783000,0.9989,0
205,6.838328,1,0.106936,-0.372590,1.753000,0.9999,0,-0.216679,-0.367852,1.830000,0.9994,0,0.183511,-0.151507,1.768000,0.8892,0,-0.423053,-0.313740,1.963000,0.5687,0,0.200687,0.061274,1.692000,0.8419,0,-0.582024,-0.304833,2.033000,0.6522,0,0.064037,0.086106,1.687000,0.9991,0,-0.117204,0.102755,1.783000,0.9989,0
206,6.871686,1,0.107241,-0.373652,1.758000,0.9999,0,-0.213667,-0.367852,1.830000,0.9994,0,0.182473,-0.153546,1.758000,0.8928,0,-0.388191,-0.296959,1.858000,0.5580,0,0.199423,0.053319,1.705000,0.8479,0,-0.573633,-0.300594,2.027000,0.6385,0,0.065100,0.084710,1.715000,0.9992,0,-0.109271,0.092642,1.705000,0.9990,0
207,6.905044,1,0.107241,-0.373652,1.758000,0.9999,0,-0.211799,-0.364636,1.814000,0.9994,0,0.181020,-0.152323,1.744000,0.8885,0,-0.400100,-0.306069,1.915000,0.5385,0,0.198370,0.053037,1.696000,0.8382,0,-0.584028,-0.299161,2.040000,0.6130,0,0.066011,0.083030,1.739000,0.9992,0,-0.112988,0.095794,1.763000,0.9990,0
208,6.938402,1,0.106936,-0.375478,1.753000,0.9999,0,-0.208179,-0.361342,1.783000,0.9994,0,0.179982,-0.151450,1.734000,0.8821,0,-0.407622,-0.311823,1.951000,0.5250,0,0.198955,0.053194,1.701000,0.8244,0,-0.548221,-0.282444,1.926000,0.5989,0,0.064037,0.077768,1.687000,0.9992,0,-0.109591,0.090097,1.710000,0.9990,0
209,6.971760,1,0.108767,-0.381903,1.783000,0.9999,0,-0.209504,-0.368840,1.820000,0.9994,0,0.178010,-0.152615,1.715000,0.8844,0,-0.403652,-0.308786,1.932000,0.5104,0,0.201177,0.050954,1.720000,0.8279,0,-0.562168,-0.289629,1.975000,0.5834,0,0.064910,0.078829,1.710000,0.9993,0,-0.108437,0.089149,1.692000,0.9991,0
210,7.005118,1,0.108157,-0.379761,1.773000,0.9999,0,-0.213187,-0.375326,1.852000,0.9994,0,0.178944,-0.150576,1.724000,0.8882,0,,,,0.4994,1,0.200094,0.052756,1.687000,0.8327,0,-0.553824,-0.283766,1.957000,0.5712,0,0.061442,0.077999,1.692000,0.9993,0,-0.111450,0.088760,1.739000,0.9991,0
211,7.038477,1,0.112000,-0.393255,1.836000,0.9999,0,-0.197698,-0.361215,1.768000,0.9995,0,0.182473,-0.156442,1.758000,0.8895,0,-0.386278,-0.305110,1.909000,0.5015,0,0.203415,0.045156,1.715000,0.8365,0,-0.547382,-0.280542,1.957000,0.5763,0,0.062604,0.073794,1.724000,0.9993,0,-0.111770,0.086142,1.744000,0.9991,0
212,7.071835,1,0.109743,-0.388294,1.799000,0.9999,0,-0.199375,-0.364279,1.783000,0.9995,0,0.182992,-0.159791,1.763000,0.8900,0,-0.369281,-0.294691,1.825000,0.5082,0,0.202822,0.030939,1.710000,0.8374,0,-0.565003,-0.289573,2.020000,0.5824,0,0.062785,0.071160,1.729000,0.9993,0,-0.112026,0.077701,1.748000,0.9991,0
213,7.105193,1,0.106387,-0.376423,1.744000,0.9999,0,-0.201164,-0.367548,1.799000,0.9995,0,0.181954,-0.158885,1.753000,0.8873,0,-0.379196,-0.302603,1.874000,0.5191,0,0.209061,0.033854,1.715000,0.8317,0,-0.554449,-0.285846,1.994000,0.5941,0,0.064037,0.069431,1.687000,0.9993,0,-0.106776,0.078829,1.710000,0.9992,0
214,7.138551,1,0.109072,-0.385920,1.788000,0.9999,0,-0.198257,-0.362236,1.773000,0.9995,0,0.182992,-0.162696,1.763000,0.8897,0,-0.387492,-0.309224,1.915000,0.5222,0,0.211986,0.034328,1.739000,0.8365,0,-0.554374,-0.284126,1.982000,0.5998,0,0.064227,0.069637,1.692000,0.9993,0,-0.105652,0.077999,1.692000,0.9992,0
215,7.171909,1,0.109438,-0.387215,1.794000,0.9999,0,-0.199375,-0.364279,1.783000,0.9995,0,0.178529,-0.158727,1.720000,0.8904,0,-0.394777,-0.315037,1.951000,0.5144,0,0.212501,0.033953,1.720000,0.8362,0,-0.556395,-0.286849,2.001000,0.5940,0,0.065631,0.071160,1.729000,0.9993,0,-0.106214,0.078414,1.701000,0.9992,0
216,7.205267,1,0.106082,-0.375344,1.739000,0.9999,0,-0.202842,-0.370613,1.814000,0.9995,0,0.179463,-0.159558,1.729000,0.8938,0,-0.388707,-0.310192,1.921000,0.5155,0,0.212501,0.025453,1.720000,0.8418,0,-0.538877,-0.277818,1.938000,0.5891,0,0.064037,0.066652,1.687000,0.9994,0,-0.107651,0.076634,1.724000,0.9992,0
217,7.238625,1,0.106782,-0.388294,1.799000,0.9999,0,-0.198257,-0.362236,1.773000,0.9995,0,0.184549,-0.164080,1.778000,0.8918,0,-0.385064,-0.307286,1.903000,0.5201,0,0.210648,0.025231,1.705000,0.8366,0,-0.552780,-0.284986,1.988000,0.5900,0,0.062519,0.065071,1.647000,0.9994,0,-0.110086,0.078368,1.763000,0.9992,0
218,7.271984,1,0.106387,-0.376423,1.744000,0.9999,0,-0.202283,-0.369591,1.809000,0.9996,0,0.187248,-0.163507,1.804000,0.8909,0,-0.381624,-0.304541,1.886000,0.5198,0,0.212995,0.025512,1.724000,0.8326,0,-0.542492,-0.279682,1.951000,0.5896,0,0.064720,0.067363,1.705000,0.9994,0,-0.108587,0.077301,1.739000,0.9992,0
219,7.305342,1,0.107851,-0.381603,1.768000,0.9999,0,-0.201723,-0.368570,1.804000,0.9996,0,0.182473,-0.159338,1.758000,0.8872,0,-0.387492,-0.309224,1.915000,0.5313,0,0.217711,0.031463,1.739000,0.8213,0,-0.551112,-0.284126,1.982000,0.6053,0,0.065631,0.068311,1.729000,0.9994,0,-0.106464,0.072981,1.705000,0.9993,0
220,7.338700,1,0.105167,-0.372106,1.724000,0.9999,0,-0.201723,-0.368570,1.804000,0.9996,0,0.184549,-0.161151,1.778000,0.8777,0,-0.380410,-0.303572,1.880000,0.5315,0,0.208424,0.036081,1.687000,0.8010,0,-0.542492,-0.279682,1.951000,0.6095,0,0.064379,0.067007,1.696000,0.9994,0,-0.111023,0.076105,1.778000,0.9993,0
221,7.372058,1,0.106631,-0.374407,1.748000,0.9999,0,-0.201164,-0.367548,1.799000,0.9996,0,0.178529,-0.153060,1.720000,0.8766,0,-0.384729,-0.304541,1.886000,0.5254,0,0.212995,0.042552,1.724000,0.7989,0,-0.557731,-0.285846,1.994000,0.6066,0,0.064568,0.067205,1.701000,0.9994,0,-0.112667,0.078145,1.758000,0.9993,0
222,7.405416,1,0.107241,-0.376549,1.758000,0.9999,0,-0.198816,-0.363258,1.778000,0.9996,0,0.182992,-0.159791,1.763000,0.8790,0,-0.372519,-0.297274,1.841000,0.5203,0,0.208451,0.030939,1.710000,0.8060,0,-0.552416,-0.283122,1.975000,0.5990,0,0.064037,0.066652,1.687000,0.9994,0,-0.112988,0.078368,1.763000,0.9993,0
223,7.438773,1,0.105472,-0.370337,1.729000,0.9999,0,-0.201723,-0.368570,1.804000,0.9996,0,0.183511,-0.157332,1.768000,0.8743,0,-0.386973,-0.306317,1.897000,0.5139,0,0.204008,0.033953,1.720000,0.7933,0,-0.559689,-0.286849,2.001000,0.5973,0,0.063695,0.066296,1.678000,0.9994,0,-0.109271,0.075789,1.705000,0.9993,0
224,7.472131,1,0.105777,-0.371408,1.734000,0.9999,0,-0.208321,-0.380624,1.863000,0.9996,0,0.181112,-0.157777,1.773000,0.8671,0,-0.386973,-0.306317,1.897000,0.5202,0,0.207922,0.043268,1.753000,0.7777,0,-0.540474,-0.275381,1.921000,0.6082,0,0.066011,0.071571,1.739000,0.9994,0,-0.110809,0.079705,1.729000,0.9993,0
225,7.505488,1,0.109438,-0.384259,1.794000,0.9999,0,-0.201164,-0.367548,1.799000,0.9996,0,0.178558,-0.152672,1.748000,0.8627,0,-0.389421,-0.308255,1.909000,0.5243,0,0.202230,0.042676,1.729000,0.7707,0,-0.557636,-0.284126,1.982000,0.6137,0,0.062860,0.070883,1.656000,0.9994,0,-0.112988,0.084176,1.763000,0.9993,0
226,7.538845,1,0.107241,-0.376549,1.758000,0.9999,0,-0.202842,-0.370613,1.814000,0.9996,0,0.177128,-0.148593,1.734000,0.8615,0,-0.386599,-0.300475,1.880000,0.5338,0,0.200007,0.050658,1.710000,0.7712,0,-0.558918,-0.283122,1.975000,0.6285,0,0.063695,0.071825,1.678000,0.9994,0,-0.110488,0.085154,1.724000,0.9993,0
227,7.572202,1,0.108157,-0.376841,1.773000,0.9999,0,-0.199375,-0.364279,1.783000,0.9996,0,0.180091,-0.151078,1.763000,0.8565,0,-0.378579,-0.294242,1.841000,0.5388,0,0.195680,0.055074,1.673000,0.7631,0,-0.561984,-0.281402,1.963000,0.6386,0,0.064037,0.074989,1.687000,0.9994,0,-0.109014,0.086821,1.701000,0.9993,0
228,7.605559,1,0.107851,-0.375778,1.768000,0.9999,0,-0.203513,-0.371839,1.820000,0.9996,0,0.182134,-0.152792,1.783000,0.8597,0,-0.383103,-0.297758,1.863000,0.5496,0,0.200592,0.056457,1.715000,0.7699,0,-0.564971,-0.282896,1.951000,0.6576,0,0.065290,0.076456,1.720000,0.9994,0,-0.113308,0.090240,1.768000,0.9993,0
229,7.638916,1,0.106631,-0.371527,1.748000,0.9999,0,-0.200605,-0.366527,1.794000,0.9996,0,0.181112,-0.151935,1.773000,0.8618,0,-0.385365,-0.299516,1.874000,0.5642,0,0.197902,0.055700,1.692000,0.7772,0,-0.568182,-0.289324,1.951000,0.6789,0,0.063505,0.074367,1.673000,0.9994,0,-0.111129,0.088505,1.734000,0.9993,0
230,7.672273,1,0.108157,-0.376841,1.773000,0.9999,0,-0.205916,-0.384929,1.869000,0.9996,0,0.183257,-0.153735,1.794000,0.8642,0,-0.386599,-0.300475,1.880000,0.5818,0,0.201177,0.056621,1.720000,0.7827,0,-0.585501,-0.301361,1.988000,0.7007,0,0.064720,0.075789,1.705000,0.9993,0,-0.109911,0.087535,1.715000,0.9993,0
231,7.705630,1,0.106387,-0.370677,1.744000,0.9999,0,-0.208339,-0.386344,1.891000,0.9996,0,0.180601,-0.148594,1.768000,0.8491,0,-0.404901,-0.308212,1.969000,0.5909,0,0.197902,0.058487,1.692000,0.7475,0,-0.593521,-0.303717,1.982000,0.7127,0,0.067923,0.079059,1.715000,0.9993,0,-0.109461,0.095250,1.753000,0.9993,0
232,7.738987,1,0.106936,-0.372590,1.753000,0.9999,0,-0.194237,-0.360193,1.763000,0.9996,0,0.182134,-0.146917,1.783000,0.8522,0,-0.380841,-0.286847,1.852000,0.6048,0,0.202229,0.061745,1.705000,0.7534,0,-0.588088,-0.308786,1.932000,0.7262,0,0.065290,0.082123,1.720000,0.9993,0,-0.111129,0.094218,1.734000,0.9993,0
233,7.772344,1,0.105167,-0.366426,1.724000,0.9999,0,-0.199305,-0.369591,1.809000,0.9996,0,0.176184,-0.144445,1.753000,0.8491,0,-0.378579,-0.285143,1.841000,0.6163,0,0.201754,0.061600,1.701000,0.7476,0,-0.604427,-0.325419,1.975000,0.7380,0,0.065631,0.082553,1.729000,0.9993,0,-0.115615,0.098022,1.804000,0.9992,0
234,7.805701,1,0.108157,-0.376841,1.773000,0.9999,0,-0.197652,-0.366527,1.794000,0.9996,0,0.181112,-0.146093,1.773000,0.8558,0,-0.378579,-0.279077,1.841000,0.6247,0,0.198955,0.061600,1.701000,0.7584,0,-0.583679,-0.321943,1.897000,0.7399,0,0.064910,0.081646,1.710000,0.9992,0,-0.110488,0.093675,1.724000,0.9992,0
235,7.839058,1,0.107241,-0.373652,1.758000,0.9999,0,-0.198754,-0.368570,1.804000,0.9996,0,0.175279,-0.143704,1.744000,0.8551,0,-0.376317,-0.274395,1.830000,0.6326,0,0.199423,0.061745,1.705000,0.7540,0,-0.591063,-0.335510,1.921000,0.7457,0,0.061914,0.081407,1.705000,0.9992,0,-0.109591,0.092914,1.710000,0.9992,0
236,7.872415,1,0.108767,-0.378966,1.783000,0.9999,0,-0.201619,-0.373882,1.830000,0.9996,0,0.176184,-0.147333,1.753000,0.8529,0,-0.383103,-0.279343,1.863000,0.6488,0,0.205037,0.060596,1.753000,0.7460,0,-0.592369,-0.350236,1.915000,0.7577,0,0.061260,0.080548,1.687000,0.9992,0,-0.110488,0.093675,1.724000,0.9992,0
237,7.905772,1,0.106936,-0.372590,1.753000,0.9999,0,-0.198754,-0.368570,1.804000,0.9995,0,0.175279,-0.146577,1.744000,0.8579,0,-0.377551,-0.275295,1.836000,0.6569,0,0.202230,0.059766,1.729000,0.7553,0,-0.614950,-0.370137,1.988000,0.7651,0,0.064568,0.081216,1.701000,0.9992,0,-0.111129,0.094218,1.734000,0.9991,0
238,7.939129,1,0.107851,-0.375778,1.768000,0.9999,0,-0.196991,-0.365301,1.788000,0.9995,0,0.174777,-0.143292,1.739000,0.8607,0,-0.374261,-0.272896,1.820000,0.6655,0,0.203984,0.066031,1.744000,0.7570,0,-0.588057,-0.364538,1.891000,0.7711,0,0.065821,0.082792,1.734000,0.9991,0,-0.107401,0.093457,1.720000,0.9991,0
239,7.972487,1,0.108462,-0.377903,1.778000,0.9999,0,-0.194788,-0.361215,1.768000,0.9995,0,0.176184,-0.147333,1.753000,0.8663,0,-0.377256,-0.275894,1.820000,0.6800,0,0.202815,0.062795,1.734000,0.7669,0,-0.616806,-0.394248,1.994000,0.7813,0,0.065631,0.082553,1.729000,0.9991,0,-0.107651,0.093675,1.724000,0.9991,0
240,8.005844,1,0.107241,-0.373652,1.758000,0.9999,0,-0.198607,-0.373882,1.830000,0.9995,0,0.177189,-0.148174,1.763000,0.8728,0,-0.387833,-0.285899,1.886000,0.6950,0,0.201114,0.060285,1.744000,0.7814,0,-0.564018,-0.371417,1.863000,0.8002,0,0.065290,0.082123,1.720000,0.9991,0,-0.107651,0.093675,1.724000,0.9990,0
241,8.039201,1,0.107851,-0.375778,1.768000,0.9999,0,-0.194700,-0.366527,1.794000,0.9995,0,0.178558,-0.146913,1.748000,0.8795,0,-0.364596,-0.271690,1.773000,0.7090,0,0.200537,0.057247,1.739000,0.7968,0,-0.553330,-0.376541,1.858000,0.8186,0,0.063847,0.080309,1.682000,0.9990,0,-0.107651,0.090835,1.724000,0.9990,0
242,8.072558,1,0.110048,-0.383429,1.804000,0.9999,0,-0.187103,-0.352225,1.724000,0.9996,0,0.180601,-0.148594,1.768000,0.8854,0,-0.373027,-0.283949,1.814000,0.7164,0,0.206188,0.058860,1.788000,0.8121,0,-0.574604,-0.398603,1.951000,0.8353,0,0.064227,0.077999,1.692000,0.9990,0,-0.107089,0.090360,1.715000,0.9990,0
243,8.105915,1,0.107851,-0.375778,1.768000,0.9999,0,-0.189707,-0.357129,1.748000,0.9996,0,0.178696,-0.149434,1.778000,0.8911,0,-0.375289,-0.285671,1.825000,0.7233,0,0.198807,0.053913,1.724000,0.8271,0,-0.514873,-0.372045,1.778000,0.8508,0,0.066352,0.080580,1.748000,0.9990,0,-0.107651,0.090835,1.724000,0.9989,0
244,8.139272,1,0.106082,-0.369614,1.739000,0.9999,0,-0.195785,-0.368570,1.804000,0.9996,0,0.175681,-0.146913,1.748000,0.8922,0,-0.374529,-0.290418,1.836000,0.7233,0,0.201575,0.054663,1.748000,0.8367,0,-0.513386,-0.378966,1.783000,0.8642,0,0.062860,0.076339,1.656000,0.9990,0,-0.110398,0.093153,1.768000,0.9989,0
245,8.172629,1,0.109438,-0.381304,1.794000,0.9999,0,-0.202839,-0.381850,1.869000,0.9996,0,0.179199,-0.149855,1.783000,0.8916,0,-0.368270,-0.287887,1.820000,0.7221,0,0.201645,0.056753,1.724000,0.8454,0,-0.528939,-0.402680,1.880000,0.8769,0,0.067170,0.078183,1.696000,0.9989,0,-0.107488,0.093153,1.768000,0.9989,0
246,8.205986,1,0.106936,-0.372590,1.753000,0.9999,0,-0.190793,-0.359172,1.758000,0.9996,0,0.180091,-0.148174,1.763000,0.8949,0,-0.367653,-0.292158,1.847000,0.7260,0,0.203984,0.060285,1.744000,0.8558,0,-0.514936,-0.397359,1.841000,0.8884,0,0.066101,0.076939,1.669000,0.9989,0,-0.102260,0.088622,1.682000,0.9989,0
247,8.239343,1,0.106631,-0.371527,1.748000,0.9999,0,-0.198607,-0.373882,1.830000,0.9997,0,0.176686,-0.147754,1.758000,0.8982,0,-0.369842,-0.293898,1.858000,0.7214,0,0.200592,0.059282,1.715000,0.8666,0,-0.486974,-0.384841,1.783000,0.8986,0,0.063847,0.077538,1.682000,0.9990,0,-0.106214,0.086821,1.701000,0.9989,0
248,8.272700,1,0.107851,-0.375778,1.768000,0.9999,0,-0.195242,-0.367548,1.799000,0.9997,0,0.175681,-0.146913,1.748000,0.9001,0,-0.371720,-0.297852,1.883000,0.7246,0,0.199423,0.058936,1.705000,0.8752,0,-0.493787,-0.398000,1.830000,0.9079,0,0.066011,0.077301,1.739000,0.9989,0,-0.108275,0.088505,1.734000,0.9989,0
249,8.306057,1,0.104496,-0.374184,1.760500,0.9999,0,-0.195060,-0.372860,1.825000,0.9997,0,0.177691,-0.148594,1.768000,0.9000,0,-0.368956,-0.295638,1.869000,0.7215,0,0.203415,0.062107,1.715000,0.8803,0,-0.515103,-0.421471,1.909000,0.9162,0,0.059808,0.073211,1.647000,0.9989,0,-0.110232,0.082123,1.720000,0.9989,0
250,8.339414,1,0.103754,-0.371527,1.748000,0.9999,0,-0.194526,-0.371839,1.820000,0.9997,0,0.174777,-0.149021,1.739000,0.8999,0,-0.365880,-0.298717,1.869000,0.7216,0,0.199501,0.055370,1.682000,0.8871,0,-0.521348,-0.429198,1.944000,0.9237,0,0.066011,0.074436,1.739000,0.9989,0,-0.112988,0.084176,1.763000,0.9988,0
251,8.372771,1,0.103517,-0.370677,1.744000,0.9999,0,-0.190571,-0.364279,1.783000,0.9997,0,0.174274,-0.148593,1.734000,0.9027,0,-0.354134,-0.289127,1.809000,0.7231,0,0.201161,0.055831,1.696000,0.8949,0,-0.476568,-0.394756,1.788000,0.9307,0,0.064568,0.072809,1.701000,0.9988,0,-0.111129,0.082792,1.734000,0.9988,0
252,8.406128,1,0.104348,-0.373652,1.758000,0.9999,0,-0.192281,-0.367548,1.799000,0.9997,0,0.176686,-0.150650,1.758000,0.9012,0,-0.359419,-0.293442,1.836000,0.7235,0,0.200094,0.052756,1.687000,0.8985,0,-0.510418,-0.422796,1.915000,0.9368,0,0.065100,0.073409,1.715000,0.9988,0,-0.113308,0.084415,1.768000,0.9988,0
253,8.439485,1,0.104645,-0.374715,1.763000,0.9999,0,-0.193350,-0.369591,1.809000,0.9997,0,0.176184,-0.147333,1.753000,0.8942,0,-0.363774,-0.299516,1.874000,0.7206,0,0.202815,0.054226,1.734000,0.8964,0,-0.498158,-0.412640,1.869000,0.9422,0,0.063164,0.071226,1.664000,0.9988,0,-0.111450,0.083030,1.739000,0.9988,0
254,8.472841,1,0.106936,-0.372590,1.753000,0.9999,0,-0.191747,-0.366527,1.794000,0.9998,0,0.173772,-0.145316,1.729000,0.8935,0,-0.358245,-0.292483,1.830000,0.7232,0,0.201161,0.053037,1.696000,0.8986,0,-0.495226,-0.410211,1.858000,0.9473,0,0.067526,0.072981,1.705000,0.9988,0,-0.108899,0.083269,1.744000,0.9988,0
255,8.506197,1,0.108462,-0.377903,1.778000,0.9999,0,-0.191747,-0.366527,1.794000,0.9998,0,0.178696,-0.149434,1.778000,0.8954,0,-0.356287,-0.290885,1.820000,0.7218,0,0.205669,0.062795,1.734000,0.9044,0,-0.487763,-0.404029,1.830000,0.9519,0,0.066457,0.071825,1.678000,0.9988,0,-0.106464,0.084216,1.705000,0.9988,0
256,8.539553,1,0.108767,-0.378966,1.783000,0.9999,0,-0.198064,-0.372860,1.825000,0.9998,0,0.176686,-0.147754,1.758000,0.8949,0,-0.358533,-0.295201,1.847000,0.7210,0,0.197959,0.060442,1.669000,0.9080,0,-0.468572,-0.388133,1.758000,0.9562,0,0.069961,0.075389,1.696000,0.9988,0,-0.106272,0.086340,1.748000,0.9987,0
257,8.572909,1,0.106485,-0.381304,1.794000,0.9999,0,-0.195785,-0.368570,1.804000,0.9998,0,0.177691,-0.148594,1.768000,0.8950,0,-0.363726,-0.296959,1.858000,0.7214,0,0.201161,0.061419,1.696000,0.9122,0,-0.508819,-0.421471,1.909000,0.9599,0,0.069961,0.075389,1.696000,0.9987,0,-0.106029,0.089015,1.744000,0.9987,0
258,8.606265,1,0.104051,-0.372590,1.753000,0.9999,0,-0.193506,-0.364279,1.783000,0.9998,0,0.178696,-0.146505,1.778000,0.8912,0,-0.349141,-0.283949,1.814000,0.7222,0,0.200592,0.062107,1.715000,0.9122,0,-0.497995,-0.415068,1.880000,0.9633,0,0.069961,0.078183,1.696000,0.9987,0,-0.106464,0.087025,1.705000,0.9987,0
259,8.639622,1,0.104942,-0.372865,1.768000,0.9999,0,-0.196870,-0.370613,1.814000,0.9998,0,0.176184,-0.144445,1.753000,0.8930,0,-0.343175,-0.279097,1.783000,0.7192,0,0.198370,0.061419,1.696000,0.9161,0,-0.499585,-0.416393,1.886000,0.9663,0,0.065586,0.076339,1.656000,0.9988,0,-0.112347,0.089475,1.753000,0.9987,0
260,8.672978,1,0.107851,-0.372865,1.768000,0.9999,0,-0.199258,-0.375108,1.836000,0.9998,0,0.171914,-0.143292,1.739000,0.8834,0,-0.347217,-0.285356,1.804000,0.7206,0,0.202822,0.061926,1.710000,0.9080,0,-0.482102,-0.401821,1.820000,0.9690,0,0.066814,0.077768,1.687000,0.9987,0,-0.111770,0.091888,1.744000,0.9987,0
261,8.706334,1,0.112305,-0.388261,1.841000,0.9999,0,-0.195242,-0.367548,1.799000,0.9998,0,0.172804,-0.144033,1.748000,0.8855,0,-0.345139,-0.284172,1.778000,0.7202,0,0.200007,0.056292,1.710000,0.9129,0,-0.486340,-0.405354,1.836000,0.9714,0,0.066101,0.076939,1.669000,0.9987,0,-0.108694,0.089359,1.696000,0.9987,0
262,8.739690,1,0.110658,-0.382566,1.814000,0.9999,0,-0.195785,-0.368570,1.804000,0.9998,0,0.178194,-0.146093,1.773000,0.8873,0,-0.362803,-0.298717,1.869000,0.7193,0,0.205622,0.057872,1.758000,0.9162,0,-0.487665,-0.409491,1.841000,0.9736,0,0.065903,0.079449,1.664000,0.9987,0,-0.108899,0.094761,1.744000,0.9987,0
263,8.773046,1,0.104496,-0.371283,1.760500,0.9999,0,-0.197521,-0.371839,1.820000,0.9998,0,0.175681,-0.144033,1.748000,0.8895,0,-0.358245,-0.289469,1.830000,0.7226,0,0.204452,0.057543,1.748000,0.9201,0,-0.519981,-0.436627,1.963000,0.9756,0,0.068675,0.082792,1.734000,0.9987,0,-0.106464,0.089834,1.705000,0.9987,0
264,8.806402,1,0.107078,-0.380457,1.804000,0.9999,0,-0.192421,-0.362236,1.773000,0.9998,0,0.178194,-0.146093,1.773000,0.8893,0,-0.355233,-0.289469,1.830000,0.7212,0,0.203984,0.060285,1.744000,0.9217,0,-0.470976,-0.395478,1.778000,0.9774,0,0.066814,0.080548,1.687000,0.9987,0,-0.107963,0.093946,1.729000,0.9987,0
265,8.839759,1,0.109072,-0.377083,1.788000,0.9999,0,-0.192281,-0.367548,1.799000,0.9998,0,0.179701,-0.147329,1.788000,0.8925,0,-0.354262,-0.285671,1.825000,0.7192,0,0.202230,0.056918,1.729000,0.9266,0,-0.495081,-0.415719,1.869000,0.9791,0,0.068477,0.082553,1.729000,0.9987,0,-0.107963,0.091098,1.729000,0.9987,0
266,8.873115,1,0.109072,-0.377083,1.788000,0.9999,0,-0.194700,-0.366527,1.794000,0.9998,0,0.173299,-0.141557,1.753000,0.8837,0,-0.351156,-0.286147,1.809000,0.7170,0,0.202230,0.065463,1.729000,0.9162,0,-0.486340,-0.408379,1.836000,0.9803,0,0.064037,0.080548,1.687000,0.9987,0,-0.108437,0.089149,1.692000,0.9987,0
267,8.906471,1,0.109072,-0.377083,1.788000,0.9999,0,-0.195242,-0.367548,1.799000,0.9998,0,0.174781,-0.142769,1.768000,0.8766,0,-0.356398,-0.293442,1.836000,0.7158,0,0.202152,0.066371,1.753000,0.9097,0,-0.470976,-0.395478,1.778000,0.9815,0,0.064910,0.081646,1.710000,0.9987,0,-0.109911,0.090360,1.715000,0.9987,0
268,8.939827,1,0.107546,-0.371811,1.763000,0.9999,0,-0.199258,-0.372083,1.836000,0.9998,0,0.177352,-0.144868,1.794000,0.8743,0,-0.358245,-0.292483,1.830000,0.7152,0,0.202152,0.066371,1.753000,0.9103,0,-0.500909,-0.420612,1.891000,0.9827,0,0.064227,0.080786,1.692000,0.9987,0,-0.112988,0.092889,1.763000,0.9987,0
269,8.973183,1,0.107546,-0.371811,1.763000,0.9999,0,-0.191335,-0.357289,1.763000,0.9998,0,0.174287,-0.142365,1.763000,0.8775,0,-0.348065,-0.284172,1.778000,0.7172,0,0.197769,0.062107,1.715000,0.9139,0,-0.480512,-0.403485,1.814000,0.9838,0,0.067923,0.081885,1.715000,0.9987,0,-0.112667,0.092626,1.758000,0.9987,0
270,9.006539,1,0.104618,-0.361688,1.715000,0.9999,0,-0.193506,-0.361342,1.783000,0.9998,0,0.177352,-0.144868,1.794000,0.8749,0,-0.358245,-0.292483,1.830000,0.7148,0,0.198807,0.065273,1.724000,0.9122,0,-0.492168,-0.413272,1.858000,0.9848,0,0.067923,0.081885,1.715000,0.9987,0,-0.108694,0.089359,1.696000,0.9987,0
271,9.039895,1,0.108157,-0.373920,1.773000,0.9999,0,-0.197521,-0.368840,1.820000,0.9998,0,0.171420,-0.140023,1.734000,0.8736,0,-0.356287,-0.290885,1.820000,0.7132,0,0.198346,0.062288,1.720000,0.9115,0,-0.514948,-0.432401,1.944000,0.9855,0,0.067170,0.080977,1.696000,0.9987,0,-0.112026,0.092099,1.748000,0.9988,0
272,9.073251,1,0.105472,-0.364640,1.729000,0.9999,0,-0.192963,-0.360329,1.778000,0.9998,0,0.174287,-0.142365,1.763000,0.8761,0,-0.360398,-0.294242,1.841000,0.7122,0,0.196155,0.061600,1.701000,0.9151,0,-0.502498,-0.421947,1.897000,0.9863,0,0.067923,0.081885,1.715000,0.9987,0,-0.110232,0.090624,1.720000,0.9987,0
273,9.106607,1,0.105238,-0.373920,1.773000,0.9999,0,-0.192963,-0.360329,1.778000,0.9998,0,0.175770,-0.146505,1.778000,0.8792,0,-0.355233,-0.289469,1.830000,0.7102,0,0.195117,0.058487,1.692000,0.9191,0,-0.505677,-0.424616,1.909000,0.9869,0,0.067170,0.080977,1.696000,0.9987,0,-0.108275,0.091362,1.734000,0.9987,0
274,9.139963,1,0.104051,-0.369702,1.753000,0.9999,0,-0.196328,-0.366611,1.809000,0.9998,0,0.176686,-0.144857,1.758000,0.8844,0,-0.361639,-0.294689,1.863000,0.7080,0,0.195117,0.061274,1.692000,0.9237,0,-0.483318,-0.408379,1.836000,0.9874,0,0.067170,0.080977,1.696000,0.9987,0,-0.105652,0.089149,1.692000,0.9987,0
275,9.173319,1,0.103754,-0.368647,1.748000,0.9999,0,-0.190250,-0.355262,1.753000,0.9998,0,0.173793,-0.141961,1.758000,0.8878,0,-0.358533,-0.292158,1.847000,0.7098,0,0.197193,0.061926,1.710000,0.9269,0,-0.465417,-0.393253,1.768000,0.9881,0,0.066814,0.080548,1.687000,0.9988,0,-0.106214,0.089623,1.701000,0.9987,0
276,9.206676,1,0.104645,-0.371811,1.763000,0.9999,0,-0.198064,-0.369854,1.825000,0.9998,0,0.181812,-0.146080,1.809000,0.8854,0,-0.352221,-0.289469,1.830000,0.7104,0,0.197902,0.064062,1.692000,0.9252,0,-0.490426,-0.414384,1.863000,0.9888,0,0.068675,0.082792,1.734000,0.9987,0,-0.107651,0.093675,1.724000,0.9987,0
277,9.240031,1,0.103517,-0.367804,1.744000,0.9999,0,-0.193506,-0.361342,1.783000,0.9998,0,0.179199,-0.146917,1.783000,0.8904,0,-0.351258,-0.285671,1.825000,0.7113,0,0.201177,0.059455,1.720000,0.9301,0,-0.504115,-0.422796,1.915000,0.9894,0,0.068121,0.082123,1.720000,0.9987,0,-0.107963,0.091098,1.729000,0.9987,0
278,9.273388,1,0.108462,-0.374974,1.778000,0.9999,0,-0.195785,-0.368570,1.804000,0.9998,0,0.176184,-0.138670,1.753000,0.8864,0,-0.353376,-0.287393,1.836000,0.7067,0,0.201161,0.067007,1.696000,0.9244,0,-0.481739,-0.404029,1.830000,0.9897,0,0.067012,0.080786,1.692000,0.9987,0,-0.112988,0.092889,1.763000,0.9987,0
279,9.306744,1,0.107851,-0.372865,1.768000,0.9999,0,-0.192963,-0.363258,1.778000,0.9998,0,0.178696,-0.140647,1.778000,0.8889,0,-0.343175,-0.279097,1.783000,0.7053,0,0.204008,0.065122,1.720000,0.9278,0,-0.488320,-0.409549,1.855000,0.9901,0,0.067526,0.081407,1.705000,0.9987,0,-0.113949,0.093680,1.778000,0.9987,0
280,9.340100,1,0.107851,-0.372865,1.768000,0.9999,0,-0.198064,-0.372860,1.825000,0.9998,0,0.174777,-0.137562,1.739000,0.8906,0,-0.351258,-0.288678,1.825000,0.7041,0,0.206262,0.065841,1.739000,0.9293,0,-0.470682,-0.394756,1.788000,0.9903,0,0.063505,0.079879,1.673000,0.9987,0,-0.108694,0.089359,1.696000,0.9987,0
281,9.373456,1,0.107851,-0.372865,1.768000,0.9999,0,-0.200452,-0.377355,1.847000,0.9998,0,0.170926,-0.136771,1.729000,0.8859,0,-0.348255,-0.288678,1.825000,0.7017,0,0.202230,0.068311,1.729000,0.9231,0,-0.484634,-0.406458,1.841000,0.9905,0,0.064720,0.081407,1.705000,0.9987,0,-0.112667,0.092626,1.758000,0.9987,0
282,9.406812,1,,,,0.9999,2,-0.199801,-0.376129,1.841000,0.9998,0,0.175770,-0.140647,1.778000,0.8870,0,-0.346156,-0.286938,1.814000,0.6999,0,0.203984,0.066031,1.744000,0.9259,0,-0.473578,-0.397185,1.799000,0.9908,0,0.066542,0.083699,1.753000,0.9987,0,-0.110360,0.090729,1.722000,0.9987,0
283,9.440169,1,0.106387,-0.367804,1.744000,0.9999,0,-0.188968,-0.361215,1.768000,0.9998,0,0.177846,-0.142308,1.799000,0.8858,0,-0.352453,-0.289115,1.847000,0.6986,0,0.206855,0.068904,1.744000,0.9240,0,-0.483318,-0.408379,1.836000,0.9911,0,0.068675,0.082792,1.734000,0.9987,0,-0.108275,0.091362,1.734000,0.9987,0
284,9.473527,1,0.110048,-0.377486,1.804000,0.9999,0,-0.190571,-0.364279,1.783000,0.9998,0,0.175276,-0.140252,1.773000,0.8873,0,-0.350186,-0.285356,1.804000,0.6964,0,0.206262,0.068706,1.739000,0.9256,0,-0.500909,-0.423727,1.891000,0.9911,0,0.067368,0.081216,1.701000,0.9987,0,-0.110710,0.093416,1.773000,0.9987,0
285,9.506885,1,0.107394,-0.371283,1.760500,0.9999,0,-0.192281,-0.367548,1.799000,0.9998,0,0.172409,-0.137958,1.744000,0.8850,0,-0.359503,-0.292949,1.852000,0.6971,0,0.202822,0.067560,1.710000,0.9226,0,,,,0.9911,2,0.067368,0.081216,1.701000,0.9987,0,-0.105652,0.089149,1.692000,0.9987,0
286,9.540242,1,0.107546,-0.371811,1.763000,0.9999,0,-0.191747,-0.366527,1.794000,0.9998,0,0.173299,-0.138670,1.753000,0.8878,0,-0.349215,-0.284565,1.799000,0.6925,0,0.203415,0.067758,1.715000,0.9249,0,-0.477864,-0.410177,1.804000,0.9910,0,0.068279,0.079474,1.724000,0.9987,0,-0.110086,0.092889,1.763000,0.9987,0
287,9.573600,1,0.105832,-0.376029,1.783000,0.9999,0,-0.194526,-0.371839,1.820000,0.9998,0,0.172409,-0.137958,1.744000,0.8905,0,-0.354262,-0.288678,1.825000,0.6899,0,0.200094,0.063873,1.687000,0.9280,0,-0.482102,-0.413815,1.820000,0.9909,0,0.068675,0.079935,1.734000,0.9987,0,-0.106776,0.090097,1.710000,0.9987,0
288,9.606958,1,0.104348,-0.370756,1.758000,0.9999,0,-0.191106,-0.365301,1.788000,0.9998,0,0.171420,-0.137167,1.734000,0.8950,0,-0.356287,-0.287887,1.820000,0.6902,0,0.201754,0.064403,1.701000,0.9319,0,-0.480512,-0.415439,1.814000,0.9909,0,0.064227,0.077999,1.692000,0.9988,0,-0.104466,0.088148,1.673000,0.9987,0
289,9.640315,1,0.104645,-0.368906,1.763000,0.9999,0,-0.191106,-0.365301,1.788000,0.9998,0,0.172409,-0.137958,1.744000,0.8861,0,-0.358098,-0.286938,1.814000,0.6899,0,0.201754,0.064403,1.701000,0.9205,0,-0.516224,-0.452335,1.961000,0.9910,0,0.066457,0.080118,1.678000,0.9987,0,-0.107651,0.090835,1.724000,0.9988,0
290,9.673673,1,0.105535,-0.374974,1.778000,0.9999,0,-0.185868,-0.355290,1.739000,0.9998,0,0.180416,-0.144365,1.825000,0.8886,0,-0.364613,-0.292158,1.847000,0.6823,0,0.204482,0.065273,1.724000,0.9244,0,-0.500962,-0.441724,1.915000,0.9908,0,0.067526,0.078598,1.705000,0.9987,0,-0.106214,0.089623,1.701000,0.9987,0
291,9.707031,1,0.105832,-0.376029,1.783000,0.9999,0,-0.188434,-0.360193,1.763000,0.9998,0,0.169542,-0.135664,1.715000,0.8930,0,-0.354150,-0.286730,1.794000,0.6816,0,0.204482,0.065273,1.724000,0.9283,0,-0.477419,-0.423971,1.825000,0.9904,0,0.066616,0.077538,1.682000,0.9987,0,-0.108587,0.091625,1.739000,0.9987,0
292,9.740388,1,0.105238,-0.373920,1.773000,0.9999,0,-0.191747,-0.366527,1.794000,0.9998,0,0.172804,-0.138274,1.748000,0.8966,0,-0.367771,-0.297758,1.863000,0.6839,0,0.200094,0.063873,1.687000,0.9317,0,-0.479935,-0.437759,1.858000,0.9903,0,0.066101,0.076939,1.669000,0.9988,0,-0.105902,0.089359,1.696000,0.9987,0
293,9.773746,1,0.104348,-0.370756,1.758000,0.9999,0,-0.192281,-0.367548,1.799000,0.9998,0,0.175681,-0.138274,1.748000,0.8888,0,-0.370838,-0.297758,1.863000,0.6826,0,0.202229,0.064554,1.705000,0.9236,0,-0.493109,-0.452920,1.909000,0.9902,0,0.065586,0.079068,1.656000,0.9987,0,-0.110710,0.096337,1.773000,0.9987,0
294,9.807104,1,0.103220,-0.366749,1.739000,0.9999,0,-0.192281,-0.367548,1.799000,0.9998,0,0.174287,-0.139461,1.763000,0.8901,0,-0.359094,-0.288328,1.804000,0.6835,0,0.199501,0.066454,1.682000,0.9256,0,-0.464695,-0.432749,1.799000,0.9902,0,0.066101,0.079688,1.669000,0.9988,0,-0.108899,0.094761,1.744000,0.9987,0
295,9.840461,1,0.107375,-0.378532,1.809000,0.9999,0,-0.195242,-0.364585,1.799000,0.9998,0,0.175681,-0.138274,1.748000,0.8856,0,-0.357103,-0.286730,1.794000,0.6834,0,0.205076,0.068311,1.729000,0.9207,0,-0.455396,-0.426994,1.763000,0.9900,0,0.062177,0.080907,1.638000,0.9988,0,-0.109591,0.095731,1.710000,0.9987,0
296,9.873819,1,0.104051,-0.366814,1.753000,0.9999,0,-0.195242,-0.364585,1.799000,0.9998,0,0.175276,-0.137331,1.773000,0.8780,0,-0.370838,-0.297758,1.863000,0.6825,0,0.207922,0.075035,1.753000,0.9126,0,-0.472703,-0.443221,1.830000,0.9899,0,0.064379,0.083771,1.696000,0.9987,0,-0.112026,0.097858,1.748000,0.9987,0
297,9.907177,1,0.104348,-0.367860,1.758000,0.9999,0,-0.191878,-0.358302,1.768000,0.9998,0,0.172804,-0.135394,1.748000,0.8773,0,-0.358098,-0.287529,1.799000,0.6829,0,0.206262,0.071571,1.739000,0.9137,0,-0.471411,-0.442010,1.825000,0.9900,0,0.068477,0.085401,1.729000,0.9987,0,-0.107651,0.096515,1.724000,0.9987,0
298,9.940534,1,0.108622,-0.382926,1.830000,0.9999,0,-0.198064,-0.369854,1.825000,0.9998,0,0.174287,-0.139461,1.763000,0.8795,0,-0.362441,-0.296467,1.836000,0.6834,0,0.203399,0.062977,1.739000,0.9172,0,-0.465987,-0.436924,1.804000,0.9901,0,0.066259,0.082635,1.673000,0.9987,0,-0.107651,0.093675,1.724000,0.9987,0
299,9.973892,1,0.103220,-0.363884,1.739000,0.9999,0,-0.192816,-0.365598,1.804000,0.9998,0,0.173299,-0.138670,1.753000,0.8797,0,-0.360089,-0.295087,1.809000,0.6824,0,0.200007,0.059109,1.710000,0.9177,0,-0.453359,-0.422392,1.744000,0.9901,0,0.062459,0.082123,1.720000,0.9987,0,-0.107963,0.091098,1.729000,0.9987,0
300,10.007250,1,0.107672,-0.379578,1.814000,0.9999,0,-0.195242,-0.364585,1.799000,0.9998,0,0.174781,-0.142769,1.768000,0.8786,0,-0.368648,-0.311255,1.852000,0.6725,0,0.204452,0.057543,1.748000,0.9175,0,-0.460153,-0.426241,1.748000,0.9889,0,0.059953,0.078829,1.651000,0.9988,0,-0.108275,0.088505,1.734000,0.9987,0
301,10.040607,1,0.107078,-0.377486,1.804000,0.9999,0,-0.192281,-0.367548,1.799000,0.9998,0,0.174399,-0.144868,1.794000,0.8789,0,-0.370838,-0.316172,1.863000,0.6657,0,0.201177,0.050954,1.720000,0.9180,0,-0.456672,-0.417548,1.724000,0.9880,0,0.062459,0.079290,1.720000,0.9988,0,-0.107089,0.087535,1.715000,0.9987,0
302,10.073965,1,0.110353,-0.378532,1.809000,0.9999,0,-0.195242,-0.367548,1.799000,0.9998,0,0.171871,-0.142769,1.768000,0.8789,0,-0.373904,-0.319242,1.863000,0.6611,0,0.202230,0.048373,1.729000,0.9193,0,-0.430448,-0.380185,1.625000,0.9878,0,0.058172,0.077354,1.678000,0.9988,0,-0.113063,0.084957,1.720000,0.9987,0
303,10.107323,1,0.109072,-0.374138,1.788000,0.9999,0,-0.193506,-0.364279,1.783000,0.9997,0,0.173816,-0.147329,1.788000,0.8826,0,-0.388707,-0.332345,1.921000,0.6563,0,0.206855,0.048792,1.744000,0.9209,0,-0.557736,-0.483596,2.067000,0.9840,0,0.058969,0.078414,1.701000,0.9988,0,-0.115232,0.089475,1.753000,0.9987,0
304,10.140680,1,0.109072,-0.374138,1.788000,0.9999,0,-0.190793,-0.359172,1.758000,0.9997,0,0.174399,-0.147824,1.794000,0.8819,0,-0.386599,-0.331446,1.880000,0.6522,0,0.212611,0.040726,1.768000,0.9150,0,-0.544587,-0.460444,1.982000,0.9759,0,0.058484,0.077768,1.687000,0.9988,0,-0.112405,0.087280,1.710000,0.9987,0
305,10.174038,1,0.108767,-0.373091,1.783000,0.9999,0,-0.197521,-0.371839,1.820000,0.9997,0,0.170899,-0.144857,1.758000,0.8807,0,-0.384337,-0.329507,1.869000,0.6582,0,0.207921,0.039828,1.729000,0.9129,0,-0.487161,-0.397286,1.773000,0.9762,0,0.059766,0.079474,1.724000,0.9988,0,-0.112405,0.087280,1.710000,0.9988,0
306,10.207396,1,0.107546,-0.368906,1.763000,0.9999,0,-0.194700,-0.366527,1.794000,0.9998,0,0.172804,-0.144033,1.748000,0.8838,0,-0.372522,-0.314345,1.783000,0.6636,0,0.207320,0.039712,1.724000,0.9152,0,-0.501412,-0.394520,1.814000,0.9762,0,0.058657,0.077999,1.692000,0.9988,0,-0.118117,0.089475,1.753000,0.9988,0
307,10.240753,1,0.110353,-0.378532,1.809000,0.9999,0,-0.196328,-0.369591,1.809000,0.9998,0,0.176264,-0.146917,1.783000,0.8885,0,-0.378998,-0.316822,1.814000,0.6719,0,0.209670,0.039620,1.720000,0.9184,0,-0.485933,-0.359172,1.758000,0.9750,0,0.058484,0.080548,1.687000,0.9989,0,-0.117511,0.091888,1.744000,0.9988,0
308,10.274111,1,0.111329,-0.381880,1.825000,0.9999,0,-0.194700,-0.366527,1.794000,0.9997,0,0.175770,-0.143576,1.778000,0.8803,0,-0.372519,-0.324570,1.841000,0.6703,0,0.212995,0.051073,1.724000,0.8949,0,-0.479299,-0.337129,1.734000,0.9642,0,0.059281,0.081646,1.710000,0.9989,0,-0.109710,0.087937,1.669000,0.9989,0
309,10.307469,1,0.113330,-0.375552,1.809000,0.9999,0,-0.199258,-0.375108,1.836000,0.9997,0,0.173793,-0.139065,1.758000,0.8721,0,-0.374745,-0.329561,1.852000,0.6776,0,0.214848,0.051517,1.739000,0.8746,0,-0.478261,-0.323073,1.720000,0.9600,0,0.060113,0.085648,1.734000,0.9989,0,-0.111814,0.089623,1.701000,0.9989,0
310,10.340826,1,0.111858,-0.370673,1.785500,0.9999,0,-0.188434,-0.363098,1.763000,0.9998,0,0.174781,-0.142769,1.768000,0.8691,0,-0.376112,-0.339650,1.874000,0.6904,0,0.214080,0.047841,1.710000,0.8645,0,-0.478261,-0.308905,1.720000,0.9577,0,0.056797,0.084957,1.720000,0.9989,0,-0.113983,0.091362,1.734000,0.9989,0
311,10.374184,1,0.110135,-0.364964,1.758000,0.9999,0,-0.191747,-0.369482,1.794000,0.9998,0,0.174274,-0.137167,1.734000,0.8617,0,-0.367281,-0.334690,1.830000,0.7051,0,0.217711,0.057247,1.739000,0.8413,0,-0.488923,-0.305295,1.748000,0.9562,0,0.057998,0.082635,1.673000,0.9989,0,-0.110232,0.090624,1.720000,0.9990,0
312,10.407542,1,0.113993,-0.365157,1.773000,0.9999,0,-0.187637,-0.373091,1.783000,0.9998,0,0.177189,-0.139461,1.763000,0.8638,0,-0.364070,-0.340729,1.814000,0.7216,0,0.217085,0.057082,1.734000,0.8449,0,-0.487804,-0.295977,1.744000,0.9574,0,0.057589,0.086142,1.744000,0.9989,0,-0.111129,0.088505,1.734000,0.9990,0
313,10.440899,1,0.110448,-0.363098,1.763000,0.9999,0,-0.191593,-0.363884,1.739000,0.9998,0,0.180304,-0.141913,1.794000,0.8641,0,-0.380931,-0.336810,1.809000,0.7353,0,0.215332,0.056621,1.720000,0.8438,0,-0.483923,-0.274902,1.720000,0.9552,0,0.058657,0.083574,1.692000,0.9989,0,-0.113983,0.094218,1.734000,0.9990,0
314,10.474257,1,0.110135,-0.362068,1.758000,0.9999,0,-0.201723,-0.377486,1.804000,0.9998,0,0.178696,-0.137718,1.778000,0.8655,0,-0.396642,-0.347981,1.869000,0.7484,0,0.216459,0.056918,1.729000,0.8482,0,-0.490675,-0.278738,1.744000,0.9576,0,0.057686,0.087673,1.664000,0.9989,0,-0.112734,0.096011,1.715000,0.9991,0
315,10.507615,1,0.114314,-0.366187,1.778000,0.9999,0,-0.203558,-0.372438,1.794000,0.9998,0,0.180304,-0.138957,1.794000,0.8690,0,-0.375979,-0.327314,1.758000,0.7607,0,0.217711,0.057247,1.739000,0.8533,0,-0.490675,-0.272992,1.744000,0.9593,0,0.058172,0.088411,1.678000,0.9989,0,-0.113983,0.099931,1.734000,0.9991,0
316,10.540973,1,0.112707,-0.361038,1.753000,0.9999,0,-0.204693,-0.374514,1.804000,0.9998,0,0.179701,-0.138493,1.788000,0.8704,0,-0.395013,-0.343885,1.847000,0.7688,0,0.215833,0.065273,1.724000,0.8532,0,-0.483923,-0.263568,1.720000,0.9604,0,0.057998,0.090904,1.673000,0.9989,0,-0.112077,0.098260,1.705000,0.9991,0
317,10.574331,1,0.110843,-0.352225,1.724000,0.9999,0,-0.207086,-0.373476,1.799000,0.9998,0,0.185300,-0.140507,1.814000,0.8719,0,-0.410041,-0.339650,1.874000,0.7753,0,0.210154,0.064403,1.701000,0.8559,0,-0.493207,-0.262849,1.753000,0.9599,0,0.058796,0.092153,1.696000,0.9990,0,-0.118117,0.101026,1.753000,0.9991,0
318,10.607688,1,0.114314,-0.363258,1.778000,0.9999,0,-0.208238,-0.372571,1.809000,0.9998,0,0.176618,-0.133923,1.729000,0.8741,0,-0.398225,-0.326865,1.820000,0.7802,0,0.215960,0.066182,1.748000,0.8592,0,-0.489268,-0.260750,1.739000,0.9596,0,0.058172,0.093940,1.678000,0.9990,0,-0.117511,0.103381,1.744000,0.9991,0
319,10.641046,1,0.115986,-0.371542,1.804000,0.9999,0,-0.206511,-0.369482,1.794000,0.9998,0,0.184279,-0.139732,1.804000,0.8753,0,-0.407634,-0.331518,1.863000,0.7862,0,0.212501,0.065122,1.720000,0.8600,0,-0.485048,-0.258501,1.724000,0.9589,0,0.058484,0.094444,1.687000,0.9990,0,-0.116500,0.102492,1.729000,0.9991,0
320,10.674404,1,0.113671,-0.364127,1.768000,0.9999,0,-0.208813,-0.373601,1.814000,0.9998,0,0.181112,-0.140252,1.773000,0.8770,0,-0.397401,-0.325646,1.830000,0.7936,0,0.217814,0.063846,1.763000,0.8624,0,-0.497427,-0.268011,1.768000,0.9595,0,0.058657,0.094723,1.692000,0.9990,0,-0.115894,0.101958,1.720000,0.9991,0
321,10.707762,1,0.113350,-0.363098,1.763000,0.9999,0,-0.208813,-0.373601,1.814000,0.9998,0,0.181623,-0.137718,1.778000,0.8696,0,-0.391755,-0.321019,1.804000,0.7928,0,0.207354,0.064403,1.701000,0.8470,0,-0.500111,-0.271043,1.788000,0.9575,0,0.057097,0.092204,1.647000,0.9990,0,-0.115220,0.101365,1.710000,0.9992,0
322,10.741120,1,0.113671,-0.364127,1.768000,0.9999,0,-0.210631,-0.371542,1.804000,0.9998,0,0.180601,-0.136944,1.768000,0.8630,0,-0.387709,-0.320129,1.799000,0.7975,0,0.211986,0.068706,1.739000,0.8304,0,-0.494517,-0.268011,1.768000,0.9576,0,0.057686,0.095897,1.664000,0.9990,0,-0.117174,0.103084,1.739000,0.9992,0
323,10.774478,1,0.113993,-0.365157,1.773000,0.9999,0,-0.209464,-0.366527,1.794000,0.9998,0,0.181623,-0.140647,1.778000,0.8720,0,-0.393927,-0.316822,1.814000,0.8049,0,0.210648,0.053319,1.705000,0.8440,0,-0.486406,-0.260750,1.739000,0.9599,0,0.059628,0.099124,1.720000,0.9990,0,-0.118117,0.103914,1.753000,0.9992,0
324,10.807836,1,0.112707,-0.361038,1.753000,0.9999,0,-0.210631,-0.368570,1.804000,0.9998,0,0.179069,-0.141557,1.753000,0.8662,0,-0.395230,-0.317870,1.820000,0.8059,0,0.210648,0.053319,1.705000,0.8301,0,-0.494614,-0.263599,1.758000,0.9559,0,0.061769,0.098030,1.701000,0.9990,0,-0.119128,0.107716,1.768000,0.9992,0
325,10.841194,1,0.114957,-0.368246,1.788000,0.9999,0,-0.198339,-0.360008,1.748000,0.9998,0,0.179580,-0.144857,1.758000,0.8702,0,-0.388786,-0.321019,1.804000,0.8102,0,0.210767,0.054069,1.729000,0.8371,0,-0.490322,-0.262849,1.753000,0.9561,0,0.061442,0.094723,1.692000,0.9990,0,-0.116500,0.102492,1.729000,0.9992,0
326,10.874552,1,0.117015,-0.374837,1.820000,0.9999,0,-0.208324,-0.378132,1.836000,0.9998,0,0.180091,-0.139461,1.763000,0.8650,0,-0.400424,-0.327567,1.858000,0.8073,0,0.209670,0.056621,1.720000,0.8280,0,-0.498713,-0.267348,1.783000,0.9529,0,0.061587,0.094947,1.696000,0.9990,0,-0.119465,0.105100,1.773000,0.9992,0
327,10.907909,1,0.112386,-0.360008,1.748000,0.9999,0,-0.199473,-0.362068,1.758000,0.9998,0,0.178150,-0.137958,1.744000,0.8684,0,-0.394619,-0.330388,1.874000,0.7974,0,0.209124,0.057247,1.739000,0.8304,0,-0.482064,-0.264373,1.744000,0.9430,0,0.060598,0.097858,1.748000,0.9991,0,-0.116837,0.102788,1.734000,0.9992,0
328,10.941267,1,0.112386,-0.360008,1.748000,0.9999,0,-0.207643,-0.376897,1.830000,0.9998,0,0.181112,-0.137331,1.773000,0.8610,0,-0.391249,-0.327567,1.858000,0.7854,0,0.207329,0.066182,1.748000,0.8165,0,-0.485933,-0.272287,1.758000,0.9360,0,0.058657,0.094723,1.692000,0.9990,0,-0.118791,0.110316,1.763000,0.9992,0
329,10.974625,1,0.113993,-0.365157,1.773000,0.9999,0,-0.205827,-0.370613,1.814000,0.9998,0,0.184549,-0.137718,1.778000,0.8636,0,-0.385133,-0.324507,1.858000,0.7648,0,0.205669,0.074222,1.734000,0.8185,0,-0.475430,-0.269235,1.720000,0.9237,0,0.061587,0.094947,1.696000,0.9991,0,-0.117511,0.109127,1.744000,0.9992,0
330,11.007983,1,0.113029,-0.362068,1.758000,0.9999,0,-0.200605,-0.366527,1.794000,0.9998,0,0.184549,-0.137718,1.778000,0.8693,0,-0.373305,-0.319616,1.830000,0.7579,0,0.207329,0.071941,1.748000,0.8273,0,-0.472226,-0.276341,1.729000,0.9194,0,0.058310,0.094164,1.682000,0.9991,0,-0.117511,0.106254,1.744000,0.9992,0
331,11.041341,1,0.112707,-0.361038,1.753000,0.9999,0,-0.201723,-0.368570,1.804000,0.9998,0,0.187248,-0.139732,1.804000,0.8644,0,-0.385545,-0.332345,1.921000,0.7499,0,0.211480,0.073382,1.783000,0.8140,0,-0.478407,-0.289215,1.773000,0.9172,0,0.058172,0.093940,1.678000,0.9991,0,-0.118454,0.107107,1.758000,0.9992,0
332,11.074699,1,0.113029,-0.362068,1.758000,0.9999,0,-0.200605,-0.363571,1.794000,0.9998,0,0.186210,-0.138957,1.794000,0.8610,0,-0.365463,-0.314615,1.836000,0.7273,0,0.209701,0.072765,1.768000,0.8066,0,-0.477057,-0.302962,1.768000,0.8961,0,0.061442,0.094723,1.692000,0.9991,0,-0.109014,0.103634,1.701000,0.9992,0
333,11.108057,1,0.113029,-0.362068,1.758000,0.9999,0,-0.201068,-0.372860,1.825000,0.9997,0,0.178558,-0.132515,1.748000,0.8653,0,-0.354134,-0.304028,1.809000,0.7041,0,0.203399,0.080166,1.739000,0.8132,0,-0.479756,-0.310534,1.778000,0.8838,0,0.065100,0.096011,1.715000,0.9991,0,-0.112988,0.107411,1.763000,0.9992,0
334,11.141415,1,0.117336,-0.375867,1.825000,0.9999,0,-0.198607,-0.373882,1.830000,0.9997,0,0.179580,-0.133273,1.758000,0.8653,0,-0.361639,-0.303896,1.863000,0.6899,0,0.209131,0.082424,1.788000,0.8165,0,-0.473010,-0.320607,1.753000,0.8823,0,0.065290,0.096291,1.720000,0.9991,0,-0.109461,0.106802,1.753000,0.9992,0
335,11.174773,1,0.114636,-0.367217,1.783000,0.9999,0,-0.200452,-0.377355,1.847000,0.9997,0,0.181112,-0.131489,1.773000,0.8689,0,-0.373710,-0.311400,1.909000,0.6912,0,0.205622,0.083938,1.758000,0.8272,0,-0.481325,-0.338869,1.773000,0.8919,0,0.064568,0.095227,1.701000,0.9991,0,-0.108899,0.106254,1.744000,0.9992,0
336,11.208131,1,0.113350,-0.363098,1.763000,0.9999,0,-0.196236,-0.375108,1.836000,0.9997,0,0.177189,-0.130747,1.763000,0.8758,0,-0.359419,-0.299492,1.836000,0.6982,0,0.203984,0.074650,1.744000,0.8401,0,-0.583932,-0.429764,2.138000,0.9005,0,0.064227,0.094723,1.692000,0.9991,0,-0.109149,0.103618,1.748000,0.9991,0
337,11.241489,1,0.116308,-0.372571,1.809000,0.9999,0,-0.187899,-0.359172,1.758000,0.9997,0,0.176686,-0.130377,1.758000,0.8781,0,-0.355113,-0.292915,1.814000,0.6979,0,0.210887,0.073176,1.778000,0.8473,0,-0.456931,-0.352830,1.673000,0.9080,0,0.062095,0.095731,1.710000,0.9991,0,-0.109461,0.103914,1.753000,0.9991,0
338,11.274846,1,0.113671,-0.364127,1.768000,0.9999,0,-0.194526,-0.371839,1.820000,0.9997,0,0.178696,-0.131860,1.778000,0.8782,0,-0.346109,-0.287909,1.783000,0.6961,0,0.210294,0.070050,1.773000,0.8531,0,-0.485397,-0.385920,1.788000,0.9151,0,0.061914,0.092642,1.705000,0.9991,0,-0.111129,0.102788,1.734000,0.9991,0
339,11.308204,1,0.118043,-0.378132,1.836000,0.9999,0,-0.187637,-0.364279,1.783000,0.9997,0,0.181310,-0.133788,1.804000,0.8793,0,-0.343293,-0.290493,1.799000,0.6958,0,0.206855,0.071777,1.744000,0.8584,0,-0.444111,-0.362885,1.656000,0.9218,0,0.061587,0.092153,1.696000,0.9991,0,-0.105652,0.097511,1.692000,0.9991,0
340,11.341562,1,0.114636,-0.367217,1.783000,0.9999,0,-0.193740,-0.379162,1.841000,0.9997,0,0.177691,-0.131118,1.768000,0.8778,0,-0.345292,-0.292641,1.794000,0.6925,0,0.211480,0.073382,1.783000,0.8626,0,-0.479500,-0.400149,1.799000,0.9283,0,0.058172,0.088411,1.678000,0.9991,0,-0.112347,0.098138,1.753000,0.9991,0
341,11.374920,1,0.118043,-0.381157,1.836000,0.9999,0,-0.187637,-0.367217,1.783000,0.9998,0,0.179701,-0.138493,1.788000,0.8826,0,-0.355493,-0.301286,1.847000,0.6935,0,0.202229,0.053319,1.705000,0.8722,0,-0.449255,-0.382827,1.696000,0.9346,0,0.057686,0.084932,1.664000,0.9990,0,-0.110809,0.091098,1.729000,0.9991,0
342,11.408278,1,0.115986,-0.374514,1.804000,0.9999,0,-0.192583,-0.376897,1.830000,0.9998,0,0.175276,-0.137331,1.773000,0.8795,0,-0.353407,-0.302102,1.852000,0.6865,0,0.205669,0.057082,1.734000,0.8728,0,-0.465417,-0.404904,1.768000,0.9396,0,0.059628,0.084957,1.720000,0.9990,0,-0.111450,0.091625,1.739000,0.9991,0
343,11.441637,1,0.114957,-0.371192,1.788000,0.9999,0,-0.189320,-0.370512,1.799000,0.9998,0,0.176759,-0.138493,1.788000,0.8740,0,-0.350359,-0.302102,1.852000,0.6898,0,0.211986,0.057247,1.739000,0.8720,0,-0.480296,-0.426526,1.836000,0.9448,0,0.063148,0.085895,1.739000,0.9990,0,-0.107220,0.088148,1.673000,0.9990,0
344,11.474996,1,0.115343,-0.372438,1.794000,0.9999,0,-0.190373,-0.372571,1.809000,0.9998,0,0.171420,-0.134310,1.734000,0.8732,0,-0.348255,-0.297697,1.825000,0.6956,0,0.215521,0.058202,1.768000,0.8762,0,-0.494684,-0.457995,1.891000,0.9496,0,0.061442,0.083574,1.692000,0.9990,0,-0.109014,0.089623,1.701000,0.9990,0
345,11.508355,1,0.116308,-0.375552,1.809000,0.9999,0,-0.187395,-0.372571,1.809000,0.9998,0,0.170926,-0.133923,1.729000,0.8707,0,-0.343185,-0.298513,1.830000,0.6914,0,0.215466,0.060285,1.744000,0.8775,0,-0.465341,-0.433351,1.801500,0.9536,0,0.062095,0.084463,1.710000,0.9989,0,-0.112988,0.092889,1.763000,0.9990,0
346,11.541715,1,0.113029,-0.364964,1.758000,0.9999,0,-0.188535,-0.374837,1.820000,0.9998,0,0.176264,-0.138105,1.783000,0.8608,0,-0.350498,-0.304875,1.869000,0.6884,0,0.215466,0.063158,1.744000,0.8653,0,-0.476624,-0.452667,1.869000,0.9572,0,0.061260,0.080548,1.687000,0.9989,0,-0.116547,0.090496,1.773000,0.9990,0
347,11.575074,1,0.114957,-0.371192,1.788000,0.9999,0,-0.191332,-0.380398,1.847000,0.9998,0,0.175770,-0.140647,1.778000,0.8629,0,-0.355656,-0.309766,1.880000,0.6941,0,0.213693,0.060596,1.753000,0.8722,0,-0.489510,-0.483839,1.932000,0.9604,0,0.066814,0.080548,1.687000,0.9989,0,-0.113949,0.093680,1.778000,0.9989,0
348,11.608433,1,0.115986,-0.374514,1.804000,0.9999,0,-0.186359,-0.370512,1.799000,0.9998,0,0.178340,-0.142704,1.804000,0.8672,0,-0.353407,-0.311255,1.852000,0.7023,0,0.215521,0.061114,1.768000,0.8812,0,-0.489510,-0.493387,1.932000,0.9637,0,0.068477,0.082553,1.729000,0.9988,0,-0.109911,0.090360,1.715000,0.9988,0
349,11.641792,1,0.113993,-0.368078,1.773000,0.9999,0,-0.189571,-0.376897,1.830000,0.9998,0,0.178835,-0.143099,1.809000,0.8700,0,-0.349141,-0.307857,1.814000,0.7076,0,0.212611,0.061114,1.768000,0.8874,0,-0.489351,-0.493249,1.944000,0.9666,0,0.067368,0.078414,1.701000,0.9988,0,-0.108587,0.088760,1.739000,0.9988,0
350,11.675151,1,0.113671,-0.367040,1.768000,0.9999,0,-0.187913,-0.373601,1.814000,0.9998,0,0.175276,-0.140252,1.773000,0.8730,0,-0.345292,-0.310373,1.794000,0.7140,0,0.213083,0.048904,1.748000,0.8945,0,-0.455142,-0.458789,1.820000,0.9691,0,0.068675,0.079935,1.734000,0.9988,0,-0.109271,0.084216,1.705000,0.9988,0
351,11.708510,1,0.113671,-0.367040,1.768000,0.9999,0,-0.190710,-0.379162,1.841000,0.9998,0,0.173793,-0.139065,1.758000,0.8768,0,-0.357610,-0.321446,1.858000,0.7175,0,0.210158,0.045393,1.724000,0.9015,0,-0.461586,-0.471429,1.858000,0.9715,0,0.067724,0.070378,1.710000,0.9988,0,-0.109149,0.080580,1.748000,0.9987,0
352,11.741870,1,0.115665,-0.373476,1.799000,0.9999,0,-0.191332,-0.380398,1.847000,0.9998,0,0.178194,-0.140252,1.773000,0.8820,0,-0.356398,-0.320664,1.836000,0.7217,0,0.209042,0.047337,1.692000,0.9078,0,-0.453099,-0.468871,1.836000,0.9735,0,0.069626,0.072353,1.758000,0.9988,0,-0.109461,0.080811,1.753000,0.9987,0
353,11.775229,1,0.115665,-0.373476,1.799000,0.9999,0,-0.183148,-0.364127,1.768000,0.9998,0,0.179199,-0.143980,1.783000,0.8841,0,-0.352176,-0.317166,1.799000,0.7236,0,0.211266,0.045024,1.710000,0.9125,0,-0.460128,-0.479342,1.877000,0.9750,0,0.067923,0.070583,1.715000,0.9987,0,-0.108899,0.080396,1.744000,0.9987,0
354,11.808588,1,0.114636,-0.370154,1.783000,0.9999,0,-0.194129,-0.385959,1.874000,0.9998,0,0.178194,-0.140252,1.773000,0.8840,0,-0.361573,-0.325628,1.847000,0.7265,0,0.210648,0.044892,1.705000,0.9130,0,-0.441007,-0.462386,1.799000,0.9765,0,0.067368,0.070007,1.701000,0.9987,0,-0.107401,0.076456,1.720000,0.9987,0
355,11.841948,1,0.113029,-0.364964,1.758000,0.9999,0,-0.189571,-0.376897,1.830000,0.9998,0,0.176686,-0.141961,1.758000,0.8874,0,-0.363428,-0.324570,1.841000,0.7276,0,0.210648,0.047701,1.705000,0.9175,0,-0.443159,-0.464785,1.820000,0.9777,0,0.066814,0.066652,1.687000,0.9988,0,-0.113629,0.075891,1.773000,0.9987,0
356,11.875307,1,0.114314,-0.369116,1.778000,0.9999,0,-0.190710,-0.379162,1.841000,0.9998,0,0.180304,-0.144868,1.794000,0.8924,0,-0.362441,-0.323689,1.836000,0.7290,0,0.212501,0.048121,1.720000,0.9230,0,-0.450951,-0.476008,1.852000,0.9790,0,0.069427,0.069259,1.753000,0.9987,0,-0.108275,0.077078,1.734000,0.9987,0
357,11.908666,1,0.110135,-0.364964,1.758000,0.9999,0,-0.191332,-0.380398,1.847000,0.9998,0,0.177189,-0.145269,1.763000,0.8973,0,-0.357111,-0.321909,1.809000,0.7356,0,0.219463,0.034605,1.753000,0.9281,0,-0.441698,-0.466242,1.814000,0.9801,0,0.064568,0.067205,1.701000,0.9987,0,-0.109911,0.073409,1.715000,0.9987,0
358,11.942025,1,0.112704,-0.373476,1.799000,0.9999,0,-0.184184,-0.366187,1.778000,0.9998,0,0.179701,-0.147329,1.788000,0.9015,0,-0.360270,-0.324756,1.825000,0.7358,0,0.213454,0.033657,1.705000,0.9329,0,-0.459230,-0.484747,1.886000,0.9811,0,0.064379,0.067007,1.696000,0.9987,0,-0.109461,0.077923,1.753000,0.9986,0
359,11.975385,1,0.109258,-0.362058,1.744000,0.9999,0,-0.185220,-0.371192,1.788000,0.9998,0,0.175681,-0.144033,1.748000,0.9039,0,-0.363428,-0.327603,1.841000,0.7356,0,0.212953,0.036380,1.701000,0.9361,0,-0.461908,-0.484449,1.897000,0.9817,0,0.061587,0.067007,1.696000,0.9987,0,-0.113949,0.073176,1.778000,0.9986,0
360,12.008744,1,0.112390,-0.375393,1.794000,0.9999,0,-0.186877,-0.371542,1.804000,0.9998,0,0.178194,-0.149014,1.773000,0.9090,0,-0.369842,-0.330628,1.858000,0.7417,0,0.213454,0.033657,1.705000,0.9407,0,-0.456308,-0.478576,1.874000,0.9826,0,0.065631,0.068311,1.729000,0.9987,0,-0.112988,0.075463,1.763000,0.9985,0
361,12.042104,1,0.113173,-0.378009,1.806500,0.9999,0,-0.186877,-0.371542,1.804000,0.9998,0,0.180807,-0.151199,1.799000,0.9115,0,-0.355909,-0.318172,1.788000,0.7456,0,0.211201,0.027743,1.687000,0.9442,0,-0.456308,-0.478576,1.874000,0.9836,0,0.062095,0.067560,1.710000,0.9987,0,-0.114312,0.071571,1.739000,0.9985,0
362,12.075463,1,0.113643,-0.379578,1.814000,0.9999,0,-0.182112,-0.362068,1.758000,0.9998,0,0.177691,-0.148594,1.768000,0.9141,0,-0.363274,-0.324756,1.825000,0.7484,0,0.214080,0.028122,1.710000,0.9472,0,-0.467752,-0.493743,1.921000,0.9843,0,0.067526,0.067363,1.705000,0.9986,0,-0.109774,0.078145,1.758000,0.9985,0
363,12.108822,1,0.114332,-0.381880,1.825000,0.9999,0,-0.187395,-0.372571,1.809000,0.9997,0,0.175681,-0.146913,1.748000,0.9155,0,-0.365463,-0.326713,1.836000,0.7446,0,0.217085,0.034229,1.734000,0.9494,0,-0.456308,-0.478576,1.874000,0.9842,0,0.064720,0.067363,1.705000,0.9986,0,-0.107963,0.076856,1.729000,0.9985,0
364,12.142182,1,0.113643,-0.379578,1.814000,0.9999,0,-0.191850,-0.381428,1.852000,0.9997,0,0.177189,-0.148174,1.763000,0.9146,0,-0.360089,-0.321909,1.809000,0.7459,0,0.209536,0.033479,1.696000,0.9500,0,-0.449734,-0.471681,1.847000,0.9845,0,0.064379,0.067007,1.696000,0.9986,0,-0.107089,0.076234,1.715000,0.9985,0
365,12.175541,1,0.110448,-0.368906,1.763000,0.9999,0,-0.191850,-0.381428,1.852000,0.9998,0,0.178194,-0.149014,1.773000,0.9163,0,-0.366459,-0.327603,1.841000,0.7496,0,0.210648,0.030848,1.705000,0.9526,0,-0.444684,-0.460265,1.814000,0.9851,0,0.065441,0.068114,1.724000,0.9986,0,-0.107963,0.076856,1.729000,0.9985,0
366,12.208900,1,0.109509,-0.365768,1.748000,0.9999,0,-0.189053,-0.375867,1.825000,0.9997,0,0.176184,-0.147333,1.753000,0.9175,0,-0.369842,-0.330628,1.858000,0.7495,0,0.211883,0.042330,1.715000,0.9548,0,-0.469443,-0.489046,1.915000,0.9859,0,0.067724,0.067560,1.710000,0.9986,0,-0.106214,0.078414,1.701000,0.9984,0
367,12.242260,1,0.108318,-0.361792,1.729000,0.9999,0,-0.190710,-0.379162,1.841000,0.9997,0,0.176184,-0.147333,1.753000,0.9188,0,-0.367653,-0.328671,1.847000,0.7472,0,0.212995,0.051073,1.724000,0.9566,0,-0.451303,-0.473181,1.841000,0.9863,0,0.064227,0.066849,1.692000,0.9986,0,-0.108899,0.080396,1.744000,0.9984,0
368,12.275619,1,0.112014,-0.374138,1.788000,0.9999,0,-0.193740,-0.379162,1.841000,0.9997,0,0.180807,-0.151199,1.799000,0.9175,0,-0.366459,-0.327603,1.841000,0.7501,0,0.208424,0.049977,1.687000,0.9558,0,-0.460863,-0.483205,1.880000,0.9867,0,0.063354,0.065941,1.669000,0.9986,0,-0.108899,0.080396,1.744000,0.9984,0
369,12.308979,1,0.113643,-0.379578,1.814000,0.9999,0,-0.187637,-0.367217,1.783000,0.9997,0,0.179701,-0.150275,1.788000,0.9180,0,-0.367653,-0.328671,1.847000,0.7539,0,0.209536,0.044655,1.696000,0.9569,0,-0.473610,-0.493387,1.932000,0.9871,0,0.064910,0.067560,1.710000,0.9986,0,-0.108587,0.077301,1.739000,0.9984,0
370,12.342338,1,0.115022,-0.384182,1.836000,0.9999,0,-0.193740,-0.379162,1.841000,0.9997,0,0.180807,-0.151199,1.799000,0.9204,0,-0.366459,-0.327603,1.841000,0.7561,0,0.211883,0.047981,1.715000,0.9590,0,-0.443458,-0.461976,1.809000,0.9876,0,0.064720,0.067363,1.705000,0.9986,0,-0.107963,0.076856,1.729000,0.9984,0
371,12.375698,1,0.114646,-0.382926,1.830000,0.9999,0,-0.189320,-0.370512,1.799000,0.9998,0,0.180304,-0.150779,1.794000,0.9201,0,-0.362278,-0.323866,1.820000,0.7550,0,0.210575,0.055370,1.682000,0.9588,0,-0.446155,-0.464785,1.820000,0.9880,0,0.065744,0.065585,1.660000,0.9986,0,-0.106464,0.078598,1.705000,0.9984,0
372,12.409057,1,0.109258,-0.364931,1.744000,0.9999,0,-0.194372,-0.380398,1.847000,0.9998,0,0.178194,-0.149014,1.773000,0.9204,0,-0.363274,-0.321749,1.825000,0.7566,0,0.214706,0.039505,1.715000,0.9602,0,-0.451618,-0.464324,1.830000,0.9881,0,0.063505,0.066099,1.673000,0.9986,0,-0.108275,0.074222,1.734000,0.9984,0
373,12.442415,1,0.111388,-0.372045,1.778000,0.9999,0,-0.189846,-0.371542,1.804000,0.9998,0,0.177189,-0.148174,1.763000,0.9243,0,-0.367653,-0.325628,1.847000,0.7597,0,0.215833,0.036872,1.724000,0.9627,0,-0.466672,-0.479802,1.891000,0.9885,0,0.063695,0.066296,1.678000,0.9986,0,-0.111023,0.079034,1.778000,0.9984,0
374,12.475773,1,0.108318,-0.361792,1.729000,0.9999,0,-0.195529,-0.382663,1.858000,0.9998,0,0.178340,-0.151620,1.804000,0.9230,0,-0.354913,-0.314345,1.783000,0.7625,0,0.212327,0.036273,1.696000,0.9622,0,-0.437551,-0.452783,1.773000,0.9888,0,0.064227,0.066849,1.692000,0.9986,0,-0.112022,0.079746,1.794000,0.9984,0
375,12.509132,1,0.111024,-0.380834,1.820000,0.9999,0,-0.191530,-0.374837,1.820000,0.9998,0,0.176264,-0.149855,1.783000,0.9245,0,-0.363274,-0.321749,1.825000,0.7658,0,0.217196,0.043392,1.758000,0.9634,0,-0.457048,-0.472957,1.852000,0.9892,0,0.063354,0.065941,1.669000,0.9986,0,-0.109774,0.078145,1.758000,0.9984,0
376,12.542490,1,0.109438,-0.375393,1.794000,0.9999,0,-0.188163,-0.368246,1.788000,0.9998,0,0.172409,-0.146577,1.744000,0.9240,0,-0.368485,-0.323689,1.836000,0.7676,0,0.220715,0.043515,1.763000,0.9638,0,-0.449150,-0.461787,1.820000,0.9895,0,0.066201,0.068904,1.744000,0.9986,0,-0.108899,0.074650,1.744000,0.9984,0
377,12.575848,1,0.109072,-0.374138,1.788000,0.9999,0,-0.189846,-0.371542,1.804000,0.9998,0,0.177846,-0.151199,1.799000,0.9212,0,-0.368485,-0.323689,1.836000,0.7672,0,0.209061,0.047981,1.715000,0.9622,0,-0.461243,-0.474220,1.869000,0.9898,0,0.067368,0.067205,1.701000,0.9986,0,-0.109461,0.075035,1.753000,0.9984,0
378,12.609206,1,0.108157,-0.370999,1.773000,0.9999,0,-0.196055,-0.383693,1.863000,0.9998,0,0.171914,-0.146157,1.739000,0.9207,0,-0.370838,-0.328449,1.863000,0.7661,0,0.212995,0.045393,1.724000,0.9627,0,-0.447670,-0.460265,1.814000,0.9899,0,0.065388,0.065229,1.651000,0.9986,0,-0.111023,0.076105,1.778000,0.9984,0
379,12.642564,1,0.111024,-0.380834,1.820000,0.9999,0,-0.186058,-0.364127,1.768000,0.9998,0,0.173793,-0.147754,1.758000,0.9229,0,-0.355909,-0.315226,1.788000,0.7663,0,0.211266,0.045024,1.710000,0.9645,0,-0.482960,-0.496548,1.957000,0.9900,0,0.063695,0.066296,1.678000,0.9986,0,-0.109774,0.075249,1.758000,0.9984,0
380,12.675922,1,0.110048,-0.377486,1.804000,0.9999,0,-0.189320,-0.367548,1.799000,0.9998,0,0.177352,-0.150779,1.794000,0.9225,0,-0.366278,-0.321749,1.825000,0.7690,0,0.212501,0.045287,1.720000,0.9640,0,-0.445202,-0.457727,1.804000,0.9900,0,0.063505,0.066099,1.673000,0.9986,0,-0.110710,0.078812,1.773000,0.9984,0
381,12.709280,1,0.106631,-0.365768,1.748000,0.9999,0,-0.185532,-0.363098,1.763000,0.9998,0,0.172409,-0.143704,1.744000,0.9186,0,-0.356845,-0.313463,1.778000,0.7643,0,0.212501,0.045287,1.720000,0.9624,0,-0.453099,-0.465847,1.836000,0.9901,0,0.064379,0.067007,1.696000,0.9986,0,-0.108899,0.077523,1.744000,0.9984,0
382,12.742638,1,0.107241,-0.367860,1.758000,0.9999,0,-0.189320,-0.370512,1.799000,0.9998,0,0.173793,-0.144857,1.758000,0.9180,0,-0.368485,-0.323689,1.836000,0.7638,0,0.207354,0.050391,1.701000,0.9625,0,-0.442734,-0.455190,1.794000,0.9902,0,0.064720,0.067363,1.705000,0.9986,0,-0.108899,0.077523,1.744000,0.9984,0
383,12.775996,1,0.108462,-0.372045,1.778000,0.9999,0,-0.189320,-0.367548,1.799000,0.9998,0,0.174287,-0.145269,1.763000,0.9185,0,-0.362063,-0.318047,1.804000,0.7646,0,0.207842,0.044892,1.705000,0.9630,0,-0.449150,-0.461787,1.820000,0.9903,0,0.064568,0.067205,1.701000,0.9986,0,-0.107651,0.073794,1.724000,0.9984,0
384,12.809354,1,0.106936,-0.366814,1.753000,0.9999,0,-0.192816,-0.368570,1.804000,0.9998,0,0.172804,-0.146913,1.748000,0.9207,0,-0.363066,-0.318929,1.809000,0.7682,0,0.210158,0.045393,1.724000,0.9647,0,-0.474076,-0.487414,1.921000,0.9906,0,0.065821,0.068509,1.734000,0.9986,0,-0.104778,0.074589,1.678000,0.9984,0
385,12.842712,1,0.106387,-0.364931,1.744000,0.9999,0,-0.195595,-0.373882,1.830000,0.9998,0,0.171420,-0.145736,1.734000,0.9207,0,-0.353834,-0.310819,1.763000,0.7642,0,0.214231,0.048512,1.734000,0.9648,0,-0.460096,-0.466855,1.852000,0.9904,0,0.062025,0.064558,1.634000,0.9986,0,-0.107401,0.076456,1.720000,0.9984,0
386,12.876071,1,0.109072,-0.374138,1.788000,0.9999,0,-0.191106,-0.365301,1.788000,0.9998,0,0.174781,-0.148594,1.768000,0.9203,0,-0.361059,-0.314202,1.799000,0.7613,0,0.209536,0.053037,1.696000,0.9639,0,-0.457363,-0.464082,1.841000,0.9905,0,0.066101,0.065941,1.669000,0.9986,0,-0.109774,0.078145,1.758000,0.9984,0
387,12.909428,1,0.108462,-0.372045,1.778000,0.9999,0,-0.195060,-0.372860,1.825000,0.9998,0,0.173299,-0.147333,1.753000,0.9177,0,-0.365274,-0.320868,1.820000,0.7579,0,0.211266,0.053475,1.710000,0.9626,0,-0.462829,-0.466559,1.863000,0.9902,0,0.065821,0.068509,1.734000,0.9986,0,-0.107220,0.074367,1.673000,0.9984,0
388,12.942787,1,0.108157,-0.370999,1.773000,0.9999,0,-0.196770,-0.376129,1.841000,0.9998,0,0.175276,-0.149014,1.773000,0.9203,0,-0.361059,-0.317166,1.799000,0.7607,0,0.208424,0.052756,1.687000,0.9639,0,-0.460096,-0.463804,1.852000,0.9901,0,0.066616,0.069225,1.682000,0.9986,0,-0.110710,0.084654,1.773000,0.9983,0
389,12.976145,1,0.110448,-0.366002,1.763000,0.9999,0,-0.193350,-0.369591,1.809000,0.9998,0,0.176759,-0.147329,1.788000,0.9205,0,-0.367281,-0.322631,1.830000,0.7633,0,0.214231,0.048512,1.734000,0.9647,0,-0.486151,-0.486844,1.944000,0.9903,0,0.067724,0.070378,1.710000,0.9986,0,-0.106214,0.081216,1.701000,0.9983,0
390,13.009503,1,0.111388,-0.369116,1.778000,0.9999,0,-0.189502,-0.362236,1.773000,0.9998,0,0.175770,-0.146505,1.778000,0.9214,0,-0.364070,-0.316822,1.814000,0.7639,0,0.210648,0.039275,1.705000,0.9656,0,-0.475898,-0.476577,1.903000,0.9903,0,0.066101,0.068690,1.669000,0.9986,0,-0.104466,0.079879,1.673000,0.9983,0
391,13.042861,1,0.113017,-0.374514,1.804000,0.9999,0,-0.188434,-0.360193,1.763000,0.9998,0,0.173299,-0.144445,1.753000,0.9217,0,-0.356845,-0.310534,1.778000,0.7629,0,0.216578,0.040380,1.753000,0.9657,0,-0.459143,-0.459797,1.836000,0.9902,0,0.066814,0.069431,1.687000,0.9986,0,-0.107089,0.079059,1.715000,0.9984,0
392,13.076219,1,0.110353,-0.375552,1.809000,0.9999,0,-0.190037,-0.363258,1.778000,0.9998,0,0.175770,-0.146505,1.778000,0.9219,0,-0.358852,-0.312281,1.788000,0.7598,0,0.217814,0.043515,1.763000,0.9655,0,-0.480399,-0.484249,1.921000,0.9903,0,0.067012,0.066849,1.692000,0.9986,0,-0.110488,0.076634,1.724000,0.9984,0
393,13.109577,1,0.111329,-0.381880,1.825000,0.9999,0,-0.185868,-0.355290,1.739000,0.9998,0,0.175276,-0.149014,1.773000,0.9231,0,-0.357103,-0.313329,1.794000,0.7596,0,0.207354,0.047589,1.701000,0.9664,0,-0.452391,-0.456016,1.809000,0.9904,0,0.069071,0.068904,1.744000,0.9986,0,-0.108899,0.080396,1.744000,0.9984,0
394,13.142936,1,0.107241,-0.364964,1.758000,0.9999,0,-0.197412,-0.377355,1.847000,0.9998,0,0.175770,-0.149434,1.778000,0.9226,0,-0.355909,-0.309335,1.788000,0.7600,0,0.207354,0.041985,1.701000,0.9666,0,-0.475898,-0.482847,1.903000,0.9905,0,0.064037,0.066652,1.687000,0.9986,0,-0.108899,0.077523,1.744000,0.9984,0
395,13.176294,1,0.106387,-0.364931,1.744000,0.9999,0,-0.195595,-0.373882,1.830000,0.9998,0,0.174287,-0.148174,1.763000,0.9239,0,-0.364269,-0.316601,1.830000,0.7593,0,0.209061,0.042330,1.715000,0.9678,0,-0.467395,-0.474220,1.869000,0.9906,0,0.064720,0.067363,1.705000,0.9986,0,-0.107089,0.076234,1.715000,0.9983,0
396,13.209652,1,0.105777,-0.359982,1.734000,0.9999,0,-0.192281,-0.367548,1.799000,0.9998,0,0.176264,-0.149855,1.783000,0.9238,0,-0.366459,-0.318505,1.841000,0.7559,0,0.214231,0.045656,1.734000,0.9679,0,-0.472897,-0.479802,1.891000,0.9906,0,0.063695,0.066296,1.678000,0.9986,0,-0.109591,0.076012,1.710000,0.9984,0
397,13.243010,1,0.106387,-0.362058,1.744000,0.9999,0,-0.192281,-0.367548,1.799000,0.9998,0,0.173793,-0.147754,1.758000,0.9230,0,-0.357848,-0.308470,1.783000,0.7584,0,0.212501,0.045287,1.720000,0.9677,0,-0.474398,-0.481324,1.897000,0.9905,0,0.064379,0.067007,1.696000,0.9986,0,-0.111129,0.079935,1.734000,0.9983,0
398,13.276368,1,0.110353,-0.375552,1.809000,0.9999,0,-0.191106,-0.365301,1.788000,0.9998,0,0.177846,-0.151199,1.799000,0.9239,0,-0.365274,-0.314871,1.820000,0.7584,0,0.210158,0.036872,1.724000,0.9683,0,-0.490903,-0.498070,1.963000,0.9903,0,0.061079,0.066454,1.682000,0.9986,0,-0.108117,0.074989,1.687000,0.9984,0
399,13.309726,1,0.111024,-0.377835,1.820000,0.9999,0,-0.192816,-0.368570,1.804000,0.9998,0,0.176759,-0.150275,1.788000,0.9267,0,-0.356845,-0.307605,1.778000,0.7595,0,0.212995,0.036872,1.724000,0.9697,0,-0.487902,-0.495026,1.951000,0.9903,0,0.065100,0.070583,1.715000,0.9986,0,-0.107963,0.082553,1.729000,0.9983,0
400,13.343084,1,0.112046,-0.371296,1.788500,0.9999,0,-0.190373,-0.369591,1.809000,0.9997,0,0.172804,-0.146913,1.748000,0.9236,0,-0.363066,-0.312968,1.809000,0.7593,0,0.211266,0.039390,1.710000,0.9681,0,-0.474398,-0.481324,1.897000,0.9901,0,0.064720,0.070172,1.705000,0.9986,0,-0.109461,0.083699,1.753000,0.9983,0
401,13.376443,1,0.113643,-0.376590,1.814000,0.9999,0,-0.191530,-0.371839,1.820000,0.9998,0,0.173793,-0.144857,1.758000,0.9225,0,-0.365274,-0.314871,1.820000,0.7539,0,0.212501,0.039620,1.720000,0.9678,0,-0.463144,-0.469906,1.852000,0.9899,0,0.060425,0.068484,1.664000,0.9986,0,-0.111770,0.077523,1.744000,0.9983,0
402,13.409801,1,0.113643,-0.376590,1.814000,0.9999,0,-0.190899,-0.370613,1.814000,0.9997,0,0.177352,-0.147824,1.794000,0.9244,0,-0.366278,-0.318743,1.825000,0.7544,0,0.215466,0.040173,1.744000,0.9684,0,-0.467395,-0.474220,1.869000,0.9897,0,0.060135,0.068155,1.656000,0.9986,0,-0.107401,0.082123,1.720000,0.9983,0
403,13.443158,1,0.114019,-0.377835,1.820000,0.9999,0,-0.187110,-0.363258,1.778000,0.9997,0,0.176759,-0.147329,1.788000,0.9213,0,-0.363066,-0.315949,1.809000,0.7490,0,0.211883,0.042330,1.715000,0.9663,0,-0.483150,-0.490205,1.932000,0.9894,0,0.060607,0.068690,1.669000,0.9986,0,-0.105902,0.080977,1.696000,0.9983,0
404,13.476516,1,0.114489,-0.379392,1.827500,0.9999,0,-0.189846,-0.368570,1.804000,0.9997,0,0.173793,-0.144857,1.758000,0.9192,0,-0.362063,-0.315075,1.804000,0.7503,0,0.210767,0.042676,1.729000,0.9649,0,-0.467395,-0.477299,1.869000,0.9895,0,0.061769,0.070007,1.701000,0.9986,0,-0.109149,0.080580,1.748000,0.9983,0
405,13.509873,1,0.112390,-0.372438,1.794000,0.9999,0,-0.187110,-0.363258,1.778000,0.9997,0,0.177846,-0.148236,1.799000,0.9185,0,-0.360056,-0.313329,1.794000,0.7499,0,0.207842,0.044892,1.705000,0.9642,0,-0.468646,-0.475488,1.874000,0.9894,0,0.064568,0.070007,1.701000,0.9986,0,-0.108275,0.079935,1.734000,0.9983,0
406,13.543230,1,0.110448,-0.366002,1.763000,0.9999,0,-0.190899,-0.370613,1.814000,0.9997,0,0.174287,-0.145269,1.763000,0.9188,0,-0.371696,-0.323459,1.852000,0.7517,0,0.211377,0.037086,1.734000,0.9644,0,-0.459143,-0.468871,1.836000,0.9894,0,0.060752,0.068855,1.673000,0.9986,0,-0.109774,0.081041,1.758000,0.9983,0
407,13.576588,1,0.112704,-0.373476,1.799000,0.9999,0,-0.188794,-0.366527,1.794000,0.9997,0,0.181504,-0.151285,1.836000,0.9193,0,-0.368485,-0.320664,1.836000,0.7528,0,0.211377,0.039943,1.734000,0.9647,0,-0.487902,-0.498240,1.951000,0.9896,0,0.064037,0.069431,1.687000,0.9986,0,-0.107089,0.081885,1.715000,0.9983,0
408,13.609945,1,0.112704,-0.373476,1.799000,0.9999,0,-0.193214,-0.375108,1.836000,0.9997,0,0.176759,-0.147329,1.788000,0.9215,0,-0.365274,-0.314871,1.820000,0.7567,0,0.214912,0.040611,1.763000,0.9659,0,-0.452391,-0.461976,1.809000,0.9896,0,0.061587,0.069801,1.696000,0.9986,0,-0.110398,0.078590,1.768000,0.9983,0
409,13.643303,1,0.112014,-0.371192,1.788000,0.9999,0,-0.193214,-0.375108,1.836000,0.9997,0,0.175681,-0.144033,1.748000,0.9236,0,-0.369489,-0.318505,1.841000,0.7549,0,0.209061,0.045156,1.715000,0.9669,0,-0.457642,-0.464324,1.830000,0.9898,0,0.061079,0.069225,1.682000,0.9986,0,-0.109149,0.077701,1.748000,0.9983,0
410,13.676660,1,0.112014,-0.371192,1.788000,0.9999,0,-0.194898,-0.378377,1.852000,0.9998,0,0.179199,-0.146917,1.783000,0.9232,0,-0.365274,-0.317870,1.820000,0.7553,0,0.213613,0.045524,1.729000,0.9658,0,-0.470146,-0.483205,1.880000,0.9897,0,0.062604,0.068114,1.724000,0.9986,0,-0.107401,0.073623,1.720000,0.9984,0
411,13.710018,1,0.112704,-0.373476,1.799000,0.9999,0,-0.190899,-0.370613,1.814000,0.9997,0,0.180807,-0.148236,1.799000,0.9225,0,-0.365274,-0.314871,1.820000,0.7544,0,0.210767,0.051221,1.729000,0.9650,0,-0.473996,-0.477772,1.883000,0.9899,0,0.066101,0.065941,1.669000,0.9986,0,-0.105117,0.076856,1.729000,0.9984,0
412,13.743375,1,0.110135,-0.364964,1.758000,0.9999,0,-0.191530,-0.371839,1.820000,0.9997,0,0.179199,-0.146917,1.783000,0.9246,0,-0.355841,-0.306740,1.773000,0.7578,0,0.209061,0.047981,1.715000,0.9665,0,-0.471730,-0.475488,1.874000,0.9899,0,0.067170,0.067007,1.696000,0.9986,0,-0.106214,0.075612,1.701000,0.9984,0
413,13.776732,1,0.109509,-0.362888,1.748000,0.9999,0,-0.187110,-0.363258,1.778000,0.9998,0,0.181812,-0.146080,1.809000,0.9233,0,-0.367281,-0.316601,1.830000,0.7555,0,0.208451,0.050658,1.710000,0.9658,0,-0.471730,-0.475488,1.874000,0.9901,0,0.066101,0.065941,1.669000,0.9986,0,-0.106029,0.077523,1.744000,0.9984,0
414,13.810090,1,0.111075,-0.365157,1.773000,0.9999,0,-0.190899,-0.370613,1.814000,0.9998,0,0.176264,-0.143980,1.783000,0.9232,0,-0.367281,-0.316601,1.830000,0.7562,0,0.214302,0.040496,1.758000,0.9663,0,-0.482051,-0.485891,1.915000,0.9900,0,0.060425,0.065743,1.664000,0.9986,0,-0.108587,0.077301,1.739000,0.9984,0
415,13.843448,1,0.114019,-0.374837,1.820000,0.9999,0,-0.190373,-0.369591,1.809000,0.9997,0,0.173299,-0.141557,1.753000,0.9257,0,-0.354838,-0.305875,1.768000,0.7544,0,0.210158,0.039712,1.724000,0.9676,0,-0.471730,-0.475488,1.874000,0.9898,0,0.060280,0.068320,1.660000,0.9986,0,-0.107089,0.081885,1.715000,0.9983,0
416,13.876805,1,0.111701,-0.367217,1.783000,0.9999,0,-0.187637,-0.361342,1.783000,0.9997,0,0.177691,-0.142769,1.768000,0.9243,0,-0.363066,-0.312968,1.809000,0.7548,0,0.212501,0.039620,1.720000,0.9671,0,-0.484820,-0.495028,1.926000,0.9898,0,0.064037,0.069431,1.687000,0.9986,0,-0.106464,0.081407,1.705000,0.9983,0
417,13.910162,1,0.113017,-0.371542,1.804000,0.9999,0,-0.187637,-0.361342,1.783000,0.9997,0,0.176686,-0.141961,1.758000,0.9205,0,-0.363066,-0.312968,1.809000,0.7555,0,0.212995,0.039712,1.724000,0.9645,0,-0.445889,-0.461211,1.783000,0.9898,0,0.063695,0.069061,1.678000,0.9986,0,-0.106214,0.078414,1.701000,0.9984,0
418,13.943520,1,0.111388,-0.366187,1.778000,0.9999,0,-0.191530,-0.368840,1.820000,0.9997,0,0.180304,-0.144868,1.794000,0.9218,0,-0.363274,-0.315736,1.825000,0.7558,0,0.215960,0.040265,1.748000,0.9651,0,-0.463144,-0.476008,1.852000,0.9897,0,0.066352,0.071941,1.748000,0.9986,0,-0.109461,0.080811,1.753000,0.9984,0
419,13.976877,1,0.111388,-0.366187,1.778000,0.9999,0,-0.192898,-0.374495,1.833000,0.9997,0,0.180304,-0.144868,1.794000,0.9208,0,-0.361059,-0.311238,1.799000,0.7525,0,0.214231,0.039943,1.734000,0.9649,0,-0.460654,-0.467339,1.830000,0.9896,0,0.063847,0.066454,1.682000,0.9986,0,-0.109461,0.080811,1.753000,0.9984,0
420,14.010235,1,0.111701,-0.367217,1.783000,0.9999,0,-0.190373,-0.369591,1.809000,0.9997,0,0.177846,-0.145272,1.799000,0.9225,0,-0.367653,-0.319543,1.847000,0.7523,0,0.216578,0.040380,1.753000,0.9658,0,-0.470472,-0.474220,1.869000,0.9895,0,0.065821,0.071365,1.734000,0.9986,0,-0.108275,0.079935,1.734000,0.9983,0
421,14.043592,1,0.112704,-0.370512,1.799000,0.9999,0,-0.186058,-0.361215,1.768000,0.9998,0,0.174781,-0.142769,1.768000,0.9200,0,-0.369842,-0.321446,1.858000,0.7518,0,0.214848,0.040058,1.739000,0.9636,0,-0.459396,-0.463056,1.825000,0.9895,0,0.063012,0.068320,1.660000,0.9986,0,-0.110710,0.078812,1.773000,0.9984,0
422,14.076949,1,0.113330,-0.372571,1.809000,0.9999,0,-0.185006,-0.359172,1.758000,0.9997,0,0.179701,-0.144384,1.788000,0.9221,0,-0.368485,-0.320664,1.836000,0.7507,0,0.215466,0.045919,1.744000,0.9646,0,-0.462165,-0.468871,1.836000,0.9894,0,0.064720,0.070172,1.705000,0.9986,0,-0.108275,0.079935,1.734000,0.9984,0
423,14.110307,1,0.111701,-0.367217,1.783000,0.9999,0,-0.187110,-0.363258,1.778000,0.9998,0,0.176264,-0.143980,1.783000,0.9231,0,-0.361059,-0.314202,1.799000,0.7537,0,0.211883,0.039505,1.715000,0.9655,0,-0.491113,-0.501454,1.951000,0.9895,0,0.064568,0.067205,1.701000,0.9986,0,-0.105902,0.069801,1.696000,0.9984,0
424,14.143664,1,0.113643,-0.376590,1.814000,0.9999,0,-0.185532,-0.360193,1.763000,0.9997,0,0.181310,-0.148648,1.804000,0.9244,0,-0.362063,-0.315075,1.804000,0.7564,0,0.214302,0.040496,1.758000,0.9662,0,-0.464934,-0.471681,1.847000,0.9897,0,0.067368,0.064403,1.701000,0.9986,0,-0.107184,0.075463,1.763000,0.9984,0
425,14.177022,1,0.111388,-0.369116,1.778000,0.9999,0,-0.186058,-0.358302,1.768000,0.9998,0,0.180304,-0.147824,1.794000,0.9225,0,-0.360056,-0.313329,1.794000,0.7541,0,0.209061,0.050806,1.715000,0.9648,0,-0.463423,-0.470148,1.841000,0.9897,0,0.067724,0.067560,1.710000,0.9986,0,-0.104266,0.073409,1.715000,0.9984,0
426,14.210379,1,0.110135,-0.362068,1.758000,0.9999,0,-0.186584,-0.359315,1.773000,0.9998,0,0.178696,-0.146505,1.778000,0.9208,0,-0.361059,-0.314202,1.799000,0.7570,0,0.215960,0.048904,1.748000,0.9644,0,-0.492623,-0.506220,1.957000,0.9901,0,0.065903,0.065743,1.664000,0.9987,0,-0.103415,0.072809,1.701000,0.9984,0
427,14.243737,1,0.113330,-0.372571,1.809000,0.9999,0,-0.188794,-0.363571,1.794000,0.9998,0,0.175279,-0.143704,1.744000,0.9211,0,-0.352831,-0.307041,1.758000,0.7584,0,0.219049,0.049604,1.773000,0.9648,0,-0.471730,-0.481663,1.874000,0.9900,0,0.068477,0.068311,1.729000,0.9987,0,-0.107963,0.074008,1.729000,0.9984,0
428,14.277094,1,0.113330,-0.372571,1.809000,0.9999,0,-0.186584,-0.359315,1.773000,0.9998,0,0.178696,-0.146505,1.778000,0.9219,0,-0.360056,-0.313329,1.794000,0.7591,0,0.217814,0.046419,1.763000,0.9650,0,-0.464934,-0.477766,1.847000,0.9900,0,0.068873,0.068706,1.739000,0.9987,0,-0.105902,0.072595,1.696000,0.9984,0
429,14.310451,1,0.113675,-0.373704,1.814500,0.9999,0,-0.191530,-0.368840,1.820000,0.9998,0,0.174777,-0.143292,1.739000,0.9207,0,-0.366278,-0.318743,1.825000,0.7590,0,0.214848,0.045788,1.739000,0.9640,0,-0.487841,-0.504498,1.938000,0.9897,0,0.068675,0.071365,1.734000,0.9987,0,-0.108899,0.077523,1.744000,0.9984,0
430,14.343809,1,0.114332,-0.375867,1.825000,0.9999,0,-0.188163,-0.365301,1.788000,0.9998,0,0.175279,-0.143704,1.744000,0.9171,0,-0.370693,-0.322585,1.847000,0.7598,0,0.211883,0.039505,1.715000,0.9620,0,-0.464934,-0.477766,1.847000,0.9897,0,0.067368,0.067205,1.701000,0.9987,0,-0.103962,0.073195,1.710000,0.9985,0
431,14.377166,1,0.111075,-0.365157,1.773000,0.9999,0,-0.189320,-0.367548,1.799000,0.9998,0,0.181812,-0.146080,1.809000,0.9180,0,-0.365274,-0.317870,1.820000,0.7574,0,0.210648,0.058936,1.705000,0.9619,0,-0.455368,-0.467936,1.809000,0.9898,0,0.067170,0.067007,1.696000,0.9987,0,-0.108275,0.077078,1.734000,0.9985,0
432,14.410524,1,0.114332,-0.375867,1.825000,0.9999,0,-0.188163,-0.365301,1.788000,0.9998,0,0.178835,-0.146080,1.809000,0.9165,0,-0.367281,-0.319616,1.830000,0.7599,0,0.212501,0.053788,1.720000,0.9616,0,-0.483561,-0.496908,1.921000,0.9899,0,0.069824,0.069654,1.763000,0.9987,0,-0.108899,0.077523,1.744000,0.9985,0
433,14.443882,1,0.111701,-0.367217,1.783000,0.9999,0,-0.188163,-0.365301,1.788000,0.9998,0,0.180911,-0.147775,1.830000,0.9161,0,-0.378520,-0.329397,1.886000,0.7560,0,0.208424,0.052756,1.687000,0.9617,0,-0.471730,-0.484750,1.874000,0.9897,0,0.067170,0.067007,1.696000,0.9987,0,-0.108587,0.077301,1.739000,0.9985,0
434,14.477240,1,0.115022,-0.378132,1.836000,0.9999,0,-0.187110,-0.363258,1.778000,0.9998,0,0.172804,-0.141154,1.748000,0.9178,0,-0.368485,-0.320664,1.836000,0.7562,0,0.214706,0.050806,1.715000,0.9632,0,-0.470472,-0.480378,1.869000,0.9897,0,0.067368,0.067205,1.701000,0.9987,0,-0.108275,0.077078,1.734000,0.9984,0
435,14.510598,1,0.111388,-0.366187,1.778000,0.9999,0,-0.185006,-0.359172,1.758000,0.9998,0,0.177846,-0.145272,1.799000,0.9178,0,-0.369489,-0.321537,1.841000,0.7594,0,0.212327,0.053037,1.696000,0.9624,0,-0.477520,-0.490700,1.897000,0.9900,0,0.069071,0.068904,1.744000,0.9987,0,-0.108899,0.077523,1.744000,0.9985,0
436,14.543956,1,0.110762,-0.364127,1.768000,0.9999,0,-0.188794,-0.366527,1.794000,0.9998,0,0.173299,-0.141557,1.753000,0.9178,0,-0.372901,-0.324507,1.858000,0.7631,0,0.215332,0.048121,1.720000,0.9622,0,-0.474751,-0.490961,1.886000,0.9902,0,0.068477,0.068311,1.729000,0.9987,0,-0.106464,0.075789,1.705000,0.9985,0
437,14.577314,1,0.113643,-0.373601,1.814000,0.9999,0,-0.190373,-0.369591,1.809000,0.9998,0,0.174287,-0.142365,1.763000,0.9181,0,-0.373904,-0.325380,1.863000,0.7637,0,0.220715,0.049324,1.763000,0.9628,0,-0.442530,-0.457640,1.758000,0.9903,0,0.066616,0.066454,1.682000,0.9987,0,-0.108587,0.077301,1.739000,0.9985,0
438,14.610673,1,0.111075,-0.365157,1.773000,0.9999,0,-0.188163,-0.362355,1.788000,0.9998,0,0.176264,-0.143980,1.783000,0.9184,0,-0.355841,-0.309661,1.773000,0.7672,0,0.220089,0.049184,1.758000,0.9627,0,-0.474398,-0.493825,1.897000,0.9905,0,0.065903,0.068484,1.664000,0.9987,0,-0.105340,0.074989,1.687000,0.9985,0
439,14.644031,1,0.111701,-0.367217,1.783000,0.9999,0,-0.196055,-0.380624,1.863000,0.9998,0,0.178835,-0.146080,1.809000,0.9176,0,-0.367281,-0.319616,1.830000,0.7701,0,0.215833,0.042552,1.724000,0.9624,0,-0.548041,-0.577897,2.206000,0.9906,0,0.067724,0.070378,1.710000,0.9987,0,-0.109149,0.077701,1.748000,0.9985,0
440,14.677389,1,0.111701,-0.367217,1.783000,0.9999,0,-0.185006,-0.359172,1.758000,0.9998,0,0.175770,-0.143576,1.778000,0.9190,0,-0.371696,-0.323459,1.852000,0.7774,0,0.215833,0.042552,1.724000,0.9631,0,-0.444684,-0.475207,1.814000,0.9908,0,0.066101,0.065941,1.669000,0.9987,0,-0.107651,0.076634,1.724000,0.9985,0
441,14.710747,1,0.112014,-0.368246,1.788000,0.9999,0,-0.190373,-0.369591,1.809000,0.9998,0,0.172804,-0.141154,1.748000,0.9185,0,-0.365274,-0.317870,1.820000,0.7834,0,0.217711,0.051517,1.739000,0.9623,0,-0.453021,-0.500282,1.886000,0.9909,0,0.061442,0.069637,1.692000,0.9987,0,-0.108899,0.077523,1.744000,0.9985,0
442,14.744106,1,0.111075,-0.368078,1.773000,0.9999,0,-0.185532,-0.360193,1.763000,0.9998,0,0.176264,-0.143980,1.783000,0.9194,0,-0.361059,-0.311238,1.799000,0.7846,0,0.219463,0.051932,1.753000,0.9616,0,-0.422616,-0.482837,1.809000,0.9890,0,0.062459,0.070789,1.720000,0.9987,0,-0.108899,0.080396,1.744000,0.9985,0
443,14.777464,1,0.112390,-0.369482,1.794000,0.9999,0,-0.189846,-0.368570,1.804000,0.9998,0,0.175770,-0.143576,1.778000,0.9193,0,-0.366278,-0.315736,1.825000,0.7899,0,0.219463,0.037492,1.753000,0.9617,0,-0.434956,-0.522072,1.944000,0.9888,0,0.061769,0.070007,1.701000,0.9987,0,-0.107963,0.082553,1.729000,0.9985,0
444,14.810822,1,0.111075,-0.365157,1.773000,0.9999,0,-0.202114,-0.386344,1.891000,0.9998,0,0.174287,-0.142365,1.763000,0.9184,0,-0.365274,-0.314871,1.820000,0.7972,0,0.223845,0.038241,1.788000,0.9617,0,-0.391557,-0.473464,1.763000,0.9889,0,0.062967,0.074222,1.734000,0.9987,0,-0.112347,0.089475,1.753000,0.9985,0
445,14.844180,1,0.111701,-0.367217,1.783000,0.9999,0,-0.193885,-0.370613,1.814000,0.9998,0,0.176759,-0.144384,1.788000,0.9183,0,-0.362063,-0.312103,1.804000,0.8053,0,0.215833,0.036872,1.724000,0.9617,0,-0.414448,-0.501788,1.880000,0.9894,0,0.064379,0.075389,1.696000,0.9987,0,-0.111770,0.091888,1.744000,0.9985,0
446,14.877539,1,0.108945,-0.358155,1.739000,0.9999,0,-0.192816,-0.365598,1.804000,0.9998,0,0.176759,-0.144384,1.788000,0.9170,0,-0.363009,-0.313329,1.794000,0.8126,0,0.221341,0.043638,1.768000,0.9607,0,-0.404748,-0.496093,1.836000,0.9897,0,0.065821,0.079935,1.734000,0.9986,0,-0.107651,0.093675,1.724000,0.9985,0
447,14.910897,1,0.111388,-0.366187,1.778000,0.9999,0,-0.188434,-0.357289,1.763000,0.9998,0,0.177846,-0.142308,1.799000,0.9179,0,-0.357748,-0.311700,1.768000,0.8147,0,0.211266,0.053475,1.710000,0.9606,0,,,,0.9894,2,0.061079,0.080309,1.682000,0.9986,0,-0.112026,0.094979,1.748000,0.9985,0
448,14.944255,1,0.112704,-0.370512,1.799000,0.9999,0,-0.192281,-0.364585,1.799000,0.9998,0,0.179701,-0.138493,1.788000,0.9115,0,-0.369021,-0.318929,1.809000,0.8168,0,0.213454,0.064554,1.705000,0.9544,0,-0.440550,-0.548249,1.969000,0.9897,0,0.062785,0.085401,1.729000,0.9986,0,-0.111450,0.094490,1.739000,0.9985,0
449,14.977613,1,0.112546,-0.360523,1.750500,0.9999,0,-0.187365,-0.355262,1.753000,0.9998,0,0.175681,-0.135394,1.748000,0.9113,0,-0.368001,-0.321019,1.804000,0.8189,0,0.209536,0.064213,1.696000,0.9545,0,-0.429613,-0.521773,1.852000,0.9900,0,0.061914,0.084216,1.705000,0.9986,0,-0.109014,0.092425,1.701000,0.9985,0
450,15.010971,1,0.113993,-0.365157,1.773000,0.9999,0,-0.187637,-0.361342,1.783000,0.9998,0,0.181812,-0.140119,1.809000,0.9088,0,-0.370041,-0.325787,1.814000,0.8119,0,0.208424,0.061093,1.687000,0.9534,0,,,,0.9898,2,0.062785,0.085401,1.729000,0.9986,0,-0.113949,0.093680,1.778000,0.9985,0
451,15.044330,1,0.115665,-0.370512,1.799000,0.9999,0,-0.189846,-0.368570,1.804000,0.9998,0,0.176759,-0.138493,1.788000,0.9096,0,-0.374529,-0.329738,1.836000,0.8078,0,0.211883,0.053632,1.715000,0.9545,0,-0.457079,-0.502306,1.804000,0.9899,0,0.058796,0.083771,1.696000,0.9986,0,-0.117204,0.093943,1.783000,0.9985,0
452,15.077688,1,0.116308,-0.372571,1.809000,0.9999,0,-0.181428,-0.352225,1.724000,0.9998,0,0.174287,-0.136556,1.763000,0.9078,0,-0.376909,-0.329935,1.804000,0.8048,0,0.215960,0.048904,1.748000,0.9538,0,-0.495081,-0.517326,1.869000,0.9899,0,0.061914,0.084216,1.705000,0.9986,0,-0.112734,0.090360,1.715000,0.9985,0
453,15.111046,1,0.117015,-0.374837,1.820000,0.9999,0,-0.187637,-0.364279,1.783000,0.9998,0,0.171914,-0.134697,1.739000,0.9078,0,-0.381786,-0.334948,1.799000,0.8038,0,0.212995,0.051073,1.724000,0.9528,0,-0.510515,-0.499118,1.836000,0.9899,0,0.059108,0.084216,1.705000,0.9986,0,-0.113983,0.091362,1.734000,0.9985,0
454,15.144405,1,0.116629,-0.370613,1.814000,0.9999,0,-0.192281,-0.367548,1.799000,0.9997,0,0.176264,-0.138105,1.783000,0.9079,0,-0.379594,-0.328332,1.748000,0.7954,0,0.210575,0.049829,1.682000,0.9504,0,-0.527036,-0.482775,1.820000,0.9876,0,0.059454,0.084710,1.715000,0.9986,0,-0.113654,0.093946,1.729000,0.9985,0
455,15.177763,1,0.114636,-0.364279,1.783000,0.9999,0,-0.192816,-0.368570,1.804000,0.9997,0,0.170432,-0.133535,1.724000,0.9094,0,-0.396913,-0.340729,1.814000,0.7949,0,0.214706,0.050806,1.715000,0.9485,0,-0.569864,-0.489117,1.903000,0.9861,0,0.056797,0.087790,1.720000,0.9986,0,-0.118454,0.095522,1.758000,0.9985,0
456,15.211121,1,0.114314,-0.363258,1.778000,0.9999,0,-0.196328,-0.369591,1.809000,0.9997,0,0.177691,-0.136944,1.768000,0.9070,0,-0.408947,-0.347981,1.869000,0.8014,0,0.214080,0.059109,1.710000,0.9361,0,-0.584908,-0.458377,1.932000,0.9850,0,0.056301,0.087025,1.705000,0.9986,0,-0.118117,0.095250,1.753000,0.9985,0
457,15.244479,1,0.114957,-0.365301,1.788000,0.9999,0,-0.201619,-0.370867,1.830000,0.9997,0,0.179069,-0.135782,1.753000,0.8978,0,-0.405327,-0.339789,1.825000,0.8038,0,0.214080,0.064743,1.710000,0.9071,0,-0.566751,-0.399037,1.794000,0.9818,0,0.059281,0.092914,1.710000,0.9985,0,-0.113670,0.100002,1.687000,0.9985,0
458,15.277837,1,0.114957,-0.365301,1.788000,0.9999,0,-0.210893,-0.379109,1.886000,0.9997,0,0.179982,-0.134310,1.734000,0.9018,0,-0.401868,-0.329031,1.783000,0.8048,0,0.214706,0.062107,1.715000,0.9093,0,-0.602220,-0.385941,1.830000,0.9726,0,0.057686,0.095897,1.664000,0.9986,0,-0.120381,0.106254,1.744000,0.9985,0
459,15.311196,1,0.115986,-0.368570,1.804000,0.9999,0,-0.201743,-0.357400,1.778000,0.9997,0,0.181112,-0.137331,1.773000,0.8960,0,-0.432047,-0.351176,1.903000,0.8010,0,0.218337,0.063158,1.744000,0.8932,0,-0.605912,-0.364636,1.814000,0.9578,0,0.060286,0.103084,1.739000,0.9986,0,-0.119346,0.108188,1.729000,0.9985,0
460,15.344554,1,0.110843,-0.352225,1.724000,0.9999,0,-0.205260,-0.363631,1.809000,0.9996,0,0.180091,-0.136556,1.763000,0.8992,0,-0.447528,-0.357917,1.957000,0.7987,0,0.212327,0.055831,1.696000,0.8967,0,-0.591142,-0.324708,1.744000,0.9445,0,0.050570,0.100832,1.701000,0.9986,0,-0.124241,0.110003,1.758000,0.9985,0
461,15.377912,1,0.114340,-0.351412,1.734000,0.9999,0,-0.209504,-0.365842,1.820000,0.9996,0,0.186729,-0.139345,1.799000,0.8975,0,-0.407738,-0.311408,1.783000,0.7980,0,0.215332,0.062288,1.720000,0.8861,0,-0.601427,-0.299658,1.783000,0.9308,0,0.053652,0.101365,1.710000,0.9986,0,-0.121839,0.107875,1.724000,0.9985,0
462,15.411271,1,0.113680,-0.349385,1.724000,0.9999,0,-0.210655,-0.367852,1.830000,0.9996,0,0.186729,-0.142308,1.799000,0.9020,0,-0.428548,-0.324214,1.874000,0.8018,0,0.214706,0.039505,1.715000,0.8915,0,-0.634744,-0.289772,1.891000,0.9290,0,0.047517,0.100298,1.692000,0.9986,0,-0.124948,0.110629,1.768000,0.9986,0
463,15.444629,1,0.115263,-0.354249,1.748000,0.9999,0,-0.207086,-0.361621,1.799000,0.9996,0,0.182644,-0.141438,1.788000,0.9026,0,-0.406594,-0.304676,1.778000,0.8057,0,0.219305,0.039828,1.729000,0.8916,0,-0.594285,-0.256315,1.788000,0.9268,0,0.047770,0.100832,1.701000,0.9987,0,-0.123664,0.106999,1.710000,0.9986,0
464,15.477987,1,0.119615,-0.367624,1.814000,0.9999,0,-0.208238,-0.363631,1.809000,0.9996,0,0.185587,-0.141438,1.788000,0.9010,0,-0.424031,-0.309406,1.841000,0.8077,0,0.222349,0.049044,1.753000,0.8850,0,-0.616700,-0.247033,1.874000,0.9234,0,0.051135,0.101958,1.720000,0.9987,0,-0.127135,0.110003,1.758000,0.9987,0
465,15.511345,1,0.117571,-0.361342,1.783000,0.9999,0,-0.205820,-0.359410,1.788000,0.9996,0,0.185587,-0.138493,1.788000,0.8906,0,-0.417342,-0.300704,1.825000,0.8062,0,0.222349,0.051932,1.753000,0.8601,0,-0.599208,-0.223144,1.830000,0.9151,0,0.052562,0.104803,1.768000,0.9988,0,-0.126412,0.109377,1.748000,0.9988,0
466,15.544703,1,0.116252,-0.357289,1.763000,0.9999,0,-0.210079,-0.366847,1.825000,0.9997,0,0.182992,-0.139461,1.763000,0.8954,0,-0.398819,-0.281611,1.744000,0.8091,0,0.224078,0.037300,1.744000,0.8672,0,-0.585456,-0.206241,1.788000,0.9138,0,0.048023,0.101365,1.710000,0.9988,0,-0.124387,0.107625,1.720000,0.9988,0
467,15.578061,1,0.118296,-0.363571,1.794000,0.9999,0,-0.212612,-0.371269,1.847000,0.9997,0,0.185068,-0.141043,1.783000,0.8947,0,-0.409571,-0.288328,1.804000,0.8133,0,0.221508,0.048233,1.724000,0.8649,0,-0.587998,-0.206251,1.814000,0.9132,0,0.053087,0.100298,1.692000,0.9989,0,-0.124676,0.107875,1.724000,0.9989,0
468,15.611419,1,0.116581,-0.358302,1.768000,0.9999,0,-0.209504,-0.365842,1.820000,0.9997,0,0.187248,-0.142704,1.804000,0.8948,0,-0.410208,-0.284889,1.820000,0.8174,0,0.216754,0.047198,1.687000,0.8659,0,-0.598695,-0.203918,1.847000,0.9145,0,0.052648,0.099468,1.678000,0.9989,0,-0.126122,0.106254,1.744000,0.9989,0
469,15.644777,1,0.119615,-0.367624,1.814000,0.9999,0,-0.211346,-0.369058,1.836000,0.9997,0,0.186729,-0.142308,1.799000,0.8923,0,-0.406602,-0.282384,1.804000,0.8221,0,0.222150,0.054069,1.729000,0.8593,0,-0.595129,-0.205728,1.836000,0.9146,0,0.052930,0.100002,1.687000,0.9989,0,-0.129304,0.108934,1.788000,0.9989,0
470,15.678135,1,0.116252,-0.357289,1.763000,0.9999,0,-0.205245,-0.358405,1.783000,0.9997,0,0.185068,-0.141043,1.783000,0.8873,0,-0.407729,-0.283167,1.809000,0.8202,0,0.225647,0.054226,1.734000,0.8484,0,-0.620736,-0.217735,1.915000,0.9103,0,0.058796,0.100535,1.696000,0.9989,0,-0.123888,0.106802,1.753000,0.9990,0
471,15.711493,1,0.118626,-0.364585,1.799000,0.9999,0,-0.209504,-0.365842,1.820000,0.9997,0,0.186210,-0.144868,1.794000,0.8877,0,-0.397361,-0.275966,1.763000,0.8187,0,0.226948,0.040173,1.744000,0.8501,0,-0.591563,-0.213515,1.825000,0.9078,0,0.057424,0.103084,1.739000,0.9990,0,-0.126008,0.108630,1.783000,0.9990,0
472,15.744851,1,0.115263,-0.354249,1.748000,0.9999,0,-0.211346,-0.369058,1.836000,0.9997,0,0.188530,-0.144384,1.788000,0.8817,0,-0.413814,-0.287393,1.836000,0.8214,0,0.232322,0.052228,1.763000,0.8347,0,-0.598695,-0.222174,1.847000,0.9076,0,0.064379,0.100535,1.696000,0.9990,0,-0.116837,0.105645,1.734000,0.9990,0
473,15.778209,1,0.117241,-0.360329,1.778000,0.9999,0,-0.205820,-0.359410,1.788000,0.9997,0,0.187767,-0.146080,1.809000,0.8847,0,-0.413814,-0.287393,1.836000,0.8187,0,0.221714,0.054663,1.748000,0.8407,0,-0.589943,-0.221925,1.820000,0.9060,0,0.058657,0.100298,1.692000,0.9990,0,-0.124241,0.107107,1.758000,0.9991,0
474,15.811567,1,0.118296,-0.363571,1.794000,0.9999,0,-0.205245,-0.358405,1.783000,0.9997,0,0.181435,-0.141154,1.748000,0.8883,0,-0.407729,-0.289127,1.809000,0.8184,0,0.223435,0.054382,1.739000,0.8469,0,-0.592938,-0.230920,1.820000,0.9054,0,0.058484,0.100002,1.687000,0.9990,0,-0.125301,0.108021,1.773000,0.9990,0
475,15.844925,1,0.118296,-0.363571,1.794000,0.9999,0,-0.213187,-0.372275,1.852000,0.9997,0,0.188003,-0.143980,1.783000,0.8877,0,-0.418773,-0.296959,1.858000,0.8163,0,0.224078,0.054538,1.744000,0.8448,0,-0.582513,-0.247478,1.788000,0.9042,0,0.058310,0.099705,1.682000,0.9990,0,-0.122899,0.108814,1.739000,0.9991,0
476,15.878283,1,0.117241,-0.360329,1.778000,0.9999,0,-0.205820,-0.359410,1.788000,0.9997,0,0.185894,-0.142365,1.763000,0.8933,0,-0.413814,-0.296467,1.836000,0.8155,0,0.227804,0.052524,1.773000,0.8531,0,-0.590984,-0.271996,1.814000,0.9035,0,0.053369,0.100832,1.701000,0.9990,0,-0.128220,0.108021,1.773000,0.9991,0
477,15.911641,1,0.119285,-0.366611,1.809000,0.9999,0,-0.208813,-0.364636,1.814000,0.9997,0,0.189163,-0.144868,1.794000,0.8972,0,-0.407212,-0.293883,1.820000,0.8088,0,0.223435,0.054382,1.739000,0.8584,0,-0.608377,-0.293898,1.858000,0.8919,0,0.053087,0.097511,1.692000,0.9990,0,-0.129304,0.108934,1.788000,0.9990,0
478,15.944999,1,0.120340,-0.369854,1.825000,0.9999,0,-0.209504,-0.365842,1.820000,0.9996,0,0.186421,-0.142769,1.768000,0.8929,0,-0.411911,-0.297274,1.841000,0.8002,0,0.217910,0.061419,1.696000,0.8447,0,-0.598930,-0.305877,1.820000,0.8783,0,0.053652,0.098548,1.710000,0.9990,0,-0.127496,0.107411,1.763000,0.9990,0
479,15.978357,1,0.115922,-0.356276,1.758000,0.9999,0,-0.208238,-0.363631,1.809000,0.9996,0,0.188530,-0.144384,1.788000,0.8946,0,-0.436523,-0.315037,1.951000,0.7972,0,0.220994,0.059455,1.720000,0.8461,0,-0.602220,-0.328660,1.830000,0.8746,0,0.053809,0.098836,1.715000,0.9990,0,-0.125038,0.105340,1.729000,0.9990,0
480,16.011715,1,0.116252,-0.360193,1.763000,0.9999,0,-0.200608,-0.355390,1.768000,0.9996,0,0.188909,-0.146968,1.820000,0.8915,0,-0.403632,-0.297244,1.804000,0.7976,0,0.221508,0.059593,1.724000,0.8395,0,-0.609460,-0.357020,1.852000,0.8745,0,0.056301,0.098260,1.705000,0.9990,0,-0.120849,0.104182,1.710000,0.9990,0
481,16.045073,1,0.112386,-0.357129,1.748000,0.9999,0,-0.204693,-0.362626,1.804000,0.9996,0,0.180601,-0.142769,1.768000,0.8932,0,-0.407212,-0.302878,1.820000,0.7994,0,0.223435,0.051517,1.739000,0.8428,0,-0.561085,-0.342726,1.705000,0.8774,0,0.053213,0.100535,1.696000,0.9989,0,-0.126008,0.108630,1.783000,0.9989,0
482,16.078432,1,0.117015,-0.371839,1.820000,0.9999,0,-0.204125,-0.361621,1.799000,0.9996,0,0.184279,-0.145676,1.804000,0.8946,0,-0.411324,-0.311255,1.852000,0.8030,0,0.215119,0.050243,1.696000,0.8478,0,-0.604362,-0.392133,1.874000,0.8852,0,0.056301,0.098260,1.705000,0.9989,0,-0.121693,0.107411,1.763000,0.9989,0
483,16.111790,1,0.115986,-0.368570,1.804000,0.9999,0,-0.208891,-0.370063,1.841000,0.9996,0,0.183511,-0.142769,1.768000,0.8993,0,-0.426648,-0.329180,1.921000,0.8042,0,0.221714,0.048904,1.748000,0.8583,0,-0.574374,-0.404740,1.847000,0.8942,0,0.056301,0.098260,1.705000,0.9989,0,-0.120658,0.106497,1.748000,0.9989,0
484,16.145148,1,0.117336,-0.372860,1.825000,0.9999,0,-0.205260,-0.360651,1.809000,0.9996,0,0.178558,-0.135394,1.748000,0.9004,0,-0.397110,-0.309335,1.788000,0.8014,0,0.218337,0.054538,1.744000,0.8609,0,-0.571679,-0.434698,1.858000,0.8956,0,0.058484,0.097223,1.687000,0.9988,0,-0.115232,0.109690,1.753000,0.9988,0
485,16.178506,1,0.113350,-0.360193,1.763000,0.9999,0,-0.209572,-0.368227,1.847000,0.9996,0,0.181623,-0.134789,1.778000,0.9050,0,-0.390447,-0.309937,1.758000,0.7898,0,0.213454,0.070172,1.705000,0.8715,0,-0.563511,-0.450189,1.871500,0.9035,0,0.060113,0.099931,1.734000,0.9988,0,-0.119128,0.110629,1.768000,0.9988,0
486,16.211864,1,0.115665,-0.367548,1.799000,0.9999,0,-0.208891,-0.367031,1.841000,0.9996,0,0.181112,-0.134410,1.773000,0.9066,0,-0.404748,-0.323689,1.836000,0.7829,0,0.211201,0.063873,1.687000,0.8805,0,-0.513494,-0.436924,1.804000,0.9118,0,0.062277,0.098836,1.715000,0.9988,0,-0.117780,0.109377,1.748000,0.9987,0
487,16.245222,1,0.114957,-0.365301,1.788000,0.9999,0,-0.202842,-0.364636,1.814000,0.9996,0,0.183768,-0.136381,1.799000,0.9044,0,-0.393631,-0.317166,1.799000,0.7794,0,0.216459,0.065463,1.729000,0.8851,0,-0.530627,-0.478533,1.886000,0.9197,0,0.064568,0.095227,1.701000,0.9987,0,-0.108117,0.105560,1.687000,0.9987,0
488,16.278580,1,0.115343,-0.366527,1.794000,0.9999,0,-0.196870,-0.364636,1.814000,0.9996,0,0.179069,-0.138670,1.753000,0.9043,0,-0.395683,-0.326713,1.836000,0.7725,0,0.213613,0.059766,1.729000,0.8921,0,-0.498648,-0.463671,1.804000,0.9268,0,0.064720,0.092642,1.705000,0.9987,0,-0.109271,0.101069,1.705000,0.9986,0
489,16.311938,1,0.113993,-0.362236,1.773000,0.9999,0,-0.192963,-0.357400,1.778000,0.9996,0,0.180091,-0.136556,1.763000,0.9037,0,-0.384748,-0.320129,1.799000,0.7712,0,0.209536,0.055831,1.696000,0.8979,0,-0.492438,-0.490114,1.825000,0.9331,0,0.066259,0.088148,1.673000,0.9987,0,-0.113308,0.101891,1.768000,0.9986,0
490,16.345296,1,0.115343,-0.366527,1.794000,0.9999,0,-0.195242,-0.361621,1.799000,0.9996,0,0.178194,-0.137331,1.773000,0.8980,0,-0.389239,-0.329863,1.820000,0.7740,0,0.213613,0.059766,1.729000,0.8987,0,-0.473115,-0.500765,1.820000,0.9391,0,0.065903,0.087673,1.664000,0.9987,0,-0.109461,0.101026,1.753000,0.9986,0
491,16.378654,1,0.116308,-0.369591,1.809000,0.9999,0,-0.192421,-0.356395,1.773000,0.9997,0,0.180807,-0.139345,1.799000,0.8955,0,-0.383248,-0.326865,1.820000,0.7741,0,0.210158,0.059593,1.724000,0.9023,0,,,,0.9441,2,0.066101,0.085187,1.669000,0.9987,0,-0.108275,0.099931,1.734000,0.9986,0
492,16.412012,1,0.113350,-0.360193,1.763000,0.9999,0,-0.195242,-0.361621,1.799000,0.9997,0,0.178696,-0.137718,1.778000,0.8971,0,-0.378998,-0.325787,1.814000,0.7816,0,0.212596,0.060285,1.744000,0.9080,0,-0.438046,-0.500914,1.799000,0.9487,0,0.064379,0.086565,1.696000,0.9987,0,-0.109149,0.100738,1.748000,0.9986,0
493,16.445371,1,0.115343,-0.366527,1.794000,0.9999,0,-0.191878,-0.352477,1.768000,0.9997,0,0.179199,-0.135168,1.783000,0.8914,0,-0.376909,-0.323991,1.804000,0.7884,0,0.209061,0.062107,1.715000,0.9069,0,-0.427639,-0.509685,1.830500,0.9527,0,0.065821,0.088505,1.734000,0.9986,0,-0.108587,0.100219,1.739000,0.9986,0
494,16.478729,1,0.112096,-0.356209,1.743500,0.9999,0,-0.198064,-0.366847,1.825000,0.9997,0,0.178835,-0.137139,1.809000,0.8916,0,-0.375864,-0.326057,1.799000,0.7959,0,0.205669,0.065652,1.734000,0.9097,0,-0.421831,-0.514281,1.858000,0.9564,0,0.064227,0.086361,1.692000,0.9986,0,-0.112667,0.101314,1.758000,0.9986,0
495,16.512087,1,0.115665,-0.367548,1.799000,0.9999,0,-0.194049,-0.359410,1.788000,0.9997,0,0.179199,-0.135168,1.783000,0.8949,0,-0.370432,-0.318424,1.773000,0.8007,0,0.211986,0.077301,1.739000,0.9143,0,-0.392112,-0.485769,1.765500,0.9593,0,0.064720,0.089834,1.705000,0.9986,0,-0.109591,0.101365,1.710000,0.9985,0
496,16.545445,1,0.113993,-0.362236,1.773000,0.9999,0,-0.198064,-0.366847,1.825000,0.9997,0,0.179199,-0.135168,1.783000,0.9016,0,-0.370623,-0.321117,1.788000,0.8084,0,0.206855,0.074650,1.744000,0.9212,0,-0.396592,-0.489059,1.799000,0.9626,0,0.064037,0.088885,1.687000,0.9986,0,-0.111450,0.103084,1.739000,0.9986,0
497,16.578803,1,0.113993,-0.362236,1.773000,0.9999,0,-0.191878,-0.355390,1.768000,0.9997,0,0.175681,-0.132515,1.748000,0.9039,0,-0.372903,-0.323093,1.799000,0.8141,0,0.208515,0.075249,1.758000,0.9256,0,-0.422732,-0.525215,1.932000,0.9655,0,0.062367,0.086567,1.643000,0.9987,0,-0.112347,0.103914,1.753000,0.9986,0
498,16.612161,1,0.112390,-0.366527,1.794000,0.9999,0,-0.192963,-0.357400,1.778000,0.9997,0,0.177691,-0.134031,1.768000,0.9068,0,-0.372903,-0.323093,1.799000,0.8205,0,0.206238,0.073409,1.715000,0.9297,0,-0.401221,-0.491770,1.820000,0.9683,0,0.066201,0.091888,1.744000,0.9986,0,-0.114312,0.103084,1.739000,0.9986,0
499,16.645520,1,0.110448,-0.360193,1.763000,0.9999,0,-0.192963,-0.357400,1.778000,0.9997,0,0.181310,-0.136760,1.804000,0.9081,0,-0.363568,-0.317526,1.768000,0.8267,0,0.207320,0.076634,1.724000,0.9317,0,-0.399319,-0.493121,1.825000,0.9708,0,0.067368,0.089623,1.701000,0.9986,0,-0.116547,0.108021,1.773000,0.9986,0
500,16.678878,1,0.111388,-0.363258,1.778000,0.9999,0,-0.192421,-0.356395,1.773000,0.9997,0,0.179701,-0.135547,1.788000,0.9118,0,-0.370971,-0.323991,1.804000,0.8322,0,0.209725,0.077523,1.744000,0.9360,0,-0.399898,-0.490149,1.814000,0.9729,0,0.067724,0.090097,1.710000,0.9986,0,-0.115232,0.106802,1.753000,0.9985,0
501,16.712236,1,0.114646,-0.373882,1.830000,0.9999,0,-0.192421,-0.356395,1.773000,0.9997,0,0.178696,-0.134789,1.778000,0.9104,0,-0.373027,-0.325787,1.814000,0.8341,0,0.212010,0.069654,1.763000,0.9372,0,-0.397694,-0.487447,1.804000,0.9745,0,0.067170,0.092153,1.696000,0.9986,0,-0.111770,0.106254,1.744000,0.9985,0
502,16.745594,1,0.111388,-0.363258,1.778000,0.9999,0,-0.200517,-0.365842,1.820000,0.9997,0,0.178194,-0.134410,1.773000,0.9135,0,-0.364596,-0.318424,1.773000,0.8363,0,0.207320,0.070954,1.724000,0.9406,0,-0.401221,-0.494768,1.820000,0.9757,0,0.068279,0.093675,1.724000,0.9986,0,-0.112667,0.107107,1.758000,0.9985,0
503,16.778952,1,0.111701,-0.364279,1.783000,0.9999,0,-0.199856,-0.364636,1.814000,0.9997,0,0.179199,-0.135168,1.783000,0.9128,0,-0.375864,-0.326057,1.799000,0.8401,0,0.210767,0.068311,1.729000,0.9423,0,-0.395999,-0.490584,1.783000,0.9772,0,0.068848,0.090686,1.669000,0.9986,0,-0.113629,0.110941,1.773000,0.9985,0
504,16.812311,1,0.115178,-0.375618,1.838500,0.9999,0,-0.198754,-0.362626,1.804000,0.9997,0,0.183420,-0.138352,1.825000,0.9165,0,-0.378998,-0.328775,1.814000,0.8422,0,0.211377,0.071365,1.734000,0.9454,0,-0.411335,-0.505147,1.825000,0.9782,0,0.065744,0.090197,1.660000,0.9986,0,-0.108437,0.105873,1.692000,0.9985,0
505,16.845669,1,0.113643,-0.370613,1.814000,0.9999,0,-0.196441,-0.358405,1.783000,0.9997,0,0.174781,-0.136944,1.768000,0.9181,0,-0.380252,-0.329863,1.820000,0.8443,0,0.209670,0.053788,1.720000,0.9483,0,-0.407300,-0.499522,1.794000,0.9792,0,0.064379,0.092153,1.696000,0.9986,0,-0.111450,0.105949,1.739000,0.9984,0
506,16.879027,1,0.112390,-0.366527,1.794000,0.9999,0,-0.198754,-0.362626,1.804000,0.9997,0,0.181812,-0.140119,1.809000,0.9135,0,-0.378998,-0.328775,1.814000,0.8486,0,0.210648,0.061745,1.705000,0.9437,0,-0.419112,-0.505433,1.794000,0.9802,0,0.066616,0.091393,1.682000,0.9986,0,-0.113308,0.110629,1.768000,0.9985,0
507,16.912385,1,0.111701,-0.364279,1.783000,0.9999,0,-0.195785,-0.362626,1.804000,0.9997,0,0.181112,-0.140252,1.773000,0.9142,0,-0.373566,-0.324063,1.788000,0.8468,0,0.214848,0.060112,1.739000,0.9458,0,-0.423477,-0.493795,1.763000,0.9815,0,0.067368,0.092425,1.701000,0.9986,0,-0.110488,0.105035,1.724000,0.9985,0
508,16.945743,1,0.114332,-0.369854,1.825000,0.9999,0,-0.199258,-0.369058,1.836000,0.9997,0,0.177128,-0.131453,1.734000,0.9069,0,-0.382341,-0.331675,1.830000,0.8430,0,0.212995,0.065273,1.724000,0.9394,0,-0.480399,-0.538048,1.921000,0.9826,0,0.069427,0.095250,1.753000,0.9986,0,-0.115561,0.107107,1.758000,0.9985,0
509,16.979102,1,0.112704,-0.367548,1.799000,0.9999,0,-0.194700,-0.360616,1.794000,0.9997,0,0.178696,-0.137718,1.778000,0.9075,0,-0.373566,-0.321117,1.788000,0.8433,0,0.213613,0.056918,1.729000,0.9416,0,,,,0.9836,2,0.066259,0.088148,1.673000,0.9985,0,-0.116875,0.105396,1.778000,0.9985,0
510,17.012460,1,0.114636,-0.361342,1.783000,0.9999,0,-0.199258,-0.369058,1.836000,0.9997,0,0.177691,-0.136944,1.768000,0.9073,0,-0.385353,-0.331675,1.830000,0.8370,0,0.212995,0.053913,1.724000,0.9437,0,-0.493131,-0.531326,1.897000,0.9845,0,0.064227,0.089149,1.692000,0.9986,0,-0.115889,0.101603,1.763000,0.9985,0
511,17.045818,1,0.113671,-0.358302,1.768000,0.9999,0,-0.194700,-0.360616,1.794000,0.9997,0,0.183923,-0.141746,1.830000,0.9050,0,-0.380725,-0.325150,1.794000,0.8324,0,0.214231,0.059939,1.734000,0.9405,0,-0.467003,-0.470560,1.763000,0.9852,0,0.064227,0.089149,1.692000,0.9986,0,-0.113983,0.099931,1.734000,0.9985,0
512,17.079177,1,0.115343,-0.366527,1.794000,0.9999,0,-0.197521,-0.365842,1.820000,0.9997,0,0.177189,-0.136556,1.763000,0.9052,0,-0.392661,-0.332763,1.836000,0.8171,0,0.215960,0.060423,1.748000,0.9414,0,-0.504310,-0.489615,1.869000,0.9851,0,0.065100,0.090360,1.715000,0.9986,0,-0.114312,0.100219,1.739000,0.9985,0
513,17.112535,1,0.115986,-0.368570,1.804000,0.9999,0,-0.199305,-0.360651,1.809000,0.9997,0,0.178194,-0.137331,1.773000,0.9046,0,-0.393631,-0.326057,1.799000,0.8082,0,0.211266,0.056292,1.710000,0.9423,0,-0.503008,-0.467936,1.809000,0.9854,0,0.066011,0.091625,1.739000,0.9986,0,-0.116547,0.102179,1.773000,0.9985,0
514,17.145893,1,0.113029,-0.359172,1.758000,0.9999,0,-0.200517,-0.362844,1.820000,0.9997,0,0.177189,-0.136556,1.763000,0.9007,0,-0.396592,-0.326057,1.799000,0.8054,0,0.212995,0.056753,1.724000,0.9393,0,-0.516464,-0.454755,1.804000,0.9860,0,0.062670,0.086988,1.651000,0.9986,0,-0.113326,0.099355,1.724000,0.9985,0
515,17.179251,1,0.114957,-0.362355,1.788000,0.9999,0,-0.202842,-0.361648,1.814000,0.9997,0,0.179199,-0.138105,1.783000,0.8997,0,-0.405327,-0.330769,1.825000,0.7987,0,0.214080,0.056292,1.710000,0.9351,0,-0.528365,-0.443368,1.794000,0.9837,0,0.063505,0.093660,1.673000,0.9986,0,-0.115889,0.107411,1.763000,0.9985,0
516,17.212610,1,0.109509,-0.354249,1.748000,0.9999,0,-0.204072,-0.363841,1.825000,0.9997,0,0.178194,-0.140252,1.773000,0.9070,0,-0.402514,-0.326057,1.799000,0.7999,0,0.219463,0.040380,1.753000,0.9399,0,-0.553996,-0.437801,1.820000,0.9805,0,0.059766,0.096515,1.724000,0.9986,0,-0.115220,0.104182,1.710000,0.9984,0
517,17.245968,1,0.115343,-0.363571,1.794000,0.9999,0,-0.202283,-0.360651,1.809000,0.9997,0,0.177691,-0.139856,1.768000,0.9073,0,-0.403632,-0.323991,1.804000,0.8035,0,0.217085,0.042799,1.734000,0.9393,0,-0.555518,-0.420964,1.825000,0.9814,0,0.064568,0.095227,1.701000,0.9985,0,-0.113983,0.108501,1.734000,0.9984,0
518,17.279326,1,0.116629,-0.367624,1.814000,0.9999,0,-0.202877,-0.356464,1.788000,0.9997,0,0.181812,-0.140119,1.809000,0.9118,0,-0.416836,-0.329738,1.836000,0.8083,0,0.214848,0.060112,1.739000,0.9401,0,-0.561696,-0.395478,1.778000,0.9794,0,0.058969,0.095227,1.701000,0.9985,0,-0.120381,0.109127,1.744000,0.9984,0
519,17.312684,1,0.117658,-0.370867,1.830000,0.9999,0,-0.205260,-0.360651,1.809000,0.9997,0,0.186424,-0.141359,1.825000,0.9096,0,-0.414339,-0.327763,1.825000,0.8150,0,0.212501,0.062288,1.720000,0.9300,0,-0.593184,-0.394985,1.830000,0.9766,0,0.059628,0.099124,1.720000,0.9985,0,-0.121348,0.112899,1.758000,0.9984,0
520,17.346043,1,0.113029,-0.356276,1.758000,0.9999,0,-0.207643,-0.364837,1.830000,0.9997,0,0.179580,-0.139065,1.758000,0.9122,0,-0.407300,-0.319240,1.794000,0.8190,0,0.216578,0.049044,1.753000,0.9297,0,-0.611815,-0.384826,1.868500,0.9712,0,0.060460,0.103381,1.744000,0.9985,0,-0.123419,0.114826,1.788000,0.9984,0
521,17.379401,1,0.112707,-0.355262,1.753000,0.9999,0,-0.206511,-0.357660,1.794000,0.9996,0,0.184279,-0.142704,1.804000,0.9135,0,-0.419858,-0.323689,1.836000,0.8219,0,0.214706,0.042330,1.715000,0.9286,0,-0.600902,-0.358657,1.799000,0.9644,0,0.057094,0.102492,1.729000,0.9985,0,-0.125213,0.116495,1.814000,0.9984,0
522,17.412759,1,0.117336,-0.369854,1.825000,0.9999,0,-0.209504,-0.362844,1.820000,0.9996,0,0.177639,-0.137562,1.739000,0.9117,0,-0.413607,-0.311408,1.783000,0.8240,0,0.212953,0.044787,1.701000,0.9192,0,-0.614449,-0.338851,1.804000,0.9549,0,0.059940,0.102492,1.729000,0.9985,0,-0.124178,0.115532,1.799000,0.9984,0
523,17.446117,1,0.114314,-0.360329,1.778000,0.9999,0,-0.212499,-0.362844,1.820000,0.9996,0,0.183768,-0.142308,1.799000,0.9132,0,-0.397833,-0.299531,1.715000,0.8216,0,0.217085,0.045656,1.734000,0.9176,0,-0.630081,-0.324570,1.841000,0.9423,0,0.053966,0.101958,1.720000,0.9985,0,-0.125301,0.113862,1.773000,0.9984,0
524,17.479475,1,0.114636,-0.361342,1.783000,0.9999,0,-0.214367,-0.366034,1.836000,0.9996,0,0.188909,-0.143970,1.820000,0.9092,0,-0.420798,-0.313833,1.814000,0.8186,0,0.215833,0.051073,1.724000,0.9069,0,-0.611480,-0.294272,1.804000,0.9342,0,0.056004,0.100535,1.696000,0.9985,0,-0.124948,0.113541,1.768000,0.9985,0
525,17.512833,1,0.115343,-0.363571,1.794000,0.9999,0,-0.204094,-0.353474,1.773000,0.9996,0,0.178944,-0.139216,1.724000,0.9127,0,-0.426680,-0.317442,1.852500,0.8213,0,0.215119,0.041861,1.696000,0.9105,0,-0.607916,-0.284889,1.820000,0.9345,0,0.050837,0.101365,1.710000,0.9986,0,-0.127496,0.110316,1.763000,0.9985,0
526,17.546191,1,0.114957,-0.362355,1.788000,0.9999,0,-0.210655,-0.367852,1.830000,0.9996,0,0.183511,-0.142769,1.768000,0.9132,0,-0.436930,-0.325068,1.897000,0.8259,0,0.215753,0.044787,1.701000,0.9094,0,-0.595558,-0.273222,1.783000,0.9337,0,0.053087,0.097511,1.692000,0.9986,0,-0.125761,0.105949,1.739000,0.9986,0
527,17.579548,1,0.113671,-0.358302,1.768000,0.9999,0,-0.208763,-0.359410,1.788000,0.9996,0,0.184549,-0.143576,1.778000,0.9067,0,-0.414358,-0.305311,1.799000,0.8329,0,0.219463,0.051932,1.753000,0.8976,0,-0.594285,-0.265152,1.788000,0.9364,0,0.053087,0.100298,1.692000,0.9987,0,-0.128220,0.113862,1.773000,0.9986,0
528,17.612906,1,0.112707,-0.355262,1.753000,0.9999,0,-0.211799,-0.364636,1.814000,0.9996,0,0.185068,-0.143980,1.783000,0.9109,0,-0.426032,-0.313103,1.863000,0.8374,0,0.215119,0.044655,1.696000,0.9027,0,-0.579766,-0.259961,1.753000,0.9372,0,0.052365,0.098935,1.669000,0.9987,0,-0.126773,0.112578,1.753000,0.9987,0
529,17.646264,1,0.115665,-0.364585,1.799000,0.9999,0,-0.208763,-0.359410,1.788000,0.9996,0,0.185068,-0.143980,1.783000,0.9117,0,-0.408881,-0.297553,1.788000,0.8408,0,0.223174,0.045156,1.715000,0.9014,0,-0.591342,-0.262206,1.788000,0.9367,0,0.055872,0.100298,1.692000,0.9987,0,-0.129304,0.114826,1.788000,0.9987,0
530,17.679622,1,0.113671,-0.358302,1.768000,0.9999,0,-0.209504,-0.365842,1.820000,0.9997,0,0.181435,-0.141154,1.748000,0.9083,0,-0.397992,-0.288840,1.753000,0.8432,0,0.226948,0.051665,1.744000,0.8929,0,-0.586381,-0.260007,1.773000,0.9364,0,0.059628,0.101958,1.720000,0.9988,0,-0.123888,0.112578,1.753000,0.9987,0
531,17.712980,1,0.113671,-0.358302,1.768000,0.9999,0,-0.211346,-0.369058,1.836000,0.9997,0,0.186729,-0.145272,1.799000,0.9096,0,-0.415474,-0.301528,1.830000,0.8433,0,0.226297,0.051517,1.739000,0.8933,0,-0.590373,-0.266042,1.794000,0.9361,0,0.050689,0.098260,1.705000,0.9988,0,-0.127858,0.110629,1.768000,0.9988,0
532,17.746338,1,0.117336,-0.369854,1.825000,0.9999,0,-0.206511,-0.360616,1.794000,0.9997,0,0.188909,-0.146968,1.820000,0.9112,0,-0.424328,-0.307954,1.869000,0.8425,0,0.226519,0.052228,1.763000,0.8931,0,-0.580172,-0.264349,1.763000,0.9289,0,0.053369,0.098030,1.701000,0.9988,0,-0.124387,0.107625,1.720000,0.9988,0
533,17.779696,1,0.112707,-0.355262,1.753000,0.9999,0,-0.207086,-0.361621,1.799000,0.9996,0,0.189428,-0.147372,1.825000,0.9085,0,-0.420468,-0.302102,1.852000,0.8414,0,0.220994,0.056621,1.720000,0.8853,0,-0.578113,-0.264979,1.748000,0.9228,0,0.056301,0.098260,1.705000,0.9988,0,-0.125301,0.113862,1.773000,0.9988,0
534,17.813053,1,0.117015,-0.368840,1.820000,0.9999,0,-0.206511,-0.360616,1.794000,0.9996,0,0.183511,-0.142769,1.768000,0.9141,0,-0.400262,-0.287584,1.763000,0.8395,0,0.219709,0.042207,1.710000,0.8928,0,-0.597941,-0.275674,1.799000,0.9187,0,0.053213,0.100535,1.696000,0.9989,0,-0.125301,0.113862,1.773000,0.9988,0
535,17.846411,1,0.113350,-0.357289,1.763000,0.9999,0,-0.207086,-0.361621,1.799000,0.9996,0,0.180601,-0.142769,1.768000,0.9108,0,-0.403668,-0.287102,1.778000,0.8401,0,0.226519,0.043515,1.763000,0.8838,0,-0.597941,-0.281601,1.799000,0.9153,0,0.056929,0.099355,1.724000,0.9988,0,-0.123833,0.115211,1.794000,0.9988,0
536,17.879769,1,0.114957,-0.362355,1.788000,0.9999,0,-0.206508,-0.365842,1.820000,0.9996,0,0.184030,-0.146093,1.773000,0.9127,0,-0.397992,-0.283065,1.753000,0.8391,0,0.221714,0.043145,1.748000,0.8853,0,-0.601265,-0.292107,1.809000,0.9120,0,0.056631,0.098836,1.715000,0.9989,0,-0.119346,0.111037,1.729000,0.9988,0
537,17.913127,1,0.112386,-0.357129,1.748000,0.9999,0,-0.202877,-0.359410,1.788000,0.9996,0,0.184790,-0.146080,1.809000,0.9085,0,-0.401868,-0.287909,1.783000,0.8389,0,0.218670,0.053913,1.724000,0.8755,0,-0.579660,-0.293104,1.744000,0.9087,0,0.059281,0.098548,1.710000,0.9988,0,-0.124523,0.112881,1.804000,0.9988,0
538,17.946485,1,0.115986,-0.368570,1.804000,0.9999,0,-0.210139,-0.372275,1.852000,0.9996,0,0.180091,-0.142365,1.763000,0.9014,0,-0.404348,-0.289685,1.794000,0.8352,0,0.219463,0.057708,1.753000,0.8627,0,-0.588035,-0.310534,1.778000,0.9032,0,0.061914,0.098260,1.705000,0.9988,0,-0.115557,0.107312,1.715000,0.9988,0
539,17.979843,1,0.117658,-0.373882,1.830000,0.9999,0,-0.205260,-0.363631,1.809000,0.9996,0,0.180091,-0.145269,1.763000,0.9052,0,-0.401395,-0.292641,1.794000,0.8367,0,0.211266,0.053475,1.710000,0.8701,0,-0.563291,-0.313370,1.729000,0.9061,0,0.055707,0.097223,1.687000,0.9988,0,-0.115220,0.106999,1.710000,0.9988,0
540,18.013200,1,0.115335,-0.376129,1.841000,0.9999,0,-0.201723,-0.362626,1.804000,0.9996,0,0.181623,-0.146505,1.778000,0.9007,0,-0.399553,-0.293456,1.799000,0.8349,0,0.211827,0.052912,1.692000,0.8646,0,-0.566952,-0.324418,1.758000,0.9063,0,0.062785,0.099643,1.729000,0.9988,0,-0.112734,0.107312,1.715000,0.9987,0
541,18.046558,1,0.109822,-0.358150,1.753000,0.9999,0,-0.204072,-0.366847,1.825000,0.9996,0,0.187248,-0.148648,1.804000,0.9021,0,-0.403426,-0.298513,1.830000,0.8348,0,0.212501,0.062288,1.720000,0.8658,0,-0.557963,-0.335236,1.739000,0.9089,0,0.062459,0.096291,1.720000,0.9988,0,-0.111129,0.108501,1.734000,0.9988,0
542,18.079916,1,0.110135,-0.359172,1.758000,0.9999,0,-0.198203,-0.361621,1.799000,0.9996,0,0.184549,-0.146505,1.778000,0.9037,0,-0.410041,-0.305690,1.874000,0.8352,0,0.209670,0.059455,1.720000,0.8721,0,-0.538583,-0.329741,1.696000,0.9158,0,0.062459,0.096291,1.720000,0.9988,0,-0.111770,0.106254,1.744000,0.9988,0
543,18.113274,1,0.111388,-0.366187,1.778000,0.9999,0,-0.200517,-0.365842,1.820000,0.9996,0,0.183257,-0.147824,1.794000,0.9057,0,-0.390941,-0.295903,1.814000,0.8350,0,0.209061,0.059282,1.715000,0.8793,0,-0.539234,-0.337129,1.734000,0.9225,0,0.063012,0.092932,1.660000,0.9988,0,-0.109149,0.106497,1.748000,0.9988,0
544,18.146632,1,0.113017,-0.371542,1.804000,0.9999,0,-0.190793,-0.353379,1.758000,0.9996,0,0.178558,-0.141154,1.748000,0.9030,0,-0.384748,-0.293456,1.799000,0.8323,0,0.214302,0.063665,1.758000,0.8811,0,-0.512004,-0.330781,1.673000,0.9288,0,0.070745,0.096011,1.715000,0.9987,0,-0.104266,0.104487,1.715000,0.9988,0
545,18.179990,1,0.111701,-0.367217,1.783000,0.9999,0,-0.196328,-0.363631,1.809000,0.9997,0,0.180601,-0.142769,1.768000,0.9063,0,-0.379187,-0.289215,1.773000,0.8363,0,0.215521,0.066939,1.768000,0.8896,0,-0.513566,-0.339085,1.715000,0.9354,0,0.067368,0.095227,1.701000,0.9988,0,-0.104570,0.101958,1.720000,0.9988,0
546,18.213348,1,0.112704,-0.370512,1.799000,0.9999,0,-0.197521,-0.365842,1.820000,0.9997,0,0.179580,-0.139065,1.758000,0.9096,0,-0.380725,-0.292641,1.794000,0.8342,0,0.213693,0.066371,1.753000,0.8967,0,-0.487221,-0.330781,1.673000,0.9407,0,0.068279,0.093675,1.724000,0.9987,0,-0.106272,0.103618,1.748000,0.9988,0
547,18.246706,1,0.112014,-0.368246,1.788000,0.9999,0,-0.190571,-0.358405,1.783000,0.9997,0,0.178558,-0.138274,1.748000,0.9098,0,-0.368343,-0.287584,1.763000,0.8302,0,0.212596,0.068904,1.744000,0.9017,0,-0.501863,-0.352374,1.753000,0.9458,0,0.066457,0.091175,1.678000,0.9988,0,-0.104813,0.099355,1.724000,0.9988,0
548,18.280063,1,0.114019,-0.374837,1.820000,0.9999,0,-0.195595,-0.367852,1.830000,0.9997,0,0.178558,-0.138274,1.748000,0.9065,0,-0.361511,-0.286768,1.758000,0.8249,0,0.213693,0.069259,1.753000,0.9025,0,-0.469085,-0.339108,1.687000,0.9503,0,0.067724,0.090097,1.710000,0.9988,0,-0.105421,0.099931,1.734000,0.9988,0
549,18.313421,1,0.112014,-0.368246,1.788000,0.9999,0,-0.195595,-0.367852,1.830000,0.9997,0,0.178558,-0.135394,1.748000,0.9049,0,-0.370971,-0.294272,1.804000,0.8144,0,0.211409,0.072353,1.758000,0.9053,0,-0.449562,-0.332876,1.656000,0.9543,0,0.067012,0.089149,1.692000,0.9988,0,-0.104813,0.099355,1.724000,0.9988,0
550,18.346779,1,0.112014,-0.368246,1.788000,0.9999,0,-0.192281,-0.361621,1.799000,0.9998,0,0.182134,-0.141043,1.783000,0.9080,0,-0.373644,-0.296392,1.817000,0.8115,0,0.209124,0.051517,1.739000,0.9127,0,-0.435934,-0.338332,1.656000,0.9584,0,0.067170,0.080977,1.696000,0.9987,0,-0.107792,0.093416,1.773000,0.9988,0
551,18.380137,1,0.112704,-0.370512,1.799000,0.9999,0,-0.196770,-0.370063,1.841000,0.9998,0,0.180091,-0.139461,1.763000,0.9088,0,-0.364737,-0.288716,1.788000,0.8035,0,0.207921,0.051221,1.729000,0.9175,0,-0.431115,-0.343738,1.669000,0.9615,0,0.065100,0.081885,1.715000,0.9987,0,-0.108275,0.094218,1.734000,0.9988,0
552,18.413495,1,0.112704,-0.370512,1.799000,0.9999,0,-0.191747,-0.360616,1.794000,0.9998,0,0.181623,-0.140647,1.778000,0.9087,0,-0.344134,-0.272407,1.687000,0.8011,0,0.208523,0.045656,1.734000,0.9218,0,-0.417380,-0.343738,1.669000,0.9646,0,0.062860,0.079068,1.656000,0.9987,0,-0.112334,0.097750,1.799000,0.9987,0
553,18.446853,1,0.111701,-0.367217,1.783000,0.9999,0,-0.194526,-0.365842,1.820000,0.9998,0,0.180091,-0.136556,1.763000,0.9039,0,-0.360658,-0.285487,1.768000,0.7991,0,0.211986,0.060112,1.739000,0.9211,0,-0.406456,-0.341920,1.647000,0.9675,0,0.066616,0.080309,1.682000,0.9986,0,-0.109149,0.094979,1.748000,0.9987,0
554,18.480207,1,0.113017,-0.368570,1.804000,0.9999,0,-0.194526,-0.365842,1.820000,0.9998,0,0.177691,-0.136944,1.768000,0.9071,0,-0.343179,-0.271067,1.696000,0.8001,0,0.208523,0.057082,1.734000,0.9260,0,-0.403746,-0.341920,1.647000,0.9700,0,0.064227,0.080786,1.692000,0.9986,0,-0.107963,0.093946,1.729000,0.9987,0
555,18.513561,1,0.112014,-0.368246,1.788000,0.9999,0,-0.197946,-0.372275,1.852000,0.9998,0,0.177691,-0.139856,1.768000,0.9106,0,-0.365032,-0.288328,1.804000,0.8015,0,0.207320,0.051073,1.724000,0.9312,0,-0.407913,-0.345449,1.664000,0.9725,0,0.065631,0.082553,1.729000,0.9986,0,-0.108587,0.094490,1.739000,0.9986,0
556,18.546915,1,0.111388,-0.366187,1.778000,0.9999,0,-0.192816,-0.362626,1.804000,0.9998,0,0.180304,-0.138957,1.794000,0.9054,0,-0.345160,-0.274283,1.734000,0.8013,0,0.210767,0.051221,1.729000,0.9287,0,-0.401539,-0.337353,1.638000,0.9745,0,0.065071,0.078447,1.643000,0.9986,0,-0.107963,0.093946,1.729000,0.9986,0
557,18.580269,1,0.113350,-0.363098,1.763000,0.9999,0,-0.195595,-0.367852,1.830000,0.9998,0,0.178696,-0.137718,1.778000,0.9087,0,-0.349937,-0.275184,1.758000,0.7997,0,0.215521,0.064027,1.768000,0.9331,0,-0.391782,-0.331381,1.609000,0.9765,0,0.067170,0.080977,1.696000,0.9986,0,-0.109461,0.095250,1.753000,0.9986,0
558,18.613623,1,0.114957,-0.365301,1.788000,0.9999,0,-0.196236,-0.369058,1.836000,0.9998,0,0.178696,-0.134789,1.778000,0.9092,0,-0.336711,-0.269235,1.720000,0.7967,0,0.212596,0.063158,1.744000,0.9351,0,-0.385990,-0.328703,1.596000,0.9781,0,0.067368,0.081216,1.701000,0.9986,0,-0.109149,0.094979,1.748000,0.9986,0
559,18.646977,1,0.114957,-0.365301,1.788000,0.9999,0,-0.193885,-0.364636,1.814000,0.9998,0,0.179199,-0.135168,1.783000,0.9053,0,-0.337568,-0.267670,1.710000,0.7961,0,0.213693,0.066371,1.753000,0.9332,0,-0.409557,-0.346415,1.682000,0.9794,0,0.067724,0.081646,1.710000,0.9986,0,-0.109149,0.094979,1.748000,0.9987,0
560,18.680331,1,0.115343,-0.369482,1.794000,0.9999,0,-0.193350,-0.363631,1.809000,0.9998,0,0.175276,-0.137331,1.773000,0.9088,0,-0.350023,-0.279880,1.788000,0.7984,0,0.211377,0.054226,1.734000,0.9375,0,-0.390808,-0.330557,1.605000,0.9808,0,0.068121,0.082123,1.720000,0.9986,0,-0.109461,0.095250,1.753000,0.9986,0
561,18.713685,1,0.112128,-0.359184,1.744000,0.9999,0,-0.193885,-0.364636,1.814000,0.9998,0,0.177189,-0.136556,1.763000,0.9042,0,-0.341409,-0.272992,1.744000,0.7961,0,0.209061,0.053632,1.715000,0.9353,0,-0.401035,-0.339207,1.647000,0.9819,0,0.069590,0.080548,1.687000,0.9986,0,-0.106272,0.097858,1.748000,0.9986,0
562,18.747038,1,0.116308,-0.372571,1.809000,0.9999,0,-0.190571,-0.358405,1.783000,0.9998,0,0.178194,-0.137331,1.773000,0.9069,0,-0.331226,-0.263211,1.664000,0.7961,0,0.210807,0.057708,1.753000,0.9391,0,-0.401035,-0.339207,1.647000,0.9832,0,0.068873,0.083030,1.739000,0.9986,0,-0.111023,0.099538,1.778000,0.9986,0
563,18.780392,1,0.115343,-0.369482,1.794000,0.9999,0,-0.196236,-0.369058,1.836000,0.9998,0,0.180807,-0.139345,1.799000,0.9063,0,-0.349937,-0.278080,1.758000,0.7953,0,0.207921,0.056918,1.729000,0.9407,0,-0.404200,-0.341884,1.660000,0.9843,0,0.068279,0.082314,1.724000,0.9985,0,-0.113645,0.101889,1.820000,0.9986,0
564,18.813746,1,0.114636,-0.364279,1.783000,0.9999,0,-0.188794,-0.360616,1.794000,0.9999,0,0.177128,-0.131453,1.734000,0.9078,0,-0.357848,-0.282034,1.783000,0.7944,0,0.210807,0.066371,1.753000,0.9433,0,-0.406879,-0.346903,1.671000,0.9854,0,0.070823,0.078829,1.651000,0.9985,0,-0.104813,0.096515,1.724000,0.9985,0
565,18.847100,1,0.113993,-0.362236,1.773000,0.9999,0,-0.195595,-0.367852,1.830000,0.9999,0,0.182644,-0.135547,1.788000,0.9062,0,,,,0.7951,2,0.209725,0.068904,1.744000,0.9445,0,-0.416983,-0.353131,1.701000,0.9864,0,0.067923,0.084710,1.715000,0.9985,0,-0.103658,0.095451,1.705000,0.9985,0
566,18.880453,1,0.113671,-0.361215,1.768000,0.9999,0,-0.193885,-0.364636,1.814000,0.9999,0,0.179580,-0.133273,1.758000,0.9051,0,-0.365441,-0.281775,1.763000,0.7944,0,0.210206,0.069062,1.748000,0.9452,0,-0.425154,-0.351120,1.678000,0.9870,0,0.068873,0.085895,1.739000,0.9984,0,-0.107792,0.099258,1.773000,0.9985,0
567,18.913807,1,0.115343,-0.366527,1.794000,0.9999,0,-0.195595,-0.367852,1.830000,0.9999,0,0.181623,-0.134789,1.778000,0.9077,0,-0.363568,-0.285487,1.768000,0.7939,0,0.211480,0.061633,1.783000,0.9479,0,-0.425432,-0.339207,1.647000,0.9877,0,0.066259,0.082635,1.673000,0.9985,0,-0.107401,0.093457,1.720000,0.9985,0
568,18.947161,1,0.116308,-0.369591,1.809000,0.9999,0,-0.196236,-0.369058,1.836000,0.9999,0,0.183768,-0.139345,1.799000,0.9092,0,-0.362539,-0.284679,1.763000,0.7922,0,0.207329,0.048904,1.748000,0.9491,0,-0.449648,-0.344666,1.687000,0.9879,0,0.067526,0.084216,1.705000,0.9985,0,-0.108899,0.094761,1.744000,0.9985,0
569,18.980514,1,0.113993,-0.365157,1.773000,0.9999,0,-0.190037,-0.357400,1.778000,0.9999,0,0.183768,-0.139345,1.799000,0.9087,0,-0.364596,-0.286294,1.773000,0.7959,0,0.206238,0.047981,1.715000,0.9480,0,-0.453640,-0.337311,1.651000,0.9884,0,0.068477,0.085401,1.729000,0.9985,0,-0.107089,0.093186,1.715000,0.9986,0
570,19.013868,1,0.113350,-0.363098,1.763000,0.9999,0,-0.192281,-0.361621,1.799000,0.9999,0,0.184279,-0.139732,1.804000,0.9076,0,-0.368914,-0.292641,1.794000,0.7990,0,0.210158,0.048233,1.724000,0.9457,0,-0.478577,-0.347526,1.701000,0.9886,0,0.068279,0.085154,1.724000,0.9985,0,-0.107488,0.098978,1.768000,0.9986,0
571,19.047221,1,0.114314,-0.363258,1.778000,0.9999,0,-0.193350,-0.363631,1.809000,0.9999,0,0.185300,-0.140507,1.814000,0.9101,0,-0.373351,-0.292136,1.773000,0.8028,0,0.213083,0.051784,1.748000,0.9479,0,-0.480703,-0.339150,1.660000,0.9892,0,0.069071,0.086142,1.744000,0.9985,0,-0.107792,0.099258,1.773000,0.9986,0
572,19.080575,1,0.114957,-0.365301,1.788000,0.9999,0,-0.193885,-0.364636,1.814000,0.9999,0,0.184279,-0.139732,1.804000,0.9101,0,-0.377773,-0.295596,1.794000,0.8055,0,0.213083,0.048904,1.748000,0.9459,0,-0.507749,-0.349385,1.724000,0.9887,0,0.067368,0.084018,1.701000,0.9985,0,-0.105117,0.096795,1.729000,0.9986,0
573,19.113928,1,0.114957,-0.365301,1.788000,0.9999,0,-0.192816,-0.362626,1.804000,0.9999,0,0.181112,-0.137331,1.773000,0.9110,0,-0.375208,-0.291312,1.768000,0.8038,0,0.210158,0.056753,1.724000,0.9446,0,-0.489310,-0.328454,1.634000,0.9883,0,0.059454,0.087535,1.715000,0.9986,0,-0.111770,0.097635,1.744000,0.9987,0
574,19.147282,1,0.113671,-0.361215,1.768000,0.9999,0,-0.193350,-0.363631,1.809000,0.9999,0,0.180601,-0.136944,1.768000,0.9112,0,-0.377330,-0.292960,1.778000,0.8067,0,0.209670,0.062288,1.720000,0.9439,0,-0.543129,-0.357660,1.794000,0.9885,0,0.061079,0.085851,1.682000,0.9986,0,-0.111450,0.100219,1.739000,0.9987,0
575,19.180635,1,0.114636,-0.364279,1.783000,0.9999,0,-0.196328,-0.363631,1.809000,0.9998,0,0.182134,-0.138105,1.783000,0.9122,0,-0.390941,-0.298891,1.814000,0.8059,0,0.209670,0.065122,1.720000,0.9428,0,-0.517511,-0.333537,1.673000,0.9877,0,0.062277,0.090360,1.715000,0.9986,0,-0.112026,0.100738,1.748000,0.9987,0
576,19.213989,1,0.113671,-0.361215,1.768000,0.9999,0,-0.199258,-0.369058,1.836000,0.9998,0,0.184549,-0.137718,1.778000,0.9118,0,-0.379408,-0.288566,1.734000,0.8073,0,0.207921,0.068311,1.729000,0.9396,0,-0.531743,-0.337325,1.692000,0.9865,0,0.065100,0.093186,1.715000,0.9986,0,-0.112667,0.104211,1.758000,0.9986,0
577,19.247342,1,0.115665,-0.367548,1.799000,0.9999,0,-0.200994,-0.372275,1.852000,0.9998,0,0.187767,-0.143099,1.809000,0.9108,0,-0.377220,-0.286902,1.724000,0.8084,0,0.211986,0.068706,1.739000,0.9345,0,-0.530105,-0.331770,1.678000,0.9826,0,0.064227,0.091936,1.692000,0.9986,0,-0.112347,0.103914,1.753000,0.9986,0
578,19.280696,1,0.115665,-0.367548,1.799000,0.9999,0,-0.195890,-0.354471,1.778000,0.9998,0,0.185068,-0.138105,1.783000,0.8956,0,-0.392537,-0.298551,1.794000,0.8055,0,0.206257,0.069637,1.692000,0.9027,0,-0.552238,-0.338101,1.739000,0.9787,0,0.064720,0.095451,1.705000,0.9986,0,-0.113949,0.111254,1.778000,0.9986,0
579,19.314049,1,0.114957,-0.365301,1.788000,0.9999,0,-0.201619,-0.364837,1.830000,0.9998,0,0.186210,-0.138957,1.794000,0.8981,0,-0.392537,-0.298551,1.794000,0.8079,0,0.213693,0.066371,1.753000,0.9035,0,-0.560850,-0.336971,1.748000,0.9726,0,0.059628,0.099124,1.720000,0.9986,0,-0.117533,0.108934,1.788000,0.9986,0
580,19.347402,1,0.116308,-0.369591,1.809000,0.9999,0,-0.201068,-0.363841,1.825000,0.9997,0,0.188058,-0.142598,1.841000,0.8932,0,-0.395489,-0.298551,1.794000,0.8102,0,0.214231,0.065652,1.734000,0.8885,0,-0.558730,-0.324959,1.715000,0.9623,0,0.061769,0.098030,1.701000,0.9986,0,-0.113326,0.107875,1.724000,0.9986,0
581,19.380756,1,0.115665,-0.367548,1.799000,0.9999,0,-0.199305,-0.360651,1.809000,0.9997,0,0.182644,-0.135547,1.788000,0.8948,0,-0.399553,-0.299384,1.799000,0.8104,0,0.206694,0.071611,1.673000,0.8860,0,-0.566137,-0.319066,1.729000,0.9555,0,0.062459,0.099124,1.720000,0.9986,0,-0.115232,0.109690,1.753000,0.9987,0
582,19.414109,1,0.115665,-0.367548,1.799000,0.9999,0,-0.204631,-0.364837,1.830000,0.9997,0,0.180601,-0.134031,1.768000,0.8972,0,-0.393778,-0.295057,1.773000,0.8136,0,0.214080,0.073195,1.710000,0.8867,0,-0.562730,-0.309926,1.710000,0.9494,0,0.061587,0.100535,1.696000,0.9986,0,-0.119802,0.111254,1.778000,0.9986,0
583,19.447462,1,0.115665,-0.367548,1.799000,0.9999,0,-0.199375,-0.355467,1.783000,0.9997,0,0.182644,-0.135547,1.788000,0.8969,0,-0.409450,-0.304542,1.830000,0.8148,0,0.213454,0.064554,1.705000,0.8845,0,-0.588035,-0.316392,1.778000,0.9434,0,0.059454,0.101662,1.715000,0.9986,0,-0.117780,0.109377,1.748000,0.9986,0
584,19.480817,1,0.115665,-0.367548,1.799000,0.9999,0,-0.208324,-0.366034,1.836000,0.9997,0,0.180601,-0.136944,1.768000,0.9005,0,-0.401868,-0.296721,1.783000,0.8182,0,0.212327,0.055831,1.696000,0.8884,0,-0.600902,-0.314202,1.799000,0.9378,0,0.059454,0.101662,1.715000,0.9986,0,-0.116500,0.108188,1.729000,0.9986,0
585,19.514173,1,0.112386,-0.357129,1.748000,0.9999,0,-0.205827,-0.361648,1.814000,0.9996,0,0.182134,-0.138105,1.783000,0.8994,0,-0.394814,-0.289399,1.739000,0.8185,0,0.218337,0.057411,1.744000,0.8839,0,-0.613261,-0.311590,1.836000,0.9305,0,0.058172,0.099468,1.678000,0.9986,0,-0.116837,0.108501,1.734000,0.9986,0
586,19.547528,1,0.112386,-0.357129,1.748000,0.9999,0,-0.208813,-0.361648,1.814000,0.9996,0,0.184279,-0.139732,1.804000,0.8952,0,-0.419858,-0.305541,1.836000,0.8175,0,0.214706,0.062107,1.715000,0.8714,0,-0.597228,-0.300499,1.788000,0.9225,0,0.058484,0.100002,1.687000,0.9986,0,-0.119001,0.107875,1.724000,0.9987,0
587,19.580883,1,0.113350,-0.360193,1.763000,0.9999,0,-0.210079,-0.363841,1.825000,0.9996,0,0.181112,-0.137331,1.773000,0.8967,0,-0.396532,-0.288566,1.734000,0.8193,0,0.215119,0.058625,1.696000,0.8734,0,-0.614931,-0.300307,1.841000,0.9197,0,0.058796,0.100535,1.696000,0.9986,0,-0.124178,0.112568,1.799000,0.9986,0
588,19.614238,1,0.118626,-0.367548,1.799000,0.9999,0,-0.213187,-0.369224,1.852000,0.9996,0,0.185300,-0.140507,1.814000,0.8965,0,-0.400877,-0.291728,1.753000,0.8207,0,0.220573,0.057247,1.739000,0.8711,0,-0.597228,-0.285771,1.788000,0.9171,0,0.057998,0.099172,1.673000,0.9987,0,-0.116447,0.108339,1.687000,0.9987,0
589,19.647594,1,0.118296,-0.366527,1.794000,0.9999,0,-0.202942,-0.351480,1.763000,0.9996,0,0.184790,-0.143099,1.809000,0.9010,0,-0.417342,-0.303710,1.825000,0.8195,0,0.222983,0.052080,1.758000,0.8775,0,-0.622279,-0.294689,1.863000,0.9150,0,0.053213,0.100535,1.696000,0.9987,0,-0.123888,0.112578,1.753000,0.9987,0
590,19.680949,1,0.119285,-0.369591,1.809000,0.9999,0,-0.210655,-0.364837,1.830000,0.9996,0,0.183257,-0.141913,1.794000,0.8947,0,-0.410253,-0.298551,1.794000,0.8187,0,0.223617,0.060941,1.763000,0.8645,0,-0.588035,-0.272456,1.778000,0.9140,0,0.055410,0.099468,1.678000,0.9987,0,-0.123252,0.112000,1.744000,0.9987,0
591,19.714304,1,0.118296,-0.366527,1.794000,0.9999,0,-0.214454,-0.371417,1.863000,0.9996,0,0.186210,-0.141913,1.794000,0.8969,0,-0.405451,-0.295057,1.773000,0.8169,0,0.221714,0.057543,1.748000,0.8686,0,-0.587726,-0.276440,1.804000,0.9142,0,0.053213,0.100535,1.696000,0.9988,0,-0.123535,0.109377,1.748000,0.9988,0
592,19.747659,1,0.115263,-0.357129,1.748000,0.9999,0,-0.202367,-0.350483,1.758000,0.9996,0,0.185587,-0.141438,1.788000,0.8972,0,-0.415474,-0.304542,1.830000,0.8122,0,0.217711,0.060112,1.739000,0.8672,0,-0.580175,-0.272710,1.799000,0.9104,0,0.054844,0.103618,1.748000,0.9988,0,-0.123535,0.109377,1.748000,0.9988,0
593,19.781014,1,0.118296,-0.366527,1.794000,0.9999,0,-0.205820,-0.356464,1.788000,0.9996,0,0.182134,-0.141043,1.783000,0.8846,0,-0.406602,-0.300216,1.804000,0.8098,0,0.219939,0.071365,1.734000,0.8399,0,-0.586947,-0.272896,1.820000,0.9102,0,0.055542,0.099705,1.682000,0.9988,0,-0.125655,0.114183,1.778000,0.9989,0
594,19.814369,1,0.117241,-0.360329,1.778000,0.9999,0,-0.206511,-0.357660,1.794000,0.9996,0,0.183257,-0.141913,1.794000,0.8854,0,-0.425083,-0.313862,1.886000,0.8082,0,0.221714,0.069062,1.748000,0.8420,0,-0.593720,-0.273011,1.841000,0.9096,0,0.055872,0.100298,1.692000,0.9989,0,-0.124241,0.110003,1.758000,0.9989,0
595,19.847725,1,0.117900,-0.365301,1.788000,0.9999,0,-0.212612,-0.368227,1.847000,0.9996,0,0.182473,-0.141961,1.758000,0.8852,0,-0.397815,-0.295889,1.778000,0.8078,0,0.218837,0.069062,1.748000,0.8425,0,-0.594219,-0.274643,1.852000,0.9092,0,0.057548,0.095667,1.660000,0.9989,0,-0.125301,0.110941,1.773000,0.9989,0
596,19.881080,1,0.115263,-0.354249,1.748000,0.9999,0,-0.203518,-0.352477,1.768000,0.9996,0,0.185587,-0.141438,1.788000,0.8842,0,-0.400052,-0.291662,1.788000,0.8076,0,0.216459,0.068311,1.729000,0.8389,0,-0.575609,-0.263086,1.794000,0.9090,0,0.057686,0.095897,1.664000,0.9989,0,-0.121003,0.109690,1.753000,0.9989,0
597,19.914435,1,0.118296,-0.366527,1.794000,0.9999,0,-0.209504,-0.362844,1.820000,0.9996,0,0.183511,-0.139856,1.768000,0.8870,0,-0.414372,-0.305153,1.852000,0.8107,0,0.215833,0.068114,1.724000,0.8431,0,-0.596144,-0.275532,1.858000,0.9114,0,0.061118,0.101603,1.763000,0.9989,0,-0.123535,0.109377,1.748000,0.9989,0
598,19.947790,1,0.116911,-0.359315,1.773000,0.9999,0,-0.205820,-0.356464,1.788000,0.9996,0,0.184030,-0.140252,1.773000,0.8842,0,-0.404751,-0.298068,1.809000,0.8118,0,0.219305,0.074008,1.729000,0.8349,0,-0.583952,-0.269897,1.820000,0.9113,0,0.064379,0.100535,1.696000,0.9989,0,-0.121693,0.113220,1.763000,0.9990,0
599,19.981145,1,0.115922,-0.356276,1.758000,0.9999,0,-0.207662,-0.359654,1.804000,0.9996,0,0.188286,-0.140507,1.814000,0.8873,0,-0.414941,-0.303340,1.841000,0.8119,0,0.224251,0.075677,1.768000,0.8393,0,-0.573684,-0.265152,1.788000,0.9115,0,0.066616,0.099705,1.682000,0.9989,0,-0.119691,0.111358,1.734000,0.9989,0
600,20.014500,1,0.117900,-0.362355,1.788000,0.9999,0,-0.208813,-0.361648,1.814000,0.9996,0,0.188909,-0.140971,1.820000,0.8894,0,-0.404348,-0.295596,1.794000,0.8126,0,0.219305,0.074008,1.729000,0.8419,0,-0.585556,-0.270639,1.825000,0.9123,0,0.064227,0.100298,1.692000,0.9989,0,-0.120036,0.114544,1.739000,0.9990,0
601,20.047855,1,0.120340,-0.369854,1.825000,0.9999,0,-0.205820,-0.356464,1.788000,0.9996,0,0.182992,-0.136556,1.763000,0.8928,0,-0.416293,-0.301286,1.847000,0.8112,0,0.224078,0.060285,1.744000,0.8492,0,-0.597267,-0.274643,1.852000,0.9098,0,0.061079,0.099705,1.682000,0.9990,0,-0.120658,0.112257,1.748000,0.9990,0
602,20.081210,1,0.116911,-0.359315,1.773000,0.9999,0,-0.207662,-0.359654,1.804000,0.9996,0,0.185587,-0.141438,1.788000,0.8907,0,-0.402995,-0.291662,1.788000,0.8126,0,0.220994,0.059455,1.720000,0.8416,0,-0.591563,-0.273645,1.825000,0.9072,0,0.062277,0.098836,1.715000,0.9990,0,-0.122038,0.110629,1.768000,0.9990,0
603,20.114565,1,0.116252,-0.357289,1.763000,0.9999,0,-0.213878,-0.370420,1.858000,0.9996,0,0.186210,-0.141913,1.794000,0.8908,0,-0.414941,-0.297274,1.841000,0.8138,0,0.220573,0.065841,1.739000,0.8375,0,-0.595310,-0.274226,1.809000,0.9015,0,0.064227,0.097511,1.692000,0.9990,0,-0.118454,0.112899,1.758000,0.9990,0
604,20.147920,1,0.117900,-0.362355,1.788000,0.9999,0,-0.212612,-0.371269,1.847000,0.9996,0,0.186949,-0.140252,1.773000,0.8971,0,-0.405938,-0.288716,1.788000,0.8131,0,0.218837,0.066182,1.748000,0.8476,0,-0.593664,-0.282384,1.804000,0.8981,0,0.055707,0.097223,1.687000,0.9990,0,-0.123252,0.109127,1.744000,0.9990,0
605,20.181275,1,0.117900,-0.362355,1.788000,0.9999,0,-0.207662,-0.359654,1.804000,0.9996,0,0.191272,-0.143495,1.814000,0.8986,0,-0.414339,-0.294691,1.825000,0.8164,0,0.220715,0.066750,1.763000,0.8481,0,-0.597941,-0.287529,1.799000,0.8949,0,0.055872,0.097511,1.692000,0.9990,0,-0.124595,0.113220,1.763000,0.9989,0
606,20.214631,1,0.116581,-0.358302,1.768000,0.9999,0,-0.208813,-0.361648,1.814000,0.9996,0,0.186949,-0.143173,1.773000,0.9032,0,-0.420468,-0.299051,1.852000,0.8186,0,0.215833,0.053913,1.724000,0.8572,0,-0.610239,-0.302516,1.836000,0.8937,0,0.050421,0.097741,1.696000,0.9990,0,-0.124595,0.113220,1.763000,0.9989,0
607,20.247986,1,0.119285,-0.366611,1.809000,0.9999,0,-0.209504,-0.362844,1.820000,0.9996,0,0.184030,-0.140252,1.773000,0.9025,0,-0.411841,-0.292915,1.814000,0.8200,0,0.218837,0.054663,1.748000,0.8528,0,-0.593887,-0.301747,1.778000,0.8889,0,0.053809,0.098836,1.715000,0.9989,0,-0.115826,0.107761,1.678000,0.9989,0
608,20.281341,1,0.118626,-0.364585,1.799000,0.9999,0,-0.209572,-0.368227,1.847000,0.9996,0,0.182473,-0.141961,1.758000,0.9069,0,-0.397361,-0.284679,1.763000,0.8216,0,0.218337,0.043046,1.744000,0.8621,0,-0.587207,-0.304145,1.758000,0.8872,0,0.051551,0.099931,1.734000,0.9989,0,-0.121003,0.112578,1.753000,0.9988,0
609,20.314696,1,0.118296,-0.363571,1.794000,0.9999,0,-0.206508,-0.362844,1.820000,0.9996,0,0.181112,-0.140252,1.773000,0.9019,0,-0.418773,-0.300019,1.858000,0.8205,0,0.216459,0.059766,1.729000,0.8501,0,-0.570021,-0.302356,1.715000,0.8823,0,0.058172,0.096704,1.678000,0.9989,0,-0.112405,0.112634,1.710000,0.9988,0
610,20.348051,1,0.120670,-0.370867,1.830000,0.9999,0,-0.203558,-0.357660,1.794000,0.9996,0,0.185068,-0.138105,1.783000,0.9040,0,-0.405475,-0.290493,1.799000,0.8226,0,0.219463,0.072147,1.753000,0.8543,0,-0.567199,-0.310832,1.715000,0.8874,0,0.061769,0.098030,1.701000,0.9989,0,-0.115232,0.115466,1.753000,0.9988,0
611,20.381406,1,0.115986,-0.365598,1.804000,0.9999,0,-0.211387,-0.371417,1.863000,0.9996,0,0.186210,-0.141913,1.794000,0.9043,0,-0.393778,-0.286294,1.773000,0.8255,0,0.221967,0.070050,1.773000,0.8573,0,-0.568225,-0.320607,1.753000,0.8909,0,0.061260,0.097223,1.687000,0.9988,0,-0.115232,0.112578,1.753000,0.9988,0
612,20.414760,1,0.112386,-0.354249,1.748000,0.9999,0,-0.204631,-0.364837,1.830000,0.9995,0,0.185068,-0.141043,1.783000,0.8986,0,-0.395489,-0.289685,1.794000,0.8265,0,0.219463,0.069259,1.753000,0.8491,0,-0.557963,-0.323777,1.739000,0.8933,0,0.067724,0.098548,1.710000,0.9988,0,-0.110710,0.116783,1.773000,0.9987,0
613,20.448115,1,0.114957,-0.362355,1.788000,0.9999,0,-0.203513,-0.365842,1.820000,0.9996,0,0.184030,-0.140252,1.773000,0.9047,0,-0.394167,-0.288716,1.788000,0.8296,0,0.218337,0.068904,1.744000,0.8610,0,-0.555378,-0.336003,1.758000,0.9017,0,0.067368,0.098030,1.701000,0.9988,0,-0.108275,0.111358,1.734000,0.9987,0
614,20.481471,1,0.116629,-0.367624,1.814000,0.9999,0,-0.198257,-0.353474,1.773000,0.9996,0,0.187248,-0.142704,1.804000,0.9061,0,-0.403426,-0.295498,1.830000,0.8318,0,0.218337,0.057411,1.744000,0.8664,0,-0.530105,-0.326241,1.678000,0.9082,0,0.067923,0.098836,1.715000,0.9988,0,-0.108899,0.114873,1.744000,0.9987,0
615,20.514827,1,0.114957,-0.362355,1.788000,0.9999,0,-0.200605,-0.357660,1.794000,0.9996,0,0.188286,-0.146483,1.814000,0.9109,0,-0.389036,-0.287102,1.778000,0.8363,0,0.222983,0.046288,1.758000,0.8762,0,-0.537400,-0.332463,1.710000,0.9155,0,0.066616,0.096935,1.682000,0.9988,0,-0.107963,0.108188,1.729000,0.9987,0
616,20.548182,1,0.116308,-0.369591,1.809000,0.9999,0,-0.202283,-0.360651,1.809000,0.9996,0,0.187248,-0.145676,1.804000,0.9129,0,-0.381028,-0.285487,1.768000,0.8385,0,0.215119,0.047449,1.696000,0.8833,0,-0.542449,-0.345671,1.763000,0.9227,0,0.067012,0.097511,1.692000,0.9987,0,-0.110710,0.113862,1.773000,0.9987,0
617,20.581538,1,0.115986,-0.365598,1.804000,0.9999,0,-0.205861,-0.370063,1.841000,0.9996,0,0.182473,-0.136169,1.758000,0.9170,0,-0.391755,-0.294272,1.804000,0.8405,0,0.218837,0.074821,1.748000,0.8921,0,-0.520603,-0.334538,1.692000,0.9297,0,0.063847,0.096935,1.682000,0.9988,0,-0.110086,0.110316,1.763000,0.9987,0
618,20.614893,1,0.116629,-0.367624,1.814000,0.9999,0,-0.198754,-0.359654,1.804000,0.9997,0,0.183768,-0.139345,1.799000,0.9181,0,-0.390308,-0.297697,1.825000,0.8412,0,0.218337,0.071777,1.744000,0.8981,0,-0.509374,-0.336317,1.701000,0.9357,0,0.068279,0.099355,1.724000,0.9988,0,-0.109461,0.109690,1.753000,0.9987,0
619,20.648249,1,0.115665,-0.367548,1.799000,0.9999,0,-0.200517,-0.365842,1.820000,0.9997,0,0.180601,-0.139856,1.768000,0.9216,0,-0.388365,-0.295498,1.830000,0.8406,0,0.215960,0.071941,1.748000,0.9051,0,-0.498324,-0.334538,1.692000,0.9411,0,0.062459,0.096291,1.720000,0.9988,0,-0.112347,0.103914,1.753000,0.9988,0
620,20.681604,1,0.114636,-0.364279,1.783000,0.9999,0,-0.199856,-0.364636,1.814000,0.9997,0,0.182644,-0.141438,1.788000,0.9214,0,-0.379878,-0.291300,1.804000,0.8405,0,0.214848,0.071571,1.739000,0.9095,0,-0.483153,-0.331770,1.678000,0.9462,0,0.061260,0.094444,1.687000,0.9988,0,-0.110488,0.102195,1.724000,0.9988,0
621,20.714960,1,0.114957,-0.365301,1.788000,0.9999,0,-0.197521,-0.365842,1.820000,0.9997,0,0.180601,-0.139856,1.768000,0.9236,0,-0.359455,-0.282257,1.748000,0.8398,0,0.212995,0.062433,1.724000,0.9156,0,,,,0.9507,2,0.060135,0.087252,1.656000,0.9988,0,-0.111129,0.099931,1.734000,0.9988,0
622,20.748316,1,0.112707,-0.358150,1.753000,0.9999,0,-0.199801,-0.370063,1.841000,0.9997,0,0.180304,-0.141913,1.794000,0.9244,0,-0.368914,-0.286730,1.794000,0.8388,0,0.214848,0.054382,1.739000,0.9195,0,-0.466827,-0.329990,1.669000,0.9547,0,0.063148,0.091625,1.739000,0.9988,0,-0.106776,0.098548,1.710000,0.9988,0
623,20.781671,1,0.113993,-0.362236,1.773000,0.9999,0,-0.195785,-0.362626,1.804000,0.9997,0,0.175681,-0.138274,1.748000,0.9257,0,-0.363718,-0.284972,1.783000,0.8329,0,0.216578,0.046156,1.753000,0.9238,0,-0.458297,-0.331770,1.678000,0.9574,0,0.058172,0.088411,1.678000,0.9988,0,-0.112988,0.101603,1.763000,0.9988,0
624,20.815027,1,0.118751,-0.377355,1.847000,0.9999,0,-0.196328,-0.363631,1.809000,0.9998,0,0.183923,-0.144761,1.830000,0.9266,0,-0.374529,-0.290418,1.836000,0.8278,0,0.211883,0.053632,1.715000,0.9282,0,-0.450011,-0.334534,1.678000,0.9607,0,0.058969,0.089623,1.701000,0.9988,0,-0.110809,0.099643,1.729000,0.9988,0
625,20.848382,1,0.115343,-0.366527,1.794000,0.9999,0,-0.196870,-0.364636,1.814000,0.9998,0,0.180304,-0.141913,1.794000,0.9238,0,-0.357598,-0.274401,1.753000,0.8258,0,0.217196,0.057872,1.758000,0.9301,0,-0.447249,-0.340063,1.678000,0.9640,0,0.057998,0.088148,1.673000,0.9988,0,-0.114974,0.103389,1.794000,0.9988,0
626,20.881738,1,0.113671,-0.361215,1.768000,0.9999,0,-0.197521,-0.365842,1.820000,0.9998,0,0.181310,-0.139732,1.804000,0.9191,0,-0.359638,-0.273062,1.763000,0.8217,0,0.219463,0.060596,1.753000,0.9293,0,-0.425804,-0.334655,1.638000,0.9670,0,0.058796,0.089359,1.696000,0.9988,0,-0.112347,0.101026,1.753000,0.9988,0
627,20.915093,1,0.111164,-0.353247,1.729000,0.9999,0,-0.196328,-0.363631,1.809000,0.9998,0,0.180807,-0.139345,1.799000,0.9194,0,,,,0.8225,2,0.219463,0.066371,1.753000,0.9325,0,-0.421695,-0.338383,1.643000,0.9698,0,0.061769,0.089623,1.701000,0.9987,0,-0.111770,0.100508,1.744000,0.9988,0
628,20.948449,1,0.113350,-0.360193,1.763000,0.9999,0,-0.194700,-0.360616,1.794000,0.9998,0,0.177691,-0.139856,1.768000,0.9229,0,-0.353697,-0.263568,1.720000,0.8254,0,0.214706,0.050806,1.715000,0.9375,0,-0.408044,-0.333852,1.621000,0.9722,0,0.062785,0.091098,1.729000,0.9988,0,-0.110809,0.099643,1.729000,0.9987,0
629,20.981804,1,0.114314,-0.363258,1.778000,0.9999,0,-0.195242,-0.361621,1.799000,0.9998,0,0.177691,-0.139856,1.768000,0.9255,0,-0.365624,-0.269527,1.778000,0.8307,0,0.215332,0.042454,1.720000,0.9419,0,-0.417380,-0.343738,1.669000,0.9746,0,0.061914,0.087025,1.705000,0.9987,0,-0.112347,0.098138,1.753000,0.9987,0
630,21.015160,1,0.115343,-0.366527,1.794000,0.9999,0,-0.194049,-0.359410,1.788000,0.9998,0,0.178696,-0.140647,1.778000,0.9243,0,-0.355762,-0.264373,1.744000,0.8299,0,0.217085,0.042799,1.734000,0.9436,0,-0.409167,-0.336494,1.647000,0.9765,0,0.062277,0.087535,1.715000,0.9987,0,-0.112988,0.098698,1.763000,0.9988,0
631,21.048515,1,0.113350,-0.360193,1.763000,0.9999,0,-0.201645,-0.373481,1.858000,0.9998,0,0.179199,-0.138105,1.783000,0.9235,0,-0.349846,-0.259977,1.715000,0.8322,0,0.217711,0.042923,1.739000,0.9448,0,-0.411886,-0.340988,1.669000,0.9784,0,0.064910,0.087280,1.710000,0.9987,0,-0.110398,0.098978,1.768000,0.9987,0
632,21.081871,1,0.114957,-0.365301,1.788000,0.9999,0,-0.196870,-0.364636,1.814000,0.9998,0,0.180304,-0.138957,1.794000,0.9241,0,-0.371265,-0.275894,1.820000,0.8358,0,0.213454,0.042083,1.705000,0.9468,0,-0.405469,-0.335676,1.643000,0.9801,0,0.064910,0.084463,1.710000,0.9987,0,-0.110086,0.098698,1.763000,0.9988,0
633,21.115226,1,0.114314,-0.363258,1.778000,0.9999,0,-0.199801,-0.370063,1.841000,0.9998,0,0.180807,-0.139345,1.799000,0.9256,0,-0.353701,-0.264979,1.748000,0.8383,0,0.215332,0.042454,1.720000,0.9495,0,-0.402261,-0.333020,1.630000,0.9816,0,0.062367,0.081154,1.643000,0.9987,0,-0.109149,0.097858,1.748000,0.9988,0
634,21.148582,1,0.112707,-0.358150,1.753000,0.9999,0,-0.198607,-0.367852,1.830000,0.9999,0,0.179701,-0.138493,1.788000,0.9236,0,-0.355724,-0.266495,1.758000,0.8376,0,0.218837,0.043145,1.748000,0.9503,0,-0.391896,-0.324439,1.588000,0.9829,0,0.060752,0.082635,1.673000,0.9987,0,-0.114590,0.100098,1.788000,0.9988,0
635,21.181937,1,0.114636,-0.364279,1.783000,0.9999,0,-0.194700,-0.363571,1.794000,0.9999,0,0.179199,-0.138105,1.783000,0.9263,0,-0.382636,-0.286657,1.891000,0.8379,0,0.216459,0.045524,1.729000,0.9534,0,-0.409665,-0.339150,1.660000,0.9841,0,0.064227,0.083574,1.692000,0.9987,0,-0.113308,0.098978,1.768000,0.9987,0
636,21.215292,1,0.114957,-0.365301,1.788000,0.9999,0,-0.197521,-0.368840,1.820000,0.9999,0,0.179199,-0.138105,1.783000,0.9267,0,-0.356736,-0.267253,1.763000,0.8394,0,0.222349,0.043268,1.753000,0.9544,0,-0.408677,-0.338332,1.656000,0.9851,0,0.063505,0.082635,1.673000,0.9987,0,-0.109911,0.093186,1.715000,0.9987,0
637,21.248648,1,0.116308,-0.366611,1.809000,0.9999,0,-0.199258,-0.369058,1.836000,0.9999,0,0.179701,-0.138493,1.788000,0.9253,0,-0.364737,-0.271043,1.788000,0.8392,0,0.222983,0.043392,1.758000,0.9547,0,-0.410652,-0.339967,1.664000,0.9859,0,0.065441,0.085154,1.724000,0.9987,0,-0.115295,0.097750,1.799000,0.9987,0
638,21.282003,1,0.115343,-0.363571,1.794000,0.9999,0,-0.199258,-0.372083,1.836000,0.9999,0,0.182918,-0.140971,1.820000,0.9244,0,-0.346155,-0.263615,1.739000,0.8350,0,0.224251,0.043638,1.768000,0.9548,0,-0.410161,-0.337311,1.651000,0.9867,0,0.063012,0.081993,1.660000,0.9987,0,-0.110809,0.093946,1.729000,0.9987,0
639,21.315359,1,0.113350,-0.357289,1.763000,0.9999,0,-0.198064,-0.369854,1.825000,0.9999,0,0.178696,-0.137718,1.778000,0.9228,0,-0.343667,-0.261720,1.726500,0.8308,0,0.218670,0.048233,1.724000,0.9547,0,-0.418868,-0.339967,1.664000,0.9873,0,0.064910,0.084463,1.710000,0.9987,0,-0.110809,0.096795,1.729000,0.9987,0
640,21.348714,1,0.112707,-0.358150,1.753000,0.9999,0,-0.199258,-0.372083,1.836000,0.9999,0,0.178194,-0.140252,1.773000,0.9244,0,-0.357848,-0.270285,1.783000,0.8248,0,0.220573,0.037193,1.739000,0.9569,0,-0.437056,-0.345687,1.692000,0.9876,0,0.064568,0.084018,1.701000,0.9987,0,-0.113308,0.096066,1.768000,0.9987,0
641,21.382070,1,0.115343,-0.366527,1.794000,0.9999,0,-0.200994,-0.375326,1.852000,0.9999,0,0.177189,-0.139461,1.763000,0.9258,0,-0.346007,-0.264181,1.724000,0.8205,0,0.215753,0.036380,1.701000,0.9569,0,-0.453379,-0.341922,1.701000,0.9866,0,0.065290,0.084957,1.720000,0.9987,0,-0.113949,0.096609,1.778000,0.9987,0
642,21.415425,1,0.115343,-0.366527,1.794000,0.9999,0,-0.196870,-0.367624,1.814000,0.9999,0,0.178696,-0.140647,1.778000,0.9261,0,-0.365274,-0.278892,1.820000,0.8211,0,0.218670,0.036872,1.724000,0.9559,0,-0.459389,-0.335332,1.682000,0.9868,0,0.063164,0.082191,1.664000,0.9987,0,-0.110398,0.096066,1.768000,0.9988,0
643,21.448780,1,0.114957,-0.365301,1.788000,0.9999,0,-0.197521,-0.368840,1.820000,0.9999,0,0.179199,-0.141043,1.783000,0.9266,0,-0.363066,-0.280187,1.809000,0.8265,0,0.223617,0.040611,1.763000,0.9537,0,-0.454520,-0.321291,1.625000,0.9871,0,0.067368,0.084018,1.701000,0.9988,0,-0.109149,0.094979,1.748000,0.9988,0
644,21.482136,1,0.114636,-0.364279,1.783000,0.9999,0,-0.195060,-0.369854,1.825000,0.9998,0,0.176686,-0.141961,1.758000,0.9236,0,-0.360056,-0.277863,1.794000,0.8274,0,0.218670,0.036872,1.724000,0.9446,0,-0.496630,-0.333435,1.715000,0.9831,0,0.066101,0.079688,1.669000,0.9988,0,-0.109149,0.094979,1.748000,0.9988,0
645,21.515491,1,0.116308,-0.369591,1.809000,0.9999,0,-0.190037,-0.360329,1.778000,0.9998,0,0.179701,-0.144384,1.788000,0.9220,0,-0.354742,-0.272210,1.739000,0.8316,0,0.216895,0.033756,1.710000,0.9415,0,-0.495555,-0.323519,1.664000,0.9834,0,0.066259,0.082635,1.673000,0.9988,0,-0.109149,0.097858,1.748000,0.9988,0
646,21.548847,1,0.113350,-0.360193,1.763000,0.9999,0,-0.195595,-0.370867,1.830000,0.9998,0,0.179199,-0.143980,1.783000,0.9176,0,-0.362332,-0.276498,1.748000,0.8316,0,0.226788,0.038241,1.788000,0.9334,0,-0.505293,-0.320007,1.660000,0.9815,0,0.065631,0.085401,1.729000,0.9988,0,-0.110398,0.098978,1.768000,0.9989,0
647,21.582202,1,0.113671,-0.361215,1.768000,0.9999,0,-0.196870,-0.364636,1.814000,0.9998,0,0.180304,-0.141913,1.794000,0.9102,0,-0.372298,-0.282574,1.768000,0.8341,0,0.218163,0.053788,1.720000,0.9124,0,-0.521797,-0.325873,1.705000,0.9773,0,0.067368,0.086821,1.701000,0.9988,0,-0.107651,0.099355,1.724000,0.9989,0
648,21.615558,1,0.109621,-0.348343,1.705000,0.9999,0,-0.196870,-0.364636,1.814000,0.9998,0,0.181112,-0.146093,1.773000,0.9101,0,-0.383909,-0.289127,1.809000,0.8386,0,0.221714,0.054663,1.748000,0.9095,0,-0.510826,-0.309611,1.634000,0.9752,0,0.069071,0.091888,1.744000,0.9988,0,-0.113308,0.101891,1.768000,0.9989,0
649,21.648913,1,0.113511,-0.360704,1.765500,0.9999,0,-0.197521,-0.365842,1.820000,0.9998,0,0.182644,-0.147329,1.788000,0.9008,0,-0.391377,-0.295498,1.830000,0.8376,0,0.228446,0.055602,1.778000,0.8924,0,-0.537371,-0.316702,1.701000,0.9669,0,0.067526,0.089834,1.705000,0.9988,0,-0.108275,0.102788,1.734000,0.9988,0
650,21.682269,1,0.114314,-0.360329,1.778000,0.9999,0,-0.196328,-0.363631,1.809000,0.9997,0,0.183257,-0.141913,1.794000,0.8983,0,-0.393927,-0.292915,1.814000,0.8379,0,0.216260,0.064554,1.705000,0.8822,0,-0.556358,-0.317132,1.734000,0.9617,0,0.064910,0.098548,1.710000,0.9988,0,-0.113308,0.107716,1.768000,0.9989,0
651,21.715624,1,0.115986,-0.365598,1.804000,0.9999,0,-0.196870,-0.364636,1.814000,0.9997,0,0.182134,-0.141043,1.783000,0.8991,0,-0.401726,-0.296467,1.836000,0.8384,0,0.219939,0.062795,1.734000,0.8829,0,-0.559567,-0.313215,1.744000,0.9577,0,0.064568,0.098030,1.701000,0.9988,0,-0.114974,0.109300,1.794000,0.9988,0
652,21.748979,1,0.115665,-0.364585,1.799000,0.9999,0,-0.199856,-0.364636,1.814000,0.9997,0,0.180601,-0.142769,1.768000,0.8992,0,-0.387553,-0.283872,1.758000,0.8389,0,0.228446,0.052673,1.778000,0.8815,0,-0.556969,-0.302690,1.701000,0.9493,0,0.064568,0.098030,1.701000,0.9988,0,-0.112988,0.107411,1.763000,0.9988,0
653,21.782335,1,0.112707,-0.355262,1.753000,0.9999,0,-0.201068,-0.366847,1.825000,0.9997,0,0.189163,-0.147824,1.794000,0.9021,0,-0.393778,-0.286294,1.773000,0.8403,0,0.223435,0.051517,1.739000,0.8839,0,-0.572274,-0.303723,1.739000,0.9453,0,0.062277,0.098836,1.715000,0.9988,0,-0.113983,0.105645,1.734000,0.9988,0
654,21.815690,1,0.113671,-0.358302,1.768000,0.9999,0,-0.197698,-0.355390,1.768000,0.9997,0,0.181954,-0.141557,1.753000,0.9049,0,-0.430929,-0.311000,1.926000,0.8449,0,0.224346,0.051073,1.724000,0.8871,0,-0.567199,-0.296706,1.715000,0.9434,0,0.062095,0.101365,1.710000,0.9988,0,-0.117174,0.108814,1.739000,0.9988,0
655,21.849046,1,0.116308,-0.366611,1.809000,0.9999,0,-0.199375,-0.358405,1.783000,0.9997,0,0.181954,-0.141557,1.753000,0.9036,0,-0.408855,-0.292915,1.814000,0.8480,0,0.229421,0.052228,1.763000,0.8811,0,-0.574675,-0.293431,1.729000,0.9402,0,0.060752,0.099172,1.673000,0.9988,0,-0.118117,0.109690,1.753000,0.9988,0
656,21.882401,1,0.112128,-0.353438,1.744000,0.9999,0,-0.207643,-0.367852,1.830000,0.9997,0,0.188286,-0.143495,1.814000,0.9009,0,-0.408881,-0.288716,1.788000,0.8514,0,0.228119,0.054820,1.753000,0.8684,0,-0.627192,-0.314028,1.868500,0.9356,0,0.062277,0.101662,1.715000,0.9988,0,-0.119465,0.110941,1.773000,0.9988,0
657,21.915757,1,0.113671,-0.358302,1.768000,0.9999,0,-0.202877,-0.359410,1.788000,0.9997,0,0.187767,-0.143099,1.809000,0.9021,0,-0.411397,-0.290493,1.799000,0.8501,0,0.225647,0.057082,1.734000,0.8678,0,-0.588422,-0.288840,1.753000,0.9290,0,0.062604,0.102195,1.724000,0.9988,0,-0.122383,0.110941,1.773000,0.9988,0
658,21.949112,1,0.113350,-0.360193,1.763000,0.9999,0,-0.205245,-0.358405,1.783000,0.9997,0,0.183511,-0.142769,1.768000,0.9045,0,-0.416199,-0.293883,1.820000,0.8520,0,0.226948,0.057411,1.744000,0.8699,0,-0.596814,-0.287102,1.778000,0.9255,0,0.061914,0.101069,1.705000,0.9988,0,-0.118791,0.110316,1.763000,0.9988,0
659,21.982467,1,0.112707,-0.355262,1.753000,0.9999,0,-0.209504,-0.365842,1.820000,0.9997,0,0.182992,-0.142365,1.763000,0.9062,0,-0.417813,-0.292915,1.814000,0.8512,0,0.225876,0.057872,1.758000,0.8716,0,-0.608898,-0.289926,1.814000,0.9206,0,0.059108,0.101069,1.705000,0.9988,0,-0.121348,0.110003,1.758000,0.9989,0
660,22.015823,1,0.113350,-0.357289,1.763000,0.9999,0,-0.208238,-0.363631,1.809000,0.9997,0,0.179982,-0.140023,1.734000,0.9057,0,-0.411824,-0.291662,1.788000,0.8525,0,0.224996,0.056918,1.729000,0.8703,0,-0.596814,-0.278314,1.778000,0.9207,0,0.058969,0.100832,1.701000,0.9989,0,-0.120658,0.109377,1.748000,0.9989,0
661,22.049178,1,0.111485,-0.351412,1.734000,0.9999,0,-0.212612,-0.371269,1.847000,0.9997,0,0.181954,-0.141557,1.753000,0.9070,0,-0.410672,-0.290846,1.783000,0.8528,0,0.222524,0.056292,1.710000,0.8729,0,-0.586744,-0.270739,1.748000,0.9217,0,0.058796,0.100535,1.696000,0.9989,0,-0.122383,0.110941,1.773000,0.9989,0
662,22.082533,1,0.117336,-0.372860,1.825000,0.9999,0,-0.203518,-0.355390,1.768000,0.9996,0,0.182473,-0.144857,1.758000,0.9064,0,-0.426565,-0.302102,1.852000,0.8492,0,0.224996,0.054069,1.729000,0.8722,0,-0.618605,-0.283796,1.852000,0.9189,0,0.057097,0.097631,1.647000,0.9989,0,-0.118725,0.107625,1.720000,0.9989,0
663,22.115889,1,0.115343,-0.366527,1.794000,0.9999,0,-0.205820,-0.359410,1.788000,0.9996,0,0.181954,-0.144445,1.753000,0.9059,0,-0.404914,-0.286768,1.758000,0.8477,0,0.224996,0.059766,1.729000,0.8708,0,-0.618605,-0.277694,1.852000,0.9167,0,0.058796,0.100535,1.696000,0.9989,0,-0.119001,0.107875,1.724000,0.9989,0
664,22.149244,1,0.114636,-0.361342,1.783000,0.9999,0,-0.211346,-0.369058,1.836000,0.9996,0,0.181020,-0.137958,1.744000,0.9042,0,-0.411824,-0.291662,1.788000,0.8479,0,0.226297,0.062977,1.739000,0.8666,0,-0.616935,-0.273901,1.847000,0.9174,0,0.054683,0.100892,1.656000,0.9989,0,-0.125655,0.114183,1.778000,0.9989,0
665,22.182599,1,0.118955,-0.365598,1.804000,0.9999,0,-0.205820,-0.359410,1.788000,0.9996,0,0.184549,-0.140647,1.778000,0.9061,0,-0.421498,-0.301528,1.830000,0.8482,0,0.223825,0.062288,1.720000,0.8706,0,-0.604921,-0.266899,1.820000,0.9184,0,0.055542,0.099705,1.682000,0.9989,0,-0.124948,0.113541,1.768000,0.9989,0
666,22.215955,1,0.120010,-0.368840,1.820000,0.9999,0,-0.205820,-0.359410,1.788000,0.9996,0,0.182473,-0.141961,1.758000,0.9058,0,-0.414827,-0.298891,1.814000,0.8458,0,0.222150,0.062614,1.729000,0.8719,0,-0.595310,-0.265286,1.809000,0.9179,0,0.056169,0.100832,1.701000,0.9989,0,-0.124595,0.113220,1.763000,0.9989,0
667,22.249310,1,0.115922,-0.356276,1.758000,0.9999,0,-0.204094,-0.356395,1.773000,0.9996,0,0.186949,-0.143173,1.773000,0.9032,0,-0.413683,-0.298068,1.809000,0.8437,0,0.226519,0.066750,1.763000,0.8682,0,-0.578907,-0.259273,1.768000,0.9170,0,0.057860,0.098935,1.669000,0.9989,0,-0.122192,0.111037,1.729000,0.9989,0
668,22.282665,1,0.117241,-0.360329,1.778000,0.9999,0,-0.211346,-0.369058,1.836000,0.9996,0,0.181954,-0.138670,1.753000,0.9005,0,-0.422373,-0.301286,1.847000,0.8412,0,0.216459,0.071160,1.729000,0.8622,0,-0.585456,-0.259261,1.788000,0.9161,0,0.056004,0.100535,1.696000,0.9990,0,-0.124595,0.113220,1.763000,0.9990,0
669,22.316020,1,,,,0.9999,2,-0.199604,-0.348555,1.734000,0.9997,0,0.185068,-0.141043,1.783000,0.9041,0,-0.413683,-0.295087,1.809000,0.8432,0,0.217711,0.071571,1.739000,0.8687,0,-0.564500,-0.249981,1.724000,0.9170,0,0.056631,0.101662,1.715000,0.9990,0,-0.125655,0.114183,1.778000,0.9990,0
670,22.349375,1,0.116581,-0.358302,1.768000,0.9999,0,-0.205820,-0.359410,1.788000,0.9997,0,0.183511,-0.139856,1.768000,0.9031,0,-0.402533,-0.289215,1.773000,0.8420,0,0.217085,0.068509,1.734000,0.8678,0,-0.592938,-0.263901,1.820000,0.9170,0,0.057259,0.102788,1.734000,0.9990,0,-0.124595,0.113220,1.763000,0.9990,0
671,22.382731,1,0.118955,-0.365598,1.804000,0.9999,0,-0.207086,-0.361621,1.799000,0.9997,0,0.187767,-0.143099,1.809000,0.9024,0,-0.454297,-0.326407,2.001000,0.8411,0,0.220089,0.072353,1.758000,0.8640,0,-0.584468,-0.260131,1.794000,0.9175,0,0.055707,0.100002,1.687000,0.9990,0,-0.123535,0.112257,1.748000,0.9990,0
672,22.416086,1,0.118955,-0.368570,1.804000,0.9999,0,-0.206511,-0.360616,1.794000,0.9997,0,0.182992,-0.139461,1.763000,0.8985,0,-0.421831,-0.303080,1.858000,0.8397,0,0.217711,0.071571,1.739000,0.8557,0,-0.592938,-0.263901,1.820000,0.9146,0,0.061587,0.100535,1.696000,0.9990,0,-0.124595,0.113220,1.763000,0.9990,0
673,22.449441,1,0.118626,-0.364585,1.799000,0.9999,0,-0.204094,-0.356395,1.773000,0.9997,0,0.184030,-0.140252,1.773000,0.8994,0,-0.405938,-0.291662,1.788000,0.8406,0,0.219463,0.072147,1.753000,0.8560,0,-0.594567,-0.264626,1.825000,0.9143,0,0.058969,0.100832,1.701000,0.9990,0,-0.123535,0.109377,1.748000,0.9990,0
674,22.482797,1,0.118955,-0.365598,1.804000,0.9999,0,-0.201216,-0.351369,1.748000,0.9997,0,0.182992,-0.139461,1.763000,0.9005,0,-0.414339,-0.297697,1.825000,0.8441,0,0.224885,0.070050,1.773000,0.8590,0,-0.612486,-0.272601,1.880000,0.9167,0,0.058969,0.100832,1.701000,0.9990,0,-0.123252,0.109127,1.744000,0.9990,0
675,22.516153,1,0.118296,-0.363571,1.794000,0.9999,0,-0.212612,-0.368227,1.847000,0.9997,0,0.182134,-0.141043,1.783000,0.9008,0,-0.404803,-0.290846,1.783000,0.8486,0,0.223617,0.069654,1.763000,0.8579,0,-0.592938,-0.263901,1.820000,0.9186,0,0.059454,0.101662,1.715000,0.9990,0,-0.123888,0.112578,1.753000,0.9990,0
676,22.549509,1,0.112757,-0.346548,1.710000,0.9999,0,-0.207086,-0.358657,1.799000,0.9997,0,0.185587,-0.141438,1.788000,0.9053,0,-0.403668,-0.290031,1.778000,0.8488,0,0.216260,0.047701,1.705000,0.8673,0,-0.572739,-0.254911,1.758000,0.9191,0,0.052648,0.099468,1.678000,0.9990,0,-0.123888,0.112578,1.753000,0.9990,0
677,22.582865,1,0.115263,-0.354249,1.748000,0.9999,0,-0.200755,-0.347692,1.744000,0.9997,0,0.182473,-0.139065,1.758000,0.8980,0,-0.405938,-0.291662,1.788000,0.8486,0,0.219939,0.051369,1.734000,0.8498,0,-0.587726,-0.261581,1.804000,0.9175,0,0.059281,0.101365,1.710000,0.9990,0,-0.121202,0.110138,1.715000,0.9990,0
678,22.616221,1,0.116581,-0.358302,1.768000,0.9999,0,-0.210655,-0.364837,1.830000,0.9997,0,0.184030,-0.140252,1.773000,0.9000,0,-0.421831,-0.303080,1.858000,0.8499,0,0.224251,0.052376,1.768000,0.8529,0,-0.602810,-0.266946,1.841000,0.9168,0,0.053087,0.100298,1.692000,0.9990,0,-0.121556,0.107625,1.720000,0.9990,0
679,22.649577,1,0.116911,-0.359315,1.773000,0.9999,0,-0.212499,-0.362844,1.820000,0.9997,0,0.179463,-0.136771,1.729000,0.9048,0,-0.413203,-0.296882,1.820000,0.8528,0,0.224885,0.052524,1.773000,0.8622,0,-0.584468,-0.260131,1.794000,0.9185,0,0.056466,0.098548,1.710000,0.9990,0,-0.124676,0.107875,1.724000,0.9990,0
680,22.682932,1,0.117900,-0.362355,1.788000,0.9999,0,-0.205245,-0.355467,1.783000,0.9997,0,0.182992,-0.142365,1.763000,0.9050,0,-0.410706,-0.295087,1.809000,0.8540,0,0.222793,0.051369,1.734000,0.8623,0,-0.599208,-0.268365,1.830000,0.9182,0,0.059281,0.098548,1.710000,0.9990,0,-0.123535,0.109377,1.748000,0.9990,0
681,22.716288,1,0.118626,-0.364585,1.799000,0.9999,0,-0.211921,-0.367031,1.841000,0.9997,0,0.190744,-0.146080,1.809000,0.9053,0,-0.415474,-0.298513,1.830000,0.8554,0,0.228446,0.055602,1.778000,0.8629,0,-0.602810,-0.269979,1.841000,0.9172,0,0.057686,0.095897,1.664000,0.9990,0,-0.127139,0.112568,1.799000,0.9990,0
682,22.749644,1,0.114010,-0.350398,1.729000,0.9999,0,-0.207086,-0.358657,1.799000,0.9997,0,0.182992,-0.139461,1.763000,0.9042,0,-0.411841,-0.295903,1.814000,0.8583,0,0.224592,0.054663,1.748000,0.8597,0,-0.602220,-0.268365,1.830000,0.9181,0,0.058310,0.096935,1.682000,0.9990,0,-0.125655,0.111254,1.778000,0.9990,0
683,22.783000,1,0.118296,-0.363571,1.794000,0.9999,0,-0.202942,-0.351480,1.763000,0.9997,0,0.186210,-0.144868,1.794000,0.9060,0,-0.402533,-0.289215,1.773000,0.8563,0,0.225647,0.051369,1.734000,0.8631,0,-0.604195,-0.269245,1.836000,0.9172,0,0.056004,0.097741,1.696000,0.9990,0,-0.124595,0.110316,1.763000,0.9990,0
684,22.816356,1,0.116581,-0.358302,1.768000,0.9999,0,-0.207662,-0.359654,1.804000,0.9997,0,0.185068,-0.143980,1.783000,0.9049,0,-0.417971,-0.300307,1.841000,0.8536,0,0.222524,0.053475,1.710000,0.8612,0,-0.592019,-0.263819,1.799000,0.9123,0,0.059628,0.099124,1.720000,0.9990,0,-0.122192,0.108188,1.729000,0.9990,0
685,22.849712,1,0.115922,-0.356276,1.758000,0.9999,0,-0.210655,-0.364837,1.830000,0.9997,0,0.186210,-0.144868,1.794000,0.9037,0,-0.402995,-0.291662,1.788000,0.8511,0,0.223174,0.053632,1.715000,0.8588,0,-0.599208,-0.268365,1.830000,0.9114,0,0.060598,0.100738,1.748000,0.9990,0,-0.126008,0.111567,1.783000,0.9990,0
686,22.883068,1,0.115592,-0.355262,1.753000,0.9999,0,-0.211921,-0.367031,1.841000,0.9996,0,0.184840,-0.141557,1.753000,0.9047,0,-0.416293,-0.298243,1.847000,0.8511,0,0.224996,0.056918,1.729000,0.8566,0,-0.598930,-0.269897,1.820000,0.9074,0,0.061587,0.097741,1.696000,0.9990,0,-0.123535,0.109377,1.748000,0.9990,0
687,22.916423,1,0.117900,-0.362355,1.788000,0.9999,0,-0.202942,-0.354384,1.763000,0.9996,0,0.189163,-0.144868,1.794000,0.9084,0,-0.402533,-0.286294,1.773000,0.8458,0,0.222349,0.057708,1.753000,0.8628,0,-0.581817,-0.268011,1.768000,0.9015,0,0.056004,0.097741,1.696000,0.9990,0,-0.123664,0.106999,1.710000,0.9990,0
688,22.949779,1,0.116581,-0.358302,1.768000,0.9999,0,-0.210655,-0.364837,1.830000,0.9996,0,0.186421,-0.142769,1.768000,0.9110,0,-0.414339,-0.291684,1.825000,0.8444,0,0.219939,0.059939,1.734000,0.8671,0,-0.602926,-0.283949,1.814000,0.8968,0,0.056169,0.098030,1.701000,0.9990,0,-0.128943,0.111567,1.783000,0.9990,0
689,22.983135,1,0.120340,-0.369854,1.825000,0.9999,0,-0.213878,-0.373481,1.858000,0.9996,0,0.185367,-0.141961,1.758000,0.9104,0,-0.403668,-0.281243,1.778000,0.8417,0,0.220994,0.059455,1.720000,0.8630,0,-0.614931,-0.303340,1.841000,0.8890,0,0.059940,0.099643,1.729000,0.9990,0,-0.124948,0.110629,1.768000,0.9990,0
690,23.016491,1,0.117900,-0.362355,1.788000,0.9999,0,-0.201216,-0.351369,1.748000,0.9996,0,0.186421,-0.142769,1.768000,0.9134,0,-0.393678,-0.274283,1.734000,0.8427,0,0.219709,0.056292,1.710000,0.8677,0,-0.599232,-0.310373,1.794000,0.8874,0,0.052930,0.097223,1.687000,0.9990,0,-0.125761,0.108814,1.739000,0.9989,0
691,23.049846,1,0.116252,-0.357289,1.763000,0.9999,0,-0.199029,-0.344702,1.729000,0.9996,0,0.187476,-0.140647,1.778000,0.9132,0,-0.396234,-0.278080,1.758000,0.8395,0,0.224592,0.060423,1.748000,0.8667,0,-0.597228,-0.324063,1.788000,0.8808,0,0.056301,0.098260,1.705000,0.9989,0,-0.128581,0.111254,1.778000,0.9989,0
692,23.083202,1,0.113416,-0.348574,1.720000,0.9999,0,-0.211387,-0.371417,1.863000,0.9996,0,0.187248,-0.142704,1.804000,0.9127,0,-0.410208,-0.287887,1.820000,0.8453,0,0.220352,0.056457,1.715000,0.8647,0,-0.602926,-0.343717,1.814000,0.8855,0,0.059281,0.098548,1.710000,0.9989,0,-0.123252,0.109127,1.744000,0.9989,0
693,23.116558,1,0.116581,-0.361215,1.768000,0.9999,0,-0.204693,-0.359654,1.804000,0.9996,0,0.179580,-0.139065,1.758000,0.9115,0,-0.411911,-0.291209,1.841000,0.8498,0,0.224078,0.057411,1.744000,0.8613,0,-0.619213,-0.365278,1.863000,0.8894,0,0.062604,0.099355,1.724000,0.9989,0,-0.113983,0.108501,1.734000,0.9988,0
694,23.149914,1,0.116629,-0.370613,1.814000,0.9999,0,-0.199934,-0.356464,1.788000,0.9996,0,0.184030,-0.140252,1.773000,0.9117,0,-0.409450,-0.289469,1.830000,0.8505,0,0.220352,0.056457,1.715000,0.8593,0,-0.607815,-0.371269,1.847000,0.8914,0,0.061079,0.096935,1.682000,0.9989,0,-0.113654,0.108188,1.729000,0.9988,0
695,23.183270,1,0.118955,-0.368570,1.804000,0.9999,0,-0.199934,-0.356464,1.788000,0.9996,0,0.187248,-0.142704,1.804000,0.9092,0,-0.401774,-0.286147,1.809000,0.8518,0,0.225876,0.057872,1.758000,0.8522,0,-0.570476,-0.369116,1.778000,0.8950,0,0.067526,0.098260,1.705000,0.9988,0,-0.113949,0.111254,1.778000,0.9988,0
696,23.216625,1,0.113993,-0.362236,1.773000,0.9999,0,-0.200605,-0.360616,1.794000,0.9996,0,0.184549,-0.140647,1.778000,0.9117,0,-0.402820,-0.291209,1.841000,0.8509,0,0.224592,0.060423,1.748000,0.8593,0,-0.551362,-0.376841,1.773000,0.9022,0,0.063164,0.093156,1.664000,0.9988,0,-0.111770,0.103381,1.744000,0.9988,0
697,23.249981,1,0.122120,-0.378377,1.852000,0.9999,0,-0.202283,-0.363631,1.809000,0.9996,0,0.181954,-0.138670,1.753000,0.9093,0,-0.405227,-0.296000,1.852000,0.8524,0,0.221508,0.059593,1.724000,0.8573,0,-0.557040,-0.401015,1.830000,0.9095,0,0.067368,0.095227,1.701000,0.9988,0,-0.110488,0.105035,1.724000,0.9988,0
698,23.283337,1,0.115665,-0.367548,1.799000,0.9999,0,-0.203177,-0.365239,1.817000,0.9996,0,0.188286,-0.143495,1.814000,0.9129,0,-0.389584,-0.289685,1.794000,0.8471,0,0.224078,0.057411,1.744000,0.8669,0,-0.538738,-0.408333,1.809000,0.9157,0,0.063164,0.093156,1.664000,0.9988,0,-0.112667,0.107107,1.758000,0.9988,0
699,23.316693,1,0.116629,-0.370613,1.814000,0.9999,0,-0.200517,-0.365842,1.820000,0.9996,0,0.181623,-0.140647,1.778000,0.9114,0,-0.395230,-0.293883,1.820000,0.8439,0,0.227161,0.049464,1.768000,0.8691,0,-0.531487,-0.426978,1.825000,0.9195,0,0.069071,0.094761,1.744000,0.9988,0,-0.111335,0.108630,1.783000,0.9987,0
700,23.350048,1,0.113350,-0.360193,1.763000,0.9999,0,-0.199305,-0.360651,1.809000,0.9996,0,0.188671,-0.146105,1.847000,0.9099,0,-0.398704,-0.299492,1.836000,0.8313,0,0.217529,0.062107,1.715000,0.8762,0,-0.491800,-0.417602,1.748000,0.9264,0,0.069384,0.091393,1.682000,0.9987,0,-0.111023,0.108325,1.778000,0.9987,0
701,23.383404,1,0.115986,-0.368570,1.804000,0.9999,0,-0.201619,-0.367852,1.830000,0.9996,0,0.181623,-0.140647,1.778000,0.9122,0,-0.378998,-0.292915,1.814000,0.8205,0,0.221341,0.064027,1.768000,0.8856,0,-0.487161,-0.426495,1.773000,0.9328,0,0.062860,0.089980,1.656000,0.9988,0,-0.107963,0.099643,1.729000,0.9987,0
702,23.416760,1,0.115665,-0.367548,1.799000,0.9999,0,-0.198607,-0.367852,1.830000,0.9996,0,0.184790,-0.143099,1.809000,0.9126,0,-0.358759,-0.286294,1.773000,0.8148,0,0.219463,0.054820,1.753000,0.8924,0,-0.499625,-0.445075,1.863000,0.9387,0,0.064227,0.089149,1.692000,0.9987,0,-0.108587,0.100219,1.739000,0.9987,0
703,23.450115,1,0.112386,-0.357129,1.748000,0.9999,0,-0.196328,-0.363631,1.809000,0.9997,0,0.181812,-0.143099,1.809000,0.9099,0,-0.369281,-0.294691,1.825000,0.8054,0,0.215332,0.059455,1.720000,0.8966,0,-0.473578,-0.438677,1.799000,0.9438,0,0.063505,0.088148,1.673000,0.9987,0,-0.112026,0.097858,1.748000,0.9987,0
704,23.483472,1,0.113993,-0.362236,1.773000,0.9999,0,-0.188434,-0.357289,1.763000,0.9997,0,0.183420,-0.144365,1.825000,0.9090,0,-0.359094,-0.291300,1.804000,0.8006,0,0.214231,0.062795,1.734000,0.9011,0,-0.486887,-0.471949,1.897000,0.9484,0,0.065631,0.091098,1.729000,0.9987,0,-0.111450,0.097355,1.739000,0.9987,0
705,23.516829,1,0.108318,-0.353247,1.729000,0.9999,0,-0.190571,-0.361342,1.783000,0.9997,0,0.176686,-0.139065,1.758000,0.9078,0,-0.365274,-0.293883,1.820000,0.8003,0,0.212995,0.065273,1.724000,0.9058,0,-0.446691,-0.450229,1.763000,0.9528,0,0.059281,0.090097,1.710000,0.9987,0,-0.111129,0.097075,1.734000,0.9987,0
706,23.550185,1,0.112390,-0.366527,1.794000,0.9999,0,-0.191106,-0.362355,1.788000,0.9997,0,0.181310,-0.142704,1.804000,0.9039,0,-0.358852,-0.288716,1.788000,0.7988,0,0.212501,0.067956,1.720000,0.9060,0,-0.473241,-0.473914,1.880000,0.9566,0,0.061442,0.089149,1.692000,0.9987,0,-0.111450,0.097355,1.739000,0.9987,0
707,23.583542,1,0.109258,-0.356311,1.744000,0.9999,0,-0.186584,-0.359315,1.773000,0.9997,0,0.177691,-0.136944,1.768000,0.9033,0,-0.362063,-0.291300,1.804000,0.7982,0,0.210158,0.068114,1.724000,0.9098,0,-0.453099,-0.462822,1.836000,0.9600,0,0.055410,0.088411,1.678000,0.9988,0,-0.110809,0.096795,1.729000,0.9987,0
708,23.616898,1,0.114019,-0.374837,1.820000,0.9999,0,-0.189320,-0.364585,1.799000,0.9997,0,0.180807,-0.139345,1.799000,0.9010,0,-0.357111,-0.292107,1.809000,0.7982,0,0.214302,0.069457,1.758000,0.9115,0,-0.464830,-0.478079,1.909000,0.9633,0,0.058796,0.089359,1.696000,0.9987,0,-0.114974,0.100434,1.794000,0.9987,0
709,23.650255,1,0.112390,-0.369482,1.794000,0.9999,0,-0.188163,-0.362355,1.788000,0.9997,0,0.181310,-0.139732,1.804000,0.9004,0,-0.359283,-0.293883,1.820000,0.8007,0,0.211883,0.067758,1.715000,0.9152,0,-0.432424,-0.450722,1.788000,0.9664,0,0.055542,0.088622,1.682000,0.9987,0,-0.112734,0.096011,1.715000,0.9986,0
710,23.683611,1,0.111701,-0.367217,1.783000,0.9999,0,-0.188794,-0.363571,1.794000,0.9997,0,0.182918,-0.140971,1.820000,0.9020,0,-0.356398,-0.293442,1.836000,0.7968,0,0.216578,0.063484,1.753000,0.9196,0,-0.417712,-0.435505,1.739000,0.9682,0,0.058796,0.089359,1.696000,0.9987,0,-0.113983,0.097075,1.734000,0.9986,0
711,23.716968,1,0.112390,-0.369482,1.794000,0.9999,0,-0.189320,-0.364585,1.799000,0.9997,0,0.177691,-0.136944,1.768000,0.9050,0,-0.357266,-0.291684,1.825000,0.7974,0,0.216459,0.062614,1.729000,0.9244,0,-0.430923,-0.449279,1.794000,0.9706,0,0.060933,0.085647,1.678000,0.9987,0,-0.116218,0.098978,1.768000,0.9986,0
712,23.750324,1,0.112707,-0.358150,1.753000,0.9999,0,-0.185532,-0.357289,1.763000,0.9997,0,0.177189,-0.136556,1.763000,0.9055,0,-0.353155,-0.288328,1.804000,0.7996,0,0.215833,0.059593,1.724000,0.9271,0,-0.456126,-0.478533,1.886000,0.9727,0,0.061079,0.085851,1.682000,0.9987,0,-0.119242,0.101553,1.814000,0.9986,0
713,23.783681,1,0.113017,-0.371542,1.804000,0.9999,0,-0.194526,-0.368840,1.820000,0.9997,0,0.181812,-0.140119,1.809000,0.9036,0,-0.352176,-0.290493,1.799000,0.8000,0,0.214080,0.061926,1.710000,0.9261,0,-0.430498,-0.448593,1.768000,0.9745,0,0.058796,0.086565,1.696000,0.9987,0,-0.115232,0.098138,1.753000,0.9986,0
714,23.817037,1,0.113643,-0.373601,1.814000,0.9999,0,-0.192281,-0.364585,1.799000,0.9998,0,0.181812,-0.140119,1.809000,0.9014,0,-0.349044,-0.287909,1.783000,0.7987,0,0.218337,0.066031,1.744000,0.9262,0,-0.450951,-0.469906,1.852000,0.9760,0,0.061260,0.086106,1.687000,0.9987,0,-0.114640,0.097635,1.744000,0.9986,0
715,23.850394,1,0.114957,-0.368246,1.788000,0.9999,0,-0.190373,-0.366611,1.809000,0.9998,0,0.180304,-0.138957,1.794000,0.9029,0,-0.357111,-0.292107,1.809000,0.7992,0,0.213613,0.059766,1.729000,0.9293,0,-0.459392,-0.475488,1.874000,0.9776,0,0.061079,0.085851,1.682000,0.9987,0,-0.111770,0.097635,1.744000,0.9986,0
716,23.883750,1,0.113671,-0.364127,1.768000,0.9999,0,-0.195529,-0.376541,1.858000,0.9998,0,0.179199,-0.141043,1.783000,0.9048,0,-0.356845,-0.290031,1.778000,0.8012,0,0.215332,0.050954,1.720000,0.9328,0,-0.455814,-0.474723,1.847000,0.9792,0,0.060607,0.085187,1.669000,0.9987,0,-0.113063,0.096291,1.720000,0.9986,0
717,23.917107,1,0.111485,-0.357125,1.734000,0.9999,0,-0.200297,-0.379784,1.874000,0.9998,0,0.179701,-0.141438,1.788000,0.9048,0,-0.364070,-0.295903,1.814000,0.8001,0,0.218337,0.045919,1.744000,0.9353,0,-0.458528,-0.477551,1.858000,0.9805,0,0.067368,0.086821,1.701000,0.9986,0,-0.111450,0.097355,1.739000,0.9985,0
718,23.950463,1,0.115665,-0.367548,1.799000,0.9999,0,-0.192281,-0.364585,1.799000,0.9998,0,0.180807,-0.142308,1.799000,0.9071,0,-0.360056,-0.292641,1.794000,0.7944,0,0.213613,0.039828,1.729000,0.9396,0,-0.440887,-0.450229,1.763000,0.9817,0,0.059662,0.083860,1.643000,0.9986,0,-0.113654,0.093946,1.729000,0.9985,0
719,23.983820,1,0.115665,-0.367548,1.799000,0.9999,0,-0.195060,-0.369854,1.825000,0.9998,0,0.184790,-0.143099,1.809000,0.9050,0,-0.365274,-0.296882,1.820000,0.7941,0,0.218337,0.051665,1.744000,0.9389,0,-0.459396,-0.457043,1.825000,0.9827,0,0.061079,0.085851,1.682000,0.9986,0,-0.116547,0.099258,1.773000,0.9984,0
720,24.017176,1,0.113671,-0.361215,1.768000,0.9999,0,-0.195595,-0.370867,1.830000,0.9998,0,0.181310,-0.142704,1.804000,0.9017,0,-0.362063,-0.294272,1.804000,0.7933,0,0.218337,0.051665,1.744000,0.9382,0,-0.468209,-0.453748,1.836000,0.9838,0,0.060607,0.085187,1.669000,0.9986,0,-0.118585,0.100994,1.804000,0.9985,0
721,24.050533,1,0.115343,-0.366527,1.794000,0.9999,0,-0.192816,-0.365598,1.804000,0.9998,0,0.178194,-0.137331,1.773000,0.8986,0,-0.372285,-0.297697,1.825000,0.7920,0,0.212327,0.055831,1.696000,0.9360,0,-0.466356,-0.440413,1.794000,0.9846,0,0.061587,0.089359,1.696000,0.9986,0,-0.115561,0.101314,1.758000,0.9985,0
722,24.083889,1,0.120165,-0.381850,1.869000,0.9999,0,-0.193350,-0.366611,1.809000,0.9998,0,0.178696,-0.137718,1.778000,0.8985,0,-0.376317,-0.298513,1.830000,0.7885,0,0.216260,0.056128,1.705000,0.9374,0,-0.480512,-0.445323,1.814000,0.9851,0,0.061260,0.088885,1.687000,0.9986,0,-0.113654,0.099643,1.729000,0.9985,0
723,24.117246,1,0.115986,-0.368570,1.804000,0.9999,0,-0.194526,-0.368840,1.820000,0.9998,0,0.180304,-0.138957,1.794000,0.8954,0,-0.372903,-0.293456,1.799000,0.7875,0,0.217529,0.062107,1.715000,0.9351,0,-0.486771,-0.439896,1.804000,0.9859,0,0.060280,0.087463,1.660000,0.9986,0,-0.112026,0.100738,1.748000,0.9985,0
724,24.150602,1,0.115665,-0.367548,1.799000,0.9999,0,-0.195595,-0.367852,1.830000,0.9998,0,0.182918,-0.140971,1.820000,0.8952,0,-0.388365,-0.301528,1.830000,0.7850,0,0.218163,0.062288,1.720000,0.9349,0,-0.503054,-0.433049,1.788000,0.9864,0,0.064227,0.091936,1.692000,0.9986,0,-0.114269,0.105693,1.783000,0.9985,0
725,24.183959,1,0.116308,-0.369591,1.809000,0.9999,0,-0.191747,-0.360616,1.794000,0.9998,0,0.178558,-0.138274,1.748000,0.8992,0,-0.373840,-0.290896,1.748000,0.7844,0,0.216459,0.059766,1.729000,0.9376,0,-0.502073,-0.414708,1.724000,0.9864,0,0.064227,0.091936,1.692000,0.9986,0,-0.112077,0.101069,1.705000,0.9985,0
726,24.217315,1,0.113993,-0.362236,1.773000,0.9999,0,-0.189502,-0.356395,1.773000,0.9998,0,0.183257,-0.141913,1.794000,0.8989,0,-0.384260,-0.296721,1.783000,0.7908,0,0.212953,0.053194,1.701000,0.9335,0,-0.543756,-0.432576,1.836000,0.9848,0,0.069219,0.091175,1.678000,0.9986,0,-0.106214,0.106436,1.701000,0.9985,0
727,24.250672,1,0.114314,-0.363258,1.778000,0.9999,0,-0.193506,-0.358405,1.783000,0.9998,0,0.184790,-0.143099,1.809000,0.9037,0,-0.385754,-0.296297,1.763000,0.7930,0,0.220715,0.060941,1.763000,0.9367,0,-0.547670,-0.420254,1.809000,0.9847,0,0.068848,0.096185,1.669000,0.9986,0,-0.111023,0.114183,1.778000,0.9985,0
728,24.284028,1,0.115986,-0.368570,1.804000,0.9999,0,-0.196328,-0.363631,1.809000,0.9998,0,0.183257,-0.144868,1.794000,0.9104,0,-0.382471,-0.293776,1.748000,0.8012,0,0.220715,0.043515,1.763000,0.9417,0,-0.536771,-0.397286,1.773000,0.9849,0,0.062459,0.099124,1.720000,0.9986,0,-0.114903,0.112257,1.748000,0.9985,0
729,24.317384,1,0.113993,-0.362236,1.773000,0.9999,0,-0.192963,-0.357400,1.778000,0.9998,0,0.183257,-0.144868,1.794000,0.9095,0,-0.376554,-0.291423,1.734000,0.8060,0,0.220573,0.042923,1.739000,0.9379,0,-0.553625,-0.393433,1.809000,0.9846,0,0.061587,0.097741,1.696000,0.9986,0,-0.109911,0.110138,1.715000,0.9985,0
730,24.350741,1,0.112390,-0.366527,1.794000,0.9999,0,-0.199258,-0.369058,1.836000,0.9998,0,0.183768,-0.145272,1.799000,0.9088,0,-0.399319,-0.306717,1.825000,0.8053,0,0.214080,0.042207,1.710000,0.9349,0,-0.558033,-0.383429,1.804000,0.9833,0,0.060933,0.093940,1.678000,0.9986,0,-0.110809,0.108188,1.729000,0.9985,0
731,24.384097,1,0.113993,-0.362236,1.773000,0.9999,0,-0.196991,-0.359410,1.788000,0.9998,0,0.182134,-0.141043,1.783000,0.9066,0,-0.383566,-0.294616,1.753000,0.8096,0,0.223617,0.049324,1.763000,0.9292,0,-0.534880,-0.359909,1.720000,0.9828,0,0.064227,0.097511,1.692000,0.9986,0,-0.112026,0.115136,1.748000,0.9985,0
732,24.417454,1,0.115343,-0.366527,1.794000,0.9999,0,-0.195339,-0.356395,1.773000,0.9998,0,0.184790,-0.143099,1.809000,0.9119,0,-0.386848,-0.297137,1.768000,0.8149,0,0.222983,0.049184,1.758000,0.9335,0,-0.564112,-0.376590,1.814000,0.9820,0,0.058657,0.097511,1.692000,0.9986,0,-0.117533,0.114826,1.788000,0.9985,0
733,24.450810,1,0.113671,-0.361215,1.768000,0.9999,0,-0.200517,-0.365842,1.820000,0.9997,0,0.183768,-0.142308,1.799000,0.9057,0,-0.415771,-0.316969,1.886000,0.8206,0,0.228446,0.055602,1.778000,0.9145,0,-0.569910,-0.374514,1.804000,0.9800,0,0.061442,0.097511,1.692000,0.9986,0,-0.115232,0.112578,1.753000,0.9985,0
734,24.484165,1,0.115665,-0.367548,1.799000,0.9999,0,-0.202280,-0.369058,1.836000,0.9997,0,0.179069,-0.138670,1.753000,0.9086,0,-0.393064,-0.299658,1.783000,0.8248,0,0.224885,0.055445,1.773000,0.9165,0,-0.546204,-0.354242,1.720000,0.9786,0,0.059953,0.095148,1.651000,0.9986,0,-0.113983,0.108501,1.734000,0.9985,0
735,24.517519,1,0.115343,-0.366527,1.794000,0.9999,0,-0.200517,-0.365842,1.820000,0.9997,0,0.183768,-0.142308,1.799000,0.9056,0,-0.388226,-0.293776,1.748000,0.8311,0,0.224592,0.051784,1.748000,0.9015,0,-0.575633,-0.362068,1.758000,0.9724,0,0.061587,0.097741,1.696000,0.9985,0,-0.114312,0.108814,1.739000,0.9985,0
736,24.550873,1,0.117336,-0.369854,1.825000,0.9999,0,-0.210222,-0.377903,1.880000,0.9997,0,0.183511,-0.139856,1.768000,0.9075,0,-0.397815,-0.298818,1.778000,0.8365,0,0.224592,0.051784,1.748000,0.9012,0,-0.578526,-0.359172,1.758000,0.9689,0,0.058310,0.096935,1.682000,0.9986,0,-0.115232,0.109690,1.753000,0.9985,0
737,24.584228,1,0.110585,-0.348574,1.720000,0.9999,0,-0.198816,-0.357400,1.778000,0.9997,0,0.181435,-0.135394,1.748000,0.9091,0,-0.400741,-0.298818,1.778000,0.8429,0,0.220994,0.056621,1.720000,0.8966,0,-0.591779,-0.357289,1.763000,0.9648,0,0.060280,0.095667,1.660000,0.9985,0,-0.115561,0.110003,1.758000,0.9985,0
738,24.617582,1,0.112386,-0.354249,1.748000,0.9999,0,-0.198257,-0.353474,1.773000,0.9997,0,0.184549,-0.140647,1.778000,0.9090,0,-0.395107,-0.294616,1.753000,0.8460,0,0.222793,0.057082,1.734000,0.8929,0,-0.606056,-0.356464,1.788000,0.9578,0,0.061769,0.100832,1.701000,0.9985,0,-0.113654,0.111037,1.729000,0.9985,0
739,24.650937,1,0.115665,-0.364585,1.799000,0.9999,0,-0.201164,-0.358657,1.799000,0.9996,0,0.184030,-0.140252,1.773000,0.9135,0,-0.410253,-0.301507,1.794000,0.8470,0,0.225234,0.051932,1.753000,0.8992,0,-0.599963,-0.337935,1.753000,0.9486,0,0.061914,0.101069,1.705000,0.9986,0,-0.115232,0.115466,1.753000,0.9985,0
740,24.684291,1,0.112386,-0.354249,1.748000,0.9999,0,-0.200608,-0.352477,1.768000,0.9996,0,0.181435,-0.138274,1.748000,0.9170,0,-0.426354,-0.309723,1.825000,0.8448,0,0.222150,0.045524,1.729000,0.9039,0,-0.609761,-0.325452,1.748000,0.9373,0,0.056797,0.107625,1.720000,0.9986,0,-0.120381,0.114873,1.744000,0.9986,0
741,24.717645,1,0.116629,-0.367624,1.814000,0.9999,0,-0.207662,-0.359654,1.804000,0.9996,0,0.183257,-0.141913,1.794000,0.9169,0,-0.427522,-0.310572,1.830000,0.8412,0,0.226519,0.046419,1.763000,0.9037,0,-0.604877,-0.305706,1.734000,0.9257,0,0.056631,0.110138,1.715000,0.9986,0,-0.118725,0.118959,1.720000,0.9985,0
742,24.751000,1,0.117658,-0.370867,1.830000,0.9999,0,-0.207086,-0.358657,1.799000,0.9996,0,0.182644,-0.141438,1.788000,0.9174,0,-0.428181,-0.308875,1.820000,0.8366,0,0.221508,0.045393,1.724000,0.9057,0,-0.604877,-0.291423,1.734000,0.9145,0,0.059108,0.106687,1.705000,0.9986,0,-0.123073,0.123316,1.783000,0.9985,0
743,24.784354,1,0.114957,-0.362355,1.788000,0.9999,0,-0.207662,-0.359654,1.804000,0.9996,0,0.187767,-0.143099,1.809000,0.9181,0,-0.440886,-0.321126,1.874000,0.8352,0,0.222150,0.051221,1.729000,0.9056,0,-0.618481,-0.280452,1.773000,0.9088,0,0.055112,0.107183,1.669000,0.9987,0,-0.122545,0.119928,1.734000,0.9986,0
744,24.817708,1,0.113993,-0.359315,1.773000,0.9999,0,-0.211921,-0.367031,1.841000,0.9996,0,0.185068,-0.141043,1.783000,0.9194,0,-0.418300,-0.304676,1.778000,0.8373,0,0.226519,0.052228,1.763000,0.9085,0,-0.617299,-0.269527,1.778000,0.9107,0,0.053652,0.106999,1.710000,0.9987,0,-0.132247,0.117771,1.788000,0.9986,0
745,24.851062,1,0.114010,-0.350398,1.729000,0.9999,0,-0.211215,-0.363631,1.809000,0.9996,0,0.184030,-0.140252,1.773000,0.9202,0,-0.428181,-0.311873,1.820000,0.8404,0,0.219709,0.050658,1.710000,0.9088,0,-0.622107,-0.268266,1.809000,0.9095,0,0.052930,0.105560,1.687000,0.9987,0,-0.129289,0.115136,1.748000,0.9986,0
746,24.884417,1,0.118955,-0.365598,1.804000,0.9999,0,-0.208763,-0.359410,1.788000,0.9996,0,0.184549,-0.140647,1.778000,0.9193,0,-0.419477,-0.305533,1.783000,0.8434,0,0.224078,0.054538,1.744000,0.9073,0,-0.625890,-0.263901,1.820000,0.9103,0,0.053495,0.106687,1.705000,0.9987,0,-0.128993,0.114873,1.744000,0.9987,0
747,24.917771,1,0.112427,-0.345535,1.705000,0.9999,0,-0.208763,-0.359410,1.788000,0.9996,0,0.177639,-0.137562,1.739000,0.9183,0,-0.428181,-0.311873,1.820000,0.8479,0,0.222793,0.057082,1.734000,0.9054,0,-0.590607,-0.251431,1.734000,0.9137,0,0.053213,0.106123,1.696000,0.9988,0,-0.132166,0.112257,1.748000,0.9987,0
748,24.951125,1,0.118626,-0.361621,1.799000,0.9999,0,-0.211799,-0.364636,1.814000,0.9996,0,0.176618,-0.136771,1.729000,0.9176,0,-0.435710,-0.314306,1.852000,0.8498,0,0.222150,0.056918,1.729000,0.9035,0,-0.607296,-0.252661,1.783000,0.9119,0,0.054091,0.107875,1.724000,0.9988,0,-0.131107,0.111358,1.734000,0.9987,0
749,24.984479,1,0.113680,-0.346545,1.724000,0.9999,0,-0.210631,-0.362626,1.804000,0.9996,0,0.184549,-0.140647,1.778000,0.9128,0,-0.419477,-0.302596,1.783000,0.8514,0,0.222150,0.065463,1.729000,0.8902,0,-0.586058,-0.245009,1.729000,0.9109,0,0.059940,0.108188,1.729000,0.9988,0,-0.126122,0.112000,1.744000,0.9988,0
750,25.017833,1,0.114314,-0.357400,1.778000,0.9999,0,-0.214367,-0.369058,1.836000,0.9997,0,0.184549,-0.140647,1.778000,0.9132,0,-0.435710,-0.314306,1.852000,0.8538,0,0.224592,0.063302,1.748000,0.8916,0,-0.592498,-0.247701,1.748000,0.9124,0,0.056631,0.107312,1.715000,0.9988,0,-0.124025,0.112963,1.715000,0.9988,0
751,25.051187,1,0.114957,-0.359410,1.788000,0.9999,0,-0.211215,-0.363631,1.809000,0.9997,0,0.185068,-0.141043,1.783000,0.9134,0,-0.426354,-0.306717,1.825000,0.8571,0,0.223435,0.062977,1.739000,0.8948,0,-0.611884,-0.260042,1.814000,0.9167,0,0.055707,0.105560,1.687000,0.9988,0,-0.125399,0.114214,1.734000,0.9988,0
752,25.084541,1,0.116629,-0.364636,1.814000,0.9999,0,-0.211215,-0.363631,1.809000,0.9997,0,0.187248,-0.142704,1.804000,0.9150,0,-0.445978,-0.320834,1.909000,0.8585,0,0.223435,0.054382,1.739000,0.8972,0,-0.601427,-0.255598,1.783000,0.9179,0,0.054248,0.108188,1.729000,0.9988,0,-0.126122,0.114873,1.744000,0.9988,0
753,25.117895,1,0.115665,-0.364585,1.799000,0.9999,0,-0.210631,-0.362626,1.804000,0.9997,0,0.182473,-0.139065,1.758000,0.9154,0,-0.431493,-0.310414,1.847000,0.8614,0,0.223435,0.060112,1.739000,0.8967,0,-0.613907,-0.263901,1.820000,0.9211,0,0.053369,0.103634,1.701000,0.9989,0,-0.127496,0.113220,1.763000,0.9988,0
754,25.151249,1,0.114957,-0.359410,1.788000,0.9999,0,-0.208763,-0.359410,1.788000,0.9997,0,0.186210,-0.141913,1.794000,0.9138,0,-0.431493,-0.310414,1.847000,0.8633,0,0.219939,0.059939,1.734000,0.8919,0,-0.610197,-0.262306,1.809000,0.9204,0,0.052930,0.102781,1.687000,0.9989,0,-0.127496,0.113220,1.763000,0.9989,0
755,25.184603,1,0.113671,-0.358302,1.768000,0.9999,0,-0.211215,-0.363631,1.809000,0.9997,0,0.182134,-0.143980,1.783000,0.9128,0,-0.432165,-0.313103,1.863000,0.8626,0,0.222150,0.048373,1.729000,0.8912,0,-0.619304,-0.263196,1.836000,0.9193,0,0.057259,0.102788,1.734000,0.9989,0,-0.126773,0.112578,1.753000,0.9989,0
756,25.217957,1,0.117658,-0.370867,1.830000,0.9999,0,-0.209464,-0.357660,1.794000,0.9997,0,0.182134,-0.138105,1.783000,0.9101,0,-0.406263,-0.292263,1.739000,0.8661,0,0.222793,0.059939,1.734000,0.8806,0,-0.605137,-0.260131,1.794000,0.9210,0,0.060113,0.105645,1.734000,0.9989,0,-0.126008,0.117442,1.783000,0.9989,0
757,25.251311,1,0.115665,-0.364585,1.799000,0.9999,0,-0.207012,-0.353474,1.773000,0.9997,0,0.185300,-0.143495,1.814000,0.9156,0,-0.424510,-0.307557,1.830000,0.8689,0,0.219305,0.042676,1.729000,0.8893,0,-0.608510,-0.258609,1.804000,0.9220,0,0.053966,0.104792,1.720000,0.9989,0,-0.124595,0.116124,1.763000,0.9989,0
758,25.284665,1,0.113671,-0.358302,1.768000,0.9999,0,-0.214367,-0.366034,1.836000,0.9997,0,0.179580,-0.139065,1.758000,0.9156,0,-0.416159,-0.301507,1.794000,0.8703,0,0.216260,0.044892,1.705000,0.8900,0,-0.598492,-0.255598,1.783000,0.9221,0,0.053213,0.100535,1.696000,0.9989,0,-0.123888,0.115466,1.753000,0.9989,0
759,25.318019,1,0.112386,-0.354249,1.748000,0.9999,0,-0.209464,-0.357660,1.794000,0.9997,0,0.182644,-0.141438,1.788000,0.9152,0,-0.408968,-0.293393,1.763000,0.8750,0,0.215119,0.053037,1.696000,0.8885,0,-0.598054,-0.254165,1.773000,0.9247,0,0.053087,0.100298,1.692000,0.9989,0,-0.125761,0.111679,1.739000,0.9989,0
760,25.351373,1,0.115986,-0.365598,1.804000,0.9999,0,-0.206511,-0.357660,1.794000,0.9997,0,0.181623,-0.140647,1.778000,0.9141,0,-0.419638,-0.301048,1.809000,0.8775,0,0.215753,0.058798,1.701000,0.8866,0,-0.595136,-0.254165,1.773000,0.9273,0,0.054562,0.105949,1.739000,0.9989,0,-0.122545,0.111358,1.734000,0.9990,0
761,25.384727,1,0.114636,-0.361342,1.783000,0.9999,0,-0.210079,-0.363841,1.825000,0.9997,0,0.182134,-0.141043,1.783000,0.9183,0,-0.420798,-0.301880,1.814000,0.8808,0,0.222349,0.043268,1.753000,0.8938,0,-0.592994,-0.252015,1.758000,0.9297,0,0.049886,0.102233,1.678000,0.9990,0,-0.123888,0.112578,1.753000,0.9990,0
762,25.418080,1,0.115665,-0.364585,1.799000,0.9999,0,-0.211799,-0.361648,1.814000,0.9997,0,0.181623,-0.140647,1.778000,0.9189,0,-0.412447,-0.292960,1.778000,0.8827,0,0.216895,0.045024,1.710000,0.8959,0,-0.592994,-0.252015,1.758000,0.9301,0,0.053495,0.103878,1.705000,0.9990,0,-0.124948,0.113541,1.768000,0.9990,0
763,25.451434,1,0.114314,-0.357400,1.778000,0.9999,0,-0.210047,-0.358657,1.799000,0.9997,0,0.181623,-0.140647,1.778000,0.9165,0,-0.427062,-0.303340,1.841000,0.8833,0,0.224885,0.058366,1.773000,0.8882,0,-0.608510,-0.258609,1.804000,0.9287,0,0.053652,0.104182,1.710000,0.9990,0,-0.123535,0.112257,1.748000,0.9990,0
764,25.484791,1,0.115986,-0.365598,1.804000,0.9999,0,-0.209464,-0.360616,1.794000,0.9997,0,0.181623,-0.140647,1.778000,0.9173,0,-0.410128,-0.291312,1.768000,0.8843,0,0.221714,0.060423,1.748000,0.8902,0,-0.611884,-0.260042,1.814000,0.9291,0,0.053213,0.100535,1.696000,0.9990,0,-0.122899,0.111679,1.739000,0.9990,0
765,25.518148,1,0.113993,-0.359315,1.773000,0.9999,0,-0.204094,-0.356395,1.773000,0.9997,0,0.181112,-0.140252,1.773000,0.9107,0,-0.417319,-0.296420,1.799000,0.8855,0,0.222349,0.060596,1.753000,0.8746,0,-0.608510,-0.258609,1.804000,0.9282,0,0.058969,0.100832,1.701000,0.9990,0,-0.122383,0.113862,1.773000,0.9990,0
766,25.551505,1,0.113350,-0.354384,1.763000,0.9999,0,-0.204669,-0.357400,1.778000,0.9997,0,0.182134,-0.141043,1.783000,0.9100,0,-0.419638,-0.298068,1.809000,0.8846,0,0.215833,0.068114,1.724000,0.8722,0,-0.610197,-0.259326,1.809000,0.9283,0,0.054947,0.098638,1.664000,0.9990,0,-0.120381,0.112000,1.744000,0.9990,0
767,25.584863,1,0.113993,-0.356395,1.773000,0.9999,0,-0.209504,-0.362844,1.820000,0.9997,0,0.185913,-0.143970,1.820000,0.9088,0,-0.418479,-0.297244,1.804000,0.8883,0,0.217711,0.065841,1.739000,0.8733,0,-0.606824,-0.257892,1.799000,0.9314,0,0.058310,0.102476,1.682000,0.9989,0,-0.118725,0.113292,1.720000,0.9990,0
768,25.618219,1,0.115986,-0.362626,1.804000,0.9999,0,-0.206428,-0.352477,1.768000,0.9997,0,0.185068,-0.141043,1.783000,0.9124,0,-0.427062,-0.303340,1.841000,0.8896,0,0.214706,0.059282,1.715000,0.8805,0,-0.603113,-0.256315,1.788000,0.9330,0,0.055542,0.102476,1.682000,0.9989,0,-0.118380,0.112963,1.715000,0.9990,0
769,25.651577,1,0.113350,-0.354384,1.763000,0.9999,0,-0.207596,-0.354471,1.778000,0.9997,0,0.185068,-0.143980,1.783000,0.9156,0,-0.412447,-0.292960,1.778000,0.8917,0,0.219463,0.043268,1.753000,0.8868,0,-0.599740,-0.254882,1.778000,0.9343,0,0.055707,0.102781,1.687000,0.9990,0,-0.121839,0.113556,1.724000,0.9990,0
770,25.684934,1,0.114636,-0.358405,1.783000,0.9999,0,-0.211215,-0.360651,1.809000,0.9997,0,0.180601,-0.142769,1.768000,0.9167,0,-0.427062,-0.303340,1.841000,0.8930,0,0.218337,0.045919,1.744000,0.8899,0,-0.619304,-0.263196,1.836000,0.9351,0,0.055707,0.102781,1.687000,0.9990,0,-0.123252,0.114873,1.744000,0.9990,0
771,25.718291,1,0.114957,-0.359410,1.788000,0.9999,0,-0.207596,-0.354471,1.778000,0.9997,0,0.179069,-0.141557,1.753000,0.9174,0,-0.405488,-0.288017,1.748000,0.8945,0,0.214706,0.056457,1.715000,0.8908,0,-0.608510,-0.258609,1.804000,0.9351,0,0.056004,0.103329,1.696000,0.9990,0,-0.121202,0.112963,1.715000,0.9990,0
772,25.751648,1,0.113671,-0.355390,1.768000,0.9999,0,-0.213083,-0.363841,1.825000,0.9997,0,0.187248,-0.145676,1.804000,0.9193,0,-0.416159,-0.295596,1.794000,0.8959,0,0.216459,0.054069,1.729000,0.8945,0,-0.603113,-0.256315,1.788000,0.9358,0,0.055112,0.101684,1.669000,0.9990,0,-0.123888,0.115466,1.753000,0.9990,0
773,25.785005,1,0.112707,-0.352374,1.753000,0.9999,0,-0.211215,-0.363631,1.809000,0.9997,0,0.181435,-0.141154,1.748000,0.9204,0,-0.423350,-0.300704,1.825000,0.8969,0,0.216895,0.053475,1.710000,0.8972,0,-0.601427,-0.255598,1.783000,0.9364,0,0.055707,0.102781,1.687000,0.9990,0,-0.123252,0.114873,1.744000,0.9990,0
774,25.818362,1,0.115986,-0.362626,1.804000,0.9999,0,-0.207596,-0.357400,1.778000,0.9997,0,0.186729,-0.145272,1.799000,0.9213,0,-0.428453,-0.304329,1.847000,0.8980,0,0.216260,0.053319,1.705000,0.8989,0,-0.596367,-0.253448,1.768000,0.9372,0,0.056301,0.103878,1.705000,0.9989,0,-0.121839,0.113556,1.724000,0.9990,0
775,25.851719,1,0.117336,-0.369854,1.825000,0.9999,0,-0.216236,-0.372275,1.852000,0.9997,0,0.183257,-0.144868,1.794000,0.9207,0,-0.422190,-0.299880,1.820000,0.8977,0,0.224885,0.055445,1.773000,0.8993,0,-0.599740,-0.254882,1.778000,0.9370,0,0.056631,0.101662,1.715000,0.9989,0,-0.124948,0.116454,1.768000,0.9990,0
776,25.885076,1,0.115343,-0.360616,1.794000,0.9999,0,-0.213667,-0.364837,1.830000,0.9997,0,0.181623,-0.140647,1.778000,0.9176,0,-0.428453,-0.304329,1.847000,0.8983,0,0.224251,0.055289,1.768000,0.8929,0,-0.586585,-0.249291,1.739000,0.9365,0,0.057424,0.103084,1.739000,0.9990,0,-0.123252,0.114873,1.744000,0.9990,0
777,25.918433,1,0.115343,-0.360616,1.794000,0.9999,0,-0.204094,-0.356395,1.773000,0.9997,0,0.181623,-0.143576,1.778000,0.9204,0,-0.445619,-0.316522,1.921000,0.8979,0,0.220573,0.048652,1.739000,0.8977,0,-0.603113,-0.256315,1.788000,0.9362,0,0.056466,0.101365,1.710000,0.9990,0,-0.120036,0.114544,1.739000,0.9990,0
778,25.951790,1,0.117015,-0.365842,1.820000,0.9999,0,-0.204669,-0.354471,1.778000,0.9997,0,0.184790,-0.146080,1.809000,0.9192,0,-0.423350,-0.300704,1.825000,0.8975,0,0.220573,0.048652,1.739000,0.8946,0,-0.603113,-0.256315,1.788000,0.9343,0,0.056929,0.102195,1.724000,0.9990,0,-0.124241,0.115795,1.758000,0.9990,0
779,25.985147,1,0.114636,-0.361342,1.783000,0.9999,0,-0.208179,-0.355467,1.783000,0.9997,0,0.178558,-0.141154,1.748000,0.9150,0,-0.419638,-0.298068,1.809000,0.8983,0,0.222349,0.051932,1.753000,0.8862,0,-0.601427,-0.255598,1.783000,0.9350,0,0.055245,0.099172,1.673000,0.9990,0,-0.124948,0.113541,1.768000,0.9990,0
780,26.018504,1,0.113029,-0.356276,1.758000,0.9999,0,-0.211215,-0.360651,1.809000,0.9997,0,0.186935,-0.147775,1.830000,0.9154,0,-0.412447,-0.292960,1.778000,0.8983,0,0.221714,0.057543,1.748000,0.8867,0,-0.601427,-0.255598,1.783000,0.9344,0,0.056169,0.100832,1.701000,0.9990,0,-0.123888,0.112578,1.753000,0.9990,0
781,26.051861,1,0.113671,-0.355390,1.768000,0.9999,0,-0.204669,-0.354471,1.778000,0.9997,0,0.180091,-0.139461,1.763000,0.9112,0,-0.419638,-0.298068,1.809000,0.8978,0,0.219939,0.062795,1.734000,0.8759,0,-0.599740,-0.257811,1.778000,0.9349,0,0.059108,0.101069,1.705000,0.9990,0,-0.123252,0.112000,1.744000,0.9990,0
782,26.085219,1,0.117015,-0.365842,1.820000,0.9999,0,-0.209504,-0.365842,1.820000,0.9997,0,0.182134,-0.143980,1.783000,0.9148,0,-0.427062,-0.303340,1.841000,0.8980,0,0.218670,0.042552,1.724000,0.8832,0,-0.606824,-0.260856,1.799000,0.9360,0,0.053087,0.100298,1.692000,0.9990,0,-0.123535,0.112257,1.748000,0.9990,0
783,26.118575,1,0.113350,-0.357289,1.763000,0.9999,0,-0.211346,-0.366034,1.836000,0.9997,0,0.181112,-0.143173,1.773000,0.9113,0,-0.436108,-0.309766,1.880000,0.8982,0,0.220573,0.045788,1.739000,0.8795,0,-0.601427,-0.258536,1.783000,0.9367,0,0.052773,0.099705,1.682000,0.9990,0,-0.123252,0.112000,1.744000,0.9990,0
784,26.151933,1,0.115986,-0.362626,1.804000,0.9999,0,-0.208238,-0.360651,1.809000,0.9997,0,0.180091,-0.142365,1.763000,0.9108,0,-0.414767,-0.294607,1.788000,0.8989,0,0.218163,0.050954,1.720000,0.8776,0,-0.610197,-0.262306,1.809000,0.9364,0,0.052648,0.099468,1.678000,0.9990,0,-0.126786,0.115211,1.794000,0.9990,0
785,26.185290,1,0.115665,-0.364585,1.799000,0.9999,0,-0.206511,-0.357660,1.794000,0.9997,0,0.184790,-0.146080,1.809000,0.9092,0,-0.416159,-0.295596,1.794000,0.8997,0,0.222983,0.054976,1.758000,0.8753,0,-0.611884,-0.263031,1.814000,0.9379,0,0.053369,0.100832,1.701000,0.9989,0,-0.123252,0.112000,1.744000,0.9990,0
786,26.218647,1,0.115665,-0.361621,1.799000,0.9999,0,-0.211215,-0.360651,1.809000,0.9997,0,0.182134,-0.143980,1.783000,0.9098,0,-0.410128,-0.291312,1.768000,0.9003,0,0.221714,0.054663,1.748000,0.8781,0,-0.611884,-0.263031,1.814000,0.9394,0,0.054091,0.102195,1.724000,0.9990,0,-0.125655,0.114183,1.778000,0.9990,0
787,26.252004,1,0.118365,-0.373096,1.841000,0.9999,0,-0.211799,-0.361648,1.814000,0.9997,0,0.183768,-0.145272,1.799000,0.9104,0,-0.424510,-0.301528,1.830000,0.9005,0,0.218163,0.050954,1.720000,0.8804,0,-0.599740,-0.257811,1.778000,0.9394,0,0.054405,0.102788,1.734000,0.9990,0,-0.125655,0.111254,1.778000,0.9990,0
788,26.285361,1,0.115986,-0.365598,1.804000,0.9999,0,-0.209464,-0.357660,1.794000,0.9997,0,0.181623,-0.143576,1.778000,0.9080,0,-0.438660,-0.311579,1.891000,0.8993,0,0.224078,0.057411,1.744000,0.8755,0,-0.591308,-0.254186,1.753000,0.9366,0,0.058657,0.097511,1.692000,0.9990,0,-0.122038,0.110629,1.768000,0.9990,0
789,26.318718,1,0.116147,-0.366105,1.806500,0.9999,0,-0.210047,-0.358657,1.799000,0.9997,0,0.182644,-0.144384,1.788000,0.9105,0,-0.419638,-0.298068,1.809000,0.8966,0,0.215833,0.059593,1.724000,0.8783,0,-0.599740,-0.257811,1.778000,0.9347,0,0.056169,0.098030,1.701000,0.9990,0,-0.119346,0.108188,1.729000,0.9990,0
790,26.352075,1,0.115665,-0.364585,1.799000,0.9999,0,-0.205820,-0.356464,1.788000,0.9997,0,0.183257,-0.144868,1.794000,0.9076,0,-0.420798,-0.298891,1.814000,0.8958,0,0.217711,0.060112,1.739000,0.8744,0,-0.603113,-0.259261,1.788000,0.9338,0,0.057998,0.099172,1.673000,0.9990,0,-0.121003,0.109690,1.753000,0.9990,0
791,26.385432,1,0.113993,-0.359315,1.773000,0.9999,0,-0.202367,-0.350483,1.758000,0.9997,0,0.183768,-0.145272,1.799000,0.9111,0,-0.411287,-0.292136,1.773000,0.8951,0,0.225520,0.043885,1.778000,0.8807,0,-0.606824,-0.260856,1.799000,0.9326,0,0.055707,0.100002,1.687000,0.9990,0,-0.123073,0.111567,1.783000,0.9990,0
792,26.418789,1,0.113993,-0.359315,1.773000,0.9999,0,-0.208813,-0.361648,1.814000,0.9997,0,0.181623,-0.143576,1.778000,0.9105,0,-0.410707,-0.291724,1.770500,0.8953,0,0.223617,0.043515,1.763000,0.8797,0,-0.597582,-0.255636,1.763000,0.9325,0,0.056631,0.101662,1.715000,0.9990,0,-0.120036,0.108814,1.739000,0.9990,0
793,26.452146,1,0.115665,-0.364585,1.799000,0.9999,0,-0.210079,-0.363841,1.825000,0.9997,0,0.184279,-0.145676,1.804000,0.9118,0,-0.419638,-0.298068,1.809000,0.8968,0,0.225520,0.049743,1.778000,0.8812,0,-0.620991,-0.266946,1.841000,0.9333,0,0.056004,0.100535,1.696000,0.9990,0,-0.121556,0.107625,1.720000,0.9990,0
794,26.485502,1,0.113993,-0.359315,1.773000,0.9999,0,-0.205820,-0.356464,1.788000,0.9997,0,0.182134,-0.141043,1.783000,0.9108,0,-0.419638,-0.298068,1.809000,0.8957,0,0.221714,0.048904,1.748000,0.8802,0,-0.592994,-0.252015,1.758000,0.9312,0,0.056301,0.101069,1.705000,0.9990,0,-0.122192,0.108188,1.729000,0.9990,0
795,26.518858,1,0.114636,-0.361342,1.783000,0.9999,0,-0.202942,-0.351480,1.763000,0.9997,0,0.184279,-0.145676,1.804000,0.9107,0,-0.418479,-0.297244,1.804000,0.8941,0,0.227804,0.049604,1.773000,0.8797,0,-0.608510,-0.258609,1.804000,0.9291,0,0.056631,0.101662,1.715000,0.9990,0,-0.122192,0.108188,1.729000,0.9990,0
796,26.552214,1,0.117015,-0.368840,1.820000,0.9999,0,-0.200180,-0.346695,1.739000,0.9997,0,0.181112,-0.140252,1.773000,0.9100,0,-0.422190,-0.299880,1.820000,0.8949,0,0.224251,0.052376,1.768000,0.8780,0,-0.603113,-0.256315,1.788000,0.9298,0,0.055542,0.099705,1.682000,0.9990,0,-0.121556,0.107625,1.720000,0.9990,0
797,26.585570,1,,,,0.9999,2,-0.202942,-0.351480,1.763000,0.9997,0,0.186424,-0.147372,1.825000,0.9130,0,-0.410128,-0.291312,1.768000,0.8948,0,0.225876,0.046288,1.758000,0.8838,0,-0.611884,-0.263031,1.814000,0.9306,0,0.059281,0.101365,1.710000,0.9990,0,-0.124595,0.110316,1.763000,0.9990,0
798,26.618926,1,0.115343,-0.363571,1.794000,0.9999,0,-0.202942,-0.351480,1.763000,0.9997,0,0.184790,-0.146080,1.809000,0.9119,0,-0.429613,-0.305153,1.852000,0.8943,0,0.219067,0.044892,1.705000,0.8814,0,-0.610197,-0.262306,1.809000,0.9298,0,0.057259,0.102788,1.734000,0.9990,0,-0.125655,0.114183,1.778000,0.9990,0
799,26.652282,1,0.113671,-0.355390,1.768000,0.9999,0,-0.208238,-0.360651,1.809000,0.9997,0,0.181623,-0.143576,1.778000,0.9135,0,-0.423350,-0.300704,1.825000,0.8949,0,0.224078,0.045919,1.744000,0.8853,0,-0.608510,-0.261581,1.804000,0.9302,0,0.059281,0.101365,1.710000,0.9990,0,-0.122899,0.111679,1.739000,0.9990,0
800,26.685638,1,0.115343,-0.360616,1.794000,0.9999,0,-0.209504,-0.362844,1.820000,0.9997,0,0.184279,-0.145676,1.804000,0.9150,0,-0.420798,-0.298891,1.814000,0.8941,0,0.231144,0.047367,1.799000,0.8883,0,-0.596367,-0.256361,1.768000,0.9294,0,0.058657,0.100298,1.692000,0.9990,0,-0.122383,0.113862,1.773000,0.9990,0
801,26.718994,1,0.114636,-0.358405,1.783000,0.9999,0,-0.210655,-0.364837,1.830000,0.9997,0,0.179580,-0.144857,1.758000,0.9179,0,-0.427062,-0.303340,1.841000,0.8929,0,0.222983,0.037599,1.758000,0.8937,0,-0.610197,-0.262306,1.809000,0.9294,0,0.055542,0.099705,1.682000,0.9990,0,-0.123252,0.112000,1.744000,0.9990,0
802,26.752350,1,0.113029,-0.353379,1.758000,0.9999,0,-0.207662,-0.359654,1.804000,0.9997,0,0.186424,-0.150378,1.825000,0.9154,0,-0.437500,-0.310755,1.886000,0.8941,0,0.216895,0.039390,1.710000,0.8883,0,-0.617280,-0.265351,1.830000,0.9310,0,0.056301,0.101069,1.705000,0.9990,0,-0.123888,0.112578,1.753000,0.9990,0
803,26.785706,1,0.115343,-0.360616,1.794000,0.9999,0,-0.205245,-0.355467,1.783000,0.9997,0,0.182644,-0.141438,1.788000,0.9127,0,-0.424510,-0.301528,1.830000,0.8932,0,0.219939,0.054226,1.734000,0.8820,0,-0.603113,-0.259261,1.788000,0.9304,0,0.052930,0.102781,1.687000,0.9990,0,-0.124595,0.113220,1.763000,0.9990,0
804,26.819062,1,0.113671,-0.355390,1.768000,0.9999,0,-0.203518,-0.352477,1.768000,0.9997,0,0.181623,-0.143576,1.778000,0.9153,0,-0.420798,-0.298891,1.814000,0.8922,0,0.220573,0.040058,1.739000,0.8880,0,-0.608510,-0.261581,1.804000,0.9300,0,0.054091,0.105035,1.724000,0.9990,0,-0.123888,0.112578,1.753000,0.9990,0
805,26.852418,1,0.118751,-0.371269,1.847000,0.9999,0,-0.208238,-0.360651,1.809000,0.9997,0,0.186424,-0.144365,1.825000,0.9142,0,-0.422190,-0.299880,1.820000,0.8917,0,0.221207,0.054538,1.744000,0.8856,0,-0.602667,-0.257811,1.778000,0.9291,0,0.053213,0.103329,1.696000,0.9990,0,-0.125655,0.114183,1.778000,0.9990,0
806,26.885774,1,0.114636,-0.358405,1.783000,0.9999,0,-0.207086,-0.358657,1.799000,0.9997,0,0.180091,-0.139461,1.763000,0.9137,0,-0.423350,-0.300704,1.825000,0.8920,0,0.225234,0.057708,1.753000,0.8851,0,-0.617280,-0.265351,1.830000,0.9303,0,0.052773,0.102476,1.682000,0.9990,0,-0.122899,0.111679,1.739000,0.9990,0
807,26.919130,1,0.115343,-0.360616,1.794000,0.9999,0,-0.210655,-0.367852,1.830000,0.9997,0,0.181112,-0.140252,1.773000,0.9138,0,-0.407808,-0.289664,1.758000,0.8931,0,0.230502,0.059057,1.794000,0.8855,0,-0.608510,-0.261581,1.804000,0.9312,0,0.055542,0.102476,1.682000,0.9989,0,-0.122899,0.111679,1.739000,0.9990,0
808,26.952485,1,0.115986,-0.362626,1.804000,0.9999,0,-0.206511,-0.357660,1.794000,0.9997,0,0.181623,-0.140647,1.778000,0.9114,0,-0.420798,-0.298891,1.814000,0.8941,0,0.224078,0.057411,1.744000,0.8776,0,-0.616903,-0.263901,1.820000,0.9313,0,0.058969,0.103634,1.701000,0.9989,0,-0.124948,0.113541,1.768000,0.9990,0
809,26.985841,1,0.111485,-0.348555,1.734000,0.9999,0,-0.213187,-0.369224,1.852000,0.9997,0,0.181112,-0.143173,1.773000,0.9164,0,-0.416159,-0.295596,1.794000,0.8938,0,0.222793,0.039943,1.734000,0.8863,0,-0.591142,-0.255754,1.744000,0.9304,0,0.053966,0.104792,1.720000,0.9990,0,-0.124595,0.113220,1.763000,0.9990,0
810,27.019197,1,0.113350,-0.354384,1.763000,0.9999,0,-0.207086,-0.358657,1.799000,0.9997,0,0.180601,-0.142769,1.768000,0.9154,0,-0.434717,-0.308778,1.874000,0.8921,0,0.224592,0.046025,1.748000,0.8837,0,-0.600484,-0.261444,1.763000,0.9274,0,0.055707,0.102781,1.687000,0.9989,0,-0.123888,0.115466,1.753000,0.9990,0
811,27.052553,1,0.114314,-0.357400,1.778000,0.9999,0,-0.210047,-0.358657,1.799000,0.9997,0,0.182644,-0.144384,1.788000,0.9180,0,-0.437801,-0.311865,1.874000,0.8910,0,0.227804,0.043762,1.773000,0.8885,0,-0.606808,-0.274611,1.773000,0.9254,0,0.056797,0.104792,1.720000,0.9989,0,-0.123252,0.114873,1.744000,0.9989,0
812,27.085909,1,0.114636,-0.358405,1.783000,0.9999,0,-0.208763,-0.356464,1.788000,0.9997,0,0.178150,-0.140831,1.744000,0.9193,0,-0.441773,-0.320924,1.891000,0.8886,0,0.222150,0.048373,1.729000,0.8911,0,-0.626326,-0.300216,1.804000,0.9233,0,0.055542,0.105247,1.682000,0.9989,0,-0.122899,0.114544,1.739000,0.9989,0
813,27.119265,1,0.115665,-0.361621,1.799000,0.9999,0,-0.211799,-0.361648,1.814000,0.9997,0,0.180601,-0.139856,1.768000,0.9183,0,-0.425186,-0.317870,1.820000,0.8852,0,0.224592,0.063302,1.748000,0.8897,0,-0.621400,-0.318424,1.773000,0.9204,0,0.055872,0.105873,1.692000,0.9989,0,-0.123535,0.118016,1.748000,0.9989,0
814,27.152621,1,0.113350,-0.354384,1.763000,0.9999,0,-0.210047,-0.358657,1.799000,0.9996,0,0.179580,-0.139065,1.758000,0.9192,0,-0.406263,-0.309452,1.739000,0.8779,0,0.219305,0.056918,1.729000,0.8940,0,-0.605978,-0.330460,1.729000,0.9129,0,0.057094,0.111037,1.729000,0.9989,0,-0.124595,0.119029,1.763000,0.9989,0
815,27.185977,1,0.112707,-0.352374,1.753000,0.9999,0,-0.211799,-0.361648,1.814000,0.9996,0,0.182134,-0.141043,1.783000,0.9215,0,-0.429358,-0.327763,1.825000,0.8698,0,0.217085,0.054226,1.734000,0.8995,0,-0.608824,-0.350398,1.729000,0.9080,0,0.060113,0.111358,1.734000,0.9989,0,-0.120381,0.117746,1.744000,0.9988,0
816,27.219333,1,0.113029,-0.353379,1.758000,0.9999,0,-0.214192,-0.360651,1.809000,0.9996,0,0.179580,-0.136169,1.758000,0.9243,0,-0.475479,-0.370368,2.007000,0.8689,0,0.215332,0.053788,1.720000,0.9048,0,-0.620797,-0.377619,1.763000,0.9111,0,0.054844,0.115136,1.748000,0.9989,0,-0.125399,0.119928,1.734000,0.9988,0
817,27.252688,1,0.113671,-0.355390,1.768000,0.9999,0,-0.211706,-0.359410,1.788000,0.9996,0,0.185913,-0.140971,1.820000,0.9248,0,-0.438369,-0.351815,1.825000,0.8648,0,0.220089,0.054976,1.758000,0.9089,0,-0.614390,-0.395693,1.753000,0.9129,0,0.053809,0.110138,1.715000,0.9988,0,-0.122651,0.114505,1.696000,0.9987,0
818,27.286044,1,0.118955,-0.362626,1.804000,0.9999,0,-0.211706,-0.359410,1.788000,0.9996,0,0.184279,-0.139732,1.804000,0.9263,0,-0.447497,-0.368347,1.863000,0.8612,0,0.218670,0.051073,1.724000,0.9132,0,-0.616948,-0.422680,1.794000,0.9176,0,0.052930,0.108339,1.687000,0.9988,0,-0.131138,0.116783,1.773000,0.9987,0
819,27.319400,1,0.112707,-0.352374,1.753000,0.9999,0,-0.214784,-0.364636,1.814000,0.9996,0,0.182644,-0.141438,1.788000,0.9287,0,-0.418913,-0.350565,1.744000,0.8532,0,0.224251,0.037813,1.768000,0.9189,0,-0.594681,-0.441516,1.763000,0.9205,0,0.054844,0.112257,1.748000,0.9988,0,-0.131878,0.117442,1.783000,0.9987,0
820,27.352756,1,0.112707,-0.352374,1.753000,0.9999,0,-0.211799,-0.364636,1.814000,0.9996,0,0.182644,-0.138493,1.788000,0.9287,0,-0.422960,-0.365157,1.773000,0.8504,0,0.225876,0.052080,1.758000,0.9227,0,-0.589688,-0.470023,1.783000,0.9267,0,0.054562,0.111679,1.739000,0.9988,0,-0.130398,0.116124,1.763000,0.9986,0
821,27.386112,1,0.114314,-0.357400,1.778000,0.9999,0,-0.212499,-0.365842,1.820000,0.9996,0,0.180091,-0.136556,1.763000,0.9297,0,-0.425346,-0.370154,1.783000,0.8495,0,0.217910,0.047449,1.696000,0.9272,0,-0.580422,-0.491778,1.809000,0.9329,0,0.053213,0.108917,1.696000,0.9988,0,-0.131508,0.117113,1.778000,0.9986,0
822,27.419468,1,0.117658,-0.367852,1.830000,0.9999,0,-0.212499,-0.365842,1.820000,0.9997,0,0.181623,-0.137718,1.778000,0.9275,0,-0.417673,-0.368906,1.763000,0.8526,0,0.221508,0.053913,1.724000,0.9295,0,-0.561913,-0.500797,1.788000,0.9390,0,0.053809,0.110138,1.715000,0.9987,0,-0.129659,0.115466,1.753000,0.9986,0
823,27.452823,1,0.118751,-0.371269,1.847000,0.9999,0,-0.210047,-0.361621,1.799000,0.9997,0,0.181623,-0.137718,1.778000,0.9269,0,-0.436152,-0.385228,1.841000,0.8543,0,0.220994,0.053788,1.720000,0.9330,0,-0.571334,-0.526450,1.847000,0.9445,0,0.053495,0.109495,1.705000,0.9987,0,-0.130768,0.116454,1.768000,0.9986,0
824,27.486181,1,0.114314,-0.357400,1.778000,0.9999,0,-0.214951,-0.370063,1.841000,0.9997,0,0.180304,-0.138957,1.794000,0.9262,0,-0.423241,-0.379403,1.799000,0.8584,0,0.220994,0.053788,1.720000,0.9362,0,-0.542607,-0.508279,1.773000,0.9494,0,0.052648,0.107761,1.678000,0.9987,0,-0.128253,0.114214,1.734000,0.9986,0
825,27.519539,1,0.114636,-0.358405,1.783000,0.9999,0,-0.210631,-0.365598,1.804000,0.9997,0,0.180807,-0.139345,1.799000,0.9240,0,-0.421448,-0.377486,1.804000,0.8562,0,0.224078,0.054538,1.744000,0.9379,0,-0.526443,-0.503979,1.758000,0.9536,0,0.050837,0.106999,1.710000,0.9986,0,-0.127883,0.111037,1.729000,0.9986,0
826,27.552897,1,0.111807,-0.349560,1.739000,0.9999,0,-0.213187,-0.372275,1.852000,0.9997,0,0.180091,-0.136556,1.763000,0.9237,0,-0.413038,-0.369953,1.768000,0.8538,0,0.220573,0.060112,1.739000,0.9401,0,-0.549800,-0.532389,1.836000,0.9574,0,0.051402,0.108188,1.729000,0.9986,0,-0.132247,0.114826,1.788000,0.9985,0
827,27.586255,1,0.115986,-0.362626,1.804000,0.9999,0,-0.204094,-0.359315,1.773000,0.9997,0,0.185631,-0.143063,1.847000,0.9232,0,-0.420280,-0.376439,1.799000,0.8537,0,0.219939,0.059939,1.734000,0.9425,0,-0.526527,-0.509758,1.768000,0.9609,0,0.051967,0.109377,1.748000,0.9986,0,-0.128623,0.111679,1.739000,0.9985,0
828,27.619613,1,0.112386,-0.351369,1.748000,0.9999,0,-0.208813,-0.367624,1.814000,0.9997,0,0.180304,-0.136002,1.794000,0.9203,0,-0.435231,-0.389831,1.863000,0.8539,0,0.216895,0.061926,1.710000,0.9417,0,-0.523448,-0.503991,1.748000,0.9641,0,0.053495,0.106687,1.705000,0.9986,0,-0.128623,0.111679,1.739000,0.9985,0
829,27.652971,1,0.114636,-0.358405,1.783000,0.9999,0,-0.204094,-0.356395,1.773000,0.9997,0,0.181112,-0.137331,1.773000,0.9225,0,-0.426354,-0.381880,1.825000,0.8554,0,0.219305,0.056918,1.729000,0.9454,0,-0.522110,-0.494242,1.734000,0.9670,0,0.057721,0.106497,1.748000,0.9986,0,-0.129659,0.112578,1.753000,0.9985,0
830,27.686329,1,0.114999,-0.350565,1.744000,0.9999,0,-0.210079,-0.366847,1.825000,0.9997,0,0.181112,-0.134410,1.773000,0.9175,0,-0.423784,-0.379578,1.814000,0.8543,0,0.216260,0.058936,1.705000,0.9417,0,-0.540929,-0.509097,1.796500,0.9696,0,0.059108,0.106687,1.705000,0.9985,0,-0.127858,0.116454,1.768000,0.9985,0
831,27.719687,1,0.114340,-0.348555,1.734000,0.9999,0,-0.211346,-0.369058,1.836000,0.9997,0,0.185300,-0.140507,1.814000,0.9191,0,-0.419112,-0.375393,1.794000,0.8559,0,0.218837,0.060423,1.748000,0.9454,0,-0.536864,-0.505271,1.783000,0.9719,0,0.061914,0.106687,1.705000,0.9985,0,-0.120381,0.114873,1.744000,0.9984,0
832,27.753045,1,0.118626,-0.361621,1.799000,0.9999,0,-0.205820,-0.359410,1.788000,0.9997,0,0.185068,-0.135168,1.783000,0.9189,0,-0.425186,-0.380834,1.820000,0.8565,0,0.217711,0.068706,1.739000,0.9462,0,-0.543129,-0.502477,1.794000,0.9741,0,0.061769,0.106436,1.701000,0.9985,0,-0.119691,0.114214,1.734000,0.9985,0
833,27.786403,1,0.114340,-0.348555,1.734000,0.9999,0,-0.207662,-0.362626,1.804000,0.9997,0,0.187248,-0.136760,1.804000,0.9222,0,-0.415374,-0.369116,1.778000,0.8556,0,0.218837,0.069062,1.748000,0.9496,0,-0.532079,-0.478075,1.748000,0.9759,0,0.064568,0.106436,1.701000,0.9985,0,-0.120381,0.114873,1.744000,0.9984,0
834,27.819761,1,0.113416,-0.345741,1.720000,0.9999,0,-0.208238,-0.360651,1.809000,0.9997,0,0.182473,-0.136169,1.758000,0.9262,0,-0.423350,-0.369854,1.825000,0.8520,0,0.217711,0.045788,1.739000,0.9531,0,-0.533732,-0.456869,1.744000,0.9767,0,0.062604,0.107875,1.724000,0.9986,0,-0.119691,0.114214,1.734000,0.9984,0
835,27.853119,1,0.115263,-0.351369,1.748000,0.9999,0,-0.202877,-0.356464,1.788000,0.9997,0,0.184549,-0.137718,1.778000,0.9271,0,-0.419195,-0.359846,1.820000,0.8485,0,0.219939,0.045656,1.734000,0.9538,0,-0.538017,-0.443160,1.758000,0.9767,0,0.061442,0.103086,1.692000,0.9986,0,-0.121003,0.115466,1.753000,0.9984,0
836,27.886477,1,0.116911,-0.356395,1.773000,0.9999,0,-0.204125,-0.358657,1.799000,0.9997,0,0.188909,-0.140971,1.820000,0.9293,0,-0.420346,-0.348808,1.825000,0.8465,0,0.225234,0.046156,1.753000,0.9547,0,-0.540910,-0.422887,1.758000,0.9765,0,0.060752,0.101928,1.673000,0.9986,0,-0.122383,0.113862,1.773000,0.9984,0
837,27.919835,1,0.118955,-0.362626,1.804000,0.9999,0,-0.201175,-0.356395,1.773000,0.9997,0,0.178150,-0.135085,1.744000,0.9301,0,-0.393980,-0.316813,1.748000,0.8475,0,0.219305,0.045524,1.729000,0.9548,0,-0.542449,-0.403759,1.763000,0.9774,0,0.061587,0.100535,1.696000,0.9986,0,-0.120036,0.108814,1.739000,0.9984,0
838,27.953193,1,0.117571,-0.358405,1.783000,0.9999,0,-0.205302,-0.369058,1.836000,0.9997,0,0.179069,-0.135782,1.753000,0.9280,0,-0.399898,-0.310845,1.814000,0.8523,0,0.222150,0.045524,1.729000,0.9483,0,-0.554012,-0.392468,1.791000,0.9774,0,0.064227,0.100298,1.692000,0.9986,0,-0.119128,0.110629,1.768000,0.9985,0
839,27.986551,1,0.116911,-0.356395,1.773000,0.9999,0,-0.198203,-0.361621,1.799000,0.9997,0,0.183768,-0.139345,1.799000,0.9269,0,-0.386109,-0.287102,1.778000,0.8555,0,0.220573,0.045788,1.739000,0.9426,0,-0.554280,-0.373920,1.773000,0.9754,0,0.058796,0.100535,1.696000,0.9986,0,-0.116837,0.105645,1.734000,0.9985,0
840,28.019909,1,0.118296,-0.360616,1.794000,0.9999,0,-0.198203,-0.361621,1.799000,0.9997,0,0.181310,-0.139732,1.804000,0.9253,0,-0.383183,-0.281243,1.778000,0.8564,0,0.222349,0.057708,1.753000,0.9346,0,-0.541794,-0.344736,1.715000,0.9693,0,0.058657,0.097511,1.692000,0.9986,0,-0.117174,0.105949,1.739000,0.9985,0
841,28.053267,1,0.119615,-0.367624,1.814000,0.9999,0,-0.198064,-0.366847,1.825000,0.9997,0,0.179701,-0.138493,1.788000,0.9196,0,-0.384260,-0.270285,1.783000,0.8566,0,0.217711,0.060112,1.739000,0.9152,0,-0.575849,-0.344794,1.804000,0.9619,0,0.058657,0.097511,1.692000,0.9986,0,-0.120139,0.108630,1.783000,0.9985,0
842,28.086625,1,0.117571,-0.361342,1.783000,0.9999,0,-0.195242,-0.361621,1.799000,0.9996,0,0.178194,-0.137331,1.773000,0.9180,0,-0.385817,-0.258609,1.804000,0.8577,0,0.217711,0.062977,1.739000,0.9071,0,-0.547439,-0.310832,1.715000,0.9550,0,0.063657,0.101026,1.753000,0.9986,0,-0.114640,0.106254,1.744000,0.9985,0
843,28.119983,1,0.117571,-0.361342,1.783000,0.9999,0,-0.196870,-0.364636,1.814000,0.9996,0,0.179199,-0.138105,1.783000,0.9183,0,-0.386886,-0.250385,1.809000,0.8566,0,0.220089,0.063665,1.758000,0.9053,0,-0.560850,-0.293776,1.748000,0.9477,0,0.056004,0.094947,1.696000,0.9986,0,-0.113654,0.105340,1.729000,0.9985,0
844,28.153341,1,0.119285,-0.366611,1.809000,0.9999,0,-0.194049,-0.359410,1.788000,0.9996,0,0.181812,-0.140119,1.809000,0.9176,0,-0.375456,-0.237974,1.783000,0.8524,0,0.212953,0.061600,1.701000,0.8978,0,-0.577214,-0.272710,1.799000,0.9312,0,0.059108,0.095451,1.705000,0.9987,0,-0.109271,0.103878,1.705000,0.9986,0
845,28.186699,1,0.118626,-0.367548,1.799000,0.9999,0,-0.196236,-0.369058,1.836000,0.9996,0,0.182315,-0.143495,1.814000,0.9170,0,-0.385893,-0.234345,1.847000,0.8471,0,0.214080,0.061926,1.710000,0.8941,0,-0.596144,-0.257167,1.858000,0.9149,0,0.058484,0.091664,1.687000,0.9987,0,-0.108275,0.102788,1.734000,0.9987,0
846,28.220057,1,0.114636,-0.364279,1.783000,0.9999,0,-0.189502,-0.356395,1.773000,0.9996,0,0.180304,-0.141913,1.794000,0.9194,0,-0.365624,-0.213874,1.778000,0.8401,0,0.215960,0.057543,1.748000,0.8951,0,-0.589085,-0.226900,1.836000,0.8994,0,0.059766,0.090835,1.724000,0.9988,0,-0.107963,0.099643,1.729000,0.9987,0
847,28.253416,1,0.116629,-0.370613,1.814000,0.9999,0,-0.195595,-0.364837,1.830000,0.9996,0,0.177189,-0.139461,1.763000,0.9160,0,-0.372519,-0.212354,1.841000,0.8390,0,0.212327,0.050243,1.696000,0.8844,0,-0.541374,-0.181659,1.696000,0.8898,0,0.068279,0.090835,1.724000,0.9989,0,-0.102863,0.100219,1.739000,0.9988,0
848,28.286774,1,0.117658,-0.373882,1.830000,0.9999,0,-0.196236,-0.366034,1.836000,0.9997,0,0.180807,-0.142308,1.799000,0.9176,0,-0.352923,-0.195748,1.773000,0.8407,0,0.212327,0.053037,1.696000,0.8807,0,-0.557199,-0.169460,1.773000,0.8848,0,0.067724,0.087280,1.710000,0.9989,0,-0.101739,0.096291,1.720000,0.9989,0
849,28.320132,1,0.113671,-0.361215,1.768000,0.9999,0,-0.193740,-0.367031,1.841000,0.9997,0,0.177189,-0.142365,1.763000,0.9196,0,-0.353155,-0.193227,1.804000,0.8429,0,0.217711,0.045788,1.739000,0.8809,0,-0.567098,-0.158437,1.814000,0.8814,0,0.067724,0.084463,1.710000,0.9990,0,-0.101975,0.093675,1.724000,0.9989,0
850,28.353490,1,0.117658,-0.373882,1.830000,0.9999,0,-0.189320,-0.358657,1.799000,0.9997,0,0.178696,-0.143576,1.778000,0.9203,0,-0.347301,-0.188944,1.820000,0.8449,0,0.215332,0.042454,1.720000,0.8800,0,-0.510772,-0.129972,1.678000,0.8802,0,0.064720,0.084216,1.705000,0.9990,0,-0.102567,0.091362,1.734000,0.9990,0
851,28.386848,1,0.115665,-0.370512,1.799000,0.9999,0,-0.196055,-0.371417,1.863000,0.9997,0,0.183923,-0.147775,1.830000,0.9168,0,-0.331436,-0.182165,1.783000,0.8408,0,0.218837,0.043145,1.748000,0.8717,0,-0.517694,-0.123876,1.748000,0.8731,0,0.075366,0.080786,1.692000,0.9991,0,-0.093463,0.090835,1.724000,0.9990,0
852,28.420206,1,0.114957,-0.368246,1.788000,0.9999,0,-0.182630,-0.351480,1.763000,0.9997,0,0.183768,-0.148236,1.799000,0.9183,0,-0.326432,-0.184311,1.804000,0.8426,0,0.223219,0.049883,1.783000,0.8708,0,-0.525372,-0.115957,1.804000,0.8746,0,0.076168,0.078829,1.710000,0.9991,0,-0.094547,0.089015,1.744000,0.9991,0
853,28.453564,1,0.115343,-0.369482,1.794000,0.9999,0,-0.187913,-0.361648,1.814000,0.9997,0,0.182134,-0.146917,1.783000,0.9207,0,-0.325527,-0.180836,1.799000,0.8486,0,0.218837,0.040265,1.748000,0.8745,0,-0.494992,-0.102591,1.729000,0.8795,0,0.078529,0.078368,1.763000,0.9992,0,-0.094764,0.086340,1.748000,0.9991,0
854,28.486922,1,0.114314,-0.366187,1.778000,0.9999,0,-0.187913,-0.361648,1.814000,0.9997,0,0.180807,-0.148236,1.799000,0.9222,0,-0.321670,-0.177378,1.794000,0.8525,0,0.218337,0.031554,1.744000,0.8771,0,-0.503054,-0.097255,1.788000,0.8819,0,0.076613,0.073623,1.720000,0.9992,0,-0.092975,0.079059,1.715000,0.9992,0
855,28.520279,1,0.113993,-0.365157,1.773000,0.9999,0,-0.191332,-0.368227,1.847000,0.9997,0,0.179701,-0.147329,1.788000,0.9227,0,-0.325256,-0.179356,1.814000,0.8527,0,0.225520,0.038027,1.778000,0.8760,0,-0.503188,-0.088962,1.799000,0.8803,0,0.079629,0.073794,1.724000,0.9992,0,-0.084507,0.081885,1.715000,0.9992,0
856,28.553637,1,0.113017,-0.371542,1.804000,0.9999,0,-0.195372,-0.376002,1.886000,0.9998,0,0.183257,-0.150779,1.794000,0.9221,0,-0.326331,-0.176951,1.820000,0.8557,0,0.219305,0.039828,1.729000,0.8727,0,-0.498648,-0.086237,1.804000,0.8849,0,0.080553,0.074650,1.744000,0.9993,0,-0.084260,0.081646,1.710000,0.9993,0
857,28.586994,1,0.107754,-0.354242,1.720000,0.9999,0,-0.195836,-0.382980,1.921000,0.9998,0,0.175279,-0.152323,1.744000,0.9255,0,-0.319697,-0.173353,1.783000,0.8615,0,0.219463,0.017277,1.753000,0.8790,0,-0.490079,-0.078914,1.773000,0.8905,0,0.074169,0.074008,1.729000,0.9993,0,-0.089889,0.078829,1.710000,0.9993,0
858,28.620352,1,0.110135,-0.362068,1.758000,0.9999,0,-0.189413,-0.370420,1.858000,0.9998,0,0.181310,-0.157563,1.804000,0.9273,0,-0.319605,-0.174909,1.799000,0.8619,0,0.218837,0.031626,1.748000,0.8808,0,-0.495679,-0.080294,1.804000,0.8911,0,0.073139,0.070172,1.705000,0.9993,0,-0.093201,0.081733,1.773000,0.9993,0
859,28.653709,1,0.113330,-0.372571,1.809000,0.9999,0,-0.183398,-0.358657,1.799000,0.9998,0,0.179199,-0.155729,1.783000,0.9254,0,-0.321382,-0.172901,1.809000,0.8647,0,0.218337,0.031554,1.744000,0.8767,0,-0.491462,-0.073278,1.778000,0.8931,0,0.073568,0.070583,1.715000,0.9993,0,-0.091887,0.080580,1.748000,0.9994,0
860,28.687066,1,0.109072,-0.371192,1.788000,0.9999,0,-0.188801,-0.369224,1.852000,0.9998,0,0.176686,-0.153546,1.758000,0.9272,0,-0.322270,-0.173379,1.814000,0.8694,0,0.225222,0.029585,1.799000,0.8807,0,-0.494075,-0.068595,1.809000,0.8978,0,0.073139,0.070172,1.705000,0.9994,0,-0.089889,0.076012,1.710000,0.9994,0
861,28.720424,1,0.108005,-0.355065,1.724000,0.9999,0,-0.190710,-0.367031,1.841000,0.9998,0,0.179199,-0.152792,1.783000,0.9270,0,-0.328965,-0.178636,1.869000,0.8683,0,0.218837,0.037386,1.748000,0.8792,0,-0.489741,-0.068406,1.804000,0.8967,0,0.073354,0.070378,1.710000,0.9994,0,-0.089153,0.078183,1.696000,0.9994,0
862,28.753781,1,0.114646,-0.376897,1.830000,0.9999,0,-0.183908,-0.359654,1.804000,0.9998,0,0.179701,-0.153220,1.788000,0.9258,0,-0.321220,-0.171424,1.825000,0.8695,0,0.220902,0.041187,1.788000,0.8755,0,-0.479511,-0.064854,1.788000,0.8983,0,0.074169,0.071160,1.729000,0.9994,0,-0.096119,0.078812,1.773000,0.9994,0
863,28.787139,1,0.113330,-0.372571,1.809000,0.9999,0,-0.187913,-0.361648,1.814000,0.9998,0,0.179701,-0.153220,1.788000,0.9244,0,-0.320340,-0.173952,1.820000,0.8679,0,0.217196,0.049184,1.758000,0.8705,0,-0.473903,-0.061562,1.778000,0.8936,0,0.077171,0.074040,1.799000,0.9994,0,-0.093246,0.079290,1.720000,0.9995,0
864,28.820496,1,0.112390,-0.369482,1.794000,0.9999,0,-0.190534,-0.372613,1.869000,0.9998,0,0.175279,-0.149450,1.744000,0.9265,0,-0.318404,-0.172901,1.809000,0.8694,0,0.219049,0.037920,1.773000,0.8759,0,-0.469905,-0.058138,1.763000,0.8941,0,0.073783,0.067956,1.720000,0.9994,0,-0.094764,0.077701,1.748000,0.9995,0
865,28.853854,1,0.108631,-0.357125,1.734000,0.9999,0,-0.186559,-0.364837,1.830000,0.9998,0,0.177189,-0.151078,1.763000,0.9283,0,-0.318404,-0.172901,1.809000,0.8715,0,0.217196,0.043392,1.758000,0.8786,0,-0.475215,-0.059160,1.794000,0.8935,0,0.072967,0.070007,1.701000,0.9994,0,-0.093734,0.082553,1.729000,0.9995,0
866,28.887211,1,0.113017,-0.371542,1.804000,0.9999,0,-0.179219,-0.350483,1.758000,0.9998,0,0.179199,-0.152792,1.783000,0.9299,0,-0.316644,-0.171945,1.799000,0.8741,0,0.222879,0.038583,1.804000,0.8817,0,-0.482102,-0.060018,1.820000,0.8954,0,0.073354,0.070378,1.710000,0.9995,0,-0.094764,0.080580,1.748000,0.9995,0
867,28.920569,1,0.114019,-0.374837,1.820000,0.9999,0,-0.187680,-0.367031,1.841000,0.9998,0,0.178696,-0.152364,1.778000,0.9296,0,-0.317524,-0.172423,1.804000,0.8737,0,0.211266,0.036573,1.710000,0.8794,0,-0.475215,-0.059160,1.794000,0.8931,0,0.073139,0.070172,1.705000,0.9995,0,-0.096859,0.079935,1.734000,0.9995,0
868,28.953926,1,0.116024,-0.381428,1.852000,0.9999,0,-0.187680,-0.367031,1.841000,0.9998,0,0.178696,-0.152364,1.778000,0.9276,0,-0.325973,-0.177011,1.852000,0.8767,0,0.219049,0.034999,1.773000,0.8757,0,-0.487763,-0.063362,1.830000,0.8950,0,0.072967,0.067205,1.701000,0.9995,0,-0.097418,0.077523,1.744000,0.9995,0
869,28.987284,1,0.109822,-0.361038,1.753000,0.9999,0,-0.180238,-0.352477,1.768000,0.9998,0,0.180304,-0.153735,1.794000,0.9268,0,-0.316763,-0.170416,1.783000,0.8784,0,0.217814,0.040611,1.763000,0.8704,0,-0.478167,-0.062116,1.794000,0.8942,0,0.073568,0.070583,1.715000,0.9995,0,-0.095306,0.083938,1.758000,0.9995,0
870,29.020641,1,0.110448,-0.363098,1.763000,0.9999,0,-0.189923,-0.371417,1.863000,0.9998,0,0.173772,-0.148165,1.729000,0.9279,0,-0.330975,-0.181131,1.863000,0.8828,0,0.215960,0.040265,1.748000,0.8731,0,-0.478407,-0.061389,1.773000,0.8984,0,0.072367,0.069431,1.687000,0.9995,0,-0.096119,0.081733,1.773000,0.9995,0
871,29.053999,1,0.115711,-0.380398,1.847000,0.9999,0,-0.184927,-0.361648,1.814000,0.9998,0,0.181812,-0.155020,1.809000,0.9243,0,-0.336203,-0.180645,1.858000,0.8839,0,0.218431,0.043638,1.768000,0.8679,0,-0.489909,-0.067610,1.783000,0.8998,0,0.074598,0.071571,1.739000,0.9995,0,-0.094005,0.079935,1.734000,0.9995,0
872,29.087356,1,0.110762,-0.364127,1.768000,0.9999,0,-0.184927,-0.361648,1.814000,0.9998,0,0.180807,-0.154163,1.799000,0.9252,0,-0.324654,-0.175796,1.778000,0.8857,0,0.215960,0.040265,1.748000,0.8694,0,-0.504398,-0.074762,1.814000,0.9005,0,0.067526,0.070172,1.705000,0.9995,0,-0.098479,0.081272,1.763000,0.9995,0
873,29.120714,1,0.113017,-0.371542,1.804000,0.9999,0,-0.185539,-0.362844,1.820000,0.9998,0,0.183420,-0.156391,1.825000,0.9265,0,-0.346307,-0.190339,1.863000,0.8855,0,0.218837,0.043145,1.748000,0.8713,0,-0.516341,-0.083727,1.814000,0.8975,0,0.071529,0.071365,1.734000,0.9995,0,-0.093463,0.079474,1.724000,0.9995,0
874,29.154072,1,0.112704,-0.370512,1.799000,0.9999,0,-0.185539,-0.362844,1.820000,0.9998,0,0.180807,-0.154163,1.799000,0.9287,0,-0.334371,-0.185103,1.783000,0.8887,0,0.220089,0.040496,1.758000,0.8749,0,-0.517769,-0.094309,1.788000,0.8994,0,0.068477,0.071160,1.729000,0.9995,0,-0.094005,0.079935,1.734000,0.9996,0
875,29.187429,1,0.110448,-0.363098,1.763000,0.9999,0,-0.189571,-0.364837,1.830000,0.9998,0,0.176686,-0.150650,1.758000,0.9310,0,-0.356398,-0.196654,1.836000,0.8885,0,0.219463,0.040380,1.753000,0.8780,0,-0.513424,-0.102294,1.724000,0.8933,0,0.071735,0.071571,1.739000,0.9995,0,-0.094276,0.083030,1.739000,0.9996,0
876,29.220787,1,0.113643,-0.373601,1.814000,0.9999,0,-0.190192,-0.363009,1.836000,0.9998,0,0.183923,-0.156820,1.830000,0.9300,0,-0.360270,-0.198482,1.825000,0.8878,0,0.217711,0.040058,1.739000,0.8754,0,-0.570151,-0.122818,1.863000,0.8886,0,0.070333,0.072981,1.705000,0.9995,0,-0.097418,0.086142,1.744000,0.9996,0
877,29.254144,1,0.114332,-0.375867,1.825000,0.9999,0,-0.190899,-0.358659,1.814000,0.9998,0,0.178696,-0.149434,1.778000,0.9298,0,-0.376773,-0.203918,1.847000,0.8883,0,0.215833,0.039712,1.724000,0.8749,0,-0.564623,-0.131860,1.778000,0.8834,0,0.070745,0.079059,1.715000,0.9995,0,-0.098620,0.084710,1.715000,0.9996,0
878,29.287502,1,0.112390,-0.369482,1.794000,1.0000,0,-0.189320,-0.355694,1.799000,0.9998,0,0.180304,-0.153735,1.794000,0.9321,0,-0.377256,-0.203935,1.820000,0.8896,0,0.221967,0.020395,1.773000,0.8806,0,-0.584756,-0.154592,1.804000,0.8810,0,0.071735,0.083030,1.739000,0.9995,0,-0.100000,0.088760,1.739000,0.9995,0
879,29.320859,1,0.113017,-0.371542,1.804000,1.0000,0,-0.189846,-0.356682,1.804000,0.9998,0,0.182315,-0.155449,1.814000,0.9306,0,-0.386617,-0.211777,1.836000,0.8891,0,0.221967,0.020395,1.773000,0.8770,0,-0.583819,-0.173353,1.783000,0.8740,0,0.070745,0.081885,1.715000,0.9995,0,-0.100000,0.091625,1.739000,0.9995,0
880,29.354217,1,0.113330,-0.372571,1.809000,1.0000,0,-0.193506,-0.352530,1.783000,0.9998,0,0.179701,-0.153220,1.788000,0.9325,0,-0.398053,-0.225217,1.847000,0.8874,0,0.220715,0.028993,1.763000,0.8805,0,-0.573482,-0.191442,1.734000,0.8689,0,0.066201,0.089015,1.744000,0.9995,0,-0.103158,0.094761,1.744000,0.9995,0
881,29.387574,1,0.111701,-0.367217,1.783000,0.9999,0,-0.200452,-0.365184,1.847000,0.9998,0,0.180807,-0.154163,1.799000,0.9302,0,-0.404568,-0.236375,1.863000,0.8773,0,0.220715,0.031898,1.763000,0.8798,0,-0.584314,-0.211469,1.758000,0.8539,0,0.065631,0.091098,1.729000,0.9994,0,-0.102271,0.102492,1.729000,0.9994,0
882,29.420932,1,0.111701,-0.367217,1.783000,0.9999,0,-0.198754,-0.356682,1.804000,0.9998,0,0.179701,-0.150275,1.788000,0.9314,0,-0.393631,-0.240110,1.799000,0.8747,0,0.215833,0.039712,1.724000,0.8829,0,-0.583867,-0.230423,1.748000,0.8522,0,0.065631,0.093946,1.729000,0.9994,0,-0.101739,0.101958,1.720000,0.9994,0
883,29.454290,1,0.109822,-0.358150,1.753000,0.9999,0,-0.195890,-0.348612,1.778000,0.9998,0,0.181310,-0.148648,1.804000,0.9278,0,-0.411324,-0.256337,1.852000,0.8738,0,0.223845,0.052969,1.788000,0.8768,0,-0.592217,-0.248323,1.773000,0.8567,0,0.066814,0.097223,1.687000,0.9994,0,-0.099255,0.107761,1.678000,0.9994,0
884,29.487647,1,0.114646,-0.373882,1.830000,0.9999,0,-0.209551,-0.367435,1.874000,0.9997,0,0.177691,-0.145681,1.768000,0.9303,0,-0.397110,-0.253370,1.788000,0.8727,0,0.219463,0.051932,1.753000,0.8833,0,-0.597228,-0.253370,1.788000,0.8614,0,0.068121,0.099124,1.720000,0.9993,0,-0.104813,0.110716,1.724000,0.9993,0
885,29.521004,1,0.111545,-0.363769,1.780500,0.9999,0,-0.201164,-0.352730,1.799000,0.9997,0,0.181310,-0.145676,1.804000,0.9287,0,-0.402514,-0.260856,1.799000,0.8738,0,0.215833,0.053913,1.724000,0.8822,0,-0.602184,-0.266042,1.794000,0.8664,0,0.061914,0.098260,1.705000,0.9993,0,-0.107651,0.110716,1.724000,0.9993,0
886,29.554361,1,0.112704,-0.367548,1.799000,0.9999,0,-0.204693,-0.353710,1.804000,0.9997,0,0.185300,-0.146483,1.814000,0.9275,0,-0.405475,-0.263819,1.799000,0.8746,0,0.221714,0.054663,1.748000,0.8808,0,-0.591779,-0.267253,1.763000,0.8689,0,0.065441,0.099355,1.724000,0.9993,0,-0.106464,0.109495,1.705000,0.9993,0
887,29.587718,1,0.112704,-0.367548,1.799000,0.9999,0,-0.201175,-0.347632,1.773000,0.9997,0,0.182644,-0.144384,1.788000,0.9265,0,-0.411911,-0.269979,1.841000,0.8738,0,0.222349,0.054820,1.753000,0.8817,0,-0.611256,-0.280424,1.830000,0.8729,0,0.067112,0.101891,1.768000,0.9992,0,-0.105340,0.108339,1.687000,0.9992,0
888,29.621075,1,0.114646,-0.373882,1.830000,0.9999,0,-0.202310,-0.349593,1.783000,0.9997,0,0.186424,-0.147372,1.825000,0.9275,0,-0.394459,-0.258540,1.763000,0.8736,0,0.219305,0.056918,1.729000,0.8852,0,-0.604242,-0.280187,1.809000,0.8770,0,0.066011,0.103084,1.739000,0.9992,0,-0.110232,0.110459,1.720000,0.9992,0
889,29.654432,1,0.110448,-0.357289,1.763000,0.9999,0,-0.209572,-0.362141,1.847000,0.9997,0,0.181112,-0.143173,1.773000,0.9288,0,-0.407212,-0.266899,1.820000,0.8741,0,0.220573,0.057247,1.739000,0.8883,0,-0.593887,-0.278314,1.778000,0.8798,0,0.053809,0.101662,1.715000,0.9992,0,-0.121003,0.112578,1.753000,0.9991,0
890,29.687789,1,0.113017,-0.365598,1.804000,0.9999,0,-0.202877,-0.350573,1.788000,0.9997,0,0.178558,-0.141154,1.748000,0.9297,0,-0.409450,-0.268365,1.830000,0.8721,0,0.219939,0.051369,1.734000,0.8928,0,-0.609586,-0.285671,1.825000,0.8813,0,0.056929,0.099355,1.724000,0.9992,0,-0.120213,0.106436,1.701000,0.9991,0
891,29.721146,1,0.111388,-0.360329,1.778000,0.9999,0,-0.205260,-0.354691,1.809000,0.9997,0,0.183768,-0.145272,1.799000,0.9280,0,-0.407729,-0.265286,1.809000,0.8704,0,0.221207,0.051665,1.744000,0.8896,0,-0.608244,-0.289469,1.830000,0.8788,0,0.058051,0.101314,1.758000,0.9991,0,-0.120036,0.108814,1.739000,0.9991,0
892,29.754502,1,0.112547,-0.364078,1.796500,0.9999,0,-0.208891,-0.360965,1.841000,0.9997,0,0.183420,-0.150378,1.825000,0.9272,0,-0.418773,-0.275532,1.858000,0.8711,0,0.224596,0.044280,1.794000,0.8906,0,-0.589299,-0.283373,1.773000,0.8827,0,0.055112,0.096185,1.669000,0.9991,0,-0.120381,0.109127,1.744000,0.9990,0
893,29.787860,1,0.111701,-0.361342,1.783000,0.9999,0,-0.201743,-0.348612,1.778000,0.9997,0,0.183768,-0.145272,1.799000,0.9238,0,-0.413814,-0.272270,1.836000,0.8715,0,0.224251,0.049464,1.768000,0.8838,0,-0.608244,-0.295498,1.830000,0.8835,0,0.062277,0.101662,1.715000,0.9991,0,-0.115894,0.113292,1.720000,0.9990,0
894,29.821217,1,0.109509,-0.354249,1.748000,0.9999,0,-0.207076,-0.357828,1.825000,0.9997,0,0.184279,-0.148648,1.804000,0.9282,0,-0.396234,-0.260703,1.758000,0.8731,0,0.222983,0.037599,1.758000,0.8925,0,-0.574675,-0.282038,1.729000,0.8888,0,0.055872,0.100298,1.692000,0.9991,0,-0.116500,0.113885,1.729000,0.9990,0
895,29.854573,1,0.110762,-0.358302,1.768000,0.9999,0,-0.208891,-0.360965,1.841000,0.9997,0,0.182134,-0.146917,1.783000,0.9267,0,-0.408855,-0.269007,1.814000,0.8739,0,0.218163,0.036787,1.720000,0.8915,0,-0.608244,-0.304542,1.830000,0.8901,0,0.065441,0.099355,1.724000,0.9990,0,-0.112405,0.109816,1.710000,0.9989,0
896,29.887930,1,0.110448,-0.357289,1.763000,0.9999,0,-0.205260,-0.354691,1.809000,0.9997,0,0.183257,-0.147824,1.794000,0.9275,0,-0.406602,-0.267525,1.804000,0.8739,0,0.226154,0.049883,1.783000,0.8893,0,-0.587637,-0.302962,1.768000,0.8900,0,0.067368,0.098030,1.701000,0.9990,0,-0.112667,0.112899,1.758000,0.9989,0
897,29.921288,1,0.112014,-0.365301,1.788000,0.9999,0,-0.205827,-0.355671,1.814000,0.9996,0,0.182134,-0.146917,1.783000,0.9276,0,-0.401395,-0.266042,1.794000,0.8727,0,0.222593,0.049743,1.778000,0.8899,0,-0.589299,-0.318424,1.773000,0.8905,0,0.066814,0.097223,1.687000,0.9990,0,-0.108117,0.108339,1.687000,0.9989,0
898,29.954645,1,0.111701,-0.364279,1.783000,0.9999,0,-0.204125,-0.352730,1.799000,0.9996,0,0.179701,-0.147329,1.788000,0.9250,0,-0.400663,-0.267525,1.804000,0.8737,0,0.220715,0.046419,1.763000,0.8871,0,-0.588399,-0.335845,1.788000,0.8950,0,0.064910,0.098548,1.710000,0.9990,0,-0.109911,0.110138,1.715000,0.9989,0
899,29.988001,1,0.111075,-0.362236,1.773000,0.9999,0,-0.201723,-0.353710,1.804000,0.9996,0,0.180304,-0.147824,1.794000,0.9251,0,-0.388281,-0.265152,1.788000,0.8750,0,0.219939,0.039943,1.734000,0.8908,0,-0.558537,-0.346652,1.768000,0.9029,0,0.065100,0.098836,1.715000,0.9990,0,-0.108587,0.111679,1.739000,0.9989,0
900,30.021358,1,0.112671,-0.377355,1.847000,0.9999,0,-0.195339,-0.347632,1.773000,0.9996,0,0.182315,-0.155449,1.814000,0.9264,0,-0.382848,-0.267525,1.804000,0.8750,0,0.218670,0.028352,1.724000,0.8965,0,-0.522110,-0.354268,1.734000,0.9110,0,0.068477,0.093946,1.729000,0.9989,0,-0.103962,0.104182,1.710000,0.9989,0
901,30.054716,1,0.110353,-0.372571,1.809000,0.9999,0,-0.195890,-0.348612,1.778000,0.9996,0,0.181812,-0.155020,1.809000,0.9268,0,-0.377773,-0.263086,1.794000,0.8699,0,0.221714,0.031626,1.748000,0.8996,0,-0.520712,-0.380029,1.788000,0.9175,0,0.067724,0.087280,1.710000,0.9989,0,-0.102123,0.102343,1.726500,0.9988,0
902,30.088073,1,0.107375,-0.375552,1.809000,0.9999,0,-0.198203,-0.355694,1.799000,0.9996,0,0.183923,-0.162849,1.830000,0.9300,0,-0.375864,-0.263819,1.799000,0.8622,0,0.220573,0.020004,1.739000,0.9071,0,-0.483609,-0.381730,1.729000,0.9245,0,0.064910,0.084463,1.710000,0.9989,0,-0.102863,0.097355,1.739000,0.9988,0
903,30.121429,1,0.107672,-0.376590,1.814000,0.9999,0,-0.199305,-0.354691,1.809000,0.9997,0,0.177691,-0.160244,1.768000,0.9317,0,-0.375864,-0.266783,1.799000,0.8581,0,0.224078,0.020062,1.744000,0.9140,0,-0.558353,-0.452633,2.020000,0.9315,0,0.071766,0.077123,1.673000,0.9988,0,-0.099138,0.096515,1.724000,0.9987,0
904,30.154787,1,0.106782,-0.376439,1.799000,0.9999,0,-0.198754,-0.353710,1.804000,0.9997,0,0.180807,-0.163054,1.799000,0.9343,0,-0.373940,-0.267525,1.804000,0.8576,0,0.227804,0.020395,1.773000,0.9211,0,-0.473903,-0.401336,1.778000,0.9379,0,0.079444,0.079290,1.720000,0.9988,0,-0.096077,0.093457,1.720000,0.9987,0
905,30.188144,1,0.107078,-0.377486,1.804000,0.9999,0,-0.192584,-0.342730,1.748000,0.9997,0,0.179701,-0.162057,1.788000,0.9370,0,-0.359455,-0.259220,1.748000,0.8533,0,0.223435,0.014274,1.739000,0.9276,0,-0.472703,-0.419103,1.830000,0.9434,0,0.078974,0.078812,1.773000,0.9988,0,-0.099138,0.090835,1.724000,0.9986,0
906,30.221500,1,0.101454,-0.367860,1.758000,0.9999,0,-0.194788,-0.346652,1.768000,0.9997,0,0.178194,-0.160698,1.773000,0.9395,0,-0.357748,-0.262186,1.768000,0.8517,0,0.223435,0.017139,1.739000,0.9335,0,-0.465403,-0.414951,1.825000,0.9485,0,0.075144,0.074989,1.687000,0.9988,0,-0.095798,0.090360,1.715000,0.9986,0
907,30.254858,1,0.104109,-0.377486,1.804000,0.9999,0,-0.195339,-0.347632,1.773000,0.9997,0,0.179701,-0.162057,1.788000,0.9414,0,-0.361795,-0.265152,1.788000,0.8503,0,0.225234,0.014389,1.753000,0.9386,0,-0.458346,-0.423234,1.809000,0.9530,0,0.075945,0.075789,1.705000,0.9987,0,-0.097641,0.092099,1.748000,0.9985,0
908,30.288215,1,0.103532,-0.375393,1.794000,0.9999,0,-0.195890,-0.348612,1.778000,0.9997,0,0.180304,-0.162601,1.794000,0.9422,0,-0.358759,-0.262927,1.773000,0.8507,0,0.227161,0.011600,1.768000,0.9426,0,-0.439637,-0.408406,1.758000,0.9571,0,0.078151,0.075212,1.692000,0.9987,0,-0.092502,0.087252,1.656000,0.9985,0
909,30.321572,1,0.104398,-0.378532,1.809000,0.9999,0,-0.199856,-0.355671,1.814000,0.9997,0,0.176686,-0.159338,1.758000,0.9412,0,-0.366044,-0.268266,1.809000,0.8465,0,0.227161,0.011600,1.768000,0.9452,0,-0.437985,-0.412472,1.763000,0.9607,0,0.077689,0.074767,1.682000,0.9987,0,-0.095798,0.090360,1.715000,0.9985,0
910,30.354929,1,0.102897,-0.373091,1.783000,0.9999,0,-0.196991,-0.350573,1.788000,0.9997,0,0.180304,-0.159646,1.794000,0.9406,0,-0.359771,-0.263669,1.778000,0.8431,0,0.219305,0.022737,1.729000,0.9475,0,-0.430781,-0.408544,1.734000,0.9639,0,0.078752,0.075789,1.705000,0.9987,0,-0.096077,0.090624,1.720000,0.9985,0
911,30.388286,1,0.104686,-0.379578,1.814000,0.9999,0,-0.195890,-0.348612,1.778000,0.9997,0,0.180304,-0.159646,1.794000,0.9424,0,-0.353701,-0.259220,1.748000,0.8418,0,0.224251,0.023250,1.768000,0.9510,0,-0.458854,-0.438210,1.847000,0.9668,0,0.080091,0.077078,1.734000,0.9987,0,-0.096580,0.091098,1.729000,0.9985,0
912,30.421643,1,0.105610,-0.382926,1.830000,0.9999,0,-0.201619,-0.358808,1.830000,0.9998,0,0.182315,-0.161425,1.814000,0.9436,0,-0.367056,-0.269007,1.814000,0.8405,0,0.224078,0.028681,1.744000,0.9538,0,-0.452146,-0.434803,1.820000,0.9694,0,0.080322,0.077301,1.739000,0.9987,0,-0.097418,0.091888,1.744000,0.9985,0
913,30.455000,1,0.102320,-0.370999,1.773000,0.9999,0,-0.201068,-0.357828,1.825000,0.9998,0,0.180304,-0.159646,1.794000,0.9445,0,-0.360783,-0.264410,1.783000,0.8381,0,0.226788,0.029404,1.788000,0.9567,0,-0.449890,-0.426822,1.799000,0.9718,0,0.081431,0.078368,1.763000,0.9987,0,-0.097138,0.091625,1.739000,0.9984,0
914,30.488359,1,0.103821,-0.376439,1.799000,1.0000,0,-0.196991,-0.350573,1.788000,0.9998,0,0.181812,-0.158000,1.809000,0.9447,0,-0.361678,-0.268769,1.773000,0.8369,0,0.228817,0.029667,1.804000,0.9591,0,-0.463144,-0.442447,1.852000,0.9740,0,0.078151,0.077999,1.692000,0.9987,0,-0.097528,0.092153,1.696000,0.9984,0
915,30.521719,1,0.101454,-0.367860,1.758000,1.0000,0,-0.197652,-0.351749,1.794000,0.9998,0,0.180304,-0.159646,1.794000,0.9451,0,-0.368001,-0.276440,1.804000,0.8358,0,0.223617,0.026089,1.763000,0.9614,0,-0.439637,-0.419991,1.758000,0.9758,0,0.078567,0.078414,1.701000,0.9987,0,-0.099138,0.093675,1.724000,0.9984,0
916,30.555078,1,0.103186,-0.374138,1.788000,1.0000,0,-0.196991,-0.350573,1.788000,0.9998,0,0.175279,-0.155196,1.744000,0.9456,0,-0.359638,-0.270158,1.763000,0.8356,0,0.215833,0.022672,1.724000,0.9632,0,-0.461894,-0.441253,1.847000,0.9776,0,0.076257,0.076109,1.651000,0.9987,0,-0.099138,0.093675,1.724000,0.9984,0
917,30.588438,1,0.102609,-0.372045,1.778000,1.0000,0,-0.197652,-0.351749,1.794000,0.9998,0,0.178696,-0.155293,1.778000,0.9454,0,-0.365961,-0.277863,1.794000,0.8356,0,0.227549,0.023592,1.794000,0.9646,0,-0.460393,-0.439819,1.841000,0.9791,0,0.079214,0.081885,1.715000,0.9987,0,-0.097815,0.095227,1.701000,0.9984,0
918,30.621798,1,0.103532,-0.375393,1.794000,1.0000,0,-0.197652,-0.351749,1.794000,0.9998,0,0.180807,-0.157127,1.799000,0.9459,0,-0.369021,-0.280187,1.809000,0.8336,0,0.221967,0.023316,1.773000,0.9665,0,-0.443388,-0.423574,1.773000,0.9805,0,0.081200,0.083938,1.758000,0.9987,0,-0.098333,0.095731,1.710000,0.9984,0
919,30.655157,1,0.103186,-0.374138,1.788000,1.0000,0,-0.199856,-0.355671,1.814000,0.9998,0,0.180807,-0.157127,1.799000,0.9466,0,-0.374529,-0.284369,1.836000,0.8337,0,0.217711,0.022869,1.739000,0.9680,0,-0.458137,-0.434803,1.820000,0.9819,0,0.075544,0.080977,1.696000,0.9987,0,-0.103158,0.097635,1.744000,0.9984,0
920,30.688517,1,0.102032,-0.369953,1.768000,1.0000,0,-0.199375,-0.349593,1.783000,0.9998,0,0.180304,-0.156690,1.794000,0.9455,0,-0.375549,-0.288176,1.841000,0.8308,0,0.217711,0.025734,1.739000,0.9689,0,-0.459396,-0.435997,1.825000,0.9829,0,0.073540,0.078829,1.651000,0.9987,0,-0.099491,0.094164,1.682000,0.9983,0
921,30.721877,1,0.102032,-0.369953,1.768000,1.0000,0,-0.202842,-0.355671,1.814000,0.9998,0,0.175681,-0.152672,1.748000,0.9441,0,-0.370971,-0.285356,1.804000,0.8288,0,0.215833,0.025512,1.724000,0.9697,0,-0.477855,-0.469212,1.886000,0.9840,0,0.078083,0.083699,1.753000,0.9986,0,-0.100852,0.095451,1.705000,0.9983,0
922,30.755237,1,0.103532,-0.375393,1.794000,1.0000,0,-0.196580,-0.344691,1.758000,0.9998,0,0.180304,-0.156690,1.794000,0.9429,0,-0.372522,-0.287909,1.783000,0.8257,0,0.215332,0.025453,1.720000,0.9703,0,-0.445767,-0.434880,1.748000,0.9848,0,0.075767,0.084018,1.701000,0.9986,0,-0.101443,0.098836,1.715000,0.9983,0
923,30.788596,1,0.107375,-0.375552,1.809000,1.0000,0,-0.202842,-0.355671,1.814000,0.9998,0,0.176184,-0.150221,1.753000,0.9423,0,-0.377773,-0.298551,1.794000,0.8221,0,0.218337,0.031554,1.744000,0.9712,0,-0.461854,-0.447777,1.788000,0.9856,0,0.080091,0.088505,1.734000,0.9986,0,-0.097920,0.103914,1.753000,0.9982,0
924,30.821956,1,0.106485,-0.372438,1.794000,0.9999,0,-0.202283,-0.354691,1.809000,0.9997,0,0.179701,-0.150275,1.788000,0.9418,0,-0.369053,-0.292263,1.739000,0.8169,0,0.223219,0.058695,1.783000,0.9719,0,-0.464797,-0.447777,1.788000,0.9863,0,0.080553,0.094761,1.744000,0.9985,0,-0.094005,0.108501,1.734000,0.9982,0
925,30.855316,1,0.103754,-0.362888,1.748000,0.9999,0,-0.212635,-0.370522,1.874000,0.9998,0,0.176184,-0.147333,1.753000,0.9409,0,-0.373840,-0.302415,1.748000,0.8186,0,0.217196,0.060768,1.758000,0.9730,0,-0.447780,-0.425989,1.701000,0.9873,0,0.076858,0.090415,1.664000,0.9985,0,-0.094276,0.108814,1.739000,0.9981,0
926,30.888676,1,0.107375,-0.375552,1.809000,0.9999,0,-0.197139,-0.348576,1.763000,0.9998,0,0.178696,-0.143576,1.778000,0.9412,0,-0.378118,-0.308788,1.768000,0.8121,0,0.213083,0.063302,1.748000,0.9740,0,-0.463508,-0.435505,1.739000,0.9877,0,0.077014,0.093946,1.729000,0.9985,0,-0.097418,0.109127,1.744000,0.9981,0
927,30.922036,1,0.104942,-0.367040,1.768000,0.9999,0,-0.199375,-0.352530,1.783000,0.9997,0,0.180304,-0.144868,1.794000,0.9351,0,-0.382395,-0.309335,1.788000,0.8047,0,0.212010,0.063846,1.763000,0.9711,0,-0.461275,-0.413746,1.720000,0.9881,0,0.067112,0.096066,1.768000,0.9985,0,-0.100319,0.103329,1.696000,0.9981,0
928,30.955396,1,0.106129,-0.371192,1.788000,0.9999,0,-0.193337,-0.341853,1.729000,0.9998,0,0.180304,-0.144868,1.794000,0.9248,0,-0.379187,-0.306740,1.773000,0.7990,0,0.211409,0.063665,1.758000,0.9653,0,-0.456179,-0.395164,1.701000,0.9885,0,0.071529,0.097075,1.734000,0.9984,0,-0.102567,0.111358,1.734000,0.9981,0
929,30.988755,1,0.105535,-0.369116,1.778000,0.9999,0,-0.202842,-0.361648,1.814000,0.9998,0,0.178194,-0.140252,1.773000,0.9198,0,-0.385817,-0.318047,1.804000,0.7930,0,0.213213,0.072970,1.773000,0.9626,0,-0.487657,-0.414795,1.785500,0.9886,0,0.070539,0.098548,1.710000,0.9984,0,-0.103158,0.112000,1.744000,0.9981,0
930,31.022115,1,0.105472,-0.356095,1.729000,0.9999,0,-0.202283,-0.360651,1.809000,0.9998,0,0.177189,-0.139461,1.763000,0.9195,0,-0.373840,-0.311054,1.748000,0.7874,0,0.210807,0.069259,1.753000,0.9634,0,-0.470178,-0.395164,1.701000,0.9886,0,0.069824,0.101603,1.763000,0.9984,0,-0.110398,0.113541,1.768000,0.9981,0
931,31.055475,1,0.111024,-0.374837,1.820000,0.9999,0,-0.203558,-0.357660,1.794000,0.9998,0,0.179199,-0.138105,1.783000,0.9154,0,-0.394389,-0.328660,1.830000,0.7779,0,0.209124,0.065841,1.739000,0.9626,0,-0.464509,-0.378109,1.651000,0.9882,0,0.067368,0.098030,1.701000,0.9984,0,-0.112347,0.109690,1.753000,0.9981,0
932,31.088835,1,0.111634,-0.376897,1.830000,0.9999,0,-0.208324,-0.369058,1.836000,0.9998,0,0.174287,-0.136556,1.763000,0.9084,0,-0.394389,-0.331675,1.830000,0.7670,0,0.223811,0.072539,1.836000,0.9563,0,-0.482516,-0.384290,1.715000,0.9871,0,0.067368,0.098030,1.701000,0.9984,0,-0.112026,0.112257,1.748000,0.9981,0
933,31.122195,1,0.106936,-0.361038,1.753000,0.9999,0,-0.209572,-0.374312,1.847000,0.9998,0,0.180807,-0.139345,1.799000,0.9028,0,-0.396554,-0.332434,1.785500,0.7671,0,0.221129,0.074658,1.814000,0.9544,0,-0.481109,-0.380353,1.710000,0.9871,0,0.065290,0.099124,1.720000,0.9984,0,-0.117927,0.115211,1.794000,0.9981,0
934,31.155555,1,0.108767,-0.367217,1.783000,0.9999,0,-0.201743,-0.360329,1.778000,0.9998,0,0.172409,-0.135085,1.744000,0.8946,0,-0.389336,-0.329271,1.753000,0.7686,0,0.207921,0.068311,1.729000,0.9516,0,-0.476045,-0.376349,1.692000,0.9877,0,0.062604,0.099355,1.724000,0.9983,0,-0.119465,0.113862,1.773000,0.9981,0
935,31.188915,1,0.110048,-0.371542,1.804000,0.9999,0,-0.202877,-0.362355,1.788000,0.9998,0,0.176264,-0.138105,1.783000,0.8834,0,-0.400663,-0.338851,1.804000,0.7666,0,0.209124,0.071571,1.739000,0.9456,0,-0.481092,-0.382577,1.720000,0.9879,0,0.059281,0.098548,1.710000,0.9983,0,-0.118117,0.112578,1.753000,0.9981,0
936,31.222275,1,0.112000,-0.378132,1.836000,0.9999,0,-0.205820,-0.362355,1.788000,0.9998,0,0.179329,-0.140507,1.814000,0.8807,0,-0.410213,-0.346927,1.847000,0.7638,0,0.210807,0.072147,1.753000,0.9444,0,-0.467945,-0.372123,1.673000,0.9875,0,0.059940,0.102492,1.729000,0.9983,0,-0.118035,0.109816,1.710000,0.9981,0
937,31.255635,1,0.109438,-0.369482,1.794000,0.9999,0,-0.211346,-0.372083,1.836000,0.9998,0,0.178835,-0.140119,1.809000,0.8761,0,-0.411990,-0.348430,1.855000,0.7559,0,0.211409,0.069457,1.758000,0.9434,0,-0.505985,-0.402373,1.809000,0.9865,0,0.059281,0.101365,1.710000,0.9982,0,-0.118380,0.110138,1.715000,0.9981,0
938,31.288995,1,0.108919,-0.367732,1.785500,0.9999,0,-0.205827,-0.367624,1.814000,0.9998,0,0.179329,-0.140507,1.814000,0.8731,0,-0.393064,-0.334906,1.783000,0.7447,0,0.215738,0.070879,1.794000,0.9424,0,-0.493119,-0.392141,1.763000,0.9855,0,0.058657,0.097511,1.692000,0.9982,0,-0.122383,0.110941,1.773000,0.9981,0
939,31.322356,1,0.109438,-0.366527,1.794000,0.9999,0,-0.200041,-0.357289,1.763000,0.9998,0,0.176759,-0.135547,1.788000,0.8633,0,-0.409598,-0.352054,1.858000,0.7363,0,0.216339,0.074040,1.799000,0.9325,0,-0.476896,-0.382049,1.705000,0.9843,0,0.058796,0.100535,1.696000,0.9982,0,-0.115220,0.109816,1.710000,0.9981,0
940,31.355716,1,0.111329,-0.372860,1.825000,0.9999,0,-0.210139,-0.375326,1.852000,0.9998,0,0.175276,-0.134410,1.773000,0.8703,0,-0.386848,-0.332089,1.768000,0.7424,0,0.216339,0.077004,1.799000,0.9373,0,-0.485339,-0.384290,1.715000,0.9852,0,0.055542,0.099705,1.682000,0.9982,0,-0.118791,0.113220,1.763000,0.9981,0
941,31.389076,1,0.109072,-0.365301,1.788000,0.9999,0,-0.201175,-0.359315,1.773000,0.9998,0,0.175770,-0.134789,1.778000,0.8682,0,-0.379408,-0.328559,1.734000,0.7383,0,0.212611,0.075677,1.768000,0.9347,0,-0.484176,-0.381153,1.701000,0.9844,0,0.057589,0.103381,1.744000,0.9983,0,-0.117780,0.112257,1.748000,0.9981,0
942,31.422436,1,0.109438,-0.366527,1.794000,0.9999,0,-0.208891,-0.373096,1.841000,0.9998,0,0.177846,-0.136381,1.799000,0.8667,0,-0.401070,-0.347317,1.833000,0.7266,0,0.216941,0.080190,1.804000,0.9341,0,-0.504671,-0.397286,1.773000,0.9834,0,0.057589,0.103381,1.744000,0.9983,0,-0.120036,0.111679,1.739000,0.9981,0
943,31.455796,1,0.108767,-0.364279,1.783000,0.9999,0,-0.203558,-0.363571,1.794000,0.9998,0,0.176759,-0.135547,1.788000,0.8590,0,-0.392537,-0.339928,1.794000,0.7202,0,0.213814,0.079034,1.778000,0.9271,0,-0.486976,-0.381153,1.701000,0.9825,0,0.056004,0.100535,1.696000,0.9983,0,-0.117780,0.112257,1.748000,0.9982,0
944,31.489156,1,0.108462,-0.363258,1.778000,0.9999,0,-0.207076,-0.369854,1.825000,0.9998,0,0.178340,-0.133788,1.804000,0.8592,0,-0.401726,-0.344861,1.836000,0.7124,0,0.219300,0.082932,1.799000,0.9276,0,-0.480191,-0.378016,1.687000,0.9821,0,0.059766,0.102195,1.724000,0.9983,0,-0.120476,0.114826,1.788000,0.9981,0
945,31.522516,1,0.112305,-0.376129,1.841000,0.9999,0,-0.202310,-0.361342,1.783000,0.9998,0,0.180807,-0.133417,1.799000,0.8592,0,-0.404568,-0.349933,1.863000,0.7021,0,0.217350,0.082194,1.783000,0.9270,0,-0.481615,-0.379136,1.692000,0.9806,0,0.061914,0.101069,1.705000,0.9983,0,-0.114883,0.109495,1.705000,0.9982,0
946,31.555876,1,0.109072,-0.365301,1.788000,0.9999,0,-0.202842,-0.367624,1.814000,0.9998,0,0.176686,-0.133273,1.758000,0.8641,0,-0.393312,-0.342795,1.825000,0.7017,0,0.212010,0.078368,1.763000,0.9297,0,-0.494992,-0.387427,1.729000,0.9798,0,0.063330,0.103381,1.744000,0.9983,0,-0.119128,0.110629,1.768000,0.9982,0
947,31.589236,1,0.109438,-0.366527,1.794000,0.9999,0,-0.199375,-0.361342,1.783000,0.9998,0,0.181812,-0.137139,1.809000,0.8622,0,-0.402071,-0.353126,1.880000,0.6994,0,0.212611,0.078590,1.768000,0.9258,0,-0.485545,-0.380033,1.696000,0.9790,0,0.060286,0.103084,1.739000,0.9984,0,-0.118791,0.110316,1.763000,0.9983,0
948,31.622596,1,0.106082,-0.355290,1.739000,0.9999,0,-0.199934,-0.362355,1.788000,0.9998,0,0.175276,-0.134410,1.773000,0.8600,0,-0.391377,-0.343734,1.830000,0.7036,0,0.210206,0.074821,1.748000,0.9233,0,,,,0.9794,2,0.059628,0.101958,1.720000,0.9984,0,-0.122038,0.110629,1.768000,0.9983,0
949,31.655956,1,0.111024,-0.371839,1.820000,0.9999,0,-0.205302,-0.372083,1.836000,0.9998,0,0.170413,-0.132894,1.753000,0.8556,0,-0.393730,-0.345800,1.841000,0.7051,0,0.212010,0.075463,1.763000,0.9187,0,-0.492416,-0.388244,1.720000,0.9796,0,0.059454,0.101662,1.715000,0.9984,0,-0.117511,0.109127,1.744000,0.9983,0
950,31.689315,1,0.111817,-0.374495,1.833000,0.9999,0,-0.201164,-0.364585,1.799000,0.9998,0,0.170413,-0.132894,1.753000,0.8536,0,-0.396082,-0.347867,1.852000,0.7026,0,0.209108,0.075463,1.763000,0.9178,0,-0.511883,-0.403593,1.788000,0.9794,0,0.053966,0.099124,1.720000,0.9984,0,-0.114883,0.101069,1.705000,0.9984,0
951,31.722676,1,0.106936,-0.358150,1.753000,0.9999,0,-0.208992,-0.378771,1.869000,0.9998,0,0.174885,-0.136381,1.799000,0.8508,0,-0.382395,-0.335845,1.788000,0.7032,0,0.207329,0.074821,1.748000,0.9140,0,-0.498978,-0.398581,1.753000,0.9798,0,0.052648,0.096704,1.678000,0.9984,0,-0.119001,0.105035,1.724000,0.9984,0
952,31.756036,1,0.109743,-0.367548,1.799000,0.9999,0,-0.207091,-0.375326,1.852000,0.9998,0,0.174399,-0.136002,1.794000,0.8546,0,-0.391377,-0.343734,1.830000,0.7012,0,0.210294,0.072970,1.773000,0.9178,0,-0.479962,-0.385621,1.696000,0.9799,0,0.054562,0.100219,1.739000,0.9984,0,-0.121003,0.106802,1.753000,0.9984,0
953,31.789396,1,0.109743,-0.364585,1.799000,0.9999,0,-0.201743,-0.360329,1.778000,0.9998,0,0.171871,-0.131118,1.768000,0.8581,0,-0.390308,-0.342795,1.825000,0.6987,0,0.209701,0.075677,1.768000,0.9199,0,-0.482516,-0.389941,1.715000,0.9802,0,0.053966,0.099124,1.720000,0.9985,0,-0.121003,0.106802,1.753000,0.9984,0
954,31.822756,1,0.110658,-0.367624,1.814000,0.9999,0,-0.205827,-0.367624,1.814000,0.9998,0,0.175371,-0.133788,1.804000,0.8556,0,-0.393730,-0.345800,1.841000,0.6925,0,0.209701,0.075677,1.768000,0.9170,0,-0.540474,-0.436779,1.921000,0.9800,0,0.053966,0.099124,1.720000,0.9985,0,-0.122728,0.108325,1.778000,0.9984,0
955,31.856116,1,0.106936,-0.355262,1.753000,0.9999,0,-0.208324,-0.372083,1.836000,0.9998,0,0.175371,-0.133788,1.804000,0.8544,0,-0.398435,-0.349933,1.863000,0.6934,0,0.204008,0.073623,1.720000,0.9162,0,-0.472106,-0.384292,1.678000,0.9801,0,0.056631,0.098836,1.715000,0.9984,0,-0.118380,0.107312,1.715000,0.9984,0
956,31.889476,1,0.109438,-0.363571,1.794000,0.9999,0,-0.201723,-0.365598,1.804000,0.9998,0,0.173330,-0.129293,1.783000,0.8554,0,-0.392554,-0.341744,1.835500,0.6943,0,0.205669,0.077078,1.734000,0.9179,0,-0.473260,-0.384711,1.692000,0.9812,0,0.059940,0.099643,1.729000,0.9984,0,-0.122728,0.111254,1.778000,0.9984,0
957,31.922836,1,0.110048,-0.365598,1.804000,0.9999,0,-0.196580,-0.356276,1.758000,0.9998,0,0.174885,-0.133417,1.799000,0.8542,0,-0.382395,-0.332900,1.788000,0.6892,0,0.207329,0.077701,1.748000,0.9169,0,-0.473260,-0.387499,1.692000,0.9811,0,0.056929,0.099355,1.724000,0.9984,0,-0.119001,0.105035,1.724000,0.9984,0
958,31.956196,1,0.106631,-0.354249,1.748000,0.9999,0,-0.205302,-0.372083,1.836000,0.9998,0,0.173816,-0.129656,1.788000,0.8442,0,-0.396082,-0.344816,1.852000,0.6835,0,0.206855,0.080396,1.744000,0.9058,0,-0.475777,-0.392362,1.701000,0.9806,0,0.060113,0.099931,1.734000,0.9984,0,-0.117780,0.112257,1.748000,0.9984,0
959,31.989556,1,0.110658,-0.367624,1.814000,0.9999,0,-0.199934,-0.362355,1.788000,0.9998,0,0.175770,-0.131860,1.778000,0.8545,0,-0.377048,-0.328245,1.763000,0.6926,0,0.205076,0.079705,1.729000,0.9137,0,-0.472977,-0.389560,1.701000,0.9818,0,0.060945,0.101314,1.758000,0.9984,0,-0.118117,0.112578,1.753000,0.9984,0
960,32.022917,1,0.109438,-0.363571,1.794000,0.9999,0,-0.198906,-0.355262,1.753000,0.9998,0,0.175371,-0.133788,1.804000,0.8524,0,-0.395013,-0.343885,1.847000,0.6975,0,0.203984,0.080396,1.744000,0.9121,0,,,,0.9826,2,0.058657,0.097511,1.692000,0.9984,0,-0.121348,0.112899,1.758000,0.9984,0
961,32.056277,1,0.109895,-0.365091,1.801500,0.9999,0,-0.204125,-0.361621,1.799000,0.9998,0,0.170899,-0.130377,1.758000,0.8488,0,-0.376717,-0.322573,1.748000,0.6943,0,0.207329,0.080580,1.748000,0.9103,0,-0.475480,-0.391621,1.710000,0.9830,0,0.062095,0.101365,1.710000,0.9983,0,-0.115232,0.115466,1.753000,0.9983,0
962,32.089637,1,0.111329,-0.369854,1.825000,0.9999,0,-0.206508,-0.365842,1.820000,0.9998,0,0.175371,-0.133788,1.804000,0.8523,0,-0.397366,-0.342872,1.858000,0.6992,0,0.205669,0.079935,1.734000,0.9145,0,-0.471587,-0.388415,1.696000,0.9834,0,0.064720,0.101069,1.705000,0.9983,0,-0.115561,0.115795,1.758000,0.9983,0
963,32.122997,1,0.110048,-0.365598,1.804000,0.9999,0,-0.213316,-0.377903,1.880000,0.9998,0,0.173330,-0.132231,1.783000,0.8526,0,-0.379187,-0.327186,1.773000,0.7008,0,0.206855,0.077523,1.744000,0.9161,0,-0.462438,-0.383147,1.673000,0.9841,0,0.062095,0.098548,1.710000,0.9983,0,-0.118791,0.113220,1.763000,0.9982,0
964,32.156358,1,0.109438,-0.363571,1.794000,0.9999,0,-0.203558,-0.360616,1.794000,0.9998,0,0.172844,-0.131860,1.778000,0.8461,0,-0.379187,-0.324265,1.773000,0.6983,0,0.204482,0.076634,1.724000,0.9102,0,-0.479299,-0.405687,1.734000,0.9844,0,0.061442,0.100298,1.692000,0.9983,0,-0.115232,0.115466,1.753000,0.9982,0
965,32.189718,1,0.108462,-0.360329,1.778000,0.9999,0,-0.208891,-0.370063,1.841000,0.9998,0,0.173816,-0.132602,1.788000,0.8527,0,-0.370846,-0.317132,1.734000,0.7030,0,0.203399,0.074436,1.739000,0.9163,0,-0.444195,-0.378622,1.607000,0.9850,0,0.066542,0.103914,1.753000,0.9983,0,-0.118256,0.118496,1.799000,0.9982,0
966,32.223078,1,0.112000,-0.372083,1.836000,0.9999,0,-0.207643,-0.367852,1.830000,0.9998,0,0.172409,-0.132211,1.744000,0.8599,0,-0.389864,-0.330849,1.809000,0.7121,0,0.211002,0.074246,1.804000,0.9220,0,-0.484551,-0.436123,1.753000,0.9858,0,0.061260,0.100002,1.687000,0.9983,0,-0.115232,0.112578,1.753000,0.9982,0
967,32.256439,1,0.108767,-0.361342,1.783000,0.9999,0,-0.204693,-0.359654,1.804000,0.9998,0,0.176264,-0.135168,1.783000,0.8581,0,,,,0.7164,2,0.206207,0.072559,1.763000,0.9220,0,-0.494305,-0.456459,1.799000,0.9866,0,0.064720,0.101069,1.705000,0.9983,0,-0.112405,0.109816,1.710000,0.9982,0
968,32.289799,1,0.107089,-0.358661,1.755500,0.9999,0,-0.202842,-0.361648,1.814000,0.9998,0,0.175276,-0.134410,1.773000,0.8613,0,-0.380725,-0.322195,1.794000,0.7143,0,0.202815,0.071365,1.734000,0.9247,0,-0.459335,-0.426522,1.692000,0.9869,0,0.063695,0.099468,1.678000,0.9982,0,-0.115232,0.112578,1.753000,0.9981,0
969,32.323160,1,0.110048,-0.368570,1.804000,0.9999,0,-0.197652,-0.357660,1.794000,0.9997,0,0.176759,-0.135547,1.788000,0.8589,0,-0.372522,-0.314345,1.783000,0.7151,0,0.207376,0.072970,1.773000,0.9232,0,,,,0.9870,2,0.068279,0.102195,1.724000,0.9982,0,-0.107401,0.110459,1.720000,0.9981,0
970,32.356520,1,0.111634,-0.373882,1.830000,0.9999,0,-0.202831,-0.370063,1.841000,0.9997,0,0.177846,-0.136381,1.799000,0.8649,0,-0.386938,-0.326510,1.852000,0.7255,0,0.206207,0.072559,1.763000,0.9279,0,-0.458444,-0.442081,1.720000,0.9878,0,0.060425,0.095897,1.664000,0.9982,0,-0.113949,0.105396,1.778000,0.9981,0
971,32.389881,1,0.107851,-0.361215,1.768000,0.9999,0,-0.201619,-0.367852,1.830000,0.9998,0,0.175857,-0.137139,1.809000,0.8650,0,-0.376909,-0.318047,1.804000,0.7302,0,0.206207,0.072559,1.763000,0.9276,0,-0.478526,-0.467290,1.806500,0.9883,0,0.058172,0.096704,1.678000,0.9983,0,-0.113063,0.101958,1.720000,0.9981,0
972,32.423241,1,0.106784,-0.357639,1.750500,0.9999,0,-0.197652,-0.360616,1.794000,0.9998,0,0.171385,-0.133652,1.763000,0.8653,0,-0.380252,-0.323866,1.820000,0.7365,0,0.207329,0.071941,1.748000,0.9287,0,-0.465417,-0.468981,1.768000,0.9888,0,0.065100,0.098836,1.715000,0.9982,0,-0.111129,0.105645,1.734000,0.9981,0
973,32.456602,1,0.109072,-0.365301,1.788000,0.9999,0,-0.202280,-0.369058,1.836000,0.9998,0,0.172844,-0.134789,1.778000,0.8708,0,-0.375208,-0.323351,1.768000,0.7436,0,0.208515,0.072353,1.758000,0.9334,0,,,,0.9893,2,0.064379,0.097741,1.696000,0.9982,0,-0.115295,0.109605,1.799000,0.9981,0
974,32.489961,1,0.110353,-0.369591,1.809000,0.9999,0,-0.203492,-0.371269,1.847000,0.9998,0,0.171385,-0.133652,1.763000,0.8708,0,-0.377330,-0.325180,1.778000,0.7484,0,0.207922,0.072147,1.753000,0.9339,0,-0.465417,-0.480632,1.768000,0.9896,0,0.066732,0.101314,1.758000,0.9982,0,-0.112026,0.106497,1.748000,0.9981,0
975,32.523322,1,0.113342,-0.379602,1.858000,0.9999,0,-0.201068,-0.366847,1.825000,0.9998,0,0.170899,-0.136169,1.758000,0.8774,0,-0.381326,-0.329031,1.783000,0.7557,0,0.210887,0.067318,1.778000,0.9390,0,-0.441725,-0.458930,1.678000,0.9901,0,0.061914,0.095451,1.705000,0.9982,0,-0.112667,0.104211,1.758000,0.9981,0
976,32.556682,1,0.108157,-0.362236,1.773000,0.9999,0,-0.190491,-0.344702,1.729000,0.9998,0,0.174399,-0.141913,1.794000,0.8765,0,-0.389864,-0.333829,1.809000,0.7603,0,0.209108,0.066750,1.763000,0.9389,0,-0.470617,-0.494987,1.799000,0.9904,0,0.064379,0.094947,1.696000,0.9982,0,-0.111129,0.108501,1.734000,0.9980,0
977,32.590042,1,0.108462,-0.363258,1.778000,0.9999,0,-0.199934,-0.356464,1.788000,0.9998,0,0.176343,-0.143495,1.814000,0.8812,0,-0.391755,-0.332907,1.804000,0.7642,0,0.211480,0.067507,1.783000,0.9425,0,-0.469309,-0.493611,1.794000,0.9906,0,0.061442,0.094723,1.692000,0.9982,0,-0.111450,0.108814,1.739000,0.9980,0
978,32.623402,1,0.105238,-0.362236,1.773000,0.9999,0,-0.202283,-0.360651,1.809000,0.9998,0,0.169052,-0.140427,1.739000,0.8833,0,-0.386109,-0.328109,1.778000,0.7708,0,0.204452,0.063302,1.748000,0.9448,0,,,,0.9909,2,0.064568,0.095227,1.701000,0.9982,0,-0.107651,0.107875,1.724000,0.9980,0
979,32.656762,1,0.108462,-0.363258,1.778000,0.9999,0,-0.197698,-0.349564,1.768000,0.9997,0,0.170926,-0.139619,1.729000,0.8874,0,-0.393927,-0.334752,1.814000,0.7733,0,0.209832,0.067924,1.794000,0.9474,0,,,,0.9909,2,0.066616,0.094164,1.682000,0.9983,0,-0.107089,0.107312,1.715000,0.9980,0
980,32.690122,1,,,,0.9999,2,-0.206532,-0.365184,1.847000,0.9997,0,0.174781,-0.142769,1.768000,0.8914,0,-0.390130,-0.329031,1.783000,0.7772,0,0.211002,0.071274,1.804000,0.9504,0,-0.508549,-0.531680,1.944000,0.9911,0,0.066259,0.093660,1.673000,0.9983,0,-0.108899,0.106254,1.744000,0.9980,0
981,32.723482,1,0.107241,-0.359172,1.758000,0.9999,0,-0.207091,-0.366173,1.852000,0.9997,0,0.182591,-0.149148,1.847000,0.8931,0,-0.391224,-0.329954,1.788000,0.7795,0,0.202815,0.068509,1.734000,0.9520,0,-0.498608,-0.521287,1.906000,0.9912,0,0.067526,0.095451,1.705000,0.9983,0,-0.109774,0.107107,1.758000,0.9980,0
982,32.756843,1,0.109743,-0.367548,1.799000,0.9999,0,-0.194237,-0.351480,1.763000,0.9997,0,0.174781,-0.142769,1.768000,0.8957,0,-0.392841,-0.333829,1.809000,0.7843,0,0.206207,0.066750,1.763000,0.9540,0,-0.486051,-0.508159,1.858000,0.9914,0,0.067368,0.095227,1.701000,0.9983,0,-0.108587,0.103084,1.739000,0.9981,0
983,32.790203,1,0.108767,-0.364279,1.783000,0.9999,0,-0.204704,-0.370420,1.858000,0.9997,0,0.179329,-0.146483,1.814000,0.8974,0,-0.404568,-0.340725,1.863000,0.7840,0,0.209131,0.070642,1.788000,0.9555,0,-0.461199,-0.482177,1.763000,0.9915,0,0.066616,0.091393,1.682000,0.9983,0,-0.107963,0.102492,1.729000,0.9981,0
984,32.823563,1,0.107241,-0.359172,1.758000,0.9999,0,-0.196991,-0.356464,1.788000,0.9997,0,0.178340,-0.145676,1.804000,0.8983,0,-0.396760,-0.336702,1.841000,0.7858,0,0.205622,0.066561,1.758000,0.9561,0,-0.473233,-0.485817,1.809000,0.9916,0,0.067012,0.091936,1.692000,0.9984,0,-0.109774,0.104211,1.758000,0.9981,0
985,32.856924,1,0.108767,-0.364279,1.783000,0.9999,0,-0.195339,-0.353474,1.773000,0.9997,0,0.179329,-0.146483,1.814000,0.8991,0,-0.385338,-0.324063,1.788000,0.7842,0,0.209832,0.067924,1.794000,0.9565,0,-0.466431,-0.478835,1.783000,0.9916,0,0.067368,0.092425,1.701000,0.9984,0,-0.109149,0.103618,1.748000,0.9981,0
986,32.890284,1,0.108462,-0.363258,1.778000,0.9999,0,-0.198754,-0.359654,1.804000,0.9998,0,0.180911,-0.147775,1.830000,0.8930,0,-0.392661,-0.332763,1.836000,0.7876,0,0.206791,0.066939,1.768000,0.9512,0,-0.480296,-0.490044,1.836000,0.9917,0,0.068477,0.091098,1.729000,0.9984,0,-0.107963,0.099643,1.729000,0.9982,0
987,32.923644,1,0.109438,-0.369482,1.794000,0.9999,0,-0.190250,-0.349486,1.753000,0.9997,0,0.176759,-0.144384,1.788000,0.8950,0,-0.383678,-0.322195,1.794000,0.7855,0,0.204452,0.054663,1.748000,0.9528,0,,,,0.9915,2,0.064568,0.089623,1.701000,0.9984,0,-0.107401,0.096291,1.720000,0.9982,0
988,32.957005,1,0.110658,-0.373601,1.814000,0.9999,0,-0.190793,-0.350483,1.758000,0.9997,0,0.179329,-0.146483,1.814000,0.8931,0,-0.387304,-0.324756,1.825000,0.7829,0,0.206791,0.055289,1.768000,0.9522,0,-0.481604,-0.488345,1.841000,0.9914,0,0.064720,0.089834,1.705000,0.9984,0,-0.111129,0.097075,1.734000,0.9982,0
989,32.990365,1,0.109072,-0.368246,1.788000,0.9999,0,-0.194049,-0.356464,1.788000,0.9998,0,0.175279,-0.140831,1.744000,0.8969,0,-0.382848,-0.321019,1.804000,0.7889,0,0.205037,0.054820,1.753000,0.9541,0,-0.477419,-0.484101,1.825000,0.9917,0,0.067526,0.089834,1.705000,0.9984,0,-0.110398,0.098978,1.768000,0.9982,0
990,33.023725,1,0.108157,-0.365157,1.773000,0.9999,0,-0.199801,-0.367031,1.841000,0.9998,0,0.178696,-0.143576,1.778000,0.9001,0,-0.378391,-0.317282,1.783000,0.7874,0,0.205037,0.054820,1.753000,0.9567,0,-0.463815,-0.470308,1.773000,0.9917,0,0.062785,0.088250,1.729000,0.9984,0,-0.111450,0.097355,1.739000,0.9982,0
991,33.057086,1,0.106631,-0.360008,1.748000,0.9999,0,-0.195242,-0.358657,1.799000,0.9998,0,0.177846,-0.145272,1.799000,0.8970,0,-0.387304,-0.324756,1.825000,0.7858,0,0.207329,0.057543,1.748000,0.9541,0,-0.478727,-0.479398,1.830000,0.9916,0,0.061587,0.086565,1.696000,0.9984,0,-0.111770,0.097635,1.744000,0.9982,0
992,33.090446,1,0.108462,-0.366187,1.778000,0.9999,0,-0.190793,-0.350483,1.758000,0.9998,0,0.178696,-0.143576,1.778000,0.8934,0,-0.380725,-0.319240,1.794000,0.7874,0,0.209725,0.057411,1.744000,0.9519,0,-0.487359,-0.491112,1.863000,0.9918,0,0.065821,0.091362,1.734000,0.9984,0,-0.110398,0.104803,1.768000,0.9982,0
993,33.123807,1,0.109438,-0.369482,1.794000,0.9999,0,-0.194049,-0.356464,1.788000,0.9998,0,0.176264,-0.146917,1.783000,0.8981,0,-0.377048,-0.316628,1.763000,0.7902,0,0.206839,0.039620,1.720000,0.9552,0,-0.466431,-0.470023,1.783000,0.9920,0,0.058484,0.088885,1.687000,0.9984,0,-0.112988,0.104507,1.763000,0.9982,0
994,33.157167,1,0.106082,-0.358155,1.739000,0.9999,0,-0.198203,-0.358657,1.799000,0.9998,0,0.172409,-0.143704,1.744000,0.8964,0,-0.392661,-0.329738,1.836000,0.7856,0,0.206839,0.042454,1.720000,0.9544,0,-0.476111,-0.479777,1.820000,0.9918,0,0.059281,0.090097,1.710000,0.9984,0,-0.109911,0.101662,1.715000,0.9982,0
995,33.190528,1,0.106387,-0.359184,1.744000,0.9999,0,-0.201619,-0.364837,1.830000,0.9998,0,0.176264,-0.143980,1.783000,0.8953,0,-0.391377,-0.328660,1.830000,0.7864,0,0.210206,0.048904,1.748000,0.9542,0,-0.469309,-0.472923,1.794000,0.9919,0,0.059108,0.092642,1.705000,0.9984,0,-0.109911,0.101662,1.715000,0.9982,0
996,33.223888,1,0.110658,-0.373601,1.814000,0.9999,0,-0.198203,-0.358657,1.799000,0.9998,0,0.176264,-0.143980,1.783000,0.8985,0,-0.384748,-0.323093,1.799000,0.7870,0,0.207320,0.056753,1.724000,0.9562,0,-0.487359,-0.494181,1.863000,0.9920,0,0.060286,0.094490,1.739000,0.9984,0,-0.113949,0.105396,1.778000,0.9982,0
997,33.257249,1,0.111024,-0.374837,1.820000,0.9999,0,-0.194049,-0.356464,1.788000,0.9998,0,0.176759,-0.144384,1.788000,0.8960,0,-0.390308,-0.327763,1.825000,0.7870,0,0.213213,0.058366,1.773000,0.9555,0,-0.473233,-0.479857,1.809000,0.9920,0,0.060933,0.091175,1.678000,0.9984,0,-0.113949,0.105396,1.778000,0.9982,0
998,33.290610,1,0.109743,-0.367548,1.799000,0.9999,0,-0.199258,-0.369058,1.836000,0.9998,0,0.174287,-0.142365,1.763000,0.8994,0,-0.385817,-0.323991,1.804000,0.7919,0,0.205076,0.059766,1.729000,0.9576,0,-0.473233,-0.482837,1.809000,0.9920,0,0.061587,0.092153,1.696000,0.9984,0,-0.112667,0.101314,1.758000,0.9982,0
999,33.323970,1,0.106936,-0.358150,1.753000,0.9999,0,-0.194700,-0.360616,1.794000,0.9998,0,0.173299,-0.138670,1.753000,0.8929,0,-0.385817,-0.318047,1.804000,0.7914,0,0.207922,0.072147,1.753000,0.9535,0,-0.458583,-0.467890,1.753000,0.9923,0,0.058796,0.092153,1.696000,0.9985,0,-0.114312,0.100219,1.739000,0.9982,0
1000,33.357331,1,0.106631,-0.357129,1.748000,0.9999,0,-0.194700,-0.360616,1.794000,0.9998,0,0.170432,-0.133535,1.724000,0.8928,0,-0.375979,-0.309937,1.758000,0.7933,0,0.210887,0.073176,1.778000,0.9525,0,-0.452305,-0.461485,1.729000,0.9925,0,0.059454,0.093186,1.715000,0.9985,0,-0.117927,0.103389,1.794000,0.9983,0
1001,33.390692,1,0.108462,-0.363258,1.778000,0.9999,0,-0.188188,-0.348555,1.734000,0.9998,0,0.175276,-0.137331,1.773000,0.8906,0,-0.375979,-0.309937,1.758000,0.7910,0,0.207922,0.075035,1.753000,0.9497,0,-0.467739,-0.477232,1.788000,0.9926,0,0.065290,0.093457,1.720000,0.9985,0,-0.112347,0.106802,1.753000,0.9983,0
1002,33.424052,1,0.109743,-0.367548,1.799000,0.9999,0,-0.196328,-0.360651,1.809000,0.9998,0,0.177691,-0.136944,1.768000,0.8898,0,-0.389239,-0.323866,1.820000,0.7928,0,0.207922,0.075035,1.753000,0.9497,0,-0.454288,-0.457748,1.715000,0.9928,0,0.064379,0.092153,1.696000,0.9985,0,-0.113949,0.108325,1.778000,0.9983,0
1003,33.457413,1,0.110353,-0.369591,1.809000,0.9999,0,-0.197521,-0.362844,1.820000,0.9998,0,0.176686,-0.139065,1.758000,0.8875,0,-0.382848,-0.321019,1.804000,0.7860,0,0.210294,0.070050,1.773000,0.9483,0,-0.454288,-0.443621,1.715000,0.9925,0,0.067923,0.093186,1.715000,0.9984,0,-0.109149,0.106497,1.748000,0.9983,0
1004,33.490773,1,0.107546,-0.360193,1.763000,0.9999,0,-0.198064,-0.363841,1.825000,0.9997,0,0.172867,-0.136059,1.720000,0.8865,0,-0.379452,-0.318172,1.788000,0.7780,0,0.204008,0.067956,1.720000,0.9481,0,-0.460604,-0.441439,1.717500,0.9923,0,0.071323,0.093946,1.729000,0.9984,0,-0.105117,0.105340,1.729000,0.9982,0
1005,33.524134,1,0.110658,-0.370613,1.814000,0.9999,0,-0.192421,-0.353474,1.773000,0.9997,0,0.179701,-0.138493,1.788000,0.8850,0,-0.380725,-0.319240,1.794000,0.7753,0,0.210294,0.072970,1.773000,0.9468,0,-0.469232,-0.446965,1.739000,0.9919,0,0.070333,0.092642,1.705000,0.9984,0,-0.108096,0.105396,1.778000,0.9982,0
1006,33.557494,1,0.112704,-0.367548,1.799000,0.9999,0,-0.191106,-0.356464,1.788000,0.9997,0,0.182315,-0.143495,1.814000,0.8874,0,-0.370963,-0.311054,1.748000,0.7699,0,0.202815,0.057082,1.734000,0.9489,0,-0.462756,-0.440796,1.715000,0.9918,0,0.071117,0.093675,1.724000,0.9984,0,-0.106576,0.103914,1.753000,0.9982,0
1007,33.590854,1,0.110135,-0.359172,1.758000,0.9999,0,-0.190571,-0.355467,1.783000,0.9997,0,0.182918,-0.143970,1.820000,0.8877,0,-0.384970,-0.322799,1.814000,0.7629,0,0.206791,0.058202,1.768000,0.9499,0,-0.450648,-0.426660,1.660000,0.9916,0,0.063148,0.094490,1.739000,0.9984,0,-0.108899,0.100508,1.744000,0.9982,0
1008,33.624214,1,0.112014,-0.365301,1.788000,0.9999,0,-0.201917,-0.370918,1.860500,0.9997,0,0.177846,-0.142308,1.799000,0.8886,0,-0.375208,-0.320438,1.768000,0.7548,0,0.206839,0.050954,1.720000,0.9503,0,,,,0.9909,2,0.062604,0.093675,1.724000,0.9984,0,-0.110232,0.099124,1.720000,0.9982,0
1009,33.657574,1,0.110762,-0.361215,1.768000,0.9999,0,-0.194526,-0.365842,1.820000,0.9997,0,0.179329,-0.143495,1.814000,0.8869,0,,,,0.7513,2,0.207921,0.051221,1.729000,0.9478,0,-0.449830,-0.417892,1.647000,0.9909,0,0.060598,0.094979,1.748000,0.9984,0,-0.113629,0.099258,1.773000,0.9982,0
1010,33.690935,1,0.111701,-0.364279,1.783000,0.9999,0,-0.191106,-0.359410,1.788000,0.9997,0,0.179329,-0.143495,1.814000,0.8869,0,-0.386886,-0.333829,1.809000,0.7471,0,0.212596,0.051665,1.744000,0.9470,0,-0.456113,-0.421190,1.660000,0.9904,0,0.059281,0.092914,1.710000,0.9984,0,-0.118256,0.100714,1.799000,0.9982,0
1011,33.724295,1,0.110448,-0.360193,1.763000,0.9999,0,-0.187899,-0.353379,1.758000,0.9997,0,0.179329,-0.143495,1.814000,0.8863,0,-0.380256,-0.331038,1.778000,0.7477,0,0.209670,0.050954,1.720000,0.9467,0,-0.453640,-0.413467,1.651000,0.9906,0,0.059454,0.093186,1.715000,0.9984,0,-0.110809,0.096795,1.729000,0.9982,0
1012,33.757655,1,0.112704,-0.367548,1.799000,0.9999,0,-0.192816,-0.362626,1.804000,0.9997,0,0.176264,-0.141043,1.783000,0.8881,0,-0.377048,-0.328245,1.763000,0.7469,0,0.214912,0.052228,1.763000,0.9479,0,-0.452541,-0.412465,1.647000,0.9906,0,0.057424,0.091625,1.739000,0.9985,0,-0.112734,0.093186,1.715000,0.9983,0
1013,33.791015,1,0.108945,-0.355290,1.739000,0.9999,0,-0.195242,-0.361621,1.799000,0.9997,0,0.180911,-0.144761,1.830000,0.8893,0,-0.386631,-0.334017,1.794000,0.7426,0,0.215466,0.051665,1.744000,0.9476,0,-0.443199,-0.406608,1.613000,0.9899,0,0.059766,0.090835,1.724000,0.9984,0,-0.111450,0.100219,1.739000,0.9982,0
1014,33.824376,1,0.111889,-0.364892,1.786000,0.9999,0,-0.194700,-0.360616,1.794000,0.9997,0,0.177189,-0.139461,1.763000,0.8875,0,-0.371915,-0.323777,1.739000,0.7468,0,0.214848,0.051517,1.739000,0.9455,0,-0.455563,-0.417952,1.658000,0.9900,0,0.062604,0.090835,1.724000,0.9984,0,-0.108117,0.094444,1.687000,0.9982,0
1015,33.857736,1,0.110448,-0.360193,1.763000,0.9999,0,-0.194049,-0.359410,1.788000,0.9997,0,0.185028,-0.145631,1.841000,0.8848,0,-0.387956,-0.337741,1.814000,0.7460,0,0.212953,0.050391,1.701000,0.9432,0,-0.458586,-0.417975,1.669000,0.9901,0,0.060113,0.091362,1.734000,0.9984,0,-0.112988,0.098698,1.763000,0.9982,0
1016,33.891097,1,0.112390,-0.366527,1.794000,0.9999,0,-0.192963,-0.357400,1.778000,0.9997,0,0.181812,-0.143099,1.809000,0.8874,0,-0.378872,-0.327314,1.758000,0.7396,0,0.214080,0.053475,1.710000,0.9452,0,-0.458586,-0.420724,1.669000,0.9900,0,0.059628,0.093457,1.720000,0.9984,0,-0.110488,0.102195,1.724000,0.9982,0
1017,33.924457,1,0.109509,-0.354249,1.748000,0.9999,0,-0.195339,-0.356395,1.773000,0.9997,0,0.178194,-0.140252,1.773000,0.8888,0,-0.374778,-0.323777,1.739000,0.7438,0,0.219667,0.049743,1.778000,0.9473,0,-0.454146,-0.416877,1.643000,0.9903,0,0.058796,0.092153,1.696000,0.9984,0,-0.114974,0.106345,1.794000,0.9982,0
1018,33.957817,1,0.113643,-0.367624,1.814000,0.9999,0,-0.199305,-0.363631,1.809000,0.9997,0,0.178340,-0.142704,1.804000,0.8861,0,-0.389584,-0.334017,1.794000,0.7447,0,0.217196,0.052080,1.758000,0.9470,0,-0.455043,-0.415228,1.636500,0.9903,0,0.068675,0.097075,1.734000,0.9983,0,-0.111335,0.114505,1.783000,0.9982,0
1019,33.991178,1,0.113643,-0.367624,1.814000,0.9999,0,-0.199305,-0.360651,1.809000,0.9997,0,0.179199,-0.141043,1.783000,0.8903,0,-0.396316,-0.342795,1.825000,0.7513,0,0.213613,0.054069,1.729000,0.9500,0,-0.447396,-0.405600,1.609000,0.9906,0,0.068675,0.097075,1.734000,0.9983,0,-0.110398,0.113541,1.768000,0.9982,0
1020,34.024539,1,0.111701,-0.361342,1.783000,0.9999,0,-0.195890,-0.354471,1.778000,0.9997,0,0.178696,-0.140647,1.778000,0.8912,0,-0.387195,-0.334906,1.783000,0.7506,0,0.217814,0.052228,1.763000,0.9517,0,-0.472977,-0.425989,1.701000,0.9905,0,0.065100,0.096011,1.715000,0.9983,0,-0.115936,0.113194,1.809000,0.9981,0
1021,34.057899,1,0.113330,-0.366611,1.809000,0.9999,0,-0.205302,-0.366034,1.836000,0.9997,0,0.182315,-0.143495,1.814000,0.8895,0,-0.375468,-0.321915,1.729000,0.7516,0,0.214848,0.051517,1.739000,0.9515,0,-0.460465,-0.417447,1.656000,0.9907,0,0.064720,0.095451,1.705000,0.9983,0,-0.107401,0.107625,1.720000,0.9981,0
1022,34.091260,1,0.113643,-0.367624,1.814000,0.9999,0,-0.204631,-0.364837,1.830000,0.9997,0,0.181812,-0.143099,1.809000,0.8915,0,-0.387942,-0.330107,1.773000,0.7534,0,0.217196,0.052080,1.758000,0.9533,0,-0.462828,-0.419590,1.664500,0.9905,0,0.064037,0.097223,1.687000,0.9983,0,-0.108587,0.108814,1.739000,0.9981,0
1023,34.124620,1,0.110448,-0.357289,1.763000,0.9999,0,-0.201723,-0.356682,1.804000,0.9997,0,0.175770,-0.140647,1.778000,0.8878,0,-0.380502,-0.323777,1.739000,0.7565,0,0.214848,0.051517,1.739000,0.9517,0,-0.461577,-0.415721,1.660000,0.9904,0,0.064910,0.098548,1.710000,0.9983,0,-0.110086,0.110316,1.763000,0.9981,0
1024,34.157981,1,0.112704,-0.364585,1.799000,0.9999,0,-0.205260,-0.357671,1.809000,0.9997,0,0.178340,-0.145676,1.804000,0.8922,0,-0.377330,-0.321077,1.724500,0.7622,0,0.209061,0.036680,1.715000,0.9548,0,,,,0.9907,2,0.060598,0.100738,1.748000,0.9982,0,-0.115889,0.110316,1.763000,0.9980,0
1025,34.191342,1,0.111701,-0.361342,1.783000,0.9999,0,-0.202842,-0.358659,1.814000,0.9997,0,0.178340,-0.145676,1.804000,0.8923,0,-0.385754,-0.328245,1.763000,0.7601,0,0.214848,0.040058,1.739000,0.9549,0,-0.459075,-0.410747,1.651000,0.9906,0,0.062277,0.098836,1.715000,0.9982,0,-0.118585,0.112881,1.804000,0.9980,0
1026,34.224702,1,0.109438,-0.363571,1.794000,0.9999,0,-0.198257,-0.350553,1.773000,0.9997,0,0.183085,-0.149552,1.852000,0.8943,0,-0.379408,-0.319989,1.734000,0.7580,0,0.211377,0.039943,1.734000,0.9566,0,-0.461021,-0.412489,1.658000,0.9907,0,0.056466,0.098548,1.710000,0.9982,0,-0.120139,0.108630,1.783000,0.9980,0
1027,34.258063,1,0.110353,-0.366611,1.809000,0.9999,0,-0.203513,-0.359846,1.820000,0.9997,0,0.178835,-0.146080,1.809000,0.8927,0,-0.380502,-0.320912,1.739000,0.7588,0,0.207842,0.042083,1.705000,0.9558,0,-0.472977,-0.423187,1.701000,0.9908,0,0.059454,0.093186,1.715000,0.9982,0,-0.115889,0.104507,1.763000,0.9980,0
1028,34.291424,1,0.110762,-0.358302,1.768000,0.9999,0,-0.203513,-0.359846,1.820000,0.9997,0,0.172409,-0.137958,1.744000,0.8920,0,-0.385023,-0.324265,1.773000,0.7533,0,0.209124,0.048652,1.739000,0.9557,0,-0.485933,-0.437367,1.758000,0.9907,0,0.058657,0.091936,1.692000,0.9982,0,-0.113326,0.102195,1.724000,0.9980,0
1029,34.324784,1,0.111388,-0.360329,1.778000,0.9999,0,-0.198754,-0.356682,1.804000,0.9997,0,0.175770,-0.143576,1.778000,0.8907,0,-0.380256,-0.319322,1.778000,0.7504,0,0.207320,0.048233,1.724000,0.9554,0,-0.466004,-0.421943,1.696000,0.9908,0,0.061769,0.095227,1.701000,0.9982,0,-0.114269,0.105693,1.783000,0.9980,0
1030,34.358145,1,0.110448,-0.357289,1.763000,0.9999,0,-0.194049,-0.353519,1.788000,0.9997,0,0.180416,-0.144365,1.825000,0.8889,0,-0.382395,-0.321117,1.788000,0.7526,0,0.209725,0.054538,1.744000,0.9548,0,-0.456931,-0.418977,1.673000,0.9907,0,0.062459,0.093457,1.720000,0.9982,0,-0.114269,0.105693,1.783000,0.9979,0
1031,34.391506,1,0.111075,-0.359315,1.773000,0.9999,0,-0.193506,-0.352530,1.783000,0.9997,0,0.180304,-0.141913,1.794000,0.8860,0,,,,0.7498,2,0.204554,0.055996,1.701000,0.9525,0,-0.456621,-0.418460,1.682000,0.9906,0,0.063657,0.095250,1.753000,0.9982,0,-0.111450,0.103084,1.739000,0.9980,0
1032,34.424867,1,0.111075,-0.359315,1.773000,0.9999,0,-0.192421,-0.350553,1.773000,0.9997,0,0.181812,-0.143099,1.809000,0.8877,0,-0.387670,-0.321537,1.841000,0.7553,0,0.214302,0.049184,1.758000,0.9534,0,-0.447597,-0.415225,1.669000,0.9909,0,0.064568,0.092425,1.701000,0.9982,0,-0.112026,0.103618,1.748000,0.9980,0
1033,34.458228,1,0.113017,-0.365598,1.804000,0.9999,0,-0.193506,-0.355467,1.783000,0.9997,0,0.184526,-0.148260,1.836000,0.8917,0,-0.376509,-0.312281,1.788000,0.7540,0,0.211409,0.049184,1.758000,0.9558,0,-0.457111,-0.432320,1.715000,0.9910,0,0.062604,0.093675,1.724000,0.9983,0,-0.112026,0.100738,1.748000,0.9980,0
1034,34.491586,1,0.116400,-0.376541,1.858000,0.9999,0,-0.196870,-0.361648,1.814000,0.9997,0,0.179701,-0.141438,1.788000,0.8943,0,-0.380931,-0.318929,1.809000,0.7610,0,0.216459,0.059766,1.729000,0.9564,0,-0.452650,-0.439120,1.719500,0.9914,0,0.064720,0.092642,1.705000,0.9983,0,-0.114269,0.105693,1.783000,0.9980,0
1035,34.524944,1,0.111701,-0.361342,1.783000,0.9999,0,-0.191878,-0.352477,1.768000,0.9998,0,0.176184,-0.141557,1.753000,0.8981,0,-0.379878,-0.318047,1.804000,0.7661,0,0.214231,0.048512,1.734000,0.9588,0,-0.469309,-0.475878,1.794000,0.9917,0,0.060752,0.088148,1.673000,0.9983,0,-0.114312,0.097355,1.739000,0.9981,0
1036,34.558302,1,0.113017,-0.365598,1.804000,0.9999,0,-0.196870,-0.364636,1.814000,0.9998,0,0.179701,-0.144384,1.788000,0.9021,0,-0.367298,-0.307041,1.758000,0.7698,0,0.213613,0.045524,1.729000,0.9603,0,-0.442997,-0.460573,1.715000,0.9917,0,0.060933,0.085647,1.678000,0.9983,0,-0.112988,0.098698,1.763000,0.9980,0
1037,34.591661,1,0.110762,-0.358302,1.768000,0.9999,0,-0.195242,-0.361621,1.799000,0.9998,0,0.181310,-0.145676,1.804000,0.9029,0,-0.374820,-0.313329,1.794000,0.7753,0,0.215466,0.045919,1.744000,0.9611,0,-0.449928,-0.470778,1.753000,0.9920,0,0.058657,0.086361,1.692000,0.9983,0,-0.113629,0.096337,1.773000,0.9981,0
1038,34.625019,1,0.111701,-0.361342,1.783000,0.9999,0,-0.190793,-0.353379,1.758000,0.9998,0,0.178696,-0.143576,1.778000,0.9031,0,-0.376909,-0.315075,1.804000,0.7799,0,0.214231,0.045656,1.734000,0.9608,0,-0.438627,-0.467583,1.720000,0.9922,0,0.060607,0.085187,1.669000,0.9983,0,-0.112347,0.098138,1.753000,0.9981,0
1039,34.658377,1,,,,0.9999,2,-0.193885,-0.364636,1.814000,0.9998,0,0.179199,-0.143980,1.783000,0.9042,0,-0.366478,-0.308788,1.768000,0.7840,0,0.213693,0.057708,1.753000,0.9614,0,-0.439343,-0.471389,1.734000,0.9924,0,0.061079,0.085851,1.682000,0.9983,0,-0.115936,0.098293,1.809000,0.9981,0
1040,34.691736,1,0.112390,-0.366527,1.794000,0.9999,0,-0.189502,-0.356395,1.773000,0.9998,0,0.181812,-0.149060,1.809000,0.9064,0,-0.363368,-0.306168,1.753000,0.7919,0,0.211377,0.039943,1.734000,0.9619,0,-0.441877,-0.471234,1.744000,0.9924,0,0.061769,0.086821,1.701000,0.9984,0,-0.111770,0.094761,1.744000,0.9981,0
1041,34.725094,1,0.112014,-0.365301,1.788000,0.9999,0,-0.194526,-0.365842,1.820000,0.9998,0,0.173299,-0.144445,1.753000,0.9066,0,-0.365624,-0.307605,1.778000,0.7952,0,0.214302,0.043392,1.758000,0.9607,0,-0.454110,-0.481503,1.804000,0.9923,0,0.061079,0.083080,1.682000,0.9984,0,-0.111450,0.094490,1.739000,0.9982,0
1042,34.758452,1,0.110762,-0.361215,1.768000,0.9999,0,-0.200297,-0.376697,1.874000,0.9998,0,0.179922,-0.146968,1.820000,0.9084,0,-0.363568,-0.305875,1.768000,0.7994,0,0.217959,0.038241,1.788000,0.9621,0,-0.433635,-0.462819,1.734000,0.9923,0,0.059108,0.084216,1.705000,0.9984,0,-0.113983,0.091362,1.734000,0.9982,0
1043,34.791811,1,0.112390,-0.366527,1.794000,0.9999,0,-0.196236,-0.369058,1.836000,0.9998,0,0.177846,-0.148236,1.799000,0.9112,0,-0.369942,-0.311238,1.799000,0.7999,0,0.217350,0.041071,1.783000,0.9634,0,-0.439228,-0.468981,1.768000,0.9922,0,0.058657,0.083574,1.692000,0.9984,0,-0.115889,0.092889,1.763000,0.9982,0
1044,34.825169,1,0.111075,-0.362236,1.773000,0.9999,0,-0.195595,-0.367852,1.830000,0.9998,0,0.178340,-0.145676,1.804000,0.9103,0,-0.368914,-0.310373,1.794000,0.8023,0,0.210767,0.042676,1.729000,0.9629,0,-0.423576,-0.446652,1.705000,0.9923,0,0.055707,0.083327,1.687000,0.9984,0,-0.115889,0.089985,1.763000,0.9982,0
1045,34.858527,1,0.113017,-0.368570,1.804000,0.9999,0,-0.188163,-0.359410,1.788000,0.9998,0,0.178340,-0.145676,1.804000,0.9111,0,-0.365624,-0.307605,1.778000,0.8009,0,0.215521,0.043638,1.768000,0.9629,0,-0.427303,-0.447748,1.720000,0.9918,0,0.057860,0.082438,1.669000,0.9984,0,-0.112405,0.090097,1.710000,0.9982,0
1046,34.891885,1,0.111701,-0.364279,1.783000,0.9999,0,-0.184479,-0.352374,1.753000,0.9998,0,0.177352,-0.144868,1.794000,0.9064,0,-0.365624,-0.307605,1.778000,0.8006,0,0.214912,0.052228,1.763000,0.9597,0,-0.461586,-0.483672,1.858000,0.9920,0,0.056004,0.083771,1.696000,0.9984,0,-0.116547,0.090496,1.773000,0.9982,0
1047,34.925244,1,0.110762,-0.361215,1.768000,0.9999,0,-0.190899,-0.364636,1.814000,0.9998,0,0.180416,-0.147372,1.825000,0.9061,0,-0.359638,-0.305010,1.763000,0.8007,0,0.215521,0.052376,1.768000,0.9593,0,-0.437985,-0.456038,1.763000,0.9920,0,0.058484,0.083327,1.687000,0.9984,0,-0.113629,0.093416,1.773000,0.9982,0
1048,34.958602,1,0.115022,-0.375108,1.836000,0.9999,0,-0.193214,-0.369058,1.836000,0.9998,0,0.175770,-0.143576,1.778000,0.9062,0,-0.359638,-0.305010,1.763000,0.8002,0,0.210767,0.051221,1.729000,0.9592,0,-0.436743,-0.454744,1.758000,0.9919,0,0.058969,0.081216,1.701000,0.9984,0,-0.111450,0.091625,1.739000,0.9982,0
1049,34.991960,1,0.111075,-0.362236,1.773000,0.9999,0,-0.190373,-0.363631,1.809000,0.9998,0,0.177352,-0.144868,1.794000,0.9046,0,-0.368001,-0.312103,1.804000,0.7991,0,0.210158,0.051073,1.724000,0.9583,0,-0.434259,-0.452158,1.748000,0.9917,0,0.064227,0.080786,1.692000,0.9985,0,-0.109461,0.092363,1.753000,0.9983,0
